,User_id,text,sec_user,movies_name,relationship,attachment
50865, u1485 ," In the backyard.,,,,,,,,,,,,,,,,,,,,,,,,,,,,,,,", u1510 ,m101,,
50866, u1510 ," Where?,,,,,,,,,,,,,,,,,,,,,,,,,,,,,,,", u1485 ,m101,,
50867, u1485 ," I heard them.,,,,,,,,,,,,,,,,,,,,,,,,,,,,,,,", u1510 ,m101,,
50868, u1510 ," Did you see somebody or did you hear them?,,,,,,,,,,,,,,,,,,,,,,,,,,,,,,,", u1485 ,m101,,
50869, u1485 ," What's that outside, Daddy?"",,,,,,,,,,,,,,,,,,,,,,,,,,,,,,,", u1510 ,m101,,
50870, u1510 ," Hey, baby. What's wrong?"",,,,,,,,,,,,,,,,,,,,,,,,,,,,,,,", u1485 ,m101,,
50871, u1485 ," Can I go over to Janeane's house?,,,,,,,,,,,,,,,,,,,,,,,,,,,,,,,", u1510 ,m101,,
50872, u1510 ," Instant rice...?,,,,,,,,,,,,,,,,,,,,,,,,,,,,,,,", u1485 ,m101,,
50873, u1485 ," I'll take some.,,,,,,,,,,,,,,,,,,,,,,,,,,,,,,,", u1510 ,m101,,
50874, u1510 ," Pooh's dusty, sweetheart... he's dusty, and you breathed him in, okay? So what's -- what's happening to you now is... cells called mast cells told your lungs """"don't breathe any more of that dust in.""""  ...and the airways in your lungs are like branches. And when the branches close up, you get an asthmatic attack. And, we give you medicine, and you get better. Huh? Okay? You're better already, aren't you?"",,,,,,,,,,,,,,,,,,,,,,,,,,,,,,,", u1485 ,m101,,
50875, u1485 ," She was playing with the Pooh doll.,,,,,,,,,,,,,,,,,,,,,,,,,,,,,,,", u1510 ,m101,,
50876, u1510 ," Here we go. Deep breaths, deep breaths."",,,,,,,,,,,,,,,,,,,,,,,,,,,,,,,", u1485 ,m101,,
50877, u1485 ," She was playing with my Pooh doll again...,,,,,,,,,,,,,,,,,,,,,,,,,,,,,,,", u1510 ,m101,,
50878, u1510 ," Sweetheart, c'mon. C'mon."",,,,,,,,,,,,,,,,,,,,,,,,,,,,,,,", u1485 ,m101,,
50879, u1485 ," Okay.,,,,,,,,,,,,,,,,,,,,,,,,,,,,,,,", u1510 ,m101,,
50880, u1510 ," That's great... Little early for cartoons, isn't it?"",,,,,,,,,,,,,,,,,,,,,,,,,,,,,,,", u1485 ,m101,,
50881, u1485 ," For reading.,,,,,,,,,,,,,,,,,,,,,,,,,,,,,,,", u1510 ,m101,,
50882, u1510 ," Yeah? What for?,,,,,,,,,,,,,,,,,,,,,,,,,,,,,,,", u1485 ,m101,,
50883, u1485 ," Ms. Laufer gave me a star today.,,,,,,,,,,,,,,,,,,,,,,,,,,,,,,,", u1510 ,m101,,
50884, u1510 ," What's new?,,,,,,,,,,,,,,,,,,,,,,,,,,,,,,,", u1485 ,m101,,
50885, u1485 ," Hi, Daddy."",,,,,,,,,,,,,,,,,,,,,,,,,,,,,,,", u1510 ,m101,,
50886, u1510 ," Hi, honey."",,,,,,,,,,,,,,,,,,,,,,,,,,,,,,,", u1485 ,m101,,
50887, u1485 ," There's Dad, on TV."",,,,,,,,,,,,,,,,,,,,,,,,,,,,,,,", u1497 ,m101,,
50888, u1497 ," Yes, baby?"",,,,,,,,,,,,,,,,,,,,,,,,,,,,,,,", u1485 ,m101,,
50889, u1485 ," Mom.,,,,,,,,,,,,,,,,,,,,,,,,,,,,,,,", u1497 ,m101,,
50890, u1497 ," Alright, we'll do that tomorrow."",,,,,,,,,,,,,,,,,,,,,,,,,,,,,,,", u1485 ,m101,,
50891, u1485 ," Yeah.,,,,,,,,,,,,,,,,,,,,,,,,,,,,,,,", u1497 ,m101,,
50892, u1497 ," That remote control thing?,,,,,,,,,,,,,,,,,,,,,,,,,,,,,,,", u1485 ,m101,,
50893, u1485 ," He's into kind of little cars, that..."",,,,,,,,,,,,,,,,,,,,,,,,,,,,,,,", u1499 ,m101,,
50894, u1499 ," You got a deal. ,,,,,,,,,,,,,,,,,,,,,,,,,,,,,,,", u1486 ,m101,,
50895, u1486 ," Three hours.,,,,,,,,,,,,,,,,,,,,,,,,,,,,,,,", u1499 ,m101,,
50896, u1499 ," How long?,,,,,,,,,,,,,,,,,,,,,,,,,,,,,,,", u1486 ,m101,,
50897, u1486 ," We'll give you a heads up before we launch.,,,,,,,,,,,,,,,,,,,,,,,,,,,,,,,", u1486 ,m101,,
50898, u1486 ," Lowell?,,,,,,,,,,,,,,,,,,,,,,,,,,,,,,,", u1499 ,m101,,
50899, u1499 ," Just ran into two of your """"geologists."""" Geologists whose hands aren't all chewed up...?"",,,,,,,,,,,,,,,,,,,,,,,,,,,,,,,", u1499 ,m101,,
50900, u1499 ," You better take a good look! Because I'm getting two things: pissed off and curious! Now, any of these guys been offered jobs in corporate security after they retire? Either one of those guys have ex-agent pals already in those jobs? Like, for instance, their ex-supervisor, who's already at Brown & Williamson as we fucking speak?"",,,,,,,,,,,,,,,,,,,,,,,,,,,,,,,", u1486 ,m101,,
50901, u1486 ," Let me tell you something, Lowell. Look, look, look. You're talking about two agents in a regional office in Louisville. I got the goddamn Unabomber threatening to blow up LAX! I gotta move 45 agents from all over the country into L.A.  Alright? When I get a chance, I'll give it a look..."",,,,,,,,,,,,,,,,,,,,,,,,,,,,,,,", u1499 ,m101,,
50902, u1499 ," Have them make their own calls. They'll find that these sources have a different story than the one that's in the dossier...  Push the deadline, Charlie..."",,,,,,,,,,,,,,,,,,,,,,,,,,,,,,,", u1487 ,m101,,
50903, u1487 ," Suein Hwang and Milo Geyelin.,,,,,,,,,,,,,,,,,,,,,,,,,,,,,,,", u1499 ,m101,,
50904, u1499 ," These are their leads, their sources. I want you to have your reporters..."",,,,,,,,,,,,,,,,,,,,,,,,,,,,,,,", u1499 ,m101,,
50905, u1499 ," Yeah. Catch you later.,,,,,,,,,,,,,,,,,,,,,,,,,,,,,,,", u1487 ,m101,,
50906, u1487 ," Are you all right?,,,,,,,,,,,,,,,,,,,,,,,,,,,,,,,", u1487 ,m101,,
50907, u1487 ," I'll take a look at what you got. But I'm not moving any deadlines 'cause you say so.,,,,,,,,,,,,,,,,,,,,,,,,,,,,,,,", u1499 ,m101,,
50908, u1499 ," And it's bullshit. And if I'm right, are you going to put the Journal's reputation behind a story that's going to blow up in your face?"",,,,,,,,,,,,,,,,,,,,,,,,,,,,,,,", u1487 ,m101,,
50909, u1487 ," Well, it's authoritative and is overwhelmingly documented."",,,,,,,,,,,,,,,,,,,,,,,,,,,,,,,", u1499 ,m101,,
50910, u1499 ," Oh, it's real selective... about as hard to get a hold of as the Manhattan phone book."",,,,,,,,,,,,,,,,,,,,,,,,,,,,,,,", u1487 ,m101,,
50911, u1487 ," It's drawn from a selectively circulated...,,,,,,,,,,,,,,,,,,,,,,,,,,,,,,,", u1499 ,m101,,
50912, u1499 ," It's a smear campaign, Charlie."",,,,,,,,,,,,,,,,,,,,,,,,,,,,,,,", u1487 ,m101,,
50913, u1487 ," What? Forget it.,,,,,,,,,,,,,,,,,,,,,,,,,,,,,,,", u1499 ,m101,,
50914, u1499 ," Push it.,,,,,,,,,,,,,,,,,,,,,,,,,,,,,,,", u1487 ,m101,,
50915, u1487 ," Monday.,,,,,,,,,,,,,,,,,,,,,,,,,,,,,,,", u1499 ,m101,,
50916, u1499 ," When's your deadline?,,,,,,,,,,,,,,,,,,,,,,,,,,,,,,,", u1487 ,m101,,
50917, u1487 ," I'll be there.,,,,,,,,,,,,,,,,,,,,,,,,,,,,,,,", u1499 ,m101,,
50918, u1499 ," P.J.'s.,,,,,,,,,,,,,,,,,,,,,,,,,,,,,,,", u1487 ,m101,,
50919, u1487 ," Sure. Where?,,,,,,,,,,,,,,,,,,,,,,,,,,,,,,,", u1499 ,m101,,
50920, u1499 ," We gotta hook up.,,,,,,,,,,,,,,,,,,,,,,,,,,,,,,,", u1487 ,m101,,
50921, u1487 ," You bet we are. And I can't talk to you now.,,,,,,,,,,,,,,,,,,,,,,,,,,,,,,,", u1499 ,m101,,
50922, u1499 ," Well, are you or are you not, Charlie?"",,,,,,,,,,,,,,,,,,,,,,,,,,,,,,,", u1488 ,m101,,
50923, u1488 ," The sub-heading is, """"Brown & Williamson Has a 500-Page Dossier Attacking Chief Critic."""" It quotes Richard Scruggs calling it """"the worst kind of an organized smear campaign against a whistle-blower."""""",,,,,,,,,,,,,,,,,,,,,,,,,,,,,,,", u1499 ,m101,,
50924, u1499 ," Good.,,,,,,,,,,,,,,,,,,,,,,,,,,,,,,,", u1488 ,m101,,
50925, u1488 ," Yeah. Yeah, sure. I'll see if I can find him. Hold on...  Yeah, Don's looking for you..."",,,,,,,,,,,,,,,,,,,,,,,,,,,,,,,", u1488 ,m101,,
50926, u1488 ," Okay. Hold on a second... What is it?,,,,,,,,,,,,,,,,,,,,,,,,,,,,,,,", u1499 ,m101,,
50927, u1499 ," I can't get out of here til mid- morning. I'll be in tomorrow night...  Listen, could you call a number for me, it's in Mississippi..."",,,,,,,,,,,,,,,,,,,,,,,,,,,,,,,", u1499 ,m101,,
50928, u1499 ," ...fuck is this? Fuck!,,,,,,,,,,,,,,,,,,,,,,,,,,,,,,,", u1488 ,m101,,
50929, u1488 ," Sure.,,,,,,,,,,,,,,,,,,,,,,,,,,,,,,,", u1499 ,m101,,
50930, u1499 ," Get me Wigand.,,,,,,,,,,,,,,,,,,,,,,,,,,,,,,,", u1488 ,m101,,
50931, u1488 ," What was that about?,,,,,,,,,,,,,,,,,,,,,,,,,,,,,,,", u1499 ,m101,,
50932, u1499 ," Tell her I'll call her back in ten.,,,,,,,,,,,,,,,,,,,,,,,,,,,,,,,", u1488 ,m101,,
50933, u1488 ," Excuse me, Lowell. Sharon's on line 3."",,,,,,,,,,,,,,,,,,,,,,,,,,,,,,,", u1499 ,m101,,
50934, u1499 ," When's the air date?,,,,,,,,,,,,,,,,,,,,,,,,,,,,,,,", u1499 ,m101,,
50935, u1499 ," Get me to New Orleans this afternoon. I'll shoot the fucking thing myself!,,,,,,,,,,,,,,,,,,,,,,,,,,,,,,,", u1488 ,m101,,
50936, u1488 ," Alright, alright."",,,,,,,,,,,,,,,,,,,,,,,,,,,,,,,", u1499 ,m101,,
50937, u1499 ," Oh, for God's sake, what has this guy got, a horse fetish?"",,,,,,,,,,,,,,,,,,,,,,,,,,,,,,,", u1488 ,m101,,
50938, u1488 ," I don't know what he was thinking.,,,,,,,,,,,,,,,,,,,,,,,,,,,,,,,", u1499 ,m101,,
50939, u1499 ," Oh, we need cops on the street. We don't need them on horses."",,,,,,,,,,,,,,,,,,,,,,,,,,,,,,,", u1499 ,m101,,
50940, u1499 ," Shit...,,,,,,,,,,,,,,,,,,,,,,,,,,,,,,,", u1499 ,m101,,
50941, u1499 ," Because he has to reveal it in a court of law. It's on record, it's out. It's no secret anymore. So how can they restrain his speech or retaliate? It's out in the world..."",,,,,,,,,,,,,,,,,,,,,,,,,,,,,,,", u1488 ,m101,,
50942, u1488 ," What I mean is, like, how does it cut through the confidentiality agreement?"",,,,,,,,,,,,,,,,,,,,,,,,,,,,,,,", u1499 ,m101,,
50943, u1499 ," What do you mean, what's it do?"",,,,,,,,,,,,,,,,,,,,,,,,,,,,,,,", u1488 ,m101,,
50944, u1488 ," What does that do?,,,,,,,,,,,,,,,,,,,,,,,,,,,,,,,", u1488 ,m101,,
50945, u1488 ," Okay.,,,,,,,,,,,,,,,,,,,,,,,,,,,,,,,", u1499 ,m101,,
50946, u1499 ," I want you to get legal onto CORPORATE CONFIDENTIALITY AGREEMENTS. Boundaries of their constraint. Kentucky state law about. I want you to drop everything.,,,,,,,,,,,,,,,,,,,,,,,,,,,,,,,", u1489 ,m101,,
50947, u1489 ," Oh, I love that stuff."",,,,,,,,,,,,,,,,,,,,,,,,,,,,,,,", u1497 ,m101,,
50948, u1497 ," I'm cooking pasta primavera.,,,,,,,,,,,,,,,,,,,,,,,,,,,,,,,", u1489 ,m101,,
50949, u1489 ," What are you cooking?,,,,,,,,,,,,,,,,,,,,,,,,,,,,,,,", u1497 ,m101,,
50950, u1497 ," How about you?,,,,,,,,,,,,,,,,,,,,,,,,,,,,,,,", u1489 ,m101,,
50951, u1489 ," Maybe later.,,,,,,,,,,,,,,,,,,,,,,,,,,,,,,,", u1497 ,m101,,
50952, u1497 ," Do you want more rice?,,,,,,,,,,,,,,,,,,,,,,,,,,,,,,,", u1497 ,m101,,
50953, u1497 ," ...if you are, then I'll take Barbara to soccer and take you to dance after..."",,,,,,,,,,,,,,,,,,,,,,,,,,,,,,,", u1489 ,m101,,
50954, u1489 ," Can I go to dance tomorrow? I'm better...,,,,,,,,,,,,,,,,,,,,,,,,,,,,,,,", u1499 ,m101,,
50955, u1499 ," No, you fucked you! Don't invert stuff! Big Tobacco tried to smear Wigand; you bought it. The Wall Street Journal, here, not exactly a bastion of anti-capitalist sentiment, refutes Big Tobacco's smear campaign as the lowest form of character assassination! And now, even now, when every word of what Wigand has said on our show is printed, the entire deposition of his testimony in a court of law in the State of Mississippi, the cat totally out of the bag, you're still standing here debating! Don, what the hell else... do you need?"",,,,,,,,,,,,,,,,,,,,,,,,,,,,,,,", u1490 ,m101,,
50956, u1490 ," The New York Times ran a blow by blow of what we talked about behind closed doors! You fucked us!,,,,,,,,,,,,,,,,,,,,,,,,,,,,,,,", u1490 ,m101,,
50957, u1490 ," Hey! I'm not going to fire you, okay? Take a vacation. Now!"",,,,,,,,,,,,,,,,,,,,,,,,,,,,,,,", u1499 ,m101,,
50958, u1499 ," No. I should have. I told them I disagreed with you, Mike and Kluster that this segment is as good as the original. I'm not lying for you. I'm not gonna shut up for you. Not on any of it."",,,,,,,,,,,,,,,,,,,,,,,,,,,,,,,", u1490 ,m101,,
50959, u1490 ," No, not that. I'm talking about the Associated Press. They got this story that we pulled this interview and they talked to Mike and I. Did you tell them that we were lying?"",,,,,,,,,,,,,,,,,,,,,,,,,,,,,,,", u1499 ,m101,,
50960, u1499 ," What does it look like I'm doing? I'm editing.,,,,,,,,,,,,,,,,,,,,,,,,,,,,,,,", u1490 ,m101,,
50961, u1490 ," What the hell are you doing?,,,,,,,,,,,,,,,,,,,,,,,,,,,,,,,", u1490 ,m101,,
50962, u1490 ," End up in a high-profile lawsuit with Lowell, the First Amendment martyr? I don't think so.  Take a look at this... This is a summary of a dossier that's being prepared."",,,,,,,,,,,,,,,,,,,,,,,,,,,,,,,", u1499 ,m101,,
50963, u1499 ," I'm staying right here. Doing my job. Fighting to get my show on the air. You don't like it? Hey, I'll tell you what... fire my ass..."",,,,,,,,,,,,,,,,,,,,,,,,,,,,,,,", u1490 ,m101,,
50964, u1490 ," Then what are you going to do?,,,,,,,,,,,,,,,,,,,,,,,,,,,,,,,", u1499 ,m101,,
50965, u1499 ," No. I'm not going to take """"no"""" for an answer. No."",,,,,,,,,,,,,,,,,,,,,,,,,,,,,,,", u1490 ,m101,,
50966, u1490 ," You're taking """"no"""" for an answer?"",,,,,,,,,,,,,,,,,,,,,,,,,,,,,,,", u1499 ,m101,,
50967, u1499 ," Well, what do you think I'm going to do? Quit in protest? I'm not going to do that."",,,,,,,,,,,,,,,,,,,,,,,,,,,,,,,", u1490 ,m101,,
50968, u1490 ," So, what are you going to do?"",,,,,,,,,,,,,,,,,,,,,,,,,,,,,,,", u1499 ,m101,,
50969, u1499 ," C'mon, what are you? And are you a businessman? Or are you a newsman?! Because that happens to be what Mike and I do for a living..."",,,,,,,,,,,,,,,,,,,,,,,,,,,,,,,", u1490 ,m101,,
50970, u1490 ," You are a fanatic. An anarchist. You know that? If we can't have a whole show, then I want half a show rather than no show. But oh, no, not you. You won't be satisfied unless you're putting the company at risk!"",,,,,,,,,,,,,,,,,,,,,,,,,,,,,,,", u1499 ,m101,,
50971, u1499 ," I am? You pay me to go get guys like Wigand, to draw him out. To get him to trust us, to get him to go on television. I do. I deliver him. He sits. He talks. He violates his own fucking confidentiality agreement. And he's only the key witness in the biggest public health reform issue, maybe the biggest, most-expensive corporate-malfeasance case in U.S. history. And Jeffrey Wigand, who's out on a limb, does he go on television and tell the truth? Yes. Is it newsworthy? Yes. Are we gonna air it? Of course not. Why? Because he's not telling the truth? No. Because he is telling the truth. That's why we're not going to air it. And the more truth he tells, the worse it gets!"",,,,,,,,,,,,,,,,,,,,,,,,,,,,,,,", u1490 ,m101,,
50972, u1490 ," You're exaggerating!,,,,,,,,,,,,,,,,,,,,,,,,,,,,,,,", u1499 ,m101,,
50973, u1499 ," No, I'm questioning your hearing! You hear """"reasonable"""" and """"tortious interference."""" I hear... """"Potential Brown & Williamson lawsuit jeopardizing the sale of CBS to Westinghouse."""" I hear... """"Shut the segment down. Cut Wigand loose. Obey orders. And fuck off...!"""" That's what I hear."",,,,,,,,,,,,,,,,,,,,,,,,,,,,,,,", u1490 ,m101,,
50974, u1490 ," CBS does not do that. And, you're questioning our journalistic integrity?!"",,,,,,,,,,,,,,,,,,,,,,,,,,,,,,,", u1499 ,m101,,
50975, u1499 ," Oh, no, of course they're not influenced by money. They work for free. And you are a Volunteer Executive Producer."",,,,,,,,,,,,,,,,,,,,,,,,,,,,,,,", u1490 ,m101,,
50976, u1490 ," Are you suggesting that she and Eric are influenced by money?,,,,,,,,,,,,,,,,,,,,,,,,,,,,,,,", u1499 ,m101,,
50977, u1499 ," It's not a rumor. It's a sale.  If Tisch can unload CBS for $81 a share to Westinghouse and then is suddenly threatened with a multibillion-dollar lawsuit from Brown & Williamson, that could screw up the sale, could it not?"",,,,,,,,,,,,,,,,,,,,,,,,,,,,,,,", u1490 ,m101,,
50978, u1490 ," Yeah, I heard rumors."",,,,,,,,,,,,,,,,,,,,,,,,,,,,,,,", u1490 ,m101,,
50979, u1490 ," It's an alternate version. So what if we have an alternate version? And I don't think her being cautious is so damned unreasonable.,,,,,,,,,,,,,,,,,,,,,,,,,,,,,,,", u1499 ,m101,,
50980, u1499 ," Since when has the paragon of investigative journalism allowed lawyers to determine the news content on """"60 Minutes""""?"",,,,,,,,,,,,,,,,,,,,,,,,,,,,,,,", u1490 ,m101,,
50981, u1490 ," Lunch?,,,,,,,,,,,,,,,,,,,,,,,,,,,,,,,", u1499 ,m101,,
50982, u1499 ," """"Tortious interference""""? Sounds like a disease caught by a radio."",,,,,,,,,,,,,,,,,,,,,,,,,,,,,,,", u1499 ,m101,,
50983, u1499 ," Yeah, they argued he was going to reveal the secret formula of """"Kools"""" to the world.  """"Sealed"""" doesn't hurt Scruggs' litigation, and since we're the only ones with the story, I believe we're sitting on an exclusive."",,,,,,,,,,,,,,,,,,,,,,,,,,,,,,,", u1490 ,m101,,
50984, u1490 ," I heard Wigand's deposition got sealed.,,,,,,,,,,,,,,,,,,,,,,,,,,,,,,,", u1499 ,m101,,
50985, u1499 ," I'm not implying. I'm quoting. More vested interests...  """"Persons Who Will Profit From This Merger...  Ms. Helen Caperelli, General Counsel of CBS News, 3.9 million. Mr. Eric Kluster, President of CBS News, 1.4 million..."""""",,,,,,,,,,,,,,,,,,,,,,,,,,,,,,,", u1491 ,m101,,
50986, u1491 ," And what are you implying?,,,,,,,,,,,,,,,,,,,,,,,,,,,,,,,", u1499 ,m101,,
50987, u1499 ," Before you go...,,,,,,,,,,,,,,,,,,,,,,,,,,,,,,,", u1491 ,m101,,
50988, u1491 ," So, now, if you'll excuse me, gentlemen, Mr. Rather's been complaining about his chair again.  As they start to leave..."",,,,,,,,,,,,,,,,,,,,,,,,,,,,,,,", u1491 ,m101,,
50989, u1491 ," We're doing this with or without you, Lowell. If you like, I can assign another producer to edit your show..."",,,,,,,,,,,,,,,,,,,,,,,,,,,,,,,", u1499 ,m101,,
50990, u1499 ," No, I'm not..."",,,,,,,,,,,,,,,,,,,,,,,,,,,,,,,", u1491 ,m101,,
50991, u1491 ," I'm afraid you are.,,,,,,,,,,,,,,,,,,,,,,,,,,,,,,,", u1499 ,m101,,
50992, u1499 ," I'm not touching my film...,,,,,,,,,,,,,,,,,,,,,,,,,,,,,,,", u1491 ,m101,,
50993, u1491 ," That's happening. And, hopefully we won't have to use the alternate, but we should have it in the can."",,,,,,,,,,,,,,,,,,,,,,,,,,,,,,,", u1499 ,m101,,
50994, u1499 ," So, what happened to Ms. Caperelli's checking with outside counsel first, all that crap?"",,,,,,,,,,,,,,,,,,,,,,,,,,,,,,,", u1491 ,m101,,
50995, u1491 ," There has been so much soul searching about this Wigand, I've decided we should cut an alternate version of the show without his interview."",,,,,,,,,,,,,,,,,,,,,,,,,,,,,,,", u1492 ,m101,,
50996, u1492 ," You alright, Mr. Wigand?"",,,,,,,,,,,,,,,,,,,,,,,,,,,,,,,", u1510 ,m101,,
50997, u1510 ," That computer has everything...,,,,,,,,,,,,,,,,,,,,,,,,,,,,,,,", u1510 ,m101,,
50998, u1510 ," ...my files! Personal correspondence...,,,,,,,,,,,,,,,,,,,,,,,,,,,,,,,", u1492 ,m101,,
50999, u1492 ," We have a search warrant, Mr. Wigand. There's been a death threat."",,,,,,,,,,,,,,,,,,,,,,,,,,,,,,,", u1510 ,m101,,
51000, u1510 ," You can't take that... It's personal property...!,,,,,,,,,,,,,,,,,,,,,,,,,,,,,,,", u1510 ,m101,,
51001, u1510 ," Yes. Yes, I do.  Yes, I get extremely emotional when assholes put bullets in my mailbox...!"",,,,,,,,,,,,,,,,,,,,,,,,,,,,,,,", u1492 ,m101,,
51002, u1492 ," Do you have a history of emotional problems, Mr. Wigand?"",,,,,,,,,,,,,,,,,,,,,,,,,,,,,,,", u1510 ,m101,,
51003, u1510 ," Yes, I do. A .38 Target Master. In my gun safe downstairs. A .45 Gold Cup. A .22 target pistol. So what?"",,,,,,,,,,,,,,,,,,,,,,,,,,,,,,,", u1492 ,m101,,
51004, u1492 ," That bullet was for a .38 caliber. Do you own a .38?,,,,,,,,,,,,,,,,,,,,,,,,,,,,,,,", u1492 ,m101,,
51005, u1492 ," If we could take a look, Mr. Wigand..."",,,,,,,,,,,,,,,,,,,,,,,,,,,,,,,", u1510 ,m101,,
51006, u1510 ," You think I put that bullet in the mailbox myself...?,,,,,,,,,,,,,,,,,,,,,,,,,,,,,,,", u1510 ,m101,,
51007, u1510 ," What does that have to do with the price of tea in China?,,,,,,,,,,,,,,,,,,,,,,,,,,,,,,,", u1492 ,m101,,
51008, u1492 ," Yes, sir. What caliber is your gun?"",,,,,,,,,,,,,,,,,,,,,,,,,,,,,,,", u1510 ,m101,,
51009, u1510 ," What caliber is my gun?,,,,,,,,,,,,,,,,,,,,,,,,,,,,,,,", u1492 ,m101,,
51010, u1492 ," What caliber is your gun?,,,,,,,,,,,,,,,,,,,,,,,,,,,,,,,", u1510 ,m101,,
51011, u1510 ," A gun? Yes.,,,,,,,,,,,,,,,,,,,,,,,,,,,,,,,", u1510 ,m101,,
51012, u1510 ," Yes, I'm afraid I did."",,,,,,,,,,,,,,,,,,,,,,,,,,,,,,,", u1492 ,m101,,
51013, u1492 ," Did you handle the round, Mr. Wigand?"",,,,,,,,,,,,,,,,,,,,,,,,,,,,,,,", u1499 ,m101,,
51014, u1499 ," Catch ya' later.,,,,,,,,,,,,,,,,,,,,,,,,,,,,,,,", u1493 ,m101,,
51015, u1493 ," Okay. ,,,,,,,,,,,,,,,,,,,,,,,,,,,,,,,", u1499 ,m101,,
51016, u1499 ," I'm gonna do a follow-up.,,,,,,,,,,,,,,,,,,,,,,,,,,,,,,,", u1493 ,m101,,
51017, u1493 ," What about you, you got a crew already?"",,,,,,,,,,,,,,,,,,,,,,,,,,,,,,,", u1499 ,m101,,
51018, u1499 ," Oh, Bill... Main Justice is investigating a major New York bank. Laundering narco dollars out of their Mexico City branch. You want it for the Evening News?"",,,,,,,,,,,,,,,,,,,,,,,,,,,,,,,", u1493 ,m101,,
51019, u1493 ," Hey, Lowell."",,,,,,,,,,,,,,,,,,,,,,,,,,,,,,,", u1499 ,m101,,
51020, u1499 ," Debbie...,,,,,,,,,,,,,,,,,,,,,,,,,,,,,,,", u1502 ,m101,,
51021, u1502 ," """"Mike?"""""",,,,,,,,,,,,,,,,,,,,,,,,,,,,,,,", u1494 ,m101,,
51022, u1494 ," Mike... Mike... Mike...,,,,,,,,,,,,,,,,,,,,,,,,,,,,,,,", u1494 ,m101,,
51023, u1494 ," Well, at the end of the day... because of your segment... the Brown & Williamson Tobacco Company... could own CBS."",,,,,,,,,,,,,,,,,,,,,,,,,,,,,,,", u1502 ,m101,,
51024, u1502 ," How grave?,,,,,,,,,,,,,,,,,,,,,,,,,,,,,,,", u1494 ,m101,,
51025, u1494 ," If this holds up, and it very well may not, Mike... but, if it did. And we aired this segment? And CBS was sued by Brown & Williamson? I think we could be at grave risk."",,,,,,,,,,,,,,,,,,,,,,,,,,,,,,,", u1494 ,m101,,
51026, u1494 ," Are you sure?,,,,,,,,,,,,,,,,,,,,,,,,,,,,,,,", u1502 ,m101,,
51027, u1502 ," No, no, we're fine..."",,,,,,,,,,,,,,,,,,,,,,,,,,,,,,,", u1494 ,m101,,
51028, u1494 ," Shall I send for coffee? Sorry I'm late.,,,,,,,,,,,,,,,,,,,,,,,,,,,,,,,", u1494 ,m101,,
51029, u1494 ," You're getting ahead of yourself. We're all in this together. We're all CBS. We'll find out soon. Thank you, gentlemen."",,,,,,,,,,,,,,,,,,,,,,,,,,,,,,,", u1499 ,m101,,
51030, u1499 ," Is CBS corporate telling CBS News do not go to air with this story?,,,,,,,,,,,,,,,,,,,,,,,,,,,,,,,", u1499 ,m101,,
51031, u1499 ," Is this """"Alice in Wonderland""""?"",,,,,,,,,,,,,,,,,,,,,,,,,,,,,,,", u1494 ,m101,,
51032, u1494 ," They own the information he's disclosing. The truer it is, the greater the damage to them. If he lied, he didn't disclose their information. And the damages are smaller."",,,,,,,,,,,,,,,,,,,,,,,,,,,,,,,", u1499 ,m101,,
51033, u1499 ," Come again?,,,,,,,,,,,,,,,,,,,,,,,,,,,,,,,", u1494 ,m101,,
51034, u1494 ," Well, with tortious interference, I'm afraid... the greater the truth, the greater the damage."",,,,,,,,,,,,,,,,,,,,,,,,,,,,,,,", u1499 ,m101,,
51035, u1499 ," Well, as a """"standard""""... I'll hang with """"is the guy telling the truth?"""""",,,,,,,,,,,,,,,,,,,,,,,,,,,,,,,", u1494 ,m101,,
51036, u1494 ," Our standards have to be higher than anyone else's, because we are the standard... for everyone else..."",,,,,,,,,,,,,,,,,,,,,,,,,,,,,,,", u1499 ,m101,,
51037, u1499 ," His """"veracity"""" was good enough for the State of Mississippi."",,,,,,,,,,,,,,,,,,,,,,,,,,,,,,,", u1494 ,m101,,
51038, u1494 ," And, I'm told there are questions as to our """"star witness'"""" veracity."",,,,,,,,,,,,,,,,,,,,,,,,,,,,,,,", u1499 ,m101,,
51039, u1499 ," No, only that we would hold the story until it was safe for him..."",,,,,,,,,,,,,,,,,,,,,,,,,,,,,,,", u1494 ,m101,,
51040, u1494 ," I'm told unusual promises were made to Wigand.,,,,,,,,,,,,,,,,,,,,,,,,,,,,,,,", u1499 ,m101,,
51041, u1499 ," What does that mean? """"Rife with -- ?"""""",,,,,,,,,,,,,,,,,,,,,,,,,,,,,,,", u1495 ,m101,,
51042, u1495 ," Call me back in ten.,,,,,,,,,,,,,,,,,,,,,,,,,,,,,,,", u1499 ,m101,,
51043, u1499 ," Well, until you do, all I can tell you is what you already know... they will not air an interview."",,,,,,,,,,,,,,,,,,,,,,,,,,,,,,,", u1495 ,m101,,
51044, u1495 ," Oh, c'mon, Lowell. This is The New York Times. I don't know..."",,,,,,,,,,,,,,,,,,,,,,,,,,,,,,,", u1499 ,m101,,
51045, u1499 ," How prominent? What kind of placement?,,,,,,,,,,,,,,,,,,,,,,,,,,,,,,,", u1499 ,m101,,
51046, u1499 ," Catch you later.,,,,,,,,,,,,,,,,,,,,,,,,,,,,,,,", u1495 ,m101,,
51047, u1495 ," Hi, baby."",,,,,,,,,,,,,,,,,,,,,,,,,,,,,,,", u1495 ,m101,,
51048, u1495 ," Hey, listen, I hear you guys are sitting on something sensational over there."",,,,,,,,,,,,,,,,,,,,,,,,,,,,,,,", u1499 ,m101,,
51049, u1499 ," How are you, Jim?"",,,,,,,,,,,,,,,,,,,,,,,,,,,,,,,", u1495 ,m101,,
51050, u1495 ," Hey, Lowell."",,,,,,,,,,,,,,,,,,,,,,,,,,,,,,,", u1496 ,m101,,
51051, u1496 ," No.  I'm assuming the cave-in begins with the threat of litigation from Big Tobacco. Are we talking... are we talking Brown & Williamson, here?"",,,,,,,,,,,,,,,,,,,,,,,,,,,,,,,", u1499 ,m101,,
51052, u1499 ," Did I tell you you were wrong?,,,,,,,,,,,,,,,,,,,,,,,,,,,,,,,", u1496 ,m101,,
51053, u1496 ," Lowell?,,,,,,,,,,,,,,,,,,,,,,,,,,,,,,,", u1496 ,m101,,
51054, u1496 ," Okay... About this whistle-blower... Did Mike and Don go along with the corporate decision?,,,,,,,,,,,,,,,,,,,,,,,,,,,,,,,", u1499 ,m101,,
51055, u1499 ," You ready...?,,,,,,,,,,,,,,,,,,,,,,,,,,,,,,,", u1496 ,m101,,
51056, u1496 ," Hey, it doesn't work? You've burned your bridges, man."",,,,,,,,,,,,,,,,,,,,,,,,,,,,,,,", u1499 ,m101,,
51057, u1499 ," Why?,,,,,,,,,,,,,,,,,,,,,,,,,,,,,,,", u1496 ,m101,,
51058, u1496 ," You're sure you want to do this?,,,,,,,,,,,,,,,,,,,,,,,,,,,,,,,", u1499 ,m101,,
51059, u1499 ," Yeah?,,,,,,,,,,,,,,,,,,,,,,,,,,,,,,,", u1496 ,m101,,
51060, u1496 ," Okay.  Lowell?,,,,,,,,,,,,,,,,,,,,,,,,,,,,,,,", u1499 ,m101,,
51061, u1499 ," Here's how it works. You ask me questions. I tell you if you're wrong.,,,,,,,,,,,,,,,,,,,,,,,,,,,,,,,", u1499 ,m101,,
51062, u1499 ," Jim, it's Lowell."",,,,,,,,,,,,,,,,,,,,,,,,,,,,,,,", u1496 ,m101,,
51063, u1496 ," Hello?,,,,,,,,,,,,,,,,,,,,,,,,,,,,,,,", u1497 ,m101,,
51064, u1497 ," Yes... Jeffrey.,,,,,,,,,,,,,,,,,,,,,,,,,,,,,,,", u1510 ,m101,,
51065, u1510 ," Can we talk about this when I get back?,,,,,,,,,,,,,,,,,,,,,,,,,,,,,,,", u1497 ,m101,,
51066, u1497 ," I don't think I can do this... I want to stand by my husband... I really do, Jeffrey. But I don't think I can do this anymore. I am so sorry..."",,,,,,,,,,,,,,,,,,,,,,,,,,,,,,,", u1497 ,m101,,
51067, u1497 ," That's for food.,,,,,,,,,,,,,,,,,,,,,,,,,,,,,,,", u1510 ,m101,,
51068, u1510 ," What's the difference...,,,,,,,,,,,,,,,,,,,,,,,,,,,,,,,", u1497 ,m101,,
51069, u1497 ," Use the bathroom.,,,,,,,,,,,,,,,,,,,,,,,,,,,,,,,", u1510 ,m101,,
51070, u1510 ," Where should I wash them?,,,,,,,,,,,,,,,,,,,,,,,,,,,,,,,", u1497 ,m101,,
51071, u1497 ," Please don't wash your hands in the sink.,,,,,,,,,,,,,,,,,,,,,,,,,,,,,,,", u1497 ,m101,,
51072, u1497 ," An interview! Do you know what they will do to us...! I thought... Sorry.,,,,,,,,,,,,,,,,,,,,,,,,,,,,,,,", u1510 ,m101,,
51073, u1510 ," I'm doing an interview.,,,,,,,,,,,,,,,,,,,,,,,,,,,,,,,", u1497 ,m101,,
51074, u1497 ," ...taping?  What are you taping?,,,,,,,,,,,,,,,,,,,,,,,,,,,,,,,", u1497 ,m101,,
51075, u1497 ," I told him that you had an E-mail death threat that said if you didn't shut the """"F"""" up, they were going to kill you..."",,,,,,,,,,,,,,,,,,,,,,,,,,,,,,,", u1510 ,m101,,
51076, u1510 ," What's going on?,,,,,,,,,,,,,,,,,,,,,,,,,,,,,,,", u1497 ,m101,,
51077, u1497 ," No, thank you."",,,,,,,,,,,,,,,,,,,,,,,,,,,,,,,", u1510 ,m101,,
51078, u1510 ," There's a severance agreement... It includes cash payouts over time and continuing medical coverage...  Sure you don't need anything?,,,,,,,,,,,,,,,,,,,,,,,,,,,,,,,", u1497 ,m101,,
51079, u1497 ," What are we supposed to do...? What about our medical coverage; what about our health? What about our car payments? The payments on this house?,,,,,,,,,,,,,,,,,,,,,,,,,,,,,,,", u1510 ,m101,,
51080, u1510 ," Thomas Sandefur...,,,,,,,,,,,,,,,,,,,,,,,,,,,,,,,", u1497 ,m101,,
51081, u1497 ," Why? Who said?,,,,,,,,,,,,,,,,,,,,,,,,,,,,,,,", u1510 ,m101,,
51082, u1510 ," I got fired this morning... Where else am I gonna take it?,,,,,,,,,,,,,,,,,,,,,,,,,,,,,,,", u1497 ,m101,,
51083, u1497 ," I don't understand.,,,,,,,,,,,,,,,,,,,,,,,,,,,,,,,", u1510 ,m101,,
51084, u1510 ," I didn't want to leave it there...,,,,,,,,,,,,,,,,,,,,,,,,,,,,,,,", u1497 ,m101,,
51085, u1497 ," Why did you take your stuff from the office?,,,,,,,,,,,,,,,,,,,,,,,,,,,,,,,", u1510 ,m101,,
51086, u1510 ," That's my stuff from the office...,,,,,,,,,,,,,,,,,,,,,,,,,,,,,,,", u1497 ,m101,,
51087, u1497 ," Right now?,,,,,,,,,,,,,,,,,,,,,,,,,,,,,,,", u1510 ,m101,,
51088, u1510 ," Soy sauce...,,,,,,,,,,,,,,,,,,,,,,,,,,,,,,,", u1497 ,m101,,
51089, u1497 ," What do you need at the store?,,,,,,,,,,,,,,,,,,,,,,,,,,,,,,,", u1510 ,m101,,
51090, u1510 ," I'm going to the store. You need anything?,,,,,,,,,,,,,,,,,,,,,,,,,,,,,,,", u1497 ,m101,,
51091, u1497 ," Uh, what are those boxes?"",,,,,,,,,,,,,,,,,,,,,,,,,,,,,,,", u1510 ,m101,,
51092, u1510 ," Try the car.,,,,,,,,,,,,,,,,,,,,,,,,,,,,,,,", u1497 ,m101,,
51093, u1497 ," I'm sorry, darling, have you seen my coffee mug...?"",,,,,,,,,,,,,,,,,,,,,,,,,,,,,,,", u1497 ,m101,,
51094, u1497 ," Yes, it's on the stove..."",,,,,,,,,,,,,,,,,,,,,,,,,,,,,,,", u1510 ,m101,,
51095, u1510 ," Is there any more rice...?,,,,,,,,,,,,,,,,,,,,,,,,,,,,,,,", u1497 ,m101,,
51096, u1497 ," Don't you have to be at the office?,,,,,,,,,,,,,,,,,,,,,,,,,,,,,,,", u1510 ,m101,,
51097, u1510 ," I can take her.,,,,,,,,,,,,,,,,,,,,,,,,,,,,,,,", u1499 ,m101,,
51098, u1499 ," Yes.,,,,,,,,,,,,,,,,,,,,,,,,,,,,,,,", u1498 ,m101,,
51099, u1498 ," """"60 Minutes,"""" the television show?"",,,,,,,,,,,,,,,,,,,,,,,,,,,,,,,", u1499 ,m101,,
51100, u1499 ," Yeah.,,,,,,,,,,,,,,,,,,,,,,,,,,,,,,,", u1498 ,m101,,
51101, u1498 ," """"60 Minutes""""?"",,,,,,,,,,,,,,,,,,,,,,,,,,,,,,,", u1499 ,m101,,
51102, u1499 ," No, Bergman... B.E.R.G.M.A.N.... I'm a producer with """"60 Minutes""""..."",,,,,,,,,,,,,,,,,,,,,,,,,,,,,,,", u1498 ,m101,,
51103, u1498 ," Did you say Berman?,,,,,,,,,,,,,,,,,,,,,,,,,,,,,,,", u1499 ,m101,,
51104, u1499 ," My name's Lowell Bergman... I'm --,,,,,,,,,,,,,,,,,,,,,,,,,,,,,,,", u1498 ,m101,,
51105, u1498 ," Who's calling?,,,,,,,,,,,,,,,,,,,,,,,,,,,,,,,", u1499 ,m101,,
51106, u1499 ," Thank you, Bob."",,,,,,,,,,,,,,,,,,,,,,,,,,,,,,,", u1505 ,m101,,
51107, u1505 ," You're not listening.  Really know what you're going to do before you do it.,,,,,,,,,,,,,,,,,,,,,,,,,,,,,,,", u1499 ,m101,,
51108, u1499 ," From my perspective, what's been going on and what I've been doing is ridiculous. It's half-measures."",,,,,,,,,,,,,,,,,,,,,,,,,,,,,,,", u1505 ,m101,,
51109, u1505 ," No, you do not."",,,,,,,,,,,,,,,,,,,,,,,,,,,,,,,", u1499 ,m101,,
51110, u1499 ," I got perspective.,,,,,,,,,,,,,,,,,,,,,,,,,,,,,,,", u1505 ,m101,,
51111, u1505 ," Get some perspective, Lowell."",,,,,,,,,,,,,,,,,,,,,,,,,,,,,,,", u1499 ,m101,,
51112, u1499 ," Free press? Press is free... for anyone who owns one. Larry Tisch has a free press.,,,,,,,,,,,,,,,,,,,,,,,,,,,,,,,", u1505 ,m101,,
51113, u1505 ," So, it's a big country with a free press. You can go work somewhere else."",,,,,,,,,,,,,,,,,,,,,,,,,,,,,,,", u1499 ,m101,,
51114, u1499 ," """"I'm Lowell Bergman, I'm from '60 Minutes.'"""" You know, you take the """"60 Minutes"""" out of that sentence, nobody returns your phone call. Maybe Wigand's right. Maybe I'm hooked. What am I hooked on? The rush? """"60 Minutes""""? What the hell for? Infotainment. It's so fucking useless, all of it."",,,,,,,,,,,,,,,,,,,,,,,,,,,,,,,", u1499 ,m101,,
51115, u1499 ," Jeffrey...,,,,,,,,,,,,,,,,,,,,,,,,,,,,,,,", u1505 ,m101,,
51116, u1505 ," Jeffrey Wigand...,,,,,,,,,,,,,,,,,,,,,,,,,,,,,,,", u1505 ,m101,,
51117, u1505 ," Oh, baby..."",,,,,,,,,,,,,,,,,,,,,,,,,,,,,,,", u1499 ,m101,,
51118, u1499 ," I'm alone on this...,,,,,,,,,,,,,,,,,,,,,,,,,,,,,,,", u1505 ,m101,,
51119, u1505 ," What are you and Mike going to do?,,,,,,,,,,,,,,,,,,,,,,,,,,,,,,,", u1499 ,m101,,
51120, u1499 ," They're pretending it's process. Bullshit, it's foregone."",,,,,,,,,,,,,,,,,,,,,,,,,,,,,,,", u1505 ,m101,,
51121, u1505 ," What?!,,,,,,,,,,,,,,,,,,,,,,,,,,,,,,,", u1499 ,m101,,
51122, u1499 ," They're killing the Wigand interview...,,,,,,,,,,,,,,,,,,,,,,,,,,,,,,,", u1505 ,m101,,
51123, u1505 ," What's wrong?,,,,,,,,,,,,,,,,,,,,,,,,,,,,,,,", u1505 ,m101,,
51124, u1505 ," I have to take a shower.,,,,,,,,,,,,,,,,,,,,,,,,,,,,,,,", u1499 ,m101,,
51125, u1499 ," ...it's anonymous. References to """"P.M.""""  It's got to be Philip Morris, huh?"",,,,,,,,,,,,,,,,,,,,,,,,,,,,,,,", u1505 ,m101,,
51126, u1505 ," ...no... this looks like a table of temperatures... Who's this from?,,,,,,,,,,,,,,,,,,,,,,,,,,,,,,,", u1499 ,m101,,
51127, u1499 ," ...""""ignition propensity?""""  ...you understand any of this...?"",,,,,,,,,,,,,,,,,,,,,,,,,,,,,,,", u1505 ,m101,,
51128, u1505 ," Two p.m. Great. Bye-bye. ,,,,,,,,,,,,,,,,,,,,,,,,,,,,,,,", u1505 ,m101,,
51129, u1505 ," I can't... I've got to fly to Boston tomorrow.,,,,,,,,,,,,,,,,,,,,,,,,,,,,,,,", u1499 ,m101,,
51130, u1499 ," Let me see this... No, 'cause I gotta know where you're going at all times."",,,,,,,,,,,,,,,,,,,,,,,,,,,,,,,", u1505 ,m101,,
51131, u1505 ," Hello? Yeah...,,,,,,,,,,,,,,,,,,,,,,,,,,,,,,,", u1499 ,m101,,
51132, u1499 ," Will independent sources corroborate that?,,,,,,,,,,,,,,,,,,,,,,,,,,,,,,,", u1499 ,m101,,
51133, u1499 ," Will he go on-camera and talk about the Mexico City branch?,,,,,,,,,,,,,,,,,,,,,,,,,,,,,,,", u1505 ,m101,,
51134, u1505 ," No classes this morning?,,,,,,,,,,,,,,,,,,,,,,,,,,,,,,,", u1499 ,m101,,
51135, u1499 ," Let me call you back...,,,,,,,,,,,,,,,,,,,,,,,,,,,,,,,", u1505 ,m101,,
51136, u1505 ," It's Stuart... he's in Mexico City...,,,,,,,,,,,,,,,,,,,,,,,,,,,,,,,", u1499 ,m101,,
51137, u1499 ," Oh, someone took a poll? """"Are all things Canadian boring...?"""""",,,,,,,,,,,,,,,,,,,,,,,,,,,,,,,", u1499 ,m101,,
51138, u1499 ," Jeff! Wake the fuck up! Everybody is on the line here. If they can catch you in a lie, they can paint everything with that brush. Do you understand? Everything you say!"",,,,,,,,,,,,,,,,,,,,,,,,,,,,,,,", u1511 ,m101,,
51139, u1511 ," You're not even on this anymore... What do you care?,,,,,,,,,,,,,,,,,,,,,,,,,,,,,,,", u1499 ,m101,,
51140, u1499 ," Oh, my God."",,,,,,,,,,,,,,,,,,,,,,,,,,,,,,,", u1499 ,m101,,
51141, u1499 ," No. No, it's okay... How's -- how's the new place?"",,,,,,,,,,,,,,,,,,,,,,,,,,,,,,,", u1511 ,m101,,
51142, u1511 ," Is it too late?,,,,,,,,,,,,,,,,,,,,,,,,,,,,,,,", u1499 ,m101,,
51143, u1499 ," Who is this?,,,,,,,,,,,,,,,,,,,,,,,,,,,,,,,", u1511 ,m101,,
51144, u1511 ," ...you fucked me!,,,,,,,,,,,,,,,,,,,,,,,,,,,,,,,", u1499 ,m101,,
51145, u1499 ," Yeah...,,,,,,,,,,,,,,,,,,,,,,,,,,,,,,,", u1504 ,m101,,
51146, u1504 ," All right. See you...,,,,,,,,,,,,,,,,,,,,,,,,,,,,,,,", u1499 ,m101,,
51147, u1499 ," ...and I'd be lying to you if I didn't tell you, I'm about out of moves, Dick..."",,,,,,,,,,,,,,,,,,,,,,,,,,,,,,,", u1504 ,m101,,
51148, u1504 ," ...I'd be lying to you if I did not tell you how important it was in the court of public opinion...,,,,,,,,,,,,,,,,,,,,,,,,,,,,,,,", u1504 ,m101,,
51149, u1504 ," What chance is there of getting Jeff's interview on the air...?,,,,,,,,,,,,,,,,,,,,,,,,,,,,,,,", u1499 ,m101,,
51150, u1499 ," Yeah, I'm here."",,,,,,,,,,,,,,,,,,,,,,,,,,,,,,,", u1499 ,m101,,
51151, u1499 ," Okay. Thank you.,,,,,,,,,,,,,,,,,,,,,,,,,,,,,,,", u1504 ,m101,,
51152, u1504 ," Alright?,,,,,,,,,,,,,,,,,,,,,,,,,,,,,,,", u1499 ,m101,,
51153, u1499 ," Yeah.,,,,,,,,,,,,,,,,,,,,,,,,,,,,,,,", u1504 ,m101,,
51154, u1504 ," It would be better if he called us.,,,,,,,,,,,,,,,,,,,,,,,,,,,,,,,", u1499 ,m101,,
51155, u1499 ," Well, would you want him to call you? Or, you want to call him? How do you want to do it?"",,,,,,,,,,,,,,,,,,,,,,,,,,,,,,,", u1504 ,m101,,
51156, u1504 ," Well, we'd certainly be interested in making his acquaintance, but without knowing what he's going to do..."",,,,,,,,,,,,,,,,,,,,,,,,,,,,,,,", u1499 ,m101,,
51157, u1499 ," Well, actually, no. Well, he's on the fence. That's the point."",,,,,,,,,,,,,,,,,,,,,,,,,,,,,,,", u1504 ,m101,,
51158, u1504 ," Has he decided to go public? Because let me tell you, we've been doing this for three years now, and we've worked with a lot of corporate cases involving whistle-blowers, so we know... Big Tobacco will do everything in their power to stop him. So, is your man truly committed?"",,,,,,,,,,,,,,,,,,,,,,,,,,,,,,,", u1499 ,m101,,
51159, u1499 ," Well, he may tape an interview with us. And, we believe if his testimony showed up in a court record first, it would free him up from his confidentiality agreement and give him some protection."",,,,,,,,,,,,,,,,,,,,,,,,,,,,,,,", u1504 ,m101,,
51160, u1504 ," What's your interest in this, Mr. Bergman?"",,,,,,,,,,,,,,,,,,,,,,,,,,,,,,,", u1499 ,m101,,
51161, u1499 ," Well, I'm working with someone, now, who was the former head of research at Brown & Williamson, a former corporate officer there."",,,,,,,,,,,,,,,,,,,,,,,,,,,,,,,", u1504 ,m101,,
51162, u1504 ," That's right...,,,,,,,,,,,,,,,,,,,,,,,,,,,,,,,", u1499 ,m101,,
51163, u1499 ," ...you filed a lawsuit against tobacco on behalf of the State of Mississippi, did you not?"",,,,,,,,,,,,,,,,,,,,,,,,,,,,,,,", u1504 ,m101,,
51164, u1504 ," I'll call you then.,,,,,,,,,,,,,,,,,,,,,,,,,,,,,,,", u1499 ,m101,,
51165, u1499 ," Area code 212-555-0199.,,,,,,,,,,,,,,,,,,,,,,,,,,,,,,,", u1504 ,m101,,
51166, u1504 ," Alright.,,,,,,,,,,,,,,,,,,,,,,,,,,,,,,,", u1499 ,m101,,
51167, u1499 ," Yes, I'm right here. Could you call me back on a hard line?"",,,,,,,,,,,,,,,,,,,,,,,,,,,,,,,", u1499 ,m101,,
51168, u1499 ," I did? What do I tell a source on the next tough story? Hang in with us. You'll be fine... maybe?,,,,,,,,,,,,,,,,,,,,,,,,,,,,,,,", u1502 ,m101,,
51169, u1502 ," C'mon, it all worked out. You came out okay in the end..."",,,,,,,,,,,,,,,,,,,,,,,,,,,,,,,", u1499 ,m101,,
51170, u1499 ," Everything interests me.,,,,,,,,,,,,,,,,,,,,,,,,,,,,,,,", u1502 ,m101,,
51171, u1502 ," That Canada story? Still interest you?,,,,,,,,,,,,,,,,,,,,,,,,,,,,,,,", u1502 ,m101,,
51172, u1502 ," You and I have been doing this together for fourteen years.,,,,,,,,,,,,,,,,,,,,,,,,,,,,,,,", u1499 ,m101,,
51173, u1499 ," Mike... in my...,,,,,,,,,,,,,,,,,,,,,,,,,,,,,,,", u1502 ,m101,,
51174, u1502 ," I'm not talking celebrity, vanity, CBS. I'm talking about when you're nearer the end of your life than the beginning. Now, what do you think you think about then? The future? """"In the future I'm going to do this? Become that?""""  What """"future""""? No. What you think is: how will I be regarded in the end? After I'm gone."",,,,,,,,,,,,,,,,,,,,,,,,,,,,,,,", u1499 ,m101,,
51175, u1499 ," Like what? Corporate responsibility? What, are we talking celebrity here?"",,,,,,,,,,,,,,,,,,,,,,,,,,,,,,,", u1502 ,m101,,
51176, u1502 ," In the real world, when you get to where I am, there are other considerations..."",,,,,,,,,,,,,,,,,,,,,,,,,,,,,,,", u1499 ,m101,,
51177, u1499 ," No, you give me a break! I never left a source hung out to dry, ever. Abandoned. Not 'til right fucking now! When I came on this job, I came with my word intact. I'm gonna leave with my word intact. Fuck the rules of the game! Hell, you're supposed to know me, Mike. What the hell did you expect? You expect me to lie down? Back off? What, get over it?"",,,,,,,,,,,,,,,,,,,,,,,,,,,,,,,", u1502 ,m101,,
51178, u1502 ," Give me a break!,,,,,,,,,,,,,,,,,,,,,,,,,,,,,,,", u1499 ,m101,,
51179, u1499 ," Oh, please, Mike..."",,,,,,,,,,,,,,,,,,,,,,,,,,,,,,,", u1502 ,m101,,
51180, u1502 ," Oh, how fortunate I am to have Lowell Bergman's moral tutelage to point me down the shining path. To show me the way."",,,,,,,,,,,,,,,,,,,,,,,,,,,,,,,", u1499 ,m101,,
51181, u1499 ," I'm going to tell you why. Because when I tell someone I'm going to do something, I deliver."",,,,,,,,,,,,,,,,,,,,,,,,,,,,,,,", u1502 ,m101,,
51182, u1502 ," I see a rhetorical question on the horizon.,,,,,,,,,,,,,,,,,,,,,,,,,,,,,,,", u1499 ,m101,,
51183, u1499 ," But in all that time, Mike, did you ever get off a plane, walk into a room, and find that a source for a story changed his mind? Lost his heart? Walked out on us? Not one fucking time! You want to know why?"",,,,,,,,,,,,,,,,,,,,,,,,,,,,,,,", u1502 ,m101,,
51184, u1502 ," Yeah, that's right."",,,,,,,,,,,,,,,,,,,,,,,,,,,,,,,", u1499 ,m101,,
51185, u1499 ," Oh, lots."",,,,,,,,,,,,,,,,,,,,,,,,,,,,,,,", u1502 ,m101,,
51186, u1502 ," How many shows have we done? Huh? C'mon, how many?"",,,,,,,,,,,,,,,,,,,,,,,,,,,,,,,", u1499 ,m101,,
51187, u1499 ," No, I usually sit around in my hotel room, dressed like this at 5:30 in the morning, sleepy look on my face."",,,,,,,,,,,,,,,,,,,,,,,,,,,,,,,", u1502 ,m101,,
51188, u1502 ," Did I get you up?,,,,,,,,,,,,,,,,,,,,,,,,,,,,,,,", u1499 ,m101,,
51189, u1499 ," I think it was a disgrace.,,,,,,,,,,,,,,,,,,,,,,,,,,,,,,,", u1502 ,m101,,
51190, u1502 ," Alright. What did you think?,,,,,,,,,,,,,,,,,,,,,,,,,,,,,,,", u1499 ,m101,,
51191, u1499 ," I disappeared on you?,,,,,,,,,,,,,,,,,,,,,,,,,,,,,,,", u1502 ,m101,,
51192, u1502 ," You disappeared on me. How long you staying?,,,,,,,,,,,,,,,,,,,,,,,,,,,,,,,", u1499 ,m101,,
51193, u1499 ," Yeah.,,,,,,,,,,,,,,,,,,,,,,,,,,,,,,,", u1502 ,m101,,
51194, u1502 ," Do me a favor, will you? Spare me, for God's sake. Get in the real world. What do you think? I'm going to resign in protest? To force it on the air? The answer is """"no."""" I don't plan to spend the end of my days wandering in the wilderness of National Public Radio.  That decision I've already made."",,,,,,,,,,,,,,,,,,,,,,,,,,,,,,,", u1499 ,m101,,
51195, u1499 ," I don't know. How does that get Wigand on the air?,,,,,,,,,,,,,,,,,,,,,,,,,,,,,,,", u1502 ,m101,,
51196, u1502 ," I took off on Tisch. I took off on corporate. They'll know they're not going to see everything on Sunday night...,,,,,,,,,,,,,,,,,,,,,,,,,,,,,,,", u1499 ,m101,,
51197, u1499 ," I've been banished. In lieu of being fired.,,,,,,,,,,,,,,,,,,,,,,,,,,,,,,,", u1502 ,m101,,
51198, u1502 ," I'm with Don on this.,,,,,,,,,,,,,,,,,,,,,,,,,,,,,,,", u1499 ,m101,,
51199, u1499 ," What?,,,,,,,,,,,,,,,,,,,,,,,,,,,,,,,", u1502 ,m101,,
51200, u1502 ," Lowell!,,,,,,,,,,,,,,,,,,,,,,,,,,,,,,,", u1499 ,m101,,
51201, u1499 ," These people are putting our whole reason for doing what we do... on the line!,,,,,,,,,,,,,,,,,,,,,,,,,,,,,,,", u1502 ,m101,,
51202, u1502 ," Lowell.,,,,,,,,,,,,,,,,,,,,,,,,,,,,,,,", u1499 ,m101,,
51203, u1499 ," """"Put the corporation at risk""""...? Give me a fucking break!"",,,,,,,,,,,,,,,,,,,,,,,,,,,,,,,", u1502 ,m101,,
51204, u1502 ," Lowell.,,,,,,,,,,,,,,,,,,,,,,,,,,,,,,,", u1502 ,m101,,
51205, u1502 ," What?,,,,,,,,,,,,,,,,,,,,,,,,,,,,,,,", u1499 ,m101,,
51206, u1499 ," I discovered this. SEC filing...  For the sale of the CBS Corporation to Westinghouse Corporation.,,,,,,,,,,,,,,,,,,,,,,,,,,,,,,,", u1502 ,m101,,
51207, u1502 ," After we corroborate it. That's why we've never lost a lawsuit and run a classy show.  Anything else?,,,,,,,,,,,,,,,,,,,,,,,,,,,,,,,", u1499 ,m101,,
51208, u1499 ," I think what we're trying to tell you is that it happens all the time. This is a news organization. People are always telling us things they shouldn't. We have to verify if it's true and in the public interest... And if it is, we air it."",,,,,,,,,,,,,,,,,,,,,,,,,,,,,,,", u1502 ,m101,,
51209, u1502 ," Good.,,,,,,,,,,,,,,,,,,,,,,,,,,,,,,,", u1499 ,m101,,
51210, u1499 ," It went great in Mississippi, Mike."",,,,,,,,,,,,,,,,,,,,,,,,,,,,,,,", u1499 ,m101,,
51211, u1499 ," Ordinary people! Under extraordinary pressure, Mike. What the hell do you expect? Grace and consistency?"",,,,,,,,,,,,,,,,,,,,,,,,,,,,,,,", u1502 ,m101,,
51212, u1502 ," Who are these people?,,,,,,,,,,,,,,,,,,,,,,,,,,,,,,,", u1499 ,m101,,
51213, u1499 ," Oh, man."",,,,,,,,,,,,,,,,,,,,,,,,,,,,,,,", u1502 ,m101,,
51214, u1502 ," Yeah, well, questions will go toward what work you did there, why you were fired. And others will deal..."",,,,,,,,,,,,,,,,,,,,,,,,,,,,,,,", u1499 ,m101,,
51215, u1499 ," Do you think we could talk about the taping? Tomorrow's taping, just so we can get it out of the way and order..."",,,,,,,,,,,,,,,,,,,,,,,,,,,,,,,", u1502 ,m101,,
51216, u1502 ," Thank you for saying that...,,,,,,,,,,,,,,,,,,,,,,,,,,,,,,,", u1502 ,m101,,
51217, u1502 ," How are the rooms? Comfortable?,,,,,,,,,,,,,,,,,,,,,,,,,,,,,,,", u1499 ,m101,,
51218, u1499 ," So, is everything okay?"",,,,,,,,,,,,,,,,,,,,,,,,,,,,,,,", u1502 ,m101,,
51219, u1502 ," Oh, torture? Great ratings."",,,,,,,,,,,,,,,,,,,,,,,,,,,,,,,", u1499 ,m101,,
51220, u1499 ," We got a guy... who wants to talk but he's constrained.  What if he were """"compelled""""?"",,,,,,,,,,,,,,,,,,,,,,,,,,,,,,,", u1502 ,m101,,
51221, u1502 ," What do you mean?,,,,,,,,,,,,,,,,,,,,,,,,,,,,,,,", u1499 ,m101,,
51222, u1499 ," Okay, let's look through the looking glass the other way..."",,,,,,,,,,,,,,,,,,,,,,,,,,,,,,,", u1499 ,m101,,
51223, u1499 ," What's this?,,,,,,,,,,,,,,,,,,,,,,,,,,,,,,,", u1502 ,m101,,
51224, u1502 ," No shit.,,,,,,,,,,,,,,,,,,,,,,,,,,,,,,,", u1499 ,m101,,
51225, u1499 ," Hardly new news.,,,,,,,,,,,,,,,,,,,,,,,,,,,,,,,", u1502 ,m101,,
51226, u1502 ," Well, it isn't """"cigarettes are bad for you""""..."",,,,,,,,,,,,,,,,,,,,,,,,,,,,,,,", u1499 ,m101,,
51227, u1499 ," The seven CEOs of Big Tobacco... Referred to this... Said they should be afraid of him... I assume, afraid of what he could reveal.  Now, you tell me. What does this guy have to say that threatens these people?"",,,,,,,,,,,,,,,,,,,,,,,,,,,,,,,", u1502 ,m101,,
51228, u1502 ," What """"Seven Dwarfs?"""""",,,,,,,,,,,,,,,,,,,,,,,,,,,,,,,", u1499 ,m101,,
51229, u1499 ," He referred to this... the Seven Dwarfs...,,,,,,,,,,,,,,,,,,,,,,,,,,,,,,,", u1502 ,m101,,
51230, u1502 ," Bring a tie so they'll let us in the front door...,,,,,,,,,,,,,,,,,,,,,,,,,,,,,,,", u1499 ,m101,,
51231, u1499 ," Yeah.,,,,,,,,,,,,,,,,,,,,,,,,,,,,,,,", u1502 ,m101,,
51232, u1502 ," You eating with us?,,,,,,,,,,,,,,,,,,,,,,,,,,,,,,,", u1499 ,m101,,
51233, u1499 ," ...come in earlier on Mike's Marine barracks line when he's talking to Sheikh Mussawi...,,,,,,,,,,,,,,,,,,,,,,,,,,,,,,,", u1499 ,m101,,
51234, u1499 ," Don't interpret that!  Hold it. Hold it. Hold it! Slow, slow!!  Sheikh, do you mind... if you would just turn your chair a little bit to face Mr. Wallace?"",,,,,,,,,,,,,,,,,,,,,,,,,,,,,,,", u1502 ,m101,,
51235, u1502 ," Good, well ask him if Arabic is his second language."",,,,,,,,,,,,,,,,,,,,,,,,,,,,,,,", u1499 ,m101,,
51236, u1499 ," We're there.,,,,,,,,,,,,,,,,,,,,,,,,,,,,,,,", u1499 ,m101,,
51237, u1499 ," That's good. That works.  Uh, you know, I want to ask you something... I know it sounds odd... but..."",,,,,,,,,,,,,,,,,,,,,,,,,,,,,,,", u1507 ,m101,,
51238, u1507 ," Tell him I will see him day after tomorrow.,,,,,,,,,,,,,,,,,,,,,,,,,,,,,,,", u1499 ,m101,,
51239, u1499 ," No. We don't do that.  You've seen """"60 Minutes"""" and Mike Wallace. So you know our reputation for integrity and objectivity. You also know we are the highest-rated, most-respected, TV-magazine news show in America."",,,,,,,,,,,,,,,,,,,,,,,,,,,,,,,", u1507 ,m101,,
51240, u1507 ," Perhaps you prove journalism objectivity and I see the questions first. Then I decide if I grant the interview.,,,,,,,,,,,,,,,,,,,,,,,,,,,,,,,", u1499 ,m101,,
51241, u1499 ," Because I think Hezbollah is trying to broaden into a political party right now. So you care about what you're thought of in America. And in America, at this moment in time, Hezbollah does not have a face.  That's why."",,,,,,,,,,,,,,,,,,,,,,,,,,,,,,,", u1507 ,m101,,
51242, u1507 ," Please to explain, why I should agree to interview... with pro-Zionist American media?"",,,,,,,,,,,,,,,,,,,,,,,,,,,,,,,", u1499 ,m101,,
51243, u1499 ," What I've seen... I've liked.,,,,,,,,,,,,,,,,,,,,,,,,,,,,,,,", u1507 ,m101,,
51244, u1507 ," How have you liked your stay?,,,,,,,,,,,,,,,,,,,,,,,,,,,,,,,", u1499 ,m101,,
51245, u1499 ," Yeah... Thank you.,,,,,,,,,,,,,,,,,,,,,,,,,,,,,,,", u1507 ,m101,,
51246, u1507 ," Coffee?,,,,,,,,,,,,,,,,,,,,,,,,,,,,,,,", u1499 ,m101,,
51247, u1499 ," Yeah. Yeah, I will."",,,,,,,,,,,,,,,,,,,,,,,,,,,,,,,", u1510 ,m101,,
51248, u1510 ," You try and have a good time.,,,,,,,,,,,,,,,,,,,,,,,,,,,,,,,", u1499 ,m101,,
51249, u1499 ," I'm on a leave of absence. Forced vacation.,,,,,,,,,,,,,,,,,,,,,,,,,,,,,,,", u1510 ,m101,,
51250, u1510 ," Where are you, anyway?"",,,,,,,,,,,,,,,,,,,,,,,,,,,,,,,", u1499 ,m101,,
51251, u1499 ," Jeffrey, where you going with this? So where you goin'?  You are important to a lot of people, Jeffrey. You think about that. You think about them."",,,,,,,,,,,,,,,,,,,,,,,,,,,,,,,", u1510 ,m101,,
51252, u1510 ," You fought for me...?!  ...you manipulated me... into where I am now... staring at the Brown & Williamson Building. It's all dark. Except the 10th floor! That's the legal department. That's where they fuck with my life!,,,,,,,,,,,,,,,,,,,,,,,,,,,,,,,", u1499 ,m101,,
51253, u1499 ," I fought for you... and I still fight for you.,,,,,,,,,,,,,,,,,,,,,,,,,,,,,,,", u1510 ,m101,,
51254, u1510 ," """"Up to you, Jeffrey. That's the power you have, Jeffrey. Vital insider information the American public need to know."""" Lowell Bergman, the hot show who never met a source he couldn't turn around."",,,,,,,,,,,,,,,,,,,,,,,,,,,,,,,", u1499 ,m101,,
51255, u1499 ," I greased the rails for a guy who wanted to say yes. I helped him to say yes. Alright. You're not a robot, Jeff! That's all. You got a mind of your own, don't you?"",,,,,,,,,,,,,,,,,,,,,,,,,,,,,,,", u1510 ,m101,,
51256, u1510 ," You greased the rails!,,,,,,,,,,,,,,,,,,,,,,,,,,,,,,,", u1499 ,m101,,
51257, u1499 ," That's bullshit, Jeff!"",,,,,,,,,,,,,,,,,,,,,,,,,,,,,,,", u1510 ,m101,,
51258, u1510 ," You manipulated me into this...!,,,,,,,,,,,,,,,,,,,,,,,,,,,,,,,", u1499 ,m101,,
51259, u1499 ," And I've got to refute every fucking accusation made in this report before The Wall Street Journal runs.  I am trying to protect you, man!"",,,,,,,,,,,,,,,,,,,,,,,,,,,,,,,", u1510 ,m101,,
51260, u1510 ," I've got to teach class. I've got to go. I've got to teach class.,,,,,,,,,,,,,,,,,,,,,,,,,,,,,,,", u1510 ,m101,,
51261, u1510 ," I told the truth... I told the truth.,,,,,,,,,,,,,,,,,,,,,,,,,,,,,,,", u1499 ,m101,,
51262, u1499 ," That's not the fucking point, whether you told the truth or not! Hello...?"",,,,,,,,,,,,,,,,,,,,,,,,,,,,,,,", u1510 ,m101,,
51263, u1510 ," What does this have to do with my testimony?! I told the truth! It's valid and true and provable!,,,,,,,,,,,,,,,,,,,,,,,,,,,,,,,", u1499 ,m101,,
51264, u1499 ," That's not the point.,,,,,,,,,,,,,,,,,,,,,,,,,,,,,,,", u1510 ,m101,,
51265, u1510 ," What does this have to do with my testimony?,,,,,,,,,,,,,,,,,,,,,,,,,,,,,,,", u1499 ,m101,,
51266, u1499 ," That's the whole point, Jeffrey. That's the whole point. Anyone's. Everyone's. They are gonna look under every rock, dig up every flaw, every mistake you've ever made. They are going to distort and exaggerate everything you've ever done, man. Don't you understand?"",,,,,,,,,,,,,,,,,,,,,,,,,,,,,,,", u1510 ,m101,,
51267, u1510 ," A can opener! A $39.95 can opener. I canceled payment... It was junk.  You ever bounce a check, Lowell? You ever look at another woman's tits? You ever cheat a little on your taxes?  Whose life, if you look at it under a microscope, doesn't have any flaws...?"",,,,,,,,,,,,,,,,,,,,,,,,,,,,,,,", u1499 ,m101,,
51268, u1499 ," ABC Telemarketing Company.,,,,,,,,,,,,,,,,,,,,,,,,,,,,,,,", u1510 ,m101,,
51269, u1510 ," ABC...?,,,,,,,,,,,,,,,,,,,,,,,,,,,,,,,", u1499 ,m101,,
51270, u1499 ," Alright... the ABC Telemarketing Company?,,,,,,,,,,,,,,,,,,,,,,,,,,,,,,,", u1510 ,m101,,
51271, u1510 ," What kind of shit is this? I was not on the team, I sparred with the Olympic Team... okay?"",,,,,,,,,,,,,,,,,,,,,,,,,,,,,,,", u1499 ,m101,,
51272, u1499 ," Some public relations guy got a hold of a tape of an interview... where you're saying you were on the American Judo Team in the Olympics...?,,,,,,,,,,,,,,,,,,,,,,,,,,,,,,,", u1510 ,m101,,
51273, u1510 ," What?,,,,,,,,,,,,,,,,,,,,,,,,,,,,,,,", u1499 ,m101,,
51274, u1499 ," Yes. Did you lie about being on the American Judo Team in the Olympics?,,,,,,,,,,,,,,,,,,,,,,,,,,,,,,,", u1510 ,m101,,
51275, u1510 ," She did not sue me. We had a dispute over money... I settled it, she dropped the complaint...  Any other questions?"",,,,,,,,,,,,,,,,,,,,,,,,,,,,,,,", u1499 ,m101,,
51276, u1499 ," She sued you for back payments of child support?,,,,,,,,,,,,,,,,,,,,,,,,,,,,,,,", u1510 ,m101,,
51277, u1510 ," ...I was young. I was young... confused... We didn't handle it the right way...,,,,,,,,,,,,,,,,,,,,,,,,,,,,,,,", u1499 ,m101,,
51278, u1499 ," Everything... you... say! And I can't defend you, man, with one hand tied behind my back! Because you keep from me... what they can discover. And they will discover everything! Believe me."",,,,,,,,,,,,,,,,,,,,,,,,,,,,,,,", u1510 ,m101,,
51279, u1510 ," I told the truth!,,,,,,,,,,,,,,,,,,,,,,,,,,,,,,,", u1510 ,m101,,
51280, u1510 ," What do you want to do, Lowell, look up my ass, too...!"",,,,,,,,,,,,,,,,,,,,,,,,,,,,,,,", u1499 ,m101,,
51281, u1499 ," Oh, you know what we do or do not need to know? Since when have you become a media expert?"",,,,,,,,,,,,,,,,,,,,,,,,,,,,,,,", u1510 ,m101,,
51282, u1510 ," I do not think that you """"know"""" for me... what it is to walk in my shoes...  ...for my kids to have seen it... for them to know why I've put them through what I did... the public airing of that... the testament to why I did what I did... you're telling me is not going to see the light of day."",,,,,,,,,,,,,,,,,,,,,,,,,,,,,,,", u1499 ,m101,,
51283, u1499 ," No? No, what?"",,,,,,,,,,,,,,,,,,,,,,,,,,,,,,,", u1510 ,m101,,
51284, u1510 ," No.,,,,,,,,,,,,,,,,,,,,,,,,,,,,,,,", u1499 ,m101,,
51285, u1499 ," B & W may have threatened litigation... CBS is on the block...  But you, I mean, I know how..."",,,,,,,,,,,,,,,,,,,,,,,,,,,,,,,", u1510 ,m101,,
51286, u1510 ," What?!,,,,,,,,,,,,,,,,,,,,,,,,,,,,,,,", u1499 ,m101,,
51287, u1499 ," I don't know how to say this, Jeff, except to just say it right out, so I'll say it. They do not want to air it."",,,,,,,,,,,,,,,,,,,,,,,,,,,,,,,", u1499 ,m101,,
51288, u1499 ," Run that Sandefur piece on """"nicotine's not addictive."""" Run that on-camera. Then cut right to Wigand with """"I believe they perjured..."""" Then go wide to the CEOs all taking the oath. Back on Jeff and play the pause after the word """"felt"""" on the B-side..."",,,,,,,,,,,,,,,,,,,,,,,,,,,,,,,", u1510 ,m101,,
51289, u1510 ," """"Part of the reason I'm here is I felt that their representation clearly, at least within..."""""",,,,,,,,,,,,,,,,,,,,,,,,,,,,,,,", u1510 ,m101,,
51290, u1510 ," No. I mean since whenever...,,,,,,,,,,,,,,,,,,,,,,,,,,,,,,,", u1499 ,m101,,
51291, u1499 ," You mean... since this morning?,,,,,,,,,,,,,,,,,,,,,,,,,,,,,,,", u1510 ,m101,,
51292, u1510 ," What's changed?,,,,,,,,,,,,,,,,,,,,,,,,,,,,,,,", u1510 ,m101,,
51293, u1510 ," I don't know what to do.,,,,,,,,,,,,,,,,,,,,,,,,,,,,,,,", u1499 ,m101,,
51294, u1499 ," I heard about the Kentucky gag order...,,,,,,,,,,,,,,,,,,,,,,,,,,,,,,,", u1510 ,m101,,
51295, u1510 ," Yeah, great."",,,,,,,,,,,,,,,,,,,,,,,,,,,,,,,", u1499 ,m101,,
51296, u1499 ," You attract a crowd.,,,,,,,,,,,,,,,,,,,,,,,,,,,,,,,", u1510 ,m101,,
51297, u1510 ," Did you have a good day?,,,,,,,,,,,,,,,,,,,,,,,,,,,,,,,", u1499 ,m101,,
51298, u1499 ," I know. I'm going to go there tonight...,,,,,,,,,,,,,,,,,,,,,,,,,,,,,,,", u1510 ,m101,,
51299, u1510 ," I'm going to be a witness for them in their litigation. So I'm going to fly to Pascagoula to give a deposition...,,,,,,,,,,,,,,,,,,,,,,,,,,,,,,,", u1499 ,m101,,
51300, u1499 ," I heard.,,,,,,,,,,,,,,,,,,,,,,,,,,,,,,,", u1510 ,m101,,
51301, u1510 ," I called Richard Scruggs in Mississippi...,,,,,,,,,,,,,,,,,,,,,,,,,,,,,,,", u1499 ,m101,,
51302, u1499 ," ...they """"volunteered."""" A friend owns a large security company."",,,,,,,,,,,,,,,,,,,,,,,,,,,,,,,", u1510 ,m101,,
51303, u1510 ," Lowell, I can't afford --"",,,,,,,,,,,,,,,,,,,,,,,,,,,,,,,", u1510 ,m101,,
51304, u1510 ," ...to talk about it. To think about it. I had a plan to ease her into it. But, I really -- I didn't know how to do that..."",,,,,,,,,,,,,,,,,,,,,,,,,,,,,,,", u1499 ,m101,,
51305, u1499 ," Liane, this is a preliminary...  You didn't tell her we were taping? What did she think she was coming to New York for?"",,,,,,,,,,,,,,,,,,,,,,,,,,,,,,,", u1510 ,m101,,
51306, u1510 ," I'll call them, Lowell."",,,,,,,,,,,,,,,,,,,,,,,,,,,,,,,", u1499 ,m101,,
51307, u1499 ," Good. But Jeff...,,,,,,,,,,,,,,,,,,,,,,,,,,,,,,,", u1510 ,m101,,
51308, u1510 ," They get to go home at night. What does it cost these people to do this to us? Nothing?! My girls are crying, so fuck them! I want to tape! I'm done thinking about it."",,,,,,,,,,,,,,,,,,,,,,,,,,,,,,,", u1499 ,m101,,
51309, u1499 ," Jeff...,,,,,,,,,,,,,,,,,,,,,,,,,,,,,,,", u1510 ,m101,,
51310, u1510 ," They do this with impunity!,,,,,,,,,,,,,,,,,,,,,,,,,,,,,,,", u1499 ,m101,,
51311, u1499 ," Jeff, call the FBI right away..."",,,,,,,,,,,,,,,,,,,,,,,,,,,,,,,", u1510 ,m101,,
51312, u1510 ," They're terrorizing us. Death threats?! To my family? My kids?!,,,,,,,,,,,,,,,,,,,,,,,,,,,,,,,", u1499 ,m101,,
51313, u1499 ," Excuse me. Yeah...,,,,,,,,,,,,,,,,,,,,,,,,,,,,,,,", u1499 ,m101,,
51314, u1499 ," Words! While you've been dickin' around at fucking company golf tournaments, I been out in the world, giving my word and backing it up with action."",,,,,,,,,,,,,,,,,,,,,,,,,,,,,,,", u1510 ,m101,,
51315, u1510 ," I have to put my family's welfare on the line here, my friend! And what are you puttin' up? You're puttin' up words!"",,,,,,,,,,,,,,,,,,,,,,,,,,,,,,,", u1499 ,m101,,
51316, u1499 ," No, don't evade a choice you gotta make be questioning my reputation or """"60 Minutes'"""" with this cheap skepticism!"",,,,,,,,,,,,,,,,,,,,,,,,,,,,,,,", u1510 ,m101,,
51317, u1510 ," I don't think you really understand --,,,,,,,,,,,,,,,,,,,,,,,,,,,,,,,", u1499 ,m101,,
51318, u1499 ," Are you talking to me or did somebody else just walk in here?! I never abandoned a source!,,,,,,,,,,,,,,,,,,,,,,,,,,,,,,,", u1510 ,m101,,
51319, u1510 ," Maybe that's just what you've been telling yourself all these years to justify having a good job? Having status? And maybe for the audience, it's just voyeurism? Something to do on a Sunday night. And maybe it won't change a fucking thing. And people like myself and my family are left hung out to dry. Used up! Broke, alone!"",,,,,,,,,,,,,,,,,,,,,,,,,,,,,,,", u1499 ,m101,,
51320, u1499 ," Yes.,,,,,,,,,,,,,,,,,,,,,,,,,,,,,,,", u1510 ,m101,,
51321, u1510 ," You believe that because you get information out to people... something happens?,,,,,,,,,,,,,,,,,,,,,,,,,,,,,,,", u1499 ,m101,,
51322, u1499 ," I believe that? Yes, I believe that."",,,,,,,,,,,,,,,,,,,,,,,,,,,,,,,", u1510 ,m101,,
51323, u1510 ," You believe that?,,,,,,,,,,,,,,,,,,,,,,,,,,,,,,,", u1499 ,m101,,
51324, u1499 ," You should. Because when you're done, a judgment is going to go down in the court of public opinion, my friend. And that's the power you have."",,,,,,,,,,,,,,,,,,,,,,,,,,,,,,,", u1510 ,m101,,
51325, u1510 ," No.,,,,,,,,,,,,,,,,,,,,,,,,,,,,,,,", u1499 ,m101,,
51326, u1499 ," You believe that?,,,,,,,,,,,,,,,,,,,,,,,,,,,,,,,", u1499 ,m101,,
51327, u1499 ," ...to a network, probably, we're all commodities.  To me? You are not a commodity. What you are is important."",,,,,,,,,,,,,,,,,,,,,,,,,,,,,,,", u1510 ,m101,,
51328, u1510 ," I'm just a commodity to you, aren't I? I could be anything. Right? Anything worth putting on between commercials..."",,,,,,,,,,,,,,,,,,,,,,,,,,,,,,,", u1499 ,m101,,
51329, u1499 ," I'm not pushing you around!  I'm asking you questions.,,,,,,,,,,,,,,,,,,,,,,,,,,,,,,,", u1510 ,m101,,
51330, u1510 ," I drink. A couple of occasions more than I should have.  I was cited for shoplifting once. But it was a mistake...  I pushed Liane one time. We were both stressed out because of the pressure. She went to her mother's.  I got fired because when I get angry I have difficulty censoring myself. And I don't like to be pushed around!,,,,,,,,,,,,,,,,,,,,,,,,,,,,,,,", u1499 ,m101,,
51331, u1499 ," They're gonna dig up stuff from your past, they're gonna throw it at you. I got to know what they're gonna throw. You understand?"",,,,,,,,,,,,,,,,,,,,,,,,,,,,,,,", u1510 ,m101,,
51332, u1510 ," Why?,,,,,,,,,,,,,,,,,,,,,,,,,,,,,,,", u1499 ,m101,,
51333, u1499 ," Well, my father left us when I was five-years old. He was not the most ingenious man I ever knew... Let's get back to Brown & Williamson. If you decide to go on """"60 Minutes,"""" I got to know everything about why you got fired."",,,,,,,,,,,,,,,,,,,,,,,,,,,,,,,", u1510 ,m101,,
51334, u1510 ," My father was a mechanical engineer... most ingenious man I ever knew.,,,,,,,,,,,,,,,,,,,,,,,,,,,,,,,", u1499 ,m101,,
51335, u1499 ," You charge by the hour?,,,,,,,,,,,,,,,,,,,,,,,,,,,,,,,", u1510 ,m101,,
51336, u1510 ," Is that why you became a journalist? Then you get to ask all the questions?,,,,,,,,,,,,,,,,,,,,,,,,,,,,,,,", u1499 ,m101,,
51337, u1499 ," My father? What the hell's that got to do with my father?,,,,,,,,,,,,,,,,,,,,,,,,,,,,,,,", u1510 ,m101,,
51338, u1510 ," Next to your father?,,,,,,,,,,,,,,,,,,,,,,,,,,,,,,,", u1499 ,m101,,
51339, u1499 ," Marcuse. Yeah. He was my mentor. He had a major influence on the New Left in the late '60s... and on me, personally."",,,,,,,,,,,,,,,,,,,,,,,,,,,,,,,", u1510 ,m101,,
51340, u1510 ," The internet said you did graduate work in Wisconsin, then went to UC La Jolla with Professor... Marcus?"",,,,,,,,,,,,,,,,,,,,,,,,,,,,,,,", u1510 ,m101,,
51341, u1510 ," Tempura...,,,,,,,,,,,,,,,,,,,,,,,,,,,,,,,", u1499 ,m101,,
51342, u1499 ," What did you get us?,,,,,,,,,,,,,,,,,,,,,,,,,,,,,,,", u1499 ,m101,,
51343, u1499 ," It's okay.,,,,,,,,,,,,,,,,,,,,,,,,,,,,,,,", u1510 ,m101,,
51344, u1510 ," Yeah... Look, thanks for talking. I'm sorry I woke you up."",,,,,,,,,,,,,,,,,,,,,,,,,,,,,,,", u1499 ,m101,,
51345, u1499 ," Hello. You there,,,,,,,,,,,,,,,,,,,,,,,,,,,,,,,", u1499 ,m101,,
51346, u1499 ," It's obvious, isn't it?"",,,,,,,,,,,,,,,,,,,,,,,,,,,,,,,", u1510 ,m101,,
51347, u1510 ," How'd you know that, Lowell?"",,,,,,,,,,,,,,,,,,,,,,,,,,,,,,,", u1499 ,m101,,
51348, u1499 ," Makes you feel good? Putting what you know to use?,,,,,,,,,,,,,,,,,,,,,,,,,,,,,,,", u1510 ,m101,,
51349, u1510 ," ...okay.,,,,,,,,,,,,,,,,,,,,,,,,,,,,,,,", u1499 ,m101,,
51350, u1499 ," Oh, yes, yes, yes, I did... I wanted to talk to you. I wanted to hook up and talk to you. About what we were talking about in your car."",,,,,,,,,,,,,,,,,,,,,,,,,,,,,,,", u1510 ,m101,,
51351, u1510 ," No, you said you were going to call me tomorrow. So, what about?"",,,,,,,,,,,,,,,,,,,,,,,,,,,,,,,", u1510 ,m101,,
51352, u1510 ," Good.  You have kids?,,,,,,,,,,,,,,,,,,,,,,,,,,,,,,,", u1499 ,m101,,
51353, u1499 ," You know, I was thinking of calling you tomorrow, anyway.  How are your kids handling the new house?"",,,,,,,,,,,,,,,,,,,,,,,,,,,,,,,", u1499 ,m101,,
51354, u1499 ," You okay?,,,,,,,,,,,,,,,,,,,,,,,,,,,,,,,", u1510 ,m101,,
51355, u1510 ," The new place? New.,,,,,,,,,,,,,,,,,,,,,,,,,,,,,,,", u1499 ,m101,,
51356, u1499 ," Then... you're in a state of conflict, Jeff."",,,,,,,,,,,,,,,,,,,,,,,,,,,,,,,", u1510 ,m101,,
51357, u1510 ," I've always thought of myself... as a man of science. That's what's wrong with it.,,,,,,,,,,,,,,,,,,,,,,,,,,,,,,,", u1510 ,m101,,
51358, u1510 ," I can't talk about it. The work I was supposed to do... might have had some positive effect. I don't know... it could have been beneficial.  Mostly, I got paid a lot. I took the money. My wife was happy. My kids had good medical. Good schools. Got a great house.  I mean, what the hell is wrong with that...?"",,,,,,,,,,,,,,,,,,,,,,,,,,,,,,,", u1499 ,m101,,
51359, u1499 ," Okay, so, here you are... you go to work for tobacco.  You come from corporate cultures where research, really, creative thinking, these are core values. You go to tobacco... Tobacco is a sales culture. Market and sell enormous volume. Go to a lot of golf tournaments. The hell with everything else.  What are you doing? Why are you working for """"tobacco"""" in the first place?"",,,,,,,,,,,,,,,,,,,,,,,,,,,,,,,", u1510 ,m101,,
51360, u1510 ," It was on C-SPAN. Yeah.,,,,,,,,,,,,,,,,,,,,,,,,,,,,,,,", u1499 ,m101,,
51361, u1499 ," ...and swore under oath that they know nothing about addiction, disease..."",,,,,,,,,,,,,,,,,,,,,,,,,,,,,,,", u1510 ,m101,,
51362, u1510 ," The seven CEOs of Big Tobacco... they got up in front of Congress that time... it was on television...,,,,,,,,,,,,,,,,,,,,,,,,,,,,,,,", u1499 ,m101,,
51363, u1499 ," Seven dwarfs?,,,,,,,,,,,,,,,,,,,,,,,,,,,,,,,", u1499 ,m101,,
51364, u1499 ," I don't know... you think the Knicks are gonna make it through the semi- finals?,,,,,,,,,,,,,,,,,,,,,,,,,,,,,,,", u1510 ,m101,,
51365, u1510 ," Johnson & Johnson. Union Carbide in Japan. I was general manager and director of new products. I speak Japanese. I was a director of corporate development at Pfizer. All health-related.  What else? Outside the """"zone""""...?"",,,,,,,,,,,,,,,,,,,,,,,,,,,,,,,", u1499 ,m101,,
51366, u1499 ," Like where'd you work before Brown & Williamson?,,,,,,,,,,,,,,,,,,,,,,,,,,,,,,,", u1510 ,m101,,
51367, u1510 ," Like what?,,,,,,,,,,,,,,,,,,,,,,,,,,,,,,,", u1499 ,m101,,
51368, u1499 ," Talk to me outside the zone of your agreement?,,,,,,,,,,,,,,,,,,,,,,,,,,,,,,,", u1510 ,m101,,
51369, u1510 ," They should be.,,,,,,,,,,,,,,,,,,,,,,,,,,,,,,,", u1499 ,m101,,
51370, u1499 ," They're afraid of you, aren't they?"",,,,,,,,,,,,,,,,,,,,,,,,,,,,,,,", u1510 ,m101,,
51371, u1510 ," And, I'm unemployed. So I have to protect my medical coverage.  ...so I left them a message this morning. Their expanded confidentiality agreement? I will sign it."",,,,,,,,,,,,,,,,,,,,,,,,,,,,,,,", u1499 ,m101,,
51372, u1499 ," No. I did not. Big Tobacco is a big story. And you got something important to say. I can tell.  But, yes. I did. I came all the way down here to tell you: story, no story, fuck your story, I don't burn people."",,,,,,,,,,,,,,,,,,,,,,,,,,,,,,,", u1510 ,m101,,
51373, u1510 ," You came all the way down here to tell me that?,,,,,,,,,,,,,,,,,,,,,,,,,,,,,,,", u1499 ,m101,,
51374, u1499 ," And I don't like paranoid accusations! I'm a journalist. Think. Use your head. How do I operate as a journalist by screwing the people who could provide me with information before they provided me with it?,,,,,,,,,,,,,,,,,,,,,,,,,,,,,,,", u1510 ,m101,,
51375, u1510 ," It happened after I talked to you. I do not like coincidences!,,,,,,,,,,,,,,,,,,,,,,,,,,,,,,,", u1499 ,m101,,
51376, u1499 ," How the hell do I know about Brown & Williamson?,,,,,,,,,,,,,,,,,,,,,,,,,,,,,,,", u1510 ,m101,,
51377, u1510 ," How did Brown & Williamson know I spoke to you...?,,,,,,,,,,,,,,,,,,,,,,,,,,,,,,,", u1499 ,m101,,
51378, u1499 ," Why am I gonna mention your name?,,,,,,,,,,,,,,,,,,,,,,,,,,,,,,,", u1510 ,m101,,
51379, u1510 ," So, you didn't mention my name? You haven't talked to anybody about me?"",,,,,,,,,,,,,,,,,,,,,,,,,,,,,,,", u1499 ,m101,,
51380, u1499 ," To straighten something out with you. Right here. Right now.,,,,,,,,,,,,,,,,,,,,,,,,,,,,,,,", u1510 ,m101,,
51381, u1510 ," This is my house... In front of my wife, my kids?! What business do we have?"",,,,,,,,,,,,,,,,,,,,,,,,,,,,,,,", u1499 ,m101,,
51382, u1499 ," I did not burn you. I did not give you up to anyone!,,,,,,,,,,,,,,,,,,,,,,,,,,,,,,,", u1510 ,m101,,
51383, u1510 ," What do...,,,,,,,,,,,,,,,,,,,,,,,,,,,,,,,", u1510 ,m101,,
51384, u1510 ," Good. I want to talk to you.,,,,,,,,,,,,,,,,,,,,,,,,,,,,,,,", u1499 ,m101,,
51385, u1499 ," C'mere. I want to talk to you.,,,,,,,,,,,,,,,,,,,,,,,,,,,,,,,", u1499 ,m101,,
51386, u1499 ," I'm Lowell Bergman. We spoke on the phone, remember?"",,,,,,,,,,,,,,,,,,,,,,,,,,,,,,,", u1510 ,m101,,
51387, u1510 ," Jump in, quick, c'mon..."",,,,,,,,,,,,,,,,,,,,,,,,,,,,,,,", u1499 ,m101,,
51388, u1499 ," Mrs. Wigand, how do you do?"",,,,,,,,,,,,,,,,,,,,,,,,,,,,,,,", u1510 ,m101,,
51389, u1510 ," Fuck you, too!"",,,,,,,,,,,,,,,,,,,,,,,,,,,,,,,", u1499 ,m101,,
51390, u1499 ," What are you talking about? Where are you?,,,,,,,,,,,,,,,,,,,,,,,,,,,,,,,", u1510 ,m101,,
51391, u1510 ," ...protect your sources...! You screwed me! You sold me out!,,,,,,,,,,,,,,,,,,,,,,,,,,,,,,,", u1499 ,m101,,
51392, u1499 ," If you want to do it.,,,,,,,,,,,,,,,,,,,,,,,,,,,,,,,", u1510 ,m101,,
51393, u1510 ," Should I just take the documents now?,,,,,,,,,,,,,,,,,,,,,,,,,,,,,,,", u1499 ,m101,,
51394, u1499 ," That, you have to discuss with CBS Business Affairs. But, for something like this, I would say anywhere between 10, 12 thousand."",,,,,,,,,,,,,,,,,,,,,,,,,,,,,,,", u1510 ,m101,,
51395, u1510 ," How much would I get paid?,,,,,,,,,,,,,,,,,,,,,,,,,,,,,,,", u1499 ,m101,,
51396, u1499 ," Did work.,,,,,,,,,,,,,,,,,,,,,,,,,,,,,,,", u1510 ,m101,,
51397, u1510 ," Did work.,,,,,,,,,,,,,,,,,,,,,,,,,,,,,,,", u1499 ,m101,,
51398, u1499 ," Between journalists and management, yes, I believe they do... but I don't take that seriously.  Where do you work?"",,,,,,,,,,,,,,,,,,,,,,,,,,,,,,,", u1510 ,m101,,
51399, u1510 ," Doesn't CBS have confidentiality agreements, Mr. Bergman?"",,,,,,,,,,,,,,,,,,,,,,,,,,,,,,,", u1510 ,m101,,
51400, u1510 ," This issue is a drop in the bucket. I can talk to you about what's in here. But I can't talk to you about anything else.,,,,,,,,,,,,,,,,,,,,,,,,,,,,,,,", u1499 ,m101,,
51401, u1499 ," Far as you go where?,,,,,,,,,,,,,,,,,,,,,,,,,,,,,,,", u1510 ,m101,,
51402, u1510 ," ...but that's as far as I go...,,,,,,,,,,,,,,,,,,,,,,,,,,,,,,,", u1510 ,m101,,
51403, u1510 ," How did a radical journalist from Ramparts Magazine end up at CBS?,,,,,,,,,,,,,,,,,,,,,,,,,,,,,,,", u1499 ,m101,,
51404, u1499 ," Just so I know you know, when I talk to people in confidence, it stays that way."",,,,,,,,,,,,,,,,,,,,,,,,,,,,,,,", u1510 ,m101,,
51405, u1510 ," I know what I have to know.,,,,,,,,,,,,,,,,,,,,,,,,,,,,,,,", u1510 ,m101,,
51406, u1510 ," Like what? Your sign?,,,,,,,,,,,,,,,,,,,,,,,,,,,,,,,", u1499 ,m101,,
51407, u1499 ," Is there anything you want to know about me, Mr. Wigand...?"",,,,,,,,,,,,,,,,,,,,,,,,,,,,,,,", u1510 ,m101,,
51408, u1510 ," Look, I really don't have that much time..."",,,,,,,,,,,,,,,,,,,,,,,,,,,,,,,", u1510 ,m101,,
51409, u1510 ," Black, black..."",,,,,,,,,,,,,,,,,,,,,,,,,,,,,,,", u1499 ,m101,,
51410, u1499 ," How do you like your coffee? Black?,,,,,,,,,,,,,,,,,,,,,,,,,,,,,,,", u1499 ,m101,,
51411, u1499 ," That's room service. They usually knock first.  Come on in... Over here, please."",,,,,,,,,,,,,,,,,,,,,,,,,,,,,,,", u1510 ,m101,,
51412, u1510 ," Who's that?,,,,,,,,,,,,,,,,,,,,,,,,,,,,,,,", u1499 ,m101,,
51413, u1499 ," No, you can.  Tell him to get on the fucking phone!"",,,,,,,,,,,,,,,,,,,,,,,,,,,,,,,", u1506 ,m101,,
51414, u1506 ," I can't say that!,,,,,,,,,,,,,,,,,,,,,,,,,,,,,,,", u1499 ,m101,,
51415, u1499 ," Alright, now listen to me. I want you -- I want you to tell him, in these words: get on the fucking phone...!"",,,,,,,,,,,,,,,,,,,,,,,,,,,,,,,", u1506 ,m101,,
51416, u1506 ," He doesn't seem to be listening...,,,,,,,,,,,,,,,,,,,,,,,,,,,,,,,", u1499 ,m101,,
51417, u1499 ," What's happening?!,,,,,,,,,,,,,,,,,,,,,,,,,,,,,,,", u1499 ,m101,,
51418, u1499 ," Hello, can you hear me now?"",,,,,,,,,,,,,,,,,,,,,,,,,,,,,,,", u1506 ,m101,,
51419, u1506 ," What?,,,,,,,,,,,,,,,,,,,,,,,,,,,,,,,", u1499 ,m101,,
51420, u1499 ," What about now?,,,,,,,,,,,,,,,,,,,,,,,,,,,,,,,", u1506 ,m101,,
51421, u1506 ," You're breaking up. I can't hear you.,,,,,,,,,,,,,,,,,,,,,,,,,,,,,,,", u1499 ,m101,,
51422, u1499 ," Did he hear you?,,,,,,,,,,,,,,,,,,,,,,,,,,,,,,,", u1499 ,m101,,
51423, u1499 ," No, no. Don't call the police!  Just tell him I'm on the phone with you... My name is Lowell Bergman... Just tell him that."",,,,,,,,,,,,,,,,,,,,,,,,,,,,,,,", u1506 ,m101,,
51424, u1506 ," I think I need to call the police. He won't respond...,,,,,,,,,,,,,,,,,,,,,,,,,,,,,,,", u1510 ,m101,,
51425, u1510 ," Our favorite hotel, honey... I checked into Room 930. Odd choice? Huh?"",,,,,,,,,,,,,,,,,,,,,,,,,,,,,,,", u1500 ,m101,,
51426, u1500 ," Where you staying now?,,,,,,,,,,,,,,,,,,,,,,,,,,,,,,,", u1510 ,m101,,
51427, u1510 ," And, so, I moved out... I see the girls a couple of days a week..."",,,,,,,,,,,,,,,,,,,,,,,,,,,,,,,", u1510 ,m101,,
51428, u1510 ," Liane has filed for divorce...,,,,,,,,,,,,,,,,,,,,,,,,,,,,,,,", u1500 ,m101,,
51429, u1500 ," What do you mean there is no family?,,,,,,,,,,,,,,,,,,,,,,,,,,,,,,,", u1510 ,m101,,
51430, u1510 ," There is -- there is no family.,,,,,,,,,,,,,,,,,,,,,,,,,,,,,,,", u1500 ,m101,,
51431, u1500 ," Jeffrey, how are you? How's the family, okay?"",,,,,,,,,,,,,,,,,,,,,,,,,,,,,,,", u1510 ,m101,,
51432, u1510 ," Then hold it off the air until you got that. But I want to go to New York. And I want to go on the record. Right now!,,,,,,,,,,,,,,,,,,,,,,,,,,,,,,,", u1500 ,m101,,
51433, u1500 ," I heard you. But I got to arrange a legal defense first. I got to get you to testify in court, get it on public record."",,,,,,,,,,,,,,,,,,,,,,,,,,,,,,,", u1510 ,m101,,
51434, u1510 ," Someone put a bullet in my mailbox.,,,,,,,,,,,,,,,,,,,,,,,,,,,,,,,", u1500 ,m101,,
51435, u1500 ," What are you talking about?,,,,,,,,,,,,,,,,,,,,,,,,,,,,,,,", u1500 ,m101,,
51436, u1500 ," You called me.,,,,,,,,,,,,,,,,,,,,,,,,,,,,,,,", u1510 ,m101,,
51437, u1510 ," Well, no, look... I mean, there was a footprint. Forget it. It's probably not important at all.  You know, I got a job now. I'm teaching high school. Japanese and Chemistry.  So, what were you calling about?"",,,,,,,,,,,,,,,,,,,,,,,,,,,,,,,", u1510 ,m101,,
51438, u1510 ," I don't know what the fuck I really think! Are they doing it? Is some crank doing it? Are they doing it to make me feel paranoid? Are they doing it for real and don't give a shit what I think? I don't know! I don't fucking know.,,,,,,,,,,,,,,,,,,,,,,,,,,,,,,,", u1500 ,m101,,
51439, u1500 ," Well, what do you really think, though?"",,,,,,,,,,,,,,,,,,,,,,,,,,,,,,,", u1510 ,m101,,
51440, u1510 ," I don't want to be paranoid... I mean, maybe it's a game. Some kind of mind game."",,,,,,,,,,,,,,,,,,,,,,,,,,,,,,,", u1500 ,m101,,
51441, u1500 ," What do you mean followed you? Did you call the police?,,,,,,,,,,,,,,,,,,,,,,,,,,,,,,,", u1510 ,m101,,
51442, u1510 ," Hold on a minute, Lowell...  ...somebody... may be following me. I don't know. They came on the property..."",,,,,,,,,,,,,,,,,,,,,,,,,,,,,,,", u1510 ,m101,,
51443, u1510 ," She's okay.,,,,,,,,,,,,,,,,,,,,,,,,,,,,,,,", u1500 ,m101,,
51444, u1500 ," We have a couple. One's hers, one's mine. Everybody uses a different name.  Modern marriage.  How's Liane?"",,,,,,,,,,,,,,,,,,,,,,,,,,,,,,,", u1510 ,m101,,
51445, u1510 ," For example. James Burke, the CEO of Johnson & Johnson... when he found out that some lunatic had put poison in Tylenol bottles, he didn't argue with the FDA... He didn't even wait for the FDA to tell him. He just pulled Tylenol off every shelf of every store right across America. Instantly. And then he developed the safety cap... Because, look, as a CEO, sure, he's gotta be a great businessman, right? But he's also a man of science. He's not going to allow his company... to put on the shelf... a product that might hurt people.  Not like the Seven Dwarfs..."",,,,,,,,,,,,,,,,,,,,,,,,,,,,,,,", u1500 ,m101,,
51446, u1500 ," Just give me an example...,,,,,,,,,,,,,,,,,,,,,,,,,,,,,,,", u1501 ,m101,,
51447, u1501 ," Dr. Wigand, you do understand what could happen, don't you?"",,,,,,,,,,,,,,,,,,,,,,,,,,,,,,,", u1504 ,m101,,
51448, u1504 ," Now, they tried to get the Mississippi Court to honor it, but the judge threw it out...  However, for you, there is a more perilous effect to the Kentucky gag order..."",,,,,,,,,,,,,,,,,,,,,,,,,,,,,,,", u1501 ,m101,,
51449, u1501 ," Right.,,,,,,,,,,,,,,,,,,,,,,,,,,,,,,,", u1504 ,m101,,
51450, u1504 ," Mike's our Attorney General down here.  I was just explaining to Jeff, they got a Kentucky court to issue a gag order to stop his deposition today."",,,,,,,,,,,,,,,,,,,,,,,,,,,,,,,", u1501 ,m101,,
51451, u1501 ," Good to meet you, Dr. Wigand."",,,,,,,,,,,,,,,,,,,,,,,,,,,,,,,", u1504 ,m101,,
51452, u1504 ," Jeff Wigand, Michael Moore."",,,,,,,,,,,,,,,,,,,,,,,,,,,,,,,", u1510 ,m101,,
51453, u1510 ," """"There are times... I wish I hadn't done it. But there are times that I feel compelled to do it..."""" """"I've -- if you asked me if I would do it again or if it's -- do I think it's worth it. Yeah. I think it's worth it."""""",,,,,,,,,,,,,,,,,,,,,,,,,,,,,,,", u1502 ,m101,,
51454, u1502 ," """"You wish you hadn't blown the whistle?"""""",,,,,,,,,,,,,,,,,,,,,,,,,,,,,,,", u1502 ,m101,,
51455, u1502 ," """"The former executive has reason to bet on being sued, for major cigarette manufacturers..."""""",,,,,,,,,,,,,,,,,,,,,,,,,,,,,,,", u1510 ,m101,,
51456, u1510 ," """"I would bet on it."""""",,,,,,,,,,,,,,,,,,,,,,,,,,,,,,,", u1510 ,m101,,
51457, u1510 ," Yeah, there are times I wish I hadn't done it. There are times I feel compelled to do it. If you asked me would I do it again? Do I think it's worth it? Yeah, I think it's worth it."",,,,,,,,,,,,,,,,,,,,,,,,,,,,,,,", u1502 ,m101,,
51458, u1502 ," And, do you wish you hadn't come forward? You wish you hadn't blown the whistle?"",,,,,,,,,,,,,,,,,,,,,,,,,,,,,,,", u1510 ,m101,,
51459, u1510 ," Poor communication skills.,,,,,,,,,,,,,,,,,,,,,,,,,,,,,,,", u1502 ,m101,,
51460, u1502 ," And on March 24, Thomas Sandefur, CEO of Brown & Williamson had you fired. And the reason he gave you?"",,,,,,,,,,,,,,,,,,,,,,,,,,,,,,,", u1510 ,m101,,
51461, u1510 ," Most certainly.,,,,,,,,,,,,,,,,,,,,,,,,,,,,,,,", u1502 ,m101,,
51462, u1502 ," In other words, you were charging Sandefur and Brown & Williamson with ignoring health considerations consciously..."",,,,,,,,,,,,,,,,,,,,,,,,,,,,,,,", u1510 ,m101,,
51463, u1510 ," I sent the document forward to Sandefur. I was told that we would continue to work on a substitute, we weren't going to remove it as it would impact sales, and that that was his decision."",,,,,,,,,,,,,,,,,,,,,,,,,,,,,,,", u1502 ,m101,,
51464, u1502 ," And you sent the document forward to Sandefur?,,,,,,,,,,,,,,,,,,,,,,,,,,,,,,,", u1510 ,m101,,
51465, u1510 ," The straw that broke the camel's back for me and really put me in trouble with Sandefur was a compound called """"coumarin."""" When I came on board at B&W, they had tried to transition from coumarin to a similar flavor that would give the same taste, and had been unsuccessful. I wanted it out immediately. I was told that it would affect sales, so I should mind my own business. I constructed a memo to Mr. Sandefur indicating I could not in conscience continue with coumarin in a product that we now knew, we had documentation, was similar to coumadin, a lung-specific carcinogen..."",,,,,,,,,,,,,,,,,,,,,,,,,,,,,,,", u1510 ,m101,,
51466, u1510 ," The process is known as """"impact boosting..."""" While not spiking nicotine, they clearly manipulate it. There's extensive use of this technology, know as """"ammonia chemistry."""" It allows for the nicotine to be more rapidly absorbed in the lung and therefore affect the brain and central nervous system."",,,,,,,,,,,,,,,,,,,,,,,,,,,,,,,", u1502 ,m101,,
51467, u1502 ," You're saying that Brown & Williamson manipulates and adjusts the nicotine fix, not by artificially adding nicotine, but by enhancing the effect of nicotine through the use of chemical elements such as ammonia..."",,,,,,,,,,,,,,,,,,,,,,,,,,,,,,,", u1510 ,m101,,
51468, u1510 ," You're gonna get your fix...,,,,,,,,,,,,,,,,,,,,,,,,,,,,,,,", u1502 ,m101,,
51469, u1502 ," A delivery device for nicotine. Put it in your mouth, light it up, and you're gonna get your fix..."",,,,,,,,,,,,,,,,,,,,,,,,,,,,,,,", u1510 ,m101,,
51470, u1510 ," A delivery device for nicotine.,,,,,,,,,,,,,,,,,,,,,,,,,,,,,,,", u1502 ,m101,,
51471, u1502 ," And that's what cigarettes are for...?,,,,,,,,,,,,,,,,,,,,,,,,,,,,,,,", u1510 ,m101,,
51472, u1510 ," Part of the reason I'm here is I felt that their representation clearly misstated, at least within Brown & Williamson's representation, clearly misstated... what is common language within the company... we are in the nicotine delivery business."",,,,,,,,,,,,,,,,,,,,,,,,,,,,,,,", u1502 ,m101,,
51473, u1502 ," All of us did. There was this whole line of people... whole line of CEOs up there all swearing.,,,,,,,,,,,,,,,,,,,,,,,,,,,,,,,", u1510 ,m101,,
51474, u1510 ," ...I believe Mr. Sandefur perjured himself because I watched those testimonies very carefully.,,,,,,,,,,,,,,,,,,,,,,,,,,,,,,,", u1502 ,m101,,
51475, u1502 ," You heard Mr. Sandefur say before Congress that he believed nicotine was not addictive...?,,,,,,,,,,,,,,,,,,,,,,,,,,,,,,,", u1503 ,m101,,
51476, u1503 ," Oh, you got rights and lefts! Ups and downs and middles! So what?! You don't get to instruct anything around here! This is not North Carolina, not South Carolina nor Kentucky. This is the sovereign State of Mississippi's proceeding. Wipe that smirk off your face! Dr. Wigand's deposition will be part of this record. And I'm going to take my witness' testimony! Whether the hell you like it or not!  Answer the question, Dr..."",,,,,,,,,,,,,,,,,,,,,,,,,,,,,,,", u1509 ,m101,,
51477, u1509 ," Dr. Wigand. I am instructing you...  ...not to answer that question in accordance to the terms of the contractual obligations undertaken by you not to disclose any information about your work at the Brown & Williamson Tobacco Company. And in accordance with the force and effect of the temporary restraining order that has been entered against you to by the court in the State of Kentucky! That means you don't talk!  Mr. Motley, we have rights, here..."",,,,,,,,,,,,,,,,,,,,,,,,,,,,,,,", u1503 ,m101,,
51478, u1503 ," There an echo in here? Your objection's been recorded. She typed it into her little machine over there. It's on the record. So now I'll proceed with my deposition of my witness. Does it act as a drug?,,,,,,,,,,,,,,,,,,,,,,,,,,,,,,,", u1509 ,m101,,
51479, u1509 ," Object!,,,,,,,,,,,,,,,,,,,,,,,,,,,,,,,", u1503 ,m101,,
51480, u1503 ," It acts as a...,,,,,,,,,,,,,,,,,,,,,,,,,,,,,,,", u1509 ,m101,,
51481, u1509 ," Object to the form!,,,,,,,,,,,,,,,,,,,,,,,,,,,,,,,", u1503 ,m101,,
51482, u1503 ," It acts as a drug on the body?,,,,,,,,,,,,,,,,,,,,,,,,,,,,,,,", u1509 ,m101,,
51483, u1509 ," Object to the form of the question!,,,,,,,,,,,,,,,,,,,,,,,,,,,,,,,", u1510 ,m101,,
51484, u1510 ," How does one... """"go... to... jail?"""" What does my family do? Go on welfare? If my wife has to work? Who's going to look after the kids? Put food on the table? My children need me. If I'm not teaching... there's no medical... no medical... even on co- pay, that's like... Tuition..."",,,,,,,,,,,,,,,,,,,,,,,,,,,,,,,", u1504 ,m101,,
51485, u1504 ," Possibly, yes. That is one of the possible consequences of your testifying here today. That's right..."",,,,,,,,,,,,,,,,,,,,,,,,,,,,,,,", u1510 ,m101,,
51486, u1510 ," Jail?,,,,,,,,,,,,,,,,,,,,,,,,,,,,,,,", u1510 ,m101,,
51487, u1510 ," When should we do this?,,,,,,,,,,,,,,,,,,,,,,,,,,,,,,,", u1504 ,m101,,
51488, u1504 ," My co-counsel, Ron Motley, and I have filed a lawsuit against the tobacco industry on behalf of the State of Mississippi to get the state reimbursed Medicaid costs for treating people with smoking-related illness.  If you'd be interested in talking to us, we'd certainly like to talk to you..."",,,,,,,,,,,,,,,,,,,,,,,,,,,,,,,", u1510 ,m101,,
51489, u1510 ," Mr. Scruggs, Jeff Wigand. Lowell Bergman said I should give you a call..."",,,,,,,,,,,,,,,,,,,,,,,,,,,,,,,", u1504 ,m101,,
51490, u1504 ," Hello.,,,,,,,,,,,,,,,,,,,,,,,,,,,,,,,", u1508 ,m101,,
51491, u1508 ," I appreciate all that, Jeff. But, upon reflection... we've decided to expand our zone of comfort with you."",,,,,,,,,,,,,,,,,,,,,,,,,,,,,,,", u1510 ,m101,,
51492, u1510 ," Okay.  I don't believe you can maintain corporate integrity without confidentiality agreements. I was paid well for my work. The health and welfare benefits are good. The severance package is fair. I have no intention of violating my confidentiality agreement and disclosing that which I said I wouldn't.,,,,,,,,,,,,,,,,,,,,,,,,,,,,,,,", u1508 ,m101,,
51493, u1508 ," That's why we hire scientists...,,,,,,,,,,,,,,,,,,,,,,,,,,,,,,,", u1510 ,m101,,
51494, u1510 ," """"Research...""""  You declare, as a badge of honor, you don't even know what makes water boil..."",,,,,,,,,,,,,,,,,,,,,,,,,,,,,,,", u1508 ,m101,,
51495, u1508 ," Now, don't be paranoid, Jeff.  About the direction of research here, we may have had our differences of opinion..."",,,,,,,,,,,,,,,,,,,,,,,,,,,,,,,", u1510 ,m101,,
51496, u1510 ," You threatening my family, now, too?"",,,,,,,,,,,,,,,,,,,,,,,,,,,,,,,", u1508 ,m101,,
51497, u1508 ," ...we worked together for, what was it, three years...? Now, the work we did here is confidential, not for public scrutiny... any more than are one's family matters..."",,,,,,,,,,,,,,,,,,,,,,,,,,,,,,,", u1510 ,m101,,
51498, u1510 ," Is that a threat?,,,,,,,,,,,,,,,,,,,,,,,,,,,,,,,", u1508 ,m101,,
51499, u1508 ," Yeah, I know you do...  You know, I came up through sales. One of the reasons I was a great salesman, was I never made a promise I couldn't keep.  I knew that if I ever broke my promise I'd suffer the consequence..."",,,,,,,,,,,,,,,,,,,,,,,,,,,,,,,", u1510 ,m101,,
51500, u1510 ," Chapter and verse.,,,,,,,,,,,,,,,,,,,,,,,,,,,,,,,", u1508 ,m101,,
51501, u1508 ," Jeffrey says exactly what's on his mind. Most people consider what they're saying... social skills... Jeffrey just charges right ahead.  Now, I know you understood the nature of the confidentiality portion of your severance agreement with Brown & Williamson, Jeff..."",,,,,,,,,,,,,,,,,,,,,,,,,,,,,,,", u1510 ,m101,,
51502, u1510 ," I'd rather play than talk about it.  What did you want to see me about? I don't like being back here.,,,,,,,,,,,,,,,,,,,,,,,,,,,,,,,", u1508 ,m101,,
51503, u1508 ," And, he gets out there and he has five strokes on us. He has more concentration than anybody I've ever met. It's spooky how he can concentrate."",,,,,,,,,,,,,,,,,,,,,,,,,,,,,,,", u1510 ,m101,,
51504, u1510 ," Seven...,,,,,,,,,,,,,,,,,,,,,,,,,,,,,,,", u1508 ,m101,,
51505, u1508 ," Jeff's a premiere golfer... What are you, a two handicap?"",,,,,,,,,,,,,,,,,,,,,,,,,,,,,,,", u1510 ,m101,,
