,User_id,text,sec_user,movies_name,relationship,attachment
51506, u1520 ," So he says now! But if not for your cool headed intervention, his tantrum might have ended this schmoe's life and ruined his own... As for the sexual indiscretion which he imagined had taken place, wasn't it in fact he who had been sleeping with the pool man?"",,,,,,,,,,,,,,,,,,,,,,,,,,,,,,,", u1512 ,m102,,
51507, u1512 ," They hate each other --,,,,,,,,,,,,,,,,,,,,,,,,,,,,,,,", u1520 ,m102,,
51508, u1520 ," Please -- was at the time brandishing your firearm, trying in his rage to shoot an acquaintance -- friend of long standing --"",,,,,,,,,,,,,,,,,,,,,,,,,,,,,,,", u1512 ,m102,,
51509, u1512 ," He --,,,,,,,,,,,,,,,,,,,,,,,,,,,,,,,", u1520 ,m102,,
51510, u1520 ," Your husband, who has beaten you -- repeatedly --"",,,,,,,,,,,,,,,,,,,,,,,,,,,,,,,", u1512 ,m102,,
51511, u1512 ," Well, I wouldn't say --"",,,,,,,,,,,,,,,,,,,,,,,,,,,,,,,", u1520 ,m102,,
51512, u1520 ," Yes. Your husband did show remarkable foresight in taking those pictures. And, yes, absent a swimming pool, the presence of the pool man would appear to be suspicious. But Bonnie, who is the real victim here? Let me suggest the following. Your husband, who on a prior occasion slapped you -- beat you --"",,,,,,,,,,,,,,,,,,,,,,,,,,,,,,,", u1519 ,m102,,
51513, u1519 ," We'd better go before we get thrown out.,,,,,,,,,,,,,,,,,,,,,,,,,,,,,,,", u1513 ,m102,,
51514, u1513 ," Course I can't do much """"wriggling"""" if you tie me up like that again. Massey -- this is one bad bad little girl."",,,,,,,,,,,,,,,,,,,,,,,,,,,,,,,", u1513 ,m102,,
51515, u1513 ," She said """"penetrate."""" Heh heh heh."",,,,,,,,,,,,,,,,,,,,,,,,,,,,,,,", u1519 ,m102,,
51516, u1519 ," They say the Massey pre-nup has never been penetrated.,,,,,,,,,,,,,,,,,,,,,,,,,,,,,,,", u1513 ,m102,,
51517, u1513 ," And -- there's no talking her out of it. Believe me, I've tried."",,,,,,,,,,,,,,,,,,,,,,,,,,,,,,,", u1519 ,m102,,
51518, u1519 ," Therefore in an effort to remove any trace of suspicion from my sweet Howard -- I wish to execute a pre- nuptial agreement.,,,,,,,,,,,,,,,,,,,,,,,,,,,,,,,", u1513 ,m102,,
51519, u1513 ," You did good, Massey!"",,,,,,,,,,,,,,,,,,,,,,,,,,,,,,,", u1519 ,m102,,
51520, u1519 ," As you are well aware, my previous marriage ended with an unjustified strain on my reputation My motives were questioned. I was slandered in court."",,,,,,,,,,,,,,,,,,,,,,,,,,,,,,,", u1519 ,m102,,
51521, u1519 ," Howard!,,,,,,,,,,,,,,,,,,,,,,,,,,,,,,,", u1513 ,m102,,
51522, u1513 ," Baby. You are so HOT!,,,,,,,,,,,,,,,,,,,,,,,,,,,,,,,", u1519 ,m102,,
51523, u1519 ," -- we realized we'd always been very attracted to one another.,,,,,,,,,,,,,,,,,,,,,,,,,,,,,,,", u1513 ,m102,,
51524, u1513 ," ...and one day, this sweet girl calls me, asks me to lunch. Just a shoulder to cry on deal. One thing leads to another and before I know it --"",,,,,,,,,,,,,,,,,,,,,,,,,,,,,,,", u1519 ,m102,,
51525, u1519 ," Honey, I don't think this is really relevant to..."",,,,,,,,,,,,,,,,,,,,,,,,,,,,,,,", u1513 ,m102,,
51526, u1513 ," Here. Got pictures.,,,,,,,,,,,,,,,,,,,,,,,,,,,,,,,", u1519 ,m102,,
51527, u1519 ," Sixteen years? Howard Jr. is fourteen and Mandy must be what -- twelve?,,,,,,,,,,,,,,,,,,,,,,,,,,,,,,,", u1519 ,m102,,
51528, u1519 ," Miles, I know you're busy and that you charge by the hour so I'll come to the point. Howard and I are planning to marry."",,,,,,,,,,,,,,,,,,,,,,,,,,,,,,,", u1513 ,m102,,
51529, u1513 ," Yeah. I know. Leather would be more practical, but whatcha gonna do?"",,,,,,,,,,,,,,,,,,,,,,,,,,,,,,,", u1513 ,m102,,
51530, u1513 ," I told you we know each other, baby. Mr. Massey represented my ex-brother- in law. Martin Reiser?"",,,,,,,,,,,,,,,,,,,,,,,,,,,,,,,", u1519 ,m102,,
51531, u1519 ," Miles, how nice of you to see us -- may I introduce Howard D. Doyle of Doyle Oil."",,,,,,,,,,,,,,,,,,,,,,,,,,,,,,,", u1513 ,m102,,
51532, u1513 ," Why not? I'm going to have her for a lifetime.,,,,,,,,,,,,,,,,,,,,,,,,,,,,,,,", u1520 ,m102,,
51533, u1520 ," I'd just like to have a word with her.,,,,,,,,,,,,,,,,,,,,,,,,,,,,,,,", u1513 ,m102,,
51534, u1513 ," What part?,,,,,,,,,,,,,,,,,,,,,,,,,,,,,,,", u1520 ,m102,,
51535, u1520 ," Excuse me, Mr. Doyle, if I could just borrow your charming fiancee for a moment."",,,,,,,,,,,,,,,,,,,,,,,,,,,,,,,", u1520 ,m102,,
51536, u1520 ," -- and we are sure...,,,,,,,,,,,,,,,,,,,,,,,,,,,,,,,", u1513 ,m102,,
51537, u1513 ," A Wriggle Room! Maybe we should put that in the Malibu house. Screw the screening room!,,,,,,,,,,,,,,,,,,,,,,,,,,,,,,,", u1520 ,m102,,
51538, u1520 ," And without it, that party is exposed -- a sitting duck. No wriggle room."",,,,,,,,,,,,,,,,,,,,,,,,,,,,,,,", u1513 ,m102,,
51539, u1513 ," Well -- at the moment, that'd be me."",,,,,,,,,,,,,,,,,,,,,,,,,,,,,,,", u1520 ,m102,,
51540, u1520 ," -- understand what you're asking for here. The Massey pre-nup provides that in the event of a dissolution of the marriage for any reason, both parties shall leave it with whatever they brought in, and earned during. No one can profit from the marriage. The pre-nup protects the wealthier party."",,,,,,,,,,,,,,,,,,,,,,,,,,,,,,,", u1520 ,m102,,
51541, u1520 ," I just want to make sure that you both --,,,,,,,,,,,,,,,,,,,,,,,,,,,,,,,", u1513 ,m102,,
51542, u1513 ," Harvard? Whoa, Daddy!"",,,,,,,,,,,,,,,,,,,,,,,,,,,,,,,", u1513 ,m102,,
51543, u1513 ," You know, Miles, after my wife -- wife's mastectomy -- things were never the same. This might sound cold, well, maybe not to you, Massey, but...  I like my women with two boobs."",,,,,,,,,,,,,,,,,,,,,,,,,,,,,,,", u1520 ,m102,,
51544, u1520 ," What a touching story.,,,,,,,,,,,,,,,,,,,,,,,,,,,,,,,", u1513 ,m102,,
51545, u1513 ," I had no idea until after, but --"",,,,,,,,,,,,,,,,,,,,,,,,,,,,,,,", u1520 ,m102,,
51546, u1520 ," No!,,,,,,,,,,,,,,,,,,,,,,,,,,,,,,,", u1513 ,m102,,
51547, u1513 ," Well -- Marylin and Rex broke up and...,,,,,,,,,,,,,,,,,,,,,,,,,,,,,,,", u1520 ,m102,,
51548, u1520 ," I... uh guess congratulations are in order.,,,,,,,,,,,,,,,,,,,,,,,,,,,,,,,", u1513 ,m102,,
51549, u1513 ," Yep. My divorce just came through. Shoulda called you. Coulda cut a better deal! My wife still has health insurance and gets to see the children. But, I don't know. Guess I'm just a softie. After all Amanda and me were together for -- what -- you'd know better than me, Marylin. She was your best friend."",,,,,,,,,,,,,,,,,,,,,,,,,,,,,,,", u1520 ,m102,,
51550, u1520 ," Muh -- Well, uh -- Huh?"",,,,,,,,,,,,,,,,,,,,,,,,,,,,,,,", u1513 ,m102,,
51551, u1513 ," She makes felt wallets. Got one right here.,,,,,,,,,,,,,,,,,,,,,,,,,,,,,,,", u1520 ,m102,,
51552, u1520 ," So she's uh, flourishing?"",,,,,,,,,,,,,,,,,,,,,,,,,,,,,,,", u1513 ,m102,,
51553, u1513 ," Few suicide attempts, little inpatient stint. Naturally, she misses her kids. Six weekends a year and alternate Yom Kippurs seemed harsh to us but -- hey -- all's fair. Anyhoo, she lives with a """"nurse,"""" takes her meds and goes to occupational therapy at a local sheltered workshop."",,,,,,,,,,,,,,,,,,,,,,,,,,,,,,,", u1520 ,m102,,
51554, u1520 ," And how is Mrs. Reiser?,,,,,,,,,,,,,,,,,,,,,,,,,,,,,,,", u1513 ,m102,,
51555, u1513 ," After you, Doll."",,,,,,,,,,,,,,,,,,,,,,,,,,,,,,,", u1520 ,m102,,
51556, u1520 ," Oh. Right. Won't you have a seat?,,,,,,,,,,,,,,,,,,,,,,,,,,,,,,,", u1520 ,m102,,
51557, u1520 ," Mr. Dumbarton is, yes."",,,,,,,,,,,,,,,,,,,,,,,,,,,,,,,", u1514 ,m102,,
51558, u1514 ," You're in a rush.,,,,,,,,,,,,,,,,,,,,,,,,,,,,,,,", u1520 ,m102,,
51559, u1520 ," Here's her picture...,,,,,,,,,,,,,,,,,,,,,,,,,,,,,,,", u1514 ,m102,,
51560, u1514 ," Is that... one person?,,,,,,,,,,,,,,,,,,,,,,,,,,,,,,,", u1520 ,m102,,
51561, u1520 ," Well -- I, uh, that is to say Mr. Dumbarton -- would like you to uh, neutralize a, uh, business associate by the name of Marylin Rexroth Doyle Massey uh Dumbart -- uh, Massey."",,,,,,,,,,,,,,,,,,,,,,,,,,,,,,,", u1514 ,m102,,
51562, u1514 ," Who do you want me to kill?,,,,,,,,,,,,,,,,,,,,,,,,,,,,,,,", u1520 ,m102,,
51563, u1520 ," Excuse me?,,,,,,,,,,,,,,,,,,,,,,,,,,,,,,,", u1514 ,m102,,
51564, u1514 ," Who's the pigeon?,,,,,,,,,,,,,,,,,,,,,,,,,,,,,,,", u1520 ,m102,,
51565, u1520 ," I am here representing Mr. Dumbarton, on a... matter of some delicacy."",,,,,,,,,,,,,,,,,,,,,,,,,,,,,,,", u1515 ,m102,,
51566, u1515 ," Shut up. I was a lawyer. Just like you. And my clients? Whores just like you.,,,,,,,,,,,,,,,,,,,,,,,,,,,,,,,", u1519 ,m102,,
51567, u1519 ," Well, actually, all whores worship the dollar, if you want to get technical."",,,,,,,,,,,,,,,,,,,,,,,,,,,,,,,", u1519 ,m102,,
51568, u1519 ," Oh Joe, be happy for us. I'll pay you the twenty thousand."",,,,,,,,,,,,,,,,,,,,,,,,,,,,,,,", u1515 ,m102,,
51569, u1515 ," Lemme tell you something. You are the pestilence. I'm the exterminator.,,,,,,,,,,,,,,,,,,,,,,,,,,,,,,,", u1519 ,m102,,
51570, u1519 ," I'm sorry. That was unkind and -- but, we changed our minds.  Did you really mean what you said on the phone. It wasn't because you found out about Rex?"",,,,,,,,,,,,,,,,,,,,,,,,,,,,,,,", u1515 ,m102,,
51571, u1515 ," You're calling me a pestilence? That's a hoot!,,,,,,,,,,,,,,,,,,,,,,,,,,,,,,,", u1515 ,m102,,
51572, u1515 ," Who's the pigeon?,,,,,,,,,,,,,,,,,,,,,,,,,,,,,,,", u1519 ,m102,,
51573, u1519 ," Triple!,,,,,,,,,,,,,,,,,,,,,,,,,,,,,,,", u1515 ,m102,,
51574, u1515 ," That's his lawyer.,,,,,,,,,,,,,,,,,,,,,,,,,,,,,,,", u1515 ,m102,,
51575, u1515 ," No...,,,,,,,,,,,,,,,,,,,,,,,,,,,,,,,", u1519 ,m102,,
51576, u1519 ," Is this Mr. Dumbarton?,,,,,,,,,,,,,,,,,,,,,,,,,,,,,,,", u1515 ,m102,,
51577, u1515 ," Mr. Dumbarton.,,,,,,,,,,,,,,,,,,,,,,,,,,,,,,,", u1519 ,m102,,
51578, u1519 ," Whoever sent you, I'll pay double."",,,,,,,,,,,,,,,,,,,,,,,,,,,,,,,", u1516 ,m102,,
51579, u1516 ," Sustained.,,,,,,,,,,,,,,,,,,,,,,,,,,,,,,,", u1524 ,m102,,
51580, u1524 ," Objection, Your Honor. This isn't about Mrs. Rexroth's filial obligations."",,,,,,,,,,,,,,,,,,,,,,,,,,,,,,,", u1516 ,m102,,
51581, u1516 ," Mr. Massey?,,,,,,,,,,,,,,,,,,,,,,,,,,,,,,,", u1524 ,m102,,
51582, u1524 ," We rest, Your Honor."",,,,,,,,,,,,,,,,,,,,,,,,,,,,,,,", u1516 ,m102,,
51583, u1516 ," Who's next, Mrs. Rabinow."",,,,,,,,,,,,,,,,,,,,,,,,,,,,,,,", u1524 ,m102,,
51584, u1524 ," Uh... poetry recitation.,,,,,,,,,,,,,,,,,,,,,,,,,,,,,,,", u1516 ,m102,,
51585, u1516 ," Grounds?,,,,,,,,,,,,,,,,,,,,,,,,,,,,,,,", u1524 ,m102,,
51586, u1524 ," Objection, your honor!"",,,,,,,,,,,,,,,,,,,,,,,,,,,,,,,", u1517 ,m102,,
51587, u1517 ," I don't know, but don't call me Marylin."",,,,,,,,,,,,,,,,,,,,,,,,,,,,,,,", u1520 ,m102,,
51588, u1520 ," Marylin! What have I done?,,,,,,,,,,,,,,,,,,,,,,,,,,,,,,,", u1517 ,m102,,
51589, u1517 ," Huh?,,,,,,,,,,,,,,,,,,,,,,,,,,,,,,,", u1520 ,m102,,
51590, u1520 ," That was -- oh, shit. What if he's on his way over there?"",,,,,,,,,,,,,,,,,,,,,,,,,,,,,,,", u1517 ,m102,,
51591, u1517 ," Who was that?,,,,,,,,,,,,,,,,,,,,,,,,,,,,,,,", u1517 ,m102,,
51592, u1517 ," So, that's good, right?"",,,,,,,,,,,,,,,,,,,,,,,,,,,,,,,", u1520 ,m102,,
51593, u1520 ," She's rich. We're still married. We have no pre-nup.,,,,,,,,,,,,,,,,,,,,,,,,,,,,,,,", u1517 ,m102,,
51594, u1517 ," Yes.,,,,,,,,,,,,,,,,,,,,,,,,,,,,,,,", u1520 ,m102,,
51595, u1520 ," Marvin says that Rex's will is four years old. He never redrafted it.,,,,,,,,,,,,,,,,,,,,,,,,,,,,,,,", u1517 ,m102,,
51596, u1517 ," I'm sorry to hear that. But you weren't close, were you?"",,,,,,,,,,,,,,,,,,,,,,,,,,,,,,,", u1520 ,m102,,
51597, u1520 ," Rex just had a massive coronary. In the middle of a business meeting. He's dead.,,,,,,,,,,,,,,,,,,,,,,,,,,,,,,,", u1517 ,m102,,
51598, u1517 ," What do you mean, was."",,,,,,,,,,,,,,,,,,,,,,,,,,,,,,,", u1520 ,m102,,
51599, u1520 ," He was Rex Rexroth's personal attorney.,,,,,,,,,,,,,,,,,,,,,,,,,,,,,,,", u1517 ,m102,,
51600, u1517 ," Yes?,,,,,,,,,,,,,,,,,,,,,,,,,,,,,,,", u1520 ,m102,,
51601, u1520 ," That was Marvin Untermeyer.,,,,,,,,,,,,,,,,,,,,,,,,,,,,,,,", u1517 ,m102,,
51602, u1517 ," What?,,,,,,,,,,,,,,,,,,,,,,,,,,,,,,,", u1520 ,m102,,
51603, u1520 ," My God.,,,,,,,,,,,,,,,,,,,,,,,,,,,,,,,", u1520 ,m102,,
51604, u1520 ," I already made my move, Kenneth."",,,,,,,,,,,,,,,,,,,,,,,,,,,,,,,", u1517 ,m102,,
51605, u1517 ," It's your move, Miles."",,,,,,,,,,,,,,,,,,,,,,,,,,,,,,,", u1520 ,m102,,
51606, u1520 ," They won't get a conviction. The husband called it in as a suicide. The forensic guys weren't thinking murder. I'm sure some of the evidence was compromised.,,,,,,,,,,,,,,,,,,,,,,,,,,,,,,,", u1517 ,m102,,
51607, u1517 ," Oh. I thought maybe --  Gee!,,,,,,,,,,,,,,,,,,,,,,,,,,,,,,,", u1520 ,m102,,
51608, u1520 ," No. You have the ring. Wrigley has the pre-nup.,,,,,,,,,,,,,,,,,,,,,,,,,,,,,,,", u1517 ,m102,,
51609, u1517 ," No. I have the ring. Was I supposed to have a pre-nup?,,,,,,,,,,,,,,,,,,,,,,,,,,,,,,,", u1520 ,m102,,
51610, u1520 ," You have the pre-nup?,,,,,,,,,,,,,,,,,,,,,,,,,,,,,,,", u1517 ,m102,,
51611, u1517 ," I have it.,,,,,,,,,,,,,,,,,,,,,,,,,,,,,,,", u1517 ,m102,,
51612, u1517 ," Well... I'm still...,,,,,,,,,,,,,,,,,,,,,,,,,,,,,,,", u1520 ,m102,,
51613, u1520 ," Asian? No.,,,,,,,,,,,,,,,,,,,,,,,,,,,,,,,", u1517 ,m102,,
51614, u1517 ," Is she Asian?,,,,,,,,,,,,,,,,,,,,,,,,,,,,,,,", u1520 ,m102,,
51615, u1520 ," Thanks, buddy."",,,,,,,,,,,,,,,,,,,,,,,,,,,,,,,", u1517 ,m102,,
51616, u1517 ," I'm happy for you, pal."",,,,,,,,,,,,,,,,,,,,,,,,,,,,,,,", u1517 ,m102,,
51617, u1517 ," Miles! Don't waste time with someone else's queen, either."",,,,,,,,,,,,,,,,,,,,,,,,,,,,,,,", u1520 ,m102,,
51618, u1520 ," He's the wrong man.,,,,,,,,,,,,,,,,,,,,,,,,,,,,,,,", u1517 ,m102,,
51619, u1517 ," Doyle Oil?  A Massey Pre-nup?  She loves him.,,,,,,,,,,,,,,,,,,,,,,,,,,,,,,,", u1520 ,m102,,
51620, u1520 ," Marylin Rexroth. She came into my office and signed a pre-nup with Howard Doyle.,,,,,,,,,,,,,,,,,,,,,,,,,,,,,,,", u1517 ,m102,,
51621, u1517 ," What?,,,,,,,,,,,,,,,,,,,,,,,,,,,,,,,", u1520 ,m102,,
51622, u1520 ," She can't really love that idiot, can she?"",,,,,,,,,,,,,,,,,,,,,,,,,,,,,,,", u1517 ,m102,,
51623, u1517 ," The Center Counter Defense. The thing is not to move your queen too early.,,,,,,,,,,,,,,,,,,,,,,,,,,,,,,,", u1520 ,m102,,
51624, u1520 ," What?,,,,,,,,,,,,,,,,,,,,,,,,,,,,,,,", u1517 ,m102,,
51625, u1517 ," Oh. That.  Don't waste time with your queen.,,,,,,,,,,,,,,,,,,,,,,,,,,,,,,,", u1520 ,m102,,
51626, u1520 ," Yes. The inability to experience pleasure.,,,,,,,,,,,,,,,,,,,,,,,,,,,,,,,", u1517 ,m102,,
51627, u1517 ," Got any symptoms?,,,,,,,,,,,,,,,,,,,,,,,,,,,,,,,", u1520 ,m102,,
51628, u1520 ," Do you think I'm going to end up like Herb Myerson, with a colostomy bag instead of a family?"",,,,,,,,,,,,,,,,,,,,,,,,,,,,,,,", u1520 ,m102,,
51629, u1520 ," I should be in therapy.,,,,,,,,,,,,,,,,,,,,,,,,,,,,,,,", u1517 ,m102,,
51630, u1517 ," You're in check.,,,,,,,,,,,,,,,,,,,,,,,,,,,,,,,", u1520 ,m102,,
51631, u1520 ," Denial is not a river in Egypt.,,,,,,,,,,,,,,,,,,,,,,,,,,,,,,,", u1517 ,m102,,
51632, u1517 ," I was going to play golf. You were going to have Asian girlfriends.,,,,,,,,,,,,,,,,,,,,,,,,,,,,,,,", u1520 ,m102,,
51633, u1520 ," You were going to be a Cardiac Surgeon. I was going to clerk for the Supreme Court.,,,,,,,,,,,,,,,,,,,,,,,,,,,,,,,", u1517 ,m102,,
51634, u1517 ," We did not.,,,,,,,,,,,,,,,,,,,,,,,,,,,,,,,", u1520 ,m102,,
51635, u1520 ," Botox. Christ. We had aspirations when we were in college.,,,,,,,,,,,,,,,,,,,,,,,,,,,,,,,", u1517 ,m102,,
51636, u1517 ," Set one side for Bel Air.,,,,,,,,,,,,,,,,,,,,,,,,,,,,,,,", u1520 ,m102,,
51637, u1520 ," It was a gift from a client.,,,,,,,,,,,,,,,,,,,,,,,,,,,,,,,", u1517 ,m102,,
51638, u1517 ," Why would you need two time zones? You never leave Beverly Hills.,,,,,,,,,,,,,,,,,,,,,,,,,,,,,,,", u1520 ,m102,,
51639, u1520 ," It's a LeCoultre Revers. You can flip the face, and set it for two time zones."",,,,,,,,,,,,,,,,,,,,,,,,,,,,,,,", u1517 ,m102,,
51640, u1517 ," No frown lines.  New watch?,,,,,,,,,,,,,,,,,,,,,,,,,,,,,,,", u1520 ,m102,,
51641, u1520 ," Why in God's name would I want...?,,,,,,,,,,,,,,,,,,,,,,,,,,,,,,,", u1517 ,m102,,
51642, u1517 ," It's a form of botulism. I just inject it into your forehead, and it paralyzes your eyebrows so you can't raise them..."",,,,,,,,,,,,,,,,,,,,,,,,,,,,,,,", u1520 ,m102,,
51643, u1520 ," What the hell is Botox?,,,,,,,,,,,,,,,,,,,,,,,,,,,,,,,", u1517 ,m102,,
51644, u1517 ," You want Botox?,,,,,,,,,,,,,,,,,,,,,,,,,,,,,,,", u1520 ,m102,,
51645, u1520 ," I don't need it.,,,,,,,,,,,,,,,,,,,,,,,,,,,,,,,", u1517 ,m102,,
51646, u1517 ," Everyone needs plastic surgery. You need it.,,,,,,,,,,,,,,,,,,,,,,,,,,,,,,,", u1520 ,m102,,
51647, u1520 ," Not this one. Not unless her HMO covers plastic surgery, which, incidentally, she does not need."",,,,,,,,,,,,,,,,,,,,,,,,,,,,,,,", u1517 ,m102,,
51648, u1517 ," So. I won't be seeing her? Your clients usually visit me after the settlement.,,,,,,,,,,,,,,,,,,,,,,,,,,,,,,,", u1520 ,m102,,
51649, u1520 ," She got absolutely nothing. Zero. Zip.,,,,,,,,,,,,,,,,,,,,,,,,,,,,,,,", u1527 ,m102,,
51650, u1527 ," He manufactures staples and industrial brad-tacks. He's very successful.,,,,,,,,,,,,,,,,,,,,,,,,,,,,,,,", u1518 ,m102,,
51651, u1518 ," What is your husband's profession?,,,,,,,,,,,,,,,,,,,,,,,,,,,,,,,", u1527 ,m102,,
51652, u1527 ," I was a hostess. For Trans-World Airlines.,,,,,,,,,,,,,,,,,,,,,,,,,,,,,,,", u1518 ,m102,,
51653, u1518 ," Prior to your marriage, what was your profession?"",,,,,,,,,,,,,,,,,,,,,,,,,,,,,,,", u1527 ,m102,,
51654, u1527 ," Except for two years when he was in the Navy, in Korea."",,,,,,,,,,,,,,,,,,,,,,,,,,,,,,,", u1518 ,m102,,
51655, u1518 ," Mrs. Guttman, you have testified that you were your husband's sexual slave for thirty-six years, ever since you were married --"",,,,,,,,,,,,,,,,,,,,,,,,,,,,,,,", u1519 ,m102,,
51656, u1519 ," I'll be right back.,,,,,,,,,,,,,,,,,,,,,,,,,,,,,,,", u1522 ,m102,,
51657, u1522 ," It sounded like a bell.,,,,,,,,,,,,,,,,,,,,,,,,,,,,,,,", u1519 ,m102,,
51658, u1519 ," Yeah. I guess. You know --,,,,,,,,,,,,,,,,,,,,,,,,,,,,,,,", u1522 ,m102,,
51659, u1522 ," Oh boy. If he only knew.,,,,,,,,,,,,,,,,,,,,,,,,,,,,,,,", u1519 ,m102,,
51660, u1519 ," Well. He said to """"make the house mine."""""",,,,,,,,,,,,,,,,,,,,,,,,,,,,,,,", u1519 ,m102,,
51661, u1519 ," I think Ming is older than Tong.  What is this?,,,,,,,,,,,,,,,,,,,,,,,,,,,,,,,", u1522 ,m102,,
51662, u1522 ," Is Tong older than Ming?,,,,,,,,,,,,,,,,,,,,,,,,,,,,,,,", u1519 ,m102,,
51663, u1519 ," I said yes.,,,,,,,,,,,,,,,,,,,,,,,,,,,,,,,", u1522 ,m102,,
51664, u1522 ," You said 'yes' didn't you?,,,,,,,,,,,,,,,,,,,,,,,,,,,,,,,", u1519 ,m102,,
51665, u1519 ," It's about time.,,,,,,,,,,,,,,,,,,,,,,,,,,,,,,,", u1522 ,m102,,
51666, u1522 ," You're vulnerable.,,,,,,,,,,,,,,,,,,,,,,,,,,,,,,,", u1519 ,m102,,
51667, u1519 ," In the Godfather, after the courtroom scene, Frankie Pentangeli opens his veins in the bathtub."",,,,,,,,,,,,,,,,,,,,,,,,,,,,,,,", u1522 ,m102,,
51668, u1522 ," I begged you to have a baby!,,,,,,,,,,,,,,,,,,,,,,,,,,,,,,,", u1522 ,m102,,
51669, u1522 ," Maybe they put a horse head in her bed?,,,,,,,,,,,,,,,,,,,,,,,,,,,,,,,", u1519 ,m102,,
51670, u1519 ," Maybe she wanted a free trip to LA. Maybe they offered her money. Massey is very seductive. Who knows.,,,,,,,,,,,,,,,,,,,,,,,,,,,,,,,", u1522 ,m102,,
51671, u1522 ," Why do you think she did it?,,,,,,,,,,,,,,,,,,,,,,,,,,,,,,,", u1519 ,m102,,
51672, u1519 ," It was like that scene in The Godfather. Frankie Pentangeli is called to testify against the Family. And he's in court, and he looks into the spectators gallery, and sees his Brother. They brought the brother from Sicily. And Frankie can't say a word. He can't testify. That's what it was like seeing Pat in there. I couldn't even have Ruth cross examine her."",,,,,,,,,,,,,,,,,,,,,,,,,,,,,,,", u1519 ,m102,,
51673, u1519 ," I can't have a baby with a man I don't love... And I can't submit a child to divorce.,,,,,,,,,,,,,,,,,,,,,,,,,,,,,,,", u1522 ,m102,,
51674, u1522 ," You like kids.,,,,,,,,,,,,,,,,,,,,,,,,,,,,,,,", u1519 ,m102,,
51675, u1519 ," No.,,,,,,,,,,,,,,,,,,,,,,,,,,,,,,,", u1522 ,m102,,
51676, u1522 ," You should have tried to get pregnant Marylin -- solidify your position.,,,,,,,,,,,,,,,,,,,,,,,,,,,,,,,", u1519 ,m102,,
51677, u1519 ," Ruth Rabino.,,,,,,,,,,,,,,,,,,,,,,,,,,,,,,,", u1522 ,m102,,
51678, u1522 ," So who'd you hire?,,,,,,,,,,,,,,,,,,,,,,,,,,,,,,,", u1520 ,m102,,
51679, u1520 ," I thought so.,,,,,,,,,,,,,,,,,,,,,,,,,,,,,,,", u1519 ,m102,,
51680, u1519 ," Sweet.,,,,,,,,,,,,,,,,,,,,,,,,,,,,,,,", u1519 ,m102,,
51681, u1519 ," Fine. They were created during a dictatorship.  What if something happened to you? What would I tell little Gus when he asked """"what was my daddy like?"""""",,,,,,,,,,,,,,,,,,,,,,,,,,,,,,,", u1520 ,m102,,
51682, u1520 ," Pre-Castro.,,,,,,,,,,,,,,,,,,,,,,,,,,,,,,,", u1519 ,m102,,
51683, u1519 ," I don't see how we can ever find our way back from...,,,,,,,,,,,,,,,,,,,,,,,,,,,,,,,", u1520 ,m102,,
51684, u1520 ," Murder!,,,,,,,,,,,,,,,,,,,,,,,,,,,,,,,", u1519 ,m102,,
51685, u1519 ," Murder?,,,,,,,,,,,,,,,,,,,,,,,,,,,,,,,", u1520 ,m102,,
51686, u1520 ," Income tax evasion?,,,,,,,,,,,,,,,,,,,,,,,,,,,,,,,", u1519 ,m102,,
51687, u1519 ," Forgery? Fraud?,,,,,,,,,,,,,,,,,,,,,,,,,,,,,,,", u1520 ,m102,,
51688, u1520 ," You're forgetting Howard Doyle?,,,,,,,,,,,,,,,,,,,,,,,,,,,,,,,", u1519 ,m102,,
51689, u1519 ," Your forgetting Rex Rexroth?,,,,,,,,,,,,,,,,,,,,,,,,,,,,,,,", u1520 ,m102,,
51690, u1520 ," You wounded me first, Marylin."",,,,,,,,,,,,,,,,,,,,,,,,,,,,,,,", u1519 ,m102,,
51691, u1519 ," Yes. I know. It's exactly how I felt when I realized you'd hired the goon to kill...,,,,,,,,,,,,,,,,,,,,,,,,,,,,,,,", u1520 ,m102,,
51692, u1520 ," But then -- I guess -- something inside me died when I realized that you'd hired a goon to kill me.,,,,,,,,,,,,,,,,,,,,,,,,,,,,,,,", u1519 ,m102,,
51693, u1519 ," It's not something I wanted either.,,,,,,,,,,,,,,,,,,,,,,,,,,,,,,,", u1520 ,m102,,
51694, u1520 ," Hard to believe this is the way it will end up for us.,,,,,,,,,,,,,,,,,,,,,,,,,,,,,,,", u1519 ,m102,,
51695, u1519 ," Hello Miles.,,,,,,,,,,,,,,,,,,,,,,,,,,,,,,,", u1520 ,m102,,
51696, u1520 ," Hello Marylin.,,,,,,,,,,,,,,,,,,,,,,,,,,,,,,,", u1519 ,m102,,
51697, u1519 ," I'm not leaving you. I took self defense,,,,,,,,,,,,,,,,,,,,,,,,,,,,,,,", u1520 ,m102,,
51698, u1520 ," Marylin. Run. I'll distract him.,,,,,,,,,,,,,,,,,,,,,,,,,,,,,,,", u1519 ,m102,,
51699, u1519 ," That's true.,,,,,,,,,,,,,,,,,,,,,,,,,,,,,,,", u1520 ,m102,,
51700, u1520 ," Nonono. Marylin -- I'm your husband. I'd be entitled to Rex's money. No matter what happened to you.,,,,,,,,,,,,,,,,,,,,,,,,,,,,,,,", u1519 ,m102,,
51701, u1519 ," Wait just a second there. You sent him here. You unearthed this pestilence.,,,,,,,,,,,,,,,,,,,,,,,,,,,,,,,", u1520 ,m102,,
51702, u1520 ," You were going to have this thug...?,,,,,,,,,,,,,,,,,,,,,,,,,,,,,,,", u1519 ,m102,,
51703, u1519 ," Now. But first, he worked for you."",,,,,,,,,,,,,,,,,,,,,,,,,,,,,,,", u1520 ,m102,,
51704, u1520 ," Wait! He works for YOU?,,,,,,,,,,,,,,,,,,,,,,,,,,,,,,,", u1519 ,m102,,
51705, u1519 ," It's okay Joe.,,,,,,,,,,,,,,,,,,,,,,,,,,,,,,,", u1520 ,m102,,
51706, u1520 ," Marylin!,,,,,,,,,,,,,,,,,,,,,,,,,,,,,,,", u1519 ,m102,,
51707, u1519 ," It's a no go, Joe."",,,,,,,,,,,,,,,,,,,,,,,,,,,,,,,", u1519 ,m102,,
51708, u1519 ," You do? You do love me?,,,,,,,,,,,,,,,,,,,,,,,,,,,,,,,", u1520 ,m102,,
51709, u1520 ," So did I. Now pack up a few basics and --,,,,,,,,,,,,,,,,,,,,,,,,,,,,,,,", u1519 ,m102,,
51710, u1519 ," I fell in love Miles.,,,,,,,,,,,,,,,,,,,,,,,,,,,,,,,", u1520 ,m102,,
51711, u1520 ," Please! Leave the house.,,,,,,,,,,,,,,,,,,,,,,,,,,,,,,,", u1519 ,m102,,
51712, u1519 ," Just listen to me. I'm sorry, Miles. It's true that my initial intention was to..."",,,,,,,,,,,,,,,,,,,,,,,,,,,,,,,", u1520 ,m102,,
51713, u1520 ," No buts. Now. Out.,,,,,,,,,,,,,,,,,,,,,,,,,,,,,,,", u1519 ,m102,,
51714, u1519 ," I will, Miles. I will leave. But Miles --"",,,,,,,,,,,,,,,,,,,,,,,,,,,,,,,", u1520 ,m102,,
51715, u1520 ," You have to leave the house immediately!,,,,,,,,,,,,,,,,,,,,,,,,,,,,,,,", u1519 ,m102,,
51716, u1519 ," Miles? Miles! Where have you been? I've been trying to get in touch.,,,,,,,,,,,,,,,,,,,,,,,,,,,,,,,", u1520 ,m102,,
51717, u1520 ," Marylin?,,,,,,,,,,,,,,,,,,,,,,,,,,,,,,,", u1519 ,m102,,
51718, u1519 ," Hello?,,,,,,,,,,,,,,,,,,,,,,,,,,,,,,,", u1519 ,m102,,
51719, u1519 ," That's marriage.,,,,,,,,,,,,,,,,,,,,,,,,,,,,,,,", u1520 ,m102,,
51720, u1520 ," That's blackmail.,,,,,,,,,,,,,,,,,,,,,,,,,,,,,,,", u1519 ,m102,,
51721, u1519 ," Drop the bogus forgery charge and I'll forget about your generous friends slash clients.,,,,,,,,,,,,,,,,,,,,,,,,,,,,,,,", u1520 ,m102,,
51722, u1520 ," Did our marriage ever mean anything to you?,,,,,,,,,,,,,,,,,,,,,,,,,,,,,,,", u1519 ,m102,,
51723, u1519 ," I believe the residence will be part of the settlement.,,,,,,,,,,,,,,,,,,,,,,,,,,,,,,,", u1520 ,m102,,
51724, u1520 ," Meaning my house.,,,,,,,,,,,,,,,,,,,,,,,,,,,,,,,", u1519 ,m102,,
51725, u1519 ," I know. So am I, right? And so is Agent Wilson of the Internal Revenue Service. He's a dedicated, underpaid graduate of Southwestern University -- very tenacious, and never more so than when he's dealing with an unscrupulous colleague.  I think it's only fair to warn you: I'm going to file an action, Miles. And after a decent interval I plan to have Ruth seek an injunction that will forbid your approach within 500 feet of my house."",,,,,,,,,,,,,,,,,,,,,,,,,,,,,,,", u1520 ,m102,,
51726, u1520 ," You're out of your league, Marylin. Rexroth was a primate. I'm a professional."",,,,,,,,,,,,,,,,,,,,,,,,,,,,,,,", u1519 ,m102,,
51727, u1519 ," I don't have to. That's what the IRS guys do. And they do it with great zeal. See, they work at these tortuous civil service jobs, and when five hundred dollar an hour boys like you take their trade out in luxury goodies, these saps feel.. well, they feel like saps. And they feel bitter and they feel vengeful and they feel WRATH.  What is this? A Romeo and Julieta?"",,,,,,,,,,,,,,,,,,,,,,,,,,,,,,,", u1520 ,m102,,
51728, u1520 ," You can't prove anything.,,,,,,,,,,,,,,,,,,,,,,,,,,,,,,,", u1519 ,m102,,
51729, u1519 ," Salary. Unreported income.  By the way, what time IS it on Bellagio Road?"",,,,,,,,,,,,,,,,,,,,,,,,,,,,,,,", u1520 ,m102,,
51730, u1520 ," Those are gifts.,,,,,,,,,,,,,,,,,,,,,,,,,,,,,,,", u1519 ,m102,,
51731, u1519 ," Arty Farty stuff.  Lithographs and pre Castro Cubans. Watches and mileage on private jets. Stuff, Miles. Stuff you get from grateful clients."",,,,,,,,,,,,,,,,,,,,,,,,,,,,,,,", u1520 ,m102,,
51732, u1520 ," What kind of """"stuff?"""""",,,,,,,,,,,,,,,,,,,,,,,,,,,,,,,", u1519 ,m102,,
51733, u1519 ," STUFF.  Got a light?,,,,,,,,,,,,,,,,,,,,,,,,,,,,,,,", u1519 ,m102,,
51734, u1519 ," I'm not talking about dollars, studmuffin. I'm talking about --"",,,,,,,,,,,,,,,,,,,,,,,,,,,,,,,", u1520 ,m102,,
51735, u1520 ," I'm clean with the IRS. I've reported every dollar I've ever made. Try again, girlfriend."",,,,,,,,,,,,,,,,,,,,,,,,,,,,,,,", u1520 ,m102,,
51736, u1520 ," The IRS? They owe me. I'm expecting a refund.,,,,,,,,,,,,,,,,,,,,,,,,,,,,,,,", u1519 ,m102,,
51737, u1519 ," I'm reporting you to the IRS.,,,,,,,,,,,,,,,,,,,,,,,,,,,,,,,", u1520 ,m102,,
51738, u1520 ," Are you threatening me, because I'm sure that's a violation of the terms of your bail."",,,,,,,,,,,,,,,,,,,,,,,,,,,,,,,", u1519 ,m102,,
51739, u1519 ," I want to nail you ass.,,,,,,,,,,,,,,,,,,,,,,,,,,,,,,,", u1520 ,m102,,
51740, u1520 ," What do you want?,,,,,,,,,,,,,,,,,,,,,,,,,,,,,,,", u1519 ,m102,,
51741, u1519 ," Comfy!,,,,,,,,,,,,,,,,,,,,,,,,,,,,,,,", u1519 ,m102,,
51742, u1519 ," On the contrary. We're married and we have no pre-nup, so a case could be made that everything in here is mine."",,,,,,,,,,,,,,,,,,,,,,,,,,,,,,,", u1520 ,m102,,
51743, u1520 ," I don't believe you have """"things."""""",,,,,,,,,,,,,,,,,,,,,,,,,,,,,,,", u1519 ,m102,,
51744, u1519 ," I'd just like to pick up a few of my things,,,,,,,,,,,,,,,,,,,,,,,,,,,,,,,", u1520 ,m102,,
51745, u1520 ," I don't know. Maybe I should grab my mace. I'm a civil attorney. I have little experience with """"the criminal mind."""""",,,,,,,,,,,,,,,,,,,,,,,,,,,,,,,", u1519 ,m102,,
51746, u1519 ," May I come in?,,,,,,,,,,,,,,,,,,,,,,,,,,,,,,,", u1520 ,m102,,
51747, u1520 ," Well. Well. Well. Look who made bail!,,,,,,,,,,,,,,,,,,,,,,,,,,,,,,,", u1520 ,m102,,
51748, u1520 ," I'm sorry, Darling. I love it. It's chic and timeless and elegant and eclectic and. It's you, Marylin. It is YOU."",,,,,,,,,,,,,,,,,,,,,,,,,,,,,,,", u1519 ,m102,,
51749, u1519 ," Miles? You're scaring me.,,,,,,,,,,,,,,,,,,,,,,,,,,,,,,,", u1520 ,m102,,
51750, u1520 ," Can you Marylin? Can you return the trust? Can you return the hopes? The dreams? Can you just...  SEND IT ALL BACK FOR STORE CREDIT?,,,,,,,,,,,,,,,,,,,,,,,,,,,,,,,", u1519 ,m102,,
51751, u1519 ," Miles. I have a very good relationship with all the salesmen. I can return everything.,,,,,,,,,,,,,,,,,,,,,,,,,,,,,,,", u1519 ,m102,,
51752, u1519 ," What's wrong Miles? Did I spend too much?,,,,,,,,,,,,,,,,,,,,,,,,,,,,,,,", u1520 ,m102,,
51753, u1520 ," I love you. I want to have your baby.,,,,,,,,,,,,,,,,,,,,,,,,,,,,,,,", u1519 ,m102,,
51754, u1519 ," You don't like me?,,,,,,,,,,,,,,,,,,,,,,,,,,,,,,,", u1520 ,m102,,
51755, u1520 ," I bet.,,,,,,,,,,,,,,,,,,,,,,,,,,,,,,,", u1519 ,m102,,
51756, u1519 ," I have a surprise for you.,,,,,,,,,,,,,,,,,,,,,,,,,,,,,,,", u1520 ,m102,,
51757, u1520 ," Hello Marylin.,,,,,,,,,,,,,,,,,,,,,,,,,,,,,,,", u1519 ,m102,,
51758, u1519 ," Hi.,,,,,,,,,,,,,,,,,,,,,,,,,,,,,,,", u1520 ,m102,,
51759, u1520 ," I think a nursery should be right off the master suite. My parents put mine in the guest house. Apparently they did have a Fisher Price intercom, but my mother turned it off when I was seven months old because I was so --"",,,,,,,,,,,,,,,,,,,,,,,,,,,,,,,", u1519 ,m102,,
51760, u1519 ," Miles.,,,,,,,,,,,,,,,,,,,,,,,,,,,,,,,", u1520 ,m102,,
51761, u1520 ," Exactly. And then -- maybe -- not right away -- There's a room right off the bedroom -- It would be perfect for a nursery.  It's a walk in humidor right now -- but if I took out the refrigeration unit --,,,,,,,,,,,,,,,,,,,,,,,,,,,,,,,", u1519 ,m102,,
51762, u1519 ," Fabric and fringe.,,,,,,,,,,,,,,,,,,,,,,,,,,,,,,,", u1520 ,m102,,
51763, u1520 ," Good.  Are those foods?,,,,,,,,,,,,,,,,,,,,,,,,,,,,,,,", u1519 ,m102,,
51764, u1519 ," Well, I suppose I could """"girly"""" it up for you with a little Fortuny, and some passementerie --"",,,,,,,,,,,,,,,,,,,,,,,,,,,,,,,", u1520 ,m102,,
51765, u1520 ," Here's my card. Spend as much as you want. We get mileage.,,,,,,,,,,,,,,,,,,,,,,,,,,,,,,,", u1520 ,m102,,
51766, u1520 ," I know. But I've converted most of them into ridiculous """"Guy"""" rooms -- a billiard room, a card room, a gym -- Honey, want you to go out, as soon as you feel up to it -- and buy married things. Woman things. Personalize it. Marylinize it. Make this your house."",,,,,,,,,,,,,,,,,,,,,,,,,,,,,,,", u1519 ,m102,,
51767, u1519 ," Hardly. You have six bedrooms,,,,,,,,,,,,,,,,,,,,,,,,,,,,,,,", u1520 ,m102,,
51768, u1520 ," In fact, this is not a married house -- it's a bachelor pad."",,,,,,,,,,,,,,,,,,,,,,,,,,,,,,,", u1519 ,m102,,
51769, u1519 ," Honey, I could sit..."",,,,,,,,,,,,,,,,,,,,,,,,,,,,,,,", u1520 ,m102,,
51770, u1520 ," No. Stay. I want you close to me. This couch is wrong. It's not a """"married couch."""""",,,,,,,,,,,,,,,,,,,,,,,,,,,,,,,", u1519 ,m102,,
51771, u1519 ," I'm sorry. I'm squishing you. I'll move to the...,,,,,,,,,,,,,,,,,,,,,,,,,,,,,,,", u1519 ,m102,,
51772, u1519 ," I want this to be a marriage based on love, trust and community property. That's all I've ever wanted."",,,,,,,,,,,,,,,,,,,,,,,,,,,,,,,", u1520 ,m102,,
51773, u1520 ," But?,,,,,,,,,,,,,,,,,,,,,,,,,,,,,,,", u1520 ,m102,,
51774, u1520 ," What I mean is, your wealth is completely protected."",,,,,,,,,,,,,,,,,,,,,,,,,,,,,,,", u1519 ,m102,,
51775, u1519 ," Oh Miles!,,,,,,,,,,,,,,,,,,,,,,,,,,,,,,,", u1520 ,m102,,
51776, u1520 ," No. Judge -- just a sec. But Marylin, if we sign it, I can't hope to benefit from the marriage."",,,,,,,,,,,,,,,,,,,,,,,,,,,,,,,", u1520 ,m102,,
51777, u1520 ," Yes. Short notice you know, but I think there's nice closure to it. Hello Judge Muson. A pleasure as always."",,,,,,,,,,,,,,,,,,,,,,,,,,,,,,,", u1519 ,m102,,
51778, u1519 ," Wasn't she the Judge at my divorce hearing?,,,,,,,,,,,,,,,,,,,,,,,,,,,,,,,", u1520 ,m102,,
51779, u1520 ," I have a watch.,,,,,,,,,,,,,,,,,,,,,,,,,,,,,,,", u1519 ,m102,,
51780, u1519 ," I know.,,,,,,,,,,,,,,,,,,,,,,,,,,,,,,,", u1520 ,m102,,
51781, u1520 ," I don't have a ring!,,,,,,,,,,,,,,,,,,,,,,,,,,,,,,,", u1519 ,m102,,
51782, u1519 ," Yes. Again.,,,,,,,,,,,,,,,,,,,,,,,,,,,,,,,", u1520 ,m102,,
51783, u1520 ," No ma'am. I have been asleep all my life up to this moment. Marylin, will you marry me?"",,,,,,,,,,,,,,,,,,,,,,,,,,,,,,,", u1519 ,m102,,
51784, u1519 ," Do you want to sleep on it?,,,,,,,,,,,,,,,,,,,,,,,,,,,,,,,", u1520 ,m102,,
51785, u1520 ," No.,,,,,,,,,,,,,,,,,,,,,,,,,,,,,,,", u1519 ,m102,,
51786, u1519 ," Do you want me to sleep on it?,,,,,,,,,,,,,,,,,,,,,,,,,,,,,,,", u1520 ,m102,,
51787, u1520 ," You do?,,,,,,,,,,,,,,,,,,,,,,,,,,,,,,,", u1519 ,m102,,
51788, u1519 ," Yes, Miles. I accept."",,,,,,,,,,,,,,,,,,,,,,,,,,,,,,,", u1520 ,m102,,
51789, u1520 ," Yes? Yes, you do have more experience?"",,,,,,,,,,,,,,,,,,,,,,,,,,,,,,,", u1519 ,m102,,
51790, u1519 ," Yes.,,,,,,,,,,,,,,,,,,,,,,,,,,,,,,,", u1520 ,m102,,
51791, u1520 ," Yes. I am. What else could those words mean? I believe we belong together and we can make one another happy. And we should be happy because happiness is better than the alternative which is -- just jump in any old time, Marylin. You have more experience at this than I do."",,,,,,,,,,,,,,,,,,,,,,,,,,,,,,,", u1519 ,m102,,
51792, u1519 ," Did you just propose to me?,,,,,,,,,,,,,,,,,,,,,,,,,,,,,,,", u1520 ,m102,,
51793, u1520 ," No... That wasn't right. I want YOU to be MY wife.,,,,,,,,,,,,,,,,,,,,,,,,,,,,,,,", u1519 ,m102,,
51794, u1519 ," Huh?,,,,,,,,,,,,,,,,,,,,,,,,,,,,,,,", u1520 ,m102,,
51795, u1520 ," I want to be your -- your wife.,,,,,,,,,,,,,,,,,,,,,,,,,,,,,,,", u1520 ,m102,,
51796, u1520 ," I want... I want to...,,,,,,,,,,,,,,,,,,,,,,,,,,,,,,,", u1519 ,m102,,
51797, u1519 ," What is it Miles?,,,,,,,,,,,,,,,,,,,,,,,,,,,,,,,", u1520 ,m102,,
51798, u1520 ," And I'm not used to -- Marylin -- there's something I want to ask you.,,,,,,,,,,,,,,,,,,,,,,,,,,,,,,,", u1519 ,m102,,
51799, u1519 ," I'm a little embarrassed. I'm not used to losing control with such -- volume.,,,,,,,,,,,,,,,,,,,,,,,,,,,,,,,", u1520 ,m102,,
51800, u1520 ," I have to say -- I'm speechless. No. I'm never speechless.,,,,,,,,,,,,,,,,,,,,,,,,,,,,,,,", u1520 ,m102,,
51801, u1520 ," Don't go. Stay with me for a while.,,,,,,,,,,,,,,,,,,,,,,,,,,,,,,,", u1519 ,m102,,
51802, u1519 ," Friends?,,,,,,,,,,,,,,,,,,,,,,,,,,,,,,,", u1519 ,m102,,
51803, u1519 ," Thank you for the coffee. It's very robust.,,,,,,,,,,,,,,,,,,,,,,,,,,,,,,,", u1520 ,m102,,
51804, u1520 ," No.,,,,,,,,,,,,,,,,,,,,,,,,,,,,,,,", u1519 ,m102,,
51805, u1519 ," I'm sorry Miles. You shouldn't listen to me. I'm sure you have a very fulfilling life. I'd better go. I'm depressing.,,,,,,,,,,,,,,,,,,,,,,,,,,,,,,,", u1520 ,m102,,
51806, u1520 ," That is bullshit! Mine is a bitch and yours is a psycho. I can't believe you're saying this, Marylin! There's nothing wrong with us. We're attractive and charismatic and successful and... I like us."",,,,,,,,,,,,,,,,,,,,,,,,,,,,,,,", u1519 ,m102,,
51807, u1519 ," We are, Miles. You know I'm right. There's something """"off"""" about you and me Miles. And maybe it isn't because of these women -- maybe they were just extremely insightful and recognized our """"deficiencies"""" very early on. Maybe..."",,,,,,,,,,,,,,,,,,,,,,,,,,,,,,,", u1520 ,m102,,
51808, u1520 ," No, we're not!"",,,,,,,,,,,,,,,,,,,,,,,,,,,,,,,", u1519 ,m102,,
51809, u1519 ," We're damaged goods.,,,,,,,,,,,,,,,,,,,,,,,,,,,,,,,", u1519 ,m102,,
51810, u1519 ," Oh right. You met Patricia.,,,,,,,,,,,,,,,,,,,,,,,,,,,,,,,", u1520 ,m102,,
51811, u1520 ," Your mother was.,,,,,,,,,,,,,,,,,,,,,,,,,,,,,,,", u1519 ,m102,,
51812, u1519 ," And here I thought my mother was...,,,,,,,,,,,,,,,,,,,,,,,,,,,,,,,", u1519 ,m102,,
51813, u1519 ," Boy. Boy, oh boy."",,,,,,,,,,,,,,,,,,,,,,,,,,,,,,,", u1520 ,m102,,
51814, u1520 ," Apparently she was very disappointed.,,,,,,,,,,,,,,,,,,,,,,,,,,,,,,,", u1519 ,m102,,
51815, u1519 ," She held that against you?,,,,,,,,,,,,,,,,,,,,,,,,,,,,,,,", u1520 ,m102,,
51816, u1520 ," No. She loved me. She would never not love her son. She just didn't... I wasn't her """"type."""" She said I was a very, colicky baby. You know? Difficult. Not a good sleeper? Didn't eat well? We got off to a bad start, and she never seemed to recoup --"",,,,,,,,,,,,,,,,,,,,,,,,,,,,,,,", u1519 ,m102,,
51817, u1519 ," She didn't love you?,,,,,,,,,,,,,,,,,,,,,,,,,,,,,,,", u1520 ,m102,,
51818, u1520 ," She never particularly cared for me.,,,,,,,,,,,,,,,,,,,,,,,,,,,,,,,", u1519 ,m102,,
51819, u1519 ," And your mother was very beautiful. She must be proud of you.,,,,,,,,,,,,,,,,,,,,,,,,,,,,,,,", u1520 ,m102,,
51820, u1520 ," Hmmm...,,,,,,,,,,,,,,,,,,,,,,,,,,,,,,,", u1519 ,m102,,
51821, u1519 ," You look like you were a very sensitive child. You have expressive eyes.,,,,,,,,,,,,,,,,,,,,,,,,,,,,,,,", u1520 ,m102,,
51822, u1520 ," Yeah. Mom. Mom and brother.,,,,,,,,,,,,,,,,,,,,,,,,,,,,,,,", u1519 ,m102,,
51823, u1519 ," Oh. And that is -- mom?,,,,,,,,,,,,,,,,,,,,,,,,,,,,,,,", u1520 ,m102,,
51824, u1520 ," Me. Yes.,,,,,,,,,,,,,,,,,,,,,,,,,,,,,,,", u1519 ,m102,,
51825, u1519 ," Is that you?,,,,,,,,,,,,,,,,,,,,,,,,,,,,,,,", u1520 ,m102,,
51826, u1520 ," Rex sent me two humidors full of pre- Castro Cubans.,,,,,,,,,,,,,,,,,,,,,,,,,,,,,,,", u1519 ,m102,,
51827, u1519 ," No kidding. I'll bet you have some very grateful clients. What'd Rex buy you?,,,,,,,,,,,,,,,,,,,,,,,,,,,,,,,", u1520 ,m102,,
51828, u1520 ," No. No. I don't have a... no. It was from a client.,,,,,,,,,,,,,,,,,,,,,,,,,,,,,,,", u1519 ,m102,,
51829, u1519 ," From a -- girlfriend.,,,,,,,,,,,,,,,,,,,,,,,,,,,,,,,", u1520 ,m102,,
51830, u1520 ," Yes. I just got that, actually. It was a gift."",,,,,,,,,,,,,,,,,,,,,,,,,,,,,,,", u1519 ,m102,,
51831, u1519 ," You have wonderful art. I love that lithograph. Hockney?,,,,,,,,,,,,,,,,,,,,,,,,,,,,,,,", u1520 ,m102,,
51832, u1520 ," Thank you.,,,,,,,,,,,,,,,,,,,,,,,,,,,,,,,", u1519 ,m102,,
51833, u1519 ," You have a very nice home, Miles. Very inviting."",,,,,,,,,,,,,,,,,,,,,,,,,,,,,,,", u1519 ,m102,,
51834, u1519 ," Okay Miles.,,,,,,,,,,,,,,,,,,,,,,,,,,,,,,,", u1520 ,m102,,
51835, u1520 ," No. Don't stop.,,,,,,,,,,,,,,,,,,,,,,,,,,,,,,,", u1519 ,m102,,
51836, u1519 ," Okay. Should I stop at Starbucks and pick up a blended for --,,,,,,,,,,,,,,,,,,,,,,,,,,,,,,,", u1520 ,m102,,
51837, u1520 ," I live right near there. The 800 Block of Maple. Come here. Marylin -- come here right now before -- just come here.,,,,,,,,,,,,,,,,,,,,,,,,,,,,,,,", u1519 ,m102,,
51838, u1519 ," I'm on Sunset. Near the Beverly Hills hotel. Wanna meet me for a drink in the Polo...?,,,,,,,,,,,,,,,,,,,,,,,,,,,,,,,", u1520 ,m102,,
51839, u1520 ," You shouldn't be driving. Where are you?,,,,,,,,,,,,,,,,,,,,,,,,,,,,,,,", u1519 ,m102,,
51840, u1519 ," A little.  You get out of the car. That's right, Fuctard. I'm talkin' to you!"",,,,,,,,,,,,,,,,,,,,,,,,,,,,,,,", u1520 ,m102,,
51841, u1520 ," Marylin? Forgive me but are you -- drunk?,,,,,,,,,,,,,,,,,,,,,,,,,,,,,,,", u1519 ,m102,,
51842, u1519 ," Screw you, asswipe!"",,,,,,,,,,,,,,,,,,,,,,,,,,,,,,,", u1519 ,m102,,
51843, u1519 ," I don't blame them for betraying me. I don't blame Rex, or Howard or my father. You see, Miles, I'm going to tell you something about me. Something you may or may not know. I suck!"",,,,,,,,,,,,,,,,,,,,,,,,,,,,,,,", u1520 ,m102,,
51844, u1520 ," Marylin? When did I say...?,,,,,,,,,,,,,,,,,,,,,,,,,,,,,,,", u1519 ,m102,,
51845, u1519 ," You're right about me. I am worthless. I am nothing. I don't deserve to live.,,,,,,,,,,,,,,,,,,,,,,,,,,,,,,,", u1520 ,m102,,
51846, u1520 ," Yes? Marylin?,,,,,,,,,,,,,,,,,,,,,,,,,,,,,,,", u1519 ,m102,,
51847, u1519 ," Miles?,,,,,,,,,,,,,,,,,,,,,,,,,,,,,,,", u1520 ,m102,,
51848, u1520 ," Hello?,,,,,,,,,,,,,,,,,,,,,,,,,,,,,,,", u1519 ,m102,,
51849, u1519 ," You really think I engineered the whole thing. You think the marriage and the divorce was part of some scheme. You came here to celebrate because you think I'm without morality or soul. You --  sound like my mother.,,,,,,,,,,,,,,,,,,,,,,,,,,,,,,,", u1520 ,m102,,
51850, u1520 ," No. Just to comfort you, and appreciate you --"",,,,,,,,,,,,,,,,,,,,,,,,,,,,,,,", u1519 ,m102,,
51851, u1519 ," Did you invite me here to score some cheap laughs.,,,,,,,,,,,,,,,,,,,,,,,,,,,,,,,", u1520 ,m102,,
51852, u1520 ," More pictures? My God, Marylin. You can open an erotic art gallery."",,,,,,,,,,,,,,,,,,,,,,,,,,,,,,,", u1519 ,m102,,
51853, u1519 ," I don't feel victorious Miles. I feel betrayed, abandoned and humiliated. I have pictures of him with another woman..."",,,,,,,,,,,,,,,,,,,,,,,,,,,,,,,", u1520 ,m102,,
51854, u1520 ," To victory.,,,,,,,,,,,,,,,,,,,,,,,,,,,,,,,", u1520 ,m102,,
51855, u1520 ," Although knowing you as I do -- there will be no settlement. This time it will be complete and total annihilation.,,,,,,,,,,,,,,,,,,,,,,,,,,,,,,,", u1519 ,m102,,
51856, u1519 ," It has bones. Be sure to swallow one.,,,,,,,,,,,,,,,,,,,,,,,,,,,,,,,", u1520 ,m102,,
51857, u1520 ," I figure a couple of months. That's how long it should take for the ink on the settlement to dry.,,,,,,,,,,,,,,,,,,,,,,,,,,,,,,,", u1519 ,m102,,
51858, u1519 ," Have you tried the duck?,,,,,,,,,,,,,,,,,,,,,,,,,,,,,,,", u1520 ,m102,,
51859, u1520 ," Well, when this goes south -- promise you'll have dinner with me?"",,,,,,,,,,,,,,,,,,,,,,,,,,,,,,,", u1519 ,m102,,
51860, u1519 ," It was his idea. It was a gesture of love and trust. Be happy for me, Miles."",,,,,,,,,,,,,,,,,,,,,,,,,,,,,,,", u1520 ,m102,,
51861, u1520 ," I am thrilled for you, but tell me this... How'd you get Howard to do it? I've addressed enough juries to appreciate the power of suggestion, but it seemed like he thought it was his own idea."",,,,,,,,,,,,,,,,,,,,,,,,,,,,,,,", u1519 ,m102,,
51862, u1519 ," Miles. Miles. Miles.,,,,,,,,,,,,,,,,,,,,,,,,,,,,,,,", u1520 ,m102,,
51863, u1520 ," Yes. He's a diamond in the rough. And I have a feeling that someday soon you'll be taking that diamond and leaving the rough.,,,,,,,,,,,,,,,,,,,,,,,,,,,,,,,", u1519 ,m102,,
51864, u1519 ," Howard is a beautiful person.,,,,,,,,,,,,,,,,,,,,,,,,,,,,,,,", u1520 ,m102,,
51865, u1520 ," I'd like to offer my congratulations. That was a beautiful gesture of Howard's.,,,,,,,,,,,,,,,,,,,,,,,,,,,,,,,", u1520 ,m102,,
51866, u1520 ," No, that's not all."",,,,,,,,,,,,,,,,,,,,,,,,,,,,,,,", u1519 ,m102,,
51867, u1519 ," So I hear. Is that all?,,,,,,,,,,,,,,,,,,,,,,,,,,,,,,,", u1520 ,m102,,
51868, u1520 ," The Massey pre-nup has never been pene -- successfully challenged.,,,,,,,,,,,,,,,,,,,,,,,,,,,,,,,", u1519 ,m102,,
51869, u1519 ," We told you. We realized we've always been in love.,,,,,,,,,,,,,,,,,,,,,,,,,,,,,,,", u1520 ,m102,,
51870, u1520 ," But why him?,,,,,,,,,,,,,,,,,,,,,,,,,,,,,,,", u1519 ,m102,,
51871, u1519 ," No. You listen to me.  You busted me, Miles. You left me with nothing! What did you expect me to do? Get a degree in counseling? Write a book about table linen? Because that's what wives do when they get dumped, and frankly, I'm not quite ready for that."",,,,,,,,,,,,,,,,,,,,,,,,,,,,,,,", u1520 ,m102,,
51872, u1520 ," Marylin! Listen to me.,,,,,,,,,,,,,,,,,,,,,,,,,,,,,,,", u1519 ,m102,,
51873, u1519 ," All girls enjoy a little rough trade from time to time.,,,,,,,,,,,,,,,,,,,,,,,,,,,,,,,", u1520 ,m102,,
51874, u1520 ," Passionate! He's a pervert. He should have to register when he moves.,,,,,,,,,,,,,,,,,,,,,,,,,,,,,,,", u1519 ,m102,,
51875, u1519 ," He's passionate.,,,,,,,,,,,,,,,,,,,,,,,,,,,,,,,", u1520 ,m102,,
51876, u1520 ," To him? He's a sick freak.,,,,,,,,,,,,,,,,,,,,,,,,,,,,,,,", u1519 ,m102,,
51877, u1519 ," Getting married.,,,,,,,,,,,,,,,,,,,,,,,,,,,,,,,", u1519 ,m102,,
51878, u1519 ," Absolutely.,,,,,,,,,,,,,,,,,,,,,,,,,,,,,,,", u1520 ,m102,,
51879, u1520 ," -- we are both sure that's what we want?,,,,,,,,,,,,,,,,,,,,,,,,,,,,,,,", u1520 ,m102,,
51880, u1520 ," That is correct. Not to blow my own horn, but they devote an entire semester to it at Harvard Law."",,,,,,,,,,,,,,,,,,,,,,,,,,,,,,,", u1519 ,m102,,
51881, u1519 ," That is true, isn't it Miles? Your pre-nup is the best there is?"",,,,,,,,,,,,,,,,,,,,,,,,,,,,,,,", u1520 ,m102,,
51882, u1520 ," Oh, for the love of..."",,,,,,,,,,,,,,,,,,,,,,,,,,,,,,,", u1520 ,m102,,
51883, u1520 ," Have you ever met Mr. Rexroth?,,,,,,,,,,,,,,,,,,,,,,,,,,,,,,,", u1519 ,m102,,
51884, u1519 ," He'll regret this.,,,,,,,,,,,,,,,,,,,,,,,,,,,,,,,", u1519 ,m102,,
51885, u1519 ," Yes. Why is that so difficult for you to understand?,,,,,,,,,,,,,,,,,,,,,,,,,,,,,,,", u1520 ,m102,,
51886, u1520 ," And you hoped to spend the rest of your life with him?,,,,,,,,,,,,,,,,,,,,,,,,,,,,,,,", u1520 ,m102,,
51887, u1520 ," And you've always loved him?,,,,,,,,,,,,,,,,,,,,,,,,,,,,,,,", u1519 ,m102,,
51888, u1519 ," Yes. I loved my husband, Rex."",,,,,,,,,,,,,,,,,,,,,,,,,,,,,,,", u1519 ,m102,,
51889, u1519 ," Well, don't look at mine!"",,,,,,,,,,,,,,,,,,,,,,,,,,,,,,,", u1520 ,m102,,
51890, u1520 ," Oh, I'm a lot like you -- just looking for an ass to mount."",,,,,,,,,,,,,,,,,,,,,,,,,,,,,,,", u1519 ,m102,,
51891, u1519 ," What is it you're after, Miles?"",,,,,,,,,,,,,,,,,,,,,,,,,,,,,,,", u1520 ,m102,,
51892, u1520 ," Gotcha.,,,,,,,,,,,,,,,,,,,,,,,,,,,,,,,", u1519 ,m102,,
51893, u1519 ," See the tape. Then we can discuss reconciliation. Rex screwed up and I nailed his ass. Now I'm going to have it mounted and have my girlfriends over to throw darts at it. Then I'm getting on with my life. That's all I'm after.,,,,,,,,,,,,,,,,,,,,,,,,,,,,,,,", u1520 ,m102,,
51894, u1520 ," He wants a reconciliation.,,,,,,,,,,,,,,,,,,,,,,,,,,,,,,,", u1519 ,m102,,
51895, u1519 ," All right, Miles. Let me tell you everything you THINK you know. I was married to Rex for a long time. I was an excellent wife, a partner, a lover, a hostess and a friend. There was only one thing I did wrong during the five years we were together. I got five years older. Think he should be able to ditch me for that?"",,,,,,,,,,,,,,,,,,,,,,,,,,,,,,,", u1520 ,m102,,
51896, u1520 ," No. I haven't. Have you?,,,,,,,,,,,,,,,,,,,,,,,,,,,,,,,", u1519 ,m102,,
51897, u1519 ," You just haven't met the right person.,,,,,,,,,,,,,,,,,,,,,,,,,,,,,,,", u1520 ,m102,,
51898, u1520 ," As a matter of fact, I'm a huge fan."",,,,,,,,,,,,,,,,,,,,,,,,,,,,,,,", u1519 ,m102,,
51899, u1519 ," You don't believe in it.,,,,,,,,,,,,,,,,,,,,,,,,,,,,,,,", u1520 ,m102,,
51900, u1520 ," No.,,,,,,,,,,,,,,,,,,,,,,,,,,,,,,,", u1519 ,m102,,
51901, u1519 ," Have you ever been married, Miles?"",,,,,,,,,,,,,,,,,,,,,,,,,,,,,,,", u1520 ,m102,,
51902, u1520 ," Not really. You're not my client. Freedom of association. Big issue with the First Amendment fans. Want to go to Hawaii for the weekend?,,,,,,,,,,,,,,,,,,,,,,,,,,,,,,,", u1519 ,m102,,
51903, u1519 ," You didn't ask me here to pick me up. You could get in trouble for that.,,,,,,,,,,,,,,,,,,,,,,,,,,,,,,,", u1520 ,m102,,
51904, u1520 ," """"Who ever lov'd that lov'd not at first sight?"""""",,,,,,,,,,,,,,,,,,,,,,,,,,,,,,,", u1519 ,m102,,
51905, u1519 ," I know you do.,,,,,,,,,,,,,,,,,,,,,,,,,,,,,,,", u1520 ,m102,,
51906, u1520 ," I'll have the tournedos of beef. And the lady will have the same?  I assume you're a carnivore.,,,,,,,,,,,,,,,,,,,,,,,,,,,,,,,", u1519 ,m102,,
51907, u1519 ," I told you. I was hungry.,,,,,,,,,,,,,,,,,,,,,,,,,,,,,,,", u1520 ,m102,,
51908, u1520 ," Why would you be here?,,,,,,,,,,,,,,,,,,,,,,,,,,,,,,,", u1519 ,m102,,
51909, u1519 ," How do you know?,,,,,,,,,,,,,,,,,,,,,,,,,,,,,,,", u1520 ,m102,,
51910, u1520 ," But you don't agree?,,,,,,,,,,,,,,,,,,,,,,,,,,,,,,,", u1519 ,m102,,
51911, u1519 ," Ruth says you've been too successful, that you're bored, complacent, and you're on your way down."",,,,,,,,,,,,,,,,,,,,,,,,,,,,,,,", u1520 ,m102,,
51912, u1520 ," What does your lawyer think?,,,,,,,,,,,,,,,,,,,,,,,,,,,,,,,", u1519 ,m102,,
51913, u1519 ," Tell me Mr. Massey. What was your performance about this afternoon?,,,,,,,,,,,,,,,,,,,,,,,,,,,,,,,", u1519 ,m102,,
51914, u1519 ," See the tape. Then we can discuss my heart.,,,,,,,,,,,,,,,,,,,,,,,,,,,,,,,", u1520 ,m102,,
51915, u1520 ," Not yet.,,,,,,,,,,,,,,,,,,,,,,,,,,,,,,,", u1519 ,m102,,
51916, u1519 ," Did you see the tape?,,,,,,,,,,,,,,,,,,,,,,,,,,,,,,,", u1520 ,m102,,
51917, u1520 ," Do you have a hard heart, Marylin."",,,,,,,,,,,,,,,,,,,,,,,,,,,,,,,", u1519 ,m102,,
51918, u1519 ," """"Dismiss your vows, your feigned tears, your flattery, for where a heart is hard, they make no battery."""""",,,,,,,,,,,,,,,,,,,,,,,,,,,,,,,", u1520 ,m102,,
51919, u1520 ," Your husband told me you were beautiful, but I was unprepared."",,,,,,,,,,,,,,,,,,,,,,,,,,,,,,,", u1520 ,m102,,
51920, u1520 ," Isn't everything?,,,,,,,,,,,,,,,,,,,,,,,,,,,,,,,", u1519 ,m102,,
51921, u1519 ," I assume this is on Rex?,,,,,,,,,,,,,,,,,,,,,,,,,,,,,,,", u1520 ,m102,,
51922, u1520 ," Not according to Mrs. Rabinow.,,,,,,,,,,,,,,,,,,,,,,,,,,,,,,,", u1519 ,m102,,
51923, u1519 ," These are yours.,,,,,,,,,,,,,,,,,,,,,,,,,,,,,,,", u1519 ,m102,,
51924, u1519 ," Positano is beautiful. Remember when we were there, Rex? We stayed in the Santo Pietro? That hotel on the cliff?"",,,,,,,,,,,,,,,,,,,,,,,,,,,,,,,", u1520 ,m102,,
51925, u1520 ," How nice.,,,,,,,,,,,,,,,,,,,,,,,,,,,,,,,", u1519 ,m102,,
51926, u1519 ," And you must be Mr. Massey.,,,,,,,,,,,,,,,,,,,,,,,,,,,,,,,", u1520 ,m102,,
51927, u1520 ," -- Ruth Rabinow, this is Rex Rexroth. And you must be Mrs. Rexroth."",,,,,,,,,,,,,,,,,,,,,,,,,,,,,,,", u1523 ,m102,,
51928, u1523 ," Sometimes I forget.,,,,,,,,,,,,,,,,,,,,,,,,,,,,,,,", u1519 ,m102,,
51929, u1519 ," Have you been taking your digestive enzymes?,,,,,,,,,,,,,,,,,,,,,,,,,,,,,,,", u1523 ,m102,,
51930, u1523 ," You have some?,,,,,,,,,,,,,,,,,,,,,,,,,,,,,,,", u1519 ,m102,,
51931, u1519 ," Do you need a Tagamet?,,,,,,,,,,,,,,,,,,,,,,,,,,,,,,,", u1523 ,m102,,
51932, u1523 ," My whole metabolism is -- off.,,,,,,,,,,,,,,,,,,,,,,,,,,,,,,,", u1519 ,m102,,
51933, u1519 ," Are you alright? You lost weight.,,,,,,,,,,,,,,,,,,,,,,,,,,,,,,,", u1523 ,m102,,
51934, u1523 ," Marylin.,,,,,,,,,,,,,,,,,,,,,,,,,,,,,,,", u1519 ,m102,,
51935, u1519 ," Hello, Rex."",,,,,,,,,,,,,,,,,,,,,,,,,,,,,,,", u1523 ,m102,,
51936, u1523 ," Dogs?,,,,,,,,,,,,,,,,,,,,,,,,,,,,,,,", u1519 ,m102,,
51937, u1519 ," Rex. Go away. I don't want to have to sic the dogs on you.,,,,,,,,,,,,,,,,,,,,,,,,,,,,,,,", u1523 ,m102,,
51938, u1523 ," Marylin?,,,,,,,,,,,,,,,,,,,,,,,,,,,,,,,", u1519 ,m102,,
51939, u1519 ," Are you forgetting about the Atcheson, Topeka and the Santa Fe?"",,,,,,,,,,,,,,,,,,,,,,,,,,,,,,,", u1523 ,m102,,
51940, u1523 ," But Marylin, you know a divorce would ruin me right now. Everything I have -- everything we have -- is tied up in my business. The business is my entire life."",,,,,,,,,,,,,,,,,,,,,,,,,,,,,,,", u1519 ,m102,,
51941, u1519 ," We are. And it's winding down.,,,,,,,,,,,,,,,,,,,,,,,,,,,,,,,", u1523 ,m102,,
51942, u1523 ," Look, Marylin, can't we have a civilized discussion about this?"",,,,,,,,,,,,,,,,,,,,,,,,,,,,,,,", u1519 ,m102,,
51943, u1519 ," Rex. Get away from the door.,,,,,,,,,,,,,,,,,,,,,,,,,,,,,,,", u1524 ,m102,,
51944, u1524 ," Now? Well, Marylin, now you cut a deal or find out how Jean Harris made it work for her."",,,,,,,,,,,,,,,,,,,,,,,,,,,,,,,", u1519 ,m102,,
51945, u1519 ," So. Now what?,,,,,,,,,,,,,,,,,,,,,,,,,,,,,,,", u1524 ,m102,,
51946, u1524 ," He was right, wasn't he?"",,,,,,,,,,,,,,,,,,,,,,,,,,,,,,,", u1519 ,m102,,
51947, u1519 ," He never even asked. He just assumed --,,,,,,,,,,,,,,,,,,,,,,,,,,,,,,,", u1524 ,m102,,
51948, u1524 ," Like I know his intention? Or yours for that matter?  I should join Sam. I'm too old for this bullshit.,,,,,,,,,,,,,,,,,,,,,,,,,,,,,,,", u1519 ,m102,,
51949, u1519 ," Do you think he set me up? Do you think that was his intention?,,,,,,,,,,,,,,,,,,,,,,,,,,,,,,,", u1524 ,m102,,
51950, u1524 ," Quite a little shopping spree. How do you spend six figures in less than six hours? Oh, never mind I've seen it before. I've seen everything."",,,,,,,,,,,,,,,,,,,,,,,,,,,,,,,", u1519 ,m102,,
51951, u1519 ," He told me to -- he said he wanted me to --,,,,,,,,,,,,,,,,,,,,,,,,,,,,,,,", u1524 ,m102,,
51952, u1524 ," You used his credit card.,,,,,,,,,,,,,,,,,,,,,,,,,,,,,,,", u1519 ,m102,,
51953, u1519 ," Forgery and Fraud?,,,,,,,,,,,,,,,,,,,,,,,,,,,,,,,", u1519 ,m102,,
51954, u1519 ," Please!,,,,,,,,,,,,,,,,,,,,,,,,,,,,,,,", u1524 ,m102,,
51955, u1524 ," Is this a lover?,,,,,,,,,,,,,,,,,,,,,,,,,,,,,,,", u1519 ,m102,,
51956, u1519 ," Jesus.,,,,,,,,,,,,,,,,,,,,,,,,,,,,,,,", u1524 ,m102,,
51957, u1524 ," Who's that?,,,,,,,,,,,,,,,,,,,,,,,,,,,,,,,", u1524 ,m102,,
51958, u1524 ," Thank you, Mrs. Rexroth."",,,,,,,,,,,,,,,,,,,,,,,,,,,,,,,", u1519 ,m102,,
51959, u1519 ," I was devastated. Of course.,,,,,,,,,,,,,,,,,,,,,,,,,,,,,,,", u1524 ,m102,,
51960, u1524 ," We were about to request the primary residence, and thirty percent of the remaining assets."",,,,,,,,,,,,,,,,,,,,,,,,,,,,,,,", u1519 ,m102,,
51961, u1519 ," I'm sorry. Where were we?,,,,,,,,,,,,,,,,,,,,,,,,,,,,,,,", u1519 ,m102,,
51962, u1519 ," I guess.,,,,,,,,,,,,,,,,,,,,,,,,,,,,,,,", u1525 ,m102,,
51963, u1525 ," Soon, you'll have your own rage!"",,,,,,,,,,,,,,,,,,,,,,,,,,,,,,,", u1519 ,m102,,
51964, u1519 ," He has no cynicism or anger. For once I'm not the repository of rage at some other woman.,,,,,,,,,,,,,,,,,,,,,,,,,,,,,,,", u1525 ,m102,,
51965, u1525 ," Well, that's about to change big time."",,,,,,,,,,,,,,,,,,,,,,,,,,,,,,,", u1519 ,m102,,
51966, u1519 ," Miles is different. He's still so idealistic.,,,,,,,,,,,,,,,,,,,,,,,,,,,,,,,", u1525 ,m102,,
51967, u1525 ," So what?,,,,,,,,,,,,,,,,,,,,,,,,,,,,,,,", u1519 ,m102,,
51968, u1519 ," Yes, yes, it's just -- you know I've never been the first wife. Rex was married before me."",,,,,,,,,,,,,,,,,,,,,,,,,,,,,,,", u1525 ,m102,,
51969, u1525 ," But you're going through with it?,,,,,,,,,,,,,,,,,,,,,,,,,,,,,,,", u1519 ,m102,,
51970, u1519 ," He's not what I expected. He's very -- he's so -- happy.,,,,,,,,,,,,,,,,,,,,,,,,,,,,,,,", u1525 ,m102,,
51971, u1525 ," What?,,,,,,,,,,,,,,,,,,,,,,,,,,,,,,,", u1519 ,m102,,
51972, u1519 ," Right.,,,,,,,,,,,,,,,,,,,,,,,,,,,,,,,", u1525 ,m102,,
51973, u1525 ," What about rugs? I thought we were stopping at Mansour?,,,,,,,,,,,,,,,,,,,,,,,,,,,,,,,", u1519 ,m102,,
51974, u1519 ," I can't do this anymore. Let's get some lunch.,,,,,,,,,,,,,,,,,,,,,,,,,,,,,,,", u1525 ,m102,,
51975, u1525 ," It's not Ming. It's Tong.,,,,,,,,,,,,,,,,,,,,,,,,,,,,,,,", u1519 ,m102,,
51976, u1519 ," Is this Ming?,,,,,,,,,,,,,,,,,,,,,,,,,,,,,,,", u1519 ,m102,,
51977, u1519 ," I want to be exposed.,,,,,,,,,,,,,,,,,,,,,,,,,,,,,,,", u1525 ,m102,,
51978, u1525 ," But Marylin, without this, you're completely exposed."",,,,,,,,,,,,,,,,,,,,,,,,,,,,,,,", u1525 ,m102,,
51979, u1525 ," Hello Miles.,,,,,,,,,,,,,,,,,,,,,,,,,,,,,,,", u1519 ,m102,,
51980, u1519 ," Sarah Sorkin. Ramona Barcelona -- this is Miles Massey.,,,,,,,,,,,,,,,,,,,,,,,,,,,,,,,", u1519 ,m102,,
51981, u1519 ," No. I'll see some blood before this is over, but it won't be mine."",,,,,,,,,,,,,,,,,,,,,,,,,,,,,,,", u1525 ,m102,,
51982, u1525 ," You're not...,,,,,,,,,,,,,,,,,,,,,,,,,,,,,,,", u1519 ,m102,,
51983, u1519 ," Probably. Every woman in my life was divorced at least twice. What was I supposed to say. Anthropologist?,,,,,,,,,,,,,,,,,,,,,,,,,,,,,,,", u1525 ,m102,,
51984, u1525 ," So, Marylin. Is that what you said when you were a little girl?"",,,,,,,,,,,,,,,,,,,,,,,,,,,,,,,", u1519 ,m102,,
51985, u1519 ," Nothing specific, but I'll have my own place soon."",,,,,,,,,,,,,,,,,,,,,,,,,,,,,,,", u1519 ,m102,,
51986, u1519 ," They bought her speech. If I was only in it for Rex's money, he shouldn't have to give me any."",,,,,,,,,,,,,,,,,,,,,,,,,,,,,,,", u1525 ,m102,,
51987, u1525 ," That stinks. They left you with absolutely nothing. It makes you wonder about the entire legal system. Like Rodney King.,,,,,,,,,,,,,,,,,,,,,,,,,,,,,,,", u1519 ,m102,,
51988, u1519 ," Get this! He called and invited me to dinner.,,,,,,,,,,,,,,,,,,,,,,,,,,,,,,,", u1525 ,m102,,
51989, u1525 ," Shit.,,,,,,,,,,,,,,,,,,,,,,,,,,,,,,,", u1519 ,m102,,
51990, u1519 ," Well, if he continues to maintain this position -- we're in court."",,,,,,,,,,,,,,,,,,,,,,,,,,,,,,,", u1525 ,m102,,
51991, u1525 ," So where are you now?,,,,,,,,,,,,,,,,,,,,,,,,,,,,,,,", u1519 ,m102,,
51992, u1519 ," Anyway, even Rex seemed perplexed by his intransigence. If I didn't know better, I'd swear Massey had some personal investment in my ruination."",,,,,,,,,,,,,,,,,,,,,,,,,,,,,,,", u1525 ,m102,,
51993, u1525 ," I'm dying.,,,,,,,,,,,,,,,,,,,,,,,,,,,,,,,", u1519 ,m102,,
51994, u1519 ," Every week --,,,,,,,,,,,,,,,,,,,,,,,,,,,,,,,", u1525 ,m102,,
51995, u1525 ," Oh, God!"",,,,,,,,,,,,,,,,,,,,,,,,,,,,,,,", u1519 ,m102,,
51996, u1519 ," Lilly's up.,,,,,,,,,,,,,,,,,,,,,,,,,,,,,,,", u1525 ,m102,,
51997, u1525 ," He has a reputation for being tough.,,,,,,,,,,,,,,,,,,,,,,,,,,,,,,,", u1519 ,m102,,
51998, u1519 ," I don't know. Ruth kept her cool, but I could tell she was surprised."",,,,,,,,,,,,,,,,,,,,,,,,,,,,,,,", u1525 ,m102,,
51999, u1525 ," Well what does he want?,,,,,,,,,,,,,,,,,,,,,,,,,,,,,,,", u1519 ,m102,,
52000, u1519 ," I don't know what his game is. He dismissed every one of Ruth's proposals. And Sarah, we weren't unreasonable."",,,,,,,,,,,,,,,,,,,,,,,,,,,,,,,", u1525 ,m102,,
52001, u1525 ," I wish I had your discipline.,,,,,,,,,,,,,,,,,,,,,,,,,,,,,,,", u1519 ,m102,,
52002, u1519 ," Please. I'm not seeing anyone until this is over. One husband at a time.,,,,,,,,,,,,,,,,,,,,,,,,,,,,,,,", u1525 ,m102,,
52003, u1525 ," We do have a man for you.,,,,,,,,,,,,,,,,,,,,,,,,,,,,,,,", u1519 ,m102,,
52004, u1519 ," Maybe.,,,,,,,,,,,,,,,,,,,,,,,,,,,,,,,", u1525 ,m102,,
52005, u1525 ," Now? She's a night manager at McDonalds.,,,,,,,,,,,,,,,,,,,,,,,,,,,,,,,", u1519 ,m102,,
52006, u1519 ," Who's she?,,,,,,,,,,,,,,,,,,,,,,,,,,,,,,,", u1525 ,m102,,
52007, u1525 ," By reputation. He got Ann Rumsey that cute little island of George's.,,,,,,,,,,,,,,,,,,,,,,,,,,,,,,,", u1519 ,m102,,
52008, u1519 ," Do you know him?,,,,,,,,,,,,,,,,,,,,,,,,,,,,,,,", u1525 ,m102,,
52009, u1525 ," Of Massey Myerson?,,,,,,,,,,,,,,,,,,,,,,,,,,,,,,,", u1519 ,m102,,
52010, u1519 ," Miles Massey.,,,,,,,,,,,,,,,,,,,,,,,,,,,,,,,", u1519 ,m102,,
52011, u1519 ," In the words of my Private Investigator, we're going to nail his ass."",,,,,,,,,,,,,,,,,,,,,,,,,,,,,,,", u1525 ,m102,,
52012, u1525 ," Wow.,,,,,,,,,,,,,,,,,,,,,,,,,,,,,,,", u1519 ,m102,,
52013, u1519 ," She did a Harriman.,,,,,,,,,,,,,,,,,,,,,,,,,,,,,,,", u1525 ,m102,,
52014, u1525 ," She's a legend. Didn't she do Kravis or a Pearlman? She definitely did a Factor.,,,,,,,,,,,,,,,,,,,,,,,,,,,,,,,", u1525 ,m102,,
52015, u1525 ," Neither did I until my lawyer found it -- quite a paper trail -- he had it in the dog's name.,,,,,,,,,,,,,,,,,,,,,,,,,,,,,,,", u1519 ,m102,,
52016, u1519 ," I didn't know Barry had a beach house.,,,,,,,,,,,,,,,,,,,,,,,,,,,,,,,", u1525 ,m102,,
52017, u1525 ," You want to come out to the beach house tomorrow?,,,,,,,,,,,,,,,,,,,,,,,,,,,,,,,", u1528 ,m102,,
52018, u1528 ," He tricked you. With a phony wife and a fake pre-nup. Howard Doyle. He got you. You married Marylin, didn't you? You thought she had money. HA HA HA. Howard Doyle made you think that because of what you did to me. And to Marylin Rexroth. Yeah. I heard all about it. My brother Howard Doyle got you.  Neener neener neener."",,,,,,,,,,,,,,,,,,,,,,,,,,,,,,,", u1520 ,m102,,
52019, u1520 ," Yes, I know Howard Doyle."",,,,,,,,,,,,,,,,,,,,,,,,,,,,,,,", u1528 ,m102,,
52020, u1528 ," You ruined my life you sonofabitch. Gimme those.,,,,,,,,,,,,,,,,,,,,,,,,,,,,,,,", u1520 ,m102,,
52021, u1520 ," Excuse me?,,,,,,,,,,,,,,,,,,,,,,,,,,,,,,,", u1528 ,m102,,
52022, u1528 ," You're Miles Massey! You probably don't recognize me. The drugs made me put on weight and grow facial hair.,,,,,,,,,,,,,,,,,,,,,,,,,,,,,,,", u1520 ,m102,,
52023, u1520 ," Yes?,,,,,,,,,,,,,,,,,,,,,,,,,,,,,,,", u1528 ,m102,,
52024, u1528 ," Wait. I know you.,,,,,,,,,,,,,,,,,,,,,,,,,,,,,,,", u1528 ,m102,,
52025, u1528 ," He would invite these girls home from the staple factory to our condominium in Palm Springs. He had a device he called the Intruder.,,,,,,,,,,,,,,,,,,,,,,,,,,,,,,,", u1520 ,m102,,
52026, u1520 ," -- is not a challenge. I need something I can sink my teeth into, professionally speaking."",,,,,,,,,,,,,,,,,,,,,,,,,,,,,,,", u1526 ,m102,,
52027, u1526 ," She's here now.,,,,,,,,,,,,,,,,,,,,,,,,,,,,,,,", u1520 ,m102,,
52028, u1520 ," Marylin Rexroth? When does she --,,,,,,,,,,,,,,,,,,,,,,,,,,,,,,,", u1526 ,m102,,
52029, u1526 ," I'm sorry, Mr. Massey, but I felt certain you'd want to know -- Marylin Rexroth wants to see you."",,,,,,,,,,,,,,,,,,,,,,,,,,,,,,,", u1520 ,m102,,
52030, u1520 ," Please! No calls! I'm feeling very fragile.,,,,,,,,,,,,,,,,,,,,,,,,,,,,,,,", u1526 ,m102,,
52031, u1526 ," Mr. Massey --,,,,,,,,,,,,,,,,,,,,,,,,,,,,,,,", u1526 ,m102,,
52032, u1526 ," When you have a moment.,,,,,,,,,,,,,,,,,,,,,,,,,,,,,,,", u1520 ,m102,,
52033, u1520 ," Herb wants to see me?,,,,,,,,,,,,,,,,,,,,,,,,,,,,,,,", u1524 ,m102,,
52034, u1524 ," We've outlined a settlement...,,,,,,,,,,,,,,,,,,,,,,,,,,,,,,,", u1520 ,m102,,
52035, u1520 ," Where does that leave us?,,,,,,,,,,,,,,,,,,,,,,,,,,,,,,,", u1524 ,m102,,
52036, u1524 ," That's attorney client privilege.  Sorry, Miles. But as a great and clever man once said, What's good for the goose --"",,,,,,,,,,,,,,,,,,,,,,,,,,,,,,,", u1520 ,m102,,
52037, u1520 ," ...why did she do it, Ruth? Why?"",,,,,,,,,,,,,,,,,,,,,,,,,,,,,,,", u1524 ,m102,,
52038, u1524 ," Don't threaten me, Miles. I did nothing illegal."",,,,,,,,,,,,,,,,,,,,,,,,,,,,,,,", u1520 ,m102,,
52039, u1520 ," I'll have you suspended. I'll have you disbarred.,,,,,,,,,,,,,,,,,,,,,,,,,,,,,,,", u1524 ,m102,,
52040, u1524 ," And it's good!,,,,,,,,,,,,,,,,,,,,,,,,,,,,,,,", u1520 ,m102,,
52041, u1520 ," Don't give me that crap. That's MY crap.,,,,,,,,,,,,,,,,,,,,,,,,,,,,,,,", u1524 ,m102,,
52042, u1524 ," ...The fault, dear Brutus, is not in our stars..."",,,,,,,,,,,,,,,,,,,,,,,,,,,,,,,", u1520 ,m102,,
52043, u1520 ," I don't have a pre-nup,,,,,,,,,,,,,,,,,,,,,,,,,,,,,,,", u1524 ,m102,,
52044, u1524 ," She's YOUR wife. Why don't you ask her? Anyway, I assume she signed the highly over rated Massey pre-nup."",,,,,,,,,,,,,,,,,,,,,,,,,,,,,,,", u1520 ,m102,,
52045, u1520 ," Did Marylin end up with money?,,,,,,,,,,,,,,,,,,,,,,,,,,,,,,,", u1524 ,m102,,
52046, u1524 ," I have no idea what Howard Doyle eats. I'm not a damn dietician.,,,,,,,,,,,,,,,,,,,,,,,,,,,,,,,", u1520 ,m102,,
52047, u1520 ," He never ate the pre-nup, did he!"",,,,,,,,,,,,,,,,,,,,,,,,,,,,,,,", u1524 ,m102,,
52048, u1524 ," Marylin was friends with Howard and Amanda Doyle. They don't like the way you operate. They helped her.,,,,,,,,,,,,,,,,,,,,,,,,,,,,,,,", u1520 ,m102,,
52049, u1520 ," He divorced his wife -- he married Marylin -- he divorced Marylin -- and he -- remarried his WIFE? What kind of sick --,,,,,,,,,,,,,,,,,,,,,,,,,,,,,,,", u1520 ,m102,,
52050, u1520 ," Rephrase. Mrs. Rexroth, have you ever been in love?"",,,,,,,,,,,,,,,,,,,,,,,,,,,,,,,", u1524 ,m102,,
52051, u1524 ," ...arty farty!,,,,,,,,,,,,,,,,,,,,,,,,,,,,,,,", u1524 ,m102,,
52052, u1524 ," Kirshner does not apply. Kirshner was in Kentucky.,,,,,,,,,,,,,,,,,,,,,,,,,,,,,,,", u1520 ,m102,,
52053, u1520 ," Are you familiar with Kirshner?,,,,,,,,,,,,,,,,,,,,,,,,,,,,,,,", u1524 ,m102,,
52054, u1524 ," Yes. Maybe you're right, Miles. Maybe we're being too conservative. Seventy five percent."",,,,,,,,,,,,,,,,,,,,,,,,,,,,,,,", u1520 ,m102,,
52055, u1520 ," Why not a hundred and fifty percent?,,,,,,,,,,,,,,,,,,,,,,,,,,,,,,,", u1524 ,m102,,
52056, u1524 ," Oh brother. Here we go.,,,,,,,,,,,,,,,,,,,,,,,,,,,,,,,", u1520 ,m102,,
52057, u1520 ," Why only fifty percent, Ruth? Why not ask for a hundred percent?"",,,,,,,,,,,,,,,,,,,,,,,,,,,,,,,", u1524 ,m102,,
52058, u1524 ," My client is prepared to settle for fifty percent of the marital assets.,,,,,,,,,,,,,,,,,,,,,,,,,,,,,,,", u1520 ,m102,,
52059, u1520 ," -- So much for the icebreakers. What're you after, Ruth?"",,,,,,,,,,,,,,,,,,,,,,,,,,,,,,,", u1520 ,m102,,
52060, u1520 ," Heh heh.,,,,,,,,,,,,,,,,,,,,,,,,,,,,,,,", u1524 ,m102,,
52061, u1524 ," Ha Ha.,,,,,,,,,,,,,,,,,,,,,,,,,,,,,,,", u1520 ,m102,,
52062, u1520 ," My client asks that you not initiate proceedings pending his setting certain affairs in order.,,,,,,,,,,,,,,,,,,,,,,,,,,,,,,,", u1524 ,m102,,
52063, u1524 ," My client feels sufficiently dispassionate.,,,,,,,,,,,,,,,,,,,,,,,,,,,,,,,", u1520 ,m102,,
52064, u1520 ," My client proposes a thirty day cooling off period.,,,,,,,,,,,,,,,,,,,,,,,,,,,,,,,", u1524 ,m102,,
52065, u1524 ," That's delusional.,,,,,,,,,,,,,,,,,,,,,,,,,,,,,,,", u1520 ,m102,,
52066, u1520 ," My client is prepared to entertain an amicable dissolution of the marriage without prejudice.,,,,,,,,,,,,,,,,,,,,,,,,,,,,,,,", u1524 ,m102,,
52067, u1524 ," My client has ruled that out.,,,,,,,,,,,,,,,,,,,,,,,,,,,,,,,", u1520 ,m102,,
52068, u1520 ," At this point my client is still prepared to consider reconciliation.,,,,,,,,,,,,,,,,,,,,,,,,,,,,,,,", u1524 ,m102,,
52069, u1524 ," So, Miles. If you have a proposal, let's hear it."",,,,,,,,,,,,,,,,,,,,,,,,,,,,,,,", u1524 ,m102,,
52070, u1524 ," Oh, just a routine mammogram. She said to say hello. She's going to Positano with your brother's family."",,,,,,,,,,,,,,,,,,,,,,,,,,,,,,,", u1520 ,m102,,
52071, u1520 ," What?!,,,,,,,,,,,,,,,,,,,,,,,,,,,,,,,", u1520 ,m102,,
52072, u1520 ," A yert.  Ruth is a living legend, Rex. At a time when most women are in Boca, having early bird specials -- she's working so her husband can be in Montana. In a yert."",,,,,,,,,,,,,,,,,,,,,,,,,,,,,,,", u1524 ,m102,,
52073, u1524 ," Sam is Sam. He's taking up fly fishing. He's in a yert in Montana.,,,,,,,,,,,,,,,,,,,,,,,,,,,,,,,", u1520 ,m102,,
52074, u1520 ," So, Ruth. How's Sam?"",,,,,,,,,,,,,,,,,,,,,,,,,,,,,,,", u1523 ,m102,,
52075, u1523 ," Maybe I should reconsider my...,,,,,,,,,,,,,,,,,,,,,,,,,,,,,,,", u1520 ,m102,,
52076, u1520 ," In anticipation of making you sick.,,,,,,,,,,,,,,,,,,,,,,,,,,,,,,,", u1523 ,m102,,
52077, u1523 ," She brought my digestive enzymes.,,,,,,,,,,,,,,,,,,,,,,,,,,,,,,,", u1520 ,m102,,
52078, u1520 ," And she had private investigators assisting her.,,,,,,,,,,,,,,,,,,,,,,,,,,,,,,,", u1523 ,m102,,
52079, u1523 ," She always looked out for me.,,,,,,,,,,,,,,,,,,,,,,,,,,,,,,,", u1520 ,m102,,
52080, u1520 ," I think that went as well as could be expected.,,,,,,,,,,,,,,,,,,,,,,,,,,,,,,,", u1520 ,m102,,
52081, u1520 ," Please -- let me handle this. Okay, Ruth, forget Kirshner -- what's your bottom line?"",,,,,,,,,,,,,,,,,,,,,,,,,,,,,,,", u1523 ,m102,,
52082, u1523 ," What's Kirshner?,,,,,,,,,,,,,,,,,,,,,,,,,,,,,,,", u1523 ,m102,,
52083, u1523 ," Well -- is that possible?,,,,,,,,,,,,,,,,,,,,,,,,,,,,,,,", u1520 ,m102,,
52084, u1520 ," So, you propose that in spite of demonstrable infidelity on your part, your unoffending wife should be tossed out on her ear?"",,,,,,,,,,,,,,,,,,,,,,,,,,,,,,,", u1523 ,m102,,
52085, u1523 ," I know that sounds rough but I'm about to close on a deal to develop some mini-malls, and I'm mortgaged up to my ass. If this deal goes south, I'm ruined -- I'll lose millions."",,,,,,,,,,,,,,,,,,,,,,,,,,,,,,,", u1520 ,m102,,
52086, u1520 ," Nothing?,,,,,,,,,,,,,,,,,,,,,,,,,,,,,,,", u1523 ,m102,,
52087, u1523 ," That's the problem. I can't afford to give her anything.,,,,,,,,,,,,,,,,,,,,,,,,,,,,,,,", u1520 ,m102,,
52088, u1520 ," The fault, dear Brutus, is not in our stars, but in ourselves. Well, let me ask you this: what kind of settlement do you seek? What are, for you, the parameters of the possible?"",,,,,,,,,,,,,,,,,,,,,,,,,,,,,,,", u1520 ,m102,,
52089, u1520 ," Mmm... And to cut to the chase, forensically speaking -- is there a pre-nup?"",,,,,,,,,,,,,,,,,,,,,,,,,,,,,,,", u1523 ,m102,,
52090, u1523 ," Video.,,,,,,,,,,,,,,,,,,,,,,,,,,,,,,,", u1520 ,m102,,
52091, u1520 ," And your wife is aware of or has evidence of your activities?,,,,,,,,,,,,,,,,,,,,,,,,,,,,,,,", u1523 ,m102,,
52092, u1523 ," I'm not sure.,,,,,,,,,,,,,,,,,,,,,,,,,,,,,,,", u1520 ,m102,,
52093, u1520 ," Not in court you can't. Has she retained counsel?,,,,,,,,,,,,,,,,,,,,,,,,,,,,,,,", u1523 ,m102,,
52094, u1523 ," I don't know. I can assume...,,,,,,,,,,,,,,,,,,,,,,,,,,,,,,,", u1520 ,m102,,
52095, u1520 ," Well, with the expanding global population -- Let me ask you this -- your wife. Has she pursued the opportunities which must present themselves to the """"knock-out, sexy woman"""" you described?"",,,,,,,,,,,,,,,,,,,,,,,,,,,,,,,", u1523 ,m102,,
52096, u1523 ," Seems like there's more of it than ever before --,,,,,,,,,,,,,,,,,,,,,,,,,,,,,,,", u1520 ,m102,,
52097, u1520 ," Gotcha. No need to get anatomically correct with me, Rex."",,,,,,,,,,,,,,,,,,,,,,,,,,,,,,,", u1523 ,m102,,
52098, u1523 ," You know what I mean when I say """"it."""""",,,,,,,,,,,,,,,,,,,,,,,,,,,,,,,", u1520 ,m102,,
52099, u1520 ," Ah.,,,,,,,,,,,,,,,,,,,,,,,,,,,,,,,", u1523 ,m102,,
52100, u1523 ," No. Not exactly. It didn't exactly cool. Marylin is a knock-out. And very sexy -- but -- there's a lot of it out there.,,,,,,,,,,,,,,,,,,,,,,,,,,,,,,,", u1520 ,m102,,
52101, u1520 ," Time marches on. Ardor cools.,,,,,,,,,,,,,,,,,,,,,,,,,,,,,,,", u1523 ,m102,,
52102, u1523 ," But then... But then...,,,,,,,,,,,,,,,,,,,,,,,,,,,,,,,", u1520 ,m102,,
52103, u1520 ," Mm.,,,,,,,,,,,,,,,,,,,,,,,,,,,,,,,", u1523 ,m102,,
52104, u1523 ," When I first met Marylin -- Well, we were crazy about each other. Not emotionally, of course. We just couldn't keep our hands off each other."",,,,,,,,,,,,,,,,,,,,,,,,,,,,,,,", u1520 ,m102,,
52105, u1520 ," That's her job. You have to respect that.,,,,,,,,,,,,,,,,,,,,,,,,,,,,,,,", u1523 ,m102,,
52106, u1523 ," ...Well, my wife has me between a rock and a hard place."",,,,,,,,,,,,,,,,,,,,,,,,,,,,,,,", u1520 ,m102,,
52107, u1520 ," Now Rex.,,,,,,,,,,,,,,,,,,,,,,,,,,,,,,,", u1523 ,m102,,
52108, u1523 ," Thank you.,,,,,,,,,,,,,,,,,,,,,,,,,,,,,,,", u1520 ,m102,,
52109, u1520 ," Miles Massey. Please sit, relax, and consider this office your office, your haven, your war room -- for the duration of the campaign."",,,,,,,,,,,,,,,,,,,,,,,,,,,,,,,", u1523 ,m102,,
52110, u1523 ," Rex, please."",,,,,,,,,,,,,,,,,,,,,,,,,,,,,,,", u1520 ,m102,,
52111, u1520 ," Mr. Rexroth.,,,,,,,,,,,,,,,,,,,,,,,,,,,,,,,", u1520 ,m102,,
52112, u1520 ," Should we counsel fear -- or trust? Should we seek to destroy -- or to build? Should we meet our clients' problems with cynicism -- or with love?,,,,,,,,,,,,,,,,,,,,,,,,,,,,,,,", u1529 ,m102,,
52113, u1529 ," Extinguish?,,,,,,,,,,,,,,,,,,,,,,,,,,,,,,,", u1529 ,m102,,
52114, u1529 ," -- the coin?,,,,,,,,,,,,,,,,,,,,,,,,,,,,,,,", u1520 ,m102,,
52115, u1520 ," Yes.  It's for your protection, sweetheart. You're the one with the -- the..."",,,,,,,,,,,,,,,,,,,,,,,,,,,,,,,", u1529 ,m102,,
52116, u1529 ," The Judge is here. Over here, Judge Munson."",,,,,,,,,,,,,,,,,,,,,,,,,,,,,,,", u1520 ,m102,,
52117, u1520 ," We wanted Ruth here for your protection as well --,,,,,,,,,,,,,,,,,,,,,,,,,,,,,,,", u1529 ,m102,,
52118, u1529 ," I tried to reach Ruth, but we couldn't get her."",,,,,,,,,,,,,,,,,,,,,,,,,,,,,,,", u1520 ,m102,,
52119, u1520 ," Do you have it?,,,,,,,,,,,,,,,,,,,,,,,,,,,,,,,", u1529 ,m102,,
52120, u1529 ," The plastic surgeon! I read about you in LA Style.,,,,,,,,,,,,,,,,,,,,,,,,,,,,,,,", u1520 ,m102,,
52121, u1520 ," Kenneth this is my associate, Wrigley. Wrigley this is my friend, Dr. Beck."",,,,,,,,,,,,,,,,,,,,,,,,,,,,,,,", u1529 ,m102,,
52122, u1529 ," Miles.,,,,,,,,,,,,,,,,,,,,,,,,,,,,,,,", u1520 ,m102,,
52123, u1520 ," Wrigley?,,,,,,,,,,,,,,,,,,,,,,,,,,,,,,,", u1520 ,m102,,
52124, u1520 ," I know you would, Wrigley. But would Kramer?"",,,,,,,,,,,,,,,,,,,,,,,,,,,,,,,", u1529 ,m102,,
52125, u1529 ," I'd stay away from her, Miles."",,,,,,,,,,,,,,,,,,,,,,,,,,,,,,,", u1520 ,m102,,
52126, u1520 ," She owes me a meal.,,,,,,,,,,,,,,,,,,,,,,,,,,,,,,,", u1529 ,m102,,
52127, u1529 ," What...?,,,,,,,,,,,,,,,,,,,,,,,,,,,,,,,", u1520 ,m102,,
52128, u1520 ," Get me Marylin Rexroth Doyle.,,,,,,,,,,,,,,,,,,,,,,,,,,,,,,,", u1520 ,m102,,
52129, u1520 ," She deserves every penny. They pay great athletes a fortune. Well, Marylin Rexroth is an athlete at the peak of her power."",,,,,,,,,,,,,,,,,,,,,,,,,,,,,,,", u1529 ,m102,,
52130, u1529 ," She could buy and sell you ten times over.,,,,,,,,,,,,,,,,,,,,,,,,,,,,,,,", u1520 ,m102,,
52131, u1520 ," Ah, but is she richer than Mrs. Croesus?"",,,,,,,,,,,,,,,,,,,,,,,,,,,,,,,", u1529 ,m102,,
52132, u1529 ," ...and I hear she's richer than Croesus.,,,,,,,,,,,,,,,,,,,,,,,,,,,,,,,", u1520 ,m102,,
52133, u1520 ," HA!,,,,,,,,,,,,,,,,,,,,,,,,,,,,,,,", u1529 ,m102,,
52134, u1529 ," I'm sorry I'm late. I was having lunch with Ruth Rabinow's assistant. Guess what? Marylin Rexroth is divorced!,,,,,,,,,,,,,,,,,,,,,,,,,,,,,,,", u1529 ,m102,,
52135, u1529 ," Miles -- why so angry?,,,,,,,,,,,,,,,,,,,,,,,,,,,,,,,", u1520 ,m102,,
52136, u1520 ," Spoons! Honestly Wrigley, I'm surprised at you. What is this? Some Martha Stewart suggestion? Those are the most cockamamie things I've ever --"",,,,,,,,,,,,,,,,,,,,,,,,,,,,,,,", u1529 ,m102,,
52137, u1529 ," Berry spoons.,,,,,,,,,,,,,,,,,,,,,,,,,,,,,,,", u1520 ,m102,,
52138, u1520 ," What are they?,,,,,,,,,,,,,,,,,,,,,,,,,,,,,,,", u1529 ,m102,,
52139, u1529 ," What do you think?,,,,,,,,,,,,,,,,,,,,,,,,,,,,,,,", u1520 ,m102,,
52140, u1520 ," Is she going through with it?,,,,,,,,,,,,,,,,,,,,,,,,,,,,,,,", u1529 ,m102,,
52141, u1529 ," I can't help it. Even with the business we're in, I -- it gets me every time. It's so -- optimistic."",,,,,,,,,,,,,,,,,,,,,,,,,,,,,,,", u1520 ,m102,,
52142, u1520 ," What the hell is wrong with you?,,,,,,,,,,,,,,,,,,,,,,,,,,,,,,,", u1520 ,m102,,
52143, u1520 ," I could be mentoring Kramer. Kramer clerked for Scalia.,,,,,,,,,,,,,,,,,,,,,,,,,,,,,,,", u1529 ,m102,,
52144, u1529 ," No. You're not.,,,,,,,,,,,,,,,,,,,,,,,,,,,,,,,", u1520 ,m102,,
52145, u1520 ," Am I mentoring the wrong mentee?,,,,,,,,,,,,,,,,,,,,,,,,,,,,,,,", u1529 ,m102,,
52146, u1529 ," I am very sorry.,,,,,,,,,,,,,,,,,,,,,,,,,,,,,,,", u1520 ,m102,,
52147, u1520 ," Sometimes I have serious doubts about you.,,,,,,,,,,,,,,,,,,,,,,,,,,,,,,,", u1529 ,m102,,
52148, u1529 ," Sorry.,,,,,,,,,,,,,,,,,,,,,,,,,,,,,,,", u1520 ,m102,,
52149, u1520 ," Wrigley!,,,,,,,,,,,,,,,,,,,,,,,,,,,,,,,", u1529 ,m102,,
52150, u1529 ," What the fuck...?,,,,,,,,,,,,,,,,,,,,,,,,,,,,,,,", u1520 ,m102,,
52151, u1520 ," Video.,,,,,,,,,,,,,,,,,,,,,,,,,,,,,,,", u1529 ,m102,,
52152, u1529 ," And she has...?,,,,,,,,,,,,,,,,,,,,,,,,,,,,,,,", u1520 ,m102,,
52153, u1520 ," Nothing.,,,,,,,,,,,,,,,,,,,,,,,,,,,,,,,", u1529 ,m102,,
52154, u1529 ," Wait... He wants to give her...?,,,,,,,,,,,,,,,,,,,,,,,,,,,,,,,", u1521 ,m102,,
52155, u1521 ," Well, not just divorce. She used to say """"I want to be divorced from some big dumb rich guy..."""" And I guess her dream is coming true.  I'm happy for you Patty"",,,,,,,,,,,,,,,,,,,,,,,,,,,,,,,", u1520 ,m102,,
52156, u1520 ," Divorce was her childhood aspiration?,,,,,,,,,,,,,,,,,,,,,,,,,,,,,,,", u1521 ,m102,,
52157, u1521 ," When she was a tiny girl? And people asked her what she wanted to be when she grew up? She never said the usual things little girls say -- like -- nurse -- ballerina -- anchorwoman? She always said --  """"When I grow up, I want to be divorced."""""",,,,,,,,,,,,,,,,,,,,,,,,,,,,,,,", u1520 ,m102,,
52158, u1520 ," I see. And what were you going to tell us about Patty slash Marylin?,,,,,,,,,,,,,,,,,,,,,,,,,,,,,,,", u1521 ,m102,,
52159, u1521 ," Oh. That's her name. Patricia. Like mine. I was Pat and she was Patty. But she changed it after seeing """"Some Like It Hot."""" To Marylin. After Marylin Monroe."",,,,,,,,,,,,,,,,,,,,,,,,,,,,,,,", u1520 ,m102,,
52160, u1520 ," Who's """"Patty."""""",,,,,,,,,,,,,,,,,,,,,,,,,,,,,,,", u1521 ,m102,,
52161, u1521 ," Let me tell you something about Patty.,,,,,,,,,,,,,,,,,,,,,,,,,,,,,,,", u1521 ,m102,,
52162, u1521 ," Of course. Of course she was married. What else would she be? Single? I don't think so.,,,,,,,,,,,,,,,,,,,,,,,,,,,,,,,", u1520 ,m102,,
52163, u1520 ," Did you know Mrs. Rexroth was married?,,,,,,,,,,,,,,,,,,,,,,,,,,,,,,,", u1521 ,m102,,
52164, u1521 ," No. Uh uh. I don't think so. Hmm? No. Well... no.,,,,,,,,,,,,,,,,,,,,,,,,,,,,,,,", u1520 ,m102,,
52165, u1520 ," You were never invited to meet your son-in-law?,,,,,,,,,,,,,,,,,,,,,,,,,,,,,,,", u1521 ,m102,,
52166, u1521 ," No. I haven't. But I've been out of town.  Hello, Rex. Hello there."",,,,,,,,,,,,,,,,,,,,,,,,,,,,,,,", u1520 ,m102,,
52167, u1520 ," Hard to believe I know. I'm sure you are frequently mistaken for sisters.,,,,,,,,,,,,,,,,,,,,,,,,,,,,,,,", u1521 ,m102,,
52168, u1521 ," Hi, Sweetie."",,,,,,,,,,,,,,,,,,,,,,,,,,,,,,,", u1521 ,m102,,
52169, u1521 ," Mother?,,,,,,,,,,,,,,,,,,,,,,,,,,,,,,,", u1520 ,m102,,
52170, u1520 ," And how would you define your relationship to Mrs. Rexroth. You know -- you are her...?,,,,,,,,,,,,,,,,,,,,,,,,,,,,,,,", u1521 ,m102,,
52171, u1521 ," We don't have much of a relationship anymore. I haven't seen her since before she married Rex. We had some very nice times prior to that. We were quite close.,,,,,,,,,,,,,,,,,,,,,,,,,,,,,,,", u1520 ,m102,,
52172, u1520 ," Now, Mrs. Banderas. What is your relationship to Mrs. Rexroth."",,,,,,,,,,,,,,,,,,,,,,,,,,,,,,,", u1525 ,m102,,
52173, u1525 ," Well, you can live here as long as you want. Do you have any plans?"",,,,,,,,,,,,,,,,,,,,,,,,,,,,,,,", u1522 ,m102,,
52174, u1522 ," That doesn't make sense. It's like punishing you for being goal oriented.,,,,,,,,,,,,,,,,,,,,,,,,,,,,,,,", u1522 ,m102,,
52175, u1522 ," And only two are hers.,,,,,,,,,,,,,,,,,,,,,,,,,,,,,,,", u1525 ,m102,,
52176, u1525 ," She's keeping his name. And one of his planes. And all seven of his children,,,,,,,,,,,,,,,,,,,,,,,,,,,,,,,", u1522 ,m102,,
52177, u1522 ," Thorstenson Gieselensen. He just separated from his third. He's in fish. He is fish.,,,,,,,,,,,,,,,,,,,,,,,,,,,,,,,", u1522 ,m102,,
52178, u1522 ," Maybe next time.,,,,,,,,,,,,,,,,,,,,,,,,,,,,,,,", u1525 ,m102,,
52179, u1525 ," It's not so bad these days. Kids like joint custody. Two sets of toys.,,,,,,,,,,,,,,,,,,,,,,,,,,,,,,,", u1525 ,m102,,
52180, u1525 ," Muriel Rumsey.,,,,,,,,,,,,,,,,,,,,,,,,,,,,,,,", u1522 ,m102,,
52181, u1522 ," George was so impressed he hired him when he divorced his second.,,,,,,,,,,,,,,,,,,,,,,,,,,,,,,,", u1525 ,m102,,
52182, u1525 ," Who's Rex's guy?,,,,,,,,,,,,,,,,,,,,,,,,,,,,,,,", u1522 ,m102,,
52183, u1522 ," Three is not Farrow.,,,,,,,,,,,,,,,,,,,,,,,,,,,,,,,", u1525 ,m102,,
52184, u1525 ," Ramona! Don't get Mia Farrow on us.,,,,,,,,,,,,,,,,,,,,,,,,,,,,,,,", u1522 ,m102,,
52185, u1522 ," I've been trying to nail George's for years, but he's very careful. I'll just keep having children. I think I'm pregnant, by the way."",,,,,,,,,,,,,,,,,,,,,,,,,,,,,,,", u1525 ,m102,,
