,User_id,text,sec_user,movies_name,relationship,attachment
73342, u2184 ," """"There's no shame in getting a little therapy"""", right, Doc?"",,,,,,,,,,,,,,,,,,,,,,,,,,,,,,,", u2196 ,m141,,
73343, u2196 ," You can go out there if you like...,,,,,,,,,,,,,,,,,,,,,,,,,,,,,,,", u2184 ,m141,,
73344, u2184 ," -- When I was in high school, the thing I wanted most, when I was stuck in class, the thing I was always desperately in pursuit of -- was a hall pass. That's all I wanted. I loved moving freely around the school while everybody else was trapped in there... And that's how I feel right now... Like I have some giant, all- day hall pass."",,,,,,,,,,,,,,,,,,,,,,,,,,,,,,,", u2196 ,m141,,
73345, u2196 ," Take your time.,,,,,,,,,,,,,,,,,,,,,,,,,,,,,,,", u2184 ,m141,,
73346, u2184 ," I know my time's up, but I've got to get this out while I've got hold of it --"",,,,,,,,,,,,,,,,,,,,,,,,,,,,,,,", u2184 ,m141,,
73347, u2184 ," He said he wasn't coming back. He said it wasn't working for him any more. That it hadn't """"worked for him"""" for quite a while... You know what I regret the most? I'm sorry I let him make the kids take his name. He was an acquirer.  He liked to acquire things."",,,,,,,,,,,,,,,,,,,,,,,,,,,,,,,", u2196 ,m141,,
73348, u2196 ," Doubtful. What did he say?,,,,,,,,,,,,,,,,,,,,,,,,,,,,,,,", u2184 ,m141,,
73349, u2184 ," It's happened before.  I'm shocked by how little I'm feeling. I can't understand it.  I'll probably have a complete depressoid collapse soon, won't I?"",,,,,,,,,,,,,,,,,,,,,,,,,,,,,,,", u2196 ,m141,,
73350, u2196 ," You must have been concerned.,,,,,,,,,,,,,,,,,,,,,,,,,,,,,,,", u2184 ,m141,,
73351, u2184 ," We argued on Sunday. He went to work on Monday and stayed in the city during the week, like always. But on Thursday, when he normally comes home, he didn't. Didn't call either. Not till Saturday afternoon."",,,,,,,,,,,,,,,,,,,,,,,,,,,,,,,", u2196 ,m141,,
73352, u2196 ," What happened?,,,,,,,,,,,,,,,,,,,,,,,,,,,,,,,", u2184 ,m141,,
73353, u2184 ," It's irrelevant. It had nothing to do with what happened.,,,,,,,,,,,,,,,,,,,,,,,,,,,,,,,", u2196 ,m141,,
73354, u2196 ," One hundred books?,,,,,,,,,,,,,,,,,,,,,,,,,,,,,,,", u2184 ,m141,,
73355, u2184 ," Oh, all the great writers -- Shakespeare, Charles Dickens, Moby Dick... those people. Each is bound in genuine premium leather with 22 carat gold accents. It's a magnificent set -- and only $33.50 per volume. Right away you get Great Expectations for just $6.99."",,,,,,,,,,,,,,,,,,,,,,,,,,,,,,,", u2196 ,m141,,
73356, u2196 ," Uh-huh. What are they?,,,,,,,,,,,,,,,,,,,,,,,,,,,,,,,", u2184 ,m141,,
73357, u2184 ," I had ordered some books. """"The 100 Greatest Books Ever Written."""""",,,,,,,,,,,,,,,,,,,,,,,,,,,,,,,", u2196 ,m141,,
73358, u2196 ," I understand. I just want to know what the argument was about.,,,,,,,,,,,,,,,,,,,,,,,,,,,,,,,", u2184 ,m141,,
73359, u2184 ," -- The argument had nothing to do with it.,,,,,,,,,,,,,,,,,,,,,,,,,,,,,,,", u2184 ,m141,,
73360, u2184 ," Yes. Jeremy will be home for the weekend. And you can meet the kids.,,,,,,,,,,,,,,,,,,,,,,,,,,,,,,,", u2196 ,m141,,
73361, u2196 ," Really? You think so?,,,,,,,,,,,,,,,,,,,,,,,,,,,,,,,", u2184 ,m141,,
73362, u2184 ," I said... you must come out to the house for dinner on Thursday.,,,,,,,,,,,,,,,,,,,,,,,,,,,,,,,", u2196 ,m141,,
73363, u2196 ," Hmm?,,,,,,,,,,,,,,,,,,,,,,,,,,,,,,,", u2184 ,m141,,
73364, u2184 ," Mmmmfffstttubll abbittmm.,,,,,,,,,,,,,,,,,,,,,,,,,,,,,,,", u2196 ,m141,,
73365, u2196 ," Good kids.,,,,,,,,,,,,,,,,,,,,,,,,,,,,,,,", u2184 ,m141,,
73366, u2184 ," They said if I didn't get help, they wouldn't deal with me any more.  What do you think about that?"",,,,,,,,,,,,,,,,,,,,,,,,,,,,,,,", u2196 ,m141,,
73367, u2196 ," How did they threaten you?,,,,,,,,,,,,,,,,,,,,,,,,,,,,,,,", u2184 ,m141,,
73368, u2184 ," It's the kids, you know, not Jeremy. He had nothing to do with this -- except pay, of course. He's always willing to pay. He's extremely generous.  I'm so humiliated that my own children would threaten me."",,,,,,,,,,,,,,,,,,,,,,,,,,,,,,,", u2196 ,m141,,
73369, u2196 ," I'm not sure. But I think they're worried about you.,,,,,,,,,,,,,,,,,,,,,,,,,,,,,,,", u2184 ,m141,,
73370, u2184 ," Why are they ganging up against me?,,,,,,,,,,,,,,,,,,,,,,,,,,,,,,,", u2196 ,m141,,
73371, u2196 ," Me more than most.,,,,,,,,,,,,,,,,,,,,,,,,,,,,,,,", u2184 ,m141,,
73372, u2184 ," What do they want from me?  What have I done that's so wrong?  They act as though they don't have their own peculiar things... They do! Believe me. Everybody's got something...  Even you probably have things.,,,,,,,,,,,,,,,,,,,,,,,,,,,,,,,", u2196 ,m141,,
73373, u2196 ," A friend?,,,,,,,,,,,,,,,,,,,,,,,,,,,,,,,", u2185 ,m141,,
73374, u2185 ," Her friend from the city came and took her out to dinner. First time in a long time she's been willing.,,,,,,,,,,,,,,,,,,,,,,,,,,,,,,,", u2196 ,m141,,
73375, u2196 ," No. It's sort of spur of the moment.,,,,,,,,,,,,,,,,,,,,,,,,,,,,,,,", u2185 ,m141,,
73376, u2185 ," Were you supposed to have a session?,,,,,,,,,,,,,,,,,,,,,,,,,,,,,,,", u2196 ,m141,,
73377, u2196 ," Hello, Mr. Cook. I was wondering if Sofie was around?"",,,,,,,,,,,,,,,,,,,,,,,,,,,,,,,", u2196 ,m141,,
73378, u2196 ," Generally that doesn't work out so well. It sends the wrong message to people who need to make a change.,,,,,,,,,,,,,,,,,,,,,,,,,,,,,,,", u2185 ,m141,,
73379, u2185 ," I'm not sure she'll come. She's in a mood. Do you ever go to somebody's house?,,,,,,,,,,,,,,,,,,,,,,,,,,,,,,,", u2196 ,m141,,
73380, u2196 ," Sure. Why don't you bring her up to my office at 3 tomorrow afternoon.,,,,,,,,,,,,,,,,,,,,,,,,,,,,,,,", u2185 ,m141,,
73381, u2185 ," Oh... a lot of things. Several different factors. Will you see her, Doctor Mumford?"",,,,,,,,,,,,,,,,,,,,,,,,,,,,,,,", u2196 ,m141,,
73382, u2196 ," Why's that?,,,,,,,,,,,,,,,,,,,,,,,,,,,,,,,", u2185 ,m141,,
73383, u2185 ," Yeah, I got that. Some people think it's all in their heads.  It's been so bad she's had to move back here to Mumford and live with us. And I'm not sure that's the best thing, either..."",,,,,,,,,,,,,,,,,,,,,,,,,,,,,,,", u2196 ,m141,,
73384, u2196 ," No... a little. There's a lot of debate about it.,,,,,,,,,,,,,,,,,,,,,,,,,,,,,,,", u2185 ,m141,,
73385, u2185 ," That's it -- syndrome. So you know all about it?,,,,,,,,,,,,,,,,,,,,,,,,,,,,,,,", u2196 ,m141,,
73386, u2196 ," Syndrome... Chronic Fatigue Syndrome.,,,,,,,,,,,,,,,,,,,,,,,,,,,,,,,", u2185 ,m141,,
73387, u2185 ," We're not sure. She's been to all kinds of doctors in the city and they've said different things. Some of 'em are callin' it --  -- Epstein-Barr virus, and the rest are callin' it... Chronic Fatigue Symptom..."",,,,,,,,,,,,,,,,,,,,,,,,,,,,,,,", u2196 ,m141,,
73388, u2196 ," What's that?,,,,,,,,,,,,,,,,,,,,,,,,,,,,,,,", u2185 ,m141,,
73389, u2185 ," It's my daughter Sofie... she's gotta problem.,,,,,,,,,,,,,,,,,,,,,,,,,,,,,,,", u2196 ,m141,,
73390, u2196 ," Uh-huh.,,,,,,,,,,,,,,,,,,,,,,,,,,,,,,,", u2185 ,m141,,
73391, u2185 ," I know I shoulda come to your office. I was gonna, actually, but then when you walked in here today..."",,,,,,,,,,,,,,,,,,,,,,,,,,,,,,,", u2185 ,m141,,
73392, u2185 ," Could you come with me please?,,,,,,,,,,,,,,,,,,,,,,,,,,,,,,,", u2196 ,m141,,
73393, u2196 ," Mr. Cook.,,,,,,,,,,,,,,,,,,,,,,,,,,,,,,,", u2185 ,m141,,
73394, u2185 ," Dr. Mumford.,,,,,,,,,,,,,,,,,,,,,,,,,,,,,,,", u2196 ,m141,,
73395, u2196 ," Not any more.,,,,,,,,,,,,,,,,,,,,,,,,,,,,,,,", u2186 ,m141,,
73396, u2186 ," But you do therapy?,,,,,,,,,,,,,,,,,,,,,,,,,,,,,,,", u2196 ,m141,,
73397, u2196 ," No, not really."",,,,,,,,,,,,,,,,,,,,,,,,,,,,,,,", u2186 ,m141,,
73398, u2186 ," You're the shrink, aren't you?"",,,,,,,,,,,,,,,,,,,,,,,,,,,,,,,", u2196 ,m141,,
73399, u2196 ," I'm fine.,,,,,,,,,,,,,,,,,,,,,,,,,,,,,,,", u2186 ,m141,,
73400, u2186 ," Better make yourself comfortable. We got a three hour drive here.,,,,,,,,,,,,,,,,,,,,,,,,,,,,,,,", u2198 ,m141,,
73401, u2198 ," No, Dr. Delbanco, it is I who am sorry. Sorry to have wasted your time with such..."",,,,,,,,,,,,,,,,,,,,,,,,,,,,,,,", u2187 ,m141,,
73402, u2187 ," Phyllis, I'm sorry. I didn't mean to shout..."",,,,,,,,,,,,,,,,,,,,,,,,,,,,,,,", u2187 ,m141,,
73403, u2187 ," Oh, for god's sake, Phyllis -- we have no reason to doubt the man! Are we listening to Lionel now?"",,,,,,,,,,,,,,,,,,,,,,,,,,,,,,,", u2198 ,m141,,
73404, u2198 ," You do seem much more disposed toward him than I understand, Ernest. Did I miss something?"",,,,,,,,,,,,,,,,,,,,,,,,,,,,,,,", u2187 ,m141,,
73405, u2187 ," It could happen. What about his state certification exams? The records seem to be in order.,,,,,,,,,,,,,,,,,,,,,,,,,,,,,,,", u2198 ,m141,,
73406, u2198 ," But they're certainly dead. And yes, personally, I find it a bit odd."",,,,,,,,,,,,,,,,,,,,,,,,,,,,,,,", u2198 ,m141,,
73407, u2198 ," So... the University of Kentucky. Who runs the program down there?,,,,,,,,,,,,,,,,,,,,,,,,,,,,,,,", u2187 ,m141,,
73408, u2187 ," ...And I from Phyllis.,,,,,,,,,,,,,,,,,,,,,,,,,,,,,,,", u2198 ,m141,,
73409, u2198 ," What Ernest means, I think, is we're very interested in other methodology... different kinds of training. We're great believers in learning from each other. I've learned so much from Ern -- Dr. Delbanco..."",,,,,,,,,,,,,,,,,,,,,,,,,,,,,,,", u2187 ,m141,,
73410, u2187 ," You never got back to me.  ...I called to say we'd like to take you out for a meal?... Kind of a professional welcome.,,,,,,,,,,,,,,,,,,,,,,,,,,,,,,,", u2198 ,m141,,
73411, u2198 ," Thank you.,,,,,,,,,,,,,,,,,,,,,,,,,,,,,,,", u2187 ,m141,,
73412, u2187 ," I think he's got a point.,,,,,,,,,,,,,,,,,,,,,,,,,,,,,,,", u2198 ,m141,,
73413, u2198 ," Ernest, what do you think?"",,,,,,,,,,,,,,,,,,,,,,,,,,,,,,,", u2187 ,m141,,
73414, u2187 ," What an asshole!,,,,,,,,,,,,,,,,,,,,,,,,,,,,,,,", u2187 ,m141,,
73415, u2187 ," As you can imagine, my own feelings about this are mixed... Unlike, I must say, those of my wife."",,,,,,,,,,,,,,,,,,,,,,,,,,,,,,,", u2196 ,m141,,
73416, u2196 ," Dr. Sheeler is leaving Mumford? I'm sorry to hear that.,,,,,,,,,,,,,,,,,,,,,,,,,,,,,,,", u2187 ,m141,,
73417, u2187 ," Phyllis has decided to leave town and pursue her practice in the city. Which leaves you the only psychologist in town.,,,,,,,,,,,,,,,,,,,,,,,,,,,,,,,", u2196 ,m141,,
73418, u2196 ," What's that?,,,,,,,,,,,,,,,,,,,,,,,,,,,,,,,", u2187 ,m141,,
73419, u2187 ," And please, for whatever small way I may have encouraged this, accept my apologies.  There is good news, though."",,,,,,,,,,,,,,,,,,,,,,,,,,,,,,,", u2196 ,m141,,
73420, u2196 ," I see.,,,,,,,,,,,,,,,,,,,,,,,,,,,,,,,", u2187 ,m141,,
73421, u2187 ," About you... your background and your qualifications. I'm afraid Phyllis somehow got you mixed up in her fury with me, and actually took the whole issue to the state board."",,,,,,,,,,,,,,,,,,,,,,,,,,,,,,,", u2196 ,m141,,
73422, u2196 ," What kind of doubts?,,,,,,,,,,,,,,,,,,,,,,,,,,,,,,,", u2187 ,m141,,
73423, u2187 ," Well... you see, when I broke it off with Phyllis, she was naturally upset and she became more determined than ever to pursue certain -- how to put it -- doubts she's been harboring..."",,,,,,,,,,,,,,,,,,,,,,,,,,,,,,,", u2196 ,m141,,
73424, u2196 ," How do you mean?,,,,,,,,,,,,,,,,,,,,,,,,,,,,,,,", u2187 ,m141,,
73425, u2187 ," ...I won't go into that today. Though, if we should continue these sessions, as I certainly hope we will, there are some aspects of that I would like to look at. God knows, I've listened to enough people giving me the juicy --  ...At any rate, I just wanted to acknowledge the catalyzing effect your comment had on me. I just hope that it doesn't come roiling back upon you like some dreadful undertow."",,,,,,,,,,,,,,,,,,,,,,,,,,,,,,,", u2196 ,m141,,
73426, u2196 ," My approach?,,,,,,,,,,,,,,,,,,,,,,,,,,,,,,,", u2187 ,m141,,
73427, u2187 ," We're interested in any new therapies. How would you characterize your approach?,,,,,,,,,,,,,,,,,,,,,,,,,,,,,,,", u2196 ,m141,,
73428, u2196 ," Dorothy Fowler. Fantastic woman. She passed last year in a train wreck. Damned Amtrak.,,,,,,,,,,,,,,,,,,,,,,,,,,,,,,,", u2187 ,m141,,
73429, u2187 ," Interesting approach. What was his name?,,,,,,,,,,,,,,,,,,,,,,,,,,,,,,,", u2187 ,m141,,
73430, u2187 ," I think I've heard of him... a disciple of Rothberg, wasn't he?"",,,,,,,,,,,,,,,,,,,,,,,,,,,,,,,", u2196 ,m141,,
73431, u2196 ," My mentor was an amazing teacher named Benton Mandlebaum. Died quite tragically in the collapse of a gazebo.,,,,,,,,,,,,,,,,,,,,,,,,,,,,,,,", u2196 ,m141,,
73432, u2196 ," Are we?,,,,,,,,,,,,,,,,,,,,,,,,,,,,,,,", u2187 ,m141,,
73433, u2187 ," I've run on. Forgive me. We're here to talk about you.,,,,,,,,,,,,,,,,,,,,,,,,,,,,,,,", u2196 ,m141,,
73434, u2196 ," Right now?,,,,,,,,,,,,,,,,,,,,,,,,,,,,,,,", u2187 ,m141,,
73435, u2187 ," What are you doing for lunch?,,,,,,,,,,,,,,,,,,,,,,,,,,,,,,,", u2196 ,m141,,
73436, u2196 ," Of course... I've heard great things about you.,,,,,,,,,,,,,,,,,,,,,,,,,,,,,,,", u2187 ,m141,,
73437, u2187 ," I don't think you know Dr. Sheeler. She's the other therapist here in town.,,,,,,,,,,,,,,,,,,,,,,,,,,,,,,,", u2196 ,m141,,
73438, u2196 ," Dr. Delbanco. It's nice to see you again.,,,,,,,,,,,,,,,,,,,,,,,,,,,,,,,", u2188 ,m141,,
73439, u2188 ," Me too, Doc. And I can't tell you what that package meant to me --"",,,,,,,,,,,,,,,,,,,,,,,,,,,,,,,", u2196 ,m141,,
73440, u2196 ," I feel like we're making real progress here.,,,,,,,,,,,,,,,,,,,,,,,,,,,,,,,", u2196 ,m141,,
73441, u2196 ," My pleasure.,,,,,,,,,,,,,,,,,,,,,,,,,,,,,,,", u2188 ,m141,,
73442, u2188 ," Uh, sorry, I'm going to have to...  ...I really appreciate what you're trying to... uh, I can't thank you enough for..."",,,,,,,,,,,,,,,,,,,,,,,,,,,,,,,", u2196 ,m141,,
73443, u2196 ," There's absolutely no reason to think this is going to have any impact on you. I'm embarrassed to have --,,,,,,,,,,,,,,,,,,,,,,,,,,,,,,,", u2188 ,m141,,
73444, u2188 ," Whoa, whoa, what are you doing? I want to know what's in here."",,,,,,,,,,,,,,,,,,,,,,,,,,,,,,,", u2188 ,m141,,
73445, u2188 ," And the experiment is in here?,,,,,,,,,,,,,,,,,,,,,,,,,,,,,,,", u2196 ,m141,,
73446, u2196 ," My guess is these images were burned into your brain when you were young. Maybe if we could nail down the exact fantasies that are haunting you -- maybe you could get past them... Anyway, I thought we could try an experiment."",,,,,,,,,,,,,,,,,,,,,,,,,,,,,,,", u2196 ,m141,,
73447, u2196 ," But you did come to me.,,,,,,,,,,,,,,,,,,,,,,,,,,,,,,,", u2188 ,m141,,
73448, u2188 ," -- Which I don't necessarily agree.,,,,,,,,,,,,,,,,,,,,,,,,,,,,,,,", u2196 ,m141,,
73449, u2196 ," -- and you told me that. Still, there's some kind of imagery that's haunting you and, I think, getting in your way --"",,,,,,,,,,,,,,,,,,,,,,,,,,,,,,,", u2188 ,m141,,
73450, u2188 ," -- I find it degrading. Maximum gynecology and minimum turn-on --,,,,,,,,,,,,,,,,,,,,,,,,,,,,,,,", u2196 ,m141,,
73451, u2196 ," You remember when I asked you about pornography --,,,,,,,,,,,,,,,,,,,,,,,,,,,,,,,", u2188 ,m141,,
73452, u2188 ," What exactly is it supposed to do?,,,,,,,,,,,,,,,,,,,,,,,,,,,,,,,", u2196 ,m141,,
73453, u2196 ," Let me just say something here... I have no idea if this is going to help.,,,,,,,,,,,,,,,,,,,,,,,,,,,,,,,", u2188 ,m141,,
73454, u2188 ," Should I open it now?,,,,,,,,,,,,,,,,,,,,,,,,,,,,,,,", u2196 ,m141,,
73455, u2196 ," It's a thought I had.,,,,,,,,,,,,,,,,,,,,,,,,,,,,,,,", u2188 ,m141,,
73456, u2188 ," What is it?,,,,,,,,,,,,,,,,,,,,,,,,,,,,,,,", u2188 ,m141,,
73457, u2188 ," You are so mean.,,,,,,,,,,,,,,,,,,,,,,,,,,,,,,,", u2196 ,m141,,
73458, u2196 ," What's that?,,,,,,,,,,,,,,,,,,,,,,,,,,,,,,,", u2196 ,m141,,
73459, u2196 ," Now we're back on track.,,,,,,,,,,,,,,,,,,,,,,,,,,,,,,,", u2188 ,m141,,
73460, u2188 ," I was... never satisfied.,,,,,,,,,,,,,,,,,,,,,,,,,,,,,,,", u2196 ,m141,,
73461, u2196 ," What?!,,,,,,,,,,,,,,,,,,,,,,,,,,,,,,,", u2188 ,m141,,
73462, u2188 ," We got divorced.  I had to get rid of her. She couldn't satisfy me.,,,,,,,,,,,,,,,,,,,,,,,,,,,,,,,", u2196 ,m141,,
73463, u2196 ," I didn't hear you.,,,,,,,,,,,,,,,,,,,,,,,,,,,,,,,", u2188 ,m141,,
73464, u2188 ," Go to hell.,,,,,,,,,,,,,,,,,,,,,,,,,,,,,,,", u2196 ,m141,,
73465, u2196 ," Where's your wife, Henry?"",,,,,,,,,,,,,,,,,,,,,,,,,,,,,,,", u2188 ,m141,,
73466, u2188 ," I never said that.,,,,,,,,,,,,,,,,,,,,,,,,,,,,,,,", u2196 ,m141,,
73467, u2196 ," You came because it's taking over. You're in its grip.,,,,,,,,,,,,,,,,,,,,,,,,,,,,,,,", u2188 ,m141,,
73468, u2188 ," No?,,,,,,,,,,,,,,,,,,,,,,,,,,,,,,,", u2196 ,m141,,
73469, u2196 ," You didn't come to me because you have a rich imagination.,,,,,,,,,,,,,,,,,,,,,,,,,,,,,,,", u2188 ,m141,,
73470, u2188 ," I enjoy it. Does that make me some kind of pervert? Just because a man has a rich imaginative life --,,,,,,,,,,,,,,,,,,,,,,,,,,,,,,,", u2196 ,m141,,
73471, u2196 ," It doesn't matter how I feel about it. It's how you feel about it that matters.,,,,,,,,,,,,,,,,,,,,,,,,,,,,,,,", u2188 ,m141,,
73472, u2188 ," You find it distasteful, don't you?"",,,,,,,,,,,,,,,,,,,,,,,,,,,,,,,", u2196 ,m141,,
73473, u2196 ," Not for this. Not me, you're not."",,,,,,,,,,,,,,,,,,,,,,,,,,,,,,,", u2188 ,m141,,
73474, u2188 ," Why? I'm paying for this.,,,,,,,,,,,,,,,,,,,,,,,,,,,,,,,", u2196 ,m141,,
73475, u2196 ," Stop now.,,,,,,,,,,,,,,,,,,,,,,,,,,,,,,,", u2188 ,m141,,
73476, u2188 ," What?,,,,,,,,,,,,,,,,,,,,,,,,,,,,,,,", u2196 ,m141,,
73477, u2196 ," Henry!,,,,,,,,,,,,,,,,,,,,,,,,,,,,,,,", u2188 ,m141,,
73478, u2188 ," -- 'cause in that instant I saw the beginning of a vixen's smile and I knew --,,,,,,,,,,,,,,,,,,,,,,,,,,,,,,,", u2196 ,m141,,
73479, u2196 ," Mr. Follett.,,,,,,,,,,,,,,,,,,,,,,,,,,,,,,,", u2188 ,m141,,
73480, u2188 ," Or maybe it wasn't an accident at all --,,,,,,,,,,,,,,,,,,,,,,,,,,,,,,,", u2196 ,m141,,
73481, u2196 ," Good, then go."",,,,,,,,,,,,,,,,,,,,,,,,,,,,,,,", u2188 ,m141,,
73482, u2188 ," Now hold on, I didn't say I didn't want to come --"",,,,,,,,,,,,,,,,,,,,,,,,,,,,,,,", u2196 ,m141,,
73483, u2196 ," Without trust, there's no point to any of this. You might as well not come."",,,,,,,,,,,,,,,,,,,,,,,,,,,,,,,", u2188 ,m141,,
73484, u2188 ," Well, I don't know... I only been seeing you --"",,,,,,,,,,,,,,,,,,,,,,,,,,,,,,,", u2196 ,m141,,
73485, u2196 ," Mr. Follett, do you trust me or don't you?"",,,,,,,,,,,,,,,,,,,,,,,,,,,,,,,", u2188 ,m141,,
73486, u2188 ," Why not?,,,,,,,,,,,,,,,,,,,,,,,,,,,,,,,", u2196 ,m141,,
73487, u2196 ," I don't want to hear any more today.,,,,,,,,,,,,,,,,,,,,,,,,,,,,,,,", u2188 ,m141,,
73488, u2188 ," I have eighteen more minutes!,,,,,,,,,,,,,,,,,,,,,,,,,,,,,,,", u2189 ,m141,,
73489, u2189 ," I'm not at liberty to say. Sometimes it's just routine, sometimes there's been a complaint. We'll be in touch."",,,,,,,,,,,,,,,,,,,,,,,,,,,,,,,", u2196 ,m141,,
73490, u2196 ," What brought this on?,,,,,,,,,,,,,,,,,,,,,,,,,,,,,,,", u2196 ,m141,,
73491, u2196 ," Mr. Gilroy --,,,,,,,,,,,,,,,,,,,,,,,,,,,,,,,", u2189 ,m141,,
73492, u2189 ," No thanks. Plenty of time for that when we're a little further along.,,,,,,,,,,,,,,,,,,,,,,,,,,,,,,,", u2196 ,m141,,
73493, u2196 ," Do you want to come in?,,,,,,,,,,,,,,,,,,,,,,,,,,,,,,,", u2189 ,m141,,
73494, u2189 ," It's all right, it won't bite you. Under civil code 1294.67b you are entitled to be notified that your status and certification are being reviewed. This is the notice."",,,,,,,,,,,,,,,,,,,,,,,,,,,,,,,", u2189 ,m141,,
73495, u2189 ," My name's Gilroy. I'm from the State Certification Board.,,,,,,,,,,,,,,,,,,,,,,,,,,,,,,,", u2196 ,m141,,
73496, u2196 ," I didn't see you there. Can I help you?,,,,,,,,,,,,,,,,,,,,,,,,,,,,,,,", u2196 ,m141,,
73497, u2196 ," She seems very unhappy.,,,,,,,,,,,,,,,,,,,,,,,,,,,,,,,", u2190 ,m141,,
73498, u2190 ," You're the doctor, what do you think?"",,,,,,,,,,,,,,,,,,,,,,,,,,,,,,,", u2190 ,m141,,
73499, u2190 ," She's gone weird is what's wrong with her. Out of control. Probably from living out here in Mayberry.,,,,,,,,,,,,,,,,,,,,,,,,,,,,,,,", u2196 ,m141,,
73500, u2196 ," What do you think's wrong with her?,,,,,,,,,,,,,,,,,,,,,,,,,,,,,,,", u2190 ,m141,,
73501, u2190 ," No... I mean about Althea. About her...  ...behavior. Do you think you can fix her up?,,,,,,,,,,,,,,,,,,,,,,,,,,,,,,,", u2196 ,m141,,
73502, u2196 ," Tastes good.,,,,,,,,,,,,,,,,,,,,,,,,,,,,,,,", u2190 ,m141,,
73503, u2190 ," Well, I'm addicted to winning. I say when you're in the red zone, you gotta score.  So what do you think?"",,,,,,,,,,,,,,,,,,,,,,,,,,,,,,,", u2196 ,m141,,
73504, u2196 ," A little.,,,,,,,,,,,,,,,,,,,,,,,,,,,,,,,", u2190 ,m141,,
73505, u2190 ," We've done... very well. You know anything about addiction, Doc?"",,,,,,,,,,,,,,,,,,,,,,,,,,,,,,,", u2196 ,m141,,
73506, u2196 ," You've done well.,,,,,,,,,,,,,,,,,,,,,,,,,,,,,,,", u2190 ,m141,,
73507, u2190 ," Well, in '85 four of us left our firms and formed an investment banking venture. We've got twenty-three people working there now."",,,,,,,,,,,,,,,,,,,,,,,,,,,,,,,", u2196 ,m141,,
73508, u2196 ," We've been talking about her, mostly."",,,,,,,,,,,,,,,,,,,,,,,,,,,,,,,", u2190 ,m141,,
73509, u2190 ," Althea hasn't told you?,,,,,,,,,,,,,,,,,,,,,,,,,,,,,,,", u2196 ,m141,,
73510, u2196 ," What do you do?,,,,,,,,,,,,,,,,,,,,,,,,,,,,,,,", u2190 ,m141,,
73511, u2190 ," Fill in the blank. I don't mind the office. The point is, you only go 'round once. Like the Zens say -- Be here now."",,,,,,,,,,,,,,,,,,,,,,,,,,,,,,,", u2196 ,m141,,
73512, u2196 ," I thought it was -- Nobody ever said, """"I should have spent more time at the office."""""",,,,,,,,,,,,,,,,,,,,,,,,,,,,,,,", u2190 ,m141,,
73513, u2190 ," I am. And I'm not ashamed of it. Nobody ever said on their death bed -- """"I treated myself too well."""""",,,,,,,,,,,,,,,,,,,,,,,,,,,,,,,", u2196 ,m141,,
73514, u2196 ," I've had my moments.,,,,,,,,,,,,,,,,,,,,,,,,,,,,,,,", u2190 ,m141,,
73515, u2190 ," Are you a man who likes to treat himself right?,,,,,,,,,,,,,,,,,,,,,,,,,,,,,,,", u2196 ,m141,,
73516, u2196 ," Nope.,,,,,,,,,,,,,,,,,,,,,,,,,,,,,,,", u2190 ,m141,,
73517, u2190 ," I think you'll like this. Know much about Cuban cigars?,,,,,,,,,,,,,,,,,,,,,,,,,,,,,,,", u2190 ,m141,,
73518, u2190 ," Sorry I'm late... traffic was a motherfucker. Have another drink, I'll be back in five."",,,,,,,,,,,,,,,,,,,,,,,,,,,,,,,", u2196 ,m141,,
73519, u2196 ," Doc. Nice to meet you.,,,,,,,,,,,,,,,,,,,,,,,,,,,,,,,", u2190 ,m141,,
73520, u2190 ," You must be Dr. Mumford of Mumford. Jeremy Brockett.,,,,,,,,,,,,,,,,,,,,,,,,,,,,,,,", u2191 ,m141,,
73521, u2191 ," Maybe you can empathize with this -- Maximum fine. Three months in jail, three months house arrest. Sentence to begin immediately at the Orchard Valley Correctional Facility. Case closed. This court is adjourned."",,,,,,,,,,,,,,,,,,,,,,,,,,,,,,,", u2196 ,m141,,
73522, u2196 ," No, sir. I was empathizing. Sorry."",,,,,,,,,,,,,,,,,,,,,,,,,,,,,,,", u2191 ,m141,,
73523, u2191 ," Are you disrespecting this court, Mr. White?"",,,,,,,,,,,,,,,,,,,,,,,,,,,,,,,", u2196 ,m141,,
73524, u2196 ," I'm sorry you're frustrated.,,,,,,,,,,,,,,,,,,,,,,,,,,,,,,,", u2191 ,m141,,
73525, u2191 ," What?,,,,,,,,,,,,,,,,,,,,,,,,,,,,,,,", u2196 ,m141,,
73526, u2196 ," I'm sorry, your honor."",,,,,,,,,,,,,,,,,,,,,,,,,,,,,,,", u2191 ,m141,,
73527, u2191 ," Mr. White, I am frustrated that the criminal code in this state allows a maximum sentence of only six months and a maximum fine of only $2000."",,,,,,,,,,,,,,,,,,,,,,,,,,,,,,,", u2196 ,m141,,
73528, u2196 ," Yes.,,,,,,,,,,,,,,,,,,,,,,,,,,,,,,,", u2191 ,m141,,
73529, u2191 ," It means absolutely nothing to me that so many of your patients have come forward with praise for you and your therapeutic skills. You understand that?,,,,,,,,,,,,,,,,,,,,,,,,,,,,,,,", u2196 ,m141,,
73530, u2196 ," Yes, your honor."",,,,,,,,,,,,,,,,,,,,,,,,,,,,,,,", u2191 ,m141,,
73531, u2191 ," ...People who have come to you with the faith that you know what you're doing... and that you are who you say you are?,,,,,,,,,,,,,,,,,,,,,,,,,,,,,,,", u2191 ,m141,,
73532, u2191 ," Do you realize how insidious it is to invade the most private thoughts and secret lives of unsuspecting people?...,,,,,,,,,,,,,,,,,,,,,,,,,,,,,,,", u2196 ,m141,,
73533, u2196 ," I do.,,,,,,,,,,,,,,,,,,,,,,,,,,,,,,,", u2191 ,m141,,
73534, u2191 ," Clarence Norman White, do you understand how serious are the crimes with which you have been charged?"",,,,,,,,,,,,,,,,,,,,,,,,,,,,,,,", u2192 ,m141,,
73535, u2192 ," Well, come on in."",,,,,,,,,,,,,,,,,,,,,,,,,,,,,,,", u2199 ,m141,,
73536, u2199 ," Yeah.,,,,,,,,,,,,,,,,,,,,,,,,,,,,,,,", u2192 ,m141,,
73537, u2192 ," You do?,,,,,,,,,,,,,,,,,,,,,,,,,,,,,,,", u2199 ,m141,,
73538, u2199 ," Salad nicoise? I love salad nicoise.,,,,,,,,,,,,,,,,,,,,,,,,,,,,,,,", u2192 ,m141,,
73539, u2192 ," Meat loaf, turkey quesadillas, or salad nicoise."",,,,,,,,,,,,,,,,,,,,,,,,,,,,,,,", u2199 ,m141,,
73540, u2199 ," What are they?,,,,,,,,,,,,,,,,,,,,,,,,,,,,,,,", u2192 ,m141,,
73541, u2192 ," It's okay. They pre-order. There's a choice of three entrees.,,,,,,,,,,,,,,,,,,,,,,,,,,,,,,,", u2199 ,m141,,
73542, u2199 ," That's a lot of people all at once.,,,,,,,,,,,,,,,,,,,,,,,,,,,,,,,", u2192 ,m141,,
73543, u2192 ," I'd better get in there.,,,,,,,,,,,,,,,,,,,,,,,,,,,,,,,", u2199 ,m141,,
73544, u2199 ," So, is this like a Japanese restaurant?"",,,,,,,,,,,,,,,,,,,,,,,,,,,,,,,", u2199 ,m141,,
73545, u2199 ," What?,,,,,,,,,,,,,,,,,,,,,,,,,,,,,,,", u2192 ,m141,,
73546, u2192 ," I've seen you going by on your board, but I didn't realize -- you're so young... to be so..."",,,,,,,,,,,,,,,,,,,,,,,,,,,,,,,", u2199 ,m141,,
73547, u2199 ," Upstairs, with Doc... Yeah, it's very nice... I heard your shower."",,,,,,,,,,,,,,,,,,,,,,,,,,,,,,,", u2192 ,m141,,
73548, u2192 ," Oh?,,,,,,,,,,,,,,,,,,,,,,,,,,,,,,,", u2199 ,m141,,
73549, u2199 ," Yeah... me you, too... I was at your house..."",,,,,,,,,,,,,,,,,,,,,,,,,,,,,,,", u2192 ,m141,,
73550, u2192 ," Too bad. That's tough, I mean it. I'm not unsympathetic. But Skip says you're in love."",,,,,,,,,,,,,,,,,,,,,,,,,,,,,,,", u2196 ,m141,,
73551, u2196 ," What it might take is... doing time.,,,,,,,,,,,,,,,,,,,,,,,,,,,,,,,", u2192 ,m141,,
73552, u2192 ," Clean up the mess. No matter what it takes.,,,,,,,,,,,,,,,,,,,,,,,,,,,,,,,", u2196 ,m141,,
73553, u2196 ," That's it? That's what you're giving me?,,,,,,,,,,,,,,,,,,,,,,,,,,,,,,,", u2192 ,m141,,
73554, u2192 ," Here it is, some advice -- do the hard thing."",,,,,,,,,,,,,,,,,,,,,,,,,,,,,,,", u2196 ,m141,,
73555, u2196 ," Okay.,,,,,,,,,,,,,,,,,,,,,,,,,,,,,,,", u2192 ,m141,,
73556, u2192 ," Yes, you do, you damn well do."",,,,,,,,,,,,,,,,,,,,,,,,,,,,,,,", u2196 ,m141,,
73557, u2196 ," Thanks, Lily, I don't need anything."",,,,,,,,,,,,,,,,,,,,,,,,,,,,,,,", u2192 ,m141,,
73558, u2192 ," I want to give you something. Will you let me?,,,,,,,,,,,,,,,,,,,,,,,,,,,,,,,", u2196 ,m141,,
73559, u2196 ," You would have met in some shower eventually...,,,,,,,,,,,,,,,,,,,,,,,,,,,,,,,", u2192 ,m141,,
73560, u2192 ," Skip and I wouldn't have got together if it weren't for you. That's a big deal.,,,,,,,,,,,,,,,,,,,,,,,,,,,,,,,", u2196 ,m141,,
73561, u2196 ," He told you.,,,,,,,,,,,,,,,,,,,,,,,,,,,,,,,", u2192 ,m141,,
73562, u2192 ," I don't want you to be mad at Skip...,,,,,,,,,,,,,,,,,,,,,,,,,,,,,,,", u2192 ,m141,,
73563, u2192 ," Doc.,,,,,,,,,,,,,,,,,,,,,,,,,,,,,,,", u2196 ,m141,,
73564, u2196 ," Lily.,,,,,,,,,,,,,,,,,,,,,,,,,,,,,,,", u2192 ,m141,,
73565, u2192 ," Doc...,,,,,,,,,,,,,,,,,,,,,,,,,,,,,,,", u2192 ,m141,,
73566, u2192 ," ...so accomplished.,,,,,,,,,,,,,,,,,,,,,,,,,,,,,,,", u2196 ,m141,,
73567, u2196 ," ...so rich?,,,,,,,,,,,,,,,,,,,,,,,,,,,,,,,", u2192 ,m141,,
73568, u2192 ," It's a pleasure to meet you.,,,,,,,,,,,,,,,,,,,,,,,,,,,,,,,", u2196 ,m141,,
73569, u2196 ," Lily, I want you to meet Skip. Skip, Lily."",,,,,,,,,,,,,,,,,,,,,,,,,,,,,,,", u2192 ,m141,,
73570, u2192 ," You're on your own today, honey."",,,,,,,,,,,,,,,,,,,,,,,,,,,,,,,", u2196 ,m141,,
73571, u2196 ," Where am I supposed to eat?,,,,,,,,,,,,,,,,,,,,,,,,,,,,,,,", u2192 ,m141,,
73572, u2192 ," They come through a few times each year.  Hello, Mrs. Saito, good to see you again!  It's a tour."",,,,,,,,,,,,,,,,,,,,,,,,,,,,,,,", u2192 ,m141,,
73573, u2192 ," No gentleman caller, Doc.  Not that I care. I've had it with men. They're so fascinated by their own crap. Took me four years to get the last one out. Almost turned me into a dyke... These days my idea of a hot date is a long shower by myself before bed. Now that feels good. And you don't have to do all that... listening."",,,,,,,,,,,,,,,,,,,,,,,,,,,,,,,", u2196 ,m141,,
73574, u2196 ," Why do you watch?,,,,,,,,,,,,,,,,,,,,,,,,,,,,,,,", u2192 ,m141,,
73575, u2192 ," Shocking. Did you know the government is wasteful?  You heard it here first. Oh, and being a supermodel... it's no walk in the park."",,,,,,,,,,,,,,,,,,,,,,,,,,,,,,,", u2196 ,m141,,
73576, u2196 ," ...And?,,,,,,,,,,,,,,,,,,,,,,,,,,,,,,,", u2192 ,m141,,
73577, u2192 ," It was insane here, man. 'Hadda call in the National Guard.  Then I did my laundry... watched 20/20."",,,,,,,,,,,,,,,,,,,,,,,,,,,,,,,", u2196 ,m141,,
73578, u2196 ," Horror show. What'd you do tonight?,,,,,,,,,,,,,,,,,,,,,,,,,,,,,,,", u2192 ,m141,,
73579, u2192 ," And the Brocketts?,,,,,,,,,,,,,,,,,,,,,,,,,,,,,,,", u2196 ,m141,,
73580, u2196 ," It's a pretty piece of land.,,,,,,,,,,,,,,,,,,,,,,,,,,,,,,,", u2192 ,m141,,
73581, u2192 ," Do we run into the street? No, I didn't think so.  Nice car. How's that place?"",,,,,,,,,,,,,,,,,,,,,,,,,,,,,,,", u2192 ,m141,,
73582, u2192 ," Doc.  Ainge...,,,,,,,,,,,,,,,,,,,,,,,,,,,,,,,", u2196 ,m141,,
73583, u2196 ," How ya doin', Ainge? Evenin', Lily."",,,,,,,,,,,,,,,,,,,,,,,,,,,,,,,", u2192 ,m141,,
73584, u2192 ," Not sure. Let me think about it.,,,,,,,,,,,,,,,,,,,,,,,,,,,,,,,", u2196 ,m141,,
73585, u2196 ," You like me. How come?,,,,,,,,,,,,,,,,,,,,,,,,,,,,,,,", u2192 ,m141,,
73586, u2192 ," So, what makes you so popular? What's your secret?"",,,,,,,,,,,,,,,,,,,,,,,,,,,,,,,", u2196 ,m141,,
73587, u2196 ," Oh, so that's him? The Panda Man."",,,,,,,,,,,,,,,,,,,,,,,,,,,,,,,", u2192 ,m141,,
73588, u2192 ," You know who that is, don't you?  You really don't? That's Skip Skipperton, man. He gets himself hit by a truck, this whole town shuts down."",,,,,,,,,,,,,,,,,,,,,,,,,,,,,,,", u2196 ,m141,,
73589, u2196 ," Lily, I don't think even you could know that --"",,,,,,,,,,,,,,,,,,,,,,,,,,,,,,,", u2192 ,m141,,
73590, u2192 ," Four months, two and a half weeks -- that's how long.  And you've already got more patients than those other two shrinks combined."",,,,,,,,,,,,,,,,,,,,,,,,,,,,,,,", u2196 ,m141,,
73591, u2196 ," Oh, I don't know..."",,,,,,,,,,,,,,,,,,,,,,,,,,,,,,,", u2192 ,m141,,
73592, u2192 ," How long you been in this town?,,,,,,,,,,,,,,,,,,,,,,,,,,,,,,,", u2192 ,m141,,
73593, u2192 ," You're terrible. I'm never telling you anything.,,,,,,,,,,,,,,,,,,,,,,,,,,,,,,,", u2196 ,m141,,
73594, u2196 ," What do you want to know?,,,,,,,,,,,,,,,,,,,,,,,,,,,,,,,", u2192 ,m141,,
73595, u2192 ," Man, you see him a lot. And it's very wrong to reveal it. Next you'll be saying what his problem is."",,,,,,,,,,,,,,,,,,,,,,,,,,,,,,,", u2196 ,m141,,
73596, u2196 ," It was Henry Follett.,,,,,,,,,,,,,,,,,,,,,,,,,,,,,,,", u2192 ,m141,,
73597, u2192 ," I think it's like... inquisitive.,,,,,,,,,,,,,,,,,,,,,,,,,,,,,,,", u2196 ,m141,,
73598, u2196 ," Does the phrase """"nosy"""" have any meaning to you, Lily?"",,,,,,,,,,,,,,,,,,,,,,,,,,,,,,,", u2192 ,m141,,
73599, u2192 ," Who was that?,,,,,,,,,,,,,,,,,,,,,,,,,,,,,,,", u2196 ,m141,,
73600, u2196 ," My patient had to leave early.,,,,,,,,,,,,,,,,,,,,,,,,,,,,,,,", u2192 ,m141,,
73601, u2192 ," You're early... it's not ready. What happened?,,,,,,,,,,,,,,,,,,,,,,,,,,,,,,,", u2196 ,m141,,
73602, u2196 ," Thanks for your help, Lionel."",,,,,,,,,,,,,,,,,,,,,,,,,,,,,,,", u2193 ,m141,,
73603, u2193 ," It's a country club. Don't worry about it.,,,,,,,,,,,,,,,,,,,,,,,,,,,,,,,", u2196 ,m141,,
73604, u2196 ," You're right, as usual. See you."",,,,,,,,,,,,,,,,,,,,,,,,,,,,,,,", u2193 ,m141,,
73605, u2193 ," You've got to have the right ladder for the job. You don't know what you're doing, you can get yourself in trouble."",,,,,,,,,,,,,,,,,,,,,,,,,,,,,,,", u2196 ,m141,,
73606, u2196 ," Hello, Lionel."",,,,,,,,,,,,,,,,,,,,,,,,,,,,,,,", u2196 ,m141,,
73607, u2196 ," And it's the Hubble Telescope, not the Himball Telescope."",,,,,,,,,,,,,,,,,,,,,,,,,,,,,,,", u2193 ,m141,,
73608, u2193 ," Maybe some of us don't need this crap!,,,,,,,,,,,,,,,,,,,,,,,,,,,,,,,", u2196 ,m141,,
73609, u2196 ," Come out this way. There's no shame in getting a little therapy... is there, Althea?"",,,,,,,,,,,,,,,,,,,,,,,,,,,,,,,", u2193 ,m141,,
73610, u2193 ," Don't you at least have a back door I can use?,,,,,,,,,,,,,,,,,,,,,,,,,,,,,,,", u2196 ,m141,,
73611, u2196 ," See that sign -- We retain the right to refuse service to anyone. I'm not going to charge you for this session, but I don't want to see you back here."",,,,,,,,,,,,,,,,,,,,,,,,,,,,,,,", u2193 ,m141,,
73612, u2193 ," I'm a criminal lawyer -- you think I like my clients? I can't stand most of them! But I don't kick them out...,,,,,,,,,,,,,,,,,,,,,,,,,,,,,,,", u2196 ,m141,,
73613, u2196 ," Sure I can, Lionel."",,,,,,,,,,,,,,,,,,,,,,,,,,,,,,,", u2193 ,m141,,
73614, u2193 ," -- you crazy? You can't do this!,,,,,,,,,,,,,,,,,,,,,,,,,,,,,,,", u2196 ,m141,,
73615, u2196 ," -- Go on!,,,,,,,,,,,,,,,,,,,,,,,,,,,,,,,", u2193 ,m141,,
73616, u2193 ," ...but it's not really my school -- and this is very interesting -- it's the school from the next district --,,,,,,,,,,,,,,,,,,,,,,,,,,,,,,,", u2193 ,m141,,
73617, u2193 ," Kind of impatient for a big-time headshrinker, aren't you? How 'bout you let me explain it my own way..."",,,,,,,,,,,,,,,,,,,,,,,,,,,,,,,", u2196 ,m141,,
73618, u2196 ," -- you can sit up and look at me if you'd like --  -- maybe it would be helpful if you told me a little about what brought you here.,,,,,,,,,,,,,,,,,,,,,,,,,,,,,,,", u2194 ,m141,,
73619, u2194 ," Insane! Didn't ja hear? My family got five hundred times better.  Let's go, Vanessa."",,,,,,,,,,,,,,,,,,,,,,,,,,,,,,,", u2196 ,m141,,
73620, u2196 ," How are you?,,,,,,,,,,,,,,,,,,,,,,,,,,,,,,,", u2194 ,m141,,
73621, u2194 ," Did you straighten her out?,,,,,,,,,,,,,,,,,,,,,,,,,,,,,,,", u2196 ,m141,,
73622, u2196 ," Martin.,,,,,,,,,,,,,,,,,,,,,,,,,,,,,,,", u2194 ,m141,,
73623, u2194 ," Hiya, Doc."",,,,,,,,,,,,,,,,,,,,,,,,,,,,,,,", u2194 ,m141,,
73624, u2194 ," No... sort of. Man, she could be cool, but all she does is get wrecked and do all the guys. She's blowin' them in the parking lot."",,,,,,,,,,,,,,,,,,,,,,,,,,,,,,,", u2196 ,m141,,
73625, u2196 ," Is she a friend of yours?,,,,,,,,,,,,,,,,,,,,,,,,,,,,,,,", u2194 ,m141,,
73626, u2194 ," What's wrong with her?,,,,,,,,,,,,,,,,,,,,,,,,,,,,,,,", u2194 ,m141,,
73627, u2194 ," Got to.,,,,,,,,,,,,,,,,,,,,,,,,,,,,,,,", u2196 ,m141,,
73628, u2196 ," I'm trying.,,,,,,,,,,,,,,,,,,,,,,,,,,,,,,,", u2194 ,m141,,
73629, u2194 ," Can you help Mom?,,,,,,,,,,,,,,,,,,,,,,,,,,,,,,,", u2196 ,m141,,
73630, u2196 ," That would explain it.,,,,,,,,,,,,,,,,,,,,,,,,,,,,,,,", u2194 ,m141,,
73631, u2194 ," I been drivin' since I was twelve.,,,,,,,,,,,,,,,,,,,,,,,,,,,,,,,", u2196 ,m141,,
73632, u2196 ," You're good.,,,,,,,,,,,,,,,,,,,,,,,,,,,,,,,", u2194 ,m141,,
73633, u2194 ," I just got my license two weeks ago.,,,,,,,,,,,,,,,,,,,,,,,,,,,,,,,", u2196 ,m141,,
73634, u2196 ," Don't need it.,,,,,,,,,,,,,,,,,,,,,,,,,,,,,,,", u2194 ,m141,,
73635, u2194 ," Got a license?  But no car?,,,,,,,,,,,,,,,,,,,,,,,,,,,,,,,", u2196 ,m141,,
73636, u2196 ," Sure.,,,,,,,,,,,,,,,,,,,,,,,,,,,,,,,", u2194 ,m141,,
73637, u2194 ," But you know how to drive?,,,,,,,,,,,,,,,,,,,,,,,,,,,,,,,", u2200 ,m141,,
73638, u2200 ," Mother... go away!,,,,,,,,,,,,,,,,,,,,,,,,,,,,,,,", u2195 ,m141,,
73639, u2195 ," It'll never happen! You're in big trouble, mister."",,,,,,,,,,,,,,,,,,,,,,,,,,,,,,,", u2195 ,m141,,
73640, u2195 ," What kind of doctor are you?,,,,,,,,,,,,,,,,,,,,,,,,,,,,,,,", u2200 ,m141,,
73641, u2200 ," Dr. Mumford does, yes. I've put myself completely in his hands. For today, anyway."",,,,,,,,,,,,,,,,,,,,,,,,,,,,,,,", u2195 ,m141,,
73642, u2195 ," Do you think that's a good idea?,,,,,,,,,,,,,,,,,,,,,,,,,,,,,,,", u2200 ,m141,,
73643, u2200 ," We're going for a walk.,,,,,,,,,,,,,,,,,,,,,,,,,,,,,,,", u2195 ,m141,,
73644, u2195 ," What's happening here?,,,,,,,,,,,,,,,,,,,,,,,,,,,,,,,", u2195 ,m141,,
73645, u2195 ," Mumford... like the town?,,,,,,,,,,,,,,,,,,,,,,,,,,,,,,,", u2200 ,m141,,
73646, u2200 ," Hello, Mother. I want you to meet Dr. Mumford."",,,,,,,,,,,,,,,,,,,,,,,,,,,,,,,", u2196 ,m141,,
73647, u2196 ," Well, I gotta say, Mrs. Cook, you're right about that."",,,,,,,,,,,,,,,,,,,,,,,,,,,,,,,", u2195 ,m141,,
73648, u2195 ," Sofie. It's so obvious... you're after my daughter.,,,,,,,,,,,,,,,,,,,,,,,,,,,,,,,", u2195 ,m141,,
73649, u2195 ," No, you can not. I wouldn't know who to say is calling."",,,,,,,,,,,,,,,,,,,,,,,,,,,,,,,", u2196 ,m141,,
73650, u2196 ," Could I see Sofie, please?"",,,,,,,,,,,,,,,,,,,,,,,,,,,,,,,", u2195 ,m141,,
73651, u2195 ," Just who is here, can you tell me?"",,,,,,,,,,,,,,,,,,,,,,,,,,,,,,,", u2196 ,m141,,
73652, u2196 ," Good evening, Mrs. Cook."",,,,,,,,,,,,,,,,,,,,,,,,,,,,,,,", u2195 ,m141,,
73653, u2195 ," Well, look who's here..."",,,,,,,,,,,,,,,,,,,,,,,,,,,,,,,", u2195 ,m141,,
73654, u2195 ," Take a hike, Dr. Quack!"",,,,,,,,,,,,,,,,,,,,,,,,,,,,,,,", u2196 ,m141,,
73655, u2196 ," Wow. You're something.,,,,,,,,,,,,,,,,,,,,,,,,,,,,,,,", u2195 ,m141,,
73656, u2195 ," -- the problem is you're a big fake. You haven't got a clue what's wrong with that girl.,,,,,,,,,,,,,,,,,,,,,,,,,,,,,,,", u2196 ,m141,,
73657, u2196 ," Well... you see, the problem is --"",,,,,,,,,,,,,,,,,,,,,,,,,,,,,,,", u2195 ,m141,,
73658, u2195 ," Why don't you go to hell? It's all a bunch of nonsense and you know it.,,,,,,,,,,,,,,,,,,,,,,,,,,,,,,,", u2196 ,m141,,
73659, u2196 ," Why don't you tell me?,,,,,,,,,,,,,,,,,,,,,,,,,,,,,,,", u2195 ,m141,,
73660, u2195 ," I think you do.,,,,,,,,,,,,,,,,,,,,,,,,,,,,,,,", u2196 ,m141,,
73661, u2196 ," No, I really don't."",,,,,,,,,,,,,,,,,,,,,,,,,,,,,,,", u2195 ,m141,,
73662, u2195 ," I think you know what I mean.,,,,,,,,,,,,,,,,,,,,,,,,,,,,,,,", u2196 ,m141,,
73663, u2196 ," What do you mean?,,,,,,,,,,,,,,,,,,,,,,,,,,,,,,,", u2195 ,m141,,
73664, u2195 ," Finally, some common sense..."",,,,,,,,,,,,,,,,,,,,,,,,,,,,,,,", u2195 ,m141,,
73665, u2195 ," What?,,,,,,,,,,,,,,,,,,,,,,,,,,,,,,,", u2196 ,m141,,
73666, u2196 ," There's something I think we need to talk about.,,,,,,,,,,,,,,,,,,,,,,,,,,,,,,,", u2195 ,m141,,
73667, u2195 ," What'd you want?,,,,,,,,,,,,,,,,,,,,,,,,,,,,,,,", u2196 ,m141,,
73668, u2196 ," That's right, the fake kind."",,,,,,,,,,,,,,,,,,,,,,,,,,,,,,,", u2195 ,m141,,
73669, u2195 ," Oh... not a real doctor.,,,,,,,,,,,,,,,,,,,,,,,,,,,,,,,", u2196 ,m141,,
73670, u2196 ," Ph.D., psychologist."",,,,,,,,,,,,,,,,,,,,,,,,,,,,,,,", u2200 ,m141,,
73671, u2200 ," Of course... I haven't got the energy to get out of town that fast.,,,,,,,,,,,,,,,,,,,,,,,,,,,,,,,", u2196 ,m141,,
73672, u2196 ," Will you be here?,,,,,,,,,,,,,,,,,,,,,,,,,,,,,,,", u2200 ,m141,,
73673, u2200 ," We're only talking about six weeks.,,,,,,,,,,,,,,,,,,,,,,,,,,,,,,,", u2196 ,m141,,
73674, u2196 ," Will you wait for me?,,,,,,,,,,,,,,,,,,,,,,,,,,,,,,,", u2200 ,m141,,
73675, u2200 ," You got off easy.,,,,,,,,,,,,,,,,,,,,,,,,,,,,,,,", u2200 ,m141,,
73676, u2200 ," What is your name?,,,,,,,,,,,,,,,,,,,,,,,,,,,,,,,", u2196 ,m141,,
73677, u2196 ," Anything... just ask.,,,,,,,,,,,,,,,,,,,,,,,,,,,,,,,", u2200 ,m141,,
73678, u2200 ," ...but first, you have to tell me something..."",,,,,,,,,,,,,,,,,,,,,,,,,,,,,,,", u2196 ,m141,,
73679, u2196 ," I want to spend the rest of my life with you... but I'm not sure you feel the same way.,,,,,,,,,,,,,,,,,,,,,,,,,,,,,,,", u2200 ,m141,,
73680, u2200 ," Oh.,,,,,,,,,,,,,,,,,,,,,,,,,,,,,,,", u2196 ,m141,,
73681, u2196 ," I love you. More than I've ever loved anyone or anything in my life.,,,,,,,,,,,,,,,,,,,,,,,,,,,,,,,", u2200 ,m141,,
73682, u2200 ," I don't know. Depends. I'm in a bad mood.,,,,,,,,,,,,,,,,,,,,,,,,,,,,,,,", u2196 ,m141,,
73683, u2196 ," Will you think about it?,,,,,,,,,,,,,,,,,,,,,,,,,,,,,,,", u2200 ,m141,,
73684, u2200 ," What?,,,,,,,,,,,,,,,,,,,,,,,,,,,,,,,", u2196 ,m141,,
73685, u2196 ," But, there is one... mitigating factor I want you to consider before you write me off."",,,,,,,,,,,,,,,,,,,,,,,,,,,,,,,", u2196 ,m141,,
73686, u2196 ," I know it! Please believe me, I know that..."",,,,,,,,,,,,,,,,,,,,,,,,,,,,,,,", u2200 ,m141,,
73687, u2200 ," But nothing... I'm mad as hell. This is a terrible thing you've done.,,,,,,,,,,,,,,,,,,,,,,,,,,,,,,,", u2196 ,m141,,
73688, u2196 ," But...,,,,,,,,,,,,,,,,,,,,,,,,,,,,,,,", u2200 ,m141,,
73689, u2200 ," I am irate!,,,,,,,,,,,,,,,,,,,,,,,,,,,,,,,", u2200 ,m141,,
73690, u2200 ," You deserve it.,,,,,,,,,,,,,,,,,,,,,,,,,,,,,,,", u2196 ,m141,,
73691, u2196 ," Not me... all my other my patients. I smelled tar and feathers on the way over here.,,,,,,,,,,,,,,,,,,,,,,,,,,,,,,,", u2200 ,m141,,
73692, u2200 ," You feel violated?,,,,,,,,,,,,,,,,,,,,,,,,,,,,,,,", u2196 ,m141,,
73693, u2196 ," You're not the only one...,,,,,,,,,,,,,,,,,,,,,,,,,,,,,,,", u2200 ,m141,,
73694, u2200 ," ...How violated I feel?,,,,,,,,,,,,,,,,,,,,,,,,,,,,,,,", u2196 ,m141,,
73695, u2196 ," You probably got the idea.,,,,,,,,,,,,,,,,,,,,,,,,,,,,,,,", u2200 ,m141,,
73696, u2200 ," Part of it. We were watching """"ER"""" until someone called."",,,,,,,,,,,,,,,,,,,,,,,,,,,,,,,", u2196 ,m141,,
73697, u2196 ," Sofie...,,,,,,,,,,,,,,,,,,,,,,,,,,,,,,,", u2200 ,m141,,
73698, u2200 ," Which show was that?,,,,,,,,,,,,,,,,,,,,,,,,,,,,,,,", u2196 ,m141,,
73699, u2196 ," I guess you saw the show...?,,,,,,,,,,,,,,,,,,,,,,,,,,,,,,,", u2196 ,m141,,
73700, u2196 ," What do you think I'm after, Mrs. Cook?"",,,,,,,,,,,,,,,,,,,,,,,,,,,,,,,", u2200 ,m141,,
73701, u2200 ," Mother...,,,,,,,,,,,,,,,,,,,,,,,,,,,,,,,", u2200 ,m141,,
73702, u2200 ," I think you can understand why I have some serious questions about your methods. I mean, obviously it becomes much more likely that I'm going to have confusion about this when your idea of treatment is to go walking in the woods and up to make- outs-ville and do all these highly romantic activities --"",,,,,,,,,,,,,,,,,,,,,,,,,,,,,,,", u2196 ,m141,,
73703, u2196 ," Hello.,,,,,,,,,,,,,,,,,,,,,,,,,,,,,,,", u2200 ,m141,,
73704, u2200 ," Hello?,,,,,,,,,,,,,,,,,,,,,,,,,,,,,,,", u2200 ,m141,,
73705, u2200 ," Yes, and that is what I have got right now. I have taken my feelings of gratitude... and relief... and transferred them onto... you. I have taken all those warm, grateful emotions and confused them with feelings for you... So that now I am under the delusion...  ...that I am in love with you."",,,,,,,,,,,,,,,,,,,,,,,,,,,,,,,", u2196 ,m141,,
73706, u2196 ," Transference.,,,,,,,,,,,,,,,,,,,,,,,,,,,,,,,", u2200 ,m141,,
73707, u2200 ," Transference!,,,,,,,,,,,,,,,,,,,,,,,,,,,,,,,", u2196 ,m141,,
73708, u2196 ," What was that?,,,,,,,,,,,,,,,,,,,,,,,,,,,,,,,", u2200 ,m141,,
73709, u2200 ," I know a little about psychology. I took three different courses in college. It's true, none of them were above the two hundred level, but I took them... And there was one concept I remember very well."",,,,,,,,,,,,,,,,,,,,,,,,,,,,,,,", u2196 ,m141,,
73710, u2196 ," I think so.,,,,,,,,,,,,,,,,,,,,,,,,,,,,,,,", u2200 ,m141,,
73711, u2200 ," The point is this -- I am not a blank page. I did not just fall off the turnip truck. Do you know what I mean?,,,,,,,,,,,,,,,,,,,,,,,,,,,,,,,", u2196 ,m141,,
73712, u2196 ," Okay...,,,,,,,,,,,,,,,,,,,,,,,,,,,,,,,", u2200 ,m141,,
73713, u2200 ," I'm saying that since I'm doing so much better -- which I attribute to you -- I'm liable to misinterpret some of my feelings.,,,,,,,,,,,,,,,,,,,,,,,,,,,,,,,", u2196 ,m141,,
73714, u2196 ," I don't follow you.,,,,,,,,,,,,,,,,,,,,,,,,,,,,,,,", u2200 ,m141,,
73715, u2200 ," Given that, I'm obviously not going to be judging things in the most realistic way."",,,,,,,,,,,,,,,,,,,,,,,,,,,,,,,", u2196 ,m141,,
73716, u2196 ," I'm glad.,,,,,,,,,,,,,,,,,,,,,,,,,,,,,,,", u2200 ,m141,,
73717, u2200 ," First of all, I have been feeling much better lately. I don't know if the syndrome is over -- if it's just run its course or something -- but I feel a hundred per cent better than when I first came to you."",,,,,,,,,,,,,,,,,,,,,,,,,,,,,,,", u2196 ,m141,,
73718, u2196 ," Um-huh.,,,,,,,,,,,,,,,,,,,,,,,,,,,,,,,", u2200 ,m141,,
73719, u2200 ," All right... I'm going to come right out and say this, because that's what your shrink is for, right, so you can tell him what's bothering you?"",,,,,,,,,,,,,,,,,,,,,,,,,,,,,,,", u2196 ,m141,,
73720, u2196 ," Why don't you tell me what's on your mind?,,,,,,,,,,,,,,,,,,,,,,,,,,,,,,,", u2200 ,m141,,
73721, u2200 ," No, it is not something I've heard about you! It is someth--  Why? Is there something I should have heard about you?"",,,,,,,,,,,,,,,,,,,,,,,,,,,,,,,", u2196 ,m141,,
73722, u2196 ," Is it something you've heard about me?,,,,,,,,,,,,,,,,,,,,,,,,,,,,,,,", u2200 ,m141,,
73723, u2200 ," How intuitive! That must take years of training right there. Maybe you can guess what has upset me.,,,,,,,,,,,,,,,,,,,,,,,,,,,,,,,", u2196 ,m141,,
73724, u2196 ," You're upset.,,,,,,,,,,,,,,,,,,,,,,,,,,,,,,,", u2200 ,m141,,
73725, u2200 ," Yes, something's very wrong, Dr. Mumford."",,,,,,,,,,,,,,,,,,,,,,,,,,,,,,,", u2196 ,m141,,
73726, u2196 ," Is something wrong, Sofie?"",,,,,,,,,,,,,,,,,,,,,,,,,,,,,,,", u2200 ,m141,,
73727, u2200 ," It might've been more appropriate if we had followed a traditional approach to the doctor-patient relationship.,,,,,,,,,,,,,,,,,,,,,,,,,,,,,,,", u2196 ,m141,,
73728, u2196 ," Of course.,,,,,,,,,,,,,,,,,,,,,,,,,,,,,,,", u2200 ,m141,,
73729, u2200 ," I need to talk to you... Doctor. Can I come in?,,,,,,,,,,,,,,,,,,,,,,,,,,,,,,,", u2200 ,m141,,
73730, u2200 ," Thanks to this therapy, I now know what I'm looking for. I need to find a man like you.  Not one who's treating me, of course.  And I'm going to do it, dammit! You've given me the confidence."",,,,,,,,,,,,,,,,,,,,,,,,,,,,,,,", u2196 ,m141,,
73731, u2196 ," Of course.,,,,,,,,,,,,,,,,,,,,,,,,,,,,,,,", u2200 ,m141,,
73732, u2200 ," You're shockingly honest, that's what makes you great. I've never had a man treat me this way. With you, I feel really... listened to.  Can I tell you something? It's a little embarrassing, but I feel very unguarded with you."",,,,,,,,,,,,,,,,,,,,,,,,,,,,,,,", u2196 ,m141,,
73733, u2196 ," I don't know if --,,,,,,,,,,,,,,,,,,,,,,,,,,,,,,,", u2200 ,m141,,
73734, u2200 ," Yes! And my ex-husband -- he never accepted me for who I was, just like Mother. The things you've said have helped me understand what a dick he is."",,,,,,,,,,,,,,,,,,,,,,,,,,,,,,,", u2196 ,m141,,
73735, u2196 ," That's... good?,,,,,,,,,,,,,,,,,,,,,,,,,,,,,,,", u2200 ,m141,,
73736, u2200 ," I can't tell you how much I admire you. You have a wonderful way with people. And you're very insightful. I feel like you've seen me clearly... I never used to admit what a horrible person my mother was. You've made that possible for me.,,,,,,,,,,,,,,,,,,,,,,,,,,,,,,,", u2196 ,m141,,
73737, u2196 ," Yeah?,,,,,,,,,,,,,,,,,,,,,,,,,,,,,,,", u2200 ,m141,,
73738, u2200 ," -- you've been a tremendous help to me.,,,,,,,,,,,,,,,,,,,,,,,,,,,,,,,", u2196 ,m141,,
73739, u2196 ," I thought only action movies had villains like that.,,,,,,,,,,,,,,,,,,,,,,,,,,,,,,,", u2200 ,m141,,
73740, u2200 ," I bet I know what changed your mind...  ...My mother. She was so horrible, you decided you couldn't desert me."",,,,,,,,,,,,,,,,,,,,,,,,,,,,,,,", u2196 ,m141,,
73741, u2196 ," That's one way to put it.,,,,,,,,,,,,,,,,,,,,,,,,,,,,,,,", u2200 ,m141,,
73742, u2200 ," My brother said you were about to fire me.,,,,,,,,,,,,,,,,,,,,,,,,,,,,,,,", u2196 ,m141,,
73743, u2196 ," I thought I had something to tell you. But it turned out I didn't.,,,,,,,,,,,,,,,,,,,,,,,,,,,,,,,", u2200 ,m141,,
73744, u2200 ," Why'd you come to the house the other night?,,,,,,,,,,,,,,,,,,,,,,,,,,,,,,,", u2196 ,m141,,
73745, u2196 ," Either one.,,,,,,,,,,,,,,,,,,,,,,,,,,,,,,,", u2200 ,m141,,
73746, u2200 ," Which thing?,,,,,,,,,,,,,,,,,,,,,,,,,,,,,,,", u2196 ,m141,,
73747, u2196 ," That's what I like.,,,,,,,,,,,,,,,,,,,,,,,,,,,,,,,", u2200 ,m141,,
73748, u2200 ," When I was in high school we used to come up here and make out. I liked to sit on the rock and watch the sun go down.,,,,,,,,,,,,,,,,,,,,,,,,,,,,,,,", u2196 ,m141,,
73749, u2196 ," Therapy? Hell no, I just don't want to do it alone."",,,,,,,,,,,,,,,,,,,,,,,,,,,,,,,", u2200 ,m141,,
73750, u2200 ," And this is legitimate therapy?,,,,,,,,,,,,,,,,,,,,,,,,,,,,,,,", u2196 ,m141,,
73751, u2196 ," Then you can expect me at 5:30 tomorrow morning.,,,,,,,,,,,,,,,,,,,,,,,,,,,,,,,", u2200 ,m141,,
73752, u2200 ," It's all right.,,,,,,,,,,,,,,,,,,,,,,,,,,,,,,,", u2196 ,m141,,
73753, u2196 ," You like it?,,,,,,,,,,,,,,,,,,,,,,,,,,,,,,,", u2200 ,m141,,
73754, u2200 ," I'm thinking a gal could make a good living doing this. How hard could it be squeezing out some fourteen year old?,,,,,,,,,,,,,,,,,,,,,,,,,,,,,,,", u2196 ,m141,,
73755, u2196 ," In the capitol for Boy's Nation. Five days. Why?,,,,,,,,,,,,,,,,,,,,,,,,,,,,,,,", u2200 ,m141,,
73756, u2200 ," And he's where?,,,,,,,,,,,,,,,,,,,,,,,,,,,,,,,", u2196 ,m141,,
73757, u2196 ," Brady Peck's. Fourteen years old. Lives next door.,,,,,,,,,,,,,,,,,,,,,,,,,,,,,,,", u2200 ,m141,,
73758, u2200 ," So whose route is this?,,,,,,,,,,,,,,,,,,,,,,,,,,,,,,,", u2200 ,m141,,
73759, u2200 ," No, that'd be a good story, but that was just the beginning of the end. We went on for another year or so."",,,,,,,,,,,,,,,,,,,,,,,,,,,,,,,", u2196 ,m141,,
73760, u2196 ," Is that when you split up?,,,,,,,,,,,,,,,,,,,,,,,,,,,,,,,", u2196 ,m141,,
73761, u2196 ," It's pretty obvious to a trained professional.,,,,,,,,,,,,,,,,,,,,,,,,,,,,,,,", u2200 ,m141,,
73762, u2200 ," And I'll bet you can interpret the whole thing,,,,,,,,,,,,,,,,,,,,,,,,,,,,,,,", u2196 ,m141,,
73763, u2196 ," Disgusting.,,,,,,,,,,,,,,,,,,,,,,,,,,,,,,,", u2200 ,m141,,
73764, u2200 ," That was really bad, wasn't it?"",,,,,,,,,,,,,,,,,,,,,,,,,,,,,,,", u2196 ,m141,,
73765, u2196 ," Oh, there's something wrong with you, all right. Especially after hearing that dream of yours, about the Roto-Rooter."",,,,,,,,,,,,,,,,,,,,,,,,,,,,,,,", u2200 ,m141,,
73766, u2200 ," ...who thinks there's nothing really wrong with me.,,,,,,,,,,,,,,,,,,,,,,,,,,,,,,,", u2196 ,m141,,
73767, u2196 ," Yes.,,,,,,,,,,,,,,,,,,,,,,,,,,,,,,,", u2200 ,m141,,
73768, u2200 ," You're purposely making me talk while we do this...  ...because you think this is good for me...  ...and you're a sadistic bastard...,,,,,,,,,,,,,,,,,,,,,,,,,,,,,,,", u2200 ,m141,,
73769, u2200 ," Oh... this makes me sound irrational, which is probably right, but there was something about him saying this -- it was maybe the millionth time he'd told me about some preference of his. Well, I was so... tired of it.  Seems like my whole life someone's been telling me... I'm just not getting it right. Can we rest for a second?"",,,,,,,,,,,,,,,,,,,,,,,,,,,,,,,", u2196 ,m141,,
73770, u2196 ," It doesn't matter. Go on.,,,,,,,,,,,,,,,,,,,,,,,,,,,,,,,", u2200 ,m141,,
73771, u2200 ," I don't know if I'm going to make it the whole way.,,,,,,,,,,,,,,,,,,,,,,,,,,,,,,,", u2196 ,m141,,
73772, u2196 ," You're doing great.,,,,,,,,,,,,,,,,,,,,,,,,,,,,,,,", u2200 ,m141,,
73773, u2200 ," Well then, my life has been some kind of huge rip."",,,,,,,,,,,,,,,,,,,,,,,,,,,,,,,", u2196 ,m141,,
73774, u2196 ," Sometimes, yeah... pulling in two different directions at once. It makes tiny little tears in our fabric."",,,,,,,,,,,,,,,,,,,,,,,,,,,,,,,", u2200 ,m141,,
73775, u2200 ," You actually address yourself by name in your thoughts?  So you really think having two opposing ideas in your head does some kind of damage?,,,,,,,,,,,,,,,,,,,,,,,,,,,,,,,", u2196 ,m141,,
73776, u2196 ," There... I've given myself a real whopper.,,,,,,,,,,,,,,,,,,,,,,,,,,,,,,,", u2196 ,m141,,
73777, u2196 ," All I have to do is have two conflicting thoughts at the same time... Like I'll think -- 'Taking these walks is going to help Sofie get better.' But then I'll also think -- 'Mumford, you just enjoy taking these walks and you're kidding yourself about the benefits.'"",,,,,,,,,,,,,,,,,,,,,,,,,,,,,,,", u2200 ,m141,,
73778, u2200 ," Is that like a party trick?,,,,,,,,,,,,,,,,,,,,,,,,,,,,,,,", u2196 ,m141,,
73779, u2196 ," I can give myself a headache instantly.,,,,,,,,,,,,,,,,,,,,,,,,,,,,,,,", u2196 ,m141,,
73780, u2196 ," So the headaches may not even be a part of this?,,,,,,,,,,,,,,,,,,,,,,,,,,,,,,,", u2200 ,m141,,
73781, u2200 ," No, not really. They're about the same. My marriage was one long headache."",,,,,,,,,,,,,,,,,,,,,,,,,,,,,,,", u2196 ,m141,,
73782, u2196 ," Did you get headaches before this?  But you get more now? Or more severe?,,,,,,,,,,,,,,,,,,,,,,,,,,,,,,,", u2200 ,m141,,
73783, u2200 ," I don't know if I mentioned the headaches.,,,,,,,,,,,,,,,,,,,,,,,,,,,,,,,", u2196 ,m141,,
73784, u2196 ," Life.,,,,,,,,,,,,,,,,,,,,,,,,,,,,,,,", u2200 ,m141,,
73785, u2200 ," Where?,,,,,,,,,,,,,,,,,,,,,,,,,,,,,,,", u2196 ,m141,,
73786, u2196 ," Yeah, most people have that. It's confusing here."",,,,,,,,,,,,,,,,,,,,,,,,,,,,,,,", u2200 ,m141,,
73787, u2200 ," Yes, yes, and definitely yes. Also... I get confused."",,,,,,,,,,,,,,,,,,,,,,,,,,,,,,,", u2196 ,m141,,
73788, u2196 ," Painful lymph glands?  Forget fulness... irritability... depression?,,,,,,,,,,,,,,,,,,,,,,,,,,,,,,,", u2200 ,m141,,
73789, u2200 ," Uh-huh.,,,,,,,,,,,,,,,,,,,,,,,,,,,,,,,", u2196 ,m141,,
73790, u2196 ," Sore throat?,,,,,,,,,,,,,,,,,,,,,,,,,,,,,,,", u2200 ,m141,,
73791, u2200 ," Well... I'm tired all the time, obviously. I always feel like taking a nap. But when I try to sleep, I have trouble.  My muscles ache. And my joints. I feel like an old person, or like I did back when I used to work out too hard... What else?..."",,,,,,,,,,,,,,,,,,,,,,,,,,,,,,,", u2196 ,m141,,
73792, u2196 ," Be specific.,,,,,,,,,,,,,,,,,,,,,,,,,,,,,,,", u2200 ,m141,,
73793, u2200 ," I'm embarrassed. The list is so long.,,,,,,,,,,,,,,,,,,,,,,,,,,,,,,,", u2200 ,m141,,
73794, u2200 ," 'Cause I'll tell you, none of the others have tried this approach."",,,,,,,,,,,,,,,,,,,,,,,,,,,,,,,", u2196 ,m141,,
73795, u2196 ," Sorry... I'm done.,,,,,,,,,,,,,,,,,,,,,,,,,,,,,,,", u2200 ,m141,,
73796, u2200 ," Is this the treatment?,,,,,,,,,,,,,,,,,,,,,,,,,,,,,,,", u2196 ,m141,,
73797, u2196 ," Really? What would it take?,,,,,,,,,,,,,,,,,,,,,,,,,,,,,,,", u2200 ,m141,,
73798, u2200 ," No.,,,,,,,,,,,,,,,,,,,,,,,,,,,,,,,", u2196 ,m141,,
73799, u2196 ," I've offended you!,,,,,,,,,,,,,,,,,,,,,,,,,,,,,,,", u2200 ,m141,,
73800, u2200 ," You've got a funny idea of funny.,,,,,,,,,,,,,,,,,,,,,,,,,,,,,,,", u2196 ,m141,,
73801, u2196 ," Okay then... Are you positive your mother's a bitch?  Just kidding.,,,,,,,,,,,,,,,,,,,,,,,,,,,,,,,", u2196 ,m141,,
73802, u2196 ," Negative thinking makes everything more difficult. If you're going to have enough strength to do this, we have to talk only about positive things. All right?"",,,,,,,,,,,,,,,,,,,,,,,,,,,,,,,", u2200 ,m141,,
73803, u2200 ," What?,,,,,,,,,,,,,,,,,,,,,,,,,,,,,,,", u2196 ,m141,,
73804, u2196 ," Please... forgive me.,,,,,,,,,,,,,,,,,,,,,,,,,,,,,,,", u2200 ,m141,,
73805, u2200 ," Oh, we've all disappointed her. Me, especially, but Dad, of course. She thinks my brother's all right, but she didn't expect much. It's what happens when you """"marry beneath yourself""""..."",,,,,,,,,,,,,,,,,,,,,,,,,,,,,,,", u2196 ,m141,,
73806, u2196 ," Something's bothering her.,,,,,,,,,,,,,,,,,,,,,,,,,,,,,,,", u2200 ,m141,,
73807, u2200 ," We don't discuss it.,,,,,,,,,,,,,,,,,,,,,,,,,,,,,,,", u2196 ,m141,,
73808, u2196 ," Is she against you getting help?,,,,,,,,,,,,,,,,,,,,,,,,,,,,,,,", u2200 ,m141,,
73809, u2200 ," Is that the technical description of what I've got?,,,,,,,,,,,,,,,,,,,,,,,,,,,,,,,", u2196 ,m141,,
73810, u2196 ," Maybe... but you're the one whose ass is dragging.,,,,,,,,,,,,,,,,,,,,,,,,,,,,,,,", u2200 ,m141,,
73811, u2200 ," She's not in a bad mood. She's like that all the time.  It doesn't bother me anymore. It's my dad and my brother I worry about.,,,,,,,,,,,,,,,,,,,,,,,,,,,,,,,", u2196 ,m141,,
73812, u2196 ," People usually have to get to know me before they hate me.,,,,,,,,,,,,,,,,,,,,,,,,,,,,,,,", u2200 ,m141,,
73813, u2200 ," Mom's such a cutie.,,,,,,,,,,,,,,,,,,,,,,,,,,,,,,,", u2200 ,m141,,
73814, u2200 ," Oh boy... this should be interesting.,,,,,,,,,,,,,,,,,,,,,,,,,,,,,,,", u2196 ,m141,,
73815, u2196 ," We'll turn back anytime you want.,,,,,,,,,,,,,,,,,,,,,,,,,,,,,,,", u2200 ,m141,,
73816, u2200 ," I'm not making any promises.,,,,,,,,,,,,,,,,,,,,,,,,,,,,,,,", u2200 ,m141,,
73817, u2200 ," Can I ask you something?  Didn't you tell my dad you didn't think it was a good idea to come to the patient?  So what changed?,,,,,,,,,,,,,,,,,,,,,,,,,,,,,,,", u2196 ,m141,,
73818, u2196 ," Maybe you'll catch it.,,,,,,,,,,,,,,,,,,,,,,,,,,,,,,,", u2200 ,m141,,
73819, u2200 ," Is it contagious? 'Cause everyone agrees my immune system's way down.,,,,,,,,,,,,,,,,,,,,,,,,,,,,,,,", u2196 ,m141,,
73820, u2196 ," No one ever thought so. You must bring it out.,,,,,,,,,,,,,,,,,,,,,,,,,,,,,,,", u2200 ,m141,,
73821, u2200 ," You have the best answer for everything.  You seem so... hopeful. Are you always this sunny?,,,,,,,,,,,,,,,,,,,,,,,,,,,,,,,", u2196 ,m141,,
73822, u2196 ," We'll work it out.,,,,,,,,,,,,,,,,,,,,,,,,,,,,,,,", u2200 ,m141,,
73823, u2200 ," I don't think I can afford it. I don't want my dad paying.,,,,,,,,,,,,,,,,,,,,,,,,,,,,,,,", u2196 ,m141,,
73824, u2196 ," We'll take it slow. You'll never feel you can't handle it.,,,,,,,,,,,,,,,,,,,,,,,,,,,,,,,", u2196 ,m141,,
73825, u2196 ," I'll come to you. We'll try a little walking.,,,,,,,,,,,,,,,,,,,,,,,,,,,,,,,", u2200 ,m141,,
73826, u2200 ," I don't know. I barely made it today.,,,,,,,,,,,,,,,,,,,,,,,,,,,,,,,", u2196 ,m141,,
73827, u2196 ," We... we would try several things. But I need to see you a lot.,,,,,,,,,,,,,,,,,,,,,,,,,,,,,,,", u2200 ,m141,,
73828, u2200 ," What would you do?,,,,,,,,,,,,,,,,,,,,,,,,,,,,,,,", u2196 ,m141,,
73829, u2196 ," I don't know what's real and what isn't. That's never been my strong suit. But if you're tired all the time and you've had to give up the life you were having and come back home when you didn't want to... that's worth trying to fix. Maybe I can help you do that.,,,,,,,,,,,,,,,,,,,,,,,,,,,,,,,", u2200 ,m141,,
73830, u2200 ," Even if you don't think it's real?,,,,,,,,,,,,,,,,,,,,,,,,,,,,,,,", u2196 ,m141,,
73831, u2196 ," Hmm, as in -- that's interesting. Sometimes, with enough clues, it's possible to figure these things out."",,,,,,,,,,,,,,,,,,,,,,,,,,,,,,,", u2200 ,m141,,
73832, u2200 ," Hmm? Is that a professional opinion?,,,,,,,,,,,,,,,,,,,,,,,,,,,,,,,", u2196 ,m141,,
73833, u2196 ," Hmm.,,,,,,,,,,,,,,,,,,,,,,,,,,,,,,,", u2200 ,m141,,
73834, u2200 ," No... but it started one year to the day after my divorce became final. That's not too suspicious, is it?... But it wasn't like I was feeling bad about the divorce. Just the opposite."",,,,,,,,,,,,,,,,,,,,,,,,,,,,,,,", u2196 ,m141,,
73835, u2196 ," Back when this started, was there anything unusual happening in your life? A change of job, of living situation... a loss of some kind?"",,,,,,,,,,,,,,,,,,,,,,,,,,,,,,,", u2200 ,m141,,
73836, u2200 ," That's okay. Maybe it is. My mother always says -- """"Everything that's wrong with you is in your head."""" I suppose that's true."",,,,,,,,,,,,,,,,,,,,,,,,,,,,,,,", u2200 ,m141,,
73837, u2200 ," I saw it. I saw it in your eyes.,,,,,,,,,,,,,,,,,,,,,,,,,,,,,,,", u2196 ,m141,,
73838, u2196 ," No.,,,,,,,,,,,,,,,,,,,,,,,,,,,,,,,", u2200 ,m141,,
73839, u2200 ," You think that now! You think it's a bunch of hooey, don't you?"",,,,,,,,,,,,,,,,,,,,,,,,,,,,,,,", u2196 ,m141,,
73840, u2196 ," What?,,,,,,,,,,,,,,,,,,,,,,,,,,,,,,,", u2200 ,m141,,
73841, u2200 ," About six months ago, I guess it is now. God, it seems like years. What a bore! I'm embarrassed by it. Before this happened -- when I'd hear people talk about this kind of thing -- I thought it was a bunch of bullshit."",,,,,,,,,,,,,,,,,,,,,,,,,,,,,,,", u2196 ,m141,,
73842, u2196 ," When did you start to feel this way?,,,,,,,,,,,,,,,,,,,,,,,,,,,,,,,", u2200 ,m141,,
73843, u2200 ," Oh, lord. It's almost too exhausting to tell you...  ...about my exhaustion. I didn't really want to come. I'm not hopeful right now. But I couldn't take the look on my dad's face. He's a truly kind person, which is pretty extraordinary if you knew the story. He's the opposite of me, I guess -- all stamina and resolve."",,,,,,,,,,,,,,,,,,,,,,,,,,,,,,,", u2196 ,m141,,
73844, u2196 ," What can you tell me about this?,,,,,,,,,,,,,,,,,,,,,,,,,,,,,,,", u2200 ,m141,,
73845, u2200 ," I'd better not, I'll fall right to sleep. I think it's too soon for me to be sleeping with you."",,,,,,,,,,,,,,,,,,,,,,,,,,,,,,,", u2196 ,m141,,
73846, u2196 ," Feel free to lie down. Most people do.,,,,,,,,,,,,,,,,,,,,,,,,,,,,,,,", u2197 ,m141,,
73847, u2197 ," He's pitiful, Doc, a goddam puppy. I don't know how much longer I can put up with it. I already got two arms and legs, I don't need another appendage."",,,,,,,,,,,,,,,,,,,,,,,,,,,,,,,", u2196 ,m141,,
73848, u2196 ," He agreed?,,,,,,,,,,,,,,,,,,,,,,,,,,,,,,,", u2197 ,m141,,
73849, u2197 ," I don't know if I can quit. We're gonna try it together, like, you know, AA or something. And I made him give up his .22. No more sneaking around the hills with his fucking nut gun like some loony tune."",,,,,,,,,,,,,,,,,,,,,,,,,,,,,,,", u2196 ,m141,,
73850, u2196 ," Really?,,,,,,,,,,,,,,,,,,,,,,,,,,,,,,,", u2197 ,m141,,
73851, u2197 ," I said I'd consider it. Nobody owns me. And the last thing was insane. I don't know what's wrong with him... No magazines.,,,,,,,,,,,,,,,,,,,,,,,,,,,,,,,", u2196 ,m141,,
73852, u2196 ," No again?,,,,,,,,,,,,,,,,,,,,,,,,,,,,,,,", u2197 ,m141,,
73853, u2197 ," ...What balls on this guy? What're we...  ...going steady? Jesus.,,,,,,,,,,,,,,,,,,,,,,,,,,,,,,,", u2197 ,m141,,
73854, u2197 ," First off, he tells me to stop smoking cigarettes. I told him abso-fuckin'- lutely no. As you can see --"",,,,,,,,,,,,,,,,,,,,,,,,,,,,,,,", u2196 ,m141,,
73855, u2196 ," What did he want you to do?,,,,,,,,,,,,,,,,,,,,,,,,,,,,,,,", u2197 ,m141,,
73856, u2197 ," He said -- """"Which we already knew!"""""",,,,,,,,,,,,,,,,,,,,,,,,,,,,,,,", u2196 ,m141,,
73857, u2196 ," What'd he say?,,,,,,,,,,,,,,,,,,,,,,,,,,,,,,,", u2197 ,m141,,
73858, u2197 ," ...I mean, Doc, the dude is seriously deluded. I said that to him, I said, """"If you think I'm gonna do all that shit for you, man, you are seriously deluded."""""",,,,,,,,,,,,,,,,,,,,,,,,,,,,,,,", u2197 ,m141,,
73859, u2197 ," No. I don't know what he wants. But I know I don't like being watched. Nobody's ever paid any attention to what I did, and I liked it just fine. Where does he get off telling me I disrespect myself?  Fuck him. Look in a mirror, bozo."",,,,,,,,,,,,,,,,,,,,,,,,,,,,,,,", u2196 ,m141,,
73860, u2196 ," Do you think that's what he wants?,,,,,,,,,,,,,,,,,,,,,,,,,,,,,,,", u2197 ,m141,,
73861, u2197 ," There's this kid at school... Martin Brockett. He has some gigantic idea of himself that no one else shares. You wouldn't believe the crap he lays on me... Who appointed him my spiritual leader? If he has everything so figured out how come his best friend is a .22 rifle? And why's he spend all his time chasing after me? Probably thinks I'm gonna give him a hummer...,,,,,,,,,,,,,,,,,,,,,,,,,,,,,,,", u2197 ,m141,,
73862, u2197 ," This shrink school you went to... did you hear about it on an infomercial?,,,,,,,,,,,,,,,,,,,,,,,,,,,,,,,", u2196 ,m141,,
73863, u2196 ," Uh-huh.,,,,,,,,,,,,,,,,,,,,,,,,,,,,,,,", u2197 ,m141,,
73864, u2197 ," I don't think you know what you're talking about.,,,,,,,,,,,,,,,,,,,,,,,,,,,,,,,", u2196 ,m141,,
73865, u2196 ," True. Should we stop them?,,,,,,,,,,,,,,,,,,,,,,,,,,,,,,,", u2197 ,m141,,
73866, u2197 ," These appointments were not my idea, remember."",,,,,,,,,,,,,,,,,,,,,,,,,,,,,,,", u2196 ,m141,,
73867, u2196 ," Was it something that happened at school?,,,,,,,,,,,,,,,,,,,,,,,,,,,,,,,", u2197 ,m141,,
73868, u2197 ," What are you talking about?,,,,,,,,,,,,,,,,,,,,,,,,,,,,,,,", u2196 ,m141,,
73869, u2196 ," What happened today?,,,,,,,,,,,,,,,,,,,,,,,,,,,,,,,", u2197 ,m141,,
73870, u2197 ," I want to have the session. I thought it would be cool if I could show you some of the things that interest me. But I guess you're not into it... which we already knew.,,,,,,,,,,,,,,,,,,,,,,,,,,,,,,,", u2196 ,m141,,
73871, u2196 ," If you don't want to have a session today, it's okay."",,,,,,,,,,,,,,,,,,,,,,,,,,,,,,,", u2197 ,m141,,
73872, u2197 ," What are you doing? We're not done. I just need to find the thing...,,,,,,,,,,,,,,,,,,,,,,,,,,,,,,,", u2197 ,m141,,
73873, u2197 ," Just chill for a second. Look at this guy, it appears he's actually dead... but gorgeous."",,,,,,,,,,,,,,,,,,,,,,,,,,,,,,,", u2196 ,m141,,
73874, u2196 ," What do you want me to see?,,,,,,,,,,,,,,,,,,,,,,,,,,,,,,,", u2197 ,m141,,
73875, u2197 ," Isn't she amazing? That is such a wicked look.,,,,,,,,,,,,,,,,,,,,,,,,,,,,,,,", u2197 ,m141,,
73876, u2197 ," It's a really weird thing for a shrink to say... and then you said maybe people'd be happier if they'd accept that some things don't change -- that it'd be some kind of a relief or something...,,,,,,,,,,,,,,,,,,,,,,,,,,,,,,,", u2196 ,m141,,
73877, u2196 ," That's not quite what I said --,,,,,,,,,,,,,,,,,,,,,,,,,,,,,,,", u2197 ,m141,,
73878, u2197 ," I knew you wouldn't answer. I've been thinking about what you said last time. How me trying to lose weight -- and constantly not -- is like a lot of people with addictions. How maybe I can't lose the weight, ever...  Which we already knew..."",,,,,,,,,,,,,,,,,,,,,,,,,,,,,,,", u2197 ,m141,,
73879, u2197 ," Have women found you attractive?,,,,,,,,,,,,,,,,,,,,,,,,,,,,,,,", u2196 ,m141,,
73880, u2196 ," You been spying on me in the supermarket, Nessa?"",,,,,,,,,,,,,,,,,,,,,,,,,,,,,,,", u2197 ,m141,,
73881, u2197 ," Where?... The New York Times. The first one was -- """"he handles produce well."""" Which we already knew!  The point is, you have a lot of the signs."",,,,,,,,,,,,,,,,,,,,,,,,,,,,,,,", u2196 ,m141,,
73882, u2196 ," Where was this?,,,,,,,,,,,,,,,,,,,,,,,,,,,,,,,", u2197 ,m141,,
73883, u2197 ," Fuck the community.  There was this article my friends and I read. It was """"25 Signs He's Great in Bed"""". It was very fascinating."",,,,,,,,,,,,,,,,,,,,,,,,,,,,,,,", u2196 ,m141,,
73884, u2196 ," It's my bit for the community.,,,,,,,,,,,,,,,,,,,,,,,,,,,,,,,", u2197 ,m141,,
73885, u2197 ," Pro boner?  Pro bono, huh? For whose good, supposedly?"",,,,,,,,,,,,,,,,,,,,,,,,,,,,,,,", u2196 ,m141,,
73886, u2196 ," It's called pro bono.,,,,,,,,,,,,,,,,,,,,,,,,,,,,,,,", u2197 ,m141,,
73887, u2197 ," The school board doesn't pay you? What kind of deal is that?,,,,,,,,,,,,,,,,,,,,,,,,,,,,,,,", u2196 ,m141,,
73888, u2196 ," It's a big part of the show.,,,,,,,,,,,,,,,,,,,,,,,,,,,,,,,", u2197 ,m141,,
73889, u2197 ," Don't do that thing...  ...that shrink thing.,,,,,,,,,,,,,,,,,,,,,,,,,,,,,,,", u2196 ,m141,,
73890, u2196 ," Why do you think you tell me, Nessa?"",,,,,,,,,,,,,,,,,,,,,,,,,,,,,,,", u2197 ,m141,,
73891, u2197 ," Monthly! God, how shallow do you think Brad is? Why do I waste my time telling you this stuff?"",,,,,,,,,,,,,,,,,,,,,,,,,,,,,,,", u2196 ,m141,,
73892, u2196 ," Weekly or monthly?,,,,,,,,,,,,,,,,,,,,,,,,,,,,,,,", u2197 ,m141,,
73893, u2197 ," In maybe three or four issues.,,,,,,,,,,,,,,,,,,,,,,,,,,,,,,,", u2196 ,m141,,
73894, u2196 ," What do you mean, """"in no time""""?"",,,,,,,,,,,,,,,,,,,,,,,,,,,,,,,", u2197 ,m141,,
73895, u2197 ," ...so he already had the tattoo that said, """"Naomi Forever""""... and now they're broken up, see, and he has to have it removed. But while the scar is still healing, or whatever you call it when you have a tattoo removed, he meets Chandra. And it's serious, immediate love. So in no time, he's gone from the most gorgeous model in the world to the most gorgeous actress in North America."",,,,,,,,,,,,,,,,,,,,,,,,,,,,,,,", u2196 ,m141,,
73896, u2196 ," Yep.,,,,,,,,,,,,,,,,,,,,,,,,,,,,,,,", u2199 ,m141,,
73897, u2199 ," Hmm. I guess that doesn't help... I see where you're going here. It's a mess.,,,,,,,,,,,,,,,,,,,,,,,,,,,,,,,", u2196 ,m141,,
73898, u2196 ," What?,,,,,,,,,,,,,,,,,,,,,,,,,,,,,,,", u2199 ,m141,,
73899, u2199 ," Doc!... It's not me, is it?"",,,,,,,,,,,,,,,,,,,,,,,,,,,,,,,", u2196 ,m141,,
73900, u2196 ," Yes, yes it does..."",,,,,,,,,,,,,,,,,,,,,,,,,,,,,,,", u2199 ,m141,,
73901, u2199 ," I guess that makes sense.,,,,,,,,,,,,,,,,,,,,,,,,,,,,,,,", u2196 ,m141,,
73902, u2196 ," Skip, you know that it's improper -- completely unethical -- for a licensed psychologist to carry on a romantic relationship with one of his patients?"",,,,,,,,,,,,,,,,,,,,,,,,,,,,,,,", u2199 ,m141,,
73903, u2199 ," I'm here for you, Doc."",,,,,,,,,,,,,,,,,,,,,,,,,,,,,,,", u2196 ,m141,,
73904, u2196 ," Wow.,,,,,,,,,,,,,,,,,,,,,,,,,,,,,,,", u2199 ,m141,,
73905, u2199 ," Sorry...,,,,,,,,,,,,,,,,,,,,,,,,,,,,,,,", u2199 ,m141,,
73906, u2199 ," Oh, she doesn't know about it yet. Right now, of the two of us, I'm the only one in love. But I'm very stoked."",,,,,,,,,,,,,,,,,,,,,,,,,,,,,,,", u2196 ,m141,,
73907, u2196 ," Lily...  ...Skip, that's great! You and Lily."",,,,,,,,,,,,,,,,,,,,,,,,,,,,,,,", u2199 ,m141,,
73908, u2199 ," Lily.,,,,,,,,,,,,,,,,,,,,,,,,,,,,,,,", u2196 ,m141,,
73909, u2196 ," What'd I do?,,,,,,,,,,,,,,,,,,,,,,,,,,,,,,,", u2199 ,m141,,
73910, u2199 ," It's all your fault. In the last 48 hours, I've completely lost interest."",,,,,,,,,,,,,,,,,,,,,,,,,,,,,,,", u2196 ,m141,,
73911, u2196 ," Really?,,,,,,,,,,,,,,,,,,,,,,,,,,,,,,,", u2199 ,m141,,
73912, u2199 ," It's not going to be me. I'm giving it up.,,,,,,,,,,,,,,,,,,,,,,,,,,,,,,,", u2196 ,m141,,
73913, u2196 ," There are a lot of lonely people in the world. Somebody's gonna figure this out someday.,,,,,,,,,,,,,,,,,,,,,,,,,,,,,,,", u2199 ,m141,,
73914, u2199 ," This doesn't seem a little... perverse?,,,,,,,,,,,,,,,,,,,,,,,,,,,,,,,", u2196 ,m141,,
73915, u2196 ," Skip, you're a visionary. That can be a burden."",,,,,,,,,,,,,,,,,,,,,,,,,,,,,,,", u2199 ,m141,,
73916, u2199 ," Pretty creepy, huh? Are you totally disgusted?"",,,,,,,,,,,,,,,,,,,,,,,,,,,,,,,", u2199 ,m141,,
73917, u2199 ," You want my advice? Far out!,,,,,,,,,,,,,,,,,,,,,,,,,,,,,,,", u2196 ,m141,,
73918, u2196 ," Skip, I've got a problem and I need some advice."",,,,,,,,,,,,,,,,,,,,,,,,,,,,,,,", u2196 ,m141,,
73919, u2196 ," You're completely reliable.,,,,,,,,,,,,,,,,,,,,,,,,,,,,,,,", u2199 ,m141,,
73920, u2199 ," Doc, there's something about what you told me the other night I can't get out of my head. It's driving me batty --  Why me? How did you know you could trust me?"",,,,,,,,,,,,,,,,,,,,,,,,,,,,,,,", u2196 ,m141,,
73921, u2196 ," I'm honored.,,,,,,,,,,,,,,,,,,,,,,,,,,,,,,,", u2199 ,m141,,
73922, u2199 ," I've never brought anyone down here before.,,,,,,,,,,,,,,,,,,,,,,,,,,,,,,,", u2196 ,m141,,
73923, u2196 ," See you Thursday... regular time.,,,,,,,,,,,,,,,,,,,,,,,,,,,,,,,", u2199 ,m141,,
73924, u2199 ," Where ya going? I've got a million questions.,,,,,,,,,,,,,,,,,,,,,,,,,,,,,,,", u2196 ,m141,,
73925, u2196 ," I understand what it's like to want to leave a problem behind. That's all most people are looking to do.  Mainly, I listen."",,,,,,,,,,,,,,,,,,,,,,,,,,,,,,,", u2199 ,m141,,
73926, u2199 ," Jeez, man. But you're good at it!"",,,,,,,,,,,,,,,,,,,,,,,,,,,,,,,", u2196 ,m141,,
73927, u2196 ," English Lit.,,,,,,,,,,,,,,,,,,,,,,,,,,,,,,,", u2199 ,m141,,
73928, u2199 ," Psych major?,,,,,,,,,,,,,,,,,,,,,,,,,,,,,,,", u2196 ,m141,,
73929, u2196 ," No... no training.,,,,,,,,,,,,,,,,,,,,,,,,,,,,,,,", u2199 ,m141,,
73930, u2199 ," But you studied psychology, right? You did the training and just never got the degree?"",,,,,,,,,,,,,,,,,,,,,,,,,,,,,,,", u2196 ,m141,,
73931, u2196 ," Everything flows from that, and what doesn't... can be easily purchased."",,,,,,,,,,,,,,,,,,,,,,,,,,,,,,,", u2199 ,m141,,
73932, u2199 ," And a birth certificate is enough?,,,,,,,,,,,,,,,,,,,,,,,,,,,,,,,", u2196 ,m141,,
73933, u2196 ," Oh. You got it backwards. I already had the name when I started looking for somewhere to settle. When I saw this town on a map, I thought maybe it was a sign. See..."",,,,,,,,,,,,,,,,,,,,,,,,,,,,,,,", u2199 ,m141,,
73934, u2199 ," """"Mumford""""... I mean, why pick the name of the town you were going to?"",,,,,,,,,,,,,,,,,,,,,,,,,,,,,,,", u2196 ,m141,,
73935, u2196 ," What about it?,,,,,,,,,,,,,,,,,,,,,,,,,,,,,,,", u2196 ,m141,,
73936, u2196 ," All new people start with that...,,,,,,,,,,,,,,,,,,,,,,,,,,,,,,,", u2199 ,m141,,
73937, u2199 ," I know it starts with a birth certificate...,,,,,,,,,,,,,,,,,,,,,,,,,,,,,,,", u2196 ,m141,,
73938, u2196 ," You know how easy it is. A kid can manage it if he wants a fake I.D. You can do practically the whole deal at your local Kinko's. The only variable is how much pride you take in the product.,,,,,,,,,,,,,,,,,,,,,,,,,,,,,,,", u2199 ,m141,,
73939, u2199 ," How'd you do it?  The new you.,,,,,,,,,,,,,,,,,,,,,,,,,,,,,,,", u2196 ,m141,,
73940, u2196 ," Who'd you go with?  That's not good.,,,,,,,,,,,,,,,,,,,,,,,,,,,,,,,", u2199 ,m141,,
73941, u2199 ," I wish I could live in the shower. I'd take five a day if I had the time. I went to this spa in Germany, a sanitarium practically, up on this mountain. And the great thing -- they just kept you wet all day."",,,,,,,,,,,,,,,,,,,,,,,,,,,,,,,", u2196 ,m141,,
73942, u2196 ," That'd be Lily.,,,,,,,,,,,,,,,,,,,,,,,,,,,,,,,", u2199 ,m141,,
73943, u2199 ," Somebody's taking a shower down there.,,,,,,,,,,,,,,,,,,,,,,,,,,,,,,,", u2196 ,m141,,
73944, u2196 ," Harder than I thought. Took me three tries. But I was highly motivated -- figured there was no point in leaving me and taking that along. After two bomb-outs, I found a place in the desert..."",,,,,,,,,,,,,,,,,,,,,,,,,,,,,,,", u2199 ,m141,,
73945, u2199 ," And the drugs?,,,,,,,,,,,,,,,,,,,,,,,,,,,,,,,", u2199 ,m141,,
73946, u2199 ," You and Candy...?,,,,,,,,,,,,,,,,,,,,,,,,,,,,,,,", u2196 ,m141,,
73947, u2196 ," Things got a lot worse.,,,,,,,,,,,,,,,,,,,,,,,,,,,,,,,", u2199 ,m141,,
73948, u2199 ," At least you pulled yourself out...,,,,,,,,,,,,,,,,,,,,,,,,,,,,,,,", u2199 ,m141,,
73949, u2199 ," Hey, you've done good. Look at yourself... you've cleaned up, you've got a career --"",,,,,,,,,,,,,,,,,,,,,,,,,,,,,,,", u2196 ,m141,,
73950, u2196 ," But look at me now...,,,,,,,,,,,,,,,,,,,,,,,,,,,,,,,", u2199 ,m141,,
73951, u2199 ," You were messed up, man."",,,,,,,,,,,,,,,,,,,,,,,,,,,,,,,", u2196 ,m141,,
73952, u2196 ," """"Get to know your therapist."""""",,,,,,,,,,,,,,,,,,,,,,,,,,,,,,,", u2199 ,m141,,
73953, u2199 ," Holy shit!,,,,,,,,,,,,,,,,,,,,,,,,,,,,,,,", u2196 ,m141,,
73954, u2196 ," Of course, him being insane didn't make it all right that I fell in love with his wife."",,,,,,,,,,,,,,,,,,,,,,,,,,,,,,,", u2196 ,m141,,
73955, u2196 ," Didn't need one. We didn't even need a warrant for most of the shit we did. Man, the IRS... we could go in your bank account, your credit cards... hell, we used to go into doctors' files and get all the juicy details. Nobody wants to argue with the IRS."",,,,,,,,,,,,,,,,,,,,,,,,,,,,,,,", u2199 ,m141,,
73956, u2199 ," Did you carry a gun?,,,,,,,,,,,,,,,,,,,,,,,,,,,,,,,", u2196 ,m141,,
73957, u2196 ," It wasn't the best situation.,,,,,,,,,,,,,,,,,,,,,,,,,,,,,,,", u2199 ,m141,,
73958, u2199 ," An IRS investigator with a drug problem?,,,,,,,,,,,,,,,,,,,,,,,,,,,,,,,", u2196 ,m141,,
73959, u2196 ," What it felt like was... a series of separate, unconnected lives -- hillbilly kid, wrecked college boy, garbage man, civil service guy...  ...et cetera... et cetera. Every time I'd leave a life, it felt good. Whatever problems I was having were suddenly gone. I had no friends and I didn't talk to my family. The only constant, stabilizing force in my life was... drugs."",,,,,,,,,,,,,,,,,,,,,,,,,,,,,,,", u2199 ,m141,,
73960, u2199 ," Sounds like you have several.,,,,,,,,,,,,,,,,,,,,,,,,,,,,,,,", u2196 ,m141,,
73961, u2196 ," Everybody has a story, Skip."",,,,,,,,,,,,,,,,,,,,,,,,,,,,,,,", u2199 ,m141,,
73962, u2199 ," -- an investigator for the Internal Revenue Service?,,,,,,,,,,,,,,,,,,,,,,,,,,,,,,,", u2199 ,m141,,
73963, u2199 ," Are you telling me your last job before becoming a psychologist was --,,,,,,,,,,,,,,,,,,,,,,,,,,,,,,,", u2196 ,m141,,
73964, u2196 ," But there was one job that looked like it might be fun -- Investigator.,,,,,,,,,,,,,,,,,,,,,,,,,,,,,,,", u2199 ,m141,,
73965, u2199 ," What about everything? How did this happen?,,,,,,,,,,,,,,,,,,,,,,,,,,,,,,,", u2196 ,m141,,
73966, u2196 ," I can tell you anything else.,,,,,,,,,,,,,,,,,,,,,,,,,,,,,,,", u2199 ,m141,,
73967, u2199 ," I've told you a lot of private stuff.,,,,,,,,,,,,,,,,,,,,,,,,,,,,,,,", u2199 ,m141,,
73968, u2199 ," It matters to me.,,,,,,,,,,,,,,,,,,,,,,,,,,,,,,,", u2196 ,m141,,
73969, u2196 ," Doesn't matter. You can call me Doc.,,,,,,,,,,,,,,,,,,,,,,,,,,,,,,,", u2199 ,m141,,
73970, u2199 ," Damn! What is your name?,,,,,,,,,,,,,,,,,,,,,,,,,,,,,,,", u2199 ,m141,,
73971, u2199 ," It's time you did some talkin', Dr. Mum -- Wait a minute. That is your name, isn't it?"",,,,,,,,,,,,,,,,,,,,,,,,,,,,,,,", u2196 ,m141,,
73972, u2196 ," Just you.,,,,,,,,,,,,,,,,,,,,,,,,,,,,,,,", u2199 ,m141,,
73973, u2199 ," Who else knows?,,,,,,,,,,,,,,,,,,,,,,,,,,,,,,,", u2196 ,m141,,
73974, u2196 ," Oh, it's okay. It's just not something to be ashamed of. Maybe you don't want people knowing -- and believe me, it's safe with me -- but on the scale of dirty little secrets, I'd give it, say... a two."",,,,,,,,,,,,,,,,,,,,,,,,,,,,,,,", u2199 ,m141,,
73975, u2199 ," It's not?,,,,,,,,,,,,,,,,,,,,,,,,,,,,,,,", u2196 ,m141,,
73976, u2196 ," Skip, that's not much of a secret."",,,,,,,,,,,,,,,,,,,,,,,,,,,,,,,", u2196 ,m141,,
73977, u2196 ," Definitely.,,,,,,,,,,,,,,,,,,,,,,,,,,,,,,,", u2199 ,m141,,
73978, u2199 ," Really?,,,,,,,,,,,,,,,,,,,,,,,,,,,,,,,", u2196 ,m141,,
73979, u2196 ," Sounds like kind of a good idea.,,,,,,,,,,,,,,,,,,,,,,,,,,,,,,,", u2199 ,m141,,
73980, u2199 ," No, Doc, a private secret! It's perverted, it's pitiful. What am I -- Dr. Frankenstein? Aren't you repulsed?"",,,,,,,,,,,,,,,,,,,,,,,,,,,,,,,", u2196 ,m141,,
73981, u2196 ," And that's your secret?  You meant -- like a trade secret?,,,,,,,,,,,,,,,,,,,,,,,,,,,,,,,", u2199 ,m141,,
73982, u2199 ," You don't think I'm insane?,,,,,,,,,,,,,,,,,,,,,,,,,,,,,,,", u2196 ,m141,,
73983, u2196 ," How's it coming?,,,,,,,,,,,,,,,,,,,,,,,,,,,,,,,", u2199 ,m141,,
73984, u2199 ," No, Doc, not a doll. I am Panda. I'm talking about much, much more than a doll. The world has never seen what I'm talking about... except maybe in the movies."",,,,,,,,,,,,,,,,,,,,,,,,,,,,,,,", u2196 ,m141,,
73985, u2196 ," A doll?,,,,,,,,,,,,,,,,,,,,,,,,,,,,,,,", u2199 ,m141,,
73986, u2199 ," Sexual surrogate... slash... companion.,,,,,,,,,,,,,,,,,,,,,,,,,,,,,,,", u2196 ,m141,,
73987, u2196 ," Slash what?,,,,,,,,,,,,,,,,,,,,,,,,,,,,,,,", u2199 ,m141,,
73988, u2199 ," No!... Although that's a good guess. No, what I've been working on, what the world really needs and no one has been able to create --  -- a virtually life-like, humanoid, gender-specific, anatomically functional... sexual surrogate slash companion."",,,,,,,,,,,,,,,,,,,,,,,,,,,,,,,", u2196 ,m141,,
73989, u2196 ," Jerking off?,,,,,,,,,,,,,,,,,,,,,,,,,,,,,,,", u2199 ,m141,,
73990, u2199 ," Guess.  Go ahead, guess!"",,,,,,,,,,,,,,,,,,,,,,,,,,,,,,,", u2199 ,m141,,
73991, u2199 ," It's true, believe me. So... do you know what I've been doing, all alone, in my workshop, for almost two years?... Mr. Find-the-Need-and-Fill- It. How I spend my every solitary hour?"",,,,,,,,,,,,,,,,,,,,,,,,,,,,,,,", u2196 ,m141,,
73992, u2196 ," Okay... let's say that, for now."",,,,,,,,,,,,,,,,,,,,,,,,,,,,,,,", u2199 ,m141,,
73993, u2199 ," That's right. And you also know that even though I make 23% of the modems in the world... I cannot make one simple connection with any woman who could truly love me.,,,,,,,,,,,,,,,,,,,,,,,,,,,,,,,", u2196 ,m141,,
73994, u2196 ," You are Panda, monarch of modems."",,,,,,,,,,,,,,,,,,,,,,,,,,,,,,,", u2199 ,m141,,
73995, u2199 ," All right, I'm just gonna tell you, as simple and direct as I can.  And you understand that this is a big secret? Just between us?  Okay. You know I've got this gift for certain kinds of... machines."",,,,,,,,,,,,,,,,,,,,,,,,,,,,,,,", u2199 ,m141,,
73996, u2199 ," Doc, I trust you! You've listened to me better than anybody... maybe ever.  And this secret I've got, I can't stand it anymore. I don't know if I'm some kind of --"",,,,,,,,,,,,,,,,,,,,,,,,,,,,,,,", u2196 ,m141,,
73997, u2196 ," -- Skip. Knowing what you do about me --,,,,,,,,,,,,,,,,,,,,,,,,,,,,,,,", u2199 ,m141,,
73998, u2199 ," Yeah, well... what I was gonna tell you --"",,,,,,,,,,,,,,,,,,,,,,,,,,,,,,,", u2199 ,m141,,
73999, u2199 ," I trust you. Definitely. No question. But, yeah, I'm a little concerned. I mean, you're not supposed to tell anyone about your patients' problems... are you?"",,,,,,,,,,,,,,,,,,,,,,,,,,,,,,,", u2196 ,m141,,
74000, u2196 ," You're concerned that maybe I can't be trusted with a secret.,,,,,,,,,,,,,,,,,,,,,,,,,,,,,,,", u2199 ,m141,,
74001, u2199 ," Hey, maybe that's all right! I don't know all that much about psychology or therapy or... ethics, so maybe there's something I missed... or something..."",,,,,,,,,,,,,,,,,,,,,,,,,,,,,,,", u2196 ,m141,,
74002, u2196 ," It's just a thought.,,,,,,,,,,,,,,,,,,,,,,,,,,,,,,,", u2199 ,m141,,
74003, u2199 ," You're a shrink, Doc. Aren't I supposed to be able to tell you everything?"",,,,,,,,,,,,,,,,,,,,,,,,,,,,,,,", u2196 ,m141,,
74004, u2196 ," Sometimes it's best to keep a few things just for ourselves.,,,,,,,,,,,,,,,,,,,,,,,,,,,,,,,", u2199 ,m141,,
74005, u2199 ," I want to tell you something, Doc, but before I do, I need to ask you a question... Because, for me to tell you this thing -- well, I haven't told anybody about this. It's the biggest secret I've got."",,,,,,,,,,,,,,,,,,,,,,,,,,,,,,,", u2196 ,m141,,
74006, u2196 ," Yep.,,,,,,,,,,,,,,,,,,,,,,,,,,,,,,,", u2199 ,m141,,
74007, u2199 ," How many sessions have we had now, Doc?  Six. And it's been good... like we were two buddies hanging out. Just shootin' the shit."",,,,,,,,,,,,,,,,,,,,,,,,,,,,,,,", u2196 ,m141,,
74008, u2196 ," That's all right. What's on your mind?,,,,,,,,,,,,,,,,,,,,,,,,,,,,,,,", u2199 ,m141,,
74009, u2199 ," Doc. I know we're not supposed to get together till Wednesday...,,,,,,,,,,,,,,,,,,,,,,,,,,,,,,,", u2196 ,m141,,
74010, u2196 ," Hey, Skip."",,,,,,,,,,,,,,,,,,,,,,,,,,,,,,,", u2199 ,m141,,
74011, u2199 ," I wondered what happened to her...,,,,,,,,,,,,,,,,,,,,,,,,,,,,,,,", u2196 ,m141,,
74012, u2196 ," Problem is, his fantasy life's a lot better than his real one. Nothing can live up to it. His wife got sick of it and left him. Took his kids with her."",,,,,,,,,,,,,,,,,,,,,,,,,,,,,,,", u2199 ,m141,,
74013, u2199 ," Uh-huh.,,,,,,,,,,,,,,,,,,,,,,,,,,,,,,,", u2196 ,m141,,
74014, u2196 ," Pretty good, too. Lots of detail. Nothing hard core. Old-fashioned ones, from back when people cared about atmosphere and character."",,,,,,,,,,,,,,,,,,,,,,,,,,,,,,,", u2196 ,m141,,
74015, u2196 ," Yeah.  Guy's got some serious sex fantasies.,,,,,,,,,,,,,,,,,,,,,,,,,,,,,,,", u2199 ,m141,,
74016, u2199 ," So I guess Henry Follett is a patient of yours. He's my pharmacist.,,,,,,,,,,,,,,,,,,,,,,,,,,,,,,,", u2196 ,m141,,
74017, u2196 ," This --,,,,,,,,,,,,,,,,,,,,,,,,,,,,,,,", u2199 ,m141,,
74018, u2199 ," What?,,,,,,,,,,,,,,,,,,,,,,,,,,,,,,,", u2196 ,m141,,
74019, u2196 ," What kind of person do you have to be to do this?,,,,,,,,,,,,,,,,,,,,,,,,,,,,,,,", u2199 ,m141,,
74020, u2199 ," Unbelievable...  ...And Lily named her dog after him? Far out.,,,,,,,,,,,,,,,,,,,,,,,,,,,,,,,", u2196 ,m141,,
74021, u2196 ," Amazing.,,,,,,,,,,,,,,,,,,,,,,,,,,,,,,,", u2199 ,m141,,
74022, u2199 ," Did you know that Danny Ainge was drafted by the Blue Jays? Do you know what kind of athlete you have to be to play in the NBA and in the bigs?,,,,,,,,,,,,,,,,,,,,,,,,,,,,,,,", u2196 ,m141,,
74023, u2196 ," Well, there's Lily."",,,,,,,,,,,,,,,,,,,,,,,,,,,,,,,", u2199 ,m141,,
74024, u2199 ," Really? I'm the only person I know that likes Danny Ainge, outside of Celtic fans. Maybe Phoenix."",,,,,,,,,,,,,,,,,,,,,,,,,,,,,,,", u2196 ,m141,,
74025, u2196 ," Lives downstairs from me. She's got a great dog named for Danny Ainge.,,,,,,,,,,,,,,,,,,,,,,,,,,,,,,,", u2199 ,m141,,
74026, u2199 ," Good-looking woman.,,,,,,,,,,,,,,,,,,,,,,,,,,,,,,,", u2196 ,m141,,
74027, u2196 ," She's probably ten years older than you.,,,,,,,,,,,,,,,,,,,,,,,,,,,,,,,", u2199 ,m141,,
74028, u2199 ," No... I've seen her. Good-looking woman.,,,,,,,,,,,,,,,,,,,,,,,,,,,,,,,", u2196 ,m141,,
74029, u2196 ," Lily and I talk a bit. You know Lily, runs the coffee shop?"",,,,,,,,,,,,,,,,,,,,,,,,,,,,,,,", u2199 ,m141,,
74030, u2199 ," Okay then.  Have you got a lot of friends?,,,,,,,,,,,,,,,,,,,,,,,,,,,,,,,", u2196 ,m141,,
74031, u2196 ," Hell yes, I like it. What's better than this? Most guys would kill just to have someone do this with them whenever they like."",,,,,,,,,,,,,,,,,,,,,,,,,,,,,,,", u2199 ,m141,,
74032, u2199 ," Don't you like this?,,,,,,,,,,,,,,,,,,,,,,,,,,,,,,,", u2196 ,m141,,
74033, u2196 ," So, would you say we're out here... let me think how to put this... Is your problem really that you're... lonely?"",,,,,,,,,,,,,,,,,,,,,,,,,,,,,,,", u2199 ,m141,,
74034, u2199 ," Well, you know... that's the thing. Like I said, just about everybody in town works for me. And it's just not the same asking someone to throw a ball when they work for you. It's like an order or something... And no one -- no one -- asks me."",,,,,,,,,,,,,,,,,,,,,,,,,,,,,,,", u2196 ,m141,,
74035, u2196 ," Skip, you're the head of the whole deal here. Are they busier than you?"",,,,,,,,,,,,,,,,,,,,,,,,,,,,,,,", u2199 ,m141,,
74036, u2199 ," You'd be surprised. Most guys have kids or wives or girlfriends. They're busy. It's not as easy as you think.,,,,,,,,,,,,,,,,,,,,,,,,,,,,,,,", u2196 ,m141,,
74037, u2196 ," Skip, you must have lots of people you can throw a ball with."",,,,,,,,,,,,,,,,,,,,,,,,,,,,,,,", u2199 ,m141,,
74038, u2199 ," This is exactly what I wanted.,,,,,,,,,,,,,,,,,,,,,,,,,,,,,,,", u2199 ,m141,,
74039, u2199 ," This is great!,,,,,,,,,,,,,,,,,,,,,,,,,,,,,,,", u2199 ,m141,,
74040, u2199 ," No, no... I have three billion dollars."",,,,,,,,,,,,,,,,,,,,,,,,,,,,,,,", u2196 ,m141,,
74041, u2196 ," I'm impressed. I couldn't make three million dollars if I lived three lifetimes.,,,,,,,,,,,,,,,,,,,,,,,,,,,,,,,", u2199 ,m141,,
74042, u2199 ," I've got three big ones.,,,,,,,,,,,,,,,,,,,,,,,,,,,,,,,", u2196 ,m141,,
74043, u2196 ," Don't tell me, 'cause I'm not going to tell you what I've got."",,,,,,,,,,,,,,,,,,,,,,,,,,,,,,,", u2199 ,m141,,
74044, u2199 ," I have a lot of money. Do you know how much money I've got?,,,,,,,,,,,,,,,,,,,,,,,,,,,,,,,", u2196 ,m141,,
74045, u2196 ," I understand.,,,,,,,,,,,,,,,,,,,,,,,,,,,,,,,", u2199 ,m141,,
74046, u2199 ," I hope you don't think I want you to do this for free. Just because we're gonna play it like we're friends, doesn't mean I won't pay you like a doctor."",,,,,,,,,,,,,,,,,,,,,,,,,,,,,,,", u2199 ,m141,,
74047, u2199 ," You moved here from back East and your name is the same as this town. Is that right?  Far out.,,,,,,,,,,,,,,,,,,,,,,,,,,,,,,,", u2196 ,m141,,
74048, u2196 ," Is that the question?,,,,,,,,,,,,,,,,,,,,,,,,,,,,,,,", u2199 ,m141,,
74049, u2199 ," I gotta pee.  Can I ask you something? This town is called Mumford... Been that way since... 18... 18-0... 18-0...  ...thirteen! Right?  Now here's the question -- Your name is Mumford, too."",,,,,,,,,,,,,,,,,,,,,,,,,,,,,,,", u2196 ,m141,,
74050, u2196 ," Have you thought about getting a wife?,,,,,,,,,,,,,,,,,,,,,,,,,,,,,,,", u2199 ,m141,,
74051, u2199 ," Of course! That's exactly what I want.,,,,,,,,,,,,,,,,,,,,,,,,,,,,,,,", u2196 ,m141,,
74052, u2196 ," Can I ask you a personal question?,,,,,,,,,,,,,,,,,,,,,,,,,,,,,,,", u2199 ,m141,,
74053, u2199 ," Far out. Single malt?  Can I pick it?,,,,,,,,,,,,,,,,,,,,,,,,,,,,,,,", u2196 ,m141,,
74054, u2196 ," Nah... scotch.,,,,,,,,,,,,,,,,,,,,,,,,,,,,,,,", u2199 ,m141,,
74055, u2199 ," Would you like another beer?,,,,,,,,,,,,,,,,,,,,,,,,,,,,,,,", u2199 ,m141,,
74056, u2199 ," Panda? I've always liked giant pandas... I've been to China and seen them in the wild. That's the kind of thing I can do if I want... now. I can do pretty much anything I want to do these days.,,,,,,,,,,,,,,,,,,,,,,,,,,,,,,,", u2196 ,m141,,
74057, u2196 ," No kidding... Panda. Where'd that come from?,,,,,,,,,,,,,,,,,,,,,,,,,,,,,,,", u2199 ,m141,,
74058, u2199 ," ...""""Find the need and fill it"""" my dad used to say -- I guess a lot of dads say that -- but I did and it just took off."",,,,,,,,,,,,,,,,,,,,,,,,,,,,,,,", u2199 ,m141,,
74059, u2199 ," Fine. Okay. Pretty good. I've been hoping we'd meet. I've heard a lot about you.,,,,,,,,,,,,,,,,,,,,,,,,,,,,,,,", u2196 ,m141,,
74060, u2196 ," How are you?,,,,,,,,,,,,,,,,,,,,,,,,,,,,,,,", u2199 ,m141,,
74061, u2199 ," You're Doc Mumford.  Skip Skipperton.,,,,,,,,,,,,,,,,,,,,,,,,,,,,,,,", u2196 ,m141,,
74062, u2196 ," I don't have one really. Most of the time I'm faking it. See, I think there's not much that can be done about most problems... they're too complicated, too deep-rooted by the time I hear about them. The most I can do, usually, is look and listen real closely, try to catch some glimpse of the secret life everybody's got. If I can get a sense of that, well then, maybe... just maybe, I can help them out a little."",,,,,,,,,,,,,,,,,,,,,,,,,,,,,,,", u2198 ,m141,,
74063, u2198 ," Yes... your particular approach.,,,,,,,,,,,,,,,,,,,,,,,,,,,,,,,", u2196 ,m141,,
74064, u2196 ," I don't even know why hang-gliding is considered a legitimate sport.,,,,,,,,,,,,,,,,,,,,,,,,,,,,,,,", u2198 ,m141,,
74065, u2198 ," That was a terrible thing.,,,,,,,,,,,,,,,,,,,,,,,,,,,,,,,", u2196 ,m141,,
74066, u2196 ," Wallace Franklin... from Greensburg.,,,,,,,,,,,,,,,,,,,,,,,,,,,,,,,", u2198 ,m141,,
74067, u2198 ," Which examiner did you have? I probably know him.,,,,,,,,,,,,,,,,,,,,,,,,,,,,,,,", u2196 ,m141,,
74068, u2196 ," Oh, yeah, very tough. But I guess that's good... to keep out the quacks."",,,,,,,,,,,,,,,,,,,,,,,,,,,,,,,", u2198 ,m141,,
74069, u2198 ," I trained in the east, myself -- Cornell -- and I don't care what anyone says, there really are regional differences. I found the state certification exams out here quite harrowing... Did you?"",,,,,,,,,,,,,,,,,,,,,,,,,,,,,,,", u2196 ,m141,,
74070, u2196 ," Lots of institutions. My graduate advisor believed we should experience as many environments as possible -- prisons, clinics, half-way houses. For a while I was chief therapist in a shopping mall. Had a little spot next to the yogurt place."",,,,,,,,,,,,,,,,,,,,,,,,,,,,,,,", u2198 ,m141,,
74071, u2198 ," I suppose your extended training was at an institution in that area?,,,,,,,,,,,,,,,,,,,,,,,,,,,,,,,", u2196 ,m141,,
74072, u2196 ," It's possible. I don't know about that.,,,,,,,,,,,,,,,,,,,,,,,,,,,,,,,", u2196 ,m141,,
74073, u2196 ," Why don't I call you when I've got my calendar in front of me?,,,,,,,,,,,,,,,,,,,,,,,,,,,,,,,", u2198 ,m141,,
74074, u2198 ," When?,,,,,,,,,,,,,,,,,,,,,,,,,,,,,,,", u2196 ,m141,,
74075, u2196 ," Forgive me, please. What a gracious thought. We must do that."",,,,,,,,,,,,,,,,,,,,,,,,,,,,,,,", u2198 ,m141,,
