,User_id,text,sec_user,movies_name,relationship,attachment
74076, u2209 ," Well, okay then."",,,,,,,,,,,,,,,,,,,,,,,,,,,,,,,", u2201 ,m142,,
74077, u2201 ," They are evil, cursed, they matter not."",,,,,,,,,,,,,,,,,,,,,,,,,,,,,,,", u2209 ,m142,,
74078, u2209 ," I never killed a priest before.,,,,,,,,,,,,,,,,,,,,,,,,,,,,,,,", u2201 ,m142,,
74079, u2201 ," Priests. Imhotep's priests.,,,,,,,,,,,,,,,,,,,,,,,,,,,,,,,", u2209 ,m142,,
74080, u2209 ," Who the hell are these guys?,,,,,,,,,,,,,,,,,,,,,,,,,,,,,,,", u2201 ,m142,,
74081, u2201 ," Yes. To Hamunaptra. To perform the ritual.,,,,,,,,,,,,,,,,,,,,,,,,,,,,,,,", u2209 ,m142,,
74082, u2209 ," You know where he's taking her?,,,,,,,,,,,,,,,,,,,,,,,,,,,,,,,", u2209 ,m142,,
74083, u2209 ," Are we talkin, about the same creature? The walking corpse? Really big mouth? Really bad breath?"",,,,,,,,,,,,,,,,,,,,,,,,,,,,,,,", u2201 ,m142,,
74084, u2201 ," No mortal weapons can kill this creature. He is not of this world.,,,,,,,,,,,,,,,,,,,,,,,,,,,,,,,", u2209 ,m142,,
74085, u2209 ," Relax, I got him."",,,,,,,,,,,,,,,,,,,,,,,,,,,,,,,", u2201 ,m142,,
74086, u2201 ," I told you to leave or die, you refused, and now you may have killed us all. For you have unleashed the creature that we have feared for more than four thousand years."",,,,,,,,,,,,,,,,,,,,,,,,,,,,,,,", u2208 ,m142,,
74087, u2208 ," Did you say 'kill' my sister?,,,,,,,,,,,,,,,,,,,,,,,,,,,,,,,", u2201 ,m142,,
74088, u2201 ," If he arrives before us, it will be too late."",,,,,,,,,,,,,,,,,,,,,,,,,,,,,,,", u2208 ,m142,,
74089, u2208 ," Excuse me?,,,,,,,,,,,,,,,,,,,,,,,,,,,,,,,", u2201 ,m142,,
74090, u2201 ," And then killing your sister.,,,,,,,,,,,,,,,,,,,,,,,,,,,,,,,", u2208 ,m142,,
74091, u2208 ," Oh yes, of course."",,,,,,,,,,,,,,,,,,,,,,,,,,,,,,,", u2201 ,m142,,
74092, u2201 ," By reading the Book Of The Dead.,,,,,,,,,,,,,,,,,,,,,,,,,,,,,,,", u2208 ,m142,,
74093, u2208 ," And how does one do that?,,,,,,,,,,,,,,,,,,,,,,,,,,,,,,,", u2201 ,m142,,
74094, u2201 ," The ritual to bring the body of Anck- su-namun back to life.,,,,,,,,,,,,,,,,,,,,,,,,,,,,,,,", u2208 ,m142,,
74095, u2208 ," And what ritual would that be?,,,,,,,,,,,,,,,,,,,,,,,,,,,,,,,", u2208 ,m142,,
74096, u2208 ," You're not going to kill us?,,,,,,,,,,,,,,,,,,,,,,,,,,,,,,,", u2201 ,m142,,
74097, u2201 ," We saved him! Saved him before the creature could finish his work. Now leave, all of you, quickly, before he finishes you all."",,,,,,,,,,,,,,,,,,,,,,,,,,,,,,,", u2202 ,m142,,
74098, u2202 ," Something about bringing his dead girly-friend back to life. He needs the book...  And your sister.,,,,,,,,,,,,,,,,,,,,,,,,,,,,,,,", u2209 ,m142,,
74099, u2209 ," What does he want the book for?,,,,,,,,,,,,,,,,,,,,,,,,,,,,,,,", u2202 ,m142,,
74100, u2202 ," The book! The black book they found at Hamunaptra! Imhotep wants it back. Said to me it would be worth it's weight in diamonds.,,,,,,,,,,,,,,,,,,,,,,,,,,,,,,,", u2209 ,m142,,
74101, u2209 ," What are you looking for? Lie, and I'll slit your throat."",,,,,,,,,,,,,,,,,,,,,,,,,,,,,,,", u2202 ,m142,,
74102, u2202 ," You shall see.,,,,,,,,,,,,,,,,,,,,,,,,,,,,,,,", u2209 ,m142,,
74103, u2209 ," Immune from what?,,,,,,,,,,,,,,,,,,,,,,,,,,,,,,,", u2202 ,m142,,
74104, u2202 ," It is better to be the right hand of the Devil,... than in his path. As long as I serve him, I am immune."",,,,,,,,,,,,,,,,,,,,,,,,,,,,,,,", u2209 ,m142,,
74105, u2209 ," Then you got no excuse for living. What the hell you doin, being buddies with this creep, Beni? What's in it for you?"",,,,,,,,,,,,,,,,,,,,,,,,,,,,,,,", u2202 ,m142,,
74106, u2202 ," What friend? You're my only friend.,,,,,,,,,,,,,,,,,,,,,,,,,,,,,,,", u2209 ,m142,,
74107, u2209 ," Where's your new friend?,,,,,,,,,,,,,,,,,,,,,,,,,,,,,,,", u2202 ,m142,,
74108, u2202 ," Do you know where I can steal some?,,,,,,,,,,,,,,,,,,,,,,,,,,,,,,,", u2209 ,m142,,
74109, u2209 ," Don't gimme that, you never had any scruples."",,,,,,,,,,,,,,,,,,,,,,,,,,,,,,,", u2202 ,m142,,
74110, u2202 ," He has come to help Mister Burns. Somehow I feel responsible.,,,,,,,,,,,,,,,,,,,,,,,,,,,,,,,", u2209 ,m142,,
74111, u2209 ," Yeah, well, we all got our little problems today don't we?"",,,,,,,,,,,,,,,,,,,,,,,,,,,,,,,", u2202 ,m142,,
74112, u2202 ," The Prince does not like to be touched by other humans. A Silly eastern superstition, I'm afraid."",,,,,,,,,,,,,,,,,,,,,,,,,,,,,,,", u2209 ,m142,,
74113, u2209 ," Oh, hey, how ya doin'?"",,,,,,,,,,,,,,,,,,,,,,,,,,,,,,,", u2202 ,m142,,
74114, u2202 ," This is Prince Imhotep, High Priest of Osiris."",,,,,,,,,,,,,,,,,,,,,,,,,,,,,,,", u2209 ,m142,,
74115, u2209 ," Oh yeah,... sorry bout that.  So who's this guy?"",,,,,,,,,,,,,,,,,,,,,,,,,,,,,,,", u2202 ,m142,,
74116, u2202 ," You left me! You left me in the desert to rot.,,,,,,,,,,,,,,,,,,,,,,,,,,,,,,,", u2209 ,m142,,
74117, u2209 ," Beni ya little stinkweed, where did you slink off to?"",,,,,,,,,,,,,,,,,,,,,,,,,,,,,,,", u2209 ,m142,,
74118, u2209 ," 'Cause I look good doin, it."",,,,,,,,,,,,,,,,,,,,,,,,,,,,,,,", u2202 ,m142,,
74119, u2202 ," Why do you like to fight so much?,,,,,,,,,,,,,,,,,,,,,,,,,,,,,,,", u2209 ,m142,,
74120, u2209 ," C'mon, friend."",,,,,,,,,,,,,,,,,,,,,,,,,,,,,,,", u2202 ,m142,,
74121, u2202 ," Just looking for you, O'Connell! I wanted to be with my friend!"",,,,,,,,,,,,,,,,,,,,,,,,,,,,,,,", u2209 ,m142,,
74122, u2209 ," Goin' somewhere?,,,,,,,,,,,,,,,,,,,,,,,,,,,,,,,", u2209 ,m142,,
74123, u2209 ," I've had worse.,,,,,,,,,,,,,,,,,,,,,,,,,,,,,,,", u2202 ,m142,,
74124, u2202 ," Ten to one, O'Connell, your odds are no-so-good."",,,,,,,,,,,,,,,,,,,,,,,,,,,,,,,", u2209 ,m142,,
74125, u2209 ," Hey Beni! Looks to me like your on the wrong side of the river!,,,,,,,,,,,,,,,,,,,,,,,,,,,,,,,", u2202 ,m142,,
74126, u2202 ," Hey O'Connell! Looks to me like I got all the horses!,,,,,,,,,,,,,,,,,,,,,,,,,,,,,,,", u2209 ,m142,,
74127, u2209 ," Sounds familiar.,,,,,,,,,,,,,,,,,,,,,,,,,,,,,,,", u2202 ,m142,,
74128, u2202 ," O'Connell! I am going to kill you for this!,,,,,,,,,,,,,,,,,,,,,,,,,,,,,,,", u2202 ,m142,,
74129, u2202 ," Even?,,,,,,,,,,,,,,,,,,,,,,,,,,,,,,,", u2209 ,m142,,
74130, u2209 ," Let's make us even, shall we?"",,,,,,,,,,,,,,,,,,,,,,,,,,,,,,,", u2202 ,m142,,
74131, u2202 ," You always did have more balls than brains.,,,,,,,,,,,,,,,,,,,,,,,,,,,,,,,", u2209 ,m142,,
74132, u2209 ," The girl saved my life, figured it was the least I could do, keep her out of trouble."",,,,,,,,,,,,,,,,,,,,,,,,,,,,,,,", u2202 ,m142,,
74133, u2202 ," Unfortunately no, these Americans are smart, they pay me only half now, half when I get them back to Cairo, so I must go all the way."",,,,,,,,,,,,,,,,,,,,,,,,,,,,,,,", u2209 ,m142,,
74134, u2209 ," So you're the one leading the Americans, I shoulda figured. So what's the scam? You get 'em out in the middle of the desert then leave 'em to rot?"",,,,,,,,,,,,,,,,,,,,,,,,,,,,,,,", u2202 ,m142,,
74135, u2202 ," You never were any good with the ladies, O'Connell."",,,,,,,,,,,,,,,,,,,,,,,,,,,,,,,", u2209 ,m142,,
74136, u2209 ," Why if it ain't my little buddy, Beni. I oughta kill you."",,,,,,,,,,,,,,,,,,,,,,,,,,,,,,,", u2202 ,m142,,
74137, u2202 ," My very good friend! What a surprise.,,,,,,,,,,,,,,,,,,,,,,,,,,,,,,,", u2202 ,m142,,
74138, u2202 ," Then what the hell are you doing here!?,,,,,,,,,,,,,,,,,,,,,,,,,,,,,,,", u2209 ,m142,,
74139, u2209 ," None of the above, thank you."",,,,,,,,,,,,,,,,,,,,,,,,,,,,,,,", u2202 ,m142,,
74140, u2202 ," What then? Robbery? Extortion? Kidnapping!,,,,,,,,,,,,,,,,,,,,,,,,,,,,,,,", u2202 ,m142,,
74141, u2202 ," Exactly! I speak seven languages, including Hebrew, so my specialty was synagogues. How about you? Kill somebody?"",,,,,,,,,,,,,,,,,,,,,,,,,,,,,,,", u2209 ,m142,,
74142, u2209 ," Altar boys?,,,,,,,,,,,,,,,,,,,,,,,,,,,,,,,", u2202 ,m142,,
74143, u2202 ," I got caught robbing a synagogue. Lots of good stuff in them holy places; churches, temples, mosques, and who's guarding them?"",,,,,,,,,,,,,,,,,,,,,,,,,,,,,,,", u2209 ,m142,,
74144, u2209 ," How'd a guy like you end up in the Legion anyways?,,,,,,,,,,,,,,,,,,,,,,,,,,,,,,,", u2202 ,m142,,
74145, u2202 ," In the desert? What for?,,,,,,,,,,,,,,,,,,,,,,,,,,,,,,,", u2209 ,m142,,
74146, u2209 ," Now go find me a big stick.,,,,,,,,,,,,,,,,,,,,,,,,,,,,,,,", u2209 ,m142,,
74147, u2209 ," Shut-up and gimme your bandolier.,,,,,,,,,,,,,,,,,,,,,,,,,,,,,,,", u2202 ,m142,,
74148, u2202 ," Personally, I would like to surrender. Why can we not just surrender?"",,,,,,,,,,,,,,,,,,,,,,,,,,,,,,,", u2202 ,m142,,
74149, u2202 ," Yeah! Them.,,,,,,,,,,,,,,,,,,,,,,,,,,,,,,,", u2205 ,m142,,
74150, u2205 ," Intestines.,,,,,,,,,,,,,,,,,,,,,,,,,,,,,,,", u2202 ,m142,,
74151, u2202 ," ...and how do you say? Those slimy things, in your stomach?"",,,,,,,,,,,,,,,,,,,,,,,,,,,,,,,", u2205 ,m142,,
74152, u2205 ," Oh yes, always."",,,,,,,,,,,,,,,,,,,,,,,,,,,,,,,", u2202 ,m142,,
74153, u2202 ," Yeah?,,,,,,,,,,,,,,,,,,,,,,,,,,,,,,,", u2202 ,m142,,
74154, u2202 ," All I remember is him turning into a blast of sand,... and then I remember nothing."",,,,,,,,,,,,,,,,,,,,,,,,,,,,,,,", u2205 ,m142,,
74155, u2205 ," What just happened?,,,,,,,,,,,,,,,,,,,,,,,,,,,,,,,", u2205 ,m142,,
74156, u2205 ," That's one way of putting it.,,,,,,,,,,,,,,,,,,,,,,,,,,,,,,,", u2202 ,m142,,
74157, u2202 ," Like what that Moses guy did to that Pharaoh guy?,,,,,,,,,,,,,,,,,,,,,,,,,,,,,,,", u2205 ,m142,,
74158, u2205 ," Exactly --,,,,,,,,,,,,,,,,,,,,,,,,,,,,,,,", u2203 ,m142,,
74159, u2203 ," -- then perhaps, the golden Book Of The Living can return them to the underworld."",,,,,,,,,,,,,,,,,,,,,,,,,,,,,,,", u2205 ,m142,,
74160, u2205 ," I'm thinking that if the black Book Of The Dead can bring people back to life --,,,,,,,,,,,,,,,,,,,,,,,,,,,,,,,", u2203 ,m142,,
74161, u2203 ," It is because it was you who read from the Book. He has chosen you to be the human sacrifice needed to regenerate the body of Anck-su-namun.,,,,,,,,,,,,,,,,,,,,,,,,,,,,,,,", u2205 ,m142,,
74162, u2205 ," In the necropolis, when I saw him, - alive,... walking, he called me Anck- su-namun. And then in Mister Burns' quarters he tried to kiss me."",,,,,,,,,,,,,,,,,,,,,,,,,,,,,,,", u2203 ,m142,,
74163, u2203 ," To have stopped this creature? Yes!,,,,,,,,,,,,,,,,,,,,,,,,,,,,,,,", u2205 ,m142,,
74164, u2205 ," And you think this justifies killing innocent people!?,,,,,,,,,,,,,,,,,,,,,,,,,,,,,,,", u2203 ,m142,,
74165, u2203 ," Do you truly wish to know? Or would you prefer to just shoot us?,,,,,,,,,,,,,,,,,,,,,,,,,,,,,,,", u2205 ,m142,,
74166, u2205 ," What is he doing here?,,,,,,,,,,,,,,,,,,,,,,,,,,,,,,,", u2203 ,m142,,
74167, u2203 ," Miss Carnavon. Gentlemen.,,,,,,,,,,,,,,,,,,,,,,,,,,,,,,,", u2203 ,m142,,
74168, u2203 ," Perhaps.,,,,,,,,,,,,,,,,,,,,,,,,,,,,,,,", u2205 ,m142,,
74169, u2205 ," See the cartouche there, it's the official royal seal of Seti the First, I'm sure of it."",,,,,,,,,,,,,,,,,,,,,,,,,,,,,,,", u2203 ,m142,,
74170, u2203 ," Who needs smart women? I put up with you because your mother and father were our finest patrons, Allah rest their souls. Now straighten up this mess!"",,,,,,,,,,,,,,,,,,,,,,,,,,,,,,,", u2205 ,m142,,
74171, u2205 ," You put up with me, because I can read and write ancient Egyptian, decipher hieroglyphs and hieratic, and I'm the only person within a thousand miles who knows how to properly code and catalogue this library."",,,,,,,,,,,,,,,,,,,,,,,,,,,,,,,", u2203 ,m142,,
74172, u2203 ," When Ramesses destroyed Syria, it was an accident. You are a catastrophe! Why do I put up with you?"",,,,,,,,,,,,,,,,,,,,,,,,,,,,,,,", u2205 ,m142,,
74173, u2205 ," I'm sorry, it was an accident."",,,,,,,,,,,,,,,,,,,,,,,,,,,,,,,", u2203 ,m142,,
74174, u2203 ," Forget the bumbling Americans, they will be like all the others. Without the map to guide them, how can they possibly find Hamunaptra?"",,,,,,,,,,,,,,,,,,,,,,,,,,,,,,,", u2207 ,m142,,
74175, u2207 ," It will be done. But what of the American expedition? They leave tomorrow as well.,,,,,,,,,,,,,,,,,,,,,,,,,,,,,,,", u2203 ,m142,,
74176, u2203 ," And burn the map and retrieve the key.,,,,,,,,,,,,,,,,,,,,,,,,,,,,,,,", u2207 ,m142,,
74177, u2207 ," Then we will kill her, we will kill her and all those with her."",,,,,,,,,,,,,,,,,,,,,,,,,,,,,,,", u2203 ,m142,,
74178, u2203 ," Yes. No one has ever had so much, been so close. We must stop her, or it will be the end of us all."",,,,,,,,,,,,,,,,,,,,,,,,,,,,,,,", u2207 ,m142,,
74179, u2207 ," The key!? She has the lost key!?,,,,,,,,,,,,,,,,,,,,,,,,,,,,,,,", u2203 ,m142,,
74180, u2203 ," No! She has seen too much. She knows too much.,,,,,,,,,,,,,,,,,,,,,,,,,,,,,,,", u2207 ,m142,,
74181, u2207 ," She is like all the others. She will die in the desert.,,,,,,,,,,,,,,,,,,,,,,,,,,,,,,,", u2203 ,m142,,
74182, u2203 ," If we want to kill the creature, yes."",,,,,,,,,,,,,,,,,,,,,,,,,,,,,,,", u2209 ,m142,,
74183, u2209 ," Don't tell me we gotta go back out there?,,,,,,,,,,,,,,,,,,,,,,,,,,,,,,,", u2203 ,m142,,
74184, u2203 ," Which would be located not far to the east of the Anubis statue.,,,,,,,,,,,,,,,,,,,,,,,,,,,,,,,", u2203 ,m142,,
74185, u2203 ," Correct, And that's when --"",,,,,,,,,,,,,,,,,,,,,,,,,,,,,,,", u2209 ,m142,,
74186, u2209 ," You think it'll send this guy back to hell?,,,,,,,,,,,,,,,,,,,,,,,,,,,,,,,", u2203 ,m142,,
74187, u2203 ," -- And read the sacred incantations contained inside it.,,,,,,,,,,,,,,,,,,,,,,,,,,,,,,,", u2209 ,m142,,
74188, u2209 ," So your sayin', if we find the book made outta gold --"",,,,,,,,,,,,,,,,,,,,,,,,,,,,,,,", u2203 ,m142,,
74189, u2203 ," According to the ancients, cat's are the guardians at the gates of the underworld. Imhotep will fear them until he is fully regenerated, and then he will fear nothing."",,,,,,,,,,,,,,,,,,,,,,,,,,,,,,,", u2209 ,m142,,
74190, u2209 ," Okay, let's cut to the chase. He's afraid of cats, what's that about?"",,,,,,,,,,,,,,,,,,,,,,,,,,,,,,,", u2209 ,m142,,
74191, u2209 ," Try me.,,,,,,,,,,,,,,,,,,,,,,,,,,,,,,,", u2203 ,m142,,
74192, u2203 ," You will not believe it.,,,,,,,,,,,,,,,,,,,,,,,,,,,,,,,", u2209 ,m142,,
74193, u2209 ," I'm willin, to go on a little faith, here."",,,,,,,,,,,,,,,,,,,,,,,,,,,,,,,", u2206 ,m142,,
74194, u2206 ," Yeah, get me a glass of bourbon, a shot of bourbon and a bourbon chaser."",,,,,,,,,,,,,,,,,,,,,,,,,,,,,,,", u2204 ,m142,,
74195, u2204 ," The hell with this. I'm goin, downstairs to get me a drink. You want somethin'?"",,,,,,,,,,,,,,,,,,,,,,,,,,,,,,,", u2204 ,m142,,
74196, u2204 ," Yeah, I'm not leavin, this fort for nothin'."",,,,,,,,,,,,,,,,,,,,,,,,,,,,,,,", u2206 ,m142,,
74197, u2206 ," The hell with that! I'm not goin' nowhere! We're safe here.,,,,,,,,,,,,,,,,,,,,,,,,,,,,,,,", u2206 ,m142,,
74198, u2206 ," What did you do to him!?,,,,,,,,,,,,,,,,,,,,,,,,,,,,,,,", u2204 ,m142,,
74199, u2204 ," You bastards!,,,,,,,,,,,,,,,,,,,,,,,,,,,,,,,", u2204 ,m142,,
74200, u2204 ," Water turning to blood.,,,,,,,,,,,,,,,,,,,,,,,,,,,,,,,", u2206 ,m142,,
74201, u2206 ," The sun turning black.,,,,,,,,,,,,,,,,,,,,,,,,,,,,,,,", u2204 ,m142,,
74202, u2204 ," Yeah! It's supposed to be made outta pure gold!,,,,,,,,,,,,,,,,,,,,,,,,,,,,,,,", u2206 ,m142,,
74203, u2206 ," I wouldn't trade ya for a brass spittoon!,,,,,,,,,,,,,,,,,,,,,,,,,,,,,,,", u2206 ,m142,,
74204, u2206 ," For them to protect it like this, you just know there's got to be treasure down there."",,,,,,,,,,,,,,,,,,,,,,,,,,,,,,,", u2204 ,m142,,
74205, u2204 ," See! That proves it! Old Seti's fortune's gotta be under this sand!,,,,,,,,,,,,,,,,,,,,,,,,,,,,,,,", u2210 ,m142,,
74206, u2210 ," Who cares? I don't see no treasure.,,,,,,,,,,,,,,,,,,,,,,,,,,,,,,,", u2205 ,m142,,
74207, u2205 ," Do you realize, we are standing inside a room that no one has entered in over four thousand years."",,,,,,,,,,,,,,,,,,,,,,,,,,,,,,,", u2210 ,m142,,
74208, u2210 ," I have come to protect my investment, thank you very much."",,,,,,,,,,,,,,,,,,,,,,,,,,,,,,,", u2205 ,m142,,
74209, u2205 ," What are you doing here?,,,,,,,,,,,,,,,,,,,,,,,,,,,,,,,", u2210 ,m142,,
74210, u2210 ," A bright good morning to all.,,,,,,,,,,,,,,,,,,,,,,,,,,,,,,,", u2210 ,m142,,
74211, u2210 ," Forty.,,,,,,,,,,,,,,,,,,,,,,,,,,,,,,,", u2205 ,m142,,
74212, u2205 ," Twenty.,,,,,,,,,,,,,,,,,,,,,,,,,,,,,,,", u2210 ,m142,,
74213, u2210 ," Fifty percent.,,,,,,,,,,,,,,,,,,,,,,,,,,,,,,,", u2205 ,m142,,
74214, u2205 ," Yes and if you cut him down, we will give you ten percent."",,,,,,,,,,,,,,,,,,,,,,,,,,,,,,,", u2210 ,m142,,
74215, u2210 ," Are you saying this filthy godless son of a pig knows where to find The City Of The Dead? Truly?,,,,,,,,,,,,,,,,,,,,,,,,,,,,,,,", u2205 ,m142,,
74216, u2205 ," I would never!,,,,,,,,,,,,,,,,,,,,,,,,,,,,,,,", u2210 ,m142,,
74217, u2210 ," You lie.,,,,,,,,,,,,,,,,,,,,,,,,,,,,,,,", u2205 ,m142,,
74218, u2205 ," Three hundred pounds!,,,,,,,,,,,,,,,,,,,,,,,,,,,,,,,", u2210 ,m142,,
74219, u2210 ," Proceed!,,,,,,,,,,,,,,,,,,,,,,,,,,,,,,,", u2205 ,m142,,
74220, u2205 ," Two hundred pounds.,,,,,,,,,,,,,,,,,,,,,,,,,,,,,,,", u2210 ,m142,,
74221, u2210 ," I would pay one hundred pounds just to see him hang.,,,,,,,,,,,,,,,,,,,,,,,,,,,,,,,", u2205 ,m142,,
74222, u2205 ," I will give you one hundred pounds to spare his life.,,,,,,,,,,,,,,,,,,,,,,,,,,,,,,,", u2205 ,m142,,
74223, u2205 ," I am an English woman.,,,,,,,,,,,,,,,,,,,,,,,,,,,,,,,", u2210 ,m142,,
74224, u2210 ," No women allowed.,,,,,,,,,,,,,,,,,,,,,,,,,,,,,,,", u2210 ,m142,,
74225, u2210 ," To be hanged.,,,,,,,,,,,,,,,,,,,,,,,,,,,,,,,", u2205 ,m142,,
74226, u2205 ," Where are they taking him?,,,,,,,,,,,,,,,,,,,,,,,,,,,,,,,", u2210 ,m142,,
74227, u2210 ," He said... he was just looking for a good time.,,,,,,,,,,,,,,,,,,,,,,,,,,,,,,,", u2205 ,m142,,
74228, u2205 ," And what did he say?,,,,,,,,,,,,,,,,,,,,,,,,,,,,,,,", u2210 ,m142,,
74229, u2210 ," I did not know, so when I heard you were coming, I asked him that myself."",,,,,,,,,,,,,,,,,,,,,,,,,,,,,,,", u2205 ,m142,,
74230, u2205 ," And what is he in prison for?,,,,,,,,,,,,,,,,,,,,,,,,,,,,,,,", u2205 ,m142,,
74231, u2205 ," Yes, I know, and I'd like to keep them."",,,,,,,,,,,,,,,,,,,,,,,,,,,,,,,", u2209 ,m142,,
74232, u2209 ," Got guts, lady."",,,,,,,,,,,,,,,,,,,,,,,,,,,,,,,", u2205 ,m142,,
74233, u2205 ," I have no choice.,,,,,,,,,,,,,,,,,,,,,,,,,,,,,,,", u2209 ,m142,,
74234, u2209 ," Don't do it, Evelyn."",,,,,,,,,,,,,,,,,,,,,,,,,,,,,,,", u2209 ,m142,,
74235, u2209 ," Got what?,,,,,,,,,,,,,,,,,,,,,,,,,,,,,,,", u2205 ,m142,,
74236, u2205 ," Got it!,,,,,,,,,,,,,,,,,,,,,,,,,,,,,,,", u2209 ,m142,,
74237, u2209 ," Jealous? You kiddin' me? Did you see that guy's face?,,,,,,,,,,,,,,,,,,,,,,,,,,,,,,,", u2205 ,m142,,
74238, u2205 ," I think you were jealous,,,,,,,,,,,,,,,,,,,,,,,,,,,,,,,", u2209 ,m142,,
74239, u2209 ," What?... Oh yeah, that was just um, you know, figure a speech."",,,,,,,,,,,,,,,,,,,,,,,,,,,,,,,", u2205 ,m142,,
74240, u2205 ," You called me your girl?,,,,,,,,,,,,,,,,,,,,,,,,,,,,,,,", u2205 ,m142,,
74241, u2205 ," The creature!? Are you sure!?,,,,,,,,,,,,,,,,,,,,,,,,,,,,,,,", u2209 ,m142,,
74242, u2209 ," He's here! I saw him! That thing is here!,,,,,,,,,,,,,,,,,,,,,,,,,,,,,,,", u2209 ,m142,,
74243, u2209 ," FINE.,,,,,,,,,,,,,,,,,,,,,,,,,,,,,,,", u2205 ,m142,,
74244, u2205 ," I'm staying.,,,,,,,,,,,,,,,,,,,,,,,,,,,,,,,", u2209 ,m142,,
74245, u2209 ," You can either tag along with me, or you can stay here and play around with Mister Maggot."",,,,,,,,,,,,,,,,,,,,,,,,,,,,,,,", u2205 ,m142,,
74246, u2205 ," That's what I am to you? A contract?,,,,,,,,,,,,,,,,,,,,,,,,,,,,,,,", u2209 ,m142,,
74247, u2209 ," Look lady, I appreciate you saving my life and all, but when I signed on, I agreed to take you out there and bring you back, and I did, now were even, end of job, end of story, contract terminated."",,,,,,,,,,,,,,,,,,,,,,,,,,,,,,,", u2205 ,m142,,
74248, u2205 ," It's everybody's problem!,,,,,,,,,,,,,,,,,,,,,,,,,,,,,,,", u2209 ,m142,,
74249, u2209 ," Yeah? So? Is that my problem?,,,,,,,,,,,,,,,,,,,,,,,,,,,,,,,", u2205 ,m142,,
74250, u2205 ," According to that Book, once this creature has been reborn, his curse will spread, and as he grows in strength, so will his curse grow, infecting the people until the whole of the earth is destroyed."",,,,,,,,,,,,,,,,,,,,,,,,,,,,,,,", u2209 ,m142,,
74251, u2209 ," There goes that belief again. Not me, I am outta here!"",,,,,,,,,,,,,,,,,,,,,,,,,,,,,,,", u2205 ,m142,,
74252, u2205 ," Then we'll have to find some immortal ones.,,,,,,,,,,,,,,,,,,,,,,,,,,,,,,,", u2205 ,m142,,
74253, u2205 ," Alright then, Me, I,... I read the book, I woke him up and I intend to stop him."",,,,,,,,,,,,,,,,,,,,,,,,,,,,,,,", u2209 ,m142,,
74254, u2209 ," We?! What we?! You didn't read that book. I told you not to play around with that thing.,,,,,,,,,,,,,,,,,,,,,,,,,,,,,,,", u2205 ,m142,,
74255, u2205 ," No we are not. We woke him up, and we must try and stop him."",,,,,,,,,,,,,,,,,,,,,,,,,,,,,,,", u2205 ,m142,,
74256, u2205 ," No, we are not."",,,,,,,,,,,,,,,,,,,,,,,,,,,,,,,", u2209 ,m142,,
74257, u2209 ," Forget it, we're out the door down the hall and gone."",,,,,,,,,,,,,,,,,,,,,,,,,,,,,,,", u2205 ,m142,,
74258, u2205 ," Having an encounter with a four thousand year old walking-talking corpse tends to convert one.,,,,,,,,,,,,,,,,,,,,,,,,,,,,,,,", u2205 ,m142,,
74259, u2205 ," It's just a book, no harm ever came from a book."",,,,,,,,,,,,,,,,,,,,,,,,,,,,,,,", u2209 ,m142,,
74260, u2209 ," You sure you outta be playin, around with that?"",,,,,,,,,,,,,,,,,,,,,,,,,,,,,,,", u2209 ,m142,,
74261, u2209 ," The ten plagues?... You mean all ten plagues.,,,,,,,,,,,,,,,,,,,,,,,,,,,,,,,", u2205 ,m142,,
74262, u2205 ," Yes, they never used it because they feared it so. It's written, that if a victim of the HOM-DAI should ever arise, he would bring with him the ten plagues of Egypt."",,,,,,,,,,,,,,,,,,,,,,,,,,,,,,,", u2209 ,m142,,
74263, u2209 ," That bad huh?,,,,,,,,,,,,,,,,,,,,,,,,,,,,,,,", u2205 ,m142,,
74264, u2205 ," According to my readings, our friend suffered the HOM-DAI, the worst of all ancient Egyptian curses, one reserved for only the most evil blasphemers. In all of my research, I've never read of this curse actually having been performed."",,,,,,,,,,,,,,,,,,,,,,,,,,,,,,,", u2205 ,m142,,
74265, u2205 ," Very slowly.,,,,,,,,,,,,,,,,,,,,,,,,,,,,,,,", u2209 ,m142,,
74266, u2209 ," Are you saying somebody threw these things in with our guy, and they slowly ate him alive?"",,,,,,,,,,,,,,,,,,,,,,,,,,,,,,,", u2205 ,m142,,
74267, u2205 ," No. I've never seen a mummy look like this. He's, he's still..."",,,,,,,,,,,,,,,,,,,,,,,,,,,,,,,", u2209 ,m142,,
74268, u2209 ," Is he supposed to look like that?,,,,,,,,,,,,,,,,,,,,,,,,,,,,,,,", u2209 ,m142,,
74269, u2209 ," You dream about dead guys?,,,,,,,,,,,,,,,,,,,,,,,,,,,,,,,", u2205 ,m142,,
74270, u2205 ," Oh my god, I've dreamed about this ever since I was a little girl."",,,,,,,,,,,,,,,,,,,,,,,,,,,,,,,", u2209 ,m142,,
74271, u2209 ," Gee, yeah, you told me it was the best time you ever had."",,,,,,,,,,,,,,,,,,,,,,,,,,,,,,,", u2205 ,m142,,
74272, u2205 ," No... Why?... Should I?,,,,,,,,,,,,,,,,,,,,,,,,,,,,,,,", u2209 ,m142,,
74273, u2209 ," Because that's my name.,,,,,,,,,,,,,,,,,,,,,,,,,,,,,,,", u2205 ,m142,,
74274, u2205 ," Why would I do that?,,,,,,,,,,,,,,,,,,,,,,,,,,,,,,,", u2209 ,m142,,
74275, u2209 ," Not unless you call me Rick.,,,,,,,,,,,,,,,,,,,,,,,,,,,,,,,", u2205 ,m142,,
74276, u2205 ," I'm not?,,,,,,,,,,,,,,,,,,,,,,,,,,,,,,,", u2209 ,m142,,
74277, u2209 ," No you're not.,,,,,,,,,,,,,,,,,,,,,,,,,,,,,,,", u2205 ,m142,,
74278, u2205 ," I'm going to kiss you, Mister O'Connell."",,,,,,,,,,,,,,,,,,,,,,,,,,,,,,,", u2209 ,m142,,
74279, u2209 ," And what is that?,,,,,,,,,,,,,,,,,,,,,,,,,,,,,,,", u2205 ,m142,,
74280, u2205 ," I may not be an explorer, or an adventurer, or a treasure hunter, or a gunfighter! Mister O'Connell But I'm proud of what I am."",,,,,,,,,,,,,,,,,,,,,,,,,,,,,,,", u2209 ,m142,,
74281, u2209 ," Okay, I get your father, I get your mother and I get your brother, but what are you doing here?"",,,,,,,,,,,,,,,,,,,,,,,,,,,,,,,", u2205 ,m142,,
74282, u2205 ," Egypt is in my blood. My father was a famous explorer, he loved Egypt so much that he married an Egyptian. My mother! Who was quite an adventurer herself"",,,,,,,,,,,,,,,,,,,,,,,,,,,,,,,", u2209 ,m142,,
74283, u2209 ," Something like that.,,,,,,,,,,,,,,,,,,,,,,,,,,,,,,,", u2205 ,m142,,
74284, u2205 ," I know, you're wondering, what's a place like me doing in a girl like this?"",,,,,,,,,,,,,,,,,,,,,,,,,,,,,,,", u2209 ,m142,,
74285, u2209 ," Unlike your brother, Miss, you I don't get. You're a whole new brew."",,,,,,,,,,,,,,,,,,,,,,,,,,,,,,,", u2205 ,m142,,
74286, u2205 ," No. I believe if I can see it and I can touch it, then it's real. That's what I believe."",,,,,,,,,,,,,,,,,,,,,,,,,,,,,,,", u2209 ,m142,,
74287, u2209 ," You don't believe in curses, huh?"",,,,,,,,,,,,,,,,,,,,,,,,,,,,,,,", u2205 ,m142,,
74288, u2205 ," You two!,,,,,,,,,,,,,,,,,,,,,,,,,,,,,,,", u2209 ,m142,,
74289, u2209 ," Salt acid. Pressurized salt acid. Some sort of ancient booby-trap.,,,,,,,,,,,,,,,,,,,,,,,,,,,,,,,", u2205 ,m142,,
74290, u2205 ," How?,,,,,,,,,,,,,,,,,,,,,,,,,,,,,,,", u2209 ,m142,,
74291, u2209 ," Seems the Americans had a little misadventure of their own today, three of their diggers were killed."",,,,,,,,,,,,,,,,,,,,,,,,,,,,,,,", u2209 ,m142,,
74292, u2209 ," Who was talking about what?,,,,,,,,,,,,,,,,,,,,,,,,,,,,,,,", u2205 ,m142,,
74293, u2205 ," A key! That's it! That's what he was talking about.,,,,,,,,,,,,,,,,,,,,,,,,,,,,,,,", u2205 ,m142,,
74294, u2205 ," Quarried granite with a cobalt lining.,,,,,,,,,,,,,,,,,,,,,,,,,,,,,,,", u2209 ,m142,,
74295, u2209 ," There's some sort of lock here. You say these thing's are made of granite with a steel interior?,,,,,,,,,,,,,,,,,,,,,,,,,,,,,,,", u2205 ,m142,,
74296, u2205 ," They didn't, they buried him at the foot of Anubis. He was either someone of great importance. Or he did something very naughty."",,,,,,,,,,,,,,,,,,,,,,,,,,,,,,,", u2209 ,m142,,
74297, u2209 ," Why would they bury somebody in the ceiling?,,,,,,,,,,,,,,,,,,,,,,,,,,,,,,,", u2205 ,m142,,
74298, u2205 ," Oh my god,... it looks like, it looks like a sarcophagus."",,,,,,,,,,,,,,,,,,,,,,,,,,,,,,,", u2205 ,m142,,
74299, u2205 ," You two are worse than a couple of schoolboys.,,,,,,,,,,,,,,,,,,,,,,,,,,,,,,,", u2209 ,m142,,
74300, u2209 ," Yeah, that'd bring you back to life."",,,,,,,,,,,,,,,,,,,,,,,,,,,,,,,", u2205 ,m142,,
74301, u2205 ," For entering the afterlife.,,,,,,,,,,,,,,,,,,,,,,,,,,,,,,,", u2209 ,m142,,
74302, u2209 ," Preparation for what?,,,,,,,,,,,,,,,,,,,,,,,,,,,,,,,", u2205 ,m142,,
74303, u2205 ," Oh my god, It's a preparation room."",,,,,,,,,,,,,,,,,,,,,,,,,,,,,,,", u2205 ,m142,,
74304, u2205 ," Ancient Egyptian trick. You'll see.,,,,,,,,,,,,,,,,,,,,,,,,,,,,,,,", u2209 ,m142,,
74305, u2209 ," What are those mirrors for?,,,,,,,,,,,,,,,,,,,,,,,,,,,,,,,", u2205 ,m142,,
74306, u2205 ," According to Bembridge Scholars, inside the statue of Anubis was a secret compartment, perhaps containing The Book Of The Living."",,,,,,,,,,,,,,,,,,,,,,,,,,,,,,,", u2209 ,m142,,
74307, u2209 ," The things that get you excited.,,,,,,,,,,,,,,,,,,,,,,,,,,,,,,,", u2205 ,m142,,
74308, u2205 ," That """"thing"""" gets me excited."",,,,,,,,,,,,,,,,,,,,,,,,,,,,,,,", u2209 ,m142,,
74309, u2209 ," We're about to be shown the way.,,,,,,,,,,,,,,,,,,,,,,,,,,,,,,,", u2205 ,m142,,
74310, u2205 ," For what?,,,,,,,,,,,,,,,,,,,,,,,,,,,,,,,", u2205 ,m142,,
74311, u2205 ," Are you sure?,,,,,,,,,,,,,,,,,,,,,,,,,,,,,,,", u2209 ,m142,,
74312, u2209 ," We're almost there.,,,,,,,,,,,,,,,,,,,,,,,,,,,,,,,", u2209 ,m142,,
74313, u2209 ," Trust me.,,,,,,,,,,,,,,,,,,,,,,,,,,,,,,,", u2205 ,m142,,
74314, u2205 ," Well of course I can swim, if the occasion calls for it."",,,,,,,,,,,,,,,,,,,,,,,,,,,,,,,", u2209 ,m142,,
74315, u2209 ," Can you swim?,,,,,,,,,,,,,,,,,,,,,,,,,,,,,,,", u2205 ,m142,,
74316, u2205 ," Oh that's comforting.,,,,,,,,,,,,,,,,,,,,,,,,,,,,,,,", u2209 ,m142,,
74317, u2209 ," Relax! I'm the map!  It's all up here.,,,,,,,,,,,,,,,,,,,,,,,,,,,,,,,", u2209 ,m142,,
74318, u2209 ," I know my treasure.,,,,,,,,,,,,,,,,,,,,,,,,,,,,,,,", u2205 ,m142,,
74319, u2205 ," You know your history.,,,,,,,,,,,,,,,,,,,,,,,,,,,,,,,", u2209 ,m142,,
74320, u2209 ," And the fact that they say it's made out of pure gold, makes no nevermind to you, right?"",,,,,,,,,,,,,,,,,,,,,,,,,,,,,,,", u2205 ,m142,,
74321, u2205 ," I don't believe in fairy tales and hokum, Mister O'Connell, but I do believe that one of the most famous books in history is buried out there, The Book Of The Living. It's what first interested me in Egypt as a child. It's why I came here, sort of a life's pursuit."",,,,,,,,,,,,,,,,,,,,,,,,,,,,,,,", u2205 ,m142,,
74322, u2205 ," Ahmar is Ossirion. """"Passageway to the underworld"""", actually."",,,,,,,,,,,,,,,,,,,,,,,,,,,,,,,", u2209 ,m142,,
74323, u2209 ," Evil. The Tuaregs and the Bedouin believe that Hamunaptra is cursed, they call it, """"the doorway to hell."""""",,,,,,,,,,,,,,,,,,,,,,,,,,,,,,,", u2205 ,m142,,
74324, u2205 ," Yes, I'm hoping to find a certain artifact, a book, actually, my brother thinks there's treasure. What do you think is out there?"",,,,,,,,,,,,,,,,,,,,,,,,,,,,,,,", u2209 ,m142,,
74325, u2209 ," There's something out there, you know, something under that sand."",,,,,,,,,,,,,,,,,,,,,,,,,,,,,,,", u2209 ,m142,,
74326, u2209 ," The last time I was at that place everybody I was with died.,,,,,,,,,,,,,,,,,,,,,,,,,,,,,,,", u2205 ,m142,,
74327, u2205 ," Did I miss something? Are we going into battle?,,,,,,,,,,,,,,,,,,,,,,,,,,,,,,,", u2205 ,m142,,
74328, u2205 ," If you call that a kiss.,,,,,,,,,,,,,,,,,,,,,,,,,,,,,,,", u2209 ,m142,,
74329, u2209 ," Still angry that I kissed ya, huh?"",,,,,,,,,,,,,,,,,,,,,,,,,,,,,,,", u2205 ,m142,,
74330, u2205 ," The only thing that scares me, Mister O'Connell, are your manners."",,,,,,,,,,,,,,,,,,,,,,,,,,,,,,,", u2209 ,m142,,
74331, u2209 ," Sorry, didn't mean to scare ya."",,,,,,,,,,,,,,,,,,,,,,,,,,,,,,,", u2205 ,m142,,
74332, u2205 ," Twenty-five percent, and not one single farthing more."",,,,,,,,,,,,,,,,,,,,,,,,,,,,,,,", u2209 ,m142,,
74333, u2209 ," Give... give him... give him GLAAAA-- !,,,,,,,,,,,,,,,,,,,,,,,,,,,,,,,", u2209 ,m142,,
74334, u2209 ," Really want to know?,,,,,,,,,,,,,,,,,,,,,,,,,,,,,,,", u2205 ,m142,,
74335, u2205 ," Yes.,,,,,,,,,,,,,,,,,,,,,,,,,,,,,,,", u2209 ,m142,,
74336, u2209 ," Want to know?,,,,,,,,,,,,,,,,,,,,,,,,,,,,,,,", u2205 ,m142,,
74337, u2205 ," Could you tell me how to get there? The exact location?,,,,,,,,,,,,,,,,,,,,,,,,,,,,,,,", u2209 ,m142,,
74338, u2209 ," I found sand. I saw death.,,,,,,,,,,,,,,,,,,,,,,,,,,,,,,,", u2205 ,m142,,
74339, u2205 ," What did you find? What did you see?,,,,,,,,,,,,,,,,,,,,,,,,,,,,,,,", u2209 ,m142,,
74340, u2209 ," -- I know what you mean. I was there, alright. Seti's place. The City Of The Dead."",,,,,,,,,,,,,,,,,,,,,,,,,,,,,,,", u2205 ,m142,,
74341, u2205 ," No, I mean --"",,,,,,,,,,,,,,,,,,,,,,,,,,,,,,,", u2209 ,m142,,
74342, u2209 ," Every damn day.,,,,,,,,,,,,,,,,,,,,,,,,,,,,,,,", u2205 ,m142,,
74343, u2205 ," You swear?,,,,,,,,,,,,,,,,,,,,,,,,,,,,,,,", u2209 ,m142,,
74344, u2209 ," Yeah, I was there."",,,,,,,,,,,,,,,,,,,,,,,,,,,,,,,", u2205 ,m142,,
74345, u2205 ," Yes, well...  I know my brother."",,,,,,,,,,,,,,,,,,,,,,,,,,,,,,,", u2209 ,m142,,
74346, u2209 ," I just decked your brother,,,,,,,,,,,,,,,,,,,,,,,,,,,,,,,", u2205 ,m142,,
74347, u2205 ," You were actually at Hamunaptra?,,,,,,,,,,,,,,,,,,,,,,,,,,,,,,,", u2209 ,m142,,
74348, u2209 ," Because that's where I found it. I was there.,,,,,,,,,,,,,,,,,,,,,,,,,,,,,,,", u2205 ,m142,,
74349, u2205 ," How do you know the box pertains to Hamunaptra?,,,,,,,,,,,,,,,,,,,,,,,,,,,,,,,", u2209 ,m142,,
74350, u2209 ," No... You came to ask me about Hamunaptra.,,,,,,,,,,,,,,,,,,,,,,,,,,,,,,,", u2205 ,m142,,
74351, u2205 ," No?,,,,,,,,,,,,,,,,,,,,,,,,,,,,,,,", u2209 ,m142,,
74352, u2209 ," No.,,,,,,,,,,,,,,,,,,,,,,,,,,,,,,,", u2205 ,m142,,
74353, u2205 ," We uh,... found... your puzzle box, and we've come to ask you about it."",,,,,,,,,,,,,,,,,,,,,,,,,,,,,,,", u2205 ,m142,,
74354, u2205 ," Broad?!,,,,,,,,,,,,,,,,,,,,,,,,,,,,,,,", u2209 ,m142,,
74355, u2209 ," So who's the broad?,,,,,,,,,,,,,,,,,,,,,,,,,,,,,,,", u2208 ,m142,,
74356, u2208 ," Yes,... I see."",,,,,,,,,,,,,,,,,,,,,,,,,,,,,,,", u2205 ,m142,,
74357, u2205 ," Ah! Ah! Ahmenophus!,,,,,,,,,,,,,,,,,,,,,,,,,,,,,,,", u2205 ,m142,,
74358, u2205 ," What's it look like!?,,,,,,,,,,,,,,,,,,,,,,,,,,,,,,,", u2208 ,m142,,
74359, u2208 ," Ummm, Hootash im... Hootash im now what is this last symbol here?"",,,,,,,,,,,,,,,,,,,,,,,,,,,,,,,", u2208 ,m142,,
74360, u2208 ," Oh.,,,,,,,,,,,,,,,,,,,,,,,,,,,,,,,", u2205 ,m142,,
74361, u2205 ," Finish the inscription, idiot!"",,,,,,,,,,,,,,,,,,,,,,,,,,,,,,,", u2205 ,m142,,
74362, u2205 ," Read the inscription on the cover!,,,,,,,,,,,,,,,,,,,,,,,,,,,,,,,", u2208 ,m142,,
74363, u2208 ," What do I do, Evy!? What do I do!?"",,,,,,,,,,,,,,,,,,,,,,,,,,,,,,,", u2205 ,m142,,
74364, u2205 ," Shut-up and get me off of here!,,,,,,,,,,,,,,,,,,,,,,,,,,,,,,,", u2208 ,m142,,
74365, u2208 ," I found it, Evy! I found it"",,,,,,,,,,,,,,,,,,,,,,,,,,,,,,,", u2205 ,m142,,
74366, u2205 ," Yes. He's more than four thousand years old and still decomposing.,,,,,,,,,,,,,,,,,,,,,,,,,,,,,,,", u2208 ,m142,,
74367, u2208 ," Juicy?,,,,,,,,,,,,,,,,,,,,,,,,,,,,,,,", u2205 ,m142,,
74368, u2205 ," Well neither do I, thank you."",,,,,,,,,,,,,,,,,,,,,,,,,,,,,,,", u2208 ,m142,,
74369, u2208 ," Don't blame me, I don't even remember being there."",,,,,,,,,,,,,,,,,,,,,,,,,,,,,,,", u2205 ,m142,,
74370, u2205 ," I can't believe I allowed the two of you to get me drunk.,,,,,,,,,,,,,,,,,,,,,,,,,,,,,,,", u2208 ,m142,,
74371, u2208 ," Did you ever see him eat?,,,,,,,,,,,,,,,,,,,,,,,,,,,,,,,", u2205 ,m142,,
74372, u2205 ," What do you suppose killed him?,,,,,,,,,,,,,,,,,,,,,,,,,,,,,,,", u2208 ,m142,,
74373, u2208 ," Still...,,,,,,,,,,,,,,,,,,,,,,,,,,,,,,,", u2205 ,m142,,
74374, u2205 ," It's called mummification. You're dead when they do this,,,,,,,,,,,,,,,,,,,,,,,,,,,,,,,", u2208 ,m142,,
74375, u2208 ," And when those dirty Yanks go to sleep --  No offense.,,,,,,,,,,,,,,,,,,,,,,,,,,,,,,,", u2205 ,m142,,
74376, u2205 ," According to my calculations, we should be right under the statue. We'll come up right between his legs.  Oh my."",,,,,,,,,,,,,,,,,,,,,,,,,,,,,,,", u2205 ,m142,,
74377, u2205 ," After all, you rode us night and day to win that bet."",,,,,,,,,,,,,,,,,,,,,,,,,,,,,,,", u2208 ,m142,,
74378, u2208 ," Ah, begging your pardon, but shouldn't we be going?"",,,,,,,,,,,,,,,,,,,,,,,,,,,,,,,", u2205 ,m142,,
74379, u2205 ," Personally, I think he's filthy, rude and a complete scoundrel. I don't like him one bit."",,,,,,,,,,,,,,,,,,,,,,,,,,,,,,,", u2208 ,m142,,
74380, u2208 ," Undoubtedly, I know the breed, he may be a cowboy, but his word is his word."",,,,,,,,,,,,,,,,,,,,,,,,,,,,,,,", u2205 ,m142,,
74381, u2205 ," Do you really think he'll show up?,,,,,,,,,,,,,,,,,,,,,,,,,,,,,,,", u2208 ,m142,,
74382, u2208 ," Way to go, Evy."",,,,,,,,,,,,,,,,,,,,,,,,,,,,,,,", u2205 ,m142,,
74383, u2205 ," But he's just a filthy criminal?,,,,,,,,,,,,,,,,,,,,,,,,,,,,,,,", u2208 ,m142,,
74384, u2208 ," Picked his pocket, actually."",,,,,,,,,,,,,,,,,,,,,,,,,,,,,,,", u2205 ,m142,,
74385, u2205 ," You stole it from a drunk at the local Casbah?!,,,,,,,,,,,,,,,,,,,,,,,,,,,,,,,", u2208 ,m142,,
74386, u2208 ," That just makes you more gullible.,,,,,,,,,,,,,,,,,,,,,,,,,,,,,,,", u2205 ,m142,,
74387, u2205 ," I'm your sister.,,,,,,,,,,,,,,,,,,,,,,,,,,,,,,,", u2208 ,m142,,
74388, u2208 ," I lie to everybody, what makes you so special?"",,,,,,,,,,,,,,,,,,,,,,,,,,,,,,,", u2205 ,m142,,
74389, u2205 ," You lied to me!,,,,,,,,,,,,,,,,,,,,,,,,,,,,,,,", u2208 ,m142,,
74390, u2208 ," I was mistaken.,,,,,,,,,,,,,,,,,,,,,,,,,,,,,,,", u2205 ,m142,,
74391, u2205 ," You told me you found it on a dig down in Thebes!,,,,,,,,,,,,,,,,,,,,,,,,,,,,,,,", u2205 ,m142,,
74392, u2205 ," All we know is that the city mysteriously vanished around 2,134 B.C."",,,,,,,,,,,,,,,,,,,,,,,,,,,,,,,", u2208 ,m142,,
74393, u2208 ," Right, right, in a big underground treasure chamber. Everybody knows the story. The entire necropolis was rigged to sink into the sand. On Pharaoh's command, a flick of the switch! And the whole place could disappear beneath the dunes."",,,,,,,,,,,,,,,,,,,,,,,,,,,,,,,", u2205 ,m142,,
74394, u2205 ," Yes. The City of The Dead. Where the early Pharaohs were said to have hidden the wealth of Egypt.,,,,,,,,,,,,,,,,,,,,,,,,,,,,,,,", u2208 ,m142,,
74395, u2208 ," Alright, good, that's good. I like this fellow, like him very much."",,,,,,,,,,,,,,,,,,,,,,,,,,,,,,,", u2205 ,m142,,
74396, u2205 ," He was the last Pharaoh of the Old Kingdom, said to be the wealthiest Pharaoh of them all."",,,,,,,,,,,,,,,,,,,,,,,,,,,,,,,", u2208 ,m142,,
74397, u2208 ," Two questions. Who the hell is Seti the First? And was he rich?,,,,,,,,,,,,,,,,,,,,,,,,,,,,,,,", u2205 ,m142,,
74398, u2205 ," I think you found something.,,,,,,,,,,,,,,,,,,,,,,,,,,,,,,,", u2208 ,m142,,
74399, u2208 ," Yes?,,,,,,,,,,,,,,,,,,,,,,,,,,,,,,,", u2205 ,m142,,
74400, u2205 ," Jonathan?,,,,,,,,,,,,,,,,,,,,,,,,,,,,,,,", u2205 ,m142,,
74401, u2205 ," Oh no, not another worthless trinket, Jonathan, if I bring one more piece of junk to the Curator to try and sell for you."",,,,,,,,,,,,,,,,,,,,,,,,,,,,,,,", u2208 ,m142,,
74402, u2208 ," Oh yes I do! I have something right here!,,,,,,,,,,,,,,,,,,,,,,,,,,,,,,,", u2208 ,m142,,
74403, u2208 ," My dear, sweet, baby sister, I'll have you know, that at this moment my career is on a high note."",,,,,,,,,,,,,,,,,,,,,,,,,,,,,,,", u2205 ,m142,,
74404, u2205 ," Well I wish you'd do it sooner rather than later, before you ruin my career the way you've ruined yours."",,,,,,,,,,,,,,,,,,,,,,,,,,,,,,,", u2208 ,m142,,
74405, u2208 ," Right now, I only wish to join them."",,,,,,,,,,,,,,,,,,,,,,,,,,,,,,,", u2205 ,m142,,
74406, u2205 ," Have you no respect for the dead?,,,,,,,,,,,,,,,,,,,,,,,,,,,,,,,", u2208 ,m142,,
74407, u2208 ," Drunkard? Fool? Rat-bastard? Please call me something original.,,,,,,,,,,,,,,,,,,,,,,,,,,,,,,,", u2205 ,m142,,
74408, u2205 ," You...! YOU...!,,,,,,,,,,,,,,,,,,,,,,,,,,,,,,,", u2208 ,m142,,
74409, u2208 ," You have got to be joking?,,,,,,,,,,,,,,,,,,,,,,,,,,,,,,,", u2209 ,m142,,
74410, u2209 ," Do something, Jonathan! Kill it!"",,,,,,,,,,,,,,,,,,,,,,,,,,,,,,,", u2209 ,m142,,
74411, u2209 ," Got it.,,,,,,,,,,,,,,,,,,,,,,,,,,,,,,,", u2208 ,m142,,
74412, u2208 ," He's a big fellow with pointy ears and a face like a falcon.,,,,,,,,,,,,,,,,,,,,,,,,,,,,,,,", u2209 ,m142,,
74413, u2209 ," Okay, now what the hell does this Horus guy look like?"",,,,,,,,,,,,,,,,,,,,,,,,,,,,,,,", u2208 ,m142,,
74414, u2208 ," I'm with you, old man. No one touches my sister like that and gets away with it."",,,,,,,,,,,,,,,,,,,,,,,,,,,,,,,", u2209 ,m142,,
74415, u2209 ," We gotta get her back.,,,,,,,,,,,,,,,,,,,,,,,,,,,,,,,", u2208 ,m142,,
74416, u2208 ," What?,,,,,,,,,,,,,,,,,,,,,,,,,,,,,,,", u2209 ,m142,,
74417, u2209 ," What?,,,,,,,,,,,,,,,,,,,,,,,,,,,,,,,", u2208 ,m142,,
74418, u2208 ," And now he's going to use it to bring his girlfriend back,,,,,,,,,,,,,,,,,,,,,,,,,,,,,,,", u2209 ,m142,,
74419, u2209 ," Believe it, sister. That's what brought our buddy back to life."",,,,,,,,,,,,,,,,,,,,,,,,,,,,,,,", u2208 ,m142,,
74420, u2208 ," And then he'll be coming after Evy.,,,,,,,,,,,,,,,,,,,,,,,,,,,,,,,", u2209 ,m142,,
74421, u2209 ," Damn-it! That's two down and only two to go.,,,,,,,,,,,,,,,,,,,,,,,,,,,,,,,", u2208 ,m142,,
74422, u2208 ," Yes, I know, I do that to people."",,,,,,,,,,,,,,,,,,,,,,,,,,,,,,,", u2209 ,m142,,
74423, u2209 ," Ya know, ever since I met you, my luck has been for crap."",,,,,,,,,,,,,,,,,,,,,,,,,,,,,,,", u2208 ,m142,,
74424, u2208 ," That looked rather painful.,,,,,,,,,,,,,,,,,,,,,,,,,,,,,,,", u2209 ,m142,,
74425, u2209 ," The guy! The Priest! THE MUMMY!,,,,,,,,,,,,,,,,,,,,,,,,,,,,,,,", u2208 ,m142,,
74426, u2208 ," Who's here!?,,,,,,,,,,,,,,,,,,,,,,,,,,,,,,,", u2209 ,m142,,
74427, u2209 ," That's one of the plagues, right? The grasshopper plague!"",,,,,,,,,,,,,,,,,,,,,,,,,,,,,,,", u2208 ,m142,,
74428, u2208 ," Did you see that!? Grasshoppers! Billions of grasshoppers!,,,,,,,,,,,,,,,,,,,,,,,,,,,,,,,", u2209 ,m142,,
74429, u2209 ," Must of got a little too frisky with the Pharaoh's daughter.,,,,,,,,,,,,,,,,,,,,,,,,,,,,,,,", u2208 ,m142,,
74430, u2208 ," He certainly was not a popular fellow when they planted him.,,,,,,,,,,,,,,,,,,,,,,,,,,,,,,,", u2209 ,m142,,
74431, u2209 ," Rat gizzards. They smell bad and taste worse, but that's the best the desert has to offer."",,,,,,,,,,,,,,,,,,,,,,,,,,,,,,,", u2208 ,m142,,
74432, u2208 ," You did not!?... We're not!?,,,,,,,,,,,,,,,,,,,,,,,,,,,,,,,", u2209 ,m142,,
74433, u2209 ," If he decides to wake up, hell yes!"",,,,,,,,,,,,,,,,,,,,,,,,,,,,,,,", u2208 ,m142,,
74434, u2208 ," What are you going to do? Shoot him?,,,,,,,,,,,,,,,,,,,,,,,,,,,,,,,", u2209 ,m142,,
74435, u2209 ," Where's my gun?,,,,,,,,,,,,,,,,,,,,,,,,,,,,,,,", u2208 ,m142,,
74436, u2208 ," Yes, I'm all tears, now let's see who's inside, shall we?"",,,,,,,,,,,,,,,,,,,,,,,,,,,,,,,", u2209 ,m142,,
74437, u2209 ," Tough break.,,,,,,,,,,,,,,,,,,,,,,,,,,,,,,,", u2209 ,m142,,
74438, u2209 ," No kiddin', without a key, it'll take us a month to crack this thing,"",,,,,,,,,,,,,,,,,,,,,,,,,,,,,,,", u2208 ,m142,,
74439, u2208 ," Whoever's in here, sure wasn't getting out."",,,,,,,,,,,,,,,,,,,,,,,,,,,,,,,", u2208 ,m142,,
74440, u2208 ," OWCH! That's really got to hurt.,,,,,,,,,,,,,,,,,,,,,,,,,,,,,,,", u2209 ,m142,,
74441, u2209 ," Lemme get this straight, they stuck a sharp, red hot poker up your nose, cut your brain into small pieces, then ripped it all out through your nostrils?"",,,,,,,,,,,,,,,,,,,,,,,,,,,,,,,", u2209 ,m142,,
74442, u2209 ," And you're sure you can find the secret compartment?,,,,,,,,,,,,,,,,,,,,,,,,,,,,,,,", u2208 ,m142,,
74443, u2208 ," We'll sneak up and steal that book right out from under them.,,,,,,,,,,,,,,,,,,,,,,,,,,,,,,,", u2209 ,m142,,
74444, u2209 ," None taken.,,,,,,,,,,,,,,,,,,,,,,,,,,,,,,,", u2208 ,m142,,
74445, u2208 ," And it stinks to high heaven in here.,,,,,,,,,,,,,,,,,,,,,,,,,,,,,,,", u2209 ,m142,,
74446, u2209 ," You're welcome to my share of the spider webs.,,,,,,,,,,,,,,,,,,,,,,,,,,,,,,,", u2209 ,m142,,
74447, u2209 ," Be nice. That thing saved my life.,,,,,,,,,,,,,,,,,,,,,,,,,,,,,,,", u2208 ,m142,,
74448, u2208 ," That thing gives me the creeps.,,,,,,,,,,,,,,,,,,,,,,,,,,,,,,,", u2209 ,m142,,
74449, u2209 ," Awfully.,,,,,,,,,,,,,,,,,,,,,,,,,,,,,,,", u2208 ,m142,,
74450, u2208 ," Yes, awfully tempting, wasn't it?"",,,,,,,,,,,,,,,,,,,,,,,,,,,,,,,", u2209 ,m142,,
74451, u2209 ," We coulda had 'em for free, all we had to do was give 'em your sister."",,,,,,,,,,,,,,,,,,,,,,,,,,,,,,,", u2208 ,m142,,
74452, u2208 ," I can't believe the price of these fleabags.,,,,,,,,,,,,,,,,,,,,,,,,,,,,,,,", u2209 ,m142,,
74453, u2209 ," I only gamble with my life, never my money."",,,,,,,,,,,,,,,,,,,,,,,,,,,,,,,", u2208 ,m142,,
74454, u2208 ," Sit down, O'Connell, sit down, we could use another good player."",,,,,,,,,,,,,,,,,,,,,,,,,,,,,,,", u2208 ,m142,,
74455, u2208 ," Um, well, you see..."",,,,,,,,,,,,,,,,,,,,,,,,,,,,,,,", u2209 ,m142,,
74456, u2209 ," Hey,... don't I know you?"",,,,,,,,,,,,,,,,,,,,,,,,,,,,,,,", u2209 ,m142,,
74457, u2209 ," Yeah? Well,... I'm sure she's not a total loss."",,,,,,,,,,,,,,,,,,,,,,,,,,,,,,,", u2208 ,m142,,
74458, u2208 ," She's my sister, actually."",,,,,,,,,,,,,,,,,,,,,,,,,,,,,,,", u2209 ,m142,,
