,User_id,text,sec_user,movies_name,relationship,attachment
78956, u2355 ," You can't stop what's comin. Ain't all waitin' on you.,,,,,,,,,,,,,,,,,,,,,,,,,,,,,,,", u2350 ,m151,,
78957, u2350 ," I'm... discouraged.,,,,,,,,,,,,,,,,,,,,,,,,,,,,,,,", u2355 ,m151,,
78958, u2355 ," You're discouraged.,,,,,,,,,,,,,,,,,,,,,,,,,,,,,,,", u2350 ,m151,,
78959, u2350 ," Most don't.,,,,,,,,,,,,,,,,,,,,,,,,,,,,,,,", u2355 ,m151,,
78960, u2355 ," ...What you got ain't nothin' new. This country is hard on people. Hard and crazy. Got the devil in it yet folks never seem to hold it to account.,,,,,,,,,,,,,,,,,,,,,,,,,,,,,,,", u2355 ,m151,,
78961, u2355 ," Believe it was that night. She buried him the next mornin'.  Diggin' in that hard caliche.,,,,,,,,,,,,,,,,,,,,,,,,,,,,,,,", u2350 ,m151,,
78962, u2350 ," No, I mean was it right away or in the night or when was it."",,,,,,,,,,,,,,,,,,,,,,,,,,,,,,,", u2355 ,m151,,
78963, u2355 ," Nineteen zero and nine.,,,,,,,,,,,,,,,,,,,,,,,,,,,,,,,", u2350 ,m151,,
78964, u2350 ," When did he die?,,,,,,,,,,,,,,,,,,,,,,,,,,,,,,,", u2355 ,m151,,
78965, u2355 ," ...Shot down on his own porch there in Hudspeth County. There was seven or eight of 'em come to the house. Wantin' this and wantin' that. Mac went back in and got his shotgun but they was way ahead of him. Shot him down in his own doorway.  Aunt Ella run out and tried to stop the bleedin'. Him tryin to get hold of the shotgun again. They just set there on their horses watchin' him die. Finally one of 'em says somethin' in Injun and they all turned and left out. Well Mac knew the score even if Aunt Ella didn't. Shot through the left lung and that was that. As they say.,,,,,,,,,,,,,,,,,,,,,,,,,,,,,,,", u2350 ,m151,,
78966, u2350 ," Yes I do.,,,,,,,,,,,,,,,,,,,,,,,,,,,,,,,", u2355 ,m151,,
78967, u2355 ," You don't know what he thinks.,,,,,,,,,,,,,,,,,,,,,,,,,,,,,,,", u2350 ,m151,,
78968, u2350 ," ...I always thought when I got older God would sort of come into my life in some way. He didn't. I don't blame him. If I was him I'd have the same opinion about me that he does.,,,,,,,,,,,,,,,,,,,,,,,,,,,,,,,", u2350 ,m151,,
78969, u2350 ," I don't know. I feel overmatched.,,,,,,,,,,,,,,,,,,,,,,,,,,,,,,,", u2355 ,m151,,
78970, u2355 ," How come're you doin that?,,,,,,,,,,,,,,,,,,,,,,,,,,,,,,,", u2350 ,m151,,
78971, u2350 ," Yes, you've circled round."",,,,,,,,,,,,,,,,,,,,,,,,,,,,,,,", u2355 ,m151,,
78972, u2355 ," ...Your granddad never asked me to sign on as deputy. I done that my own self. Loretta says you're quittin'.,,,,,,,,,,,,,,,,,,,,,,,,,,,,,,,", u2355 ,m151,,
78973, u2355 ," All the time you spend tryin' to get back what's been took from you there's more goin' out the door. After a while you just try and get a tourniquet on it.,,,,,,,,,,,,,,,,,,,,,,,,,,,,,,,", u2350 ,m151,,
78974, u2350 ," I'm kindly surprised to hear you say that.,,,,,,,,,,,,,,,,,,,,,,,,,,,,,,,", u2355 ,m151,,
78975, u2355 ," I don't know. Nothin'. Wouldn't be no point to it.,,,,,,,,,,,,,,,,,,,,,,,,,,,,,,,", u2350 ,m151,,
78976, u2350 ," What would you a done if he'd been released?,,,,,,,,,,,,,,,,,,,,,,,,,,,,,,,", u2355 ,m151,,
78977, u2355 ," In Angola. Yeah.,,,,,,,,,,,,,,,,,,,,,,,,,,,,,,,", u2350 ,m151,,
78978, u2350 ," That man that shot you died in prison.,,,,,,,,,,,,,,,,,,,,,,,,,,,,,,,", u2355 ,m151,,
78979, u2355 ," I generally make a fresh pot ever week even if there's some left over.,,,,,,,,,,,,,,,,,,,,,,,,,,,,,,,", u2350 ,m151,,
78980, u2350 ," How fresh is this coffee?,,,,,,,,,,,,,,,,,,,,,,,,,,,,,,,", u2355 ,m151,,
78981, u2355 ," 'Predate it.,,,,,,,,,,,,,,,,,,,,,,,,,,,,,,,", u2350 ,m151,,
78982, u2350 ," Want a cup?,,,,,,,,,,,,,,,,,,,,,,,,,,,,,,,", u2355 ,m151,,
78983, u2355 ," She just told me you was quittin'. Sit down.,,,,,,,,,,,,,,,,,,,,,,,,,,,,,,,", u2350 ,m151,,
78984, u2350 ," Didn't know there was any.,,,,,,,,,,,,,,,,,,,,,,,,,,,,,,,", u2355 ,m151,,
78985, u2355 ," Got a letter from your wife. She writes pretty regular, tells me the family news."",,,,,,,,,,,,,,,,,,,,,,,,,,,,,,,", u2350 ,m151,,
78986, u2350 ," I am older.,,,,,,,,,,,,,,,,,,,,,,,,,,,,,,,", u2355 ,m151,,
78987, u2355 ," You lookin' at it. I got to say you look older.,,,,,,,,,,,,,,,,,,,,,,,,,,,,,,,", u2350 ,m151,,
78988, u2350 ," How you been, Ellis?"",,,,,,,,,,,,,,,,,,,,,,,,,,,,,,,", u2355 ,m151,,
78989, u2355 ," Cats? Several. Wal. Depends what you mean by got. Some are half-wild, and some are just outlaws."",,,,,,,,,,,,,,,,,,,,,,,,,,,,,,,", u2350 ,m151,,
78990, u2350 ," How many a those things you got now?,,,,,,,,,,,,,,,,,,,,,,,,,,,,,,,", u2355 ,m151,,
78991, u2355 ," I deduced it. Once you walked in.,,,,,,,,,,,,,,,,,,,,,,,,,,,,,,,", u2350 ,m151,,
78992, u2350 ," But -- how'd you know it was mine?,,,,,,,,,,,,,,,,,,,,,,,,,,,,,,,", u2355 ,m151,,
78993, u2355 ," What give you that idea. I seen one of the cats heard it.,,,,,,,,,,,,,,,,,,,,,,,,,,,,,,,", u2350 ,m151,,
78994, u2350 ," You heard my -- you havin' fun with me?,,,,,,,,,,,,,,,,,,,,,,,,,,,,,,,", u2355 ,m151,,
78995, u2355 ," How's that?,,,,,,,,,,,,,,,,,,,,,,,,,,,,,,,", u2350 ,m151,,
78996, u2350 ," You heard it?,,,,,,,,,,,,,,,,,,,,,,,,,,,,,,,", u2355 ,m151,,
78997, u2355 ," Who else'd be in your truck.,,,,,,,,,,,,,,,,,,,,,,,,,,,,,,,", u2350 ,m151,,
78998, u2350 ," How'd you know I was here.,,,,,,,,,,,,,,,,,,,,,,,,,,,,,,,", u2364 ,m151,,
78999, u2364 ," Strolls right back into a crime scene. Who would do such a thing? How do you defend against it?,,,,,,,,,,,,,,,,,,,,,,,,,,,,,,,", u2350 ,m151,,
79000, u2350 ," Hard to believe.,,,,,,,,,,,,,,,,,,,,,,,,,,,,,,,", u2364 ,m151,,
79001, u2364 ," That don't hardly say it. He shoots the desk clerk one day, and walks right back in the next and shoots a retired army colonel."",,,,,,,,,,,,,,,,,,,,,,,,,,,,,,,", u2350 ,m151,,
79002, u2350 ," Yes, he has some hard bark on him."",,,,,,,,,,,,,,,,,,,,,,,,,,,,,,,", u2364 ,m151,,
79003, u2364 ," All that at the Eagle Hotel. It's beyond everything.,,,,,,,,,,,,,,,,,,,,,,,,,,,,,,,", u2350 ,m151,,
79004, u2350 ," Oh yes.,,,,,,,,,,,,,,,,,,,,,,,,,,,,,,,", u2364 ,m151,,
79005, u2364 ," He's real all right.,,,,,,,,,,,,,,,,,,,,,,,,,,,,,,,", u2350 ,m151,,
79006, u2350 ," I don't know. Sometimes I think he's pretty much a ghost.,,,,,,,,,,,,,,,,,,,,,,,,,,,,,,,", u2364 ,m151,,
79007, u2364 ," Well what would you call him.,,,,,,,,,,,,,,,,,,,,,,,,,,,,,,,", u2350 ,m151,,
79008, u2350 ," I'm not sure he's a lunatic.,,,,,,,,,,,,,,,,,,,,,,,,,,,,,,,", u2364 ,m151,,
79009, u2364 ," He is just a goddamn homicidal lunatic, Ed Tom."",,,,,,,,,,,,,,,,,,,,,,,,,,,,,,,", u2350 ,m151,,
79010, u2350 ," Uh-huh.,,,,,,,,,,,,,,,,,,,,,,,,,,,,,,,", u2364 ,m151,,
79011, u2364 ," None of that explains your man though.,,,,,,,,,,,,,,,,,,,,,,,,,,,,,,,", u2350 ,m151,,
79012, u2350 ," Yessir. It may be that. In a nutshell.,,,,,,,,,,,,,,,,,,,,,,,,,,,,,,,", u2364 ,m151,,
79013, u2364 ," Try """"old"""" on for size."",,,,,,,,,,,,,,,,,,,,,,,,,,,,,,,", u2350 ,m151,,
79014, u2350 ," ...I don't know what I do feel like.,,,,,,,,,,,,,,,,,,,,,,,,,,,,,,,", u2350 ,m151,,
79015, u2350 ," Not the one thing. I used to think I could at least some way put things right. I don't feel that way no more.,,,,,,,,,,,,,,,,,,,,,,,,,,,,,,,", u2364 ,m151,,
79016, u2364 ," It's the tide. It's the dismal tide. It is not the one thing.,,,,,,,,,,,,,,,,,,,,,,,,,,,,,,,", u2350 ,m151,,
79017, u2350 ," Signs and wonders. But I think once you stop hearin' sir and madam the rest is soon to follow.,,,,,,,,,,,,,,,,,,,,,,,,,,,,,,,", u2364 ,m151,,
79018, u2364 ," If you'd a told me twenty years ago I'd see children walkin' the streets of our Texas towns with green hair and bones in their noses I just flat out wouldn't of believed you.,,,,,,,,,,,,,,,,,,,,,,,,,,,,,,,", u2350 ,m151,,
79019, u2350 ," Yes.,,,,,,,,,,,,,,,,,,,,,,,,,,,,,,,", u2364 ,m151,,
79020, u2364 ," It's all the goddamned money, Ed Tom. The money and the drugs.  It's just goddamned beyond everything. What is it mean? What is it leading to?"",,,,,,,,,,,,,,,,,,,,,,,,,,,,,,,", u2350 ,m151,,
79021, u2350 ," I suppose. Though they was leavin' in a hurry.,,,,,,,,,,,,,,,,,,,,,,,,,,,,,,,", u2364 ,m151,,
79022, u2364 ," Couple hundred on his person. Those hombres would've taken the stash.,,,,,,,,,,,,,,,,,,,,,,,,,,,,,,,", u2350 ,m151,,
79023, u2350 ," No money in his room there?,,,,,,,,,,,,,,,,,,,,,,,,,,,,,,,", u2364 ,m151,,
79024, u2364 ," Not hardly nothin' in her room. And that establishment was no stickler on registration. Well...,,,,,,,,,,,,,,,,,,,,,,,,,,,,,,,", u2350 ,m151,,
79025, u2350 ," No ID in her room?,,,,,,,,,,,,,,,,,,,,,,,,,,,,,,,", u2364 ,m151,,
79026, u2364 ," I thought maybe she was with your boy there.,,,,,,,,,,,,,,,,,,,,,,,,,,,,,,,", u2351 ,m151,,
79027, u2351 ," No.,,,,,,,,,,,,,,,,,,,,,,,,,,,,,,,", u2350 ,m151,,
79028, u2350 ," Carla Jean...,,,,,,,,,,,,,,,,,,,,,,,,,,,,,,,", u2350 ,m151,,
79029, u2350 ," Carla Jean, I will not harm your man. And he needs help, whether he knows it or not."",,,,,,,,,,,,,,,,,,,,,,,,,,,,,,,", u2351 ,m151,,
79030, u2351 ," Llewelyn would never ask for help. He never thinks he needs any.,,,,,,,,,,,,,,,,,,,,,,,,,,,,,,,", u2350 ,m151,,
79031, u2350 ," Yes ma'am, I do."",,,,,,,,,,,,,,,,,,,,,,,,,,,,,,,", u2351 ,m151,,
79032, u2351 ," If I tell you where Llewelyn's headed, you promise it'll be just you goes and talks with him -- you and nobody else?"",,,,,,,,,,,,,,,,,,,,,,,,,,,,,,,", u2350 ,m151,,
79033, u2350 ," Yes ma'am?,,,,,,,,,,,,,,,,,,,,,,,,,,,,,,,", u2351 ,m151,,
79034, u2351 ," Yeah, right. Sheriff, can you give me your word on somethin'?"",,,,,,,,,,,,,,,,,,,,,,,,,,,,,,,", u2350 ,m151,,
79035, u2350 ," Who's Charlie Walser. Oh! Well, I, uh... True story? I couldn't swear to ever detail but... it's certainly true that it is a story."",,,,,,,,,,,,,,,,,,,,,,,,,,,,,,,", u2350 ,m151,,
79036, u2350 ," I don't know. My mind wanders.,,,,,,,,,,,,,,,,,,,,,,,,,,,,,,,", u2351 ,m151,,
79037, u2351 ," Why you tellin' me that, Sheriff?"",,,,,,,,,,,,,,,,,,,,,,,,,,,,,,,", u2351 ,m151,,
79038, u2351 ," He can take all comers.,,,,,,,,,,,,,,,,,,,,,,,,,,,,,,,", u2350 ,m151,,
79039, u2350 ," I wish I could say that was in his favor. But I have to say I don't think it is.,,,,,,,,,,,,,,,,,,,,,,,,,,,,,,,", u2351 ,m151,,
79040, u2351 ," He won't neither. He never has.,,,,,,,,,,,,,,,,,,,,,,,,,,,,,,,", u2350 ,m151,,
79041, u2350 ," These people will kill him, Carla Jean. They won't quit."",,,,,,,,,,,,,,,,,,,,,,,,,,,,,,,", u2351 ,m151,,
79042, u2351 ," Llewelyn can take care of hisself.,,,,,,,,,,,,,,,,,,,,,,,,,,,,,,,", u2350 ,m151,,
79043, u2350 ," Some pretty bad people.,,,,,,,,,,,,,,,,,,,,,,,,,,,,,,,", u2351 ,m151,,
79044, u2351 ," Who's he in trouble with then?,,,,,,,,,,,,,,,,,,,,,,,,,,,,,,,", u2350 ,m151,,
79045, u2350 ," It's not me he's in trouble with.,,,,,,,,,,,,,,,,,,,,,,,,,,,,,,,", u2351 ,m151,,
79046, u2351 ," Well, I don't know. He don't need any trouble from you."",,,,,,,,,,,,,,,,,,,,,,,,,,,,,,,", u2350 ,m151,,
79047, u2350 ," Would you tell me if you had?,,,,,,,,,,,,,,,,,,,,,,,,,,,,,,,", u2351 ,m151,,
79048, u2351 ," Not word one.,,,,,,,,,,,,,,,,,,,,,,,,,,,,,,,", u2350 ,m151,,
79049, u2350 ," Nothin'?,,,,,,,,,,,,,,,,,,,,,,,,,,,,,,,", u2351 ,m151,,
79050, u2351 ," No I ain't.,,,,,,,,,,,,,,,,,,,,,,,,,,,,,,,", u2350 ,m151,,
79051, u2350 ," You ain't heard from him?,,,,,,,,,,,,,,,,,,,,,,,,,,,,,,,", u2351 ,m151,,
79052, u2351 ," Don't know why I did. I told you, I don't know where he is."",,,,,,,,,,,,,,,,,,,,,,,,,,,,,,,", u2350 ,m151,,
79053, u2350 ," My lord, Wendell, it's just all-out war. I  don't know any other word for it. Who are these folks? I don't know..."",,,,,,,,,,,,,,,,,,,,,,,,,,,,,,,", u2366 ,m151,,
79054, u2366 ," Yessir.,,,,,,,,,,,,,,,,,,,,,,,,,,,,,,,", u2350 ,m151,,
79055, u2350 ," Natural to the line of work they was in.,,,,,,,,,,,,,,,,,,,,,,,,,,,,,,,", u2366 ,m151,,
79056, u2366 ," How's that, Sheriff?"",,,,,,,,,,,,,,,,,,,,,,,,,,,,,,,", u2350 ,m151,,
79057, u2350 ," No, that's the only thing I would've looked for. And it sounds like these boys died of natural causes."",,,,,,,,,,,,,,,,,,,,,,,,,,,,,,,", u2366 ,m151,,
79058, u2366 ," You gonna drive out there?,,,,,,,,,,,,,,,,,,,,,,,,,,,,,,,", u2350 ,m151,,
79059, u2350 ," Okay.,,,,,,,,,,,,,,,,,,,,,,,,,,,,,,,", u2366 ,m151,,
79060, u2366 ," Yessir. It was punched out.,,,,,,,,,,,,,,,,,,,,,,,,,,,,,,,", u2350 ,m151,,
79061, u2350 ," Now, Wendell, did you inquire about the cylinder lock?"",,,,,,,,,,,,,,,,,,,,,,,,,,,,,,,", u2366 ,m151,,
79062, u2366 ," Yessir.,,,,,,,,,,,,,,,,,,,,,,,,,,,,,,,", u2350 ,m151,,
79063, u2350 ," There's a question. Whether they stopped bein'. And when.,,,,,,,,,,,,,,,,,,,,,,,,,,,,,,,", u2366 ,m151,,
79064, u2366 ," Yessir. None of the three had ID on 'em but they're tellin' me all three is Mexicans. Was Mexicans.,,,,,,,,,,,,,,,,,,,,,,,,,,,,,,,", u2350 ,m151,,
79065, u2350 ," Well then I guess I can skip it. Heavens to Betsy, Wendell, you already put me off my breakfast."",,,,,,,,,,,,,,,,,,,,,,,,,,,,,,,", u2366 ,m151,,
79066, u2366 ," No sir.,,,,,,,,,,,,,,,,,,,,,,,,,,,,,,,", u2350 ,m151,,
79067, u2350 ," I don't know. Any new bodies accumulated out there?,,,,,,,,,,,,,,,,,,,,,,,,,,,,,,,", u2366 ,m151,,
79068, u2366 ," The Rangers and DEA are heading out to the desert this morning. You gonna join 'em?,,,,,,,,,,,,,,,,,,,,,,,,,,,,,,,", u2350 ,m151,,
79069, u2350 ," Yes Noreen you better had. Thank you.,,,,,,,,,,,,,,,,,,,,,,,,,,,,,,,", u2350 ,m151,,
79070, u2350 ," Well I don't either!,,,,,,,,,,,,,,,,,,,,,,,,,,,,,,,", u2366 ,m151,,
79071, u2366 ," Sir, I don't want to picture that."",,,,,,,,,,,,,,,,,,,,,,,,,,,,,,,", u2350 ,m151,,
79072, u2350 ," Are you telling me he shot this boy in the head and then went fishin' around in there with a pocket knife?,,,,,,,,,,,,,,,,,,,,,,,,,,,,,,,", u2366 ,m151,,
79073, u2366 ," Yes sir.,,,,,,,,,,,,,,,,,,,,,,,,,,,,,,,", u2350 ,m151,,
79074, u2350 ," You said entrance wound in the forehead, no exit wound."",,,,,,,,,,,,,,,,,,,,,,,,,,,,,,,", u2366 ,m151,,
79075, u2366 ," No sir.,,,,,,,,,,,,,,,,,,,,,,,,,,,,,,,", u2350 ,m151,,
79076, u2350 ," Well, Wendell, with all due respect, that don't make a whole lot of sense."",,,,,,,,,,,,,,,,,,,,,,,,,,,,,,,", u2366 ,m151,,
79077, u2366 ," Yessir. Wasn't none.,,,,,,,,,,,,,,,,,,,,,,,,,,,,,,,", u2350 ,m151,,
79078, u2350 ," Wasn't no bullet?,,,,,,,,,,,,,,,,,,,,,,,,,,,,,,,", u2366 ,m151,,
79079, u2366 ," Wasn't no bullet.,,,,,,,,,,,,,,,,,,,,,,,,,,,,,,,", u2350 ,m151,,
79080, u2350 ," What was the bullet?,,,,,,,,,,,,,,,,,,,,,,,,,,,,,,,", u2350 ,m151,,
79081, u2350 ," I don't know. He ought to...,,,,,,,,,,,,,,,,,,,,,,,,,,,,,,,", u2366 ,m151,,
79082, u2366 ," You think this boy Moss has got any notion of the sorts of sons of bitches that are huntin' him?,,,,,,,,,,,,,,,,,,,,,,,,,,,,,,,", u2350 ,m151,,
79083, u2350 ," I'm ahead of you there.,,,,,,,,,,,,,,,,,,,,,,,,,,,,,,,", u2366 ,m151,,
79084, u2366 ," Sheriff, that's aggravating."",,,,,,,,,,,,,,,,,,,,,,,,,,,,,,,", u2366 ,m151,,
79085, u2366 ," Sheriff?,,,,,,,,,,,,,,,,,,,,,,,,,,,,,,,", u2350 ,m151,,
79086, u2350 ," ...Now that's aggravating.,,,,,,,,,,,,,,,,,,,,,,,,,,,,,,,", u2350 ,m151,,
79087, u2350 ," I don't know. Oh.,,,,,,,,,,,,,,,,,,,,,,,,,,,,,,,", u2366 ,m151,,
79088, u2366 ," So when was he here?,,,,,,,,,,,,,,,,,,,,,,,,,,,,,,,", u2350 ,m151,,
79089, u2350 ," Probably must be.,,,,,,,,,,,,,,,,,,,,,,,,,,,,,,,", u2366 ,m151,,
79090, u2366 ," That from the lock?,,,,,,,,,,,,,,,,,,,,,,,,,,,,,,,", u2350 ,m151,,
79091, u2350 ," Believe you're right.,,,,,,,,,,,,,,,,,,,,,,,,,,,,,,,", u2366 ,m151,,
79092, u2366 ," ...I believe they've done lit a shuck.,,,,,,,,,,,,,,,,,,,,,,,,,,,,,,,", u2350 ,m151,,
79093, u2350 ," I'm hidin' behind you.,,,,,,,,,,,,,,,,,,,,,,,,,,,,,,,", u2366 ,m151,,
79094, u2366 ," What about yours?,,,,,,,,,,,,,,,,,,,,,,,,,,,,,,,", u2350 ,m151,,
79095, u2350 ," Gun out and up.,,,,,,,,,,,,,,,,,,,,,,,,,,,,,,,", u2366 ,m151,,
79096, u2366 ," We goin' in?,,,,,,,,,,,,,,,,,,,,,,,,,,,,,,,", u2366 ,m151,,
79097, u2366 ," It's a mess, ain't it Sheriff?"",,,,,,,,,,,,,,,,,,,,,,,,,,,,,,,", u2350 ,m151,,
79098, u2350 ," No. Probably I don't.,,,,,,,,,,,,,,,,,,,,,,,,,,,,,,,", u2366 ,m151,,
79099, u2366 ," But you don't believe it.,,,,,,,,,,,,,,,,,,,,,,,,,,,,,,,", u2350 ,m151,,
79100, u2350 ," That's possible.,,,,,,,,,,,,,,,,,,,,,,,,,,,,,,,", u2366 ,m151,,
79101, u2366 ," These boys is all swole up. So this was earlier: gettin set to trade. Then, whoa, differences... You know: might not of even been no money."",,,,,,,,,,,,,,,,,,,,,,,,,,,,,,,", u2350 ,m151,,
79102, u2350 ," I don't know...,,,,,,,,,,,,,,,,,,,,,,,,,,,,,,,", u2366 ,m151,,
79103, u2366 ," ...How come do you reckon the coyotes ain't been at 'em?,,,,,,,,,,,,,,,,,,,,,,,,,,,,,,,", u2366 ,m151,,
79104, u2366 ," Mm.,,,,,,,,,,,,,,,,,,,,,,,,,,,,,,,", u2350 ,m151,,
79105, u2350 ," ...Somebody unloaded on this thing with a shotgun.,,,,,,,,,,,,,,,,,,,,,,,,,,,,,,,", u2350 ,m151,,
79106, u2350 ," Nine millimeter. Couple of .45 ACP's.,,,,,,,,,,,,,,,,,,,,,,,,,,,,,,,", u2366 ,m151,,
79107, u2366 ," What calibers you got there, Sheriff?"",,,,,,,,,,,,,,,,,,,,,,,,,,,,,,,", u2350 ,m151,,
79108, u2350 ," Yes, appears to have been a glitch or two."",,,,,,,,,,,,,,,,,,,,,,,,,,,,,,,", u2366 ,m151,,
79109, u2366 ," You figure him for a dope runner?,,,,,,,,,,,,,,,,,,,,,,,,,,,,,,,", u2350 ,m151,,
79110, u2350 ," That's the boy.,,,,,,,,,,,,,,,,,,,,,,,,,,,,,,,", u2366 ,m151,,
79111, u2366 ," Llewelyn Moss?,,,,,,,,,,,,,,,,,,,,,,,,,,,,,,,", u2350 ,m151,,
79112, u2350 ," I know this truck. Belongs to a feller named Moss.,,,,,,,,,,,,,,,,,,,,,,,,,,,,,,,", u2350 ,m151,,
79113, u2350 ," Oh, I'm more than sure. Anything happens to Loretta's horse I can tell you right now you don't wanna be the party that was aboard."",,,,,,,,,,,,,,,,,,,,,,,,,,,,,,,", u2366 ,m151,,
79114, u2366 ," You sure?,,,,,,,,,,,,,,,,,,,,,,,,,,,,,,,", u2350 ,m151,,
79115, u2350 ," ...You ride Winston.,,,,,,,,,,,,,,,,,,,,,,,,,,,,,,,", u2350 ,m151,,
79116, u2350 ," Uh-huh.,,,,,,,,,,,,,,,,,,,,,,,,,,,,,,,", u2366 ,m151,,
79117, u2366 ," Yessir. But then there's this other. He nods up the ridge away from the highway.,,,,,,,,,,,,,,,,,,,,,,,,,,,,,,,", u2350 ,m151,,
79118, u2350 ," Well. Old age flattens a man.,,,,,,,,,,,,,,,,,,,,,,,,,,,,,,,", u2366 ,m151,,
79119, u2366 ," That's very linear Sheriff.,,,,,,,,,,,,,,,,,,,,,,,,,,,,,,,", u2350 ,m151,,
79120, u2350 ," Yessir, his vehicle. Man killed Lamar's deputy, took his car, killed someone on the highway, swapped for his car, and now here it is and he's swapped again for god knows what."",,,,,,,,,,,,,,,,,,,,,,,,,,,,,,,", u2366 ,m151,,
79121, u2366 ," The old boy shot by the highway?,,,,,,,,,,,,,,,,,,,,,,,,,,,,,,,", u2350 ,m151,,
79122, u2350 ," I'd say it is. Not a doubt in my mind.,,,,,,,,,,,,,,,,,,,,,,,,,,,,,,,", u2366 ,m151,,
79123, u2366 ," It could be.,,,,,,,,,,,,,,,,,,,,,,,,,,,,,,,", u2350 ,m151,,
79124, u2350 ," Does that look to you like about a '77 Ford, Wendell?"",,,,,,,,,,,,,,,,,,,,,,,,,,,,,,,", u2366 ,m151,,
79125, u2366 ," Yessir. We should a brought wieners.,,,,,,,,,,,,,,,,,,,,,,,,,,,,,,,", u2350 ,m151,,
79126, u2350 ," You wouldn't think a car would burn like that.,,,,,,,,,,,,,,,,,,,,,,,,,,,,,,,", u2350 ,m151,,
79127, u2350 ," I think I'm goin' to commence dedicatin' myself twice daily. It may come to three times before it's over...,,,,,,,,,,,,,,,,,,,,,,,,,,,,,,,", u2359 ,m151,,
79128, u2359 ," We dedicate ourselves daily anew. Something like that.,,,,,,,,,,,,,,,,,,,,,,,,,,,,,,,", u2350 ,m151,,
79129, u2350 ," ...What is it that Torbert says? About truth and justice?,,,,,,,,,,,,,,,,,,,,,,,,,,,,,,,", u2350 ,m151,,
79130, u2350 ," Yes I do. You don't want to lie without what it's absolutely necessary.,,,,,,,,,,,,,,,,,,,,,,,,,,,,,,,", u2359 ,m151,,
79131, u2359 ," You want me to wait til you've quit the building?,,,,,,,,,,,,,,,,,,,,,,,,,,,,,,,", u2350 ,m151,,
79132, u2350 ," I'll call Loretta when I get there. I'd call now but she'll want me to come home and I just might.,,,,,,,,,,,,,,,,,,,,,,,,,,,,,,,", u2359 ,m151,,
79133, u2359 ," Yes Sheriff.,,,,,,,,,,,,,,,,,,,,,,,,,,,,,,,", u2350 ,m151,,
79134, u2350 ," ...Could I get you to call Loretta and tell her I've gone to Odessa? goin' to visit with Carla Jean Moss.,,,,,,,,,,,,,,,,,,,,,,,,,,,,,,,", u2359 ,m151,,
79135, u2359 ," He's goin' back out there and he wanted to know if you wanted to go with him.,,,,,,,,,,,,,,,,,,,,,,,,,,,,,,,", u2350 ,m151,,
79136, u2350 ," I'm goin' to try and keep from it as much as I can.,,,,,,,,,,,,,,,,,,,,,,,,,,,,,,,", u2359 ,m151,,
79137, u2359 ," That DEA agent called again. You don't want to talk to him?,,,,,,,,,,,,,,,,,,,,,,,,,,,,,,,", u2350 ,m151,,
79138, u2350 ," ...This month's checks.,,,,,,,,,,,,,,,,,,,,,,,,,,,,,,,", u2350 ,m151,,
79139, u2350 ," Okay. Two of 'em. Both had my father. It's peculiar. I'm older now'n he ever was by twenty years. So in a sense he's the younger man. Anyway, first one I don't remember so well but it was about meetin' him in town somewheres and he give me some money and I think I lost it. The second one, it was like we was both back in older times and I was on horseback goin' through the mountains of a night."",,,,,,,,,,,,,,,,,,,,,,,,,,,,,,,", u2356 ,m151,,
79140, u2356 ," Ed Tom, I'll be polite."",,,,,,,,,,,,,,,,,,,,,,,,,,,,,,,", u2350 ,m151,,
79141, u2350 ," Well they always is to the party concerned.,,,,,,,,,,,,,,,,,,,,,,,,,,,,,,,", u2356 ,m151,,
79142, u2356 ," Well you got time for 'em now. Anything interesting?,,,,,,,,,,,,,,,,,,,,,,,,,,,,,,,", u2350 ,m151,,
79143, u2350 ," I don't know. Had dreams.,,,,,,,,,,,,,,,,,,,,,,,,,,,,,,,", u2356 ,m151,,
79144, u2356 ," ...How'd you sleep?,,,,,,,,,,,,,,,,,,,,,,,,,,,,,,,", u2356 ,m151,,
79145, u2356 ," Lord no. I'm not retired.,,,,,,,,,,,,,,,,,,,,,,,,,,,,,,,", u2350 ,m151,,
79146, u2350 ," I mean, would you care to join me."",,,,,,,,,,,,,,,,,,,,,,,,,,,,,,,", u2356 ,m151,,
79147, u2356 ," I can't plan your day.,,,,,,,,,,,,,,,,,,,,,,,,,,,,,,,", u2350 ,m151,,
79148, u2350 ," What do you think.,,,,,,,,,,,,,,,,,,,,,,,,,,,,,,,", u2356 ,m151,,
79149, u2356 ," Okay.,,,,,,,,,,,,,,,,,,,,,,,,,,,,,,,", u2350 ,m151,,
79150, u2350 ," Maybe I'll go ridin.,,,,,,,,,,,,,,,,,,,,,,,,,,,,,,,", u2350 ,m151,,
79151, u2350 ," Well. If you say so.,,,,,,,,,,,,,,,,,,,,,,,,,,,,,,,", u2356 ,m151,,
79152, u2356 ," Don't hurt no one.,,,,,,,,,,,,,,,,,,,,,,,,,,,,,,,", u2350 ,m151,,
79153, u2350 ," I never do.,,,,,,,,,,,,,,,,,,,,,,,,,,,,,,,", u2356 ,m151,,
79154, u2356 ," Don't get hurt.,,,,,,,,,,,,,,,,,,,,,,,,,,,,,,,", u2350 ,m151,,
79155, u2350 ," I always am.,,,,,,,,,,,,,,,,,,,,,,,,,,,,,,,", u2356 ,m151,,
79156, u2356 ," ...Be careful.,,,,,,,,,,,,,,,,,,,,,,,,,,,,,,,", u2356 ,m151,,
79157, u2356 ," That's very nice.,,,,,,,,,,,,,,,,,,,,,,,,,,,,,,,", u2350 ,m151,,
79158, u2350 ," ...I love you more'n more, ever day."",,,,,,,,,,,,,,,,,,,,,,,,,,,,,,,", u2350 ,m151,,
79159, u2350 ," Hyah!,,,,,,,,,,,,,,,,,,,,,,,,,,,,,,,", u2356 ,m151,,
79160, u2356 ," When is the county gonna start payin' a rental on my horse.,,,,,,,,,,,,,,,,,,,,,,,,,,,,,,,", u2350 ,m151,,
79161, u2350 ," It is a car afire. But Wendell said there was something back country too.,,,,,,,,,,,,,,,,,,,,,,,,,,,,,,,", u2356 ,m151,,
79162, u2356 ," I thought it was a car afire.,,,,,,,,,,,,,,,,,,,,,,,,,,,,,,,", u2351 ,m151,,
79163, u2351 ," Well I put it in. That one. You just set there. I'll get tickets and a cart for the bags.,,,,,,,,,,,,,,,,,,,,,,,,,,,,,,,", u2361 ,m151,,
79164, u2361 ," Well I didn't see it.,,,,,,,,,,,,,,,,,,,,,,,,,,,,,,,", u2351 ,m151,,
79165, u2351 ," I put it in, Mama."",,,,,,,,,,,,,,,,,,,,,,,,,,,,,,,", u2361 ,m151,,
79166, u2361 ," I didn't see my Prednizone.,,,,,,,,,,,,,,,,,,,,,,,,,,,,,,,", u2351 ,m151,,
79167, u2351 ," I got it Mama.,,,,,,,,,,,,,,,,,,,,,,,,,,,,,,,", u2361 ,m151,,
79168, u2361 ," Three years ago I said them very words. No and Good.,,,,,,,,,,,,,,,,,,,,,,,,,,,,,,,", u2351 ,m151,,
79169, u2351 ," It ain't even three years we been married.,,,,,,,,,,,,,,,,,,,,,,,,,,,,,,,", u2352 ,m151,,
79170, u2352 ," Yes. Things fall into place.,,,,,,,,,,,,,,,,,,,,,,,,,,,,,,,", u2351 ,m151,,
79171, u2351 ," I knowed you was crazy when I saw you settin' there. I knowed exactly what was in store for me.,,,,,,,,,,,,,,,,,,,,,,,,,,,,,,,", u2352 ,m151,,
79172, u2352 ," I don't say anything. Except it was foreseen.,,,,,,,,,,,,,,,,,,,,,,,,,,,,,,,", u2351 ,m151,,
79173, u2351 ," Not like that. Not like you say.,,,,,,,,,,,,,,,,,,,,,,,,,,,,,,,", u2352 ,m151,,
79174, u2352 ," Your husband had the opportunity to remove you from harm's way. Instead, he used you to try to save himself."",,,,,,,,,,,,,,,,,,,,,,,,,,,,,,,", u2351 ,m151,,
79175, u2351 ," That don't make sense. You gave your word to my husband to kill me?,,,,,,,,,,,,,,,,,,,,,,,,,,,,,,,", u2352 ,m151,,
79176, u2352 ," To your husband.,,,,,,,,,,,,,,,,,,,,,,,,,,,,,,,", u2351 ,m151,,
79177, u2351 ," You gave your word?,,,,,,,,,,,,,,,,,,,,,,,,,,,,,,,", u2352 ,m151,,
79178, u2352 ," No. But I gave my word.,,,,,,,,,,,,,,,,,,,,,,,,,,,,,,,", u2351 ,m151,,
79179, u2351 ," ...You got no cause to hurt me.,,,,,,,,,,,,,,,,,,,,,,,,,,,,,,,", u2351 ,m151,,
79180, u2351 ," ...I need to sit down.,,,,,,,,,,,,,,,,,,,,,,,,,,,,,,,", u2352 ,m151,,
79181, u2352 ," I wouldn't worry about it.,,,,,,,,,,,,,,,,,,,,,,,,,,,,,,,", u2351 ,m151,,
79182, u2351 ," What little I had is long gone and they's bill aplenty to pay yet. I buried my mother today. I ain't paid for that neither.,,,,,,,,,,,,,,,,,,,,,,,,,,,,,,,", u2352 ,m151,,
79183, u2352 ," No.,,,,,,,,,,,,,,,,,,,,,,,,,,,,,,,", u2351 ,m151,,
79184, u2351 ," I ain't got the money.,,,,,,,,,,,,,,,,,,,,,,,,,,,,,,,", u2352 ,m151,,
79185, u2352 ," No.,,,,,,,,,,,,,,,,,,,,,,,,,,,,,,,", u2351 ,m151,,
79186, u2351 ," She'll be all right?,,,,,,,,,,,,,,,,,,,,,,,,,,,,,,,", u2360 ,m151,,
79187, u2360 ," She'll be all right.,,,,,,,,,,,,,,,,,,,,,,,,,,,,,,,", u2351 ,m151,,
79188, u2351 ," Find who? What am I supposed to do with Mother?,,,,,,,,,,,,,,,,,,,,,,,,,,,,,,,", u2360 ,m151,,
79189, u2360 ," No. This works better. With you gone and I don't have the money, he can't touch me. But I can sure touch him. After I find him I'll come and join you."",,,,,,,,,,,,,,,,,,,,,,,,,,,,,,,", u2351 ,m151,,
79190, u2351 ," Llewelyn, I ain't gonna leave you in the lurch."",,,,,,,,,,,,,,,,,,,,,,,,,,,,,,,", u2351 ,m151,,
79191, u2351 ," I can hear it in your voice.,,,,,,,,,,,,,,,,,,,,,,,,,,,,,,,", u2360 ,m151,,
79192, u2360 ," What makes you say that?,,,,,,,,,,,,,,,,,,,,,,,,,,,,,,,", u2351 ,m151,,
79193, u2351 ," What did I know to tell him. You're hurt, ain't you?"",,,,,,,,,,,,,,,,,,,,,,,,,,,,,,,", u2360 ,m151,,
79194, u2360 ," What did you tell him?,,,,,,,,,,,,,,,,,,,,,,,,,,,,,,,", u2351 ,m151,,
79195, u2351 ," I don't know, I had the sheriff here from Terrell County --"",,,,,,,,,,,,,,,,,,,,,,,,,,,,,,,", u2360 ,m151,,
79196, u2360 ," You know what's goin' on?,,,,,,,,,,,,,,,,,,,,,,,,,,,,,,,", u2351 ,m151,,
79197, u2351 ," What should I do?,,,,,,,,,,,,,,,,,,,,,,,,,,,,,,,", u2360 ,m151,,
79198, u2360 ," Hey.,,,,,,,,,,,,,,,,,,,,,,,,,,,,,,,", u2351 ,m151,,
79199, u2351 ," Llewelyn?,,,,,,,,,,,,,,,,,,,,,,,,,,,,,,,", u2360 ,m151,,
79200, u2360 ," I shall return.,,,,,,,,,,,,,,,,,,,,,,,,,,,,,,,", u2351 ,m151,,
79201, u2351 ," You are comin back, ain't ya?"",,,,,,,,,,,,,,,,,,,,,,,,,,,,,,,", u2360 ,m151,,
79202, u2360 ," Yes ma'am?,,,,,,,,,,,,,,,,,,,,,,,,,,,,,,,", u2351 ,m151,,
79203, u2351 ," Llewelyn?,,,,,,,,,,,,,,,,,,,,,,,,,,,,,,,", u2360 ,m151,,
79204, u2360 ," Not any more, Carla Jean. You're retired."",,,,,,,,,,,,,,,,,,,,,,,,,,,,,,,", u2351 ,m151,,
79205, u2351 ," I'm used to lots of things, I work at Wal-Mart."",,,,,,,,,,,,,,,,,,,,,,,,,,,,,,,", u2360 ,m151,,
79206, u2360 ," You should be used to that.,,,,,,,,,,,,,,,,,,,,,,,,,,,,,,,", u2351 ,m151,,
79207, u2351 ," She is just gonna cuss you up'n down.,,,,,,,,,,,,,,,,,,,,,,,,,,,,,,,", u2360 ,m151,,
79208, u2360 ," Uh-huh.,,,,,,,,,,,,,,,,,,,,,,,,,,,,,,,", u2351 ,m151,,
79209, u2351 ," Mama's gonna raise hell.,,,,,,,,,,,,,,,,,,,,,,,,,,,,,,,", u2360 ,m151,,
79210, u2360 ," Well I got  a good one. So they ought to even out. Quit worrying about everthing.,,,,,,,,,,,,,,,,,,,,,,,,,,,,,,,", u2351 ,m151,,
79211, u2351 ," I got a bad feelin', Llewelyn."",,,,,,,,,,,,,,,,,,,,,,,,,,,,,,,", u2360 ,m151,,
79212, u2360 ," Yes I do.,,,,,,,,,,,,,,,,,,,,,,,,,,,,,,,", u2351 ,m151,,
79213, u2351 ," Promise?,,,,,,,,,,,,,,,,,,,,,,,,,,,,,,,", u2360 ,m151,,
79214, u2360 ," Don't wanna register it. I'll call you in a couple days.,,,,,,,,,,,,,,,,,,,,,,,,,,,,,,,", u2351 ,m151,,
79215, u2351 ," You can't afford one?,,,,,,,,,,,,,,,,,,,,,,,,,,,,,,,", u2360 ,m151,,
79216, u2360 ," I'm gonna borrow a car. From Eldon.,,,,,,,,,,,,,,,,,,,,,,,,,,,,,,,", u2351 ,m151,,
79217, u2351 ," Why all the way to Del Rio?,,,,,,,,,,,,,,,,,,,,,,,,,,,,,,,", u2360 ,m151,,
79218, u2360 ," Things happened. I can't take 'em back.,,,,,,,,,,,,,,,,,,,,,,,,,,,,,,,", u2351 ,m151,,
79219, u2351 ," Well thanks for fallin' all over and apologizing.,,,,,,,,,,,,,,,,,,,,,,,,,,,,,,,", u2360 ,m151,,
79220, u2360 ," C'mon, pack your things. Anything you leave you ain't gonna see again."",,,,,,,,,,,,,,,,,,,,,,,,,,,,,,,", u2351 ,m151,,
79221, u2351 ," Llewelyn --,,,,,,,,,,,,,,,,,,,,,,,,,,,,,,,", u2360 ,m151,,
79222, u2360 ," Try standin' in the door and hollerin: Mama I'm home.,,,,,,,,,,,,,,,,,,,,,,,,,,,,,,,", u2351 ,m151,,
79223, u2351 ," What'm I supposed to tell Mama?,,,,,,,,,,,,,,,,,,,,,,,,,,,,,,,", u2360 ,m151,,
79224, u2360 ," Baby, at what point would you quit botherin' to look for your two million dollars?"",,,,,,,,,,,,,,,,,,,,,,,,,,,,,,,", u2351 ,m151,,
79225, u2351 ," So... for how long do we have to...,,,,,,,,,,,,,,,,,,,,,,,,,,,,,,,", u2351 ,m151,,
79226, u2351 ," Well -- how come?,,,,,,,,,,,,,,,,,,,,,,,,,,,,,,,", u2360 ,m151,,
79227, u2360 ," Not we, you. Stay with your mother."",,,,,,,,,,,,,,,,,,,,,,,,,,,,,,,", u2351 ,m151,,
79228, u2351 ," Why would we go to Odessa?,,,,,,,,,,,,,,,,,,,,,,,,,,,,,,,", u2360 ,m151,,
79229, u2360 ," Odessa.,,,,,,,,,,,,,,,,,,,,,,,,,,,,,,,", u2360 ,m151,,
79230, u2360 ," Well then I'll tell her myself.,,,,,,,,,,,,,,,,,,,,,,,,,,,,,,,", u2351 ,m151,,
79231, u2351 ," Your mother's dead, Llewelyn."",,,,,,,,,,,,,,,,,,,,,,,,,,,,,,,", u2360 ,m151,,
79232, u2360 ," ...If I don't come back tell Mother I love her.,,,,,,,,,,,,,,,,,,,,,,,,,,,,,,,", u2351 ,m151,,
79233, u2351 ," What're you goin' to do?,,,,,,,,,,,,,,,,,,,,,,,,,,,,,,,", u2360 ,m151,,
79234, u2360 ," Somethin' I forgot to do. I'll be back.,,,,,,,,,,,,,,,,,,,,,,,,,,,,,,,", u2351 ,m151,,
79235, u2351 ," Goin' where?,,,,,,,,,,,,,,,,,,,,,,,,,,,,,,,", u2360 ,m151,,
79236, u2360 ," Goin' out.,,,,,,,,,,,,,,,,,,,,,,,,,,,,,,,", u2351 ,m151,,
79237, u2351 ," What're you doin', baby?"",,,,,,,,,,,,,,,,,,,,,,,,,,,,,,,", u2360 ,m151,,
79238, u2360 ," Yeah.,,,,,,,,,,,,,,,,,,,,,,,,,,,,,,,", u2351 ,m151,,
79239, u2351 ," Llewelyn.,,,,,,,,,,,,,,,,,,,,,,,,,,,,,,,", u2360 ,m151,,
79240, u2360 ," That'll work.,,,,,,,,,,,,,,,,,,,,,,,,,,,,,,,", u2351 ,m151,,
79241, u2351 ," Fine. I don't wanna know. I don't even wanna know where you been all day.,,,,,,,,,,,,,,,,,,,,,,,,,,,,,,,", u2360 ,m151,,
79242, u2360 ," Just keep it up.,,,,,,,,,,,,,,,,,,,,,,,,,,,,,,,", u2351 ,m151,,
79243, u2351 ," Big talk.,,,,,,,,,,,,,,,,,,,,,,,,,,,,,,,", u2360 ,m151,,
79244, u2360 ," You keep running that mouth I'm gonna take you in the back and screw you.,,,,,,,,,,,,,,,,,,,,,,,,,,,,,,,", u2351 ,m151,,
79245, u2351 ," I need to know that.,,,,,,,,,,,,,,,,,,,,,,,,,,,,,,,", u2360 ,m151,,
79246, u2360 ," You don't need to know everthing, Carla Jean."",,,,,,,,,,,,,,,,,,,,,,,,,,,,,,,", u2351 ,m151,,
79247, u2351 ," What'd you give for that thing?,,,,,,,,,,,,,,,,,,,,,,,,,,,,,,,", u2360 ,m151,,
79248, u2360 ," What? Quit hollerin'.,,,,,,,,,,,,,,,,,,,,,,,,,,,,,,,", u2351 ,m151,,
79249, u2351 ," Llewelyn!,,,,,,,,,,,,,,,,,,,,,,,,,,,,,,,", u2360 ,m151,,
79250, u2360 ," No. I found it.,,,,,,,,,,,,,,,,,,,,,,,,,,,,,,,", u2351 ,m151,,
79251, u2351 ," Did you buy that gun?,,,,,,,,,,,,,,,,,,,,,,,,,,,,,,,", u2360 ,m151,,
79252, u2360 ," At the gettin' place.,,,,,,,,,,,,,,,,,,,,,,,,,,,,,,,", u2351 ,m151,,
79253, u2351 ," ...Where'd you get the pistol?,,,,,,,,,,,,,,,,,,,,,,,,,,,,,,,", u2351 ,m151,,
79254, u2351 ," That'll be the day.,,,,,,,,,,,,,,,,,,,,,,,,,,,,,,,", u2360 ,m151,,
79255, u2360 ," It's full a money.,,,,,,,,,,,,,,,,,,,,,,,,,,,,,,,", u2351 ,m151,,
79256, u2351 ," What's in the satchel?,,,,,,,,,,,,,,,,,,,,,,,,,,,,,,,", u2365 ,m151,,
79257, u2365 ," I mean the nature of you.,,,,,,,,,,,,,,,,,,,,,,,,,,,,,,,", u2352 ,m151,,
79258, u2352 ," You mean the nature of this conversation?,,,,,,,,,,,,,,,,,,,,,,,,,,,,,,,", u2365 ,m151,,
79259, u2365 ," Do you have any idea how goddamn crazy you are?,,,,,,,,,,,,,,,,,,,,,,,,,,,,,,,", u2365 ,m151,,
79260, u2365 ," You go to hell.,,,,,,,,,,,,,,,,,,,,,,,,,,,,,,,", u2352 ,m151,,
79261, u2352 ," I do know to a certainty. And you know what's going to happen now. You should admit your situation. There would be more dignity in it.,,,,,,,,,,,,,,,,,,,,,,,,,,,,,,,", u2365 ,m151,,
79262, u2365 ," You don't know to a certainty. Twenty minutes it could be here.,,,,,,,,,,,,,,,,,,,,,,,,,,,,,,,", u2352 ,m151,,
79263, u2352 ," It will be brought to me and placed at my feet.,,,,,,,,,,,,,,,,,,,,,,,,,,,,,,,", u2365 ,m151,,
79264, u2365 ," And where is that.,,,,,,,,,,,,,,,,,,,,,,,,,,,,,,,", u2352 ,m151,,
79265, u2352 ," I know where it's going to be.,,,,,,,,,,,,,,,,,,,,,,,,,,,,,,,", u2365 ,m151,,
79266, u2365 ," What's that.,,,,,,,,,,,,,,,,,,,,,,,,,,,,,,,", u2352 ,m151,,
79267, u2352 ," I know something better.,,,,,,,,,,,,,,,,,,,,,,,,,,,,,,,", u2365 ,m151,,
79268, u2365 ," I need dark. To get it. I know where it is.,,,,,,,,,,,,,,,,,,,,,,,,,,,,,,,", u2352 ,m151,,
79269, u2352 ," If you knew, you would have it with you."",,,,,,,,,,,,,,,,,,,,,,,,,,,,,,,", u2365 ,m151,,
79270, u2365 ," I know where the money is.,,,,,,,,,,,,,,,,,,,,,,,,,,,,,,,", u2352 ,m151,,
79271, u2352 ," Why would I let you do that?,,,,,,,,,,,,,,,,,,,,,,,,,,,,,,,", u2365 ,m151,,
79272, u2365 ," We don't have to do this. I'm a daytrader. I could just go home.,,,,,,,,,,,,,,,,,,,,,,,,,,,,,,,", u2352 ,m151,,
79273, u2352 ," You expect him?,,,,,,,,,,,,,,,,,,,,,,,,,,,,,,,", u2367 ,m151,,
79274, u2367 ," Llewelyn?! No he ain't.,,,,,,,,,,,,,,,,,,,,,,,,,,,,,,,", u2352 ,m151,,
79275, u2352 ," Is Llewelyn there?,,,,,,,,,,,,,,,,,,,,,,,,,,,,,,,", u2367 ,m151,,
79276, u2367 ," Hello?,,,,,,,,,,,,,,,,,,,,,,,,,,,,,,,", u2367 ,m151,,
79277, u2367 ," Did you not hear me? We can't give out no information.,,,,,,,,,,,,,,,,,,,,,,,,,,,,,,,", u2352 ,m151,,
79278, u2352 ," Where does he work?,,,,,,,,,,,,,,,,,,,,,,,,,,,,,,,", u2367 ,m151,,
79279, u2367 ," Sir I ain't at liberty to give out no information about our residents.,,,,,,,,,,,,,,,,,,,,,,,,,,,,,,,", u2352 ,m151,,
79280, u2352 ," Where does he work?,,,,,,,,,,,,,,,,,,,,,,,,,,,,,,,", u2367 ,m151,,
79281, u2367 ," I can't say.,,,,,,,,,,,,,,,,,,,,,,,,,,,,,,,", u2352 ,m151,,
79282, u2352 ," Where does he work?,,,,,,,,,,,,,,,,,,,,,,,,,,,,,,,", u2367 ,m151,,
79283, u2367 ," Well I'd say he's at work. Do you want to leave a message?,,,,,,,,,,,,,,,,,,,,,,,,,,,,,,,", u2352 ,m151,,
79284, u2352 ," Yes I did.,,,,,,,,,,,,,,,,,,,,,,,,,,,,,,,", u2367 ,m151,,
79285, u2367 ," Did you go up to his trailer?,,,,,,,,,,,,,,,,,,,,,,,,,,,,,,,", u2352 ,m151,,
79286, u2352 ," I'm looking for Llewelyn Moss.,,,,,,,,,,,,,,,,,,,,,,,,,,,,,,,", u2367 ,m151,,
79287, u2367 ," Yessir?,,,,,,,,,,,,,,,,,,,,,,,,,,,,,,,", u2357 ,m151,,
79288, u2357 ," Just lightin' out for the territories, huh. Brother, I been there... Well..."",,,,,,,,,,,,,,,,,,,,,,,,,,,,,,,", u2352 ,m151,,
79289, u2352 ," I don't know.,,,,,,,,,,,,,,,,,,,,,,,,,,,,,,,", u2357 ,m151,,
79290, u2357 ," Well -- where ya goin'?,,,,,,,,,,,,,,,,,,,,,,,,,,,,,,,", u2352 ,m151,,
79291, u2352 ," Airport.,,,,,,,,,,,,,,,,,,,,,,,,,,,,,,,", u2357 ,m151,,
79292, u2357 ," Huh? Airport or airstrip?,,,,,,,,,,,,,,,,,,,,,,,,,,,,,,,", u2352 ,m151,,
79293, u2352 ," What airport would you use.,,,,,,,,,,,,,,,,,,,,,,,,,,,,,,,", u2352 ,m151,,
79294, u2352 ," You from around here?,,,,,,,,,,,,,,,,,,,,,,,,,,,,,,,", u2357 ,m151,,
79295, u2357 ," Yeah, that'll suck some power. Over time."",,,,,,,,,,,,,,,,,,,,,,,,,,,,,,,", u2357 ,m151,,
79296, u2357 ," No me mate.,,,,,,,,,,,,,,,,,,,,,,,,,,,,,,,", u2352 ,m151,,
79297, u2352 ," How'd you find it?,,,,,,,,,,,,,,,,,,,,,,,,,,,,,,,", u2352 ,m151,,
79298, u2352 ," All right...,,,,,,,,,,,,,,,,,,,,,,,,,,,,,,,", u2357 ,m151,,
79299, u2357 ," Not a bleep.,,,,,,,,,,,,,,,,,,,,,,,,,,,,,,,", u2352 ,m151,,
79300, u2352 ," ...You getting anything on this?,,,,,,,,,,,,,,,,,,,,,,,,,,,,,,,", u2357 ,m151,,
79301, u2357 ," In the truck.  I'll get it.,,,,,,,,,,,,,,,,,,,,,,,,,,,,,,,", u2352 ,m151,,
79302, u2352 ," ...Where's the transponder?,,,,,,,,,,,,,,,,,,,,,,,,,,,,,,,", u2352 ,m151,,
79303, u2352 ," Screwgie.,,,,,,,,,,,,,,,,,,,,,,,,,,,,,,,", u2357 ,m151,,
79304, u2357 ," Mm-hm.,,,,,,,,,,,,,,,,,,,,,,,,,,,,,,,", u2352 ,m151,,
79305, u2352 ," I need you to step out of the car, sir."",,,,,,,,,,,,,,,,,,,,,,,,,,,,,,,", u2357 ,m151,,
79306, u2357 ," Huh? What is...,,,,,,,,,,,,,,,,,,,,,,,,,,,,,,,", u2352 ,m151,,
79307, u2352 ," Step out of the car please, sir."",,,,,,,,,,,,,,,,,,,,,,,,,,,,,,,", u2357 ,m151,,
79308, u2357 ," What's this about?,,,,,,,,,,,,,,,,,,,,,,,,,,,,,,,", u2360 ,m151,,
79309, u2360 ," Yeah I'm goin' to bring you somethin' all right. I've decided to make you a special project of mine. You ain't goin' to have to look for me at all.,,,,,,,,,,,,,,,,,,,,,,,,,,,,,,,", u2352 ,m151,,
79310, u2352 ," Yes, I do. I think you do too. So this is what I'll offer. You bring me the money and I'll let her go. Otherwise she's accountable. The same as you. That's the best deal you're going to get. I won't tell you you can save yourself because you can't."",,,,,,,,,,,,,,,,,,,,,,,,,,,,,,,", u2360 ,m151,,
79311, u2360 ," No. Do you?,,,,,,,,,,,,,,,,,,,,,,,,,,,,,,,", u2352 ,m151,,
79312, u2352 ," You know how this is going to turn out, don't you?"",,,,,,,,,,,,,,,,,,,,,,,,,,,,,,,", u2360 ,m151,,
79313, u2360 ," So what're you goin' up there for.,,,,,,,,,,,,,,,,,,,,,,,,,,,,,,,", u2352 ,m151,,
79314, u2352 ," It doesn't make any difference where she is.,,,,,,,,,,,,,,,,,,,,,,,,,,,,,,,", u2360 ,m151,,
79315, u2360 ," You know she won't be there.,,,,,,,,,,,,,,,,,,,,,,,,,,,,,,,", u2352 ,m151,,
79316, u2352 ," All right.,,,,,,,,,,,,,,,,,,,,,,,,,,,,,,,", u2360 ,m151,,
79317, u2360 ," Yeah. I know where you're going.,,,,,,,,,,,,,,,,,,,,,,,,,,,,,,,", u2352 ,m151,,
79318, u2352 ," You're in the hospital across the river. But that's not where I'm going. Do you know where I'm going?,,,,,,,,,,,,,,,,,,,,,,,,,,,,,,,", u2360 ,m151,,
79319, u2360 ," Yeah? Where am I?,,,,,,,,,,,,,,,,,,,,,,,,,,,,,,,", u2352 ,m151,,
79320, u2352 ," ...I know where you are.,,,,,,,,,,,,,,,,,,,,,,,,,,,,,,,", u2352 ,m151,,
79321, u2352 ," Do you know where I'm going?,,,,,,,,,,,,,,,,,,,,,,,,,,,,,,,", u2360 ,m151,,
79322, u2360 ," Why would I care where you're going.,,,,,,,,,,,,,,,,,,,,,,,,,,,,,,,", u2352 ,m151,,
79323, u2352 ," I think that you do. Do you know where I'm going?,,,,,,,,,,,,,,,,,,,,,,,,,,,,,,,", u2360 ,m151,,
79324, u2360 ," I don't need to talk to you.,,,,,,,,,,,,,,,,,,,,,,,,,,,,,,,", u2352 ,m151,,
79325, u2352 ," ...You need to talk to me.,,,,,,,,,,,,,,,,,,,,,,,,,,,,,,,", u2352 ,m151,,
79326, u2352 ," You know who it is.,,,,,,,,,,,,,,,,,,,,,,,,,,,,,,,", u2360 ,m151,,
79327, u2360 ," Who is this.,,,,,,,,,,,,,,,,,,,,,,,,,,,,,,,", u2358 ,m151,,
79328, u2358 ," I see.,,,,,,,,,,,,,,,,,,,,,,,,,,,,,,,", u2352 ,m151,,
79329, u2352 ," ...For instance. I used birshot. So as not to blow the window.,,,,,,,,,,,,,,,,,,,,,,,,,,,,,,,", u2352 ,m151,,
79330, u2352 ," That's foolish. You pick the one right tool.,,,,,,,,,,,,,,,,,,,,,,,,,,,,,,,", u2358 ,m151,,
79331, u2358 ," He feels... he felt... the more people looking...,,,,,,,,,,,,,,,,,,,,,,,,,,,,,,,", u2352 ,m151,,
79332, u2352 ," He gave Acosta's people a receiver.,,,,,,,,,,,,,,,,,,,,,,,,,,,,,,,", u2358 ,m151,,
79333, u2358 ," Nobody. Accounting.,,,,,,,,,,,,,,,,,,,,,,,,,,,,,,,", u2352 ,m151,,
79334, u2352 ," Yes.,,,,,,,,,,,,,,,,,,,,,,,,,,,,,,,", u2358 ,m151,,
79335, u2358 ," ...Me?,,,,,,,,,,,,,,,,,,,,,,,,,,,,,,,", u2352 ,m151,,
79336, u2352 ," Anywhere not in your pocket. Or it'll get mixed in with the others and become just a coin. Which it is.,,,,,,,,,,,,,,,,,,,,,,,,,,,,,,,", u2363 ,m151,,
79337, u2363 ," ...Where you want me to put it?,,,,,,,,,,,,,,,,,,,,,,,,,,,,,,,", u2352 ,m151,,
79338, u2352 ," Don't put it in your pocket. It's your lucky quarter.,,,,,,,,,,,,,,,,,,,,,,,,,,,,,,,", u2363 ,m151,,
79339, u2363 ," Sir?,,,,,,,,,,,,,,,,,,,,,,,,,,,,,,,", u2352 ,m151,,
79340, u2352 ," ...Don't put it in your pocket.,,,,,,,,,,,,,,,,,,,,,,,,,,,,,,,", u2363 ,m151,,
79341, u2363 ," All right. Heads then.,,,,,,,,,,,,,,,,,,,,,,,,,,,,,,,", u2352 ,m151,,
79342, u2352 ," You stand to win everything. Call it.,,,,,,,,,,,,,,,,,,,,,,,,,,,,,,,", u2363 ,m151,,
79343, u2363 ," How's that?,,,,,,,,,,,,,,,,,,,,,,,,,,,,,,,", u2352 ,m151,,
79344, u2352 ," Everything.,,,,,,,,,,,,,,,,,,,,,,,,,,,,,,,", u2363 ,m151,,
79345, u2363 ," Look... I got to know what I stand to win.,,,,,,,,,,,,,,,,,,,,,,,,,,,,,,,", u2352 ,m151,,
79346, u2352 ," Nineteen fifty-eight. It's been traveling twenty-two years to get here. And now it's here. And it's either heads or tails, and you have to say. Call it."",,,,,,,,,,,,,,,,,,,,,,,,,,,,,,,", u2363 ,m151,,
79347, u2363 ," No.,,,,,,,,,,,,,,,,,,,,,,,,,,,,,,,", u2352 ,m151,,
79348, u2352 ," Yes you did. You been putting it up your whole life. You just didn't know it. You know what date is on this coin?,,,,,,,,,,,,,,,,,,,,,,,,,,,,,,,", u2363 ,m151,,
79349, u2363 ," I didn't put nothin' up.,,,,,,,,,,,,,,,,,,,,,,,,,,,,,,,", u2352 ,m151,,
79350, u2352 ," You need to call it. I can't call it for you. It wouldn't be fair. It wouldn't even be right.,,,,,,,,,,,,,,,,,,,,,,,,,,,,,,,", u2363 ,m151,,
79351, u2363 ," Well -- we need to know what it is we're callin' for here.,,,,,,,,,,,,,,,,,,,,,,,,,,,,,,,", u2352 ,m151,,
79352, u2352 ," Just call it.,,,,,,,,,,,,,,,,,,,,,,,,,,,,,,,", u2363 ,m151,,
79353, u2363 ," For what?,,,,,,,,,,,,,,,,,,,,,,,,,,,,,,,", u2352 ,m151,,
79354, u2352 ," Yes.,,,,,,,,,,,,,,,,,,,,,,,,,,,,,,,", u2363 ,m151,,
79355, u2363 ," Call it?,,,,,,,,,,,,,,,,,,,,,,,,,,,,,,,", u2352 ,m151,,
79356, u2352 ," Call it.,,,,,,,,,,,,,,,,,,,,,,,,,,,,,,,", u2363 ,m151,,
79357, u2363 ," I don't know. I couldn't say.,,,,,,,,,,,,,,,,,,,,,,,,,,,,,,,", u2352 ,m151,,
79358, u2352 ," The most. You ever lost. On a coin toss.,,,,,,,,,,,,,,,,,,,,,,,,,,,,,,,", u2363 ,m151,,
79359, u2363 ," Sir?,,,,,,,,,,,,,,,,,,,,,,,,,,,,,,,", u2352 ,m151,,
79360, u2352 ," ...What's the most you've ever lost on a coin toss?,,,,,,,,,,,,,,,,,,,,,,,,,,,,,,,", u2352 ,m151,,
79361, u2352 ," I don't have some way to put it. That's the way it is.,,,,,,,,,,,,,,,,,,,,,,,,,,,,,,,", u2363 ,m151,,
79362, u2363 ," ...If that's the way you wanna put it.,,,,,,,,,,,,,,,,,,,,,,,,,,,,,,,", u2352 ,m151,,
79363, u2352 ," You married into it.,,,,,,,,,,,,,,,,,,,,,,,,,,,,,,,", u2363 ,m151,,
79364, u2363 ," We lived in Temple Texas for many years. Raised a family there. In Temple. We come out here about four years ago.,,,,,,,,,,,,,,,,,,,,,,,,,,,,,,,", u2352 ,m151,,
79365, u2352 ," You married into it.,,,,,,,,,,,,,,,,,,,,,,,,,,,,,,,", u2363 ,m151,,
79366, u2363 ," This was my wife's father's place. Originally.,,,,,,,,,,,,,,,,,,,,,,,,,,,,,,,", u2352 ,m151,,
79367, u2352 ," You've lived here all your life?,,,,,,,,,,,,,,,,,,,,,,,,,,,,,,,", u2363 ,m151,,
79368, u2363 ," Yes I do.,,,,,,,,,,,,,,,,,,,,,,,,,,,,,,,", u2352 ,m151,,
79369, u2352 ," You live in that house behind the store?,,,,,,,,,,,,,,,,,,,,,,,,,,,,,,,", u2363 ,m151,,
79370, u2363 ," Well... I need to close now --,,,,,,,,,,,,,,,,,,,,,,,,,,,,,,,", u2352 ,m151,,
79371, u2352 ," You said that.,,,,,,,,,,,,,,,,,,,,,,,,,,,,,,,", u2363 ,m151,,
79372, u2363 ," Why would you be comin' back? We'll be closed.,,,,,,,,,,,,,,,,,,,,,,,,,,,,,,,", u2352 ,m151,,
79373, u2352 ," I could come back then.,,,,,,,,,,,,,,,,,,,,,,,,,,,,,,,", u2363 ,m151,,
79374, u2363 ," ...I'd say around nine-thirty. Somewhere around nine-thirty.,,,,,,,,,,,,,,,,,,,,,,,,,,,,,,,", u2363 ,m151,,
79375, u2363 ," Well...,,,,,,,,,,,,,,,,,,,,,,,,,,,,,,,", u2352 ,m151,,
79376, u2352 ," You're a bit deaf, aren't you? I said what time do you go to bed."",,,,,,,,,,,,,,,,,,,,,,,,,,,,,,,", u2363 ,m151,,
79377, u2363 ," Sir?,,,,,,,,,,,,,,,,,,,,,,,,,,,,,,,", u2352 ,m151,,
79378, u2352 ," ...What time do you go to bed.,,,,,,,,,,,,,,,,,,,,,,,,,,,,,,,", u2352 ,m151,,
79379, u2352 ," I said you don't know what you're talking about.,,,,,,,,,,,,,,,,,,,,,,,,,,,,,,,", u2363 ,m151,,
79380, u2363 ," Sir?,,,,,,,,,,,,,,,,,,,,,,,,,,,,,,,", u2352 ,m151,,
79381, u2352 ," You don't know what you're talking about, do you?"",,,,,,,,,,,,,,,,,,,,,,,,,,,,,,,", u2363 ,m151,,
79382, u2363 ," Generally around dark. At dark.,,,,,,,,,,,,,,,,,,,,,,,,,,,,,,,", u2352 ,m151,,
79383, u2352 ," Now is not a time. What time do you close.,,,,,,,,,,,,,,,,,,,,,,,,,,,,,,,", u2363 ,m151,,
79384, u2363 ," Now. We close now.,,,,,,,,,,,,,,,,,,,,,,,,,,,,,,,", u2352 ,m151,,
79385, u2352 ," What time do you close?,,,,,,,,,,,,,,,,,,,,,,,,,,,,,,,", u2363 ,m151,,
79386, u2363 ," Yessir.,,,,,,,,,,,,,,,,,,,,,,,,,,,,,,,", u2352 ,m151,,
79387, u2352 ," See about closing.,,,,,,,,,,,,,,,,,,,,,,,,,,,,,,,", u2363 ,m151,,
79388, u2363 ," Well... I need to see about closin'.,,,,,,,,,,,,,,,,,,,,,,,,,,,,,,,", u2352 ,m151,,
79389, u2352 ," You already asked me that.,,,,,,,,,,,,,,,,,,,,,,,,,,,,,,,", u2363 ,m151,,
79390, u2363 ," Will there be anything else?,,,,,,,,,,,,,,,,,,,,,,,,,,,,,,,", u2352 ,m151,,
79391, u2352 ," Is that what you're asking me? Is there something wrong with anything?,,,,,,,,,,,,,,,,,,,,,,,,,,,,,,,", u2363 ,m151,,
79392, u2363 ," With anything?,,,,,,,,,,,,,,,,,,,,,,,,,,,,,,,", u2352 ,m151,,
79393, u2352 ," With what?,,,,,,,,,,,,,,,,,,,,,,,,,,,,,,,", u2363 ,m151,,
79394, u2363 ," Is somethin' wrong?,,,,,,,,,,,,,,,,,,,,,,,,,,,,,,,", u2352 ,m151,,
79395, u2352 ," I don't know. Will there?,,,,,,,,,,,,,,,,,,,,,,,,,,,,,,,", u2363 ,m151,,
79396, u2363 ," ...Will there be somethin' else?,,,,,,,,,,,,,,,,,,,,,,,,,,,,,,,", u2352 ,m151,,
79397, u2352 ," I guess that passes for manners in your cracker view of things.,,,,,,,,,,,,,,,,,,,,,,,,,,,,,,,", u2363 ,m151,,
79398, u2363 ," I was just passin' the time.,,,,,,,,,,,,,,,,,,,,,,,,,,,,,,,", u2352 ,m151,,
79399, u2352 ," Didn't mean nothin'.,,,,,,,,,,,,,,,,,,,,,,,,,,,,,,,", u2363 ,m151,,
79400, u2363 ," I didn't mean nothin' by it.,,,,,,,,,,,,,,,,,,,,,,,,,,,,,,,", u2352 ,m151,,
79401, u2352 ," What business is it of yours where I'm from, friendo?"",,,,,,,,,,,,,,,,,,,,,,,,,,,,,,,", u2363 ,m151,,
79402, u2363 ," I seen you was from Dallas.,,,,,,,,,,,,,,,,,,,,,,,,,,,,,,,", u2352 ,m151,,
79403, u2352 ," What way would that be?,,,,,,,,,,,,,,,,,,,,,,,,,,,,,,,", u2363 ,m151,,
79404, u2363 ," Y'all getting any rain up your way?,,,,,,,,,,,,,,,,,,,,,,,,,,,,,,,", u2352 ,m151,,
79405, u2352 ," This. And the gas.,,,,,,,,,,,,,,,,,,,,,,,,,,,,,,,", u2363 ,m151,,
79406, u2363 ," Sixty-nine cent.,,,,,,,,,,,,,,,,,,,,,,,,,,,,,,,", u2352 ,m151,,
79407, u2352 ," How much?,,,,,,,,,,,,,,,,,,,,,,,,,,,,,,,", u2353 ,m151,,
79408, u2353 ," No sir, it's unusual."",,,,,,,,,,,,,,,,,,,,,,,,,,,,,,,", u2360 ,m151,,
79409, u2360 ," You get a lot of people come in here with no clothes on?,,,,,,,,,,,,,,,,,,,,,,,,,,,,,,,", u2353 ,m151,,
79410, u2353 ," Okay.,,,,,,,,,,,,,,,,,,,,,,,,,,,,,,,", u2360 ,m151,,
79411, u2360 ," Good. I need everything else.,,,,,,,,,,,,,,,,,,,,,,,,,,,,,,,", u2360 ,m151,,
79412, u2360 ," There's somebody lookin' for me. Not police. Just call me if anyone else checks in tonight.,,,,,,,,,,,,,,,,,,,,,,,,,,,,,,,", u2353 ,m151,,
79413, u2353 ," I'm waitin' to hear your description of that.,,,,,,,,,,,,,,,,,,,,,,,,,,,,,,,", u2353 ,m151,,
79414, u2353 ," Yessir, be here til ten tomorrow morning."",,,,,,,,,,,,,,,,,,,,,,,,,,,,,,,", u2360 ,m151,,
79415, u2360 ," You on all night?,,,,,,,,,,,,,,,,,,,,,,,,,,,,,,,", u2353 ,m151,,
79416, u2353 ," That's twenty-six dollars.,,,,,,,,,,,,,,,,,,,,,,,,,,,,,,,", u2360 ,m151,,
79417, u2360 ," One room, one night."",,,,,,,,,,,,,,,,,,,,,,,,,,,,,,,", u2360 ,m151,,
79418, u2360 ," Let me have that one. Where's the nearest hardware store?,,,,,,,,,,,,,,,,,,,,,,,,,,,,,,,", u2353 ,m151,,
79419, u2353 ," Well I guess that'd be our ten-foot backyard Per-Gola. You can stand up in it. Well, some people could stand up in it. Six foot clearance at the ridge. You might just could."",,,,,,,,,,,,,,,,,,,,,,,,,,,,,,,", u2360 ,m151,,
79420, u2360 ," The kind with the most poles.,,,,,,,,,,,,,,,,,,,,,,,,,,,,,,,", u2353 ,m151,,
79421, u2353 ," What kind of tent?,,,,,,,,,,,,,,,,,,,,,,,,,,,,,,,", u2360 ,m151,,
79422, u2360 ," Never mind.  I want a tent.,,,,,,,,,,,,,,,,,,,,,,,,,,,,,,,", u2353 ,m151,,
79423, u2353 ," Well you give me the model number of the tent I can order you the poles.,,,,,,,,,,,,,,,,,,,,,,,,,,,,,,,", u2360 ,m151,,
79424, u2360 ," Somethin' like that.,,,,,,,,,,,,,,,,,,,,,,,,,,,,,,,", u2353 ,m151,,
79425, u2353 ," You already have the tent?,,,,,,,,,,,,,,,,,,,,,,,,,,,,,,,", u2360 ,m151,,
79426, u2360 ," Uh-huh.,,,,,,,,,,,,,,,,,,,,,,,,,,,,,,,", u2353 ,m151,,
79427, u2353 ," Tent poles.,,,,,,,,,,,,,,,,,,,,,,,,,,,,,,,", u2353 ,m151,,
79428, u2353 ," They'll give you a wallop.,,,,,,,,,,,,,,,,,,,,,,,,,,,,,,,", u2360 ,m151,,
79429, u2360 ," Uh-huh. Double ought.,,,,,,,,,,,,,,,,,,,,,,,,,,,,,,,", u2353 ,m151,,
79430, u2353 ," Twelve gauge. You need shells? Moss looks the gun over.,,,,,,,,,,,,,,,,,,,,,,,,,,,,,,,", u2354 ,m151,,
79431, u2354 ," Let's just call it square.,,,,,,,,,,,,,,,,,,,,,,,,,,,,,,,", u2360 ,m151,,
79432, u2360 ," I want you to take me to another motel.,,,,,,,,,,,,,,,,,,,,,,,,,,,,,,,", u2354 ,m151,,
79433, u2354 ," Why don't I set you down here and we won't argue about it.,,,,,,,,,,,,,,,,,,,,,,,,,,,,,,,", u2360 ,m151,,
79434, u2360 ," It's all right.,,,,,,,,,,,,,,,,,,,,,,,,,,,,,,,", u2354 ,m151,,
79435, u2354 ," I don't want to get in some kind of a jackpot here, buddy."",,,,,,,,,,,,,,,,,,,,,,,,,,,,,,,", u2360 ,m151,,
79436, u2360 ," ...Keep going. Don't stop.,,,,,,,,,,,,,,,,,,,,,,,,,,,,,,,", u2360 ,m151,,
79437, u2360 ," Just drive me around. I want to see if someone's here.,,,,,,,,,,,,,,,,,,,,,,,,,,,,,,,", u2354 ,m151,,
79438, u2354 ," What room?,,,,,,,,,,,,,,,,,,,,,,,,,,,,,,,", u2360 ,m151,,
79439, u2360 ," Don't stop. Just ride me up past the rooms.,,,,,,,,,,,,,,,,,,,,,,,,,,,,,,,", u2357 ,m151,,
79440, u2357 ," Goodbye, Mr. Wells."",,,,,,,,,,,,,,,,,,,,,,,,,,,,,,,", u2365 ,m151,,
79441, u2365 ," I'm sorry.,,,,,,,,,,,,,,,,,,,,,,,,,,,,,,,", u2357 ,m151,,
79442, u2357 ," ...An attempt at humor, I suppose."",,,,,,,,,,,,,,,,,,,,,,,,,,,,,,,", u2365 ,m151,,
79443, u2365 ," Can I get my parking ticket validated?,,,,,,,,,,,,,,,,,,,,,,,,,,,,,,,", u2357 ,m151,,
79444, u2357 ," Yes?,,,,,,,,,,,,,,,,,,,,,,,,,,,,,,,", u2365 ,m151,,
79445, u2365 ," ...I'm wondering...,,,,,,,,,,,,,,,,,,,,,,,,,,,,,,,", u2357 ,m151,,
79446, u2357 ," You seem pretty sure of yourself. You've led something of a charmed life haven't you Mr. Wells?,,,,,,,,,,,,,,,,,,,,,,,,,,,,,,,", u2365 ,m151,,
79447, u2365 ," Okay. We can stop that.,,,,,,,,,,,,,,,,,,,,,,,,,,,,,,,", u2357 ,m151,,
79448, u2357 ," He killed three men in a motel in Del Rio yesterday. And two others at that colossal goatfuck out in the desert.,,,,,,,,,,,,,,,,,,,,,,,,,,,,,,,", u2357 ,m151,,
79449, u2357 ," I'd just like to know your opinion of him. In general. Just how dangerous is he?,,,,,,,,,,,,,,,,,,,,,,,,,,,,,,,", u2365 ,m151,,
79450, u2365 ," What do you want to know?,,,,,,,,,,,,,,,,,,,,,,,,,,,,,,,", u2357 ,m151,,
79451, u2357 ," That's not an answer.,,,,,,,,,,,,,,,,,,,,,,,,,,,,,,,", u2365 ,m151,,
79452, u2365 ," Well enough.,,,,,,,,,,,,,,,,,,,,,,,,,,,,,,,", u2357 ,m151,,
79453, u2357 ," How well do you know Chigurh.,,,,,,,,,,,,,,,,,,,,,,,,,,,,,,,", u2365 ,m151,,
79454, u2365 ," Okay.,,,,,,,,,,,,,,,,,,,,,,,,,,,,,,,", u2357 ,m151,,
79455, u2357 ," If your expenses run higher I hope you'll trust us for it.,,,,,,,,,,,,,,,,,,,,,,,,,,,,,,,", u2365 ,m151,,
79456, u2365 ," Yessir.,,,,,,,,,,,,,,,,,,,,,,,,,,,,,,,", u2365 ,m151,,
79457, u2365 ," Yessir. I understand that.,,,,,,,,,,,,,,,,,,,,,,,,,,,,,,,", u2357 ,m151,,
79458, u2357 ," We got a loose cannon here. And we're out a bunch of money, and the other party is out his product."",,,,,,,,,,,,,,,,,,,,,,,,,,,,,,,", u2365 ,m151,,
79459, u2365 ," No sir but you struck me as a man who wouldn't want to waste a chair. I remember dates. Names. Numbers. I saw him on November 28th.,,,,,,,,,,,,,,,,,,,,,,,,,,,,,,,", u2357 ,m151,,
79460, u2357 ," You seem pretty sure of the date. Did I ask you to sit?,,,,,,,,,,,,,,,,,,,,,,,,,,,,,,,", u2365 ,m151,,
79461, u2365 ," November the 28th, last year."",,,,,,,,,,,,,,,,,,,,,,,,,,,,,,,", u2357 ,m151,,
79462, u2357 ," When did you last see him.,,,,,,,,,,,,,,,,,,,,,,,,,,,,,,,", u2365 ,m151,,
79463, u2365 ," Yessir, that's correct. I know 'em when I see 'em."",,,,,,,,,,,,,,,,,,,,,,,,,,,,,,,", u2367 ,m151,,
79464, u2367 ," I do like you.,,,,,,,,,,,,,,,,,,,,,,,,,,,,,,,", u2360 ,m151,,
79465, u2360 ," Then you'll like me.,,,,,,,,,,,,,,,,,,,,,,,,,,,,,,,", u2367 ,m151,,
79466, u2367 ," Yeah but no one ever sees that. I like a man that'll tell you he's married.,,,,,,,,,,,,,,,,,,,,,,,,,,,,,,,", u2360 ,m151,,
79467, u2360 ," Lookin' for what's comin'.,,,,,,,,,,,,,,,,,,,,,,,,,,,,,,,", u2367 ,m151,,
79468, u2367 ," What else then?,,,,,,,,,,,,,,,,,,,,,,,,,,,,,,,", u2360 ,m151,,
79469, u2360 ," Half.,,,,,,,,,,,,,,,,,,,,,,,,,,,,,,,", u2367 ,m151,,
79470, u2367 ," Oh. That's who you keep lookin' out the window for?,,,,,,,,,,,,,,,,,,,,,,,,,,,,,,,", u2360 ,m151,,
79471, u2360 ," Waitin' for my wife.,,,,,,,,,,,,,,,,,,,,,,,,,,,,,,,", u2367 ,m151,,
79472, u2367 ," I got beers in my room.,,,,,,,,,,,,,,,,,,,,,,,,,,,,,,,", u2360 ,m151,,
79473, u2360 ," That's me.,,,,,,,,,,,,,,,,,,,,,,,,,,,,,,,", u2367 ,m151,,
79474, u2367 ," That's got two double beds.,,,,,,,,,,,,,,,,,,,,,,,,,,,,,,,", u2360 ,m151,,
79475, u2360 ," No, one forty-two."",,,,,,,,,,,,,,,,,,,,,,,,,,,,,,,", u2367 ,m151,,
79476, u2367 ," You can have the one next to yours if you want. One twenty.  It ain't took.,,,,,,,,,,,,,,,,,,,,,,,,,,,,,,,", u2360 ,m151,,
79477, u2360 ," What about one forty-two.,,,,,,,,,,,,,,,,,,,,,,,,,,,,,,,", u2360 ,m151,,
79478, u2360 ," Uh-huh.You got a map of the rooms?,,,,,,,,,,,,,,,,,,,,,,,,,,,,,,,", u2367 ,m151,,
79479, u2367 ," Another additional.,,,,,,,,,,,,,,,,,,,,,,,,,,,,,,,", u2360 ,m151,,
79480, u2360 ," No, I want to keep my room, and get another one."",,,,,,,,,,,,,,,,,,,,,,,,,,,,,,,", u2367 ,m151,,
79481, u2367 ," You want to change rooms?,,,,,,,,,,,,,,,,,,,,,,,,,,,,,,,", u2360 ,m151,,
79482, u2360 ," Could I get another room.,,,,,,,,,,,,,,,,,,,,,,,,,,,,,,,", u2360 ,m151,,
79483, u2360 ," I'm just one person. Don't matter the size of the bed.,,,,,,,,,,,,,,,,,,,,,,,,,,,,,,,", u2367 ,m151,,
79484, u2367 ," ...You pick the option with the applicable rate.,,,,,,,,,,,,,,,,,,,,,,,,,,,,,,,", u2367 ,m151,,
79485, u2367 ," The option.,,,,,,,,,,,,,,,,,,,,,,,,,,,,,,,", u2360 ,m151,,
79486, u2360 ," The what?,,,,,,,,,,,,,,,,,,,,,,,,,,,,,,,", u2367 ,m151,,
79487, u2367 ," You tell me the option.,,,,,,,,,,,,,,,,,,,,,,,,,,,,,,,", u2360 ,m151,,
79488, u2360 ," He don't talk as much as you, I give him points for that."",,,,,,,,,,,,,,,,,,,,,,,,,,,,,,,", u2365 ,m151,,
79489, u2365 ," No no. No. You don't understand. You can't make a deal with him. Even if you gave him the money he'd still kill you. He's a peculiar man. You could even say that he has principles. Principles that transcend money or drugs or anything like that. He's not like you. He's not even like me.,,,,,,,,,,,,,,,,,,,,,,,,,,,,,,,", u2360 ,m151,,
79490, u2360 ," If I was cuttin' deals, why wouldn't I go deal with this guy Chigurh?"",,,,,,,,,,,,,,,,,,,,,,,,,,,,,,,", u2365 ,m151,,
79491, u2365 ," ...I'm across the river. At the Hotel Eagle. Carson Wells.  Call me when you've had enough. I can even let you keep a little of the money.,,,,,,,,,,,,,,,,,,,,,,,,,,,,,,,", u2365 ,m151,,
79492, u2365 ," No. You don't.,,,,,,,,,,,,,,,,,,,,,,,,,,,,,,,", u2360 ,m151,,
79493, u2360 ," No I don't have it.,,,,,,,,,,,,,,,,,,,,,,,,,,,,,,,", u2365 ,m151,,
79494, u2365 ," The heroin. You don't have it.,,,,,,,,,,,,,,,,,,,,,,,,,,,,,,,", u2360 ,m151,,
79495, u2360 ," What product.,,,,,,,,,,,,,,,,,,,,,,,,,,,,,,,", u2365 ,m151,,
79496, u2365 ," ...You didn't take the product, did you?"",,,,,,,,,,,,,,,,,,,,,,,,,,,,,,,", u2365 ,m151,,
79497, u2365 ," He isn't. You're not cut out for this. You're just a guy that happened to find those vehicles.,,,,,,,,,,,,,,,,,,,,,,,,,,,,,,,", u2360 ,m151,,
79498, u2360 ," Maybe he should be worried. About me.,,,,,,,,,,,,,,,,,,,,,,,,,,,,,,,", u2365 ,m151,,
79499, u2365 ," To kill your wife.,,,,,,,,,,,,,,,,,,,,,,,,,,,,,,,", u2360 ,m151,,
79500, u2360 ," Why would he go to Odessa?,,,,,,,,,,,,,,,,,,,,,,,,,,,,,,,", u2360 ,m151,,
79501, u2360 ," Too late. I spent it -- about a million and a half on whores and whiskey and the rest of it I just sort of blew it in.,,,,,,,,,,,,,,,,,,,,,,,,,,,,,,,", u2365 ,m151,,
79502, u2365 ," Look. You need to give me the money. I've got no other reason to protect you.,,,,,,,,,,,,,,,,,,,,,,,,,,,,,,,", u2360 ,m151,,
79503, u2360 ," So what does that make me? Your buddy?,,,,,,,,,,,,,,,,,,,,,,,,,,,,,,,", u2365 ,m151,,
79504, u2365 ," So was I.,,,,,,,,,,,,,,,,,,,,,,,,,,,,,,,", u2360 ,m151,,
79505, u2360 ," Yeah. I was in Nam.,,,,,,,,,,,,,,,,,,,,,,,,,,,,,,,", u2365 ,m151,,
79506, u2365 ," Were you in Nam?,,,,,,,,,,,,,,,,,,,,,,,,,,,,,,,", u2360 ,m151,,
79507, u2360 ," What did I say?,,,,,,,,,,,,,,,,,,,,,,,,,,,,,,,", u2365 ,m151,,
79508, u2365 ," Pot metal?,,,,,,,,,,,,,,,,,,,,,,,,,,,,,,,", u2360 ,m151,,
79509, u2360 ," I didn't say braze.,,,,,,,,,,,,,,,,,,,,,,,,,,,,,,,", u2365 ,m151,,
79510, u2365 ," I don't mean braze.,,,,,,,,,,,,,,,,,,,,,,,,,,,,,,,", u2360 ,m151,,
79511, u2360 ," Yes.,,,,,,,,,,,,,,,,,,,,,,,,,,,,,,,", u2365 ,m151,,
79512, u2365 ," Cast iron?,,,,,,,,,,,,,,,,,,,,,,,,,,,,,,,", u2360 ,m151,,
79513, u2360 ," Any of it. If it can be welded I can weld it.,,,,,,,,,,,,,,,,,,,,,,,,,,,,,,,", u2365 ,m151,,
79514, u2365 ," Acetylene? Mig? Tig?,,,,,,,,,,,,,,,,,,,,,,,,,,,,,,,", u2360 ,m151,,
79515, u2360 ," I'm a welder.,,,,,,,,,,,,,,,,,,,,,,,,,,,,,,,", u2365 ,m151,,
79516, u2365 ," What did you do?,,,,,,,,,,,,,,,,,,,,,,,,,,,,,,,", u2360 ,m151,,
79517, u2360 ," I'm retired.,,,,,,,,,,,,,,,,,,,,,,,,,,,,,,,", u2365 ,m151,,
79518, u2365 ," ...What do you do?,,,,,,,,,,,,,,,,,,,,,,,,,,,,,,,", u2365 ,m151,,
79519, u2365 ," No. You don't understand.,,,,,,,,,,,,,,,,,,,,,,,,,,,,,,,", u2360 ,m151,,
79520, u2360 ," I been immobile.,,,,,,,,,,,,,,,,,,,,,,,,,,,,,,,", u2365 ,m151,,
79521, u2365 ," Took me about three hours.,,,,,,,,,,,,,,,,,,,,,,,,,,,,,,,", u2360 ,m151,,
79522, u2360 ," Not any way.,,,,,,,,,,,,,,,,,,,,,,,,,,,,,,,", u2365 ,m151,,
79523, u2365 ," Not that way.,,,,,,,,,,,,,,,,,,,,,,,,,,,,,,,", u2360 ,m151,,
79524, u2360 ," I know what it is. He won't find me again.,,,,,,,,,,,,,,,,,,,,,,,,,,,,,,,", u2365 ,m151,,
79525, u2365 ," It's called a transponder.,,,,,,,,,,,,,,,,,,,,,,,,,,,,,,,", u2360 ,m151,,
79526, u2360 ," I know how he found me.,,,,,,,,,,,,,,,,,,,,,,,,,,,,,,,", u2365 ,m151,,
79527, u2365 ," Chigurh. Anton Chigurh. You know how he found you?,,,,,,,,,,,,,,,,,,,,,,,,,,,,,,,", u2360 ,m151,,
79528, u2360 ," Sugar?,,,,,,,,,,,,,,,,,,,,,,,,,,,,,,,", u2365 ,m151,,
79529, u2365 ," I guess I'd say... that he doesn't have a sense of humor.  His name is Chigurh.,,,,,,,,,,,,,,,,,,,,,,,,,,,,,,,", u2360 ,m151,,
79530, u2360 ," How would you describe him?,,,,,,,,,,,,,,,,,,,,,,,,,,,,,,,", u2365 ,m151,,
79531, u2365 ," I don't think that's how I would describe him.,,,,,,,,,,,,,,,,,,,,,,,,,,,,,,,", u2360 ,m151,,
79532, u2360 ," What is he supposed to be, the ultimate bad-ass?"",,,,,,,,,,,,,,,,,,,,,,,,,,,,,,,", u2365 ,m151,,
79533, u2365 ," ...But that won't last.,,,,,,,,,,,,,,,,,,,,,,,,,,,,,,,", u2360 ,m151,,
79534, u2360 ," I know, I've seen him. Sort of."",,,,,,,,,,,,,,,,,,,,,,,,,,,,,,,", u2365 ,m151,,
79535, u2365 ," ...Don't worry. I'm not the man that's after you.,,,,,,,,,,,,,,,,,,,,,,,,,,,,,,,", u2360 ,m151,,
79536, u2360 ," Twelfth Infantry Batallion. August seventh nineteen and sixty-six to July second nineteen and sixty-eight.,,,,,,,,,,,,,,,,,,,,,,,,,,,,,,,", u2362 ,m151,,
79537, u2362 ," What outfit.,,,,,,,,,,,,,,,,,,,,,,,,,,,,,,,", u2360 ,m151,,
79538, u2360 ," Yes sir. Two tours.,,,,,,,,,,,,,,,,,,,,,,,,,,,,,,,", u2362 ,m151,,
79539, u2362 ," Nam?,,,,,,,,,,,,,,,,,,,,,,,,,,,,,,,", u2360 ,m151,,
79540, u2360 ," No sir. I'm a veteran.,,,,,,,,,,,,,,,,,,,,,,,,,,,,,,,", u2362 ,m151,,
79541, u2362 ," Are you in the service?,,,,,,,,,,,,,,,,,,,,,,,,,,,,,,,", u2360 ,m151,,
79542, u2360 ," Yes sir.,,,,,,,,,,,,,,,,,,,,,,,,,,,,,,,", u2362 ,m151,,
79543, u2362 ," Don't jack with me.,,,,,,,,,,,,,,,,,,,,,,,,,,,,,,,", u2360 ,m151,,
79544, u2360 ," No sir.,,,,,,,,,,,,,,,,,,,,,,,,,,,,,,,", u2362 ,m151,,
79545, u2362 ," Are you jackin' with me?,,,,,,,,,,,,,,,,,,,,,,,,,,,,,,,", u2360 ,m151,,
79546, u2360 ," I got an overcoat on.,,,,,,,,,,,,,,,,,,,,,,,,,,,,,,,", u2362 ,m151,,
79547, u2362 ," Then I ask you again how you come to be out here with no clothes.,,,,,,,,,,,,,,,,,,,,,,,,,,,,,,,", u2360 ,m151,,
79548, u2360 ," No sir.,,,,,,,,,,,,,,,,,,,,,,,,,,,,,,,", u2362 ,m151,,
79549, u2362 ," I ask questions. If I get sensible answers then they get to go to America. If I don't get sensible answers they don't. Is there anything about that that you don't understand?,,,,,,,,,,,,,,,,,,,,,,,,,,,,,,,", u2360 ,m151,,
79550, u2360 ," I don't know.,,,,,,,,,,,,,,,,,,,,,,,,,,,,,,,", u2362 ,m151,,
79551, u2362 ," That is correct. And how do I decide?,,,,,,,,,,,,,,,,,,,,,,,,,,,,,,,", u2360 ,m151,,
79552, u2360 ," You do, I reckon."",,,,,,,,,,,,,,,,,,,,,,,,,,,,,,,", u2362 ,m151,,
79553, u2362 ," Some American citizens. Who do you think decides?,,,,,,,,,,,,,,,,,,,,,,,,,,,,,,,", u2360 ,m151,,
79554, u2360 ," I don't know. American citizens.,,,,,,,,,,,,,,,,,,,,,,,,,,,,,,,", u2362 ,m151,,
79555, u2362 ," Who do you think gets through this gate into the United States of America?,,,,,,,,,,,,,,,,,,,,,,,,,,,,,,,", u2360 ,m151,,
