,User_id,text,sec_user,movies_name,relationship,attachment
80462, u2390 ," No doubt, brother - I figured as much back there in the restaurant. That's why I invited you out here for this advanced tutorial."",,,,,,,,,,,,,,,,,,,,,,,,,,,,,,,", u2394 ,m153,,
80464, u2390 ," And thank you as well for that conversational hiatus; I generally refrain from speech while engaged in gustation. There are those who attempt both at the same time but I find it course and vulgar. Now where were we?,,,,,,,,,,,,,,,,,,,,,,,,,,,,,,,", u2394 ,m153,,
80466, u2390 ," Thankee boys for throwin' in that fricasee. I'm a man a large appetite and even with lunch under my belt I was feeling a mite peckish.,,,,,,,,,,,,,,,,,,,,,,,,,,,,,,,", u2390 ,m153,,
80467, u2390 ," Sales, Mr. McGill, sales! And what do I sell? The Truth! Ever' blessed word of it, from Genesee on down to Revelations! That's right, the word of God, which let me add there is damn good money in during these days of woe and want! Folks're lookin' for answers and Big Dan Teague sells the only book that's got 'em! What do you do - you and your tongue-tied friend?"",,,,,,,,,,,,,,,,,,,,,,,,,,,,,,,", u2394 ,m153,,
80469, u2390 ," I flatter myself that such is the case; in my line of work it's plumb necessary. The one thing you don't want is air in the conversation.,,,,,,,,,,,,,,,,,,,,,,,,,,,,,,,", u2391 ,m153,,
80470, u2391 ," The law. Well the law is a human institution.,,,,,,,,,,,,,,,,,,,,,,,,,,,,,,,", u2394 ,m153,,
80473, u2391 ," - and share one of your graves.,,,,,,,,,,,,,,,,,,,,,,,,,,,,,,,", u2394 ,m153,,
80475, u2391 ," Didn't know you'd be bringin' a friend.  Well, he'll have to wait his turn -"",,,,,,,,,,,,,,,,,,,,,,,,,,,,,,,", u2394 ,m153,,
80477, u2391 ," You have eluded fate - and eluded me - for the last time. Tie their hands, boys."",,,,,,,,,,,,,,,,,,,,,,,,,,,,,,,", u2394 ,m153,,
80479, u2391 ," - but now it deposits you here.,,,,,,,,,,,,,,,,,,,,,,,,,,,,,,,", u2394 ,m153,,
80481, u2391 ," End of the road, boys. It's had its twists and turns -"",,,,,,,,,,,,,,,,,,,,,,,,,,,,,,,", u2401 ,m153,,
80483, u2392 ," I'm sorry we got you into this, Tommy."",,,,,,,,,,,,,,,,,,,,,,,,,,,,,,,", u2401 ,m153,,
80485, u2392 ," Huh?!,,,,,,,,,,,,,,,,,,,,,,,,,,,,,,,", u2401 ,m153,,
80487, u2392 ," Well that was our mistake then. And then we was beat up by a bible salesman and banished from Woolworth's. I don't know if it's the one branch or all of 'em.,,,,,,,,,,,,,,,,,,,,,,,,,,,,,,,", u2401 ,m153,,
80489, u2392 ," We didn't abandon you, Pete, we just thought you was a toad."",,,,,,,,,,,,,,,,,,,,,,,,,,,,,,,", u2401 ,m153,,
80491, u2392 ," ...Pete?,,,,,,,,,,,,,,,,,,,,,,,,,,,,,,,", u2401 ,m153,,
80493, u2392 ," Visit those foreclosin' sonofaguns down at the Indianola Savings and Loan and slap that cash down on the barrelhead and buy back the family farm. Hell, you ain't no kind of man if you ain't got land."",,,,,,,,,,,,,,,,,,,,,,,,,,,,,,,", u2401 ,m153,,
80495, u2392 ," Why don't we bed down out here tonight?,,,,,,,,,,,,,,,,,,,,,,,,,,,,,,,", u2401 ,m153,,
80497, u2392 ," That's right! We ain't really Negroes!,,,,,,,,,,,,,,,,,,,,,,,,,,,,,,,", u2401 ,m153,,
80500, u2392 ," You got light fingers, Everett. Gopher?"",,,,,,,,,,,,,,,,,,,,,,,,,,,,,,,", u2392 ,m153,,
80501, u2392 ," Gopher, Everett?"",,,,,,,,,,,,,,,,,,,,,,,,,,,,,,,", u2401 ,m153,,
80504, u2392 ," 'N I'm Delmar O'Donnell.,,,,,,,,,,,,,,,,,,,,,,,,,,,,,,,", u2392 ,m153,,
80505, u2392 ," That ain't it!,,,,,,,,,,,,,,,,,,,,,,,,,,,,,,,", u2394 ,m153,,
80507, u2392 ," A miracle! It was a miracle!,,,,,,,,,,,,,,,,,,,,,,,,,,,,,,,", u2394 ,m153,,
80509, u2392 ," We'll go fetch it with ya, Everett."",,,,,,,,,,,,,,,,,,,,,,,,,,,,,,,", u2392 ,m153,,
80510, u2392 ," Is the marriage off then, Miz Wharvey?"",,,,,,,,,,,,,,,,,,,,,,,,,,,,,,,", u2394 ,m153,,
80512, u2392 ," Oh, okay."",,,,,,,,,,,,,,,,,,,,,,,,,,,,,,,", u2394 ,m153,,
80514, u2392 ," What sat mean exactly, Everett?"",,,,,,,,,,,,,,,,,,,,,,,,,,,,,,,", u2392 ,m153,,
80515, u2392 ," Everett, my beard itches."",,,,,,,,,,,,,,,,,,,,,,,,,,,,,,,", u2394 ,m153,,
80518, u2392 ," 'N turned into a frog -,,,,,,,,,,,,,,,,,,,,,,,,,,,,,,,", u2392 ,m153,,
80519, u2392 ," Oh my God!,,,,,,,,,,,,,,,,,,,,,,,,,,,,,,,", u2394 ,m153,,
80522, u2392 ," Huh. I guess they'll tack on fifty years for me too.,,,,,,,,,,,,,,,,,,,,,,,,,,,,,,,", u2394 ,m153,,
80524, u2392 ," So - where's all the money from your armored-car job?,,,,,,,,,,,,,,,,,,,,,,,,,,,,,,,", u2394 ,m153,,
80526, u2392 ," Everett, I never figured you for a paterfamilias."",,,,,,,,,,,,,,,,,,,,,,,,,,,,,,,", u2394 ,m153,,
80528, u2392 ," Well, uh, I - I gotta get the family farm back before I can start thinkin' about that."",,,,,,,,,,,,,,,,,,,,,,,,,,,,,,,", u2394 ,m153,,
80530, u2392 ," Okay, Everett."",,,,,,,,,,,,,,,,,,,,,,,,,,,,,,,", u2394 ,m153,,
80532, u2392 ," Not that I'm aware.,,,,,,,,,,,,,,,,,,,,,,,,,,,,,,,", u2394 ,m153,,
80535, u2392 ," Uh, we uh-"",,,,,,,,,,,,,,,,,,,,,,,,,,,,,,,", u2394 ,m153,,
80537, u2392 ," I just don't think it's right, keepin' him under wraps like we's ashamed of him."",,,,,,,,,,,,,,,,,,,,,,,,,,,,,,,", u2394 ,m153,,
80539, u2392 ," Course it's Pete! Look at 'im!,,,,,,,,,,,,,,,,,,,,,,,,,,,,,,,", u2394 ,m153,,
80541, u2392 ," Caintcha see it Everett! Them sigh- reens did this to Pete! They loved him up an' turned him into a horney- toad!,,,,,,,,,,,,,,,,,,,,,,,,,,,,,,,", u2394 ,m153,,
80543, u2392 ," Oh sweet Lord, Everett, looka this!"",,,,,,,,,,,,,,,,,,,,,,,,,,,,,,,", u2394 ,m153,,
80546, u2392 ," Now wuddya suppose is eatin' George?,,,,,,,,,,,,,,,,,,,,,,,,,,,,,,,", u2394 ,m153,,
80548, u2392 ," Yeah, look at me."",,,,,,,,,,,,,,,,,,,,,,,,,,,,,,,", u2394 ,m153,,
80550, u2392 ," Don't be a fool, Everett, we gotta R- U-N-O-F-F-T, but pronto!"",,,,,,,,,,,,,,,,,,,,,,,,,,,,,,,", u2394 ,m153,,
80552, u2392 ," Damn! We gotta skedaddle!,,,,,,,,,,,,,,,,,,,,,,,,,,,,,,,", u2394 ,m153,,
80554, u2392 ," Izzat right?,,,,,,,,,,,,,,,,,,,,,,,,,,,,,,,", u2394 ,m153,,
80556, u2392 ," Five... hunnert... thousand... each.,,,,,,,,,,,,,,,,,,,,,,,,,,,,,,,", u2394 ,m153,,
80558, u2392 ," This ain't no laughin' matter, Everett."",,,,,,,,,,,,,,,,,,,,,,,,,,,,,,,", u2392 ,m153,,
80559, u2392 ," Pull over, Everett - let's give that colored boy a lift."",,,,,,,,,,,,,,,,,,,,,,,,,,,,,,,", u2394 ,m153,,
80561, u2392 ," You should a joined us, Everett. It couldn't a hurt none."",,,,,,,,,,,,,,,,,,,,,,,,,,,,,,,", u2394 ,m153,,
80563, u2392 ," But there were witnesses, saw us redeemed!"",,,,,,,,,,,,,,,,,,,,,,,,,,,,,,,", u2392 ,m153,,
80564, u2392 ," Well I was lyin' - and I'm proud to say that that sin's been warshed away too!  Neither God nor man's got nothin' on me now! Come on in, boys, the water's fine!"",,,,,,,,,,,,,,,,,,,,,,,,,,,,,,,", u2394 ,m153,,
80566, u2392 ," Preacher said my sins are warshed away, including that Piggly Wiggly I knocked over in Yazoo!"",,,,,,,,,,,,,,,,,,,,,,,,,,,,,,,", u2394 ,m153,,
80568, u2392 ," Well that's it boys, I been redeemed! The preacher warshed away all my sins and transgressions. It's the straight-and-narrow from here on out and heaven everlasting's my reward!"",,,,,,,,,,,,,,,,,,,,,,,,,,,,,,,", u2394 ,m153,,
80570, u2392 ," Gopher, Everett?"",,,,,,,,,,,,,,,,,,,,,,,,,,,,,,,", u2394 ,m153,,
80572, u2392 ," Yeah, let's negotiate 'em, Everett."",,,,,,,,,,,,,,,,,,,,,,,,,,,,,,,", u2394 ,m153,,
80575, u2392 ," What do we do now, Everett?"",,,,,,,,,,,,,,,,,,,,,,,,,,,,,,,", u2394 ,m153,,
80577, u2392 ," How'd he know about the treasure?,,,,,,,,,,,,,,,,,,,,,,,,,,,,,,,", u2393 ,m153,,
80578, u2393 ," Well now Pappy I wouldn't put it that strong...,,,,,,,,,,,,,,,,,,,,,,,,,,,,,,,", u2399 ,m153,,
80579, u2399 ," You don't know where his goddamn folks from; you speakin' outcha asshole.,,,,,,,,,,,,,,,,,,,,,,,,,,,,,,,", u2393 ,m153,,
80580, u2393 ," Campaign manager? Waldrip.,,,,,,,,,,,,,,,,,,,,,,,,,,,,,,,", u2399 ,m153,,
80581, u2399 ," What's his name again?,,,,,,,,,,,,,,,,,,,,,,,,,,,,,,,", u2393 ,m153,,
80582, u2393 ," Assa good idea, Pappy."",,,,,,,,,,,,,,,,,,,,,,,,,,,,,,,", u2399 ,m153,,
80583, u2399 ," I'm sayin' we har this man away.,,,,,,,,,,,,,,,,,,,,,,,,,,,,,,,", u2393 ,m153,,
80584, u2393 ," Problem a p'seption.,,,,,,,,,,,,,,,,,,,,,,,,,,,,,,,", u2399 ,m153,,
80585, u2399 ," Y'ignorant slope-shouldered sack a guts!  Why we'd look like a buncha satchel-ass Johnnie-Come-Latelies braggin' on our own midget! Don't matter how stumpy! And that's the goddamn problem right there - people think this Stokes got fresh ideas, he's oh coorant and we the past."",,,,,,,,,,,,,,,,,,,,,,,,,,,,,,,", u2393 ,m153,,
80586, u2393 ," Okay, Pappy."",,,,,,,,,,,,,,,,,,,,,,,,,,,,,,,", u2399 ,m153,,
80587, u2399 ," I'm just makin' a point, you stupid sonofabitch!"",,,,,,,,,,,,,,,,,,,,,,,,,,,,,,,", u2393 ,m153,,
80588, u2393 ," Oh, yes, assa parful new force."",,,,,,,,,,,,,,,,,,,,,,,,,,,,,,,", u2399 ,m153,,
80589, u2399 ," We ain't one-at-a-timin' here, we mass communicatin'!"",,,,,,,,,,,,,,,,,,,,,,,,,,,,,,,", u2393 ,m153,,
80590, u2393 ," Oh no, no, just the reg'la side -"",,,,,,,,,,,,,,,,,,,,,,,,,,,,,,,", u2403 ,m153,,
80592, u2393 ," Pappy O'Daniel be laughing' then.,,,,,,,,,,,,,,,,,,,,,,,,,,,,,,,", u2393 ,m153,,
80593, u2393 ," Vernon T. Waldrip.,,,,,,,,,,,,,,,,,,,,,,,,,,,,,,,", u2403 ,m153,,
80596, u2393 ," Oh gracious no. Not with his blandishments.,,,,,,,,,,,,,,,,,,,,,,,,,,,,,,,", u2403 ,m153,,
80598, u2393 ," Enticements a power, wealth, settera."",,,,,,,,,,,,,,,,,,,,,,,,,,,,,,,", u2403 ,m153,,
80600, u2393 ," Cain't beat 'em, join 'em."",,,,,,,,,,,,,,,,,,,,,,,,,,,,,,,", u2403 ,m153,,
80602, u2393 ," Wipin' little circles with his bread...,,,,,,,,,,,,,,,,,,,,,,,,,,,,,,,", u2403 ,m153,,
80604, u2393 ," Well, I believe it's mawva kickin' sichation."",,,,,,,,,,,,,,,,,,,,,,,,,,,,,,,", u2403 ,m153,,
80606, u2393 ," Well now, I don't believe assa property scription."",,,,,,,,,,,,,,,,,,,,,,,,,,,,,,,", u2403 ,m153,,
80608, u2393 ," Ain't gonna paddle it; he's gonna kick it real hard.,,,,,,,,,,,,,,,,,,,,,,,,,,,,,,,", u2403 ,m153,,
80610, u2393 ," Reason why he's pullin' ah pants down.,,,,,,,,,,,,,,,,,,,,,,,,,,,,,,,", u2403 ,m153,,
80613, u2393 ," Devil his due.,,,,,,,,,,,,,,,,,,,,,,,,,,,,,,,", u2403 ,m153,,
80615, u2393 ," Suckin' away.,,,,,,,,,,,,,,,,,,,,,,,,,,,,,,,", u2403 ,m153,,
80617, u2393 ," Latch right on to that tit.,,,,,,,,,,,,,,,,,,,,,,,,,,,,,,,", u2403 ,m153,,
80619, u2393 ," Gonna pluck us off the tit.,,,,,,,,,,,,,,,,,,,,,,,,,,,,,,,", u2403 ,m153,,
80621, u2393 ," Them straw polls is ugly.,,,,,,,,,,,,,,,,,,,,,,,,,,,,,,,", u2393 ,m153,,
80622, u2393 ," Oh Lord yes, any parish'r precinct; I was makin' the larger point."",,,,,,,,,,,,,,,,,,,,,,,,,,,,,,,", u2403 ,m153,,
80624, u2393 ," Finest governor we've ever had in M'sippi.,,,,,,,,,,,,,,,,,,,,,,,,,,,,,,,", u2394 ,m153,,
80750, u2395 ," Hot damn, we gotta find those boys! Sign 'em to a big fat contract! Hell's bells, Mr. Lunn, if we don't the goddamn competition will!"",,,,,,,,,,,,,,,,,,,,,,,,,,,,,,,", u2397 ,m153,,
80752, u2395 ," Well that record has just gone through the goddamn roof! They're playin' it as far away as Mobile! The whole damn state's goin' ape!,,,,,,,,,,,,,,,,,,,,,,,,,,,,,,,", u2397 ,m153,,
80754, u2395 ," They cut a record in here, few days ago, old-timey harmony thing with a guitar Accump-accump-uh-"",,,,,,,,,,,,,,,,,,,,,,,,,,,,,,,", u2397 ,m153,,
80756, u2395 ," How can I lay hold a the Soggy Bottom Boys?,,,,,,,,,,,,,,,,,,,,,,,,,,,,,,,", u2397 ,m153,,
80758, u2399 ," Well I guess folks don't mind they's integrated.,,,,,,,,,,,,,,,,,,,,,,,,,,,,,,,", u2396 ,m153,,
80759, u2396 ," But Pappy, they's inter-grated."",,,,,,,,,,,,,,,,,,,,,,,,,,,,,,,", u2399 ,m153,,
80760, u2399 ," Holy-moly. These boys're a hit!,,,,,,,,,,,,,,,,,,,,,,,,,,,,,,,", u2399 ,m153,,
80761, u2399 ," We ain't got a constichency! Stokes got a constichency!,,,,,,,,,,,,,,,,,,,,,,,,,,,,,,,", u2396 ,m153,,
80762, u2396 ," We cain't do that, Daddy, we might offend our constichency."",,,,,,,,,,,,,,,,,,,,,,,,,,,,,,,", u2399 ,m153,,
80763, u2399 ," I signed that bill! I signed a dozen a those aggi-culture bills! Everyone knows I'm a friend a the fahmuh! What do I gotta do, start diddlin' livestock?!"",,,,,,,,,,,,,,,,,,,,,,,,,,,,,,,", u2396 ,m153,,
80764, u2396 ," Well people like that reform. Maybe we should get us some.,,,,,,,,,,,,,,,,,,,,,,,,,,,,,,,", u2399 ,m153,,
80765, u2399 ," ...Yeah?,,,,,,,,,,,,,,,,,,,,,,,,,,,,,,,", u2396 ,m153,,
80766, u2396 ," Well he's the reform candidate, Daddy."",,,,,,,,,,,,,,,,,,,,,,,,,,,,,,,", u2399 ,m153,,
80767, u2399 ," Languishing! Goddamn campaign is languishing! We need a shot inna arm!  Hear me, boys? Inna goddamn ARM!  Election held tomorra, that sonofabitch Stokes would win it in a walk!"",,,,,,,,,,,,,,,,,,,,,,,,,,,,,,,", u2404 ,m153,,
80768, u2404 ," Buyin' nipples!,,,,,,,,,,,,,,,,,,,,,,,,,,,,,,,", u2398 ,m153,,
80769, u2398 ," She's at the five and dime.,,,,,,,,,,,,,,,,,,,,,,,,,,,,,,,", u2398 ,m153,,
80770, u2398 ," He's a suitor!,,,,,,,,,,,,,,,,,,,,,,,,,,,,,,,", u2404 ,m153,,
80771, u2404 ," It's bona fide!,,,,,,,,,,,,,,,,,,,,,,,,,,,,,,,", u2404 ,m153,,
80772, u2404 ," You got a maiden name, Daddy?"",,,,,,,,,,,,,,,,,,,,,,,,,,,,,,,", u2398 ,m153,,
80773, u2398 ," That's a maiden name.,,,,,,,,,,,,,,,,,,,,,,,,,,,,,,,", u2404 ,m153,,
80774, u2404 ," Blooey!,,,,,,,,,,,,,,,,,,,,,,,,,,,,,,,", u2398 ,m153,,
80775, u2398 ," Mama said you was hit by a train!,,,,,,,,,,,,,,,,,,,,,,,,,,,,,,,", u2398 ,m153,,
80776, u2398 ," He ain't our daddy!,,,,,,,,,,,,,,,,,,,,,,,,,,,,,,,", u2404 ,m153,,
80777, u2404 ," Daddy!,,,,,,,,,,,,,,,,,,,,,,,,,,,,,,,", u2398 ,m153,,
