,User_id,text,sec_user,movies_name,relationship,attachment
80779, u2405 ," I knew you'd make it!  Where's your girl? Didn't she come?,,,,,,,,,,,,,,,,,,,,,,,,,,,,,,,", u2415 ,m154,,
80781, u2405 ," Okay, I wrote those things... and yeah, I had big thoughts of getting together with your mom... but when she hit me with being pregnant, I saw who she was. I'd had quiff lay that shit on me before!"",,,,,,,,,,,,,,,,,,,,,,,,,,,,,,,", u2415 ,m154,,
80783, u2405 ," I never said any of that!,,,,,,,,,,,,,,,,,,,,,,,,,,,,,,,", u2415 ,m154,,
80785, u2405 ," I wrote. Not every week...,,,,,,,,,,,,,,,,,,,,,,,,,,,,,,,", u2415 ,m154,,
80787, u2405 ," There's nothing to talk about. Two goddamn times I made it with your old lady. We barely even talked.,,,,,,,,,,,,,,,,,,,,,,,,,,,,,,,", u2415 ,m154,,
80789, u2405 ," Who?  Aw shit, Zackie, let's not get off on your mother again, please."",,,,,,,,,,,,,,,,,,,,,,,,,,,,,,,", u2415 ,m154,,
80791, u2405 ," Back east in Newport, Rhode Island, they call 'em the Fall River Debs. In Pensacola, the Mobile Debs. In Norfolk --"",,,,,,,,,,,,,,,,,,,,,,,,,,,,,,,", u2415 ,m154,,
80793, u2405 ," Better watch out for that kind, Zackie. You know what they call 'em, don't ya?"",,,,,,,,,,,,,,,,,,,,,,,,,,,,,,,", u2415 ,m154,,
80795, u2405 ," Great ass.,,,,,,,,,,,,,,,,,,,,,,,,,,,,,,,", u2415 ,m154,,
80797, u2405 ," Who's that?,,,,,,,,,,,,,,,,,,,,,,,,,,,,,,,", u2405 ,m154,,
80798, u2405 ," Hey, Zackie -- don't go away mad."",,,,,,,,,,,,,,,,,,,,,,,,,,,,,,,", u2415 ,m154,,
80800, u2405 ," Hey, what did you want? A lot of fatherly bullshit? A big pat on the back?"",,,,,,,,,,,,,,,,,,,,,,,,,,,,,,,", u2415 ,m154,,
80802, u2405 ," Fuck, no! Why would I care about something as dumb as that?"",,,,,,,,,,,,,,,,,,,,,,,,,,,,,,,", u2415 ,m154,,
80804, u2405 ," Don't be pissed. I'm on your side, Pard. I just don't want you to do something you'll regret. You gotta give six years to the Navy if you wanna fly... that's six years with the most uptight assholes God put on this earth. Officers aren't like you and me, man. It's another breed."",,,,,,,,,,,,,,,,,,,,,,,,,,,,,,,", u2415 ,m154,,
80806, u2405 ," Who gave you this idea?,,,,,,,,,,,,,,,,,,,,,,,,,,,,,,,", u2415 ,m154,,
80808, u2405 ," Why?,,,,,,,,,,,,,,,,,,,,,,,,,,,,,,,", u2415 ,m154,,
80810, u2405 ," You... in the Navy?,,,,,,,,,,,,,,,,,,,,,,,,,,,,,,,", u2415 ,m154,,
80812, u2405 ," Zackie, nothing you do will ever surprise me, pard, not after some of the shit you've pulled."",,,,,,,,,,,,,,,,,,,,,,,,,,,,,,,", u2415 ,m154,,
80814, u2405 ," So what're you doing in Seattle?,,,,,,,,,,,,,,,,,,,,,,,,,,,,,,,", u2405 ,m154,,
80815, u2405 ," Wha-chu-say, palequero? Short time, long time, only ten dolla."",,,,,,,,,,,,,,,,,,,,,,,,,,,,,,,", u2415 ,m154,,
80817, u2405 ," Why the fuck didn't you invite me? I would've come.,,,,,,,,,,,,,,,,,,,,,,,,,,,,,,,", u2415 ,m154,,
80819, u2405 ," I thought you quit school. Last I heard you were on your way to a construction job or something down in Brazil.,,,,,,,,,,,,,,,,,,,,,,,,,,,,,,,", u2415 ,m154,,
80821, u2405 ," Hey, honey, look at this! My son! Isn't he beautiful?  You should've called!"",,,,,,,,,,,,,,,,,,,,,,,,,,,,,,,", u2415 ,m154,,
80823, u2405 ," Zack, you little shit! You haven't changed a bit!"",,,,,,,,,,,,,,,,,,,,,,,,,,,,,,,", u2415 ,m154,,
80825, u2405 ," Stop calling me 'sir! I ain't no officer. My name is Byron.,,,,,,,,,,,,,,,,,,,,,,,,,,,,,,,", u2415 ,m154,,
80827, u2405 ," Okay, okay. You win."",,,,,,,,,,,,,,,,,,,,,,,,,,,,,,,", u2415 ,m154,,
80829, u2405 ," Come back here, kid!"",,,,,,,,,,,,,,,,,,,,,,,,,,,,,,,", u2415 ,m154,,
80831, u2405 ," You got to kid. Let me spell it out for you. This is a whorehouse. And I happen to like my life the way it is and nobody's gonna make me change.,,,,,,,,,,,,,,,,,,,,,,,,,,,,,,,", u2415 ,m154,,
80833, u2405 ," I'm not finished. I'll only be in port one week a month and when I'm here you'd never catch me playing daddy with you 'cause it's not who I am. Like I told you on the phone, you I'd be better off in that state school back in Virginia."",,,,,,,,,,,,,,,,,,,,,,,,,,,,,,,", u2415 ,m154,,
80835, u2405 ," This is it. This is where I live. I suppose you could bunk over there and you could go to school at the base.,,,,,,,,,,,,,,,,,,,,,,,,,,,,,,,", u2405 ,m154,,
80836, u2405 ," Well, that's how long I've been out at sea."",,,,,,,,,,,,,,,,,,,,,,,,,,,,,,,", u2415 ,m154,,
80838, u2405 ," Listen, kid, I was sorry to hear about your mom. That's pretty rough. I would've returned your call a lot sooner but I was out at sea..."",,,,,,,,,,,,,,,,,,,,,,,,,,,,,,,", u2415 ,m154,,
80840, u2405 ," How was the flight? They take care of you okay? Long way from Norfolk, isn't it?"",,,,,,,,,,,,,,,,,,,,,,,,,,,,,,,", u2405 ,m154,,
80841, u2405 ," I'm Byron. Nice to meet you.  C'mon. Let's go get your luggage.,,,,,,,,,,,,,,,,,,,,,,,,,,,,,,,", u2415 ,m154,,
80843, u2405 ," You, Zack?"",,,,,,,,,,,,,,,,,,,,,,,,,,,,,,,", u2415 ,m154,,
80858, u2410 ," I don't mean anything by it.,,,,,,,,,,,,,,,,,,,,,,,,,,,,,,,", u2407 ,m154,,
80861, u2410 ," When did this happen?,,,,,,,,,,,,,,,,,,,,,,,,,,,,,,,", u2407 ,m154,,
80863, u2410 ," Esther, do you think she's using...  ...birth control?"",,,,,,,,,,,,,,,,,,,,,,,,,,,,,,,", u2410 ,m154,,
80864, u2410 ," Come over here where I can see you.,,,,,,,,,,,,,,,,,,,,,,,,,,,,,,,", u2407 ,m154,,
80948, u2409 ," Yes, sir!"",,,,,,,,,,,,,,,,,,,,,,,,,,,,,,,", u2408 ,m154,,
80950, u2409 ," Yes, sir!"",,,,,,,,,,,,,,,,,,,,,,,,,,,,,,,", u2408 ,m154,,
80953, u2409 ," Yes, sir!!"",,,,,,,,,,,,,,,,,,,,,,,,,,,,,,,", u2408 ,m154,,
80955, u2409 ," Yes, sir!"",,,,,,,,,,,,,,,,,,,,,,,,,,,,,,,", u2408 ,m154,,
80957, u2410 ," Then you're dumber than I thought! All you'll get from their kind is pregnant!,,,,,,,,,,,,,,,,,,,,,,,,,,,,,,,", u2412 ,m154,,
80959, u2410 ," Do you honestly think you'll find a boy in that... that officer's school who's serious about marriage?,,,,,,,,,,,,,,,,,,,,,,,,,,,,,,,", u2412 ,m154,,
80961, u2410 ," Well, as long as you live in this house, young lady, you live by my rules! You should be dating local boys."",,,,,,,,,,,,,,,,,,,,,,,,,,,,,,,", u2412 ,m154,,
80963, u2410 ," But you knew right off what I was talking about, didn't you, Paula! Did you let that boy --"",,,,,,,,,,,,,,,,,,,,,,,,,,,,,,,", u2412 ,m154,,
80965, u2410 ," What are you tired from?,,,,,,,,,,,,,,,,,,,,,,,,,,,,,,,", u2412 ,m154,,
80967, u2410 ," I said, come here!"",,,,,,,,,,,,,,,,,,,,,,,,,,,,,,,", u2412 ,m154,,
