,User_id,text,sec_user,movies_name,relationship,attachment
84928, u2517 ," Well it's just not true. We wouldn't be looking at you -- why are you wearing this suit? Did you say hello to your brother in law's?,,,,,,,,,,,,,,,,,,,,,,,,,,,,,,,", u2511 ,m163,,
84929, u2511 ," No, no, no."",,,,,,,,,,,,,,,,,,,,,,,,,,,,,,,", u2517 ,m163,,
84930, u2517 ," Did you think that we'd all be looking at you?,,,,,,,,,,,,,,,,,,,,,,,,,,,,,,,", u2511 ,m163,,
84931, u2511 ," Ok, bye-bye."",,,,,,,,,,,,,,,,,,,,,,,,,,,,,,,", u2517 ,m163,,
84932, u2517 ," Fine. You get back to chatting with your precious customers.,,,,,,,,,,,,,,,,,,,,,,,,,,,,,,,", u2511 ,m163,,
84933, u2511 ," Yes, I'll be there."",,,,,,,,,,,,,,,,,,,,,,,,,,,,,,,", u2517 ,m163,,
84934, u2517 ," You just fucking said """"chat,"""" that is so -- what are you now? """"chat."""" I'm just calling to make sure you show up at this party tonight."",,,,,,,,,,,,,,,,,,,,,,,,,,,,,,,", u2511 ,m163,,
84935, u2511 ," Well, I can't talk though --"",,,,,,,,,,,,,,,,,,,,,,,,,,,,,,,", u2517 ,m163,,
84936, u2517 ," """"chat?"""" Did you just say """"chat?"""""",,,,,,,,,,,,,,,,,,,,,,,,,,,,,,,", u2511 ,m163,,
84937, u2511 ," I have a few people here, I can't really chat right now."",,,,,,,,,,,,,,,,,,,,,,,,,,,,,,,", u2517 ,m163,,
84938, u2517 ," So you can't talk to me?,,,,,,,,,,,,,,,,,,,,,,,,,,,,,,,", u2511 ,m163,,
84939, u2511 ," I'm just working....I have some customers here.....,,,,,,,,,,,,,,,,,,,,,,,,,,,,,,,", u2517 ,m163,,
84940, u2517 ," Yeah but what are you doing?,,,,,,,,,,,,,,,,,,,,,,,,,,,,,,,", u2511 ,m163,,
84941, u2511 ," Hello, Karen. I'm just working."",,,,,,,,,,,,,,,,,,,,,,,,,,,,,,,", u2517 ,m163,,
84942, u2517 ," Hey it's me, what are you doing?"",,,,,,,,,,,,,,,,,,,,,,,,,,,,,,,", u2511 ,m163,,
84943, u2511 ," This is Barry.,,,,,,,,,,,,,,,,,,,,,,,,,,,,,,,", u2511 ,m163,,
84944, u2511 ," D&D Mattress Man.,,,,,,,,,,,,,,,,,,,,,,,,,,,,,,,", u2523 ,m163,,
84945, u2523 ," What's the listing?,,,,,,,,,,,,,,,,,,,,,,,,,,,,,,,", u2511 ,m163,,
84946, u2511 ," Somewhere in Utah.,,,,,,,,,,,,,,,,,,,,,,,,,,,,,,,", u2523 ,m163,,
84947, u2523 ," What city?,,,,,,,,,,,,,,,,,,,,,,,,,,,,,,,", u2511 ,m163,,
84948, u2511 ," Ok. Thank you.,,,,,,,,,,,,,,,,,,,,,,,,,,,,,,,", u2523 ,m163,,
84949, u2523 ," It's extension 215 if you want to try me back.,,,,,,,,,,,,,,,,,,,,,,,,,,,,,,,", u2523 ,m163,,
84950, u2523 ," I don't know...I mean: I don't know.,,,,,,,,,,,,,,,,,,,,,,,,,,,,,,,", u2511 ,m163,,
84951, u2511 ," Do you realize that the monetary value of this promotion and the prize is potentially worth more than the purchases?,,,,,,,,,,,,,,,,,,,,,,,,,,,,,,,", u2523 ,m163,,
84952, u2523 ," That's it.,,,,,,,,,,,,,,,,,,,,,,,,,,,,,,,", u2511 ,m163,,
84953, u2511 ," So, just to clarify, I'm sorry: Ten purchases of any of your Healthy Choice products equals five hundred miles and then with the coupon the same purchases would value one thousand miles --"",,,,,,,,,,,,,,,,,,,,,,,,,,,,,,,", u2523 ,m163,,
84954, u2523 ," I think that's a type-o then, that would be a mistake."",,,,,,,,,,,,,,,,,,,,,,,,,,,,,,,", u2511 ,m163,,
84955, u2511 ," It's hard to understand because it says in addition to but I can't exactly understand in addition to what because there's actually nothing to add it too...,,,,,,,,,,,,,,,,,,,,,,,,,,,,,,,", u2523 ,m163,,
84956, u2523 ," This is """"Fly With Us?"""""",,,,,,,,,,,,,,,,,,,,,,,,,,,,,,,", u2511 ,m163,,
84957, u2511 ," I'm looking at your advertisement for the airline promotion and giveaway?,,,,,,,,,,,,,,,,,,,,,,,,,,,,,,,", u2523 ,m163,,
84958, u2523 ," And what was this?,,,,,,,,,,,,,,,,,,,,,,,,,,,,,,,", u2511 ,m163,,
84959, u2511 ," ...yes I'm still on hold...,,,,,,,,,,,,,,,,,,,,,,,,,,,,,,,", u2511 ,m163,,
84960, u2511 ," -- all I want is the number of where she's staying and that should be god damn good enough, now stop treating me this way, please -- Just Give Me The Number Elizabeth Please Now I think I will kill you if you don't."",,,,,,,,,,,,,,,,,,,,,,,,,,,,,,,", u2516 ,m163,,
84961, u2516 ," -- what are you talking about, come on --"",,,,,,,,,,,,,,,,,,,,,,,,,,,,,,,", u2511 ,m163,,
84962, u2511 ," There is no reason for you to treat me like you do -- you're killing me, you are killing me with the way that you are towards me --"",,,,,,,,,,,,,,,,,,,,,,,,,,,,,,,", u2516 ,m163,,
84963, u2516 ," Tell me why.,,,,,,,,,,,,,,,,,,,,,,,,,,,,,,,", u2511 ,m163,,
84964, u2511 ," I just want to know where she's staying.,,,,,,,,,,,,,,,,,,,,,,,,,,,,,,,", u2516 ,m163,,
84965, u2516 ," What? Tell me why you wanna know --,,,,,,,,,,,,,,,,,,,,,,,,,,,,,,,", u2511 ,m163,,
84966, u2511 ," I....please don't do this.,,,,,,,,,,,,,,,,,,,,,,,,,,,,,,,", u2516 ,m163,,
84967, u2516 ," No she didn't; that's a lie.,,,,,,,,,,,,,,,,,,,,,,,,,,,,,,,", u2511 ,m163,,
84968, u2511 ," ......she forgot her purse at my work and I wanted to get it back to her.,,,,,,,,,,,,,,,,,,,,,,,,,,,,,,,", u2516 ,m163,,
84969, u2516 ," Oh My God, yeah, I know exactly where she is, why?"",,,,,,,,,,,,,,,,,,,,,,,,,,,,,,,", u2511 ,m163,,
84970, u2511 ," Do you know where she's staying in Hawaii?,,,,,,,,,,,,,,,,,,,,,,,,,,,,,,,", u2516 ,m163,,
84971, u2516 ," You're so scared.,,,,,,,,,,,,,,,,,,,,,,,,,,,,,,,", u2511 ,m163,,
84972, u2511 ," ....she didn't, I didn't ask her out?"",,,,,,,,,,,,,,,,,,,,,,,,,,,,,,,", u2516 ,m163,,
84973, u2516 ," What about her? You didn't ask her out, you're such a pussy --"",,,,,,,,,,,,,,,,,,,,,,,,,,,,,,,", u2511 ,m163,,
84974, u2511 ," Nothing. I'm just at work and I'm wondering, you know your friend Lena?"",,,,,,,,,,,,,,,,,,,,,,,,,,,,,,,", u2516 ,m163,,
84975, u2516 ," Hey. What are you doing?,,,,,,,,,,,,,,,,,,,,,,,,,,,,,,,", u2516 ,m163,,
84976, u2516 ," Call me later.,,,,,,,,,,,,,,,,,,,,,,,,,,,,,,,", u2511 ,m163,,
84977, u2511 ," Goodbye.,,,,,,,,,,,,,,,,,,,,,,,,,,,,,,,", u2511 ,m163,,
84978, u2511 ," I have no idea.,,,,,,,,,,,,,,,,,,,,,,,,,,,,,,,", u2516 ,m163,,
84979, u2516 ," Why's it here?,,,,,,,,,,,,,,,,,,,,,,,,,,,,,,,", u2511 ,m163,,
84980, u2511 ," It's not mine.,,,,,,,,,,,,,,,,,,,,,,,,,,,,,,,", u2516 ,m163,,
84981, u2516 ," What's all this pudding?,,,,,,,,,,,,,,,,,,,,,,,,,,,,,,,", u2516 ,m163,,
84982, u2516 ," OH MY GOD. Look at that.,,,,,,,,,,,,,,,,,,,,,,,,,,,,,,,", u2511 ,m163,,
84983, u2511 ," Yeah I can't.,,,,,,,,,,,,,,,,,,,,,,,,,,,,,,,", u2516 ,m163,,
84984, u2516 ," You're being weird again, see. Come on. Please don't be weird."",,,,,,,,,,,,,,,,,,,,,,,,,,,,,,,", u2511 ,m163,,
84985, u2511 ," I didn't ask him that. He's lying.,,,,,,,,,,,,,,,,,,,,,,,,,,,,,,,", u2516 ,m163,,
84986, u2516 ," Did you ask Walter to get you a shrink?  Barry, did you ask Walter to get you a shrink? What's wrong with you? Are you ok?"",,,,,,,,,,,,,,,,,,,,,,,,,,,,,,,", u2511 ,m163,,
84987, u2511 ," What?,,,,,,,,,,,,,,,,,,,,,,,,,,,,,,,", u2516 ,m163,,
84988, u2516 ," I'll leave then, I'll go to get something from my car, go away so you don't feel pressure. Can I ask you a serious question:"",,,,,,,,,,,,,,,,,,,,,,,,,,,,,,,", u2511 ,m163,,
84989, u2511 ," I don't know.,,,,,,,,,,,,,,,,,,,,,,,,,,,,,,,", u2516 ,m163,,
84990, u2516 ," I'm not gonna rag you. Why would I do this just to rag you?,,,,,,,,,,,,,,,,,,,,,,,,,,,,,,,", u2511 ,m163,,
84991, u2511 ," I'm not being scared, you're just going to rag me if I do this --"",,,,,,,,,,,,,,,,,,,,,,,,,,,,,,,", u2516 ,m163,,
84992, u2516 ," You don't do anything, why are you being scared?"",,,,,,,,,,,,,,,,,,,,,,,,,,,,,,,", u2511 ,m163,,
84993, u2511 ," I don't do that. I don't - things like that.,,,,,,,,,,,,,,,,,,,,,,,,,,,,,,,", u2516 ,m163,,
84994, u2516 ," Are you gonna do it?,,,,,,,,,,,,,,,,,,,,,,,,,,,,,,,", u2511 ,m163,,
84995, u2511 ," I feel really on the spot now.,,,,,,,,,,,,,,,,,,,,,,,,,,,,,,,", u2516 ,m163,,
84996, u2516 ," -- do you think you'll ask her out?,,,,,,,,,,,,,,,,,,,,,,,,,,,,,,,", u2511 ,m163,,
84997, u2511 ," It's fine, but --"",,,,,,,,,,,,,,,,,,,,,,,,,,,,,,,", u2516 ,m163,,
84998, u2516 ," It's not cool?,,,,,,,,,,,,,,,,,,,,,,,,,,,,,,,", u2511 ,m163,,
84999, u2511 ," I'm gonna call you back.,,,,,,,,,,,,,,,,,,,,,,,,,,,,,,,", u2516 ,m163,,
85000, u2516 ," Hey, hey, you should ask her out -- what do you think, she's cute, right?"",,,,,,,,,,,,,,,,,,,,,,,,,,,,,,,", u2511 ,m163,,
85001, u2511 ," I'm sorry.,,,,,,,,,,,,,,,,,,,,,,,,,,,,,,,", u2516 ,m163,,
85002, u2516 ," Seriously, though: We're going to eat, I said."",,,,,,,,,,,,,,,,,,,,,,,,,,,,,,,", u2511 ,m163,,
85003, u2511 ," I have work, I can't leave."",,,,,,,,,,,,,,,,,,,,,,,,,,,,,,,", u2516 ,m163,,
85004, u2516 ," Why?,,,,,,,,,,,,,,,,,,,,,,,,,,,,,,,", u2511 ,m163,,
85005, u2511 ," Yeah I can't.,,,,,,,,,,,,,,,,,,,,,,,,,,,,,,,", u2516 ,m163,,
85006, u2516 ," This is Lena, she's a good friend of mine from work. We were in the neighborhood and she had to pick up her car and we're getting breakfast before we go in, so did you want to go? We're gonna go and eat, let's go."",,,,,,,,,,,,,,,,,,,,,,,,,,,,,,,", u2511 ,m163,,
85007, u2511 ," I don't know.,,,,,,,,,,,,,,,,,,,,,,,,,,,,,,,", u2516 ,m163,,
85008, u2516 ," Hey, what are you doing? Why are you wearing a suit again?"",,,,,,,,,,,,,,,,,,,,,,,,,,,,,,,", u2511 ,m163,,
85009, u2511 ," I'm not, I'm very happy."",,,,,,,,,,,,,,,,,,,,,,,,,,,,,,,", u2516 ,m163,,
85010, u2516 ," You look nervous.,,,,,,,,,,,,,,,,,,,,,,,,,,,,,,,", u2511 ,m163,,
85011, u2511 ," No.,,,,,,,,,,,,,,,,,,,,,,,,,,,,,,,", u2516 ,m163,,
85012, u2516 ," She couldn't come I said. Are you nervous?,,,,,,,,,,,,,,,,,,,,,,,,,,,,,,,", u2511 ,m163,,
85013, u2511 ," Well I'm glad you didn't, thank you."",,,,,,,,,,,,,,,,,,,,,,,,,,,,,,,", u2516 ,m163,,
85014, u2516 ," You're lucky. She couldn't come anyway --,,,,,,,,,,,,,,,,,,,,,,,,,,,,,,,", u2511 ,m163,,
85015, u2511 ," Did I say that?,,,,,,,,,,,,,,,,,,,,,,,,,,,,,,,", u2516 ,m163,,
85016, u2516 ," You just said very food.,,,,,,,,,,,,,,,,,,,,,,,,,,,,,,,", u2511 ,m163,,
85017, u2511 ," Hello everyone.,,,,,,,,,,,,,,,,,,,,,,,,,,,,,,,", u2516 ,m163,,
85018, u2516 ," Hey....I was just telling everyone about how I was gonna bring this girl for you but you wouldn't let me do it.,,,,,,,,,,,,,,,,,,,,,,,,,,,,,,,", u2516 ,m163,,
85019, u2516 ," -- but since you're not going I guess none of this matters and I'll bring her anyway.,,,,,,,,,,,,,,,,,,,,,,,,,,,,,,,", u2511 ,m163,,
85020, u2511 ," Well, yeah, thank you, but --"",,,,,,,,,,,,,,,,,,,,,,,,,,,,,,,", u2516 ,m163,,
85021, u2516 ," I'm trying to get you a girlfriend.,,,,,,,,,,,,,,,,,,,,,,,,,,,,,,,", u2511 ,m163,,
85022, u2511 ," I know.,,,,,,,,,,,,,,,,,,,,,,,,,,,,,,,", u2516 ,m163,,
85023, u2516 ," I'm trying to be your friend.,,,,,,,,,,,,,,,,,,,,,,,,,,,,,,,", u2511 ,m163,,
85024, u2511 ," Yeah, no, it's not, it's just --"",,,,,,,,,,,,,,,,,,,,,,,,,,,,,,,", u2516 ,m163,,
85025, u2516 ," ....wait a minute: why is this about you now? Why is it always about you?,,,,,,,,,,,,,,,,,,,,,,,,,,,,,,,", u2511 ,m163,,
85026, u2511 ," ...please, I just don't want it...."",,,,,,,,,,,,,,,,,,,,,,,,,,,,,,,", u2516 ,m163,,
85027, u2516 ," She's really cute and she's really nice.,,,,,,,,,,,,,,,,,,,,,,,,,,,,,,,", u2511 ,m163,,
85028, u2511 ," Please don't.,,,,,,,,,,,,,,,,,,,,,,,,,,,,,,,", u2516 ,m163,,
85029, u2516 ," So it's ok if I bring her.,,,,,,,,,,,,,,,,,,,,,,,,,,,,,,,", u2511 ,m163,,
85030, u2511 ," I don't think I'm going to the party.,,,,,,,,,,,,,,,,,,,,,,,,,,,,,,,", u2516 ,m163,,
85031, u2516 ," That's your fault not mine.,,,,,,,,,,,,,,,,,,,,,,,,,,,,,,,", u2511 ,m163,,
85032, u2511 ," Yes but I get tense and I feel like I can't be myself if that happens.,,,,,,,,,,,,,,,,,,,,,,,,,,,,,,,", u2516 ,m163,,
85033, u2516 ," It's a free country, we can look at you if we want to."",,,,,,,,,,,,,,,,,,,,,,,,,,,,,,,", u2511 ,m163,,
85034, u2511 ," Yeah but please don't do that: everyone would be looking at me.,,,,,,,,,,,,,,,,,,,,,,,,,,,,,,,", u2516 ,m163,,
85035, u2516 ," I'm not really asking you, I'm telling you."",,,,,,,,,,,,,,,,,,,,,,,,,,,,,,,", u2511 ,m163,,
85036, u2511 ," Yeah, but please don't do that."",,,,,,,,,,,,,,,,,,,,,,,,,,,,,,,", u2516 ,m163,,
85037, u2516 ," She's my friend and you should meet her. You'd like her.,,,,,,,,,,,,,,,,,,,,,,,,,,,,,,,", u2511 ,m163,,
85038, u2511 ," Well I don't want to do something like that.,,,,,,,,,,,,,,,,,,,,,,,,,,,,,,,", u2516 ,m163,,
85039, u2516 ," Why?,,,,,,,,,,,,,,,,,,,,,,,,,,,,,,,", u2511 ,m163,,
85040, u2511 ," Oh yeah no I don't want to do that.,,,,,,,,,,,,,,,,,,,,,,,,,,,,,,,", u2516 ,m163,,
85041, u2516 ," There's this girl, this friend of mine from work that I think is really cute and really cool and I want you to meet her so I was thinking about bringing her to the party tonight."",,,,,,,,,,,,,,,,,,,,,,,,,,,,,,,", u2511 ,m163,,
85042, u2511 ," Yes, indeed, yes I am."",,,,,,,,,,,,,,,,,,,,,,,,,,,,,,,", u2516 ,m163,,
85043, u2516 ," So you're coming tonight, right?"",,,,,,,,,,,,,,,,,,,,,,,,,,,,,,,", u2511 ,m163,,
85044, u2511 ," Hello.,,,,,,,,,,,,,,,,,,,,,,,,,,,,,,,", u2516 ,m163,,
85045, u2516 ," I'm just stopping by to say hello.,,,,,,,,,,,,,,,,,,,,,,,,,,,,,,,", u2516 ,m163,,
85046, u2516 ," Hey, how are you? BARRY I'm fine, hi, how are you?"",,,,,,,,,,,,,,,,,,,,,,,,,,,,,,,", u2526 ,m163,,
85047, u2526 ," You've just made a war that you cannot afford.,,,,,,,,,,,,,,,,,,,,,,,,,,,,,,,", u2511 ,m163,,
85048, u2511 ," Hello?,,,,,,,,,,,,,,,,,,,,,,,,,,,,,,,", u2511 ,m163,,
85049, u2511 ," She is. I think, why did you come here like this?"",,,,,,,,,,,,,,,,,,,,,,,,,,,,,,,", u2526 ,m163,,
85050, u2526 ," ...MOTHERFUCKER, NO...."",,,,,,,,,,,,,,,,,,,,,,,,,,,,,,,", u2526 ,m163,,
85051, u2526 ," ....this is your mistake....,,,,,,,,,,,,,,,,,,,,,,,,,,,,,,,", u2511 ,m163,,
85052, u2511 ," No I'm sorry, now I have to get off the phone...."",,,,,,,,,,,,,,,,,,,,,,,,,,,,,,,", u2526 ,m163,,
85053, u2526 ," Are you telling me no?,,,,,,,,,,,,,,,,,,,,,,,,,,,,,,,", u2511 ,m163,,
85054, u2511 ," I have to go.,,,,,,,,,,,,,,,,,,,,,,,,,,,,,,,", u2526 ,m163,,
85055, u2526 ," It was cool last night.,,,,,,,,,,,,,,,,,,,,,,,,,,,,,,,", u2511 ,m163,,
85056, u2511 ," This is not cool.,,,,,,,,,,,,,,,,,,,,,,,,,,,,,,,", u2526 ,m163,,
85057, u2526 ," Come on, I thought we had fun, rich boy --"",,,,,,,,,,,,,,,,,,,,,,,,,,,,,,,", u2526 ,m163,,
85058, u2526 ," No you won't.,,,,,,,,,,,,,,,,,,,,,,,,,,,,,,,", u2511 ,m163,,
85059, u2511 ," This is....illegal....I'll call the police.,,,,,,,,,,,,,,,,,,,,,,,,,,,,,,,", u2526 ,m163,,
85060, u2526 ," Why did you tell me you did, then?"",,,,,,,,,,,,,,,,,,,,,,,,,,,,,,,", u2511 ,m163,,
85061, u2511 ," I didn't lie.,,,,,,,,,,,,,,,,,,,,,,,,,,,,,,,", u2526 ,m163,,
85062, u2526 ," You lied to me?,,,,,,,,,,,,,,,,,,,,,,,,,,,,,,,", u2511 ,m163,,
85063, u2511 ," I know I did. But I don't.,,,,,,,,,,,,,,,,,,,,,,,,,,,,,,,", u2526 ,m163,,
85064, u2526 ," -- you said you did.,,,,,,,,,,,,,,,,,,,,,,,,,,,,,,,", u2511 ,m163,,
85065, u2511 ," I don't have a girlfriend --,,,,,,,,,,,,,,,,,,,,,,,,,,,,,,,", u2526 ,m163,,
85066, u2526 ," Should I just ask your girlfriend?  Maybe I should call back and talk to your girlfriend?,,,,,,,,,,,,,,,,,,,,,,,,,,,,,,,", u2526 ,m163,,
85067, u2526 ," I need help.,,,,,,,,,,,,,,,,,,,,,,,,,,,,,,,", u2511 ,m163,,
85068, u2511 ," This makes me very uncomfortable.,,,,,,,,,,,,,,,,,,,,,,,,,,,,,,,", u2526 ,m163,,
85069, u2526 ," See the thing is I could make it really easy on you -- I already have your credit card number, your information, address and stuff. This is so awkward asking like this, I'm sorry --"",,,,,,,,,,,,,,,,,,,,,,,,,,,,,,,", u2511 ,m163,,
85070, u2511 ," No. No. We got disconnect -- why?.....you're calling me at work....how did you get this number -- ?,,,,,,,,,,,,,,,,,,,,,,,,,,,,,,,", u2526 ,m163,,
85071, u2526 ," We got disconnected before....,,,,,,,,,,,,,,,,,,,,,,,,,,,,,,,", u2511 ,m163,,
85072, u2511 ," Hello?,,,,,,,,,,,,,,,,,,,,,,,,,,,,,,,", u2526 ,m163,,
85073, u2526 ," I was wondering if it's better to ask your girlfriend for the money? It could be really easy. I mean, I have all your information, credit card information and billing stuff --"",,,,,,,,,,,,,,,,,,,,,,,,,,,,,,,", u2511 ,m163,,
85074, u2511 ," ....what....?,,,,,,,,,,,,,,,,,,,,,,,,,,,,,,,", u2526 ,m163,,
85075, u2526 ," Should I call back and talk to your girlfriend?,,,,,,,,,,,,,,,,,,,,,,,,,,,,,,,", u2511 ,m163,,
85076, u2511 ," No. I'm sorry.,,,,,,,,,,,,,,,,,,,,,,,,,,,,,,,", u2526 ,m163,,
85077, u2526 ," So you think you can?,,,,,,,,,,,,,,,,,,,,,,,,,,,,,,,", u2526 ,m163,,
85078, u2526 ," I thought you had your own business. You said you were gonna diversify and all that stuff....,,,,,,,,,,,,,,,,,,,,,,,,,,,,,,,", u2511 ,m163,,
85079, u2511 ," Yes I can't....I don't make enough money to be able to do that.,,,,,,,,,,,,,,,,,,,,,,,,,,,,,,,", u2526 ,m163,,
85080, u2526 ," Yeah. It's so hard these days and I really need it.,,,,,,,,,,,,,,,,,,,,,,,,,,,,,,,", u2511 ,m163,,
85081, u2511 ," You have trouble, financial trouble?"",,,,,,,,,,,,,,,,,,,,,,,,,,,,,,,", u2526 ,m163,,
85082, u2526 ," Really? Please?,,,,,,,,,,,,,,,,,,,,,,,,,,,,,,,", u2511 ,m163,,
85083, u2511 ," Yes, no, yes. I can't. I can't afford that. I'm sorry. Sorry."",,,,,,,,,,,,,,,,,,,,,,,,,,,,,,,", u2526 ,m163,,
85084, u2526 ," Like seven-fifty. Seven hundred fifty?,,,,,,,,,,,,,,,,,,,,,,,,,,,,,,,", u2511 ,m163,,
85085, u2511 ," I know but I....how much is it?,,,,,,,,,,,,,,,,,,,,,,,,,,,,,,,", u2526 ,m163,,
85086, u2526 ," You don't even know how much it is.,,,,,,,,,,,,,,,,,,,,,,,,,,,,,,,", u2511 ,m163,,
85087, u2511 ," I can't really. Yeah, no. I mean. I can't afford it."",,,,,,,,,,,,,,,,,,,,,,,,,,,,,,,", u2526 ,m163,,
85088, u2526 ," Yeah.,,,,,,,,,,,,,,,,,,,,,,,,,,,,,,,", u2511 ,m163,,
85089, u2511 ," Me?,,,,,,,,,,,,,,,,,,,,,,,,,,,,,,,", u2526 ,m163,,
85090, u2526 ," This is really weird and really embarrassing for me but....uh....  I was wondering if you could help me out with a little bit of money.,,,,,,,,,,,,,,,,,,,,,,,,,,,,,,,", u2511 ,m163,,
85091, u2511 ," Yes.,,,,,,,,,,,,,,,,,,,,,,,,,,,,,,,", u2526 ,m163,,
85092, u2526 ," Remember last night I was talking to you and I was telling you about my apartment, my rent -- ?  Do you remember?"",,,,,,,,,,,,,,,,,,,,,,,,,,,,,,,", u2511 ,m163,,
85093, u2511 ," Uh-huh.,,,,,,,,,,,,,,,,,,,,,,,,,,,,,,,", u2526 ,m163,,
85094, u2526 ," Can I ask you a question?,,,,,,,,,,,,,,,,,,,,,,,,,,,,,,,", u2511 ,m163,,
85095, u2511 ," Yes.,,,,,,,,,,,,,,,,,,,,,,,,,,,,,,,", u2526 ,m163,,
85096, u2526 ," You're going to work now?,,,,,,,,,,,,,,,,,,,,,,,,,,,,,,,", u2511 ,m163,,
85097, u2511 ," Not very late.,,,,,,,,,,,,,,,,,,,,,,,,,,,,,,,", u2526 ,m163,,
85098, u2526 ," Uhhh...I am sooo tired...I stayed up too late last night, what about you, when did you go to sleep?"",,,,,,,,,,,,,,,,,,,,,,,,,,,,,,,", u2511 ,m163,,
85099, u2511 ," I'm going to work.,,,,,,,,,,,,,,,,,,,,,,,,,,,,,,,", u2526 ,m163,,
85100, u2526 ," I just wanted to call and talk to you, thank you for last night, try and get you before you went to work and say, """"hey."""""",,,,,,,,,,,,,,,,,,,,,,,,,,,,,,,", u2511 ,m163,,
85101, u2511 ," Yeah. No. It's ok. What's goin' on?,,,,,,,,,,,,,,,,,,,,,,,,,,,,,,,", u2526 ,m163,,
85102, u2526 ," It's ok that I'm calling, right, I mean? It's ok."",,,,,,,,,,,,,,,,,,,,,,,,,,,,,,,", u2511 ,m163,,
85103, u2511 ," Hi....what....what's up....?,,,,,,,,,,,,,,,,,,,,,,,,,,,,,,,", u2526 ,m163,,
85104, u2526 ," Georgia.,,,,,,,,,,,,,,,,,,,,,,,,,,,,,,,", u2511 ,m163,,
85105, u2511 ," I'm fine. Who is this?,,,,,,,,,,,,,,,,,,,,,,,,,,,,,,,", u2526 ,m163,,
85106, u2526 ," Hey. What are you doing? How are you?,,,,,,,,,,,,,,,,,,,,,,,,,,,,,,,", u2511 ,m163,,
85107, u2511 ," Hello?,,,,,,,,,,,,,,,,,,,,,,,,,,,,,,,", u2511 ,m163,,
85108, u2511 ," Ok. SEXY VOICE Yeah...that's it...God I Am So Horny...I wish I was there to help you.....I wish I was there for you, Barry."",,,,,,,,,,,,,,,,,,,,,,,,,,,,,,,", u2526 ,m163,,
85109, u2526 ," Well why don't you take your pants off and stroke it for me?,,,,,,,,,,,,,,,,,,,,,,,,,,,,,,,", u2511 ,m163,,
85110, u2511 ," No.,,,,,,,,,,,,,,,,,,,,,,,,,,,,,,,", u2526 ,m163,,
85111, u2526 ," So.....are you stroking it, yet, honey?"",,,,,,,,,,,,,,,,,,,,,,,,,,,,,,,", u2511 ,m163,,
85112, u2511 ," I do pretty good, I think. I wish I was making more, doing a little bit better. I can,t get over a certain hump. I will...I will crack something soon I think and really do better...I'd like to diversify...but I'm doing great, I think, as a start."",,,,,,,,,,,,,,,,,,,,,,,,,,,,,,,", u2526 ,m163,,
85113, u2526 ," Yeah....do you do well, do you make alotta money?"",,,,,,,,,,,,,,,,,,,,,,,,,,,,,,,", u2511 ,m163,,
85114, u2511 ," I have my own business....I work. I work hard at doing my business.,,,,,,,,,,,,,,,,,,,,,,,,,,,,,,,", u2526 ,m163,,
85115, u2526 ," Thank you. What do you do, Barry?"",,,,,,,,,,,,,,,,,,,,,,,,,,,,,,,", u2511 ,m163,,
85116, u2511 ," You sound very cute, very nice."",,,,,,,,,,,,,,,,,,,,,,,,,,,,,,,", u2526 ,m163,,
85117, u2526 ," ...yeah....well you have me now.,,,,,,,,,,,,,,,,,,,,,,,,,,,,,,,", u2511 ,m163,,
85118, u2511 ," Sometimes when I'm lonely.,,,,,,,,,,,,,,,,,,,,,,,,,,,,,,,", u2526 ,m163,,
85119, u2526 ," Does Jack like to Jack Off?,,,,,,,,,,,,,,,,,,,,,,,,,,,,,,,", u2511 ,m163,,
85120, u2511 ," ...yeah.....,,,,,,,,,,,,,,,,,,,,,,,,,,,,,,,", u2526 ,m163,,
85121, u2526 ," I'm horny, Jack, what about you?"",,,,,,,,,,,,,,,,,,,,,,,,,,,,,,,", u2511 ,m163,,
85122, u2511 ," She's...not here...she went out. She went out of town, she travels a lot."",,,,,,,,,,,,,,,,,,,,,,,,,,,,,,,", u2526 ,m163,,
85123, u2526 ," Where is she?,,,,,,,,,,,,,,,,,,,,,,,,,,,,,,,", u2511 ,m163,,
85124, u2511 ," ...yes...,,,,,,,,,,,,,,,,,,,,,,,,,,,,,,,", u2526 ,m163,,
85125, u2526 ," You have a girlfriend?,,,,,,,,,,,,,,,,,,,,,,,,,,,,,,,", u2511 ,m163,,
85126, u2511 ," No.,,,,,,,,,,,,,,,,,,,,,,,,,,,,,,,", u2526 ,m163,,
85127, u2526 ," Yeah....you're married aren't you, Jack?"",,,,,,,,,,,,,,,,,,,,,,,,,,,,,,,", u2511 ,m163,,
85128, u2511 ," It doesn't matter.,,,,,,,,,,,,,,,,,,,,,,,,,,,,,,,", u2526 ,m163,,
85129, u2526 ," What do you mean, """"really?"""" Yeah. Really. What about you?"",,,,,,,,,,,,,,,,,,,,,,,,,,,,,,,", u2511 ,m163,,
85130, u2511 ," Really?,,,,,,,,,,,,,,,,,,,,,,,,,,,,,,,", u2526 ,m163,,
85131, u2526 ," I don't lie, Jack. I'm about 5'8, blonde 34,28,34. Pretty thin, I work out. My pussy's shaved. My friends say I'm pretty cute, so...."",,,,,,,,,,,,,,,,,,,,,,,,,,,,,,,", u2511 ,m163,,
85132, u2511 ," Well. I have no way of knowing. So it doesn't matter.,,,,,,,,,,,,,,,,,,,,,,,,,,,,,,,", u2526 ,m163,,
85133, u2526 ," What do you mean it doesn't matter?,,,,,,,,,,,,,,,,,,,,,,,,,,,,,,,", u2511 ,m163,,
85134, u2511 ," It doesn't matter.,,,,,,,,,,,,,,,,,,,,,,,,,,,,,,,", u2526 ,m163,,
85135, u2526 ," Yeah. And looking at myself in the mirror. Do you wanna know what I look like?,,,,,,,,,,,,,,,,,,,,,,,,,,,,,,,", u2511 ,m163,,
85136, u2511 ," Really?,,,,,,,,,,,,,,,,,,,,,,,,,,,,,,,", u2526 ,m163,,
85137, u2526 ," I'm wearing a t-shirt and panties.,,,,,,,,,,,,,,,,,,,,,,,,,,,,,,,", u2511 ,m163,,
85138, u2511 ," No.,,,,,,,,,,,,,,,,,,,,,,,,,,,,,,,", u2526 ,m163,,
85139, u2526 ," Are your pants off?,,,,,,,,,,,,,,,,,,,,,,,,,,,,,,,", u2511 ,m163,,
85140, u2511 ," ...just talking to you....,,,,,,,,,,,,,,,,,,,,,,,,,,,,,,,", u2526 ,m163,,
85141, u2526 ," Yeah? So what are you doing, then?"",,,,,,,,,,,,,,,,,,,,,,,,,,,,,,,", u2511 ,m163,,
85142, u2511 ," ....no....,,,,,,,,,,,,,,,,,,,,,,,,,,,,,,,", u2526 ,m163,,
85143, u2526 ," Yeah....? So...Jack...are you stroking that big fat fucking cock of yours?,,,,,,,,,,,,,,,,,,,,,,,,,,,,,,,", u2511 ,m163,,
85144, u2511 ," Sure.,,,,,,,,,,,,,,,,,,,,,,,,,,,,,,,", u2526 ,m163,,
85145, u2526 ," Do you like porno movies?,,,,,,,,,,,,,,,,,,,,,,,,,,,,,,,", u2511 ,m163,,
85146, u2511 ," No.,,,,,,,,,,,,,,,,,,,,,,,,,,,,,,,", u2526 ,m163,,
85147, u2526 ," Are you watching a porno movie?,,,,,,,,,,,,,,,,,,,,,,,,,,,,,,,", u2511 ,m163,,
85148, u2511 ," No, I mean, what city, what state are you in?"",,,,,,,,,,,,,,,,,,,,,,,,,,,,,,,", u2526 ,m163,,
85149, u2526 ," I'm in my bedroom.,,,,,,,,,,,,,,,,,,,,,,,,,,,,,,,", u2511 ,m163,,
85150, u2511 ," Where are you?,,,,,,,,,,,,,,,,,,,,,,,,,,,,,,,", u2526 ,m163,,
85151, u2526 ," I'm just laying on my bed.,,,,,,,,,,,,,,,,,,,,,,,,,,,,,,,", u2511 ,m163,,
85152, u2511 ," No.,,,,,,,,,,,,,,,,,,,,,,,,,,,,,,,", u2526 ,m163,,
85153, u2526 ," Nothing, huh, do you know what I'm doing?"",,,,,,,,,,,,,,,,,,,,,,,,,,,,,,,", u2511 ,m163,,
85154, u2511 ," Nothing.,,,,,,,,,,,,,,,,,,,,,,,,,,,,,,,", u2526 ,m163,,
85155, u2526 ," So what are you doing tonight, Jack?"",,,,,,,,,,,,,,,,,,,,,,,,,,,,,,,", u2511 ,m163,,
85156, u2511 ," Hi. This is Jack.,,,,,,,,,,,,,,,,,,,,,,,,,,,,,,,", u2526 ,m163,,
85157, u2526 ," This is Georgia.,,,,,,,,,,,,,,,,,,,,,,,,,,,,,,,", u2511 ,m163,,
85158, u2511 ," Yes.,,,,,,,,,,,,,,,,,,,,,,,,,,,,,,,", u2526 ,m163,,
85159, u2526 ," Hi, is this Jack?"",,,,,,,,,,,,,,,,,,,,,,,,,,,,,,,", u2511 ,m163,,
85160, u2511 ," Hello, this is Back."",,,,,,,,,,,,,,,,,,,,,,,,,,,,,,,", u2521 ,m163,,
85161, u2521 ," So here we go.,,,,,,,,,,,,,,,,,,,,,,,,,,,,,,,", u2511 ,m163,,
85162, u2511 ," If you give me six to eight weeks I can redeem the mileage and then I can with you wherever you have to travel......,,,,,,,,,,,,,,,,,,,,,,,,,,,,,,,", u2511 ,m163,,
85163, u2511 ," Ok.,,,,,,,,,,,,,,,,,,,,,,,,,,,,,,,", u2521 ,m163,,
85164, u2521 ," You can't do that.,,,,,,,,,,,,,,,,,,,,,,,,,,,,,,,", u2511 ,m163,,
85165, u2511 ," I'm sorry.,,,,,,,,,,,,,,,,,,,,,,,,,,,,,,,", u2521 ,m163,,
85166, u2521 ," You left me at the hospital.,,,,,,,,,,,,,,,,,,,,,,,,,,,,,,,", u2511 ,m163,,
85167, u2511 ," Lena I'm so sorry. I'm so sorry that I left you at the hospital..... I called a phone sex line. I called a phone sex line before I met you and then these four blond brothers came after me and you got hurt and I'm sorry -- and I had to leave because I don't want you to get hurt again and now I'm here and I'm back and I have a lot of pudding that I can redeem in six to eight weeks and if you give me that much time I can get enough miles to fly with you wherever you have to go if you have to travel for your job because I don't want to be anywhere without you.....can you please let me redeem the mileage?,,,,,,,,,,,,,,,,,,,,,,,,,,,,,,,", u2511 ,m163,,
85168, u2511 ," Let's go to the hospital.,,,,,,,,,,,,,,,,,,,,,,,,,,,,,,,", u2521 ,m163,,
85169, u2521 ," What is this?,,,,,,,,,,,,,,,,,,,,,,,,,,,,,,,", u2511 ,m163,,
85170, u2511 ," Yes I'm sorry.,,,,,,,,,,,,,,,,,,,,,,,,,,,,,,,", u2521 ,m163,,
85171, u2521 ," I'm fine are you ok?,,,,,,,,,,,,,,,,,,,,,,,,,,,,,,,", u2511 ,m163,,
85172, u2511 ," Are you ok?,,,,,,,,,,,,,,,,,,,,,,,,,,,,,,,", u2511 ,m163,,
85173, u2511 ," I thought that you were anyway.,,,,,,,,,,,,,,,,,,,,,,,,,,,,,,,", u2521 ,m163,,
85174, u2521 ," It's ok to ask that.,,,,,,,,,,,,,,,,,,,,,,,,,,,,,,,", u2511 ,m163,,
85175, u2511 ," Yeah.,,,,,,,,,,,,,,,,,,,,,,,,,,,,,,,", u2521 ,m163,,
85176, u2521 ," Can I come home with you when we get there?,,,,,,,,,,,,,,,,,,,,,,,,,,,,,,,", u2511 ,m163,,
85177, u2511 ," I forgot about that.,,,,,,,,,,,,,,,,,,,,,,,,,,,,,,,", u2521 ,m163,,
85178, u2521 ," Yeah.,,,,,,,,,,,,,,,,,,,,,,,,,,,,,,,", u2511 ,m163,,
85179, u2511 ," That's right you travel so much.,,,,,,,,,,,,,,,,,,,,,,,,,,,,,,,", u2521 ,m163,,
85180, u2521 ," I think maybe over a hundred.,,,,,,,,,,,,,,,,,,,,,,,,,,,,,,,", u2511 ,m163,,
85181, u2511 ," How many times have you been on an airplane?,,,,,,,,,,,,,,,,,,,,,,,,,,,,,,,", u2511 ,m163,,
85182, u2511 ," I don't have any business here. I came here for you, I didn't have any business."",,,,,,,,,,,,,,,,,,,,,,,,,,,,,,,", u2521 ,m163,,
85183, u2521 ," For work.....,,,,,,,,,,,,,,,,,,,,,,,,,,,,,,,", u2511 ,m163,,
85184, u2511 ," For what?,,,,,,,,,,,,,,,,,,,,,,,,,,,,,,,", u2521 ,m163,,
85185, u2521 ," Where do you have to go?,,,,,,,,,,,,,,,,,,,,,,,,,,,,,,,", u2511 ,m163,,
85186, u2511 ," This is nice.,,,,,,,,,,,,,,,,,,,,,,,,,,,,,,,", u2521 ,m163,,
85187, u2521 ," Yeah.,,,,,,,,,,,,,,,,,,,,,,,,,,,,,,,", u2511 ,m163,,
85188, u2511 ," This is funny.,,,,,,,,,,,,,,,,,,,,,,,,,,,,,,,", u2521 ,m163,,
85189, u2521 ," I know. I know. I know. I just wanna chew your face and scoop out your beautiful, beautiful eyes with an ice cream scooper and eat 'em and chew 'em and suck on 'em. Fuck."",,,,,,,,,,,,,,,,,,,,,,,,,,,,,,,", u2511 ,m163,,
85190, u2511 ," IIIIIIIIIII don't want to hurt anything ever, but what I'm talking about is -- have you ever held a little puppy or a little kitten and it's just the cutest, softest, most precious thing in the world and out of the blue you get this feeling in your gut and all you wanna do is squeeze it. Just fuckin squeeze the shit out of it. To take a little puppy and smash its skull...just so precious, so beautiful. Just so god damn wonderful and cute you wanna smack it and kick it and love it. Fuck. I don't know. I don't know. And you, you.....I'm looking at you and I just....your face is so beautiful I just wanna smash it, just smash it with a sledgehammer and squeeze it...you're so pretty."",,,,,,,,,,,,,,,,,,,,,,,,,,,,,,,", u2521 ,m163,,
85191, u2521 ," ...what...?,,,,,,,,,,,,,,,,,,,,,,,,,,,,,,,", u2511 ,m163,,
85192, u2511 ," I know what you mean, I know what you mean, I get this feeling --"",,,,,,,,,,,,,,,,,,,,,,,,,,,,,,,", u2521 ,m163,,
85193, u2521 ," I just...your face is so adorable and your cheek and your skin, I wanna bite it....I wanna bite your cheek and chew on it....god damn cute....fuck...."",,,,,,,,,,,,,,,,,,,,,,,,,,,,,,,", u2511 ,m163,,
85194, u2511 ," What's that? What is that that you're doing?,,,,,,,,,,,,,,,,,,,,,,,,,,,,,,,", u2521 ,m163,,
85195, u2521 ," Oh my god, you are so adorable. I just....god dammit."",,,,,,,,,,,,,,,,,,,,,,,,,,,,,,,", u2521 ,m163,,
85196, u2521 ," Yeah.,,,,,,,,,,,,,,,,,,,,,,,,,,,,,,,", u2511 ,m163,,
85197, u2511 ," Do you wanna have sex?,,,,,,,,,,,,,,,,,,,,,,,,,,,,,,,", u2511 ,m163,,
85198, u2511 ," This really looks like Hawaii here.,,,,,,,,,,,,,,,,,,,,,,,,,,,,,,,", u2521 ,m163,,
85199, u2521 ," It's so nice.,,,,,,,,,,,,,,,,,,,,,,,,,,,,,,,", u2511 ,m163,,
85200, u2511 ," Yeah......yeah.....,,,,,,,,,,,,,,,,,,,,,,,,,,,,,,,", u2521 ,m163,,
85201, u2521 ," You got me out of my hotel room. You came and got me out of my room.,,,,,,,,,,,,,,,,,,,,,,,,,,,,,,,", u2511 ,m163,,
85202, u2511 ," Ok. Where are you from originally?,,,,,,,,,,,,,,,,,,,,,,,,,,,,,,,", u2521 ,m163,,
85203, u2521 ," Do you want to meet me and talk about this stuff?,,,,,,,,,,,,,,,,,,,,,,,,,,,,,,,", u2511 ,m163,,
85204, u2511 ," Ok. So you were married for how long?,,,,,,,,,,,,,,,,,,,,,,,,,,,,,,,", u2521 ,m163,,
85205, u2521 ," yeah.,,,,,,,,,,,,,,,,,,,,,,,,,,,,,,,", u2511 ,m163,,
85206, u2511 ," Where you married?,,,,,,,,,,,,,,,,,,,,,,,,,,,,,,,", u2521 ,m163,,
85207, u2521 ," When was the last time you had a girlfriend?,,,,,,,,,,,,,,,,,,,,,,,,,,,,,,,", u2511 ,m163,,
85208, u2511 ," I just wanted to make sure.,,,,,,,,,,,,,,,,,,,,,,,,,,,,,,,", u2521 ,m163,,
85209, u2521 ," About six months ago. Why?,,,,,,,,,,,,,,,,,,,,,,,,,,,,,,,", u2521 ,m163,,
85210, u2521 ," No. What do you mean? BARRY I just wanted to know. When was the last time you had a boyfriend?,,,,,,,,,,,,,,,,,,,,,,,,,,,,,,,", u2511 ,m163,,
85211, u2511 ," You don't have a boyfriend or anything do you?,,,,,,,,,,,,,,,,,,,,,,,,,,,,,,,", u2521 ,m163,,
85212, u2521 ," Well let's do something do you want to do something, can you meet me?"",,,,,,,,,,,,,,,,,,,,,,,,,,,,,,,", u2511 ,m163,,
85213, u2511 ," I'm calling you, I'm standing in my hotel room, I came because I have my business trip --"",,,,,,,,,,,,,,,,,,,,,,,,,,,,,,,", u2521 ,m163,,
85214, u2521 ," OH WOW. YEAH. THAT'S GREAT. YOU CAME, YOU CAME. What are you doing?"",,,,,,,,,,,,,,,,,,,,,,,,,,,,,,,", u2511 ,m163,,
85215, u2511 ," Yes.,,,,,,,,,,,,,,,,,,,,,,,,,,,,,,,", u2521 ,m163,,
85216, u2521 ," HI. WHERE ARE YOU? ARE YOU HERE?,,,,,,,,,,,,,,,,,,,,,,,,,,,,,,,", u2511 ,m163,,
85217, u2511 ," It's Barry.,,,,,,,,,,,,,,,,,,,,,,,,,,,,,,,", u2521 ,m163,,
85218, u2521 ," Yeah?,,,,,,,,,,,,,,,,,,,,,,,,,,,,,,,", u2511 ,m163,,
85219, u2511 ," Lena?,,,,,,,,,,,,,,,,,,,,,,,,,,,,,,,", u2521 ,m163,,
85220, u2521 ," Hello?,,,,,,,,,,,,,,,,,,,,,,,,,,,,,,,", u2521 ,m163,,
85221, u2521 ," Thank you.,,,,,,,,,,,,,,,,,,,,,,,,,,,,,,,", u2511 ,m163,,
85222, u2511 ," Have a good trip.,,,,,,,,,,,,,,,,,,,,,,,,,,,,,,,", u2521 ,m163,,
85223, u2521 ," Ok.,,,,,,,,,,,,,,,,,,,,,,,,,,,,,,,", u2511 ,m163,,
85224, u2511 ," I don't freak out.,,,,,,,,,,,,,,,,,,,,,,,,,,,,,,,", u2521 ,m163,,
85225, u2521 ," ...I don't know what you mean....,,,,,,,,,,,,,,,,,,,,,,,,,,,,,,,", u2511 ,m163,,
85226, u2511 ," I don't, no matter what my sisters say, ok?"",,,,,,,,,,,,,,,,,,,,,,,,,,,,,,,", u2521 ,m163,,
85227, u2521 ," What do you mean?,,,,,,,,,,,,,,,,,,,,,,,,,,,,,,,", u2511 ,m163,,
85228, u2511 ," I don't freak out very often.,,,,,,,,,,,,,,,,,,,,,,,,,,,,,,,", u2521 ,m163,,
85229, u2521 ," Ok.,,,,,,,,,,,,,,,,,,,,,,,,,,,,,,,", u2511 ,m163,,
85230, u2511 ," I'll see you later.,,,,,,,,,,,,,,,,,,,,,,,,,,,,,,,", u2521 ,m163,,
85231, u2521 ," Yeah.,,,,,,,,,,,,,,,,,,,,,,,,,,,,,,,", u2511 ,m163,,
85232, u2511 ," That was good.,,,,,,,,,,,,,,,,,,,,,,,,,,,,,,,", u2511 ,m163,,
85233, u2511 ," So what do I do then?,,,,,,,,,,,,,,,,,,,,,,,,,,,,,,,", u2521 ,m163,,
85234, u2521 ," Yeah.,,,,,,,,,,,,,,,,,,,,,,,,,,,,,,,", u2511 ,m163,,
85235, u2511 ," Really?,,,,,,,,,,,,,,,,,,,,,,,,,,,,,,,", u2521 ,m163,,
85236, u2521 ," I just wanted you to know, wherever you're going or whatever you're doing right now I want you to know that I wanted to kiss you just then."",,,,,,,,,,,,,,,,,,,,,,,,,,,,,,,", u2511 ,m163,,
85237, u2511 ," Hi.,,,,,,,,,,,,,,,,,,,,,,,,,,,,,,,", u2521 ,m163,,
85238, u2521 ," This is Lena.,,,,,,,,,,,,,,,,,,,,,,,,,,,,,,,", u2511 ,m163,,
85239, u2511 ," This is Barry.,,,,,,,,,,,,,,,,,,,,,,,,,,,,,,,", u2511 ,m163,,
85240, u2511 ," Ok. Have a good trip.,,,,,,,,,,,,,,,,,,,,,,,,,,,,,,,", u2521 ,m163,,
85241, u2521 ," Ok. Well call me when you get back, I mean, I'll call you when I get back. I'll be back for three weeks and then I go away for a month after that. So maybe in that time...."",,,,,,,,,,,,,,,,,,,,,,,,,,,,,,,", u2511 ,m163,,
85242, u2511 ," I don't know.,,,,,,,,,,,,,,,,,,,,,,,,,,,,,,,", u2521 ,m163,,
85243, u2521 ," You don't think you'll go --,,,,,,,,,,,,,,,,,,,,,,,,,,,,,,,", u2511 ,m163,,
85244, u2511 ," Yeah, I don't know, we'll see about that."",,,,,,,,,,,,,,,,,,,,,,,,,,,,,,,", u2521 ,m163,,
85245, u2521 ," If you come to Hawaii --,,,,,,,,,,,,,,,,,,,,,,,,,,,,,,,", u2511 ,m163,,
85246, u2511 ," Yeah.,,,,,,,,,,,,,,,,,,,,,,,,,,,,,,,", u2521 ,m163,,
85247, u2521 ," I'll be around and back in town in a few days --,,,,,,,,,,,,,,,,,,,,,,,,,,,,,,,", u2511 ,m163,,
85248, u2511 ," It was nice to see you again, to see your face again, to go out with you --"",,,,,,,,,,,,,,,,,,,,,,,,,,,,,,,", u2521 ,m163,,
85249, u2521 ," ...yeah...,,,,,,,,,,,,,,,,,,,,,,,,,,,,,,,", u2511 ,m163,,
85250, u2511 ," Ok....well...I'm gonna go.,,,,,,,,,,,,,,,,,,,,,,,,,,,,,,,", u2511 ,m163,,
85251, u2511 ," Yes no not really.,,,,,,,,,,,,,,,,,,,,,,,,,,,,,,,", u2521 ,m163,,
85252, u2521 ," So you must travel a lot with all that pudding you bought?,,,,,,,,,,,,,,,,,,,,,,,,,,,,,,,", u2521 ,m163,,
85253, u2521 ," Oh that's great.,,,,,,,,,,,,,,,,,,,,,,,,,,,,,,,", u2511 ,m163,,
85254, u2511 ," Yes? I'm trying.,,,,,,,,,,,,,,,,,,,,,,,,,,,,,,,", u2521 ,m163,,
85255, u2521 ," Are you learning how to play it?,,,,,,,,,,,,,,,,,,,,,,,,,,,,,,,", u2511 ,m163,,
85256, u2511 ," ...yes I did...?,,,,,,,,,,,,,,,,,,,,,,,,,,,,,,,", u2521 ,m163,,
85257, u2521 ," Did you take it from the street in front of your work?,,,,,,,,,,,,,,,,,,,,,,,,,,,,,,,", u2511 ,m163,,
85258, u2511 ," What?,,,,,,,,,,,,,,,,,,,,,,,,,,,,,,,", u2521 ,m163,,
85259, u2521 ," Did you pick it up from the street?,,,,,,,,,,,,,,,,,,,,,,,,,,,,,,,", u2511 ,m163,,
85260, u2511 ," Well, it's fine. Thank you."",,,,,,,,,,,,,,,,,,,,,,,,,,,,,,,", u2521 ,m163,,
85261, u2521 ," Your portable reed organ....the piano.,,,,,,,,,,,,,,,,,,,,,,,,,,,,,,,", u2511 ,m163,,
85262, u2511 ," Yes I'm fine. Everything is ok. It's fine. Everything is fine.,,,,,,,,,,,,,,,,,,,,,,,,,,,,,,,", u2521 ,m163,,
85263, u2521 ," Did something happen; are you alright?,,,,,,,,,,,,,,,,,,,,,,,,,,,,,,,", u2511 ,m163,,
85264, u2511 ," There's a better place for us to eat.,,,,,,,,,,,,,,,,,,,,,,,,,,,,,,,", u2521 ,m163,,
85265, u2521 ," Ok.,,,,,,,,,,,,,,,,,,,,,,,,,,,,,,,", u2511 ,m163,,
85266, u2511 ," I have a better idea of where we can go.,,,,,,,,,,,,,,,,,,,,,,,,,,,,,,,", u2511 ,m163,,
85267, u2511 ," Nothing.,,,,,,,,,,,,,,,,,,,,,,,,,,,,,,,", u2521 ,m163,,
85268, u2521 ," What did he want?,,,,,,,,,,,,,,,,,,,,,,,,,,,,,,,", u2511 ,m163,,
85269, u2511 ," Nothing.,,,,,,,,,,,,,,,,,,,,,,,,,,,,,,,", u2521 ,m163,,
85270, u2521 ," What happened?,,,,,,,,,,,,,,,,,,,,,,,,,,,,,,,", u2511 ,m163,,
85271, u2511 ," Yes.,,,,,,,,,,,,,,,,,,,,,,,,,,,,,,,", u2521 ,m163,,
85272, u2521 ," Is everything ok?,,,,,,,,,,,,,,,,,,,,,,,,,,,,,,,", u2521 ,m163,,
85273, u2521 ," Your sister was telling me a pretty funny story about you, when you guys were kids and you were building a ramp for your dog and you threw a hammer through a window? Is that right? You threw a hammer through a sliding glass door?"",,,,,,,,,,,,,,,,,,,,,,,,,,,,,,,", u2511 ,m163,,
85274, u2511 ," My friend Carlos is doing it who works with me. It's his. It's his pudding, he's doing it. It's not mine. He's crazy. I told him not to do it. He's the one who's insane. He only spent about one hundred dollars so far though --"",,,,,,,,,,,,,,,,,,,,,,,,,,,,,,,", u2521 ,m163,,
85275, u2521 ," I thought you said you bought all that pudding --,,,,,,,,,,,,,,,,,,,,,,,,,,,,,,,", u2511 ,m163,,
85276, u2511 ," No I didn't say that.,,,,,,,,,,,,,,,,,,,,,,,,,,,,,,,", u2521 ,m163,,
85277, u2521 ," I'm sorry. I thought you said --,,,,,,,,,,,,,,,,,,,,,,,,,,,,,,,", u2511 ,m163,,
85278, u2511 ," ....No....,,,,,,,,,,,,,,,,,,,,,,,,,,,,,,,", u2521 ,m163,,
85279, u2521 ," So that was your pudding?,,,,,,,,,,,,,,,,,,,,,,,,,,,,,,,", u2511 ,m163,,
85280, u2511 ," ....yeah....,,,,,,,,,,,,,,,,,,,,,,,,,,,,,,,", u2521 ,m163,,
85281, u2521 ," That's insane. That is really, really crazy. That's just crazy if you spend three thousand dollars on pudding."",,,,,,,,,,,,,,,,,,,,,,,,,,,,,,,", u2511 ,m163,,
85282, u2511 ," You see if you spent $3,000 dollars on pudding you could earn over one million frequent flyer miles."",,,,,,,,,,,,,,,,,,,,,,,,,,,,,,,", u2521 ,m163,,
85283, u2521 ," Yeah, no, I see --"",,,,,,,,,,,,,,,,,,,,,,,,,,,,,,,", u2511 ,m163,,
85284, u2511 ," You see?,,,,,,,,,,,,,,,,,,,,,,,,,,,,,,,", u2521 ,m163,,
85285, u2521 ," Yeah.,,,,,,,,,,,,,,,,,,,,,,,,,,,,,,,", u2511 ,m163,,
85286, u2511 ," That's what's used to redeem the mileage, so in noticing the pudding, each cup had an individual bar code -- in other words: Two dollars and fifty cents for ten cups of pudding is 500 miles. Add in the coupon: it's one thousand. You see?"",,,,,,,,,,,,,,,,,,,,,,,,,,,,,,,", u2521 ,m163,,
85287, u2521 ," Yeah.,,,,,,,,,,,,,,,,,,,,,,,,,,,,,,,", u2511 ,m163,,
85288, u2511 ," -- the promotion says: buy any 10 Healthy Choice products and get 500 miles of airline travel or 1,000 for purchases made with a special coupon. So in the supermarket, you notice their products, first you notice they have a Teriyaki Chicken Dinner at $1.79 - that's a pretty good deal....but then I noticed they had soup at 89 cents a can.....and you start to do the math and you start to notice that it's a really amazing deal because I stumbled across the pudding at 25 cents a cup. Now the crucial thing is the bar codes on the label. That's those little bar codes, you know? The universal product codes?"",,,,,,,,,,,,,,,,,,,,,,,,,,,,,,,", u2521 ,m163,,
85289, u2521 ," You were talking about the promotion --,,,,,,,,,,,,,,,,,,,,,,,,,,,,,,,", u2511 ,m163,,
85290, u2511 ," ....I'm sorry....I lost my thoughts, what I was saying...."",,,,,,,,,,,,,,,,,,,,,,,,,,,,,,,", u2521 ,m163,,
85291, u2521 ," Yeah?,,,,,,,,,,,,,,,,,,,,,,,,,,,,,,,", u2511 ,m163,,
85292, u2511 ," So that pudding was bought, I bought that pudding because of a pretty interesting promotion that's sponsored by Healthy Choice and American Airlines. It's designed to encourage airline travel and obviously designed to encourage buying Healthy Choice products. They make frozen meals, deli meats, pasta sauce, breads, soups and ice creams, this sort of thing....."",,,,,,,,,,,,,,,,,,,,,,,,,,,,,,,", u2521 ,m163,,
85293, u2521 ," Yeah.,,,,,,,,,,,,,,,,,,,,,,,,,,,,,,,", u2511 ,m163,,
85294, u2511 ," That's nice. It's nice.  I've been looking around a lot lately at promotional giveaways, cross promotional work by some companies. Do you remember all that pudding?"",,,,,,,,,,,,,,,,,,,,,,,,,,,,,,,", u2521 ,m163,,
85295, u2521 ," No, no. I did."",,,,,,,,,,,,,,,,,,,,,,,,,,,,,,,", u2511 ,m163,,
85296, u2511 ," Did you really come to meet me on purpose or are you lying about that?,,,,,,,,,,,,,,,,,,,,,,,,,,,,,,,", u2521 ,m163,,
85297, u2521 ," Yeah. Yeah we get along well.  You didn't get along with her very well?,,,,,,,,,,,,,,,,,,,,,,,,,,,,,,,", u2511 ,m163,,
85298, u2511 ," You like her?,,,,,,,,,,,,,,,,,,,,,,,,,,,,,,,", u2521 ,m163,,
85299, u2521 ," About six months.,,,,,,,,,,,,,,,,,,,,,,,,,,,,,,,", u2511 ,m163,,
85300, u2511 ," How long have you known her?,,,,,,,,,,,,,,,,,,,,,,,,,,,,,,,", u2521 ,m163,,
85301, u2521 ," Yeah.,,,,,,,,,,,,,,,,,,,,,,,,,,,,,,,", u2511 ,m163,,
85302, u2511 ," That's very nice. Thank you. Thank you for saying that.  You're friends with my sister?,,,,,,,,,,,,,,,,,,,,,,,,,,,,,,,", u2521 ,m163,,
85303, u2521 ," ...I thought I should tell you. I didn't want to get too far along on going out and be hiding something --,,,,,,,,,,,,,,,,,,,,,,,,,,,,,,,", u2511 ,m163,,
85304, u2511 ," ...really? That's nice...are you lying?,,,,,,,,,,,,,,,,,,,,,,,,,,,,,,,", u2511 ,m163,,
85305, u2511 ," It's Barry.,,,,,,,,,,,,,,,,,,,,,,,,,,,,,,,", u2521 ,m163,,
85306, u2521 ," Who is it?,,,,,,,,,,,,,,,,,,,,,,,,,,,,,,,", u2511 ,m163,,
85307, u2511 ," ....Hi.....,,,,,,,,,,,,,,,,,,,,,,,,,,,,,,,", u2521 ,m163,,
85308, u2521 ," ....Hi.....,,,,,,,,,,,,,,,,,,,,,,,,,,,,,,,", u2511 ,m163,,
85309, u2511 ," Alright?,,,,,,,,,,,,,,,,,,,,,,,,,,,,,,,", u2521 ,m163,,
85310, u2521 ," Ok.,,,,,,,,,,,,,,,,,,,,,,,,,,,,,,,", u2511 ,m163,,
85311, u2511 ," I didn't ask anyone for a shrink, that was someone else. Also: This pudding is not mine. Also: I'm wearing a suit because I had a very important business meeting this morning and I don't have a crying problem."",,,,,,,,,,,,,,,,,,,,,,,,,,,,,,,", u2521 ,m163,,
85312, u2521 ," Yeah.,,,,,,,,,,,,,,,,,,,,,,,,,,,,,,,", u2511 ,m163,,
85313, u2511 ," This is funny.,,,,,,,,,,,,,,,,,,,,,,,,,,,,,,,", u2511 ,m163,,
85314, u2511 ," Sure.,,,,,,,,,,,,,,,,,,,,,,,,,,,,,,,", u2521 ,m163,,
85315, u2521 ," Can I write down my address and phone number for you?,,,,,,,,,,,,,,,,,,,,,,,,,,,,,,,", u2511 ,m163,,
85316, u2511 ," Sure.,,,,,,,,,,,,,,,,,,,,,,,,,,,,,,,", u2521 ,m163,,
85317, u2521 ," Do you want to pick me up?,,,,,,,,,,,,,,,,,,,,,,,,,,,,,,,", u2511 ,m163,,
85318, u2511 ," Sure.,,,,,,,,,,,,,,,,,,,,,,,,,,,,,,,", u2521 ,m163,,
85319, u2521 ," I'm going to go and eat tomorrow night do you want to go with me?,,,,,,,,,,,,,,,,,,,,,,,,,,,,,,,", u2511 ,m163,,
85320, u2511 ," Ok.,,,,,,,,,,,,,,,,,,,,,,,,,,,,,,,", u2521 ,m163,,
85321, u2521 ," It was great to meet you again. To see you again, thanks for helping me yesterday --"",,,,,,,,,,,,,,,,,,,,,,,,,,,,,,,", u2511 ,m163,,
85322, u2511 ," -- yeah that would be great, if I was gonna go but I'm not exactly sure, I have so much goin on here -- A lot depends on this thing I might do here and if that happens I can't go and if it doesn't happen then I probably will, but I doubt it."",,,,,,,,,,,,,,,,,,,,,,,,,,,,,,,", u2521 ,m163,,
85323, u2521 ," -- oh that's too bad, it's so great over there and if you were there we could say hello to each other or something --"",,,,,,,,,,,,,,,,,,,,,,,,,,,,,,,", u2511 ,m163,,
85324, u2511 ," -- I'm probably not gonna go though.,,,,,,,,,,,,,,,,,,,,,,,,,,,,,,,", u2521 ,m163,,
85325, u2521 ," -- well, if you're gonna go --"",,,,,,,,,,,,,,,,,,,,,,,,,,,,,,,", u2511 ,m163,,
85326, u2511 ," I was, yeah, I was thinking about going there for business --"",,,,,,,,,,,,,,,,,,,,,,,,,,,,,,,", u2521 ,m163,,
85327, u2521 ," Really?,,,,,,,,,,,,,,,,,,,,,,,,,,,,,,,", u2511 ,m163,,
85328, u2511 ," That's great -- Hawaii. I was thinking about going there.,,,,,,,,,,,,,,,,,,,,,,,,,,,,,,,", u2511 ,m163,,
85329, u2511 ," Are you guys hurt?,,,,,,,,,,,,,,,,,,,,,,,,,,,,,,,", u2521 ,m163,,
85330, u2521 ," Six months, maybe five, five or six months...do you wanna check that?"",,,,,,,,,,,,,,,,,,,,,,,,,,,,,,,", u2511 ,m163,,
85331, u2511 ," It's ok. That's ok. How long have you worked with Elizabeth?,,,,,,,,,,,,,,,,,,,,,,,,,,,,,,,", u2521 ,m163,,
85332, u2521 ," Oh My God.,,,,,,,,,,,,,,,,,,,,,,,,,,,,,,,", u2511 ,m163,,
85333, u2511 ," That's not mine it's one of the guys that works here. That pudding's not mine.,,,,,,,,,,,,,,,,,,,,,,,,,,,,,,,", u2521 ,m163,,
85334, u2521 ," What do you do with all this pudding?,,,,,,,,,,,,,,,,,,,,,,,,,,,,,,,", u2521 ,m163,,
85335, u2521 ," It's terrible, no."",,,,,,,,,,,,,,,,,,,,,,,,,,,,,,,", u2511 ,m163,,
85336, u2511 ," That must be nice. That must be really, really, really great."",,,,,,,,,,,,,,,,,,,,,,,,,,,,,,,", u2521 ,m163,,
85337, u2521 ," No. I'm the exact opposite --,,,,,,,,,,,,,,,,,,,,,,,,,,,,,,,", u2511 ,m163,,
85338, u2511 ," Do you have brothers or sisters?,,,,,,,,,,,,,,,,,,,,,,,,,,,,,,,", u2511 ,m163,,
85339, u2511 ," Yes. LENA Elizabeth has a picture of you guys -- your sisters and you, it's a lot of family, it must be nice."",,,,,,,,,,,,,,,,,,,,,,,,,,,,,,,", u2521 ,m163,,
85340, u2521 ," I saw a picture of you.,,,,,,,,,,,,,,,,,,,,,,,,,,,,,,,", u2511 ,m163,,
85341, u2511 ," Yeah, not really."",,,,,,,,,,,,,,,,,,,,,,,,,,,,,,,", u2521 ,m163,,
85342, u2521 ," Business is good, you're busy?"",,,,,,,,,,,,,,,,,,,,,,,,,,,,,,,", u2511 ,m163,,
85343, u2511 ," No. Not at all. It's nice.,,,,,,,,,,,,,,,,,,,,,,,,,,,,,,,", u2521 ,m163,,
85344, u2521 ," It must be weird for you to have so many sisters?,,,,,,,,,,,,,,,,,,,,,,,,,,,,,,,", u2511 ,m163,,
85345, u2511 ," It's fine. It was fun, though."",,,,,,,,,,,,,,,,,,,,,,,,,,,,,,,", u2521 ,m163,,
85346, u2521 ," I'm sorry I couldn't come to your sister's birthday party last night, Elizabeth had invited me and I couldn't make it --"",,,,,,,,,,,,,,,,,,,,,,,,,,,,,,,", u2511 ,m163,,
85347, u2511 ," Yes I do.,,,,,,,,,,,,,,,,,,,,,,,,,,,,,,,", u2521 ,m163,,
85348, u2521 ," Do you remember me, I left my car, yesterday."",,,,,,,,,,,,,,,,,,,,,,,,,,,,,,,", u2511 ,m163,,
85349, u2511 ," Hi.,,,,,,,,,,,,,,,,,,,,,,,,,,,,,,,", u2521 ,m163,,
85350, u2521 ," Hi.,,,,,,,,,,,,,,,,,,,,,,,,,,,,,,,", u2511 ,m163,,
85351, u2511 ," Ok.,,,,,,,,,,,,,,,,,,,,,,,,,,,,,,,", u2521 ,m163,,
85352, u2521 ," Maybe I'll see you later, when I pick up my car?"",,,,,,,,,,,,,,,,,,,,,,,,,,,,,,,", u2511 ,m163,,
85353, u2511 ," Thank you.,,,,,,,,,,,,,,,,,,,,,,,,,,,,,,,", u2521 ,m163,,
85354, u2521 ," Ok. Maybe I'll see you later. Thank you for your help.,,,,,,,,,,,,,,,,,,,,,,,,,,,,,,,", u2511 ,m163,,
85355, u2511 ," Yeah.,,,,,,,,,,,,,,,,,,,,,,,,,,,,,,,", u2521 ,m163,,
85356, u2521 ," There's a piano in the street.,,,,,,,,,,,,,,,,,,,,,,,,,,,,,,,", u2511 ,m163,,
85357, u2511 ," I think that'll be fine.,,,,,,,,,,,,,,,,,,,,,,,,,,,,,,,", u2521 ,m163,,
85358, u2521 ," You think it's ok where I left it, right there?"",,,,,,,,,,,,,,,,,,,,,,,,,,,,,,,", u2521 ,m163,,
85359, u2521 ," Can I ask you, can I trust to leave my keys with you and give them to you so that when they get here you could give them to them? BARRY Ok."",,,,,,,,,,,,,,,,,,,,,,,,,,,,,,,", u2511 ,m163,,
85360, u2511 ," Not very well.,,,,,,,,,,,,,,,,,,,,,,,,,,,,,,,", u2521 ,m163,,
85361, u2521 ," Do you know them.,,,,,,,,,,,,,,,,,,,,,,,,,,,,,,,", u2511 ,m163,,
85362, u2511 ," I don't know.,,,,,,,,,,,,,,,,,,,,,,,,,,,,,,,", u2521 ,m163,,
85363, u2521 ," I thought they opened at seven.  If I left my car would it be ok?,,,,,,,,,,,,,,,,,,,,,,,,,,,,,,,", u2511 ,m163,,
85364, u2511 ," I don't know.,,,,,,,,,,,,,,,,,,,,,,,,,,,,,,,", u2521 ,m163,,
85365, u2521 ," Is it ok if I leave my car you think?,,,,,,,,,,,,,,,,,,,,,,,,,,,,,,,", u2511 ,m163,,
85366, u2511 ," They don't get opened until eight.,,,,,,,,,,,,,,,,,,,,,,,,,,,,,,,", u2521 ,m163,,
85367, u2521 ," They're not open yet?,,,,,,,,,,,,,,,,,,,,,,,,,,,,,,,", u2511 ,m163,,
85368, u2511 ," No.,,,,,,,,,,,,,,,,,,,,,,,,,,,,,,,", u2521 ,m163,,
85369, u2521 ," Hi. Do you work at the mechanic?,,,,,,,,,,,,,,,,,,,,,,,,,,,,,,,", u2511 ,m163,,
85370, u2511 ," Bye.,,,,,,,,,,,,,,,,,,,,,,,,,,,,,,,", u2527 ,m163,,
85371, u2527 ," Ok, bye, bye."",,,,,,,,,,,,,,,,,,,,,,,,,,,,,,,", u2511 ,m163,,
85372, u2511 ," Ok.,,,,,,,,,,,,,,,,,,,,,,,,,,,,,,,", u2527 ,m163,,
85373, u2527 ," It's fine. I can just get you at your office.,,,,,,,,,,,,,,,,,,,,,,,,,,,,,,,", u2511 ,m163,,
85374, u2511 ," Ok...because of the time difference if you needed to call me early?,,,,,,,,,,,,,,,,,,,,,,,,,,,,,,,", u2527 ,m163,,
85375, u2527 ," I'm fine, I have your work number."",,,,,,,,,,,,,,,,,,,,,,,,,,,,,,,", u2511 ,m163,,
85376, u2511 ," If you wanted to call me back I could...,,,,,,,,,,,,,,,,,,,,,,,,,,,,,,,", u2527 ,m163,,
85377, u2527 ," For what?,,,,,,,,,,,,,,,,,,,,,,,,,,,,,,,", u2511 ,m163,,
85378, u2511 ," Did you have my home phone number?,,,,,,,,,,,,,,,,,,,,,,,,,,,,,,,", u2527 ,m163,,
85379, u2527 ," Right. Alright, lemme call you first thing tomorrow, I'm gonna run the numbers, see what's what and I'll give you a call back --"",,,,,,,,,,,,,,,,,,,,,,,,,,,,,,,", u2511 ,m163,,
85380, u2511 ," It's a plastic, yeah."",,,,,,,,,,,,,,,,,,,,,,,,,,,,,,,", u2527 ,m163,,
85381, u2527 ," If they break or something. What is it, plastic?"",,,,,,,,,,,,,,,,,,,,,,,,,,,,,,,", u2511 ,m163,,
85382, u2511 ," ....I'm not exactly sure what that means...,,,,,,,,,,,,,,,,,,,,,,,,,,,,,,,", u2522 ,m163,,
85383, u2522 ," That's fine.,,,,,,,,,,,,,,,,,,,,,,,,,,,,,,,", u2511 ,m163,,
85384, u2511 ," Can I pay you here? Can I pay you for our drinks and salad?,,,,,,,,,,,,,,,,,,,,,,,,,,,,,,,", u2511 ,m163,,
85385, u2511 ," Sorry.,,,,,,,,,,,,,,,,,,,,,,,,,,,,,,,", u2522 ,m163,,
85386, u2522 ," The police are on their way.,,,,,,,,,,,,,,,,,,,,,,,,,,,,,,,", u2511 ,m163,,
85387, u2511 ," Please don't do this to me.,,,,,,,,,,,,,,,,,,,,,,,,,,,,,,,", u2522 ,m163,,
85388, u2522 ," I'm gonna call the police then, sir."",,,,,,,,,,,,,,,,,,,,,,,,,,,,,,,", u2511 ,m163,,
85389, u2511 ," Yeah, but I didn't do anything."",,,,,,,,,,,,,,,,,,,,,,,,,,,,,,,", u2522 ,m163,,
85390, u2522 ," Alright, well you're gonna have to leave. You're gonna have to go."",,,,,,,,,,,,,,,,,,,,,,,,,,,,,,,", u2511 ,m163,,
85391, u2511 ," I didn't do it.,,,,,,,,,,,,,,,,,,,,,,,,,,,,,,,", u2522 ,m163,,
85392, u2522 ," Sir, I have no way of proving that you demolished the bathroom --"",,,,,,,,,,,,,,,,,,,,,,,,,,,,,,,", u2511 ,m163,,
85393, u2511 ," Why?,,,,,,,,,,,,,,,,,,,,,,,,,,,,,,,", u2522 ,m163,,
85394, u2522 ," I'm gonna have to ask you to leave.,,,,,,,,,,,,,,,,,,,,,,,,,,,,,,,", u2511 ,m163,,
85395, u2511 ," I know.,,,,,,,,,,,,,,,,,,,,,,,,,,,,,,,", u2522 ,m163,,
85396, u2522 ," Your hand is bleeding.,,,,,,,,,,,,,,,,,,,,,,,,,,,,,,,", u2511 ,m163,,
85397, u2511 ," Why? ...what?,,,,,,,,,,,,,,,,,,,,,,,,,,,,,,,", u2511 ,m163,,
85398, u2511 ," I didn't do that.,,,,,,,,,,,,,,,,,,,,,,,,,,,,,,,", u2522 ,m163,,
85399, u2522 ," Sir, a young man saw you coming out of the bathroom."",,,,,,,,,,,,,,,,,,,,,,,,,,,,,,,", u2511 ,m163,,
85400, u2511 ," On my knife.,,,,,,,,,,,,,,,,,,,,,,,,,,,,,,,", u2522 ,m163,,
85401, u2522 ," How?,,,,,,,,,,,,,,,,,,,,,,,,,,,,,,,", u2511 ,m163,,
85402, u2511 ," I cut myself.,,,,,,,,,,,,,,,,,,,,,,,,,,,,,,,", u2522 ,m163,,
85403, u2522 ," You're hand is bleeding.,,,,,,,,,,,,,,,,,,,,,,,,,,,,,,,", u2511 ,m163,,
85404, u2511 ," I don't know.,,,,,,,,,,,,,,,,,,,,,,,,,,,,,,,", u2522 ,m163,,
85405, u2522 ," Well who did?,,,,,,,,,,,,,,,,,,,,,,,,,,,,,,,", u2511 ,m163,,
85406, u2511 ," No.,,,,,,,,,,,,,,,,,,,,,,,,,,,,,,,", u2522 ,m163,,
85407, u2522 ," You didn't just smash up the bathroom?,,,,,,,,,,,,,,,,,,,,,,,,,,,,,,,", u2511 ,m163,,
85408, u2511 ," No.,,,,,,,,,,,,,,,,,,,,,,,,,,,,,,,", u2522 ,m163,,
85409, u2522 ," Did you do it?,,,,,,,,,,,,,,,,,,,,,,,,,,,,,,,", u2511 ,m163,,
85410, u2511 ," Yeah.,,,,,,,,,,,,,,,,,,,,,,,,,,,,,,,", u2522 ,m163,,
85411, u2522 ," Just have you for one second, please."",,,,,,,,,,,,,,,,,,,,,,,,,,,,,,,", u2511 ,m163,,
85412, u2511 ," Why?,,,,,,,,,,,,,,,,,,,,,,,,,,,,,,,", u2511 ,m163,,
85413, u2511 ," I thought I was just gonna be connected to talk to a girl - that's fine, ok, I'm sorry, it's, um.....818...."",,,,,,,,,,,,,,,,,,,,,,,,,,,,,,,", u2524 ,m163,,
85414, u2524 ," It's a call back service -- a girl will call you back.,,,,,,,,,,,,,,,,,,,,,,,,,,,,,,,", u2511 ,m163,,
85415, u2511 ," No I just....I don't want to, I just want to be connected to talk to a girl."",,,,,,,,,,,,,,,,,,,,,,,,,,,,,,,", u2524 ,m163,,
85416, u2524 ," That's fine. Can I have a telephone number, area code first on where we can call you back?"",,,,,,,,,,,,,,,,,,,,,,,,,,,,,,,", u2511 ,m163,,
85417, u2511 ," I just don't want anyone to know it's me.,,,,,,,,,,,,,,,,,,,,,,,,,,,,,,,", u2524 ,m163,,
85418, u2524 ," You want her to call you Jack?,,,,,,,,,,,,,,,,,,,,,,,,,,,,,,,", u2511 ,m163,,
85419, u2511 ," Can you say that my name is Jack?,,,,,,,,,,,,,,,,,,,,,,,,,,,,,,,", u2524 ,m163,,
85420, u2524 ," No one will know your name.,,,,,,,,,,,,,,,,,,,,,,,,,,,,,,,", u2511 ,m163,,
85421, u2511 ," 337-09-9876. But I don't want anyone to know my name.,,,,,,,,,,,,,,,,,,,,,,,,,,,,,,,", u2524 ,m163,,
85422, u2524 ," It's ok, take your time."",,,,,,,,,,,,,,,,,,,,,,,,,,,,,,,", u2511 ,m163,,
85423, u2511 ," 337.....I'm sorry....,,,,,,,,,,,,,,,,,,,,,,,,,,,,,,,", u2524 ,m163,,
85424, u2524 ," Of course, it's just for us to verify your credit card information. It's completely confidential and it appears on your credit card billing statement as D&D Mattress Man."",,,,,,,,,,,,,,,,,,,,,,,,,,,,,,,", u2511 ,m163,,
85425, u2511 ," -- and this is confidential?,,,,,,,,,,,,,,,,,,,,,,,,,,,,,,,", u2524 ,m163,,
85426, u2524 ," It's just for verification through the credit card company.,,,,,,,,,,,,,,,,,,,,,,,,,,,,,,,", u2511 ,m163,,
85427, u2511 ," What's that for?,,,,,,,,,,,,,,,,,,,,,,,,,,,,,,,", u2524 ,m163,,
85428, u2524 ," And your Social Security number.,,,,,,,,,,,,,,,,,,,,,,,,,,,,,,,", u2511 ,m163,,
85429, u2511 ," Barry Egan.,,,,,,,,,,,,,,,,,,,,,,,,,,,,,,,", u2524 ,m163,,
85430, u2524 ," And your name?,,,,,,,,,,,,,,,,,,,,,,,,,,,,,,,", u2511 ,m163,,
85431, u2511 ," .....1274 Moorpark. Sherman Oaks, California. #4. 91403."",,,,,,,,,,,,,,,,,,,,,,,,,,,,,,,", u2524 ,m163,,
85432, u2524 ," And your billing address and the name as it appears on the card?,,,,,,,,,,,,,,,,,,,,,,,,,,,,,,,", u2511 ,m163,,
85433, u2511 ," ...3407 2627 3444 8095 expiration 05/04.,,,,,,,,,,,,,,,,,,,,,,,,,,,,,,,", u2524 ,m163,,
85434, u2524 ," Of course. Would you like to talk to a girl? I can connect you with a beautiful girl if I can just get your credit card number followed by the expiration date?,,,,,,,,,,,,,,,,,,,,,,,,,,,,,,,", u2511 ,m163,,
85435, u2511 ," It's....confidential, the call, my information is private."",,,,,,,,,,,,,,,,,,,,,,,,,,,,,,,", u2524 ,m163,,
85436, u2524 ," What do you mean?,,,,,,,,,,,,,,,,,,,,,,,,,,,,,,,", u2511 ,m163,,
85437, u2511 ," ......and this is confidential?,,,,,,,,,,,,,,,,,,,,,,,,,,,,,,,", u2524 ,m163,,
85438, u2524 ," -- it's $2.99 per minute for the first half hour and $1.99 per minute after that.,,,,,,,,,,,,,,,,,,,,,,,,,,,,,,,", u2511 ,m163,,
85439, u2511 ," Can I ask how much is this?,,,,,,,,,,,,,,,,,,,,,,,,,,,,,,,", u2524 ,m163,,
85440, u2524 ," Can I have your credit card number, followed by the expiration date?"",,,,,,,,,,,,,,,,,,,,,,,,,,,,,,,", u2511 ,m163,,
85441, u2511 ," Yes it is.,,,,,,,,,,,,,,,,,,,,,,,,,,,,,,,", u2524 ,m163,,
85442, u2524 ," Hi, is this your first time calling?"",,,,,,,,,,,,,,,,,,,,,,,,,,,,,,,", u2511 ,m163,,
85443, u2511 ," Hello, how are you?"",,,,,,,,,,,,,,,,,,,,,,,,,,,,,,,", u2524 ,m163,,
85444, u2524 ," Hi, this is Janice The Operator, who's this?"",,,,,,,,,,,,,,,,,,,,,,,,,,,,,,,", u2511 ,m163,,
85445, u2511 ," Thank you.,,,,,,,,,,,,,,,,,,,,,,,,,,,,,,,", u2515 ,m163,,
85446, u2515 ," That's that.,,,,,,,,,,,,,,,,,,,,,,,,,,,,,,,", u2511 ,m163,,
85447, u2511 ," Can we agree that that is that?,,,,,,,,,,,,,,,,,,,,,,,,,,,,,,,", u2511 ,m163,,
85448, u2511 ," Yes I did.,,,,,,,,,,,,,,,,,,,,,,,,,,,,,,,", u2515 ,m163,,
85449, u2515 ," You came all the way from Los Angeles to tell me that?,,,,,,,,,,,,,,,,,,,,,,,,,,,,,,,", u2511 ,m163,,
85450, u2511 ," I'm a nice and reasonable man. I didn't do anything wrong. Please don't make me hurt you. And I'm telling you: that if you ever hurt me or if you hurt someone that I love.....I will hurt you many, many, many times over.....because it's not right to take people's trust."",,,,,,,,,,,,,,,,,,,,,,,,,,,,,,,", u2515 ,m163,,
85451, u2515 ," You just told me to fuck off. That wasn't good. You're dead.,,,,,,,,,,,,,,,,,,,,,,,,,,,,,,,", u2511 ,m163,,
85452, u2511 ," YOU FUCK OFF. YOU FUCK OFF AND DIE I WILL HURT YOU FOR HURTING HER. YOU HURT HER.,,,,,,,,,,,,,,,,,,,,,,,,,,,,,,,", u2515 ,m163,,
85453, u2515 ," I'll say whatever I want --,,,,,,,,,,,,,,,,,,,,,,,,,,,,,,,", u2511 ,m163,,
85454, u2511 ," NO. NO. DON'T YOU SAY THAT.,,,,,,,,,,,,,,,,,,,,,,,,,,,,,,,", u2515 ,m163,,
85455, u2515 ," You better watch your mouth, cunt, you're gonna get hurt."",,,,,,,,,,,,,,,,,,,,,,,,,,,,,,,", u2511 ,m163,,
85456, u2511 ," You are bad. You are a bad person. you are a bad person and you have no right to take people's confidence in your service --,,,,,,,,,,,,,,,,,,,,,,,,,,,,,,,", u2515 ,m163,,
85457, u2515 ," Now are you threatening me, dick?"",,,,,,,,,,,,,,,,,,,,,,,,,,,,,,,", u2515 ,m163,,
85458, u2515 ," CALM DOWN SHUT THE FUCK UP AND CALM DOWN SHUT SHUT SHUT UP SHUT UP --,,,,,,,,,,,,,,,,,,,,,,,,,,,,,,,", u2511 ,m163,,
85459, u2511 ," YOU GO FUCK YOURSELF. YOU GO FUCK YOURSELF. YOU GO FUCK YOURSELF. MY LOVE WAS HURT, SHE GOT HURT. I AM IN LOVE WITH HER AND YOU HURT YOU AND YOU ARE GONNA FUCKING GET HURT. YOU DON'T TOUCH HER, I LOVE HER."",,,,,,,,,,,,,,,,,,,,,,,,,,,,,,,", u2511 ,m163,,
85460, u2511 ," I haven't even told you what's happened. Your girl that you have that works there for you threatened me and two men just chased me -- extorted money -- DEAN Go fuck yourself that shit doesn't have anything to do with me - this is a legitimate bossiness.,,,,,,,,,,,,,,,,,,,,,,,,,,,,,,,", u2515 ,m163,,
85461, u2515 ," I said calm down and shut the fuck up. What's your problem?,,,,,,,,,,,,,,,,,,,,,,,,,,,,,,,", u2511 ,m163,,
85462, u2511 ," What?,,,,,,,,,,,,,,,,,,,,,,,,,,,,,,,", u2515 ,m163,,
85463, u2515 ," Why don't you shut the fuck up?,,,,,,,,,,,,,,,,,,,,,,,,,,,,,,,", u2511 ,m163,,
85464, u2511 ," Hello, my name is Barry Egan and I called your service --"",,,,,,,,,,,,,,,,,,,,,,,,,,,,,,,", u2515 ,m163,,
85465, u2515 ," Who is this?,,,,,,,,,,,,,,,,,,,,,,,,,,,,,,,", u2511 ,m163,,
85466, u2511 ," ....I have seven.,,,,,,,,,,,,,,,,,,,,,,,,,,,,,,,", u2513 ,m163,,
85467, u2513 ," How many sisters do you have?,,,,,,,,,,,,,,,,,,,,,,,,,,,,,,,", u2511 ,m163,,
85468, u2511 ," .....Well yes I do....  But one more thing I wanted to tell you guys about the new plungers is that we're making the handles now in a non-breakable material called.....,,,,,,,,,,,,,,,,,,,,,,,,,,,,,,,", u2513 ,m163,,
85469, u2513 ," I didn't know you had a sister?,,,,,,,,,,,,,,,,,,,,,,,,,,,,,,,", u2511 ,m163,,
85470, u2511 ," Sorry about that.,,,,,,,,,,,,,,,,,,,,,,,,,,,,,,,", u2513 ,m163,,
85471, u2513 ," I think you have a call?,,,,,,,,,,,,,,,,,,,,,,,,,,,,,,,", u2511 ,m163,,
85472, u2511 ," Yes.....we do ask for....30 to 60 days....,,,,,,,,,,,,,,,,,,,,,,,,,,,,,,,", u2511 ,m163,,
85473, u2511 ," We back our plungers 100% and we do ask for a 30 to 60 day display on the floor.....,,,,,,,,,,,,,,,,,,,,,,,,,,,,,,,", u2513 ,m163,,
85474, u2513 ," You do guaranteed sale? etc.,,,,,,,,,,,,,,,,,,,,,,,,,,,,,,,", u2511 ,m163,,
85475, u2511 ," I don't know if there's anything wrong with me because I don't know how other people are.....Sometimes I cry a lot.....for no reason.,,,,,,,,,,,,,,,,,,,,,,,,,,,,,,,", u2528 ,m163,,
85476, u2528 ," You want a number for a psychiatrist, I can get you one, that's not a problem. but what exactly is wrong?"",,,,,,,,,,,,,,,,,,,,,,,,,,,,,,,", u2511 ,m163,,
85477, u2511 ," I don't have anyone to talk to things about and I understand it's confidential with a doctor - I'm embarrassed about that and I don't want my sisters to know?,,,,,,,,,,,,,,,,,,,,,,,,,,,,,,,", u2528 ,m163,,
85478, u2528 ," Like a psychiatrist?,,,,,,,,,,,,,,,,,,,,,,,,,,,,,,,", u2511 ,m163,,
85479, u2511 ," I know that. Maybe you know other doctors?,,,,,,,,,,,,,,,,,,,,,,,,,,,,,,,", u2511 ,m163,,
85480, u2511 ," I don't like the way I am sometimes.  Can you help me? WALTER Barry, I'm a dentist, what kind of help do you think I can give you?"",,,,,,,,,,,,,,,,,,,,,,,,,,,,,,,", u2528 ,m163,,
85481, u2528 ," Yeah.,,,,,,,,,,,,,,,,,,,,,,,,,,,,,,,", u2511 ,m163,,
85482, u2511 ," I wanted to ask you because you're a doctor, right?"",,,,,,,,,,,,,,,,,,,,,,,,,,,,,,,", u2528 ,m163,,
85483, u2528 ," It's alright.,,,,,,,,,,,,,,,,,,,,,,,,,,,,,,,", u2511 ,m163,,
85484, u2511 ," And I'm sorry that I did that.,,,,,,,,,,,,,,,,,,,,,,,,,,,,,,,", u2528 ,m163,,
85485, u2528 ," Mhm.,,,,,,,,,,,,,,,,,,,,,,,,,,,,,,,", u2511 ,m163,,
85486, u2511 ," Well I'm sorry. Before...,,,,,,,,,,,,,,,,,,,,,,,,,,,,,,,", u2528 ,m163,,
85487, u2528 ," What's up?,,,,,,,,,,,,,,,,,,,,,,,,,,,,,,,", u2528 ,m163,,
85488, u2528 ," Maybe you said that because you're hungry.....,,,,,,,,,,,,,,,,,,,,,,,,,,,,,,,", u2511 ,m163,,
85489, u2511 ," That was weird. I meant good.,,,,,,,,,,,,,,,,,,,,,,,,,,,,,,,", u2528 ,m163,,
85490, u2528 ," Yeah.,,,,,,,,,,,,,,,,,,,,,,,,,,,,,,,", u2511 ,m163,,
85491, u2511 ," Business is very food, thanks. ELIZABETH What's very food?"",,,,,,,,,,,,,,,,,,,,,,,,,,,,,,,", u2528 ,m163,,
85492, u2528 ," How's business?,,,,,,,,,,,,,,,,,,,,,,,,,,,,,,,", u2511 ,m163,,
85493, u2511 ," Hi Walter.,,,,,,,,,,,,,,,,,,,,,,,,,,,,,,,", u2528 ,m163,,
85494, u2528 ," How you doin' Barry?,,,,,,,,,,,,,,,,,,,,,,,,,,,,,,,", u2520 ,m163,,
85495, u2520 ," Ok. You're connected.,,,,,,,,,,,,,,,,,,,,,,,,,,,,,,,", u2511 ,m163,,
85496, u2511 ," Fine, thank you."",,,,,,,,,,,,,,,,,,,,,,,,,,,,,,,", u2520 ,m163,,
85497, u2520 ," Ok, sir....I'm gonna put you through to my supervisor."",,,,,,,,,,,,,,,,,,,,,,,,,,,,,,,", u2520 ,m163,,
85498, u2520 ," Can you hang on a second?,,,,,,,,,,,,,,,,,,,,,,,,,,,,,,,", u2511 ,m163,,
85499, u2511 ," That's not true. That's not true at all. You said that your name was Georgia and you said our conversation was confidential and I trusted you and you kept calling and asking me for money, c'mon now I want to talk to your owner, your supervisor, whoever runs this, you understand. Please connect me now."",,,,,,,,,,,,,,,,,,,,,,,,,,,,,,,", u2520 ,m163,,
85500, u2520 ," ...no....I don't....I don't remember you. Who's this?,,,,,,,,,,,,,,,,,,,,,,,,,,,,,,,", u2511 ,m163,,
85501, u2511 ," My name is Barry Egan and I spoke to you....you called me, you remember?"",,,,,,,,,,,,,,,,,,,,,,,,,,,,,,,", u2520 ,m163,,
85502, u2520 ," This is Janice the operator, who's this?"",,,,,,,,,,,,,,,,,,,,,,,,,,,,,,,", u2511 ,m163,,
85503, u2511 ," No, no, no, no, nO, NO, NO!"",,,,,,,,,,,,,,,,,,,,,,,,,,,,,,,", u2525 ,m163,,
85504, u2525 ," It takes time to process --,,,,,,,,,,,,,,,,,,,,,,,,,,,,,,,", u2511 ,m163,,
85505, u2511 ," How am I supposed to know what to do if you don't say it -- if it's not in your rules and regulations in your fine print how am I supposed to know how to be with this --,,,,,,,,,,,,,,,,,,,,,,,,,,,,,,,", u2525 ,m163,,
85506, u2525 ," I'm sorry.,,,,,,,,,,,,,,,,,,,,,,,,,,,,,,,", u2511 ,m163,,
85507, u2511 ," I had this whole thing in my head, I was gonna be able to get this to you today -- I have to leave today --"",,,,,,,,,,,,,,,,,,,,,,,,,,,,,,,", u2525 ,m163,,
85508, u2525 ," It takes that much time to process the order and make sure it's valid --,,,,,,,,,,,,,,,,,,,,,,,,,,,,,,,", u2511 ,m163,,
85509, u2511 ," No, no, no, no, no. What do you mean? It doesn't state anywhere about six to eight weeks."",,,,,,,,,,,,,,,,,,,,,,,,,,,,,,,", u2511 ,m163,,
85510, u2511 ," Well I had to go to Utah...but now I'm here and I'll be right back.,,,,,,,,,,,,,,,,,,,,,,,,,,,,,,,", u2519 ,m163,,
85511, u2519 ," Where you been?,,,,,,,,,,,,,,,,,,,,,,,,,,,,,,,", u2511 ,m163,,
85512, u2511 ," Let's just figure that out later --  Ok. I gotta go. I'm just gonna go now and I'll call you from there, you're in charge 'till I get back. And don't tell my sisters anything? He exits."",,,,,,,,,,,,,,,,,,,,,,,,,,,,,,,", u2519 ,m163,,
85513, u2519 ," Yeah.,,,,,,,,,,,,,,,,,,,,,,,,,,,,,,,", u2511 ,m163,,
85514, u2511 ," ....now: this pudding?,,,,,,,,,,,,,,,,,,,,,,,,,,,,,,,", u2511 ,m163,,
85515, u2511 ," That's funny.,,,,,,,,,,,,,,,,,,,,,,,,,,,,,,,", u2519 ,m163,,
85516, u2519 ," Yeah.,,,,,,,,,,,,,,,,,,,,,,,,,,,,,,,", u2511 ,m163,,
85517, u2511 ," You know you can get places in the world with pudding. That's funny.,,,,,,,,,,,,,,,,,,,,,,,,,,,,,,,", u2519 ,m163,,
85518, u2519 ," Ok.,,,,,,,,,,,,,,,,,,,,,,,,,,,,,,,", u2511 ,m163,,
85519, u2511 ," Alright: And I have to go and buy some more pudding for this trip to Hawaii and as I just said that out loud I'm realizing it sounds a little strange but it's not. So can you come and help me out?,,,,,,,,,,,,,,,,,,,,,,,,,,,,,,,", u2519 ,m163,,
85520, u2519 ," Ok.,,,,,,,,,,,,,,,,,,,,,,,,,,,,,,,", u2511 ,m163,,
85521, u2511 ," Yeah but you can't tell my sisters that.,,,,,,,,,,,,,,,,,,,,,,,,,,,,,,,", u2519 ,m163,,
85522, u2519 ," Wow, you're goin' to Hawaii, that's great -- you're goin -- ?"",,,,,,,,,,,,,,,,,,,,,,,,,,,,,,,", u2511 ,m163,,
85523, u2511 ," I'm going to go to Hawaii but you can't tell my sisters that.,,,,,,,,,,,,,,,,,,,,,,,,,,,,,,,", u2519 ,m163,,
85524, u2519 ," Where you goin?,,,,,,,,,,,,,,,,,,,,,,,,,,,,,,,", u2511 ,m163,,
85525, u2511 ," Ok. Well. I'm gonna go out of town. I'm going to go out of town just for two days...,,,,,,,,,,,,,,,,,,,,,,,,,,,,,,,", u2511 ,m163,,
85526, u2511 ," ....I made a call.....  ....and, uh...."",,,,,,,,,,,,,,,,,,,,,,,,,,,,,,,", u2519 ,m163,,
85527, u2519 ," What happened?,,,,,,,,,,,,,,,,,,,,,,,,,,,,,,,", u2511 ,m163,,
85528, u2511 ," I think I got in trouble. A little bit of trouble....,,,,,,,,,,,,,,,,,,,,,,,,,,,,,,,", u2519 ,m163,,
85529, u2519 ," What's up?,,,,,,,,,,,,,,,,,,,,,,,,,,,,,,,", u2511 ,m163,,
85530, u2511 ," I have to talk to you in a second about that, Lance, ok?"",,,,,,,,,,,,,,,,,,,,,,,,,,,,,,,", u2519 ,m163,,
85531, u2519 ," You talkin' to me about Ramada Inn?,,,,,,,,,,,,,,,,,,,,,,,,,,,,,,,", u2511 ,m163,,
85532, u2511 ," I'll tell you...the guy...with...just talk to me later about it, ok?"",,,,,,,,,,,,,,,,,,,,,,,,,,,,,,,", u2519 ,m163,,
85533, u2519 ," Which guy in Toledo are you talking about?,,,,,,,,,,,,,,,,,,,,,,,,,,,,,,,", u2511 ,m163,,
85534, u2511 ," ...I'll tell you later.,,,,,,,,,,,,,,,,,,,,,,,,,,,,,,,", u2519 ,m163,,
85535, u2519 ," WHICH?,,,,,,,,,,,,,,,,,,,,,,,,,,,,,,,", u2511 ,m163,,
85536, u2511 ," It's not a piano. LANCE! LANCE! MAKE SURE THAT YOU CALL THAT GUY IN TOLEDO.,,,,,,,,,,,,,,,,,,,,,,,,,,,,,,,", u2511 ,m163,,
85537, u2511 ," Let's just leave it there for now.,,,,,,,,,,,,,,,,,,,,,,,,,,,,,,,", u2519 ,m163,,
85538, u2519 ," So what should I do with the pudding?,,,,,,,,,,,,,,,,,,,,,,,,,,,,,,,", u2511 ,m163,,
85539, u2511 ," No thanks.,,,,,,,,,,,,,,,,,,,,,,,,,,,,,,,", u2519 ,m163,,
85540, u2519 ," You should go on a trip.,,,,,,,,,,,,,,,,,,,,,,,,,,,,,,,", u2511 ,m163,,
85541, u2511 ," No.........but airline miles are just like a currency these days.,,,,,,,,,,,,,,,,,,,,,,,,,,,,,,,", u2519 ,m163,,
85542, u2519 ," You're goin' on a trip?,,,,,,,,,,,,,,,,,,,,,,,,,,,,,,,", u2511 ,m163,,
85543, u2511 ," That's part of a very interesting airline promotion giveaway that's really tremendous. I'm going to start a collection of pudding and coupons that can be redeemed for frequent flyer miles through Healthy Choice and American Airlines --,,,,,,,,,,,,,,,,,,,,,,,,,,,,,,,", u2519 ,m163,,
85544, u2519 ," What's with all this pudding, what is this?"",,,,,,,,,,,,,,,,,,,,,,,,,,,,,,,", u2511 ,m163,,
85545, u2511 ," Hi, Lance."",,,,,,,,,,,,,,,,,,,,,,,,,,,,,,,", u2519 ,m163,,
85546, u2519 ," Good morning, Barry...."",,,,,,,,,,,,,,,,,,,,,,,,,,,,,,,", u2511 ,m163,,
85547, u2511 ," ...it just....I don't know....I don't know.,,,,,,,,,,,,,,,,,,,,,,,,,,,,,,,", u2519 ,m163,,
85548, u2519 ," Why is it here? Barry....Barry?,,,,,,,,,,,,,,,,,,,,,,,,,,,,,,,", u2519 ,m163,,
85549, u2519 ," That's not a piano.....I have a piano at home.....where'd you get it?,,,,,,,,,,,,,,,,,,,,,,,,,,,,,,,", u2511 ,m163,,
85550, u2511 ," I don't know. I think it's a piano....a small piano.,,,,,,,,,,,,,,,,,,,,,,,,,,,,,,,", u2519 ,m163,,
85551, u2519 ," What is this?,,,,,,,,,,,,,,,,,,,,,,,,,,,,,,,", u2511 ,m163,,
85552, u2511 ," ....yes.....,,,,,,,,,,,,,,,,,,,,,,,,,,,,,,,", u2519 ,m163,,
85553, u2519 ," Yeah.....you got here early huh?,,,,,,,,,,,,,,,,,,,,,,,,,,,,,,,", u2511 ,m163,,
85554, u2511 ," Um....I bought one. I thought maybe it would be nice to get dressed for work, can I show you something?"",,,,,,,,,,,,,,,,,,,,,,,,,,,,,,,", u2519 ,m163,,
85555, u2519 ," Why you wearin' a suit?,,,,,,,,,,,,,,,,,,,,,,,,,,,,,,,", u2511 ,m163,,
85556, u2511 ," Yes I'm fine.,,,,,,,,,,,,,,,,,,,,,,,,,,,,,,,", u2519 ,m163,,
85557, u2519 ," You ok?,,,,,,,,,,,,,,,,,,,,,,,,,,,,,,,", u2511 ,m163,,
85558, u2511 ," Hey...Lance....can I.....,,,,,,,,,,,,,,,,,,,,,,,,,,,,,,,", u2519 ,m163,,
85559, u2519 ," Hey, good morning, Barry."",,,,,,,,,,,,,,,,,,,,,,,,,,,,,,,", u2511 ,m163,,
85560, u2511 ," You know, please, I just wanna say that I didn't say I would help her out; I was very clear about it....I don't think that this is fair.....wait, wait, wait, ouch, ouch....."",,,,,,,,,,,,,,,,,,,,,,,,,,,,,,,", u2514 ,m163,,
85561, u2514 ," Ok. This is what you get when you're a pervert -- you said you'd help someone out and you didn't so we're just getting some money for her and that's that.,,,,,,,,,,,,,,,,,,,,,,,,,,,,,,,", u2511 ,m163,,
85562, u2511 ," Alright, alright."",,,,,,,,,,,,,,,,,,,,,,,,,,,,,,,", u2514 ,m163,,
85563, u2514 ," HEY. You made a fucking sex call and now you're gonna pay. It's not a big thing -- just give us some money and then it's over -- we'll just walk down to the ATM and get your money out --,,,,,,,,,,,,,,,,,,,,,,,,,,,,,,,", u2511 ,m163,,
85564, u2511 ," No.,,,,,,,,,,,,,,,,,,,,,,,,,,,,,,,", u2514 ,m163,,
85565, u2514 ," You have another house somewhere or something?,,,,,,,,,,,,,,,,,,,,,,,,,,,,,,,", u2511 ,m163,,
85566, u2511 ," Yes.,,,,,,,,,,,,,,,,,,,,,,,,,,,,,,,", u2514 ,m163,,
85567, u2514 ," Is this where you live?,,,,,,,,,,,,,,,,,,,,,,,,,,,,,,,", u2511 ,m163,,
85568, u2511 ," Yes.,,,,,,,,,,,,,,,,,,,,,,,,,,,,,,,", u2514 ,m163,,
85569, u2514 ," You have an ATM?,,,,,,,,,,,,,,,,,,,,,,,,,,,,,,,", u2511 ,m163,,
85570, u2511 ," Nothing....I mean, really...change, nothing....that's the cash I have...."",,,,,,,,,,,,,,,,,,,,,,,,,,,,,,,", u2514 ,m163,,
85571, u2514 ," What do you have in the house?,,,,,,,,,,,,,,,,,,,,,,,,,,,,,,,", u2511 ,m163,,
85572, u2511 ," It's three hundred and twenty dollars, just take it."",,,,,,,,,,,,,,,,,,,,,,,,,,,,,,,", u2511 ,m163,,
85573, u2511 ," Just take it, take the money in my pockets, take it, it's fine --"",,,,,,,,,,,,,,,,,,,,,,,,,,,,,,,", u2514 ,m163,,
85574, u2514 ," How much money do you have in your pockets?,,,,,,,,,,,,,,,,,,,,,,,,,,,,,,,", u2511 ,m163,,
85575, u2511 ," Whoa...whoa...wait, wait -- don't please...."",,,,,,,,,,,,,,,,,,,,,,,,,,,,,,,", u2514 ,m163,,
85576, u2514 ," It's just you need to give me the money...do you have it right now?,,,,,,,,,,,,,,,,,,,,,,,,,,,,,,,", u2511 ,m163,,
85577, u2511 ," Please don't do this.,,,,,,,,,,,,,,,,,,,,,,,,,,,,,,,", u2514 ,m163,,
85578, u2514 ," No, no, no, no c'mon man, don't make it a thing --"",,,,,,,,,,,,,,,,,,,,,,,,,,,,,,,", u2511 ,m163,,
85579, u2511 ," Wait a minute --,,,,,,,,,,,,,,,,,,,,,,,,,,,,,,,", u2514 ,m163,,
85580, u2514 ," You made a phone call and you said you'd help a girl out and then you didn't....I'm here to get the money.,,,,,,,,,,,,,,,,,,,,,,,,,,,,,,,", u2514 ,m163,,
85581, u2514 ," You gotta give me some money.,,,,,,,,,,,,,,,,,,,,,,,,,,,,,,,", u2511 ,m163,,
85582, u2511 ," What?,,,,,,,,,,,,,,,,,,,,,,,,,,,,,,,", u2514 ,m163,,
85583, u2514 ," I need to talk to you for a second.,,,,,,,,,,,,,,,,,,,,,,,,,,,,,,,", u2511 ,m163,,
85584, u2511 ," Hi.,,,,,,,,,,,,,,,,,,,,,,,,,,,,,,,", u2514 ,m163,,
85585, u2514 ," Hey.,,,,,,,,,,,,,,,,,,,,,,,,,,,,,,,", u2511 ,m163,,
85586, u2511 ," I'm sorry, I know. I know that it's...."",,,,,,,,,,,,,,,,,,,,,,,,,,,,,,,", u2512 ,m163,,
85587, u2512 ," This is a bunch of bullshit.,,,,,,,,,,,,,,,,,,,,,,,,,,,,,,,", u2511 ,m163,,
85588, u2511 ," Each pudding cup has to be scanned individually so that...it's for a giveaway...a product giveaway by this company...,,,,,,,,,,,,,,,,,,,,,,,,,,,,,,,", u2512 ,m163,,
85589, u2512 ," Well....what do you want, then?"",,,,,,,,,,,,,,,,,,,,,,,,,,,,,,,", u2511 ,m163,,
85590, u2511 ," Yes. Sorry.,,,,,,,,,,,,,,,,,,,,,,,,,,,,,,,", u2512 ,m163,,
85591, u2512 ," Are you serious with this?,,,,,,,,,,,,,,,,,,,,,,,,,,,,,,,", u2511 ,m163,,
85592, u2511 ," I'm sorry.,,,,,,,,,,,,,,,,,,,,,,,,,,,,,,,", u2512 ,m163,,
85593, u2512 ," What is this, man?"",,,,,,,,,,,,,,,,,,,,,,,,,,,,,,,", u2511 ,m163,,
85594, u2511 ," They need to be scanned individually. They each have a bar code, so I need it scanned individually so that each and every cup appears on the receipt..."",,,,,,,,,,,,,,,,,,,,,,,,,,,,,,,", u2511 ,m163,,
85595, u2511 ," Yes, yes, right."",,,,,,,,,,,,,,,,,,,,,,,,,,,,,,,", u2518 ,m163,,
85596, u2518 ," Yes you do. We were calling you Gay Boy and you got so mad....,,,,,,,,,,,,,,,,,,,,,,,,,,,,,,,", u2511 ,m163,,
85597, u2511 ," I don't really remember that.,,,,,,,,,,,,,,,,,,,,,,,,,,,,,,,", u2511 ,m163,,
85598, u2511 ," I won't.,,,,,,,,,,,,,,,,,,,,,,,,,,,,,,,", u2518 ,m163,,
85599, u2518 ," Don't puss out.,,,,,,,,,,,,,,,,,,,,,,,,,,,,,,,", u2511 ,m163,,
85600, u2511 ," I'll see you there.,,,,,,,,,,,,,,,,,,,,,,,,,,,,,,,", u2518 ,m163,,
85601, u2518 ," I'll see you there.,,,,,,,,,,,,,,,,,,,,,,,,,,,,,,,", u2511 ,m163,,
85602, u2511 ," Ok.,,,,,,,,,,,,,,,,,,,,,,,,,,,,,,,", u2518 ,m163,,
85603, u2518 ," Yeah but I'm serious.,,,,,,,,,,,,,,,,,,,,,,,,,,,,,,,", u2511 ,m163,,
85604, u2511 ," I know.,,,,,,,,,,,,,,,,,,,,,,,,,,,,,,,", u2518 ,m163,,
85605, u2518 ," You can't just stay in your house.,,,,,,,,,,,,,,,,,,,,,,,,,,,,,,,", u2511 ,m163,,
85606, u2511 ," I know.,,,,,,,,,,,,,,,,,,,,,,,,,,,,,,,", u2518 ,m163,,
85607, u2518 ," Seriously.,,,,,,,,,,,,,,,,,,,,,,,,,,,,,,,", u2511 ,m163,,
85608, u2511 ," I know.,,,,,,,,,,,,,,,,,,,,,,,,,,,,,,,", u2518 ,m163,,
85609, u2518 ," You can't just not show up like you do, you have to go."",,,,,,,,,,,,,,,,,,,,,,,,,,,,,,,", u2511 ,m163,,
85610, u2511 ," I know.,,,,,,,,,,,,,,,,,,,,,,,,,,,,,,,", u2518 ,m163,,
85611, u2518 ," You can't be late though.,,,,,,,,,,,,,,,,,,,,,,,,,,,,,,,", u2511 ,m163,,
85612, u2511 ," Ok.,,,,,,,,,,,,,,,,,,,,,,,,,,,,,,,", u2518 ,m163,,
85613, u2518 ," Seriously.,,,,,,,,,,,,,,,,,,,,,,,,,,,,,,,", u2511 ,m163,,
85614, u2511 ," I know.,,,,,,,,,,,,,,,,,,,,,,,,,,,,,,,", u2518 ,m163,,
85615, u2518 ," I'm serious.,,,,,,,,,,,,,,,,,,,,,,,,,,,,,,,", u2511 ,m163,,
85616, u2511 ," I won't.,,,,,,,,,,,,,,,,,,,,,,,,,,,,,,,", u2518 ,m163,,
85617, u2518 ," You can't be late.,,,,,,,,,,,,,,,,,,,,,,,,,,,,,,,", u2511 ,m163,,
85618, u2511 ," Seven o'clock.,,,,,,,,,,,,,,,,,,,,,,,,,,,,,,,", u2518 ,m163,,
85619, u2518 ," What time are you gonna be there?,,,,,,,,,,,,,,,,,,,,,,,,,,,,,,,", u2511 ,m163,,
85620, u2511 ," I'm just talking on the phone to you and standing.,,,,,,,,,,,,,,,,,,,,,,,,,,,,,,,", u2518 ,m163,,
85621, u2518 ," Right now, you're doing nothing?"",,,,,,,,,,,,,,,,,,,,,,,,,,,,,,,", u2511 ,m163,,
85622, u2511 ," Nothing.,,,,,,,,,,,,,,,,,,,,,,,,,,,,,,,", u2518 ,m163,,
85623, u2518 ," What are you doing?,,,,,,,,,,,,,,,,,,,,,,,,,,,,,,,", u2511 ,m163,,
85624, u2511 ," Yes I am.,,,,,,,,,,,,,,,,,,,,,,,,,,,,,,,", u2518 ,m163,,
85625, u2518 ," Are you going to the party tonight?,,,,,,,,,,,,,,,,,,,,,,,,,,,,,,,", u2511 ,m163,,
85626, u2511 ," Hi, Kathleen, I'm just working."",,,,,,,,,,,,,,,,,,,,,,,,,,,,,,,", u2518 ,m163,,
85627, u2518 ," What are you doing?,,,,,,,,,,,,,,,,,,,,,,,,,,,,,,,", u2511 ,m163,,
85628, u2511 ," This is Barry.,,,,,,,,,,,,,,,,,,,,,,,,,,,,,,,", u2514 ,m163,,
85629, u2514 ," Can we maybe ask for more money on this?,,,,,,,,,,,,,,,,,,,,,,,,,,,,,,,", u2515 ,m163,,
85630, u2515 ," That's it.,,,,,,,,,,,,,,,,,,,,,,,,,,,,,,,", u2514 ,m163,,
85631, u2514 ," Ok.,,,,,,,,,,,,,,,,,,,,,,,,,,,,,,,", u2515 ,m163,,
85632, u2515 ," This is this place called Ace Vintage, you gotta find it, I don't know exactly where this is and I don't understand these maps so just go there and check it out. It's a '61 AC Cobra that this old guy says is fine, but I need to figure out why he's only asking 23 for it. So take a look, the whole thing, call me about that, if it seems alright then I'll head down there and check it out."",,,,,,,,,,,,,,,,,,,,,,,,,,,,,,,", u2515 ,m163,,
85633, u2515 ," David, Don't. Just. Seriously. It doesn't make sense if you think about it in a fair deal like sense. Ok? It's business. Seriously. One hundred dollars for two days work is a lot more than your family is making sitting around your house. I'm serious now. Ok. Please. Now. Just stop."",,,,,,,,,,,,,,,,,,,,,,,,,,,,,,,", u2514 ,m163,,
85634, u2514 ," It's....whatever....that's not cool.,,,,,,,,,,,,,,,,,,,,,,,,,,,,,,,", u2515 ,m163,,
85635, u2515 ," -- she didn't know what she was talking about --,,,,,,,,,,,,,,,,,,,,,,,,,,,,,,,", u2514 ,m163,,
85636, u2514 ," I thought Latisha said you would --,,,,,,,,,,,,,,,,,,,,,,,,,,,,,,,", u2515 ,m163,,
85637, u2515 ," Your expenses are your own.,,,,,,,,,,,,,,,,,,,,,,,,,,,,,,,", u2515 ,m163,,
85638, u2515 ," I want you to go right away, I think that's best. I also need you to check out a car for me down there that this guy is selling."",,,,,,,,,,,,,,,,,,,,,,,,,,,,,,,", u2514 ,m163,,
85639, u2514 ," As soon as you want.,,,,,,,,,,,,,,,,,,,,,,,,,,,,,,,", u2515 ,m163,,
85640, u2515 ," When can you leave?,,,,,,,,,,,,,,,,,,,,,,,,,,,,,,,", u2514 ,m163,,
85641, u2514 ," That's cool.,,,,,,,,,,,,,,,,,,,,,,,,,,,,,,,", u2515 ,m163,,
85642, u2515 ," Shut up, just put him on the phone, it doesn't matter, just shut up --"",,,,,,,,,,,,,,,,,,,,,,,,,,,,,,,", u2520 ,m163,,
85643, u2520 ," No, no. This is bad, something might have happened, we should just --"",,,,,,,,,,,,,,,,,,,,,,,,,,,,,,,", u2515 ,m163,,
85644, u2515 ," Put him through.,,,,,,,,,,,,,,,,,,,,,,,,,,,,,,,", u2520 ,m163,,
85645, u2520 ," Nothing.,,,,,,,,,,,,,,,,,,,,,,,,,,,,,,,", u2515 ,m163,,
85646, u2515 ," What did you say?,,,,,,,,,,,,,,,,,,,,,,,,,,,,,,,", u2520 ,m163,,
85647, u2520 ," Hey, it's me. This guy from L.A., Barry Egan is calling on the other line and saying all this stuff, he wants to talk to a supervisor or whatever --"",,,,,,,,,,,,,,,,,,,,,,,,,,,,,,,", u2515 ,m163,,
85648, u2515 ," Hello?,,,,,,,,,,,,,,,,,,,,,,,,,,,,,,,", u2520 ,m163,,
85649, u2520 ," You don't need to talk all macho, """"shake him out, little bad boy."""" Whatever -- you're not an action hero, tough guy, you're not a gangster --"",,,,,,,,,,,,,,,,,,,,,,,,,,,,,,,", u2515 ,m163,,
85650, u2515 ," What's the problem?,,,,,,,,,,,,,,,,,,,,,,,,,,,,,,,", u2520 ,m163,,
85651, u2520 ," Uch. Shut up, Dean."",,,,,,,,,,,,,,,,,,,,,,,,,,,,,,,", u2515 ,m163,,
85652, u2515 ," ...keys for the track. You have to gas it up and save the receipts on that. His address. We have a business address too if you need that -- but hit him at his house first, see what this little bad boy is all about and shake him up -- give him a little doe-see-doe --"",,,,,,,,,,,,,,,,,,,,,,,,,,,,,,,", u2515 ,m163,,
85653, u2515 ," I'm only paying two of you guys.,,,,,,,,,,,,,,,,,,,,,,,,,,,,,,,", u2520 ,m163,,
85654, u2520 ," So they'll go.,,,,,,,,,,,,,,,,,,,,,,,,,,,,,,,", u2521 ,m163,,
85655, u2521 ," Ok.,,,,,,,,,,,,,,,,,,,,,,,,,,,,,,,", u2516 ,m163,,
85656, u2516 ," I'll just see you when you get back here.,,,,,,,,,,,,,,,,,,,,,,,,,,,,,,,", u2521 ,m163,,
85657, u2521 ," Should I call you later?,,,,,,,,,,,,,,,,,,,,,,,,,,,,,,,", u2516 ,m163,,
85658, u2516 ," I think he's weird, but that's me."",,,,,,,,,,,,,,,,,,,,,,,,,,,,,,,", u2521 ,m163,,
85659, u2521 ," I'm sorry. You're right.,,,,,,,,,,,,,,,,,,,,,,,,,,,,,,,", u2516 ,m163,,
85660, u2516 ," Well...he's not that strange, don't say that."",,,,,,,,,,,,,,,,,,,,,,,,,,,,,,,", u2521 ,m163,,
85661, u2521 ," He did seem a little strange.,,,,,,,,,,,,,,,,,,,,,,,,,,,,,,,", u2516 ,m163,,
85662, u2516 ," You wouldn't want to go out with him anyway, honestly, he's such a freak sometimes."",,,,,,,,,,,,,,,,,,,,,,,,,,,,,,,", u2521 ,m163,,
85663, u2521 ," It's fine.,,,,,,,,,,,,,,,,,,,,,,,,,,,,,,,", u2516 ,m163,,
85664, u2516 ," I have no idea what he's doing then. I'm sorry that didn't work out.,,,,,,,,,,,,,,,,,,,,,,,,,,,,,,,", u2521 ,m163,,
85665, u2521 ," No.,,,,,,,,,,,,,,,,,,,,,,,,,,,,,,,", u2516 ,m163,,
85666, u2516 ," So...did my brother call you?,,,,,,,,,,,,,,,,,,,,,,,,,,,,,,,", u2521 ,m163,,
85667, u2521 ," Ok.,,,,,,,,,,,,,,,,,,,,,,,,,,,,,,,", u2516 ,m163,,
85668, u2516 ," Just tell him to call me.,,,,,,,,,,,,,,,,,,,,,,,,,,,,,,,", u2521 ,m163,,
85669, u2521 ," Ok. What should I do about Eric?,,,,,,,,,,,,,,,,,,,,,,,,,,,,,,,", u2516 ,m163,,
85670, u2516 ," They need to see the new 484's to make sure it works with their OC....,,,,,,,,,,,,,,,,,,,,,,,,,,,,,,,", u2521 ,m163,,
85671, u2521 ," Ok.,,,,,,,,,,,,,,,,,,,,,,,,,,,,,,,", u2516 ,m163,,
85672, u2516 ," So I'll meet you at the restaraunt?,,,,,,,,,,,,,,,,,,,,,,,,,,,,,,,", u2521 ,m163,,
85673, u2521 ," Bye, Barry."",,,,,,,,,,,,,,,,,,,,,,,,,,,,,,,", u2516 ,m163,,
85674, u2516 ," Will you call me later to talk about asking Walter for the shrink? And we can talk about - he said you have this crying problem or something?,,,,,,,,,,,,,,,,,,,,,,,,,,,,,,,", u2521 ,m163,,
85675, u2521 ," Are you ready?,,,,,,,,,,,,,,,,,,,,,,,,,,,,,,,", u2516 ,m163,,
85676, u2516 ," Are you coming to eat with us?,,,,,,,,,,,,,,,,,,,,,,,,,,,,,,,", u2521 ,m163,,
85677, u2521 ," You ready?,,,,,,,,,,,,,,,,,,,,,,,,,,,,,,,", u2516 ,m163,,
85678, u2516 ," I can't find that thing in my car, I can't find it so I'll just get it and give it to you later. So?"",,,,,,,,,,,,,,,,,,,,,,,,,,,,,,,", u2516 ,m163,,
85679, u2516 ," Yeah, no, I have to get something from my car, I said."",,,,,,,,,,,,,,,,,,,,,,,,,,,,,,,", u2521 ,m163,,
85680, u2521 ," We should be going --,,,,,,,,,,,,,,,,,,,,,,,,,,,,,,,", u2516 ,m163,,
85681, u2516 ," Sorry.,,,,,,,,,,,,,,,,,,,,,,,,,,,,,,,", u2521 ,m163,,
85682, u2521 ," It's ok, it's alright. I'll come right back, I'll just go pay for my car."",,,,,,,,,,,,,,,,,,,,,,,,,,,,,,,", u2516 ,m163,,
85683, u2516 ," -- he's so strange I don't know if you really even would want to go out with him, someone like him, I said I'd try, but it's just --"",,,,,,,,,,,,,,,,,,,,,,,,,,,,,,,", u2521 ,m163,,
85684, u2521 ," It's not bad, it's ok."",,,,,,,,,,,,,,,,,,,,,,,,,,,,,,,", u2516 ,m163,,
85685, u2516 ," He's being weird, I'm sorry. I have no idea why he's being weird and dressed in a suit --"",,,,,,,,,,,,,,,,,,,,,,,,,,,,,,,", u2521 ,m163,,
85686, u2521 ," Yeah.,,,,,,,,,,,,,,,,,,,,,,,,,,,,,,,", u2516 ,m163,,
85687, u2516 ," Are you sure?,,,,,,,,,,,,,,,,,,,,,,,,,,,,,,,", u2521 ,m163,,
85688, u2521 ," I'll go pay for my car.,,,,,,,,,,,,,,,,,,,,,,,,,,,,,,,", u2516 ,m163,,
85689, u2516 ," Are you learning how to play the piano? What is that?,,,,,,,,,,,,,,,,,,,,,,,,,,,,,,,", u2521 ,m163,,
85690, u2521 ," It's ok. That's alright.,,,,,,,,,,,,,,,,,,,,,,,,,,,,,,,", u2521 ,m163,,
85691, u2521 ," It's fine.,,,,,,,,,,,,,,,,,,,,,,,,,,,,,,,", u2516 ,m163,,
85692, u2516 ," He's wearing a suit again, I don't know why he's wearing a suit, he doesn't usually dress like that --"",,,,,,,,,,,,,,,,,,,,,,,,,,,,,,,", u2521 ,m163,,
