,User_id,text,sec_user,movies_name,relationship,attachment
86156, u2546 ," She knew what she was signing on for After all, she took the money."",,,,,,,,,,,,,,,,,,,,,,,,,,,,,,,", u2557 ,m165,,
86157, u2557 ," That poor woman.,,,,,,,,,,,,,,,,,,,,,,,,,,,,,,,", u2546 ,m165,,
86158, u2546 ," Don't insult me with your cute press quotes Save it for Louella.,,,,,,,,,,,,,,,,,,,,,,,,,,,,,,,", u2557 ,m165,,
86159, u2557 ," Carole, you wound me! As if I could hope to pacify you with evasions of--"",,,,,,,,,,,,,,,,,,,,,,,,,,,,,,,", u2546 ,m165,,
86160, u2546 ," We've known each other too long, Orson. Sling the bullshit elsewhere."",,,,,,,,,,,,,,,,,,,,,,,,,,,,,,,", u2557 ,m165,,
86161, u2557 ," Oh, but haven't you heard? I'm the Boy Wonder. I've been a genius since the moment I was born."",,,,,,,,,,,,,,,,,,,,,,,,,,,,,,,", u2546 ,m165,,
86162, u2546 ," Of being found out. Of not being a genius,,,,,,,,,,,,,,,,,,,,,,,,,,,,,,,", u2557 ,m165,,
86163, u2557 ," Am I?,,,,,,,,,,,,,,,,,,,,,,,,,,,,,,,", u2546 ,m165,,
86164, u2546 ," You're just scared.,,,,,,,,,,,,,,,,,,,,,,,,,,,,,,,", u2557 ,m165,,
86165, u2557 ," I wonder sometimes.,,,,,,,,,,,,,,,,,,,,,,,,,,,,,,,", u2546 ,m165,,
86166, u2546 ," It's gonna be fine, Orson. You're gonna do great."",,,,,,,,,,,,,,,,,,,,,,,,,,,,,,,", u2557 ,m165,,
86167, u2557 ," Not you too,,,,,,,,,,,,,,,,,,,,,,,,,,,,,,,", u2546 ,m165,,
86168, u2546 ," So you ever gonna do a picture?,,,,,,,,,,,,,,,,,,,,,,,,,,,,,,,", u2546 ,m165,,
86169, u2546 ," Last week would this be?,,,,,,,,,,,,,,,,,,,,,,,,,,,,,,,", u2557 ,m165,,
86170, u2557 ," No, when I was but a tender lad--"",,,,,,,,,,,,,,,,,,,,,,,,,,,,,,,", u2557 ,m165,,
86171, u2557 ," Ever met Walter Winchell?,,,,,,,,,,,,,,,,,,,,,,,,,,,,,,,", u2551 ,m165,,
86172, u2551 ," But I am That's the killer, honey."",,,,,,,,,,,,,,,,,,,,,,,,,,,,,,,", u2546 ,m165,,
86173, u2546 ," Marion, everyone knows you're not like that--"",,,,,,,,,,,,,,,,,,,,,,,,,,,,,,,", u2551 ,m165,,
86174, u2551 ," The character that's supposed to be me, Susan Alexander--"",,,,,,,,,,,,,,,,,,,,,,,,,,,,,,,", u2546 ,m165,,
86175, u2546 ," Uh-huh,,,,,,,,,,,,,,,,,,,,,,,,,,,,,,,", u2551 ,m165,,
86176, u2551 ," You know this CITIZEN KANE picture? About Pops and everything?,,,,,,,,,,,,,,,,,,,,,,,,,,,,,,,", u2551 ,m165,,
86177, u2551 ," Yeah. But all of a sudden it's not,,,,,,,,,,,,,,,,,,,,,,,,,,,,,,,", u2546 ,m165,,
86178, u2546 ," Thinking like that is only gonna drive you nuts You were a great star and you had a good run. That oughta be enough.,,,,,,,,,,,,,,,,,,,,,,,,,,,,,,,", u2551 ,m165,,
86179, u2551 ," Thing that bothers me now, though, looking back is that I really think I could have been something ... special."",,,,,,,,,,,,,,,,,,,,,,,,,,,,,,,", u2546 ,m165,,
86180, u2546 ," Sure,,,,,,,,,,,,,,,,,,,,,,,,,,,,,,,", u2551 ,m165,,
86181, u2551 ," I did my best but, well, you know me"",,,,,,,,,,,,,,,,,,,,,,,,,,,,,,,", u2546 ,m165,,
86182, u2546 ," And he did.,,,,,,,,,,,,,,,,,,,,,,,,,,,,,,,", u2551 ,m165,,
86183, u2551 ," When I met him I was just 20. And he was 55. I saw the gold ring and just grabbed on. And he was going to make me a star.,,,,,,,,,,,,,,,,,,,,,,,,,,,,,,,", u2551 ,m165,,
86184, u2551 ," He needs me here.,,,,,,,,,,,,,,,,,,,,,,,,,,,,,,,", u2546 ,m165,,
86185, u2546 ," Sure you can, just--"",,,,,,,,,,,,,,,,,,,,,,,,,,,,,,,", u2551 ,m165,,
86186, u2551 ," I can't,,,,,,,,,,,,,,,,,,,,,,,,,,,,,,,", u2546 ,m165,,
86187, u2546 ," Listen, you come down and stay with us for a few days. Just tell the old man that--"",,,,,,,,,,,,,,,,,,,,,,,,,,,,,,,", u2546 ,m165,,
86188, u2546 ," Mm.,,,,,,,,,,,,,,,,,,,,,,,,,,,,,,,", u2551 ,m165,,
86189, u2551 ," And attractive in a hammy sort of way.,,,,,,,,,,,,,,,,,,,,,,,,,,,,,,,", u2546 ,m165,,
86190, u2546 ," Yeah, Orson's a real piece of work. But deep down, he's a good kid. Real deep down."",,,,,,,,,,,,,,,,,,,,,,,,,,,,,,,", u2551 ,m165,,
86191, u2551 ," Mr. Welles certainly is a caution,,,,,,,,,,,,,,,,,,,,,,,,,,,,,,,", u2551 ,m165,,
86192, u2551 ," It's not so bad here. After all, what girl doesn't want to live in a castle?"",,,,,,,,,,,,,,,,,,,,,,,,,,,,,,,", u2551 ,m165,,
86193, u2551 ," With about twenty of his spies on my tail. No thanks.,,,,,,,,,,,,,,,,,,,,,,,,,,,,,,,", u2546 ,m165,,
86194, u2546 ," Why don't you come down to LA? Stay with us for a while.,,,,,,,,,,,,,,,,,,,,,,,,,,,,,,,", u2551 ,m165,,
86195, u2551 ," That's why he has the parties, he says it's like bringing the world to me."",,,,,,,,,,,,,,,,,,,,,,,,,,,,,,,", u2546 ,m165,,
86196, u2546 ," You need to get outta here, Rapunzel"",,,,,,,,,,,,,,,,,,,,,,,,,,,,,,,", u2551 ,m165,,
86197, u2551 ," God, these parties are the worst"",,,,,,,,,,,,,,,,,,,,,,,,,,,,,,,", u2546 ,m165,,
86198, u2546 ," Houdini mice.,,,,,,,,,,,,,,,,,,,,,,,,,,,,,,,", u2551 ,m165,,
86199, u2551 ," And we would hear them scuttling around at night with their little red eyes and little yellow t-t- teeth and I'm just imagining plague lice jumpin' all over the damn place So we set t-t-traps everywhere. And every morning we would find the t-t-traps sprung but no mice!,,,,,,,,,,,,,,,,,,,,,,,,,,,,,,,", u2547 ,m165,,
86200, u2547 ," So where does that leave us, Mr. Welles? What kind of sad future are we two making? A future where men will do anything to sell their newspapers and their movies? A future where no price is too high for fame and power? When we will all scratch each other to pieces just to be heard?"",,,,,,,,,,,,,,,,,,,,,,,,,,,,,,,", u2557 ,m165,,
86201, u2557 ," Elegant words, sir, when you have made your name and your fortune on slander and innuendo and gossip. In your papers you taught the world how to look under every rock. I learned at the knee of the master."",,,,,,,,,,,,,,,,,,,,,,,,,,,,,,,", u2547 ,m165,,
86202, u2547 ," Intimately. For every sin you have placed on my head I could give you a hundred others. I have been swimming in blood my entire life. But I retain a belief, perhaps you will think it old fashioned, undoubtedly you will, but I believe that private lives should not be public property."",,,,,,,,,,,,,,,,,,,,,,,,,,,,,,,", u2557 ,m165,,
86203, u2557 ," Do you?,,,,,,,,,,,,,,,,,,,,,,,,,,,,,,,", u2547 ,m165,,
86204, u2547 ," I wonder. Do you have any idea what you have done?,,,,,,,,,,,,,,,,,,,,,,,,,,,,,,,", u2557 ,m165,,
86205, u2557 ," I'll remember that.,,,,,,,,,,,,,,,,,,,,,,,,,,,,,,,", u2547 ,m165,,
86206, u2547 ," In Hollywood the fiercest bulls are the most brutally killed.,,,,,,,,,,,,,,,,,,,,,,,,,,,,,,,", u2557 ,m165,,
86207, u2557 ," So I've been told.,,,,,,,,,,,,,,,,,,,,,,,,,,,,,,,", u2547 ,m165,,
86208, u2547 ," Well, I wish you luck. It is a treacherous business."",,,,,,,,,,,,,,,,,,,,,,,,,,,,,,,", u2557 ,m165,,
86209, u2557 ," To make pictures.,,,,,,,,,,,,,,,,,,,,,,,,,,,,,,,", u2547 ,m165,,
86210, u2547 ," I see. And you are in California for what reason?,,,,,,,,,,,,,,,,,,,,,,,,,,,,,,,", u2557 ,m165,,
86211, u2557 ," And director.,,,,,,,,,,,,,,,,,,,,,,,,,,,,,,,", u2547 ,m165,,
86212, u2547 ," The actor,,,,,,,,,,,,,,,,,,,,,,,,,,,,,,,", u2557 ,m165,,
86213, u2557 ," My name is Orson Welles,,,,,,,,,,,,,,,,,,,,,,,,,,,,,,,", u2547 ,m165,,
86214, u2547 ," Who are you, sir?"",,,,,,,,,,,,,,,,,,,,,,,,,,,,,,,", u2552 ,m165,,
86215, u2552 ," Yeah,,,,,,,,,,,,,,,,,,,,,,,,,,,,,,,", u2547 ,m165,,
86216, u2547 ," See what you can do about this CITIZEN KANE picture, won't you?"",,,,,,,,,,,,,,,,,,,,,,,,,,,,,,,", u2552 ,m165,,
86217, u2552 ," Bel Air is restricted.,,,,,,,,,,,,,,,,,,,,,,,,,,,,,,,", u2547 ,m165,,
86218, u2547 ," Why is that, Louis?"",,,,,,,,,,,,,,,,,,,,,,,,,,,,,,,", u2547 ,m165,,
86219, u2547 ," Oh, why is that?"",,,,,,,,,,,,,,,,,,,,,,,,,,,,,,,", u2552 ,m165,,
86220, u2552 ," You know that can't happen.,,,,,,,,,,,,,,,,,,,,,,,,,,,,,,,", u2547 ,m165,,
86221, u2547 ," And maybe we could get Mr. Warner and Mr. Goldwyn and Mr. Cohn and Mr. Selznick to play as well.,,,,,,,,,,,,,,,,,,,,,,,,,,,,,,,", u2552 ,m165,,
86222, u2552 ," Yeah,,,,,,,,,,,,,,,,,,,,,,,,,,,,,,,", u2547 ,m165,,
86223, u2547 ," Apparently it details the exploits of a publisher like myself. Entirely too much like myself. Do you follow so far?,,,,,,,,,,,,,,,,,,,,,,,,,,,,,,,", u2552 ,m165,,
86224, u2552 ," Uh-hub.,,,,,,,,,,,,,,,,,,,,,,,,,,,,,,,", u2547 ,m165,,
86225, u2547 ," Mm. Not a very good picture I am told.,,,,,,,,,,,,,,,,,,,,,,,,,,,,,,,", u2552 ,m165,,
86226, u2552 ," Over at RKO?,,,,,,,,,,,,,,,,,,,,,,,,,,,,,,,", u2547 ,m165,,
86227, u2547 ," Quite. And this is why I came to visit. Have you heard about this CITIZEN KANE picture?,,,,,,,,,,,,,,,,,,,,,,,,,,,,,,,", u2547 ,m165,,
86228, u2547 ," Hope you don't mind my popping in--,,,,,,,,,,,,,,,,,,,,,,,,,,,,,,,", u2552 ,m165,,
86229, u2552 ," Randolph!,,,,,,,,,,,,,,,,,,,,,,,,,,,,,,,", u2547 ,m165,,
86230, u2547 ," Louis,,,,,,,,,,,,,,,,,,,,,,,,,,,,,,,", u2547 ,m165,,
86231, u2547 ," There is nothing to understand but this:   I am a man who could have been great, but was not."",,,,,,,,,,,,,,,,,,,,,,,,,,,,,,,", u2551 ,m165,,
86232, u2551 ," I don't want you to--,,,,,,,,,,,,,,,,,,,,,,,,,,,,,,,", u2547 ,m165,,
86233, u2547 ," castle -- still fighting old battles he will never win with Pulitzer and Roosevelt and Hollywood--,,,,,,,,,,,,,,,,,,,,,,,,,,,,,,,", u2547 ,m165,,
86234, u2547 ," No, you don't. You want to condemn me, like everyone else. You want to point to the pathetic, old man grown lunatic with his spending -- trapped in his ridiculous"",,,,,,,,,,,,,,,,,,,,,,,,,,,,,,,", u2551 ,m165,,
86235, u2551 ," I just want to understand--,,,,,,,,,,,,,,,,,,,,,,,,,,,,,,,", u2547 ,m165,,
86236, u2547 ," I will not have this in my home.,,,,,,,,,,,,,,,,,,,,,,,,,,,,,,,", u2551 ,m165,,
86237, u2551 ," Fuck you, Mr. Kane."",,,,,,,,,,,,,,,,,,,,,,,,,,,,,,,", u2547 ,m165,,
86238, u2547 ," You are slovenly and unattractive and I won't  t-t-t-tolerate it.,,,,,,,,,,,,,,,,,,,,,,,,,,,,,,,", u2551 ,m165,,
86239, u2551 ," Tough shit. We need to t-t-talk about this--,,,,,,,,,,,,,,,,,,,,,,,,,,,,,,,", u2547 ,m165,,
86240, u2547 ," You are repellant when you drink.,,,,,,,,,,,,,,,,,,,,,,,,,,,,,,,", u2551 ,m165,,
86241, u2551 ," You will not walk out on me,,,,,,,,,,,,,,,,,,,,,,,,,,,,,,,", u2547 ,m165,,
86242, u2547 ," That's right. You've captured me exactly. Goodnight.,,,,,,,,,,,,,,,,,,,,,,,,,,,,,,,", u2551 ,m165,,
86243, u2551 ," But why? Just so you can show it all off -- just so everyone can see what a b-b-big man you are?!,,,,,,,,,,,,,,,,,,,,,,,,,,,,,,,", u2547 ,m165,,
86244, u2547 ," Not for me.,,,,,,,,,,,,,,,,,,,,,,,,,,,,,,,", u2551 ,m165,,
86245, u2551 ," There's a different between want and,,,,,,,,,,,,,,,,,,,,,,,,,,,,,,,", u2547 ,m165,,
86246, u2547 ," I wanted it,,,,,,,,,,,,,,,,,,,,,,,,,,,,,,,", u2551 ,m165,,
86247, u2551 ," Did you need it? Did you need any of it?,,,,,,,,,,,,,,,,,,,,,,,,,,,,,,,", u2547 ,m165,,
86248, u2547 ," You needn't use that language with me,,,,,,,,,,,,,,,,,,,,,,,,,,,,,,,", u2551 ,m165,,
86249, u2551 ," I know where Deauville is for C-C-Christ's sake.,,,,,,,,,,,,,,,,,,,,,,,,,,,,,,,", u2547 ,m165,,
86250, u2547 ," It's 12th Century. From Deauville -- in France.,,,,,,,,,,,,,,,,,,,,,,,,,,,,,,,", u2551 ,m165,,
86251, u2551 ," That -- did you need that? How much did that cost?,,,,,,,,,,,,,,,,,,,,,,,,,,,,,,,", u2551 ,m165,,
86252, u2551 ," You don't need it! That's the problem you always think you need everything--,,,,,,,,,,,,,,,,,,,,,,,,,,,,,,,", u2547 ,m165,,
86253, u2547 ," You are being typically theatrical, Marion. I need the Tribune to--"",,,,,,,,,,,,,,,,,,,,,,,,,,,,,,,", u2551 ,m165,,
86254, u2551 ," You don't have any money left, okay?! That's the truth. I don't wanna say it, nobody else will say it, but it's the truth. You spent it all. You can't buy the Tribune in Chicago -- you can't buy ^ g-g- goddamn thing. Now you better face up to it--"",,,,,,,,,,,,,,,,,,,,,,,,,,,,,,,", u2547 ,m165,,
86255, u2547 ," There is nothing to discuss-,,,,,,,,,,,,,,,,,,,,,,,,,,,,,,,", u2551 ,m165,,
86256, u2551 ," You gotta wake up now. Pops.,,,,,,,,,,,,,,,,,,,,,,,,,,,,,,,", u2547 ,m165,,
86257, u2547 ," We are in no """"pickle"""" -- as you would euphemistically have it."",,,,,,,,,,,,,,,,,,,,,,,,,,,,,,,", u2551 ,m165,,
86258, u2551 ," I'm not asking you to defend anything. But we're in a pickle and we gotta talk about it.,,,,,,,,,,,,,,,,,,,,,,,,,,,,,,,", u2547 ,m165,,
86259, u2547 ," I will not defend my life to you--,,,,,,,,,,,,,,,,,,,,,,,,,,,,,,,", u2551 ,m165,,
86260, u2551 ," A million dollars a year on art and st-st-statues and there's nothing to explain?!,,,,,,,,,,,,,,,,,,,,,,,,,,,,,,,", u2547 ,m165,,
86261, u2547 ," There's nothing to explain,,,,,,,,,,,,,,,,,,,,,,,,,,,,,,,", u2551 ,m165,,
86262, u2551 ," Then you explain it to me?!,,,,,,,,,,,,,,,,,,,,,,,,,,,,,,,", u2551 ,m165,,
86263, u2551 ," I am not that woman.,,,,,,,,,,,,,,,,,,,,,,,,,,,,,,,", u2547 ,m165,,
86264, u2547 ," This picture--,,,,,,,,,,,,,,,,,,,,,,,,,,,,,,,", u2551 ,m165,,
86265, u2551 ," Bought and p-p-paid for. Just like one of his goddamn statues. Well at least in the movie he married her!,,,,,,,,,,,,,,,,,,,,,,,,,,,,,,,", u2547 ,m165,,
86266, u2547 ," Marion--,,,,,,,,,,,,,,,,,,,,,,,,,,,,,,,", u2551 ,m165,,
86267, u2551 ," Nailed us, hub? The crazy old man and his whore."",,,,,,,,,,,,,,,,,,,,,,,,,,,,,,,", u2551 ,m165,,
86268, u2551 ," Well -- he got us, didn't he? She stands and goes quickly to pour a drink. A forced laugh"",,,,,,,,,,,,,,,,,,,,,,,,,,,,,,,", u2547 ,m165,,
86269, u2547 ," One . . . buys things.,,,,,,,,,,,,,,,,,,,,,,,,,,,,,,,", u2551 ,m165,,
86270, u2551 ," How does one get 125 million dollars in debt?,,,,,,,,,,,,,,,,,,,,,,,,,,,,,,,", u2547 ,m165,,
86271, u2547 ," Yes.,,,,,,,,,,,,,,,,,,,,,,,,,,,,,,,", u2551 ,m165,,
86272, u2551 ," We're 125 million dollars in debt?,,,,,,,,,,,,,,,,,,,,,,,,,,,,,,,", u2551 ,m165,,
86273, u2551 ," How much?,,,,,,,,,,,,,,,,,,,,,,,,,,,,,,,", u2547 ,m165,,
86274, u2547 ," It's not really--,,,,,,,,,,,,,,,,,,,,,,,,,,,,,,,", u2551 ,m165,,
86275, u2551 ," How much?,,,,,,,,,,,,,,,,,,,,,,,,,,,,,,,", u2547 ,m165,,
86276, u2547 ," The S.E.C. has turned down my request for relief on the debts.,,,,,,,,,,,,,,,,,,,,,,,,,,,,,,,", u2551 ,m165,,
86277, u2551 ," Pops,,,,,,,,,,,,,,,,,,,,,,,,,,,,,,,", u2547 ,m165,,
86278, u2547 ," Nothing for you to worry about, darling"",,,,,,,,,,,,,,,,,,,,,,,,,,,,,,,", u2551 ,m165,,
86279, u2551 ," How bad is it?,,,,,,,,,,,,,,,,,,,,,,,,,,,,,,,", u2551 ,m165,,
86280, u2551 ," Don't,,,,,,,,,,,,,,,,,,,,,,,,,,,,,,,", u2547 ,m165,,
86281, u2547 ," He is a Bolshevik. He will have us at war by the end of the year. I think I'm going to run that wheelchair picture.,,,,,,,,,,,,,,,,,,,,,,,,,,,,,,,", u2551 ,m165,,
86282, u2551 ," You oughta lay off him -- he is the p-p-president, after all."",,,,,,,,,,,,,,,,,,,,,,,,,,,,,,,", u2547 ,m165,,
86283, u2547 ," The Journal was pretty harsh to Roosevelt today.,,,,,,,,,,,,,,,,,,,,,,,,,,,,,,,", u2551 ,m165,,
86284, u2551 ," Nuts. She only cares about the money. She thinks I'll make you cut her out of the w-w-w-w...  will.,,,,,,,,,,,,,,,,,,,,,,,,,,,,,,,", u2547 ,m165,,
86285, u2547 ," She's a Catholic. She says it would put her soul in peril. Divorce is a very serious sin, apparently."",,,,,,,,,,,,,,,,,,,,,,,,,,,,,,,", u2551 ,m165,,
86286, u2551 ," There. That's right.,,,,,,,,,,,,,,,,,,,,,,,,,,,,,,,", u2547 ,m165,,
86287, u2547 ," Darling, I talked to Millicent."",,,,,,,,,,,,,,,,,,,,,,,,,,,,,,,", u2551 ,m165,,
86288, u2551 ," This is supposed ta be Siam or some such. Some kinda lousy B-B-Balinese temple. This look like a temple to you? I can't see it myself--,,,,,,,,,,,,,,,,,,,,,,,,,,,,,,,", u2551 ,m165,,
86289, u2551 ," There certainly is I There certainly is! Aw, to hell with you!"",,,,,,,,,,,,,,,,,,,,,,,,,,,,,,,", u2547 ,m165,,
86290, u2547 ," There's no call for that language-,,,,,,,,,,,,,,,,,,,,,,,,,,,,,,,", u2551 ,m165,,
86291, u2551 ," Goddamn it. I gotta have some kinda life!,,,,,,,,,,,,,,,,,,,,,,,,,,,,,,,", u2547 ,m165,,
86292, u2547 ," Good. Retain that feeling. Let it nourish you from this day forth. It shall nourish us both,,,,,,,,,,,,,,,,,,,,,,,,,,,,,,,", u2549 ,m165,,
86293, u2549 ," I want blood,,,,,,,,,,,,,,,,,,,,,,,,,,,,,,,", u2547 ,m165,,
86294, u2547 ," And how do you feel when you are lied to?,,,,,,,,,,,,,,,,,,,,,,,,,,,,,,,", u2549 ,m165,,
86295, u2549 ," He looked into my face and told me it wasn't about you.,,,,,,,,,,,,,,,,,,,,,,,,,,,,,,,", u2549 ,m165,,
86296, u2549 ," He lied to me,,,,,,,,,,,,,,,,,,,,,,,,,,,,,,,", u2547 ,m165,,
86297, u2547 ," Please be quiet.,,,,,,,,,,,,,,,,,,,,,,,,,,,,,,,", u2549 ,m165,,
86298, u2549 ," Sir, I-"",,,,,,,,,,,,,,,,,,,,,,,,,,,,,,,", u2547 ,m165,,
86299, u2547 ," I pay you a good deal of money to be my eyes and ears in Hollywood, do I not? If you cannot provide this simple service you are of no use to me."",,,,,,,,,,,,,,,,,,,,,,,,,,,,,,,", u2549 ,m165,,
86300, u2549 ," Sir?,,,,,,,,,,,,,,,,,,,,,,,,,,,,,,,", u2547 ,m165,,
86301, u2547 ," Why did we not know about this sooner?,,,,,,,,,,,,,,,,,,,,,,,,,,,,,,,", u2549 ,m165,,
86302, u2549 ," Sir? ,,,,,,,,,,,,,,,,,,,,,,,,,,,,,,,", u2547 ,m165,,
86303, u2547 ," Miss Parsons, I have one additional question for you."",,,,,,,,,,,,,,,,,,,,,,,,,,,,,,,", u2549 ,m165,,
86304, u2549 ," Thank you, sir. She begins to leave"",,,,,,,,,,,,,,,,,,,,,,,,,,,,,,,", u2547 ,m165,,
86305, u2547 ," Thank you for your time,,,,,,,,,,,,,,,,,,,,,,,,,,,,,,,", u2549 ,m165,,
86306, u2549 ," The drinking.,,,,,,,,,,,,,,,,,,,,,,,,,,,,,,,", u2547 ,m165,,
86307, u2547 ," Yes?,,,,,,,,,,,,,,,,,,,,,,,,,,,,,,,", u2549 ,m165,,
86308, u2549 ," The jigsaw puzzles and the, urn, career -- the man spending a fortune to make her a star -- only it's opera and not movies. And..."",,,,,,,,,,,,,,,,,,,,,,,,,,,,,,,", u2547 ,m165,,
86309, u2547 ," How so?,,,,,,,,,,,,,,,,,,,,,,,,,,,,,,,", u2549 ,m165,,
86310, u2549 ," It's all you. It has the political campaigns and the mining fortune and the war with Pulitzer and the castle. And ... Marion.,,,,,,,,,,,,,,,,,,,,,,,,,,,,,,,", u2557 ,m165,,
86311, u2557 ," """"A toast then, Jedediah, to love on my own terms. Those are the only terms anybody ever knows, his own."""""",,,,,,,,,,,,,,,,,,,,,,,,,,,,,,,", u2548 ,m165,,
86312, u2548 ," love them so much that they ought to love you back. Only you want love on your own terms. """""",,,,,,,,,,,,,,,,,,,,,,,,,,,,,,,", u2548 ,m165,,
86313, u2548 ," """"You don't care about anything except you. You just want to persuade people that you"",,,,,,,,,,,,,,,,,,,,,,,,,,,,,,,", u2557 ,m165,,
86314, u2557 ," You're not going to get another chance, boy! Look right at the monster and you tell him--"",,,,,,,,,,,,,,,,,,,,,,,,,,,,,,,", u2548 ,m165,,
86315, u2548 ," We're not all hopped up on benzedrine, Orson I Some of us humans need sleep!"",,,,,,,,,,,,,,,,,,,,,,,,,,,,,,,", u2557 ,m165,,
86316, u2557 ," This is the chance you've been waiting for, boy. Tell that son of a bitch just what you think of him!"",,,,,,,,,,,,,,,,,,,,,,,,,,,,,,,", u2557 ,m165,,
86317, u2557 ," Then make them up! You're drunk and you're angry.,,,,,,,,,,,,,,,,,,,,,,,,,,,,,,,", u2548 ,m165,,
86318, u2548 ," I can't remember the lines!,,,,,,,,,,,,,,,,,,,,,,,,,,,,,,,", u2557 ,m165,,
86319, u2557 ," Keep filming.,,,,,,,,,,,,,,,,,,,,,,,,,,,,,,,", u2548 ,m165,,
86320, u2548 ," """"You talk about the people as if you owned them. As though they belonged to you. As long as I can remember, you've talked about--""""  Orson, I am so goddamn tired--"",,,,,,,,,,,,,,,,,,,,,,,,,,,,,,,", u2557 ,m165,,
86321, u2557 ," """"Well, if you got drunk to talk to me about Miss Alexander, don't bother. I'm not interested. I've set back the sacred cause of reform, is that it? All right, if that's the way they want it, the people have made their choice. It's obvious the people prefer Jim Gettys to me."""""",,,,,,,,,,,,,,,,,,,,,,,,,,,,,,,", u2557 ,m165,,
86322, u2557 ," I am not doing Hearst.,,,,,,,,,,,,,,,,,,,,,,,,,,,,,,,", u2549 ,m165,,
86323, u2549 ," Orson, hold on. Look into my eyes. Tell me you are not doing Hearst."",,,,,,,,,,,,,,,,,,,,,,,,,,,,,,,", u2557 ,m165,,
86324, u2557 ," That's right. A symphony of those: vaunted and valued tellers-of-truth. Those heroic minutemen standing sentry on our liberties--,,,,,,,,,,,,,,,,,,,,,,,,,,,,,,,", u2549 ,m165,,
86325, u2549 ," A delicious amalgamation, is it?"",,,,,,,,,,,,,,,,,,,,,,,,,,,,,,,", u2557 ,m165,,
86326, u2557 ," Good God no! The character is a delicious amalgamation of various press barons--,,,,,,,,,,,,,,,,,,,,,,,,,,,,,,,", u2549 ,m165,,
86327, u2549 ," You're not doin' Hearst, are you?"",,,,,,,,,,,,,,,,,,,,,,,,,,,,,,,", u2557 ,m165,,
86328, u2557 ," We're using-,,,,,,,,,,,,,,,,,,,,,,,,,,,,,,,", u2549 ,m165,,
86329, u2549 ," Now, Orson, you know I'm just dyin' to see your picture and I know it's gonna be boffo, but you're writing about a publisher, right?"",,,,,,,,,,,,,,,,,,,,,,,,,,,,,,,", u2557 ,m165,,
86330, u2557 ," What we are going to do is shoot life -- in all it's joyous complexity.,,,,,,,,,,,,,,,,,,,,,,,,,,,,,,,", u2549 ,m165,,
86331, u2549 ," Huh?,,,,,,,,,,,,,,,,,,,,,,,,,,,,,,,", u2557 ,m165,,
86332, u2557 ," Tome it's a question of truth and illusion. Don't you get tired of the errant falsity in motion pictures?,,,,,,,,,,,,,,,,,,,,,,,,,,,,,,,", u2549 ,m165,,
86333, u2549 ," You are talking to him.,,,,,,,,,,,,,,,,,,,,,,,,,,,,,,,", u2554 ,m165,,
86334, u2554 ," Can I talk to Hearst?,,,,,,,,,,,,,,,,,,,,,,,,,,,,,,,", u2549 ,m165,,
86335, u2549 ," And Mr. Hearst has authorized me to tell you that you're looking at the most beautiful lawsuit in history if you release this picture. He'll bleed your little studio dry and you can all go on back to New York and do Shakespeare with the Boy Wonder.,,,,,,,,,,,,,,,,,,,,,,,,,,,,,,,", u2554 ,m165,,
86336, u2554 ," Oh for God's sake, Louella-"",,,,,,,,,,,,,,,,,,,,,,,,,,,,,,,", u2549 ,m165,,
86337, u2549 ," Nix, sweetie. You shelve it"",,,,,,,,,,,,,,,,,,,,,,,,,,,,,,,", u2554 ,m165,,
86338, u2554 ," Louella, please, be reasonable, I understand you have problems with Orson's picture but maybe we can work something out--"",,,,,,,,,,,,,,,,,,,,,,,,,,,,,,,", u2549 ,m165,,
86339, u2549 ," That's right, fella, no Hearst paper will run an RKO ad until you agree that CITIZEN KANE will never see the light of day."",,,,,,,,,,,,,,,,,,,,,,,,,,,,,,,", u2549 ,m165,,
86340, u2549 ," Uh-huh,,,,,,,,,,,,,,,,,,,,,,,,,,,,,,,", u2554 ,m165,,
86341, u2554 ," Hearst?,,,,,,,,,,,,,,,,,,,,,,,,,,,,,,,", u2549 ,m165,,
86342, u2549 ," That's right,,,,,,,,,,,,,,,,,,,,,,,,,,,,,,,", u2554 ,m165,,
86343, u2554 ," He personally asked you to?,,,,,,,,,,,,,,,,,,,,,,,,,,,,,,,", u2549 ,m165,,
86344, u2549 ," Cut the malarkey, buddy. The boss himself wants me to see the picture today."",,,,,,,,,,,,,,,,,,,,,,,,,,,,,,,", u2554 ,m165,,
86345, u2554 ," That might be a tad difficult because Orson is scoring the picture now and he's very particular about the music--,,,,,,,,,,,,,,,,,,,,,,,,,,,,,,,", u2549 ,m165,,
86346, u2549 ," I wanna see the picture today,,,,,,,,,,,,,,,,,,,,,,,,,,,,,,,", u2554 ,m165,,
86347, u2554 ," No -- no -- I mean--,,,,,,,,,,,,,,,,,,,,,,,,,,,,,,,", u2549 ,m165,,
86348, u2549 ," You drink at 10 am, do you?"",,,,,,,,,,,,,,,,,,,,,,,,,,,,,,,", u2554 ,m165,,
86349, u2554 ," Louella, hello, I was just fixing a drink, would you like--?"",,,,,,,,,,,,,,,,,,,,,,,,,,,,,,,", u2549 ,m165,,
86350, u2549 ," Schaefer, I gotta see this Welles picture"",,,,,,,,,,,,,,,,,,,,,,,,,,,,,,,", u2550 ,m165,,
86351, u2550 ," Yeah, you're probably right."",,,,,,,,,,,,,,,,,,,,,,,,,,,,,,,", u2557 ,m165,,
86352, u2557 ," You know, all this nightmare we went through with Hearst. The whole thing... And in the end, probably no one will ever remember the picture anyway."",,,,,,,,,,,,,,,,,,,,,,,,,,,,,,,", u2550 ,m165,,
86353, u2550 ," Aw, cheer up, George'll probably be running Fox by the morning. Let's get a drink."",,,,,,,,,,,,,,,,,,,,,,,,,,,,,,,", u2557 ,m165,,
86354, u2557 ," What have I done?,,,,,,,,,,,,,,,,,,,,,,,,,,,,,,,", u2557 ,m165,,
86355, u2557 ," George...,,,,,,,,,,,,,,,,,,,,,,,,,,,,,,,", u2550 ,m165,,
86356, u2550 ," Shit,,,,,,,,,,,,,,,,,,,,,,,,,,,,,,,", u2550 ,m165,,
86357, u2550 ," Face it, Orson, they're gonna hate it. I told you, not enough closeups and too many scenes with a bunch of New York actors."",,,,,,,,,,,,,,,,,,,,,,,,,,,,,,,", u2557 ,m165,,
86358, u2557 ," Mank!,,,,,,,,,,,,,,,,,,,,,,,,,,,,,,,", u2550 ,m165,,
86359, u2550 ," Hell, I know how it ends.  Hey, Rosebud's the sled!"",,,,,,,,,,,,,,,,,,,,,,,,,,,,,,,", u2557 ,m165,,
86360, u2557 ," You gonna watch?,,,,,,,,,,,,,,,,,,,,,,,,,,,,,,,", u2550 ,m165,,
86361, u2550 ," This ain't George's doing--!,,,,,,,,,,,,,,,,,,,,,,,,,,,,,,,", u2557 ,m165,,
86362, u2557 ," YOU STUPID, LITTLE MAN! HOW COULD YOU HAVE LET THIS HAPPEN?! I GAVE YOU MY SOUL AND NOW YOU'RE GOING TO SELL IT!?"",,,,,,,,,,,,,,,,,,,,,,,,,,,,,,,", u2550 ,m165,,
86363, u2550 ," Kinda.,,,,,,,,,,,,,,,,,,,,,,,,,,,,,,,", u2557 ,m165,,
86364, u2557 ," Is that from one of the Gospels?,,,,,,,,,,,,,,,,,,,,,,,,,,,,,,,", u2550 ,m165,,
86365, u2550 ," I told you this was going to happen! I told you he was going to come after us! So we took the chance anyway and we lost. That's how it goes, okay? I got my check, kid, and so did you -- and that's what it's all about -- so fuck it and move on."",,,,,,,,,,,,,,,,,,,,,,,,,,,,,,,", u2557 ,m165,,
86366, u2557 ," You wrote the damn thing, Mank Aren't you going to fight for it?!"",,,,,,,,,,,,,,,,,,,,,,,,,,,,,,,", u2550 ,m165,,
86367, u2550 ," They won't let it out. Not Hearst. Not the other studio heads--,,,,,,,,,,,,,,,,,,,,,,,,,,,,,,,", u2557 ,m165,,
86368, u2557 ," It's too late. The movie's made,,,,,,,,,,,,,,,,,,,,,,,,,,,,,,,", u2550 ,m165,,
86369, u2550 ," If he had known about KANE before you made it, you'd be dead already."",,,,,,,,,,,,,,,,,,,,,,,,,,,,,,,", u2557 ,m165,,
86370, u2557 ," What?! Are they going to kill me? Is that what they're going to do?!,,,,,,,,,,,,,,,,,,,,,,,,,,,,,,,", u2550 ,m165,,
86371, u2550 ," Believe you me, they're gonna do anything -- and I mean absolutely anything -- to stop that word from gettin' out."",,,,,,,,,,,,,,,,,,,,,,,,,,,,,,,", u2557 ,m165,,
86372, u2557 ," What does this have to do with--?,,,,,,,,,,,,,,,,,,,,,,,,,,,,,,,", u2550 ,m165,,
86373, u2550 ," Me, I'm proud to be a Jew, I got no problem. You don't like it, fuck you. But with these guys it's like a dirty word. All they wanna be is good red- white-and-blue Americans, and the way they see it you can't be a good American and a Jew. So Sam Goldfish becomes Sam Goldwyn and David Selznick becomes David 0. Selznick -- like anyone's gonna think he's Irish for fuck's sake--"",,,,,,,,,,,,,,,,,,,,,,,,,,,,,,,", u2557 ,m165,,
86374, u2557 ," Christ.,,,,,,,,,,,,,,,,,,,,,,,,,,,,,,,", u2550 ,m165,,
86375, u2550 ," This is just the first shot. Maestro. Sooner or later she's gonna use the word. And all those boys know that there is only one thing this country hates more than the coloreds and that's the Jews.,,,,,,,,,,,,,,,,,,,,,,,,,,,,,,,", u2557 ,m165,,
86376, u2557 ," So they're Jews. . .,,,,,,,,,,,,,,,,,,,,,,,,,,,,,,,", u2550 ,m165,,
86377, u2550 ," Who owns this town? Who runs every goddamn studio? The tribe, baby. These fuckers hear the word """"Jew"""" and they start sweating. Like Ester Williams' pool they start sweating."",,,,,,,,,,,,,,,,,,,,,,,,,,,,,,,", u2550 ,m165,,
86378, u2550 ," Jews. She's talking about Jews.,,,,,,,,,,,,,,,,,,,,,,,,,,,,,,,", u2557 ,m165,,
86379, u2557 ," Hedy Lamarr?,,,,,,,,,,,,,,,,,,,,,,,,,,,,,,,", u2550 ,m165,,
86380, u2550 ," No she's not. Don't you get it, ya lunk? She's using code language to the studio bosses. """"Bedraggled foreigners and swarthy refugees"""" -- who the hell do you think she's talking about?"",,,,,,,,,,,,,,,,,,,,,,,,,,,,,,,", u2557 ,m165,,
86381, u2557 ," Well, at least she's off KANE today"",,,,,,,,,,,,,,,,,,,,,,,,,,,,,,,", u2550 ,m165,,
86382, u2550 ," """"And how is the country to feel when this industry continues to employ bedraggled foreigners and swarthy refugees instead of real Americans? Doesn't Hollywood know there's a Depression on? Don't real Americans deserve work?"""""",,,,,,,,,,,,,,,,,,,,,,,,,,,,,,,", u2557 ,m165,,
86383, u2557 ," No, but I can imagine. What am I today? A """"puny upstart"""" or a """"spoiled dilettante"""" -- no, she wouldn't know how to spell that"",,,,,,,,,,,,,,,,,,,,,,,,,,,,,,,", u2550 ,m165,,
86384, u2550 ," No, you gotta hear this-"",,,,,,,,,,,,,,,,,,,,,,,,,,,,,,,", u2557 ,m165,,
86385, u2557 ," Mank, sit down. You missed the opening of the new picture but I'll go back--"",,,,,,,,,,,,,,,,,,,,,,,,,,,,,,,", u2550 ,m165,,
86386, u2550 ," Hey, kid. Gregg."",,,,,,,,,,,,,,,,,,,,,,,,,,,,,,,", u2557 ,m165,,
86387, u2557 ," He was a drunk. And he was my father and I was ashamed of him.,,,,,,,,,,,,,,,,,,,,,,,,,,,,,,,", u2550 ,m165,,
86388, u2550 ," I don't give a shit about-,,,,,,,,,,,,,,,,,,,,,,,,,,,,,,,", u2557 ,m165,,
86389, u2557 ," Did I ever tell you about my father?,,,,,,,,,,,,,,,,,,,,,,,,,,,,,,,", u2550 ,m165,,
86390, u2550 ," I don't care.,,,,,,,,,,,,,,,,,,,,,,,,,,,,,,,", u2557 ,m165,,
86391, u2557 ," I'm sorry.,,,,,,,,,,,,,,,,,,,,,,,,,,,,,,,", u2550 ,m165,,
86392, u2550 ," Fuck you.  You wanted me out. I'm out.,,,,,,,,,,,,,,,,,,,,,,,,,,,,,,,", u2557 ,m165,,
86393, u2557 ," I want you back,,,,,,,,,,,,,,,,,,,,,,,,,,,,,,,", u2557 ,m165,,
86394, u2557 ," I just can't . . see it anymore,,,,,,,,,,,,,,,,,,,,,,,,,,,,,,,", u2550 ,m165,,
86395, u2550 ," Uh huh.,,,,,,,,,,,,,,,,,,,,,,,,,,,,,,,", u2557 ,m165,,
86396, u2557 ," And I'm looking at them -- and they're all looking at me and I don't know who should pour the tea. ',,,,,,,,,,,,,,,,,,,,,,,,,,,,,,,", u2550 ,m165,,
86397, u2550 ," YOU CAN'T DO THIS TOME -- THIS WAS OUR STORY, REMEMBER? -- YOU AND ME AND GODDAMN EVERYONE ELSE - - REMEMBER THAT?!"",,,,,,,,,,,,,,,,,,,,,,,,,,,,,,,", u2557 ,m165,,
86398, u2557 ," Jesus Christ --,,,,,,,,,,,,,,,,,,,,,,,,,,,,,,,", u2557 ,m165,,
86399, u2557 ," To my invaluable comrade Drink up!,,,,,,,,,,,,,,,,,,,,,,,,,,,,,,,", u2550 ,m165,,
86400, u2550 ," I --um-- I don't know if I should. I ain't been drinking since I started on this--,,,,,,,,,,,,,,,,,,,,,,,,,,,,,,,", u2557 ,m165,,
86401, u2557 ," But it's not a great syllable,,,,,,,,,,,,,,,,,,,,,,,,,,,,,,,", u2550 ,m165,,
86402, u2550 ," Craig is one syllable,,,,,,,,,,,,,,,,,,,,,,,,,,,,,,,", u2557 ,m165,,
86403, u2557 ," K-A-N-E. One strong syllable. Kane I,,,,,,,,,,,,,,,,,,,,,,,,,,,,,,,", u2550 ,m165,,
86404, u2550 ," Cain -- like the Bible guy?,,,,,,,,,,,,,,,,,,,,,,,,,,,,,,,", u2557 ,m165,,
86405, u2557 ," No, AMERICAN is a blessed title directly sent from God's soul to your mind. We shall never change that! I mean the name of the publisher. Charles Foster Craig doesn't have the knives-out poetry I need. I was thinking about """"Kane"""" -- you like that?"",,,,,,,,,,,,,,,,,,,,,,,,,,,,,,,", u2550 ,m165,,
86406, u2550 ," The title?,,,,,,,,,,,,,,,,,,,,,,,,,,,,,,,", u2557 ,m165,,
86407, u2557 ," Short enough. But this is a grand start And I think we need to change the name.,,,,,,,,,,,,,,,,,,,,,,,,,,,,,,,", u2550 ,m165,,
86408, u2550 ," What?,,,,,,,,,,,,,,,,,,,,,,,,,,,,,,,", u2557 ,m165,,
86409, u2557 ," Good?! Good?! Words fail you at last! It's terrific! Now I'll have to do some shaping, of course, and some of the scenes aren't exactly . . . exactly . . ."",,,,,,,,,,,,,,,,,,,,,,,,,,,,,,,", u2550 ,m165,,
86410, u2550 ," It's good, huh?"",,,,,,,,,,,,,,,,,,,,,,,,,,,,,,,", u2557 ,m165,,
86411, u2557 ," It is 350 pages of ... ABSOLUTE INSPIRATION!,,,,,,,,,,,,,,,,,,,,,,,,,,,,,,,", u2550 ,m165,,
86412, u2550 ," Yeah, but the margins are real wide."",,,,,,,,,,,,,,,,,,,,,,,,,,,,,,,", u2557 ,m165,,
86413, u2557 ," It's 350 pages long.,,,,,,,,,,,,,,,,,,,,,,,,,,,,,,,", u2550 ,m165,,
86414, u2550 ," And when he looks up? What does he dream about?,,,,,,,,,,,,,,,,,,,,,,,,,,,,,,,", u2557 ,m165,,
86415, u2557 ," The people. When they pay him homage, he adores them. But when they have the ... audacity to question him. To doubt him. To embarrass him. Then he despises them."",,,,,,,,,,,,,,,,,,,,,,,,,,,,,,,", u2550 ,m165,,
86416, u2550 ," And what does he see?,,,,,,,,,,,,,,,,,,,,,,,,,,,,,,,", u2557 ,m165,,
86417, u2557 ," Hearst looks down at the world at his feet Everything has always been beneath him.,,,,,,,,,,,,,,,,,,,,,,,,,,,,,,,", u2557 ,m165,,
86418, u2557 ," He loves in his own way. On his conditions. Because those are the only conditions he has ever known.,,,,,,,,,,,,,,,,,,,,,,,,,,,,,,,", u2550 ,m165,,
86419, u2550 ," They don't have to.,,,,,,,,,,,,,,,,,,,,,,,,,,,,,,,", u2557 ,m165,,
86420, u2557 ," All men love. But men like Hearst -- they don't bother with convention because--,,,,,,,,,,,,,,,,,,,,,,,,,,,,,,,", u2550 ,m165,,
86421, u2550 ," She was . . . innocent,,,,,,,,,,,,,,,,,,,,,,,,,,,,,,,", u2557 ,m165,,
86422, u2557 ," Why her?,,,,,,,,,,,,,,,,,,,,,,,,,,,,,,,", u2550 ,m165,,
86423, u2550 ," This girl on a dock. White dress. Never said a word to her.,,,,,,,,,,,,,,,,,,,,,,,,,,,,,,,", u2557 ,m165,,
86424, u2557 ," The key -- the key -- the clue -- what does this man recall on his death bed? Okay, Mank, you're dying. What's the last image that comes to you? Right now."",,,,,,,,,,,,,,,,,,,,,,,,,,,,,,,", u2550 ,m165,,
86425, u2550 ," Like a jewel. Turn it in the light and a different facet is illuminated.,,,,,,,,,,,,,,,,,,,,,,,,,,,,,,,", u2557 ,m165,,
86426, u2557 ," How?,,,,,,,,,,,,,,,,,,,,,,,,,,,,,,,", u2550 ,m165,,
86427, u2550 ," Everyone sees someone different. That's what we show.,,,,,,,,,,,,,,,,,,,,,,,,,,,,,,,", u2557 ,m165,,
86428, u2557 ," So, who is he? We have to know him."",,,,,,,,,,,,,,,,,,,,,,,,,,,,,,,", u2557 ,m165,,
86429, u2557 ," Then let him. What have we got to lose, you and I?"",,,,,,,,,,,,,,,,,,,,,,,,,,,,,,,", u2550 ,m165,,
86430, u2550 ," He'll destroy us.,,,,,,,,,,,,,,,,,,,,,,,,,,,,,,,", u2557 ,m165,,
86431, u2557 ," NOT UNLESS I. TELL YOU IT IS,,,,,,,,,,,,,,,,,,,,,,,,,,,,,,,", u2550 ,m165,,
86432, u2550 ," I can't do it. okay?! I drink too much -- I drink all the fucking time and I don't have it anymore. All that is over for me--,,,,,,,,,,,,,,,,,,,,,,,,,,,,,,,", u2557 ,m165,,
86433, u2557 ," I'll hire you  -- right now-,,,,,,,,,,,,,,,,,,,,,,,,,,,,,,,", u2550 ,m165,,
86434, u2550 ," And yeah, sure, Hearst's a great subject. Been keeping notes on him for years for my ...  great American novel. But I can't do it anymore. No studio's gonna hire me and I - -"",,,,,,,,,,,,,,,,,,,,,,,,,,,,,,,", u2557 ,m165,,
86435, u2557 ," It doesn't have to be,,,,,,,,,,,,,,,,,,,,,,,,,,,,,,,", u2550 ,m165,,
86436, u2550 ," When I was a kid I wanted to scorch the world too - - I had all kinda dreams about making great pictures and telling great stories. But all that's finished for me--,,,,,,,,,,,,,,,,,,,,,,,,,,,,,,,", u2550 ,m165,,
86437, u2550 ," I don't have it anymore?!,,,,,,,,,,,,,,,,,,,,,,,,,,,,,,,", u2557 ,m165,,
86438, u2557 ," I am giving you the last chance you will ever have to be yourself again!,,,,,,,,,,,,,,,,,,,,,,,,,,,,,,,", u2550 ,m165,,
86439, u2550 ," Fuck you--,,,,,,,,,,,,,,,,,,,,,,,,,,,,,,,", u2557 ,m165,,
86440, u2557 ," Listen to me-,,,,,,,,,,,,,,,,,,,,,,,,,,,,,,,", u2550 ,m165,,
86441, u2550 ," Let me out.,,,,,,,,,,,,,,,,,,,,,,,,,,,,,,,", u2557 ,m165,,
86442, u2557 ," --Because he has been so furiously busy wasting himself. Amusing his keepers. Because he is a sycophant! Because he has been thrown out of every studio in Hollywood and no one will hire him because he's a drunk- -!,,,,,,,,,,,,,,,,,,,,,,,,,,,,,,,", u2550 ,m165,,
86443, u2550 ," Don't do this,,,,,,,,,,,,,,,,,,,,,,,,,,,,,,,", u2557 ,m165,,
86444, u2557 ," Where did he go? He hasn't had a screen credit in four years--,,,,,,,,,,,,,,,,,,,,,,,,,,,,,,,", u2550 ,m165,,
86445, u2550 ," Don't do this,,,,,,,,,,,,,,,,,,,,,,,,,,,,,,,", u2557 ,m165,,
86446, u2557 ," I remember a man who wrote I He was a brilliant writer who dazzled me time and time again with his wit and insight--,,,,,,,,,,,,,,,,,,,,,,,,,,,,,,,", u2557 ,m165,,
86447, u2557 ," How does it feel, Mank? Going up to the palace and making all the lords and ladies laugh as you tell your little stories and beg for crumbs at the table? How does it feel being the ugly little monkey they keep to amuse themselves--?!"",,,,,,,,,,,,,,,,,,,,,,,,,,,,,,,", u2550 ,m165,,
86448, u2550 ," Sorry to disappoint.,,,,,,,,,,,,,,,,,,,,,,,,,,,,,,,", u2557 ,m165,,
86449, u2557 ," I expected more from you.,,,,,,,,,,,,,,,,,,,,,,,,,,,,,,,", u2550 ,m165,,
86450, u2550 ," Fuck you,,,,,,,,,,,,,,,,,,,,,,,,,,,,,,,", u2557 ,m165,,
86451, u2557 ," So speaks the court jester.,,,,,,,,,,,,,,,,,,,,,,,,,,,,,,,", u2550 ,m165,,
86452, u2550 ," You may think you know what you're talking about, kid, but believe me, you don't. You're talking about going into a battle you can never win on a battlefield so far above things like movies and Hollywood that Hearst won't even have to glance down when he crushes you. When he flicks you away with one finger. I'm talking about money and influence and evil beyond your capacity to imagine Hell."",,,,,,,,,,,,,,,,,,,,,,,,,,,,,,,", u2557 ,m165,,
86453, u2557 ," We're doing Hearst.,,,,,,,,,,,,,,,,,,,,,,,,,,,,,,,", u2550 ,m165,,
86454, u2550 ," Howard Hughes, he would just kill us. Hearst he would kill us and fuck everything we ever loved."",,,,,,,,,,,,,,,,,,,,,,,,,,,,,,,", u2550 ,m165,,
86455, u2550 ," Listen to you. You child! Men like him don't bother with things like legality. They don't have to. You know why, boy-o?   Power.   Power like you couldn't even begin to imagine."",,,,,,,,,,,,,,,,,,,,,,,,,,,,,,,", u2557 ,m165,,
86456, u2557 ," Now remember he's a public figure who sought out that publicity so legally he can't stop us from--,,,,,,,,,,,,,,,,,,,,,,,,,,,,,,,", u2550 ,m165,,
86457, u2550 ," Orson. Stop. Just stop,,,,,,,,,,,,,,,,,,,,,,,,,,,,,,,", u2557 ,m165,,
86458, u2557 ," How long have we spent casting our minds about the world when the answer to our prayers was right here under our noses -- every single day in the newspapers and on the radio -- waiting for us in that ridiculous castle! Waiting for--!,,,,,,,,,,,,,,,,,,,,,,,,,,,,,,,", u2550 ,m165,,
86459, u2550 ," Don't whisper it. Don't even think it,,,,,,,,,,,,,,,,,,,,,,,,,,,,,,,", u2557 ,m165,,
86460, u2557 ," Mank-,,,,,,,,,,,,,,,,,,,,,,,,,,,,,,,", u2550 ,m165,,
86461, u2550 ," Please don't say this.,,,,,,,,,,,,,,,,,,,,,,,,,,,,,,,", u2557 ,m165,,
86462, u2557 ," Yes.,,,,,,,,,,,,,,,,,,,,,,,,,,,,,,,", u2550 ,m165,,
86463, u2550 ," Oh Christ,,,,,,,,,,,,,,,,,,,,,,,,,,,,,,,", u2557 ,m165,,
86464, u2557 ," Image the possibilities as this man controls the public perception of the nation through his--,,,,,,,,,,,,,,,,,,,,,,,,,,,,,,,", u2550 ,m165,,
86465, u2550 ," Oh Christ...,,,,,,,,,,,,,,,,,,,,,,,,,,,,,,,", u2557 ,m165,,
86466, u2557 ," Image a man that has shaped his time. A titanic figure of limitless influence. Think about empire. A man with an empire at his feet. A man, like a baron, living in a palace, a glorious palace on a hill, and controlling the permutations of everyone beneath him. Feudal."",,,,,,,,,,,,,,,,,,,,,,,,,,,,,,,", u2550 ,m165,,
86467, u2550 ," This better be good,,,,,,,,,,,,,,,,,,,,,,,,,,,,,,,", u2557 ,m165,,
86468, u2557 ," I know who we're going to get I The great American biography! A journey into the soul of the beast.,,,,,,,,,,,,,,,,,,,,,,,,,,,,,,,", u2550 ,m165,,
86469, u2550 ," Oh for Christ's sake-,,,,,,,,,,,,,,,,,,,,,,,,,,,,,,,", u2557 ,m165,,
86470, u2557 ," Listen ... I've got it! It came to me like a thief in the night! Pure inspiration! Total magnificence!,,,,,,,,,,,,,,,,,,,,,,,,,,,,,,,", u2550 ,m165,,
86471, u2550 ," Okay, boy wonder, what?"",,,,,,,,,,,,,,,,,,,,,,,,,,,,,,,", u2557 ,m165,,
86472, u2557 ," Here you are, up with the birds for once, you vampire!"",,,,,,,,,,,,,,,,,,,,,,,,,,,,,,,", u2550 ,m165,,
86473, u2550 ," Orson, please ... it's too bright"",,,,,,,,,,,,,,,,,,,,,,,,,,,,,,,", u2557 ,m165,,
86474, u2557 ," Mank! You scoundrel! What took you so long?!,,,,,,,,,,,,,,,,,,,,,,,,,,,,,,,", u2550 ,m165,,
86475, u2550 ," Yeah, it's the place God would have built, if he'd had the money."",,,,,,,,,,,,,,,,,,,,,,,,,,,,,,,", u2557 ,m165,,
86476, u2557 ," Jesus,,,,,,,,,,,,,,,,,,,,,,,,,,,,,,,", u2550 ,m165,,
86477, u2550 ," The whole joint is half the size of Rhode Island.,,,,,,,,,,,,,,,,,,,,,,,,,,,,,,,", u2557 ,m165,,
86478, u2557 ," """"In Xanadu did Kubla Khan a stately pleasure dome decree. . . """"How big is it, all told? The estate?"",,,,,,,,,,,,,,,,,,,,,,,,,,,,,,,", u2550 ,m165,,
86479, u2550 ," No, baby, those are the hands of a killer"",,,,,,,,,,,,,,,,,,,,,,,,,,,,,,,", u2557 ,m165,,
86480, u2557 ," Look at those hands. Those are the hands of an artist. A modern Caravaggio.,,,,,,,,,,,,,,,,,,,,,,,,,,,,,,,", u2557 ,m165,,
86481, u2557 ," He's nothing but a hypocrite. He preaches morality every day in his sordid little papers for everyone else in the world but he lives openly with his mistress.,,,,,,,,,,,,,,,,,,,,,,,,,,,,,,,", u2550 ,m165,,
86482, u2550 ," The old man has his own way of doing things,,,,,,,,,,,,,,,,,,,,,,,,,,,,,,,", u2557 ,m165,,
86483, u2557 ," The man doesn't allow drinking or cigars? This is monstrous.,,,,,,,,,,,,,,,,,,,,,,,,,,,,,,,", u2557 ,m165,,
86484, u2557 ," No, it's perfect! When in doubt, put on a cape! False noses and faux beards and flowing capes have been the life-blood of the actor's craft since the days of lrving and Booth.  Imagine me in a glittering suit of lights on the dusky Andalusian plains--"",,,,,,,,,,,,,,,,,,,,,,,,,,,,,,,", u2550 ,m165,,
86485, u2550 ," I don't wanna write about no spic.,,,,,,,,,,,,,,,,,,,,,,,,,,,,,,,", u2557 ,m165,,
86486, u2557 ," The great Spanish bullfighter,,,,,,,,,,,,,,,,,,,,,,,,,,,,,,,", u2550 ,m165,,
86487, u2550 ," Who the hell's Manolete?,,,,,,,,,,,,,,,,,,,,,,,,,,,,,,,", u2557 ,m165,,
86488, u2557 ," Manolete?!,,,,,,,,,,,,,,,,,,,,,,,,,,,,,,,", u2550 ,m165,,
86489, u2550 ," Kid, you just got your ass kicked on Joseph Conrad and now you're gonna go to Schaefer and tell him you wanna do the id and the superego? Stop being so goddamn smart."",,,,,,,,,,,,,,,,,,,,,,,,,,,,,,,", u2557 ,m165,,
86490, u2557 ," Sigmund Freud?,,,,,,,,,,,,,,,,,,,,,,,,,,,,,,,", u2550 ,m165,,
86491, u2550 ," Sure. Dropped her out of his Lockheed over Utah,,,,,,,,,,,,,,,,,,,,,,,,,,,,,,,", u2557 ,m165,,
86492, u2557 ," Howard Hughes killed Jean Harlow?,,,,,,,,,,,,,,,,,,,,,,,,,,,,,,,", u2550 ,m165,,
86493, u2550 ," I'm not fucking with Hughes. That shit-kicker would kill us dead, baby. Just like Jean Harlow"",,,,,,,,,,,,,,,,,,,,,,,,,,,,,,,", u2557 ,m165,,
86494, u2557 ," How about Howard Hughes? We could do Hughes,,,,,,,,,,,,,,,,,,,,,,,,,,,,,,,", u2550 ,m165,,
86495, u2550 ," Christ, we gotta go! The old man doesn't cotton to lateness."",,,,,,,,,,,,,,,,,,,,,,,,,,,,,,,", u2557 ,m165,,
86496, u2557 ," But with compassion and insight--,,,,,,,,,,,,,,,,,,,,,,,,,,,,,,,", u2550 ,m165,,
86497, u2550 ," Like a bug.,,,,,,,,,,,,,,,,,,,,,,,,,,,,,,,", u2557 ,m165,,
86498, u2557 ," We find the man and then we dissect him-,,,,,,,,,,,,,,,,,,,,,,,,,,,,,,,", u2550 ,m165,,
86499, u2550 ," Right-,,,,,,,,,,,,,,,,,,,,,,,,,,,,,,,", u2557 ,m165,,
86500, u2557 ," So, we've got to come up with our movie. Our biography."",,,,,,,,,,,,,,,,,,,,,,,,,,,,,,,", u2550 ,m165,,
86501, u2550 ," You're a laugh-riot, kid."",,,,,,,,,,,,,,,,,,,,,,,,,,,,,,,", u2557 ,m165,,
86502, u2557 ," That's better than being the oldest has-been in Hollywood history.,,,,,,,,,,,,,,,,,,,,,,,,,,,,,,,", u2550 ,m165,,
86503, u2550 ," Then you better get ready to be the youngest never- was in Hollywood history.,,,,,,,,,,,,,,,,,,,,,,,,,,,,,,,", u2557 ,m165,,
86504, u2557 ," Not for me.,,,,,,,,,,,,,,,,,,,,,,,,,,,,,,,", u2550 ,m165,,
86505, u2550 ," Butts on seats. That's what movies are about. You got one job in Hollywood -- everyone has the same job, in fact -- putting the butts on the seats. You gotta sell 'em popcorn and Pepsi- cola. It's all about popcorn and Pepsi-cola."",,,,,,,,,,,,,,,,,,,,,,,,,,,,,,,", u2557 ,m165,,
86506, u2557 ," Magic,,,,,,,,,,,,,,,,,,,,,,,,,,,,,,,", u2550 ,m165,,
86507, u2550 ," Who the hell wants to see life?! People are sick to death of life! They want make-believe, pal. Fantasy. They want Tarzan and Jane, not Tristan and Isolde."",,,,,,,,,,,,,,,,,,,,,,,,,,,,,,,", u2557 ,m165,,
86508, u2557 ," Showing life,,,,,,,,,,,,,,,,,,,,,,,,,,,,,,,", u2550 ,m165,,
86509, u2550 ," Nope.,,,,,,,,,,,,,,,,,,,,,,,,,,,,,,,", u2557 ,m165,,
86510, u2557 ," Telling stories.,,,,,,,,,,,,,,,,,,,,,,,,,,,,,,,", u2550 ,m165,,
86511, u2550 ," What are movies about?,,,,,,,,,,,,,,,,,,,,,,,,,,,,,,,", u2557 ,m165,,
86512, u2557 ," Forget it-,,,,,,,,,,,,,,,,,,,,,,,,,,,,,,,", u2550 ,m165,,
86513, u2550 ," What are movies about, Orson?"",,,,,,,,,,,,,,,,,,,,,,,,,,,,,,,", u2557 ,m165,,
86514, u2557 ," Nonsense,,,,,,,,,,,,,,,,,,,,,,,,,,,,,,,", u2550 ,m165,,
86515, u2550 ," But you keep coming up with the same elitist crap - - HEART OF DARKNESS with a million dollar budget?! - - no one wants to see that.,,,,,,,,,,,,,,,,,,,,,,,,,,,,,,,", u2557 ,m165,,
86516, u2557 ," All right! Enough! I've heard this from Schaefer and RKO. I've heard it from everyone--,,,,,,,,,,,,,,,,,,,,,,,,,,,,,,,", u2550 ,m165,,
86517, u2550 ," I don't know what you expected with Joseph- fucking-Conrad for Chrissake. I mean this is Hollywood, pal."",,,,,,,,,,,,,,,,,,,,,,,,,,,,,,,", u2550 ,m165,,
86518, u2550 ," So ain't this just the bee's knees? The high muckey-mucks dolled up all Aztec-like for the human sacrifice.,,,,,,,,,,,,,,,,,,,,,,,,,,,,,,,", u2554 ,m165,,
86519, u2554 ," Herman.,,,,,,,,,,,,,,,,,,,,,,,,,,,,,,,", u2550 ,m165,,
86520, u2550 ," Monstro! Ran into Walter Winchell outside He wants to play Herod in the picture. Hiya, George."",,,,,,,,,,,,,,,,,,,,,,,,,,,,,,,", u2554 ,m165,,
86521, u2554 ," I been talking to Swanbeck in New York and... Orson, I think they're gonna take it A long pause as Welles looks at Schaefer"",,,,,,,,,,,,,,,,,,,,,,,,,,,,,,,", u2550 ,m165,,
86522, u2550 ," Oh God.,,,,,,,,,,,,,,,,,,,,,,,,,,,,,,,", u2554 ,m165,,
86523, u2554 ," And they went to the stockholders in New York.,,,,,,,,,,,,,,,,,,,,,,,,,,,,,,,", u2554 ,m165,,
86524, u2554 ," They came to me with an offer. 800,000 for the negative and all the prints."",,,,,,,,,,,,,,,,,,,,,,,,,,,,,,,", u2550 ,m165,,
86525, u2550 ," Yeah, ain't it swell?"",,,,,,,,,,,,,,,,,,,,,,,,,,,,,,,", u2554 ,m165,,
86526, u2554 ," He truly doesn't care if he ever works again.,,,,,,,,,,,,,,,,,,,,,,,,,,,,,,,", u2555 ,m165,,
86527, u2555 ," Surely My pleasure, Miss Davies.."",,,,,,,,,,,,,,,,,,,,,,,,,,,,,,,", u2551 ,m165,,
86528, u2551 ," As I said I have some j-j-j-j-  that I might wish t-t-to sell and I wanted an estimate--,,,,,,,,,,,,,,,,,,,,,,,,,,,,,,,", u2555 ,m165,,
86529, u2555 ," Of course, of course. How can we be of service?"",,,,,,,,,,,,,,,,,,,,,,,,,,,,,,,", u2551 ,m165,,
86530, u2551 ," Thank you -- b-b-but I'd really like t-t-to--,,,,,,,,,,,,,,,,,,,,,,,,,,,,,,,", u2555 ,m165,,
86531, u2555 ," Not one of them today has what you had, Miss Davies. Not one of them."",,,,,,,,,,,,,,,,,,,,,,,,,,,,,,,", u2551 ,m165,,
86532, u2551 ," Thank you-,,,,,,,,,,,,,,,,,,,,,,,,,,,,,,,", u2555 ,m165,,
86533, u2555 ," Well, this is a great pleasure. Miss Davies! I just saw that ENCHANTMENT is playing at a the Tivoli, the revival house in Santa Monica. That was a fine picture!"",,,,,,,,,,,,,,,,,,,,,,,,,,,,,,,", u2551 ,m165,,
86534, u2551 ," Yes.,,,,,,,,,,,,,,,,,,,,,,,,,,,,,,,", u2555 ,m165,,
86535, u2555 ," Excuse me, I hope this isn't rude, but aren't you Marion Davies?"",,,,,,,,,,,,,,,,,,,,,,,,,,,,,,,", u2551 ,m165,,
86536, u2551 ," I, um, need an estimate on some jewelry I might wish to sell. But d-d-discretion is very important to me b-b-because I don't want anyone t-t-to, um, know that--"",,,,,,,,,,,,,,,,,,,,,,,,,,,,,,,", u2555 ,m165,,
86537, u2555 ," May I help you?,,,,,,,,,,,,,,,,,,,,,,,,,,,,,,,", u2554 ,m165,,
86538, u2554 ," Get out.,,,,,,,,,,,,,,,,,,,,,,,,,,,,,,,", u2552 ,m165,,
86539, u2552 ," You're bettin' on an inside straight this time. You'll never pull it off.,,,,,,,,,,,,,,,,,,,,,,,,,,,,,,,", u2554 ,m165,,
86540, u2554 ," Get out,,,,,,,,,,,,,,,,,,,,,,,,,,,,,,,", u2552 ,m165,,
86541, u2552 ," Yes,,,,,,,,,,,,,,,,,,,,,,,,,,,,,,,", u2554 ,m165,,
86542, u2554 ," You talked to Mr. Swanbeck?,,,,,,,,,,,,,,,,,,,,,,,,,,,,,,,", u2552 ,m165,,
86543, u2552 ," Yes,,,,,,,,,,,,,,,,,,,,,,,,,,,,,,,", u2554 ,m165,,
86544, u2554 ," You talked to New York?,,,,,,,,,,,,,,,,,,,,,,,,,,,,,,,", u2552 ,m165,,
86545, u2552 ," We already made the same offer to the stockholders.,,,,,,,,,,,,,,,,,,,,,,,,,,,,,,,", u2554 ,m165,,
86546, u2554 ," You're lying to me.,,,,,,,,,,,,,,,,,,,,,,,,,,,,,,,", u2552 ,m165,,
86547, u2552 ," No, maybe put it on the shelf until the old man kicks it."",,,,,,,,,,,,,,,,,,,,,,,,,,,,,,,", u2554 ,m165,,
86548, u2554 ," You're going to destroy it,,,,,,,,,,,,,,,,,,,,,,,,,,,,,,,", u2552 ,m165,,
86549, u2552 ," That's for me to decide.,,,,,,,,,,,,,,,,,,,,,,,,,,,,,,,", u2554 ,m165,,
86550, u2554 ," To do what?,,,,,,,,,,,,,,,,,,,,,,,,,,,,,,,", u2552 ,m165,,
86551, u2552 ," And we gotta be clear here. I need the negative and every existing print.,,,,,,,,,,,,,,,,,,,,,,,,,,,,,,,", u2554 ,m165,,
86552, u2554 ," Very generous,,,,,,,,,,,,,,,,,,,,,,,,,,,,,,,", u2552 ,m165,,
86553, u2552 ," 800,000 dollars fully covers the production budget and a little more. Hell, George, you even make a profit on the deal."",,,,,,,,,,,,,,,,,,,,,,,,,,,,,,,", u2552 ,m165,,
86554, u2552 ," It came.,,,,,,,,,,,,,,,,,,,,,,,,,,,,,,,", u2557 ,m165,,
86555, u2557 ," Again,,,,,,,,,,,,,,,,,,,,,,,,,,,,,,,", u2553 ,m165,,
86556, u2553 ," """"Rosebud? I'll tell you about Rosebud"",,,,,,,,,,,,,,,,,,,,,,,,,,,,,,,", u2557 ,m165,,
86557, u2557 ," Again,,,,,,,,,,,,,,,,,,,,,,,,,,,,,,,", u2553 ,m165,,
86558, u2553 ," """"Rosebud? I'll tell you about Rosebud."""""",,,,,,,,,,,,,,,,,,,,,,,,,,,,,,,", u2557 ,m165,,
86559, u2557 ," Again,,,,,,,,,,,,,,,,,,,,,,,,,,,,,,,", u2553 ,m165,,
86560, u2553 ," """"Rosebud? I'll tell you about Rosebud."",,,,,,,,,,,,,,,,,,,,,,,,,,,,,,,", u2557 ,m165,,
86561, u2557 ," Again.,,,,,,,,,,,,,,,,,,,,,,,,,,,,,,,", u2553 ,m165,,
86562, u2553 ," """"Rosebud? I'll tell you about Rosebud."",,,,,,,,,,,,,,,,,,,,,,,,,,,,,,,", u2557 ,m165,,
86563, u2557 ," Again.,,,,,,,,,,,,,,,,,,,,,,,,,,,,,,,", u2553 ,m165,,
86564, u2553 ," """"Rosebud? I'll tell you about Rosebud."",,,,,,,,,,,,,,,,,,,,,,,,,,,,,,,", u2554 ,m165,,
86565, u2554 ," Without me. I'm afraid. I got the axe this morning.,,,,,,,,,,,,,,,,,,,,,,,,,,,,,,,", u2557 ,m165,,
86566, u2557 ," So, on to the Life Of Christ!"",,,,,,,,,,,,,,,,,,,,,,,,,,,,,,,", u2554 ,m165,,
86567, u2554 ," It was the best, kid"",,,,,,,,,,,,,,,,,,,,,,,,,,,,,,,", u2557 ,m165,,
86568, u2557 ," It was fun, wasn't it?"",,,,,,,,,,,,,,,,,,,,,,,,,,,,,,,", u2554 ,m165,,
86569, u2554 ," You know something, Orson, you haven't done anything but lie to me from the moment we met. But, ya know, I'd do it again in a second."",,,,,,,,,,,,,,,,,,,,,,,,,,,,,,,", u2557 ,m165,,
86570, u2557 ," Relax, George. It's gonna go great. Trust me. Have I ever lied to you?"",,,,,,,,,,,,,,,,,,,,,,,,,,,,,,,", u2554 ,m165,,
86571, u2554 ," Oh God. . .,,,,,,,,,,,,,,,,,,,,,,,,,,,,,,,", u2554 ,m165,,
86572, u2554 ," Happy birthday.,,,,,,,,,,,,,,,,,,,,,,,,,,,,,,,", u2557 ,m165,,
86573, u2557 ," It's my birthday this week. I'll be 26.,,,,,,,,,,,,,,,,,,,,,,,,,,,,,,,", u2557 ,m165,,
86574, u2557 ," I don't want to sit,,,,,,,,,,,,,,,,,,,,,,,,,,,,,,,", u2554 ,m165,,
86575, u2554 ," I think you better sit down,,,,,,,,,,,,,,,,,,,,,,,,,,,,,,,", u2554 ,m165,,
86576, u2554 ," The Palace in New York. But Orson there's something else.,,,,,,,,,,,,,,,,,,,,,,,,,,,,,,,", u2557 ,m165,,
86577, u2557 ," I told you! Where? Grauman's? El Capitan? Or did Radio City come crawling back?,,,,,,,,,,,,,,,,,,,,,,,,,,,,,,,", u2554 ,m165,,
86578, u2554 ," Hold on a sec. I got news. We finally found somewhere to premiere KANE but--,,,,,,,,,,,,,,,,,,,,,,,,,,,,,,,", u2557 ,m165,,
86579, u2557 ," Look, not a single scene shot in the studio! We've found natural locations for the whole story--"",,,,,,,,,,,,,,,,,,,,,,,,,,,,,,,", u2554 ,m165,,
86580, u2554 ," No, we're jake. But listen-"",,,,,,,,,,,,,,,,,,,,,,,,,,,,,,,", u2557 ,m165,,
86581, u2557 ," You're not still mad at me, I hope"",,,,,,,,,,,,,,,,,,,,,,,,,,,,,,,", u2557 ,m165,,
86582, u2557 ," It was a -joke, George"",,,,,,,,,,,,,,,,,,,,,,,,,,,,,,,", u2554 ,m165,,
86583, u2554 ," You wanna commit suicide, fine! You got some death- wish, fine! But you will not drag this company down with you!"",,,,,,,,,,,,,,,,,,,,,,,,,,,,,,,", u2557 ,m165,,
86584, u2557 ," I really think you're,,,,,,,,,,,,,,,,,,,,,,,,,,,,,,,", u2554 ,m165,,
86585, u2554 ," This isn' t some kinda fucking game! You know how many people RKO employs?! You know how many people depend on what we do for a living?!,,,,,,,,,,,,,,,,,,,,,,,,,,,,,,,", u2554 ,m165,,
86586, u2554 ," Who the fuck are you trying to kid? You are that soulless monster.,,,,,,,,,,,,,,,,,,,,,,,,,,,,,,,", u2557 ,m165,,
86587, u2557 ," That soulless monster gets no tears from me.,,,,,,,,,,,,,,,,,,,,,,,,,,,,,,,", u2554 ,m165,,
86588, u2554 ," Do you every think for one second that you might have some responsibility for what you're doing?! For cutting and slashing everything in your way so you can have your goddamn movie?!,,,,,,,,,,,,,,,,,,,,,,,,,,,,,,,", u2554 ,m165,,
86589, u2554 ," """"Your movie"""" -- I am so sick of that! It's your movie -- but it's his life! Did you ever think about that?! Did you ever think about that old man and Marion having to watch as you tore them apart?!"",,,,,,,,,,,,,,,,,,,,,,,,,,,,,,,", u2557 ,m165,,
86590, u2557 ," It's just that my movie is so-,,,,,,,,,,,,,,,,,,,,,,,,,,,,,,,", u2554 ,m165,,
86591, u2554 ," How dare you talk to me like that! Do you think I'm like all the rest of those pirates?! Like Mayer and Warner? Is that what you think--?!,,,,,,,,,,,,,,,,,,,,,,,,,,,,,,,", u2557 ,m165,,
86592, u2557 ," Why don't you just have the guts to admit it,,,,,,,,,,,,,,,,,,,,,,,,,,,,,,,", u2554 ,m165,,
86593, u2554 ," For Christ's sake, shut up--"",,,,,,,,,,,,,,,,,,,,,,,,,,,,,,,", u2557 ,m165,,
86594, u2557 ," You're with them, aren't you? You're going to bury my movie. They bought you!"",,,,,,,,,,,,,,,,,,,,,,,,,,,,,,,", u2554 ,m165,,
86595, u2554 ," Well it' s all you've got !,,,,,,,,,,,,,,,,,,,,,,,,,,,,,,,", u2557 ,m165,,
86596, u2557 ," """"Do what you can""""?! That's not good enough I"",,,,,,,,,,,,,,,,,,,,,,,,,,,,,,,", u2554 ,m165,,
86597, u2554 ," Listen to me. The press ban is killing us and the distributors won't book it. And meantime I'm dealing with the stockholders in New York who are scared shitless -- and I'm this far from getting fired myself -- and you don't have a friend in the world but me right now. So you have got to trust that I'll do what I can to--,,,,,,,,,,,,,,,,,,,,,,,,,,,,,,,", u2557 ,m165,,
86598, u2557 ," Then we'll open it in Detroit or Dallas or Kalamazoo for God's sake! We'll show it in goddamn circus tents and--!,,,,,,,,,,,,,,,,,,,,,,,,,,,,,,,", u2554 ,m165,,
86599, u2554 ," You don't think I've tried? No one is willing to open the picture,,,,,,,,,,,,,,,,,,,,,,,,,,,,,,,", u2557 ,m165,,
86600, u2557 ," Then find another theater,,,,,,,,,,,,,,,,,,,,,,,,,,,,,,,", u2554 ,m165,,
86601, u2554 ," What do you want me to do, Orson? Radio City won't premiere the picture. Louella threatened them with some bullshit about"",,,,,,,,,,,,,,,,,,,,,,,,,,,,,,,", u2557 ,m165,,
86602, u2557 ," The ad..,,,,,,,,,,,,,,,,,,,,,,,,,,,,,,,", u2554 ,m165,,
86603, u2554 ," And this is the evening edition. Notice anything?,,,,,,,,,,,,,,,,,,,,,,,,,,,,,,,", u2554 ,m165,,
86604, u2554 ," When Hedda says """"I'm coming"""" you mix a lot of martinis and you pray."",,,,,,,,,,,,,,,,,,,,,,,,,,,,,,,", u2557 ,m165,,
86605, u2557 ," The magazines are one thing -- but Hedda! Why did we have to let her come?!,,,,,,,,,,,,,,,,,,,,,,,,,,,,,,,", u2554 ,m165,,
86606, u2554 ," They've all seen a rough cut,,,,,,,,,,,,,,,,,,,,,,,,,,,,,,,", u2557 ,m165,,
86607, u2557 ," This is an abomination There's no music and--,,,,,,,,,,,,,,,,,,,,,,,,,,,,,,,", u2557 ,m165,,
86608, u2557 ," Ah, it's a grand title."",,,,,,,,,,,,,,,,,,,,,,,,,,,,,,,", u2554 ,m165,,
86609, u2554 ," For the title,,,,,,,,,,,,,,,,,,,,,,,,,,,,,,,", u2554 ,m165,,
86610, u2554 ," It's the safe bet, Orson. There's nothing wrong with that."",,,,,,,,,,,,,,,,,,,,,,,,,,,,,,,", u2557 ,m165,,
86611, u2557 ," Please don't ask me to do this.,,,,,,,,,,,,,,,,,,,,,,,,,,,,,,,", u2554 ,m165,,
86612, u2554 ," Do WAR OF THE WORLDS as a feature and everyone's happy. You make some money and New York's happy and you have a track record and then we'll move on to KANE.,,,,,,,,,,,,,,,,,,,,,,,,,,,,,,,", u2557 ,m165,,
86613, u2557 ," Jesus,,,,,,,,,,,,,,,,,,,,,,,,,,,,,,,", u2554 ,m165,,
86614, u2554 ," Now don't have a fit -- but I want you to think again about doing WAR OF THE WORLDS-,,,,,,,,,,,,,,,,,,,,,,,,,,,,,,,", u2554 ,m165,,
86615, u2554 ," Listen, get off your horse with me. You know I've stuck by you since the beginning of time it seems like, while the stockholders in New York were ready to cut and run and everyone else in Hollywood was set to toss me in a rubber room. But your contract stipulates a max budget of 500 thousand. This one's gonna come in at 750 thousand. What do we do about that?"",,,,,,,,,,,,,,,,,,,,,,,,,,,,,,,", u2557 ,m165,,
86616, u2557 ," I know, I know! But what more can you expect of me?! I have pared this story down to the marrow to save money but to cut more would be to--!"",,,,,,,,,,,,,,,,,,,,,,,,,,,,,,,", u2554 ,m165,,
86617, u2554 ," Now look, Orson, let's not get ahead of ourselves. The budget projections on this--"",,,,,,,,,,,,,,,,,,,,,,,,,,,,,,,", u2557 ,m165,,
86618, u2557 ," A """"Z"""" and a """"K"""" in the title. That would draw the eye. For the poster. I like that THE PRISONER OF ZENDA had a """"Z"""" and a """"P"""" and that worked--"",,,,,,,,,,,,,,,,,,,,,,,,,,,,,,,", u2554 ,m165,,
86619, u2554 ," CITIZEN KANE There's your title.,,,,,,,,,,,,,,,,,,,,,,,,,,,,,,,", u2557 ,m165,,
86620, u2557 ," Pardon?,,,,,,,,,,,,,,,,,,,,,,,,,,,,,,,", u2554 ,m165,,
86621, u2554 ," CITIZEN KANE,,,,,,,,,,,,,,,,,,,,,,,,,,,,,,,", u2557 ,m165,,
86622, u2557 ," It's an awful title, of course, but I can't think of anything better. Someone came up with A SEA OF UPTURNED FACES -- which has a nice, grand ring to it -- and I thought of JOHN CITIZEN, USA but that strikes me as a bit Warner Brothers. Or, God forbid, Capraesque. I suppose AMERICAN will do for now but--"",,,,,,,,,,,,,,,,,,,,,,,,,,,,,,,", u2557 ,m165,,
86623, u2557 ," Yes! Vibrant and modern and stark like a Picasso sketch drawn to flashes of lightning I We shoot the whole thing in the gallant American West--,,,,,,,,,,,,,,,,,,,,,,,,,,,,,,,", u2556 ,m165,,
86624, u2556 ," You want to do the life of Jesus?,,,,,,,,,,,,,,,,,,,,,,,,,,,,,,,", u2557 ,m165,,
86625, u2557 ," I'm Christ,,,,,,,,,,,,,,,,,,,,,,,,,,,,,,,", u2556 ,m165,,
86626, u2556 ," He's Christ?,,,,,,,,,,,,,,,,,,,,,,,,,,,,,,,", u2557 ,m165,,
86627, u2557 ," Yes!,,,,,,,,,,,,,,,,,,,,,,,,,,,,,,,", u2556 ,m165,,
86628, u2556 ," Oh, no--"",,,,,,,,,,,,,,,,,,,,,,,,,,,,,,,", u2557 ,m165,,
86629, u2557 ," Yeah.,,,,,,,,,,,,,,,,,,,,,,,,,,,,,,,", u2556 ,m165,,
86630, u2556 ," We done?,,,,,,,,,,,,,,,,,,,,,,,,,,,,,,,", u2557 ,m165,,
86631, u2557 ," How 'bout a real drink?,,,,,,,,,,,,,,,,,,,,,,,,,,,,,,,", u2556 ,m165,,
86632, u2556 ," Orson -- we can't get the fucking camera any fucking lower so find another fucking shot!,,,,,,,,,,,,,,,,,,,,,,,,,,,,,,,", u2557 ,m165,,
86633, u2557 ," Take apart the fucking camera rig -- we could get a few more inches down and then tilt up--,,,,,,,,,,,,,,,,,,,,,,,,,,,,,,,", u2556 ,m165,,
86634, u2556 ," I know what you want but it can't be done!,,,,,,,,,,,,,,,,,,,,,,,,,,,,,,,", u2557 ,m165,,
86635, u2557 ," I need my shoes in total focus right here and also Joe back there--!,,,,,,,,,,,,,,,,,,,,,,,,,,,,,,,", u2556 ,m165,,
86636, u2556 ," Spare me the aria, I know what you want--"",,,,,,,,,,,,,,,,,,,,,,,,,,,,,,,", u2557 ,m165,,
86637, u2557 ," It's just not low enough. This is the scene. We have to look up at these two man as pillars soaring to the sky. As towering virtues in combat--,,,,,,,,,,,,,,,,,,,,,,,,,,,,,,,", u2557 ,m165,,
86638, u2557 ," Five...? Yes. No. We're done today,,,,,,,,,,,,,,,,,,,,,,,,,,,,,,,", u2556 ,m165,,
86639, u2556 ," Orson, you wanna take five?"",,,,,,,,,,,,,,,,,,,,,,,,,,,,,,,", u2557 ,m165,,
