,User_id,text,sec_user,movies_name,relationship,attachment
86640, u2563 ," For what?,,,,,,,,,,,,,,,,,,,,,,,,,,,,,,,", u2558 ,m166,,
86641, u2558 ," I don't run the joint. They just told me to bring you in.,,,,,,,,,,,,,,,,,,,,,,,,,,,,,,,", u2563 ,m166,,
86642, u2563 ," About what?,,,,,,,,,,,,,,,,,,,,,,,,,,,,,,,", u2558 ,m166,,
86643, u2558 ," They wanna talk to you.,,,,,,,,,,,,,,,,,,,,,,,,,,,,,,,", u2563 ,m166,,
86644, u2563 ," I know where you're from. You guys look the same every place.,,,,,,,,,,,,,,,,,,,,,,,,,,,,,,,", u2558 ,m166,,
86645, u2558 ," We're from...,,,,,,,,,,,,,,,,,,,,,,,,,,,,,,,", u2563 ,m166,,
86646, u2563 ," Huh? Whadda ya mean, get up?"",,,,,,,,,,,,,,,,,,,,,,,,,,,,,,,", u2558 ,m166,,
86647, u2558 ," Let's go, Jake, wake up!"",,,,,,,,,,,,,,,,,,,,,,,,,,,,,,,", u2559 ,m166,,
86648, u2559 ," Ok, champ."",,,,,,,,,,,,,,,,,,,,,,,,,,,,,,,", u2563 ,m166,,
86649, u2563 ," No, we're all right. Thanks anyway, Tommy."",,,,,,,,,,,,,,,,,,,,,,,,,,,,,,,", u2559 ,m166,,
86650, u2559 ," Just come by to wish you luck.  Need anything?,,,,,,,,,,,,,,,,,,,,,,,,,,,,,,,", u2563 ,m166,,
86651, u2563 ," I'm Ok.,,,,,,,,,,,,,,,,,,,,,,,,,,,,,,,", u2559 ,m166,,
86652, u2559 ," You just take it easy, now. You'll do all right. Feelin' Ok?"",,,,,,,,,,,,,,,,,,,,,,,,,,,,,,,", u2563 ,m166,,
86653, u2563 ," Tommy, thanks for coming over."",,,,,,,,,,,,,,,,,,,,,,,,,,,,,,,", u2559 ,m166,,
86654, u2559 ," Hey champ!,,,,,,,,,,,,,,,,,,,,,,,,,,,,,,,", u2559 ,m166,,
86655, u2559 ," Make it on his own? Does he know the kind of money involved? I mean the real money. He thinks he's gonna become champ on his own? We're gonna sit by and see some nut come in there and hold one of the most important titles in the world? A nut who don't listen to nobody or respect nobody? Is he really crazy? Listen, Joey, you understand, you tell him. I don't care how great he is or how colorful. He could beat all the Sugar Ray Robinsons and all the Janiros he wants to. He ain't gonna get a shot at the title without us. I'm not askin' you to do another thing except get that message into that thick head!"",,,,,,,,,,,,,,,,,,,,,,,,,,,,,,,", u2564 ,m166,,
86656, u2564 ," Tommy, Jake respects you. He won't even say hello to anybody else -- you know that. But you know when Jake gets set on somethin', Jesus Christ Almighty could get off the fuckin' cross and he ain't gonna talk him out of it. I'm his kid brother. I got no say with Jake on this. He thinks he can buck everybody and make it on his own."",,,,,,,,,,,,,,,,,,,,,,,,,,,,,,,", u2559 ,m166,,
86657, u2559 ," He's an embarrassment because Frankie and the other guys are expectin' me to do something about it, and I'm lookin' very bad. I can't deliver a kid from my own neighborhood. Why's he make it so hard on himself? He comes to me, I can make it easier for him."",,,,,,,,,,,,,,,,,,,,,,,,,,,,,,,", u2564 ,m166,,
86658, u2564 ," How can he embarrass you?,,,,,,,,,,,,,,,,,,,,,,,,,,,,,,,", u2559 ,m166,,
86659, u2559 ," Look Joey, I wanna tell you something. Your brother ain't gonna get nowhere without us -- nowhere. And I'm tellin' you between the two of us, it's gettin' to the point where it's gettin' to be a real embarrassment to me, a real embarrassment."",,,,,,,,,,,,,,,,,,,,,,,,,,,,,,,", u2564 ,m166,,
86660, u2564 ," Aw, Tommy, c'mon, it ain't that."",,,,,,,,,,,,,,,,,,,,,,,,,,,,,,,", u2559 ,m166,,
86661, u2559 ," What is it with you? Can't you talk? You got like a funny attitude. I can't figure you out, Joey. What's with you and the quick answers? You wanna get outa here fast?"",,,,,,,,,,,,,,,,,,,,,,,,,,,,,,,", u2564 ,m166,,
86662, u2564 ," Yeah, they're good. They're good, Tommy."",,,,,,,,,,,,,,,,,,,,,,,,,,,,,,,", u2559 ,m166,,
86663, u2559 ," Aside from everything else, your family all right?"",,,,,,,,,,,,,,,,,,,,,,,,,,,,,,,", u2559 ,m166,,
86664, u2559 ," All right, you guys, shake hands."",,,,,,,,,,,,,,,,,,,,,,,,,,,,,,,", u2564 ,m166,,
86665, u2564 ," Yeah, I understand, Tommy."",,,,,,,,,,,,,,,,,,,,,,,,,,,,,,,", u2559 ,m166,,
86666, u2559 ," All right. I don't have to hear any more. I think I understand what happened. I understand it was your brother's wife and there was probably a misunderstanding. I'm not sayin' Salvy shouldn't have acted the way he did. But, Joey, you don't raise your hands. You don't do that kind of thing. This time we forget about it but no more after this. You understand?"",,,,,,,,,,,,,,,,,,,,,,,,,,,,,,,", u2563 ,m166,,
86667, u2563 ," You got any money you want to bet on Billy Fox, you can put it right here...  'cause Jake LaMotta don't go down for nobody."",,,,,,,,,,,,,,,,,,,,,,,,,,,,,,,", u2560 ,m166,,
86668, u2560 ," What?,,,,,,,,,,,,,,,,,,,,,,,,,,,,,,,", u2563 ,m166,,
86669, u2563 ," I'm gonna kill him. That fuckin' jig's gonna wish he never came outa the jungle. You got any money?,,,,,,,,,,,,,,,,,,,,,,,,,,,,,,,", u2560 ,m166,,
86670, u2560 ," I want to believe you, LaMotta."",,,,,,,,,,,,,,,,,,,,,,,,,,,,,,,", u2563 ,m166,,
86671, u2563 ," Believe what you want.,,,,,,,,,,,,,,,,,,,,,,,,,,,,,,,", u2560 ,m166,,
86672, u2560 ," Now the fight's off the books altogether. Meyer Lansky couldn't get a bet down on this fight. Some people are saying you're going into the tank.,,,,,,,,,,,,,,,,,,,,,,,,,,,,,,,", u2563 ,m166,,
86673, u2563 ," I don't follow no gamblin' Commissioner. I'm just a fighter.,,,,,,,,,,,,,,,,,,,,,,,,,,,,,,,", u2560 ,m166,,
86674, u2560 ," You were a big favorite in this fight. Then two days ago the odds start jumping all over the place until you're a 12-5 underdog.,,,,,,,,,,,,,,,,,,,,,,,,,,,,,,,", u2563 ,m166,,
86675, u2563 ," What who's been sayin'?,,,,,,,,,,,,,,,,,,,,,,,,,,,,,,,", u2560 ,m166,,
86676, u2560 ," I'd like to talk to Jake a minute.,,,,,,,,,,,,,,,,,,,,,,,,,,,,,,,", u2563 ,m166,,
86677, u2563 ," What's up, Colonel?"",,,,,,,,,,,,,,,,,,,,,,,,,,,,,,,", u2561 ,m166,,
86678, u2561 ," None of your fuckin' business.,,,,,,,,,,,,,,,,,,,,,,,,,,,,,,,", u2563 ,m166,,
86679, u2563 ," And where you goin'?,,,,,,,,,,,,,,,,,,,,,,,,,,,,,,,", u2561 ,m166,,
86680, u2561 ," You fuckin' worm, if you're going out, I'm going out."",,,,,,,,,,,,,,,,,,,,,,,,,,,,,,,", u2563 ,m166,,
86681, u2563 ," What're you, a cop? I'm goin' out -- business."",,,,,,,,,,,,,,,,,,,,,,,,,,,,,,,", u2561 ,m166,,
86682, u2561 ," Where you going at this hour?,,,,,,,,,,,,,,,,,,,,,,,,,,,,,,,", u2563 ,m166,,
86683, u2563 ," No, I can't wait. You know when I wait? When it's important to wait. It's not important to wait for no steak. It's important to wait for Reeves to leave the ring. It ain't important to wait for no steak! I won that fight. So, I stayed in the ring, and that way I made sure everybody knew it. I shoulda knocked him out earlier, sonofabitch."",,,,,,,,,,,,,,,,,,,,,,,,,,,,,,,", u2561 ,m166,,
86684, u2561 ," Here's your carrots. You're in such a hurry. You can't wait.,,,,,,,,,,,,,,,,,,,,,,,,,,,,,,,", u2561 ,m166,,
86685, u2561 ," Here's your steak. You can't wait for it to be done. Here.,,,,,,,,,,,,,,,,,,,,,,,,,,,,,,,", u2563 ,m166,,
86686, u2563 ," It looks done. I'll take it the way it is.,,,,,,,,,,,,,,,,,,,,,,,,,,,,,,,", u2561 ,m166,,
86687, u2561 ," It's not done.,,,,,,,,,,,,,,,,,,,,,,,,,,,,,,,", u2563 ,m166,,
86688, u2563 ," This looks done.,,,,,,,,,,,,,,,,,,,,,,,,,,,,,,,", u2563 ,m166,,
86689, u2563 ," Do you think I'd let her in a place like this with guys like you hangin' around?,,,,,,,,,,,,,,,,,,,,,,,,,,,,,,,", u2562 ,m166,,
86690, u2562 ," Where's your wife, Jake?"",,,,,,,,,,,,,,,,,,,,,,,,,,,,,,,", u2563 ,m166,,
86691, u2563 ," Yeah, I really cleaned up on him."",,,,,,,,,,,,,,,,,,,,,,,,,,,,,,,", u2562 ,m166,,
86692, u2562 ," I saw you fight Bob Satterfield in '46, Jake. In Chicago. You were great."",,,,,,,,,,,,,,,,,,,,,,,,,,,,,,,", u2563 ,m166,,
86693, u2563 ," You're a good sport, lady."",,,,,,,,,,,,,,,,,,,,,,,,,,,,,,,", u2562 ,m166,,
86694, u2562 ," You were great, Jake. Just like old times. Good thing Sugar Ray wasn't here tonight. Oh Jake, this is State's Attorney Bronson and his wife."",,,,,,,,,,,,,,,,,,,,,,,,,,,,,,,", u2563 ,m166,,
86695, u2563 ," J.R., glad you could make it."",,,,,,,,,,,,,,,,,,,,,,,,,,,,,,,", u2564 ,m166,,
86696, u2564 ," Stop it. What're you, crazy?"",,,,,,,,,,,,,,,,,,,,,,,,,,,,,,,", u2563 ,m166,,
86697, u2563 ," Was Vickie part of the deal with Tommy? Was my wife part of the deal? Tell me, was that it?"",,,,,,,,,,,,,,,,,,,,,,,,,,,,,,,", u2564 ,m166,,
86698, u2564 ," I gotta go. I gotta get outta here. I can't take this shit. Lenore is waitin' for me. I gotta go. You're a definite wacko. You're fuckin' crazy, you know that, crazy."",,,,,,,,,,,,,,,,,,,,,,,,,,,,,,,", u2563 ,m166,,
86699, u2563 ," You're very smart, Joey, very smart. Nobody gives me a straight answer around here. You're givin' me these answers, but you still didn't answer my question. Did you fuck Vickie?"",,,,,,,,,,,,,,,,,,,,,,,,,,,,,,,", u2564 ,m166,,
86700, u2564 ," Whatsa matter with you?,,,,,,,,,,,,,,,,,,,,,,,,,,,,,,,", u2563 ,m166,,
86701, u2563 ," Did you ever fuck my wife?,,,,,,,,,,,,,,,,,,,,,,,,,,,,,,,", u2564 ,m166,,
86702, u2564 ," Whadda ya mean?,,,,,,,,,,,,,,,,,,,,,,,,,,,,,,,", u2563 ,m166,,
86703, u2563 ," I don't mean now. I mean before -- before we met.,,,,,,,,,,,,,,,,,,,,,,,,,,,,,,,", u2564 ,m166,,
86704, u2564 ," What?,,,,,,,,,,,,,,,,,,,,,,,,,,,,,,,", u2563 ,m166,,
86705, u2563 ," Did you ever fuck my wife?,,,,,,,,,,,,,,,,,,,,,,,,,,,,,,,", u2564 ,m166,,
86706, u2564 ," You're worried about this girl, you're gonna let this girl ruin you're life for you... You wanna worry, worry about your fuckin' stomach that you can't bend over -- that you gotta step in the ring in a month."",,,,,,,,,,,,,,,,,,,,,,,,,,,,,,,", u2563 ,m166,,
86707, u2563 ," Eh, Joey, even you don't know what you meant. You mentioned Salvy, Tommy Como, you -- that means somethin'. Why'd you say them? You coulda said anybody."",,,,,,,,,,,,,,,,,,,,,,,,,,,,,,,", u2564 ,m166,,
86708, u2564 ," So what?,,,,,,,,,,,,,,,,,,,,,,,,,,,,,,,", u2563 ,m166,,
86709, u2563 ," But you said """"you."""""",,,,,,,,,,,,,,,,,,,,,,,,,,,,,,,", u2564 ,m166,,
86710, u2564 ," I meant, kill everybody. You or me or anybody. You're a big shot. Kill, kill... g'head."",,,,,,,,,,,,,,,,,,,,,,,,,,,,,,,", u2563 ,m166,,
86711, u2563 ," What do you mean, """"you""""?"",,,,,,,,,,,,,,,,,,,,,,,,,,,,,,,", u2564 ,m166,,
86712, u2564 ," What?,,,,,,,,,,,,,,,,,,,,,,,,,,,,,,,", u2563 ,m166,,
86713, u2563 ," What do you mean, """"you""""?"",,,,,,,,,,,,,,,,,,,,,,,,,,,,,,,", u2564 ,m166,,
86714, u2564 ," So, go ahead. Kill everybody. Kill Salvy, kill Vickie, kill Tommy Como, kill me while you're at it. What do I care? You're killing yourself the way you're eating, the way you worry about things you don't have to worry about."",,,,,,,,,,,,,,,,,,,,,,,,,,,,,,,", u2563 ,m166,,
86715, u2563 ," You givin' me that look. I gotta accept your word, but if I find out anythin', I'm gonna kill somebody..."",,,,,,,,,,,,,,,,,,,,,,,,,,,,,,,", u2564 ,m166,,
86716, u2564 ," Well, you're wrong Jack. I'm tellin"""" you what happened. He got outta line, we had a fight, and it's straightened out now."",,,,,,,,,,,,,,,,,,,,,,,,,,,,,,,", u2563 ,m166,,
86717, u2563 ," When it comes to her, I don't trust nobody. I'm askin' you somethin'."",,,,,,,,,,,,,,,,,,,,,,,,,,,,,,,", u2564 ,m166,,
86718, u2564 ," What bullshit? Hey, I'm your brother. You wanna believe me -- you trust me?"",,,,,,,,,,,,,,,,,,,,,,,,,,,,,,,", u2563 ,m166,,
86719, u2563 ," Don't bullshit me, Joey. You ain't tellin' me the truth."",,,,,,,,,,,,,,,,,,,,,,,,,,,,,,,", u2564 ,m166,,
86720, u2564 ," Some things changed between us. Now, he thinks who the fuck he is. He's been passing certain remarks that I don't like."",,,,,,,,,,,,,,,,,,,,,,,,,,,,,,,", u2563 ,m166,,
86721, u2563 ," Then why did you give him a beatin' if he didn't do anything? You and him been friends a long time.,,,,,,,,,,,,,,,,,,,,,,,,,,,,,,,", u2564 ,m166,,
86722, u2564 ," I did keep an eye...,,,,,,,,,,,,,,,,,,,,,,,,,,,,,,,", u2563 ,m166,,
86723, u2563 ," You're supposed to keep an eye on her for me. I'm askin'...,,,,,,,,,,,,,,,,,,,,,,,,,,,,,,,", u2564 ,m166,,
86724, u2564 ," What?,,,,,,,,,,,,,,,,,,,,,,,,,,,,,,,", u2563 ,m166,,
86725, u2563 ," Did Salvy fuck Vickie?,,,,,,,,,,,,,,,,,,,,,,,,,,,,,,,", u2564 ,m166,,
86726, u2564 ," Whatever you touched, that's good now."",,,,,,,,,,,,,,,,,,,,,,,,,,,,,,,", u2563 ,m166,,
86727, u2563 ," Well, I heard some things."",,,,,,,,,,,,,,,,,,,,,,,,,,,,,,,", u2564 ,m166,,
86728, u2564 ," Jack, no. I just explained the whole thing to you. It was just between me and Salvy, if it had anything to do with you and Vickie, I woulda told you about it."",,,,,,,,,,,,,,,,,,,,,,,,,,,,,,,", u2563 ,m166,,
86729, u2563 ," Who did it have anything to do with... Vickie?,,,,,,,,,,,,,,,,,,,,,,,,,,,,,,,", u2564 ,m166,,
86730, u2564 ," No, I just told you what happened."",,,,,,,,,,,,,,,,,,,,,,,,,,,,,,,", u2563 ,m166,,
86731, u2563 ," Didn't it have nothin' to do with me?,,,,,,,,,,,,,,,,,,,,,,,,,,,,,,,", u2564 ,m166,,
86732, u2564 ," It didn't have nothin' to do with you.,,,,,,,,,,,,,,,,,,,,,,,,,,,,,,,", u2563 ,m166,,
86733, u2563 ," Why didn't you tell me about it?,,,,,,,,,,,,,,,,,,,,,,,,,,,,,,,", u2564 ,m166,,
86734, u2564 ," Nothin'. Salvy was out of line. He was drunk or somethin', I dunno. Anyway, the windup was I gave him a beatin'. Tommy called me down, and we straightened it out. It's all forgotten about."",,,,,,,,,,,,,,,,,,,,,,,,,,,,,,,", u2563 ,m166,,
86735, u2563 ," You know, when you gave him a beatin'."",,,,,,,,,,,,,,,,,,,,,,,,,,,,,,,", u2564 ,m166,,
86736, u2564 ," When?,,,,,,,,,,,,,,,,,,,,,,,,,,,,,,,", u2563 ,m166,,
86737, u2563 ," Answer me somethin'. What happened at the Copa with Salvy when I was out of town?,,,,,,,,,,,,,,,,,,,,,,,,,,,,,,,", u2564 ,m166,,
86738, u2564 ," I can't tell. You're stomach's in the way.,,,,,,,,,,,,,,,,,,,,,,,,,,,,,,,", u2563 ,m166,,
86739, u2563 ," How's that?,,,,,,,,,,,,,,,,,,,,,,,,,,,,,,,", u2563 ,m166,,
86740, u2563 ," Well, that's what I mean."",,,,,,,,,,,,,,,,,,,,,,,,,,,,,,,", u2564 ,m166,,
86741, u2564 ," Well, you're not supposed to kiss your mother on the mouth."",,,,,,,,,,,,,,,,,,,,,,,,,,,,,,,", u2563 ,m166,,
86742, u2563 ," Ain't a cheek ever good enough for you? I never even kissed Mama on the mouth.,,,,,,,,,,,,,,,,,,,,,,,,,,,,,,,", u2564 ,m166,,
86743, u2564 ," What? I just said hello. Since when I can't kiss my sister-in-law?,,,,,,,,,,,,,,,,,,,,,,,,,,,,,,,", u2563 ,m166,,
86744, u2563 ," Where you been?,,,,,,,,,,,,,,,,,,,,,,,,,,,,,,,", u2564 ,m166,,
86745, u2564 ," Screw you, Jack."",,,,,,,,,,,,,,,,,,,,,,,,,,,,,,,", u2563 ,m166,,
86746, u2563 ," What am I gonna do for 24 hours? I can't even eat!,,,,,,,,,,,,,,,,,,,,,,,,,,,,,,,", u2564 ,m166,,
86747, u2564 ," So eat just a little. You gotta eat something.,,,,,,,,,,,,,,,,,,,,,,,,,,,,,,,", u2563 ,m166,,
86748, u2563 ," I can't eat a steak. If I eat a steak, I'm gonna have trouble making the weigh-in."",,,,,,,,,,,,,,,,,,,,,,,,,,,,,,,", u2564 ,m166,,
86749, u2564 ," I'm gonna order up some stuff. Have a steak.,,,,,,,,,,,,,,,,,,,,,,,,,,,,,,,", u2564 ,m166,,
86750, u2564 ," We did what we had to do. Tommy don't forget. Sooner or later you'll get your shot -- if Tommy don't die.,,,,,,,,,,,,,,,,,,,,,,,,,,,,,,,", u2563 ,m166,,
86751, u2563 ," Jesus Christ! Seven months! What am I gonna do for seven months? I'm gonna go crazy. How do I keep my strength? By that time I'll be too weak to win the title. And my weight? Forget about it -- I'm gonna blow up like a balloon. I ain't never gonna hold my weight down. Seven months! I don't know...,,,,,,,,,,,,,,,,,,,,,,,,,,,,,,,", u2564 ,m166,,
86752, u2564 ," All right, you don't wanna fall down, so now you gotta take a rest. So, you enjoy the suspension. 'Cause there's nothin' you can do about it. Let the Commissioner and the D.A. jerk you around. So you wait."",,,,,,,,,,,,,,,,,,,,,,,,,,,,,,,", u2563 ,m166,,
86753, u2563 ," Yeah, except fall down. That's right."",,,,,,,,,,,,,,,,,,,,,,,,,,,,,,,", u2564 ,m166,,
86754, u2564 ," Except fall down like a normal person.,,,,,,,,,,,,,,,,,,,,,,,,,,,,,,,", u2563 ,m166,,
86755, u2563 ," What the fuck they want? I took the dive. They want me to fall down too? I don't fall down for nobody. I never went down in my life. Joey, what do I gotta do? Crawl on my hands and knees? I made an asshole of myself in the fuckin' Garden! All the newspaper writers make fun of me. I'm the bum of the year. All I want is a shot. Just a fuckin' shot. What do I gotta do? I'll do anything."",,,,,,,,,,,,,,,,,,,,,,,,,,,,,,,", u2564 ,m166,,
86756, u2564 ," See? That's all there was to it.,,,,,,,,,,,,,,,,,,,,,,,,,,,,,,,", u2564 ,m166,,
86757, u2564 ," G'wan, do it.  Protect yourself, rummy."",,,,,,,,,,,,,,,,,,,,,,,,,,,,,,,", u2563 ,m166,,
86758, u2563 ," C'mon, Joey."",,,,,,,,,,,,,,,,,,,,,,,,,,,,,,,", u2564 ,m166,,
86759, u2564 ," Stick out your hands, Jake."",,,,,,,,,,,,,,,,,,,,,,,,,,,,,,,", u2563 ,m166,,
86760, u2563 ," Yeah, I know."",,,,,,,,,,,,,,,,,,,,,,,,,,,,,,,", u2564 ,m166,,
86761, u2564 ," I got good news, and I got bad news. The good news is you got your shot at the title. The bad news is..."",,,,,,,,,,,,,,,,,,,,,,,,,,,,,,,", u2563 ,m166,,
86762, u2563 ," What did Tommy say?,,,,,,,,,,,,,,,,,,,,,,,,,,,,,,,", u2564 ,m166,,
86763, u2564 ," Sure, I'll keep an eye on her."",,,,,,,,,,,,,,,,,,,,,,,,,,,,,,,", u2563 ,m166,,
86764, u2563 ," I want you to keep an eye on her when I'm not here. Understand?,,,,,,,,,,,,,,,,,,,,,,,,,,,,,,,", u2564 ,m166,,
86765, u2564 ," Jack, if there was anything funny, I would tell you."",,,,,,,,,,,,,,,,,,,,,,,,,,,,,,,", u2563 ,m166,,
86766, u2563 ," When I'm away, did you ever notice anythin' funny with her? Tell me the truth."",,,,,,,,,,,,,,,,,,,,,,,,,,,,,,,", u2564 ,m166,,
86767, u2564 ," Try talkin' to her. She's your wife -- ask her what's the matter.,,,,,,,,,,,,,,,,,,,,,,,,,,,,,,,", u2563 ,m166,,
86768, u2563 ," What do you mean?,,,,,,,,,,,,,,,,,,,,,,,,,,,,,,,", u2564 ,m166,,
86769, u2564 ," Maybe she's afraid you're gonna hit her so she can't talk to you the way she wants to.,,,,,,,,,,,,,,,,,,,,,,,,,,,,,,,", u2563 ,m166,,
86770, u2563 ," I remember the first time I met Vickie... I know there's somethin' up. I know she's doin' somethin', but I can't catch her..."",,,,,,,,,,,,,,,,,,,,,,,,,,,,,,,", u2564 ,m166,,
86771, u2564 ," Whatcha doin'?,,,,,,,,,,,,,,,,,,,,,,,,,,,,,,,", u2563 ,m166,,
86772, u2563 ," Don't be long. I'm afraid with all these tough guys here.,,,,,,,,,,,,,,,,,,,,,,,,,,,,,,,", u2564 ,m166,,
86773, u2564 ," Excuse me for a minute. Be right back.,,,,,,,,,,,,,,,,,,,,,,,,,,,,,,,", u2564 ,m166,,
86774, u2564 ," C'mon, Jake. You know she's crazy about you."",,,,,,,,,,,,,,,,,,,,,,,,,,,,,,,", u2563 ,m166,,
86775, u2563 ," Didn't you just see her lookin' at him? She told me no, but I don't believe her."",,,,,,,,,,,,,,,,,,,,,,,,,,,,,,,", u2564 ,m166,,
86776, u2564 ," Nah, she would never..."",,,,,,,,,,,,,,,,,,,,,,,,,,,,,,,", u2564 ,m166,,
86777, u2564 ," This Janiro's an up-and-coming fighter, this kid you gotta knock out. Knockout this fuckin' kid! I'm telling you, this is your step towards getting a shot at the title. Listen to me: I'm telling you. You been killin' yourself for three years. There's nobody left -- they're afraid to fight you. This Janiro's up-and- coming. He don't know. Fuckin' tear him apart, wipe him out! What are you worried about? Your weight? Look, even if you lose they're gonna think you're weak; they're gonna think you're not the fighter you used to be. They'll match you with guys they were afraid to match you with before, and then you'll kill them and you'll get your title shot. And if you beat this kid Janiro, they gotta give you a shot at the title because there's nobody else. Either way you win and you do it on your own -- just like you want it. All right?"",,,,,,,,,,,,,,,,,,,,,,,,,,,,,,,", u2563 ,m166,,
86778, u2563 ," Say what you gotta say. Don't be a smart ass.,,,,,,,,,,,,,,,,,,,,,,,,,,,,,,,", u2564 ,m166,,
86779, u2564 ," You want the title shot or not?,,,,,,,,,,,,,,,,,,,,,,,,,,,,,,,", u2563 ,m166,,
86780, u2563 ," Say what you're gonna say.,,,,,,,,,,,,,,,,,,,,,,,,,,,,,,,", u2564 ,m166,,
86781, u2564 ," You want the title shot?,,,,,,,,,,,,,,,,,,,,,,,,,,,,,,,", u2563 ,m166,,
86782, u2563 ," Well, sometimes you shouldn't listen to me! Now I don't know if I can make it down to 155. I'm having trouble making 160, and without telling me, you sign me for a fight at 155 pounds, and if I don't make 155, I forfeit $15,000! You're supposed to know what you're doin'. You're supposed to be a manager!"",,,,,,,,,,,,,,,,,,,,,,,,,,,,,,,", u2564 ,m166,,
86783, u2564 ," Jake, you're the one who said you could get down to 155! What did I do, pull it out of the fuckin' hat?"",,,,,,,,,,,,,,,,,,,,,,,,,,,,,,,", u2563 ,m166,,
86784, u2563 ," I just weighed myself -- I'm 161. No more deals like this Janiro bullshit. I didn't tell you to do it in the first place.,,,,,,,,,,,,,,,,,,,,,,,,,,,,,,,", u2563 ,m166,,
86785, u2563 ," No, take her home. I wanna be alone for a while. Everybody go."",,,,,,,,,,,,,,,,,,,,,,,,,,,,,,,", u2564 ,m166,,
86786, u2564 ," You want us to wait for you?,,,,,,,,,,,,,,,,,,,,,,,,,,,,,,,", u2563 ,m166,,
86787, u2563 ," I dunno. Maybe I don't deserve to win. I've done a lot of bad things. I dunno...,,,,,,,,,,,,,,,,,,,,,,,,,,,,,,,", u2564 ,m166,,
86788, u2564 ," You won and was robbed! You didn't do nothin' wrong.,,,,,,,,,,,,,,,,,,,,,,,,,,,,,,,", u2563 ,m166,,
86789, u2563 ," Whadda I gotta do, Joey? I knocked him down. What did I do wrong? I don't understand."",,,,,,,,,,,,,,,,,,,,,,,,,,,,,,,", u2564 ,m166,,
86790, u2564 ," They robbed us! Those fuckin' judges -- What the fuck fight were they watching? If I see them on the street, I'll break their heads. Decision Robinson, my fuckin' ass! Those judges give him the decision 'cause he's goin in the army next week! How else could this have happened?... What do you think they gave him the decision for, that's why."",,,,,,,,,,,,,,,,,,,,,,,,,,,,,,,", u2563 ,m166,,
86791, u2563 ," I'm the only guy ever to beat Sugar Ray, and I still don't have a shot at the title."",,,,,,,,,,,,,,,,,,,,,,,,,,,,,,,", u2564 ,m166,,
86792, u2564 ," He fights the toughest guys around that everybody else is afraid to fight...,,,,,,,,,,,,,,,,,,,,,,,,,,,,,,,", u2564 ,m166,,
86793, u2564 ," Give me a chance. Let me look.,,,,,,,,,,,,,,,,,,,,,,,,,,,,,,,", u2563 ,m166,,
86794, u2563 ," Do you see her yet?,,,,,,,,,,,,,,,,,,,,,,,,,,,,,,,", u2563 ,m166,,
86795, u2563 ," How many times do I have to hit her? I hit her enough.,,,,,,,,,,,,,,,,,,,,,,,,,,,,,,,", u2564 ,m166,,
86796, u2564 ," No, but Jake... how much abuse can you take."",,,,,,,,,,,,,,,,,,,,,,,,,,,,,,,", u2563 ,m166,,
86797, u2563 ," Hey, watch your mouth. Don't talk like that. She's still my wife."",,,,,,,,,,,,,,,,,,,,,,,,,,,,,,,", u2564 ,m166,,
86798, u2564 ," C'mon, hurry up. We're never gonna get outa here tonight."",,,,,,,,,,,,,,,,,,,,,,,,,,,,,,,", u2563 ,m166,,
86799, u2563 ," I don't like all those other clowns around. That's all I know.,,,,,,,,,,,,,,,,,,,,,,,,,,,,,,,", u2564 ,m166,,
86800, u2564 ," I'm tellin' you, she'll be there, I know she'll be there. Dressed up and everything."",,,,,,,,,,,,,,,,,,,,,,,,,,,,,,,", u2563 ,m166,,
86801, u2563 ," Nah, not now -- all those hard-ons around. I'll wait. Not now."",,,,,,,,,,,,,,,,,,,,,,,,,,,,,,,", u2564 ,m166,,
86802, u2564 ," Ah, no, no. I didn't bang her. I know her from around here, that's all. You want to meet her or what?"",,,,,,,,,,,,,,,,,,,,,,,,,,,,,,,", u2563 ,m166,,
86803, u2563 ," You know, like bang her or anything?"",,,,,,,,,,,,,,,,,,,,,,,,,,,,,,,", u2564 ,m166,,
86804, u2564 ," With her? How?,,,,,,,,,,,,,,,,,,,,,,,,,,,,,,,", u2563 ,m166,,
86805, u2563 ," You wasn't with her?,,,,,,,,,,,,,,,,,,,,,,,,,,,,,,,", u2564 ,m166,,
86806, u2564 ," Huh?,,,,,,,,,,,,,,,,,,,,,,,,,,,,,,,", u2563 ,m166,,
86807, u2563 ," You wasn't with her, were you?"",,,,,,,,,,,,,,,,,,,,,,,,,,,,,,,", u2564 ,m166,,
86808, u2564 ," Ah, some piece of ass, I'm tellin' you."",,,,,,,,,,,,,,,,,,,,,,,,,,,,,,,", u2563 ,m166,,
86809, u2563 ," Yeah, she's nice."",,,,,,,,,,,,,,,,,,,,,,,,,,,,,,,", u2564 ,m166,,
86810, u2564 ," Probably. You know she talks to everybody, and not just him."",,,,,,,,,,,,,,,,,,,,,,,,,,,,,,,", u2563 ,m166,,
86811, u2563 ," What does that have to do with it? She don't look 15 to me. I heard somethin' with Salvy. She was with him once or somethin', I think. It was like some blonde. That's the one..."",,,,,,,,,,,,,,,,,,,,,,,,,,,,,,,", u2564 ,m166,,
86812, u2564 ," Nah, she don't go with nobody. She's only 15 years old."",,,,,,,,,,,,,,,,,,,,,,,,,,,,,,,", u2563 ,m166,,
86813, u2563 ," She ever go with them? Like Salvy?,,,,,,,,,,,,,,,,,,,,,,,,,,,,,,,", u2564 ,m166,,
86814, u2564 ," How you gonna catch anybody alone at a dance?... I don't know if she'll be there alone... She'll probably be there with her girlfriends or something.,,,,,,,,,,,,,,,,,,,,,,,,,,,,,,,", u2563 ,m166,,
86815, u2563 ," 'Cause I wanna catch her alone.,,,,,,,,,,,,,,,,,,,,,,,,,,,,,,,", u2564 ,m166,,
86816, u2564 ," I'm tellin' you, she'll be there, I know she'll be there."",,,,,,,,,,,,,,,,,,,,,,,,,,,,,,,", u2563 ,m166,,
86817, u2563 ," Nah, not now... I wanna wait. I don't feel right..."",,,,,,,,,,,,,,,,,,,,,,,,,,,,,,,", u2564 ,m166,,
86818, u2564 ," No, I see her around the pool. I know her. I know her like that -- not like that."",,,,,,,,,,,,,,,,,,,,,,,,,,,,,,,", u2563 ,m166,,
86819, u2563 ," How do you know? You know her that good?,,,,,,,,,,,,,,,,,,,,,,,,,,,,,,,", u2564 ,m166,,
86820, u2564 ," You sure you wanna meet her? Don't make me go over there, you change your mind and you make me look bad, cause she's really a knockout. She's 15, this kid -- a great piece of ass."",,,,,,,,,,,,,,,,,,,,,,,,,,,,,,,", u2563 ,m166,,
86821, u2563 ," Go 'head.,,,,,,,,,,,,,,,,,,,,,,,,,,,,,,,", u2564 ,m166,,
86822, u2564 ," Cause I'll go right over there and bring her here.,,,,,,,,,,,,,,,,,,,,,,,,,,,,,,,", u2563 ,m166,,
86823, u2563 ," Yeah --,,,,,,,,,,,,,,,,,,,,,,,,,,,,,,,", u2564 ,m166,,
86824, u2564 ," No, I'm not afraid. Why? You wanna meet her?"",,,,,,,,,,,,,,,,,,,,,,,,,,,,,,,", u2563 ,m166,,
86825, u2563 ," Whadda ya mean, whadda I care? Who is she? What's a matter? You afraid I'm gonna take her on you?"",,,,,,,,,,,,,,,,,,,,,,,,,,,,,,,", u2564 ,m166,,
86826, u2564 ," Whadda you care?,,,,,,,,,,,,,,,,,,,,,,,,,,,,,,,", u2563 ,m166,,
86827, u2563 ," Who's that?,,,,,,,,,,,,,,,,,,,,,,,,,,,,,,,", u2564 ,m166,,
86828, u2564 ," I didn't tell them to come. Tommy Como...,,,,,,,,,,,,,,,,,,,,,,,,,,,,,,,", u2563 ,m166,,
86829, u2563 ," Hey, I don't care about Tommy Como. I don't care about Jesus Christ on the fuckin' cross. I gotta give them a percentage of what I make! I'm in here breaking my ass, not them. Don't ever bring them up here again."",,,,,,,,,,,,,,,,,,,,,,,,,,,,,,,", u2564 ,m166,,
86830, u2564 ," What are you getting so hot about -- Tommy Como told him to come down here...,,,,,,,,,,,,,,,,,,,,,,,,,,,,,,,", u2563 ,m166,,
86831, u2563 ," And that hard-on, Salvy. Who's he think he is? I'm gonna let that fuckin' hard-on come up here and act like a big shot."",,,,,,,,,,,,,,,,,,,,,,,,,,,,,,,", u2563 ,m166,,
86832, u2563 ," Don't ever bring those kids up here again! I'm working out, I'm killin' myself in here, and they walk around like they fuckin' own the neighborhood."",,,,,,,,,,,,,,,,,,,,,,,,,,,,,,,", u2564 ,m166,,
86833, u2564 ," Yeah, yeah. They just wanted to talk to you. So I..."",,,,,,,,,,,,,,,,,,,,,,,,,,,,,,,", u2563 ,m166,,
86834, u2563 ," Answer me when I talk to you.,,,,,,,,,,,,,,,,,,,,,,,,,,,,,,,", u2563 ,m166,,
86835, u2563 ," See that, I don't feel it. I can take it. I know I can take anybody."",,,,,,,,,,,,,,,,,,,,,,,,,,,,,,,", u2564 ,m166,,
86836, u2564 ," What was that for? I know you can take punches. I can hit you from now to doomsday. What the fuck does that prove?,,,,,,,,,,,,,,,,,,,,,,,,,,,,,,,", u2563 ,m166,,
86837, u2563 ," Go ahead.,,,,,,,,,,,,,,,,,,,,,,,,,,,,,,,", u2564 ,m166,,
86838, u2564 ," Jack! Enough!,,,,,,,,,,,,,,,,,,,,,,,,,,,,,,,", u2563 ,m166,,
86839, u2563 ," Harder.  Take the towel off.,,,,,,,,,,,,,,,,,,,,,,,,,,,,,,,", u2563 ,m166,,
86840, u2563 ," Here's your glove.,,,,,,,,,,,,,,,,,,,,,,,,,,,,,,,", u2564 ,m166,,
86841, u2564 ," Jack, I got no gloves."",,,,,,,,,,,,,,,,,,,,,,,,,,,,,,,", u2563 ,m166,,
86842, u2563 ," Go ahead. I ain't drunk. Take your best shot. On the jaw.,,,,,,,,,,,,,,,,,,,,,,,,,,,,,,,", u2564 ,m166,,
86843, u2564 ," C'mon, Jack. You had a few drinks."",,,,,,,,,,,,,,,,,,,,,,,,,,,,,,,", u2563 ,m166,,
86844, u2563 ," You heard me, I said hit me."",,,,,,,,,,,,,,,,,,,,,,,,,,,,,,,", u2564 ,m166,,
86845, u2564 ," You want me to do what?,,,,,,,,,,,,,,,,,,,,,,,,,,,,,,,", u2563 ,m166,,
86846, u2563 ," Hit me in the face.,,,,,,,,,,,,,,,,,,,,,,,,,,,,,,,", u2564 ,m166,,
86847, u2564 ," Sure. What is it?,,,,,,,,,,,,,,,,,,,,,,,,,,,,,,,", u2563 ,m166,,
86848, u2563 ," Yeah. Do me a favor.,,,,,,,,,,,,,,,,,,,,,,,,,,,,,,,", u2564 ,m166,,
86849, u2564 ," You know?,,,,,,,,,,,,,,,,,,,,,,,,,,,,,,,", u2563 ,m166,,
86850, u2563 ," I tell you one thing. Ok, I'll never be big enough to fight Louis, but I know Joey, I know..."",,,,,,,,,,,,,,,,,,,,,,,,,,,,,,,", u2564 ,m166,,
86851, u2564 ," That's what I'm sayin'. You shouldn't even think like that. It's crazy.,,,,,,,,,,,,,,,,,,,,,,,,,,,,,,,", u2564 ,m166,,
86852, u2564 ," What're you talking about? He's a heavyweight. You're a middleweight.,,,,,,,,,,,,,,,,,,,,,,,,,,,,,,,", u2563 ,m166,,
86853, u2563 ," I ain't ever gonna fight Joe Louis, that's what's the matter."",,,,,,,,,,,,,,,,,,,,,,,,,,,,,,,", u2564 ,m166,,
86854, u2564 ," Hey, c'mon, what's the matter?"",,,,,,,,,,,,,,,,,,,,,,,,,,,,,,,", u2563 ,m166,,
86855, u2563 ," Nothing...,,,,,,,,,,,,,,,,,,,,,,,,,,,,,,,", u2564 ,m166,,
86856, u2564 ," What's wrong?,,,,,,,,,,,,,,,,,,,,,,,,,,,,,,,", u2565 ,m166,,
86857, u2565 ," What do you think of Jake's retirement, Mrs. LaMotta?"",,,,,,,,,,,,,,,,,,,,,,,,,,,,,,,", u2563 ,m166,,
86858, u2563 ," Ain't she beautiful? Coulda been Mrs. America if I didn't pull her outa the contest. Didn't want her wearing a swimsuit for nobody but me.,,,,,,,,,,,,,,,,,,,,,,,,,,,,,,,", u2563 ,m166,,
86859, u2563 ," Why should I be bitter? Boxing's been good to me. I got a nice house, three kids, a beautiful wife -- take a picture of her. Vickie."",,,,,,,,,,,,,,,,,,,,,,,,,,,,,,,", u2565 ,m166,,
86860, u2565 ," You sound bitter.,,,,,,,,,,,,,,,,,,,,,,,,,,,,,,,", u2563 ,m166,,
86861, u2563 ," It means I'm through with boxing. I'm tired with tryin' to make the weight anymore. I'm sick of thinkin' about weight, weight, weight."",,,,,,,,,,,,,,,,,,,,,,,,,,,,,,,", u2565 ,m166,,
86862, u2565 ," Does that mean...,,,,,,,,,,,,,,,,,,,,,,,,,,,,,,,", u2563 ,m166,,
86863, u2563 ," I'm pulling out of next Wednesday's TV bout 'cause I can't make the weight. I'm fighting at light heavyweight, and I still can't make the weight."",,,,,,,,,,,,,,,,,,,,,,,,,,,,,,,", u2563 ,m166,,
86864, u2563 ," I tell you what. You hit me here.  Sugar Ray hits me here.  I can't tell the difference. I just fight.,,,,,,,,,,,,,,,,,,,,,,,,,,,,,,,", u2565 ,m166,,
86865, u2565 ," You just fought Sugar Ray two weeks ago and you're training like this right now... Are you afraid Sugar Ray might beat you this time?,,,,,,,,,,,,,,,,,,,,,,,,,,,,,,,", u2563 ,m166,,
86866, u2563 ," You guys know more about that than I do. I just fight...,,,,,,,,,,,,,,,,,,,,,,,,,,,,,,,", u2565 ,m166,,
86867, u2565 ," Well, the word is to get a title shot you have to cooperate with the people who control boxing, in New York. And they're saying that you don't cooperate."",,,,,,,,,,,,,,,,,,,,,,,,,,,,,,,", u2563 ,m166,,
86868, u2563 ," Why not? There's nobody else around who wants to fight me; they're all afraid. I don't see why I shouldn't have a shot at the title right now.,,,,,,,,,,,,,,,,,,,,,,,,,,,,,,,", u2563 ,m166,,
86869, u2563 ," Maybe it wasn't you, but you know what I'm talkin' about."",,,,,,,,,,,,,,,,,,,,,,,,,,,,,,,", u2565 ,m166,,
86870, u2565 ," Jake, did I ever make you look bad before?"",,,,,,,,,,,,,,,,,,,,,,,,,,,,,,,", u2563 ,m166,,
86871, u2563 ," I'm tellin' you now, when I read this, it better not make me look bad."",,,,,,,,,,,,,,,,,,,,,,,,,,,,,,,", u2568 ,m166,,
86872, u2568 ," Don't talk. Keep at it. Jab, jab, jab. You're ahead on points."",,,,,,,,,,,,,,,,,,,,,,,,,,,,,,,", u2563 ,m166,,
86873, u2563 ," He ain't hurting me, but I can't get him down."",,,,,,,,,,,,,,,,,,,,,,,,,,,,,,,", u2563 ,m166,,
86874, u2563 ," Are you outa your mind? If I come out, I'll lose the title."",,,,,,,,,,,,,,,,,,,,,,,,,,,,,,,", u2568 ,m166,,
86875, u2568 ," I'll give you anything you want, Jake. I think you should come out for a few minutes -- give yourself a break."",,,,,,,,,,,,,,,,,,,,,,,,,,,,,,,", u2563 ,m166,,
86876, u2563 ," Just give me a chip of ice to put in my mouth. Just a chip of ice.,,,,,,,,,,,,,,,,,,,,,,,,,,,,,,,", u2568 ,m166,,
86877, u2568 ," Three more, I figure."",,,,,,,,,,,,,,,,,,,,,,,,,,,,,,,", u2563 ,m166,,
86878, u2563 ," How many pounds I gotta lose?,,,,,,,,,,,,,,,,,,,,,,,,,,,,,,,", u2568 ,m166,,
86879, u2568 ," Yeah. At night.,,,,,,,,,,,,,,,,,,,,,,,,,,,,,,,", u2563 ,m166,,
86880, u2563 ," At night?,,,,,,,,,,,,,,,,,,,,,,,,,,,,,,,", u2568 ,m166,,
86881, u2568 ," Nine o'clock.,,,,,,,,,,,,,,,,,,,,,,,,,,,,,,,", u2563 ,m166,,
86882, u2563 ," What time is it?,,,,,,,,,,,,,,,,,,,,,,,,,,,,,,,", u2568 ,m166,,
86883, u2568 ," It ain't worth it, Jake. Get out."",,,,,,,,,,,,,,,,,,,,,,,,,,,,,,,", u2563 ,m166,,
86884, u2563 ," Why did they have to stop it? Why did they have to stop it?,,,,,,,,,,,,,,,,,,,,,,,,,,,,,,,", u2568 ,m166,,
86885, u2568 ," Don't fight anymore!  It's a free country, don't fight anymore!"",,,,,,,,,,,,,,,,,,,,,,,,,,,,,,,", u2563 ,m166,,
86886, u2563 ," What friends?,,,,,,,,,,,,,,,,,,,,,,,,,,,,,,,", u2569 ,m166,,
86887, u2569 ," Can't you get the money from your friends?,,,,,,,,,,,,,,,,,,,,,,,,,,,,,,,", u2563 ,m166,,
86888, u2563 ," Don't make no difference no more.,,,,,,,,,,,,,,,,,,,,,,,,,,,,,,,", u2569 ,m166,,
86889, u2569 ," Jake, be careful! What're you doing to the belt?!"",,,,,,,,,,,,,,,,,,,,,,,,,,,,,,,", u2563 ,m166,,
86890, u2563 ," Are you kiddin'? Did you ever see a 14-year-old testify in court? Did you see the papers? """"LaMotta on Vice Rap."""" Everybody likes a shot at the Champ."",,,,,,,,,,,,,,,,,,,,,,,,,,,,,,,", u2569 ,m166,,
86891, u2569 ," But they don't have a case against you.,,,,,,,,,,,,,,,,,,,,,,,,,,,,,,,", u2563 ,m166,,
86892, u2563 ," I need ten thousand dollars. My lawyer says if we can spread ten thousand bucks around, we can get the case dropped."",,,,,,,,,,,,,,,,,,,,,,,,,,,,,,,", u2569 ,m166,,
86893, u2569 ," What are you doing?,,,,,,,,,,,,,,,,,,,,,,,,,,,,,,,", u2569 ,m166,,
86894, u2569 ," All right, just don't make any noise."",,,,,,,,,,,,,,,,,,,,,,,,,,,,,,,", u2563 ,m166,,
86895, u2563 ," I promise I just gotta pick up one thing.,,,,,,,,,,,,,,,,,,,,,,,,,,,,,,,", u2569 ,m166,,
86896, u2569 ," The kids are sleeping.,,,,,,,,,,,,,,,,,,,,,,,,,,,,,,,", u2563 ,m166,,
86897, u2563 ," No. Open the door.,,,,,,,,,,,,,,,,,,,,,,,,,,,,,,,", u2569 ,m166,,
86898, u2569 ," Are you drunk?,,,,,,,,,,,,,,,,,,,,,,,,,,,,,,,", u2563 ,m166,,
86899, u2563 ," Vickie, open up. I need to come in."",,,,,,,,,,,,,,,,,,,,,,,,,,,,,,,", u2569 ,m166,,
86900, u2569 ," I'm sick of it. I can't watch you this way. You're too drunk all the time. There's too many girls. I can't... I don't wanna talk about it. I made up my mind.,,,,,,,,,,,,,,,,,,,,,,,,,,,,,,,", u2563 ,m166,,
86901, u2563 ," Aw, c'mon, Vick --"",,,,,,,,,,,,,,,,,,,,,,,,,,,,,,,", u2569 ,m166,,
86902, u2569 ," I got a lawyer, Jake. We're getting a divorce. I'm getting custody of the kids."",,,,,,,,,,,,,,,,,,,,,,,,,,,,,,,", u2563 ,m166,,
86903, u2563 ," Aw, c'mon. Don't say that."",,,,,,,,,,,,,,,,,,,,,,,,,,,,,,,", u2569 ,m166,,
86904, u2569 ," No. I won't talk to you where you can use your hands on me.,,,,,,,,,,,,,,,,,,,,,,,,,,,,,,,", u2563 ,m166,,
86905, u2563 ," Open the door, Vickie."",,,,,,,,,,,,,,,,,,,,,,,,,,,,,,,", u2569 ,m166,,
86906, u2569 ," No. This time it's true. I didn't bother to tell you until I had everything worked out.,,,,,,,,,,,,,,,,,,,,,,,,,,,,,,,", u2563 ,m166,,
86907, u2563 ," Sure, what else is new?"",,,,,,,,,,,,,,,,,,,,,,,,,,,,,,,", u2569 ,m166,,
86908, u2569 ," I'm leaving you Jake.,,,,,,,,,,,,,,,,,,,,,,,,,,,,,,,", u2563 ,m166,,
86909, u2563 ," I'm sorry. I had to work late last night. Slept at the club.,,,,,,,,,,,,,,,,,,,,,,,,,,,,,,,", u2563 ,m166,,
86910, u2563 ," Ok, all right. Telephone's in the hall. Dial his number."",,,,,,,,,,,,,,,,,,,,,,,,,,,,,,,", u2569 ,m166,,
86911, u2569 ," Tell him how you feel -- you miss him. Tell him you're sorry.,,,,,,,,,,,,,,,,,,,,,,,,,,,,,,,", u2563 ,m166,,
86912, u2563 ," I dunno.,,,,,,,,,,,,,,,,,,,,,,,,,,,,,,,", u2569 ,m166,,
86913, u2569 ," Why don't you just call him?,,,,,,,,,,,,,,,,,,,,,,,,,,,,,,,", u2563 ,m166,,
86914, u2563 ," I miss Joey. I wish Joey was here.,,,,,,,,,,,,,,,,,,,,,,,,,,,,,,,", u2569 ,m166,,
86915, u2569 ," I don't know.,,,,,,,,,,,,,,,,,,,,,,,,,,,,,,,", u2563 ,m166,,
86916, u2563 ," Then what?,,,,,,,,,,,,,,,,,,,,,,,,,,,,,,,", u2569 ,m166,,
86917, u2569 ," No, not that."",,,,,,,,,,,,,,,,,,,,,,,,,,,,,,,", u2563 ,m166,,
86918, u2563 ," What do I say to him? Call him up on the phone and say, """"Joey, I'm sorry about that little trouble we had. How about havin' dinner?"""" Is that what I say?"",,,,,,,,,,,,,,,,,,,,,,,,,,,,,,,", u2569 ,m166,,
86919, u2569 ," Why don't you just call him up?,,,,,,,,,,,,,,,,,,,,,,,,,,,,,,,", u2563 ,m166,,
86920, u2563 ," OK. Talk.,,,,,,,,,,,,,,,,,,,,,,,,,,,,,,,", u2569 ,m166,,
86921, u2569 ," I want to say something to you without you blowing your stack.,,,,,,,,,,,,,,,,,,,,,,,,,,,,,,,", u2563 ,m166,,
86922, u2563 ," What?,,,,,,,,,,,,,,,,,,,,,,,,,,,,,,,", u2569 ,m166,,
86923, u2569 ," Jake --,,,,,,,,,,,,,,,,,,,,,,,,,,,,,,,", u2563 ,m166,,
86924, u2563 ," I don't know what it is. I dunno, it's the kind of thing that -- the words won't come out."",,,,,,,,,,,,,,,,,,,,,,,,,,,,,,,", u2569 ,m166,,
86925, u2569 ," Jake, why don't you just try lying down and get some rest."",,,,,,,,,,,,,,,,,,,,,,,,,,,,,,,", u2563 ,m166,,
86926, u2563 ," Yeah --,,,,,,,,,,,,,,,,,,,,,,,,,,,,,,,", u2569 ,m166,,
86927, u2569 ," You know, if there's one thing -- I just don't understand you, not one single little bit. You love me?"",,,,,,,,,,,,,,,,,,,,,,,,,,,,,,,", u2569 ,m166,,
86928, u2569 ," You're not only an animal, you're a stupid animal.  You're rotten.  Rotten.  Rotten.  You're a sick maniac. A maniac! You belong in a mental hospital."",,,,,,,,,,,,,,,,,,,,,,,,,,,,,,,", u2563 ,m166,,
86929, u2563 ," You're the fuckin' animal! You ran around with every guy I knew while I was breakin' my ass for you.,,,,,,,,,,,,,,,,,,,,,,,,,,,,,,,", u2569 ,m166,,
86930, u2569 ," Nothing is what I said! Go on, kill me.  Kill me.  I'm not afraid of you anymore. I don't care if you kill me like you're killing him. You're a sick animal."",,,,,,,,,,,,,,,,,,,,,,,,,,,,,,,", u2563 ,m166,,
86931, u2563 ," Get the fuck outa here. Whadda you mean nothing'? You stupid bitch!,,,,,,,,,,,,,,,,,,,,,,,,,,,,,,,", u2569 ,m166,,
86932, u2569 ," You're killing him. You're killing him for nothing. Stop it.,,,,,,,,,,,,,,,,,,,,,,,,,,,,,,,", u2569 ,m166,,
86933, u2569 ," Yeah, I sucked his cock."",,,,,,,,,,,,,,,,,,,,,,,,,,,,,,,", u2563 ,m166,,
86934, u2563 ," You did?,,,,,,,,,,,,,,,,,,,,,,,,,,,,,,,", u2569 ,m166,,
86935, u2569 ," I'll say anything you want me to say. I fuckled Salvy. I fucked Tommy. I fucked your brother. I fucked everybody! What do you want to hear? I sucked your brother's fuckin' cock!,,,,,,,,,,,,,,,,,,,,,,,,,,,,,,,", u2563 ,m166,,
86936, u2563 ," You're a fuckin' liar.,,,,,,,,,,,,,,,,,,,,,,,,,,,,,,,", u2569 ,m166,,
86937, u2569 ," Nobody, I tell you. Jake stop it."",,,,,,,,,,,,,,,,,,,,,,,,,,,,,,,", u2563 ,m166,,
86938, u2563 ," Come out of there! Did you fuck Salvy?  Answer me. Open this fuckin' door, you fuckin' cunt!  Who've you been fuckin'?"",,,,,,,,,,,,,,,,,,,,,,,,,,,,,,,", u2569 ,m166,,
86939, u2569 ," I went with Sandy and Vera. Salvy was there.  Stop it. I just had a drink, that's all. I didn't do anything wrong. "",,,,,,,,,,,,,,,,,,,,,,,,,,,,,,,", u2563 ,m166,,
86940, u2563 ," With Salvy, eh?"",,,,,,,,,,,,,,,,,,,,,,,,,,,,,,,", u2569 ,m166,,
86941, u2569 ," I didn't do anything wrong. I swear. I just had a few drinks.,,,,,,,,,,,,,,,,,,,,,,,,,,,,,,,", u2563 ,m166,,
86942, u2563 ," Do I have to kill you, eh?  Do I have to kill somebody to get an answer?  I know about you at the Copa. I know all about it."",,,,,,,,,,,,,,,,,,,,,,,,,,,,,,,", u2569 ,m166,,
86943, u2569 ," Jake, no --"",,,,,,,,,,,,,,,,,,,,,,,,,,,,,,,", u2563 ,m166,,
86944, u2563 ," What do I have to do to get a straight answer around here.,,,,,,,,,,,,,,,,,,,,,,,,,,,,,,,", u2569 ,m166,,
86945, u2569 ," I am answering...,,,,,,,,,,,,,,,,,,,,,,,,,,,,,,,", u2563 ,m166,,
86946, u2563 ," Answer me when I talk to you. What happened that night?,,,,,,,,,,,,,,,,,,,,,,,,,,,,,,,", u2569 ,m166,,
86947, u2569 ," What're you talking about?,,,,,,,,,,,,,,,,,,,,,,,,,,,,,,,", u2563 ,m166,,
86948, u2563 ," Did you ever go to the Copa when I was away?,,,,,,,,,,,,,,,,,,,,,,,,,,,,,,,", u2569 ,m166,,
86949, u2569 ," Oh, c'mon. For Christsake, do I have to tell you everything?"",,,,,,,,,,,,,,,,,,,,,,,,,,,,,,,", u2563 ,m166,,
86950, u2563 ," What was it about?,,,,,,,,,,,,,,,,,,,,,,,,,,,,,,,", u2569 ,m166,,
86951, u2569 ," """"Father of the Bride."""""",,,,,,,,,,,,,,,,,,,,,,,,,,,,,,,", u2563 ,m166,,
86952, u2563 ," What'd you see?,,,,,,,,,,,,,,,,,,,,,,,,,,,,,,,", u2569 ,m166,,
86953, u2569 ," I went to the movies.,,,,,,,,,,,,,,,,,,,,,,,,,,,,,,,", u2563 ,m166,,
86954, u2563 ," What'd you see?,,,,,,,,,,,,,,,,,,,,,,,,,,,,,,,", u2569 ,m166,,
86955, u2569 ," I got bored so I went to the movies.,,,,,,,,,,,,,,,,,,,,,,,,,,,,,,,", u2563 ,m166,,
86956, u2563 ," I called. You weren't there.,,,,,,,,,,,,,,,,,,,,,,,,,,,,,,,", u2569 ,m166,,
86957, u2569 ," I took the kids to my sister's.,,,,,,,,,,,,,,,,,,,,,,,,,,,,,,,", u2563 ,m166,,
86958, u2563 ," Where you been all day?,,,,,,,,,,,,,,,,,,,,,,,,,,,,,,,", u2563 ,m166,,
86959, u2563 ," What's that kissing on the mouth shit?,,,,,,,,,,,,,,,,,,,,,,,,,,,,,,,", u2569 ,m166,,
86960, u2569 ," I went out.,,,,,,,,,,,,,,,,,,,,,,,,,,,,,,,", u2563 ,m166,,
86961, u2563 ," Tryin' to get this fuckin' TV to work. Paid all this money for it and still can't get a station a mile away. And Mr. Wizard here ain't no help.,,,,,,,,,,,,,,,,,,,,,,,,,,,,,,,", u2569 ,m166,,
86962, u2569 ," What's the matter with you?,,,,,,,,,,,,,,,,,,,,,,,,,,,,,,,", u2569 ,m166,,
86963, u2569 ," Jake...,,,,,,,,,,,,,,,,,,,,,,,,,,,,,,,", u2563 ,m166,,
86964, u2563 ," Don't ever do that again. You don't  do it!,,,,,,,,,,,,,,,,,,,,,,,,,,,,,,,", u2569 ,m166,,
86965, u2569 ," But Jake... I didn't say anything...,,,,,,,,,,,,,,,,,,,,,,,,,,,,,,,", u2569 ,m166,,
86966, u2569 ," You're hurting my arm.,,,,,,,,,,,,,,,,,,,,,,,,,,,,,,,", u2563 ,m166,,
86967, u2563 ," You know what I'm talking about. Don't ever make me look bad on the night of my big fight.,,,,,,,,,,,,,,,,,,,,,,,,,,,,,,,", u2569 ,m166,,
86968, u2569 ," All I did...,,,,,,,,,,,,,,,,,,,,,,,,,,,,,,,", u2563 ,m166,,
86969, u2563 ," You don't kiss like that. Hello and goodbye, that's all you do."",,,,,,,,,,,,,,,,,,,,,,,,,,,,,,,", u2569 ,m166,,
86970, u2569 ," What did I do?,,,,,,,,,,,,,,,,,,,,,,,,,,,,,,,", u2563 ,m166,,
86971, u2563 ," Hey, you don't say goodbye to him like that."",,,,,,,,,,,,,,,,,,,,,,,,,,,,,,,", u2563 ,m166,,
86972, u2563 ," You're the one who said he was good looking. You think he's good looking 'cause I know you think he's good- looking. I'll smash his face inside out. I'll make him into dog meat. Nobody's gonna think he's good-looking when I get through with him. So you just go ahead and think about who you want.,,,,,,,,,,,,,,,,,,,,,,,,,,,,,,,", u2569 ,m166,,
86973, u2569 ," Positive.,,,,,,,,,,,,,,,,,,,,,,,,,,,,,,,", u2563 ,m166,,
86974, u2563 ," You sure you're not thinking of him right now?,,,,,,,,,,,,,,,,,,,,,,,,,,,,,,,", u2569 ,m166,,
86975, u2569 ," I never noticed his face.,,,,,,,,,,,,,,,,,,,,,,,,,,,,,,,", u2563 ,m166,,
86976, u2563 ," That he's got a pretty face.,,,,,,,,,,,,,,,,,,,,,,,,,,,,,,,", u2569 ,m166,,
86977, u2569 ," What did I say?,,,,,,,,,,,,,,,,,,,,,,,,,,,,,,,", u2563 ,m166,,
86978, u2563 ," Then why'd you say that thing about Tony Janiro?,,,,,,,,,,,,,,,,,,,,,,,,,,,,,,,", u2569 ,m166,,
86979, u2569 ," Nobody. I love you, remember?"",,,,,,,,,,,,,,,,,,,,,,,,,,,,,,,", u2563 ,m166,,
86980, u2563 ," Tell me, you think of anybody else when I'm making love to you?"",,,,,,,,,,,,,,,,,,,,,,,,,,,,,,,", u2569 ,m166,,
86981, u2569 ," Yeah, what?"",,,,,,,,,,,,,,,,,,,,,,,,,,,,,,,", u2563 ,m166,,
86982, u2563 ," Huh?,,,,,,,,,,,,,,,,,,,,,,,,,,,,,,,", u2569 ,m166,,
86983, u2569 ," Yeah.,,,,,,,,,,,,,,,,,,,,,,,,,,,,,,,", u2563 ,m166,,
86984, u2563 ," You asleep?,,,,,,,,,,,,,,,,,,,,,,,,,,,,,,,", u2569 ,m166,,
86985, u2569 ," What?,,,,,,,,,,,,,,,,,,,,,,,,,,,,,,,", u2563 ,m166,,
86986, u2563 ," Vickie?... Vickie, you asleep?"",,,,,,,,,,,,,,,,,,,,,,,,,,,,,,,", u2563 ,m166,,
86987, u2563 ," Look at this, all of a sudden everybody's a fuckin' Romeo around here. Did you see the way she was lookin' at him?"",,,,,,,,,,,,,,,,,,,,,,,,,,,,,,,", u2569 ,m166,,
86988, u2569 ," Jake, c'mon now. Don't start."",,,,,,,,,,,,,,,,,,,,,,,,,,,,,,,", u2563 ,m166,,
86989, u2563 ," In other words, you're not interested in him but you'd be interested in somebody else, right?"",,,,,,,,,,,,,,,,,,,,,,,,,,,,,,,", u2569 ,m166,,
86990, u2569 ," No, I'm not."",,,,,,,,,,,,,,,,,,,,,,,,,,,,,,,", u2563 ,m166,,
86991, u2563 ," You're not interested in him?,,,,,,,,,,,,,,,,,,,,,,,,,,,,,,,", u2569 ,m166,,
86992, u2569 ," I'm not interested in him.,,,,,,,,,,,,,,,,,,,,,,,,,,,,,,,", u2563 ,m166,,
86993, u2563 ," Don't tell me """"No."""" I saw you lookin' at him. Why, you like him?"",,,,,,,,,,,,,,,,,,,,,,,,,,,,,,,", u2569 ,m166,,
86994, u2569 ," No, I'm not. I'm looking at you."",,,,,,,,,,,,,,,,,,,,,,,,,,,,,,,", u2563 ,m166,,
86995, u2563 ," What're you lookin' at? You lookin' at him?,,,,,,,,,,,,,,,,,,,,,,,,,,,,,,,", u2563 ,m166,,
86996, u2563 ," Who asked you?,,,,,,,,,,,,,,,,,,,,,,,,,,,,,,,", u2569 ,m166,,
86997, u2569 ," I was just...,,,,,,,,,,,,,,,,,,,,,,,,,,,,,,,", u2563 ,m166,,
86998, u2563 ," Who asked you?,,,,,,,,,,,,,,,,,,,,,,,,,,,,,,,", u2569 ,m166,,
86999, u2569 ," But, Jake, I was just..."",,,,,,,,,,,,,,,,,,,,,,,,,,,,,,,", u2563 ,m166,,
87000, u2563 ," Who asked you?,,,,,,,,,,,,,,,,,,,,,,,,,,,,,,,", u2569 ,m166,,
87001, u2569 ," Well, he's popular. A lotta people like Janiro. You beat him and it only figures they'll wanna see you get a title shot. But, what do I know? I should keep my mouth shut, I should..."",,,,,,,,,,,,,,,,,,,,,,,,,,,,,,,", u2563 ,m166,,
87002, u2563 ," What do you mean, """"good looking?"""""",,,,,,,,,,,,,,,,,,,,,,,,,,,,,,,", u2569 ,m166,,
87003, u2569 ," Joey's right. Janiro's up-and coming, he's good looking..."",,,,,,,,,,,,,,,,,,,,,,,,,,,,,,,", u2569 ,m166,,
87004, u2569 ," Oh, Jake."",,,,,,,,,,,,,,,,,,,,,,,,,,,,,,,", u2563 ,m166,,
87005, u2563 ," Now, touch me...  ...here."",,,,,,,,,,,,,,,,,,,,,,,,,,,,,,,", u2563 ,m166,,
87006, u2563 ," Now take your panties off.,,,,,,,,,,,,,,,,,,,,,,,,,,,,,,,", u2569 ,m166,,
87007, u2569 ," I like the gym smell.,,,,,,,,,,,,,,,,,,,,,,,,,,,,,,,", u2563 ,m166,,
87008, u2563 ," Go 'head. Do it.,,,,,,,,,,,,,,,,,,,,,,,,,,,,,,,", u2569 ,m166,,
87009, u2569 ," Jake, you made me promise not to get you excited."",,,,,,,,,,,,,,,,,,,,,,,,,,,,,,,", u2563 ,m166,,
87010, u2563 ," Now take the rest off.,,,,,,,,,,,,,,,,,,,,,,,,,,,,,,,", u2563 ,m166,,
87011, u2563 ," Do what I say.,,,,,,,,,,,,,,,,,,,,,,,,,,,,,,,", u2569 ,m166,,
87012, u2569 ," Jake...,,,,,,,,,,,,,,,,,,,,,,,,,,,,,,,", u2563 ,m166,,
87013, u2563 ," Take off my pants.,,,,,,,,,,,,,,,,,,,,,,,,,,,,,,,", u2563 ,m166,,
87014, u2563 ," Come here.,,,,,,,,,,,,,,,,,,,,,,,,,,,,,,,", u2569 ,m166,,
87015, u2569 ," You said I couldn't. You've been good for two weeks...,,,,,,,,,,,,,,,,,,,,,,,,,,,,,,,", u2563 ,m166,,
87016, u2563 ," If you let me do it, I'll murder you. Come here."",,,,,,,,,,,,,,,,,,,,,,,,,,,,,,,", u2569 ,m166,,
87017, u2569 ," You said never to touch you before a fight.,,,,,,,,,,,,,,,,,,,,,,,,,,,,,,,", u2563 ,m166,,
87018, u2563 ," Come over here.,,,,,,,,,,,,,,,,,,,,,,,,,,,,,,,", u2569 ,m166,,
87019, u2569 ," Are you sure we should be doing this?,,,,,,,,,,,,,,,,,,,,,,,,,,,,,,,", u2563 ,m166,,
87020, u2563 ," It's OK.,,,,,,,,,,,,,,,,,,,,,,,,,,,,,,,", u2569 ,m166,,
87021, u2569 ," Jake...,,,,,,,,,,,,,,,,,,,,,,,,,,,,,,,", u2563 ,m166,,
87022, u2563 ," That's all right. He don't mind.,,,,,,,,,,,,,,,,,,,,,,,,,,,,,,,", u2569 ,m166,,
87023, u2569 ," Jake, this is your father's bedroom."",,,,,,,,,,,,,,,,,,,,,,,,,,,,,,,", u2569 ,m166,,
87024, u2569 ," What does that mean?,,,,,,,,,,,,,,,,,,,,,,,,,,,,,,,", u2563 ,m166,,
87025, u2563 ," No.,,,,,,,,,,,,,,,,,,,,,,,,,,,,,,,", u2569 ,m166,,
87026, u2569 ," Can you see it?,,,,,,,,,,,,,,,,,,,,,,,,,,,,,,,", u2563 ,m166,,
87027, u2563 ," Can you see it?,,,,,,,,,,,,,,,,,,,,,,,,,,,,,,,", u2569 ,m166,,
87028, u2569 ," I can't find my ball.,,,,,,,,,,,,,,,,,,,,,,,,,,,,,,,", u2563 ,m166,,
87029, u2563 ," Just give it a nice little tap.,,,,,,,,,,,,,,,,,,,,,,,,,,,,,,,", u2569 ,m166,,
87030, u2569 ," Should I hit it?,,,,,,,,,,,,,,,,,,,,,,,,,,,,,,,", u2563 ,m166,,
87031, u2563 ," Just keep your eye on the ball.,,,,,,,,,,,,,,,,,,,,,,,,,,,,,,,", u2569 ,m166,,
87032, u2569 ," It feels real good.,,,,,,,,,,,,,,,,,,,,,,,,,,,,,,,", u2563 ,m166,,
87033, u2563 ," That's it. Just grip up a little tighter. That's it. You're gonna be real good at this. How does that feel?,,,,,,,,,,,,,,,,,,,,,,,,,,,,,,,", u2563 ,m166,,
87034, u2563 ," You don't get nothin' done by watchin'. You just gotta do it. Here, I'll help you."",,,,,,,,,,,,,,,,,,,,,,,,,,,,,,,", u2569 ,m166,,
87035, u2569 ," You go first. Let me watch how to do this.,,,,,,,,,,,,,,,,,,,,,,,,,,,,,,,", u2563 ,m166,,
87036, u2563 ," Oh no? I thought you was a movie star.,,,,,,,,,,,,,,,,,,,,,,,,,,,,,,,", u2569 ,m166,,
87037, u2569 ," I ain't no movie star. I'm just in high school.,,,,,,,,,,,,,,,,,,,,,,,,,,,,,,,", u2563 ,m166,,
87038, u2563 ," I ain't ever talked to a movie star before.,,,,,,,,,,,,,,,,,,,,,,,,,,,,,,,", u2569 ,m166,,
87039, u2569 ," You don't talk very much.,,,,,,,,,,,,,,,,,,,,,,,,,,,,,,,", u2563 ,m166,,
87040, u2563 ," Ya hear, Joey? She thinks this face is cute? Hey, whatcha doin' now? You wanna go for a ride?"",,,,,,,,,,,,,,,,,,,,,,,,,,,,,,,", u2569 ,m166,,
87041, u2569 ," I don't know. 'Cause you're cute.,,,,,,,,,,,,,,,,,,,,,,,,,,,,,,,", u2563 ,m166,,
87042, u2563 ," You wanted to say hello, eh? I can't believe it. When did you fall outa heaven? Anyone ever tell you you're the most beautiful one here, princess of the pool. You got a baby face. Look at mine. Whatcha wanna meet me for?"",,,,,,,,,,,,,,,,,,,,,,,,,,,,,,,", u2569 ,m166,,
87043, u2569 ," I just wanted to say hello.,,,,,,,,,,,,,,,,,,,,,,,,,,,,,,,", u2563 ,m166,,
87044, u2563 ," Joey said you wanted to meet me. Is that right? You wanted to meet me?,,,,,,,,,,,,,,,,,,,,,,,,,,,,,,,", u2563 ,m166,,
87045, u2563 ," I'd tell you to bet a bundle.,,,,,,,,,,,,,,,,,,,,,,,,,,,,,,,", u2567 ,m166,,
87046, u2567 ," All right, lemme ask you something. Let's say I was a good friend of yours. And I was telling you I was gonna bet a lot of money on you in this Janiro fight. What would you tell me?"",,,,,,,,,,,,,,,,,,,,,,,,,,,,,,,", u2563 ,m166,,
87047, u2563 ," Yeah, the weight's Ok."",,,,,,,,,,,,,,,,,,,,,,,,,,,,,,,", u2567 ,m166,,
87048, u2567 ," How's the weight? Ok?,,,,,,,,,,,,,,,,,,,,,,,,,,,,,,,", u2567 ,m166,,
87049, u2567 ," This Janiro's a good fighter, pretty good-lookin' kid."",,,,,,,,,,,,,,,,,,,,,,,,,,,,,,,", u2563 ,m166,,
87050, u2563 ," He should.,,,,,,,,,,,,,,,,,,,,,,,,,,,,,,,", u2567 ,m166,,
87051, u2567 ," Tony Janiro's gotta watch out, eh?"",,,,,,,,,,,,,,,,,,,,,,,,,,,,,,,", u2563 ,m166,,
87052, u2563 ," Never felt better.,,,,,,,,,,,,,,,,,,,,,,,,,,,,,,,", u2567 ,m166,,
87053, u2567 ," How you feelin'? Ok? You feelin' good?,,,,,,,,,,,,,,,,,,,,,,,,,,,,,,,", u2563 ,m166,,
87054, u2563 ," C'mon, Tommy --"",,,,,,,,,,,,,,,,,,,,,,,,,,,,,,,", u2567 ,m166,,
87055, u2567 ," Fuckin' kid! You're the best fuckin' fighter around. Loved what you did to Satterfield. Them """"moulan yans"""" -- forget about it. They're all afraid to fight you."",,,,,,,,,,,,,,,,,,,,,,,,,,,,,,,", u2567 ,m166,,
87056, u2567 ," Jake, sit down for a minute."",,,,,,,,,,,,,,,,,,,,,,,,,,,,,,,", u2563 ,m166,,
87057, u2563 ," Hi, Tommy. How are you?"",,,,,,,,,,,,,,,,,,,,,,,,,,,,,,,", u2564 ,m166,,
87058, u2564 ," I'll suck your eyes out! I'll fuckin' take the two of you.,,,,,,,,,,,,,,,,,,,,,,,,,,,,,,,", u2566 ,m166,,
87059, u2566 ," Hey Joey, whadda ya lookin' to die young?"",,,,,,,,,,,,,,,,,,,,,,,,,,,,,,,", u2566 ,m166,,
87060, u2566 ," Hey Joey, I'm here with Patsy and Vera and Sandy. And Vickie just happened to come along. We're just trying to have a good time. What do you want from me? So, why don't you just take it easy before this gets out of hand."",,,,,,,,,,,,,,,,,,,,,,,,,,,,,,,", u2564 ,m166,,
87061, u2564 ," What do you think, I'm blind? My brother's breaking his ass in a ring, and you're here with his wife."",,,,,,,,,,,,,,,,,,,,,,,,,,,,,,,", u2566 ,m166,,
87062, u2566 ," Excuse me for living.,,,,,,,,,,,,,,,,,,,,,,,,,,,,,,,", u2564 ,m166,,
87063, u2564 ," Excuse me, I'm talking to my sister in-law."",,,,,,,,,,,,,,,,,,,,,,,,,,,,,,,", u2566 ,m166,,
87064, u2566 ," Joey, relax. You're taking this the wrong way. Why don't you sit down and have a drink?"",,,,,,,,,,,,,,,,,,,,,,,,,,,,,,,", u2564 ,m166,,
87065, u2564 ," I said, let's go."",,,,,,,,,,,,,,,,,,,,,,,,,,,,,,,", u2564 ,m166,,
87066, u2564 ," Right, the gym."",,,,,,,,,,,,,,,,,,,,,,,,,,,,,,,", u2566 ,m166,,
87067, u2566 ," Tomorrow, at the gym. Don't forget."",,,,,,,,,,,,,,,,,,,,,,,,,,,,,,,", u2564 ,m166,,
87068, u2564 ," All right, I'll try. See you later."",,,,,,,,,,,,,,,,,,,,,,,,,,,,,,,", u2566 ,m166,,
87069, u2566 ," Talk some sense into him, will ya? You're still his brother. If he ain't gonna listen to you, he ain't gonna listen to nobody!"",,,,,,,,,,,,,,,,,,,,,,,,,,,,,,,", u2566 ,m166,,
87070, u2566 ," Look, I'm just tellin' you how Tommy feels. Jake is makin' it hard on himself. Tommy wants him with us. It's as simple as that."",,,,,,,,,,,,,,,,,,,,,,,,,,,,,,,", u2564 ,m166,,
87071, u2564 ," I can't convince him. He's got such a thick head, I'd like to crack it open myself. Believe me, my own brother. It's very hard. You don't have to convince me -- I know we should be with Tommy. You talk to him. He don't listen to nobody."",,,,,,,,,,,,,,,,,,,,,,,,,,,,,,,", u2566 ,m166,,
87072, u2566 ," Get lost.  Hey kids, """"A cop is a rat."""" Remember that, """"A rat."""""",,,,,,,,,,,,,,,,,,,,,,,,,,,,,,,", u2564 ,m166,,
87073, u2564 ," Hey, leave the kids alone."",,,,,,,,,,,,,,,,,,,,,,,,,,,,,,,", u2566 ,m166,,
87074, u2566 ," He ain't doin' the right thing. He's makin' beans compared to what he should be makin'. Can't you make him understand that?,,,,,,,,,,,,,,,,,,,,,,,,,,,,,,,", u2564 ,m166,,
87075, u2564 ," What do you want from my life, Salvy? He's my brother."",,,,,,,,,,,,,,,,,,,,,,,,,,,,,,,", u2566 ,m166,,
87076, u2566 ," Hey but Joey, you're thinking nickels and dimes. The money's with your brother."",,,,,,,,,,,,,,,,,,,,,,,,,,,,,,,", u2564 ,m166,,
87077, u2564 ," Salvy, would I steer you wrong? Let's say that's the truck; it's full of cigarettes, right? Now, two o'clock this morning we move the truck from here to there,  take the cigarettes out, sell 'em, make some cash."",,,,,,,,,,,,,,,,,,,,,,,,,,,,,,,", u2569 ,m166,,
87078, u2569 ," And I'm gonna finish my drink. And, I'm gonna have a good time, because I ain't doing nothing wrong."",,,,,,,,,,,,,,,,,,,,,,,,,,,,,,,", u2564 ,m166,,
87079, u2564 ," And you're drinking with them right now.,,,,,,,,,,,,,,,,,,,,,,,,,,,,,,,", u2569 ,m166,,
87080, u2569 ," That's right, take his part. You're his brother. He's never gonna be champ. Too many people are against him."",,,,,,,,,,,,,,,,,,,,,,,,,,,,,,,", u2564 ,m166,,
87081, u2564 ," Try to understand, Vickie. Jake's got a lotta aggravation. He's been a top contender too long."",,,,,,,,,,,,,,,,,,,,,,,,,,,,,,,", u2569 ,m166,,
87082, u2569 ," You don't sleep with him. I do. I don't get to breathe without tellin' him. He keeps me in a cage. If he thinks I'm lookin' at somebody the wrong way, I get used as a punching bag. He don't trust nobody. If he saw the two of us talking together right now, you'd be in trouble too -- believe me. Look at me, Joey. I'm 19 years old. I wanna enjoy my life. I love Jake, but you don't know. He gets crazy sometimes. I'm scared."",,,,,,,,,,,,,,,,,,,,,,,,,,,,,,,", u2564 ,m166,,
87083, u2564 ," I'm not gonna tell him nothing; but if he finds out, he will kill you. What's the matter with you? Aren't you happy? You got everything you want."",,,,,,,,,,,,,,,,,,,,,,,,,,,,,,,", u2569 ,m166,,
87084, u2569 ," Well, go ahead, tell Jake. He's gonna kill me anyway. It's a matter of time."",,,,,,,,,,,,,,,,,,,,,,,,,,,,,,,", u2564 ,m166,,
87085, u2564 ," It don't look right.,,,,,,,,,,,,,,,,,,,,,,,,,,,,,,,", u2569 ,m166,,
87086, u2569 ," I'm not doing anything wrong. I'm just trying to have a good time. Do I have to be cooped up in the house all the time?,,,,,,,,,,,,,,,,,,,,,,,,,,,,,,,", u2564 ,m166,,
87087, u2564 ," No, you're his wife."",,,,,,,,,,,,,,,,,,,,,,,,,,,,,,,", u2569 ,m166,,
87088, u2569 ," What the hell am I doing wrong? Just because Jake is training, I can't go out? What am I, a goddamn prisoner?"",,,,,,,,,,,,,,,,,,,,,,,,,,,,,,,", u2564 ,m166,,
87089, u2564 ," What're you doin' with Salvy? You shouldn't be here with him. Jake's away killin' himself. Suppose he found out.,,,,,,,,,,,,,,,,,,,,,,,,,,,,,,,", u2569 ,m166,,
