,User_id,text,sec_user,movies_name,relationship,attachment
87090, u2570 ," Goodnight.,,,,,,,,,,,,,,,,,,,,,,,,,,,,,,,", u2574 ,m167,,
87091, u2574 ," He has it. Thank you.,,,,,,,,,,,,,,,,,,,,,,,,,,,,,,,", u2570 ,m167,,
87092, u2570 ," Does he have your number, Mr. Jefferies?"",,,,,,,,,,,,,,,,,,,,,,,,,,,,,,,", u2574 ,m167,,
87093, u2574 ," Well, if he calls in, tell him to get in touch with L. B. Jefferies right away. I might have quite a surprise for him."",,,,,,,,,,,,,,,,,,,,,,,,,,,,,,,", u2570 ,m167,,
87094, u2570 ," I'm hired 'til one. They went to dinner and maybe night-clubbing.,,,,,,,,,,,,,,,,,,,,,,,,,,,,,,,", u2574 ,m167,,
87095, u2574 ," Oh. When are they expected home?,,,,,,,,,,,,,,,,,,,,,,,,,,,,,,,", u2570 ,m167,,
87096, u2570 ," This is the baby sitter.,,,,,,,,,,,,,,,,,,,,,,,,,,,,,,,", u2574 ,m167,,
87097, u2574 ," This is L. B. Jefferies, a friend of Tom's. Who am I talking with?"",,,,,,,,,,,,,,,,,,,,,,,,,,,,,,,", u2570 ,m167,,
87098, u2570 ," This is Doyle's house.,,,,,,,,,,,,,,,,,,,,,,,,,,,,,,,", u2573 ,m167,,
87099, u2573 ," Don't worry -- it comes off today.,,,,,,,,,,,,,,,,,,,,,,,,,,,,,,,", u2571 ,m167,,
87100, u2571 ," But his leg!,,,,,,,,,,,,,,,,,,,,,,,,,,,,,,,", u2573 ,m167,,
87101, u2573 ," Name me a better photographer.,,,,,,,,,,,,,,,,,,,,,,,,,,,,,,,", u2571 ,m167,,
87102, u2571 ," Jefferies?,,,,,,,,,,,,,,,,,,,,,,,,,,,,,,,", u2573 ,m167,,
87103, u2573 ," Bryce, the only man for this job is sitting right here in town.  Get me L. B. Jefferies."",,,,,,,,,,,,,,,,,,,,,,,,,,,,,,,", u2571 ,m167,,
87104, u2571 ," I'll pull somebody out of Japan.,,,,,,,,,,,,,,,,,,,,,,,,,,,,,,,", u2573 ,m167,,
87105, u2573 ," This could go off in a month -- or an hour.,,,,,,,,,,,,,,,,,,,,,,,,,,,,,,,", u2571 ,m167,,
87106, u2571 ," From the looks of Davidson's cable, it might even go higher than that. And we haven't even got a camera over there."",,,,,,,,,,,,,,,,,,,,,,,,,,,,,,,", u2573 ,m167,,
87107, u2573 ," Indo-China -- Jeff predicted it would go sky-high.,,,,,,,,,,,,,,,,,,,,,,,,,,,,,,,", u2572 ,m167,,
87108, u2572 ," That's what they call a family problem.,,,,,,,,,,,,,,,,,,,,,,,,,,,,,,,", u2575 ,m167,,
87109, u2575 ," I would say that is looked as if she wasn't coming back.,,,,,,,,,,,,,,,,,,,,,,,,,,,,,,,", u2575 ,m167,,
87110, u2575 ," Didn't you take it to the crime lab?,,,,,,,,,,,,,,,,,,,,,,,,,,,,,,,", u2572 ,m167,,
87111, u2572 ," Mrs. -- Thorwald's -- clothes. -- Clean -- carefully packed -- not too stylish -- but presentable.,,,,,,,,,,,,,,,,,,,,,,,,,,,,,,,", u2572 ,m167,,
87112, u2572 ," When the lock is broken -- yes.,,,,,,,,,,,,,,,,,,,,,,,,,,,,,,,", u2575 ,m167,,
87113, u2575 ," Of course, it's normal for a man to tie his trunk up with a heavy rope."",,,,,,,,,,,,,,,,,,,,,,,,,,,,,,,", u2572 ,m167,,
87114, u2572 ," Get that idea out of your mind. It will only lead you in the wrong direction.,,,,,,,,,,,,,,,,,,,,,,,,,,,,,,,", u2575 ,m167,,
87115, u2575 ," Like disposing of their wives?,,,,,,,,,,,,,,,,,,,,,,,,,,,,,,,", u2572 ,m167,,
87116, u2572 ," Namely?,,,,,,,,,,,,,,,,,,,,,,,,,,,,,,,", u2575 ,m167,,
87117, u2575 ," It was in her favorite handbag -- And, Mr. Doyle, that can lead to only one conclusion."",,,,,,,,,,,,,,,,,,,,,,,,,,,,,,,", u2572 ,m167,,
87118, u2572 ," If that ring checks out, we'll give him an escort. So long."",,,,,,,,,,,,,,,,,,,,,,,,,,,,,,,", u2574 ,m167,,
87119, u2574 ," Just don't dally. Thorwald knows he's being watched. He won't hang around long.,,,,,,,,,,,,,,,,,,,,,,,,,,,,,,,", u2572 ,m167,,
87120, u2572 ," Maybe you won't need it. I'll run it down, Jeff."",,,,,,,,,,,,,,,,,,,,,,,,,,,,,,,", u2574 ,m167,,
87121, u2574 ," Precinct Six. I sent a friend over with bail money.,,,,,,,,,,,,,,,,,,,,,,,,,,,,,,,", u2572 ,m167,,
87122, u2572 ," Where'd they take Lisa?,,,,,,,,,,,,,,,,,,,,,,,,,,,,,,,", u2574 ,m167,,
87123, u2574 ," In sections! And one other thing, doubting Tom -- it just occurred to me that all the calls Thorwald made were long distance! If he called his wife the day she left -- after she arrived in Merritsville -- why did she need to send him a postcard saying she'd arrived?"",,,,,,,,,,,,,,,,,,,,,,,,,,,,,,,", u2572 ,m167,,
87124, u2572 ," You think perhaps it was """"old hambone?"""""",,,,,,,,,,,,,,,,,,,,,,,,,,,,,,,", u2574 ,m167,,
87125, u2574 ," I don't know what pet name Thorwald had for his wife. And that night he went out half a dozen times with the metal suitcase. He wasn't taking his possessions, because they're up in his apartment now!"",,,,,,,,,,,,,,,,,,,,,,,,,,,,,,,", u2572 ,m167,,
87126, u2572 ," Like an old hambone?,,,,,,,,,,,,,,,,,,,,,,,,,,,,,,,", u2574 ,m167,,
87127, u2574 ," A fact! Last night he killed a dog for pawing in his garden. Why? Because he had something buried in there. Something a dog could scent.,,,,,,,,,,,,,,,,,,,,,,,,,,,,,,,", u2572 ,m167,,
87128, u2572 ," A possibility.,,,,,,,,,,,,,,,,,,,,,,,,,,,,,,,", u2574 ,m167,,
87129, u2574 ," Like Mrs. Thorwald's wedding ring. If that woman were still alive, she'd be wearing it."",,,,,,,,,,,,,,,,,,,,,,,,,,,,,,,", u2572 ,m167,,
87130, u2572 ," Like what?,,,,,,,,,,,,,,,,,,,,,,,,,,,,,,,", u2574 ,m167,,
87131, u2574 ," I know what you told me! She went in to get evidence, and she came out with it."",,,,,,,,,,,,,,,,,,,,,,,,,,,,,,,", u2572 ,m167,,
87132, u2572 ," I told you that --,,,,,,,,,,,,,,,,,,,,,,,,,,,,,,,", u2574 ,m167,,
87133, u2574 ," My Lisa. She went into Thorwald's apartment, and he came back. The only way I could get her out was to call the police."",,,,,,,,,,,,,,,,,,,,,,,,,,,,,,,", u2572 ,m167,,
87134, u2572 ," Your Lisa?,,,,,,,,,,,,,,,,,,,,,,,,,,,,,,,", u2574 ,m167,,
87135, u2574 ," Listen to me! Lisa's been arrested.,,,,,,,,,,,,,,,,,,,,,,,,,,,,,,,", u2572 ,m167,,
87136, u2572 ," Look Jeff, don't louse up my night with another man killer stuffing a grisly trunk that turns out to be --"",,,,,,,,,,,,,,,,,,,,,,,,,,,,,,,", u2574 ,m167,,
87137, u2574 ," Tom, I've got something real big for you."",,,,,,,,,,,,,,,,,,,,,,,,,,,,,,,", u2572 ,m167,,
87138, u2572 ," This is Doyle, Jeff."",,,,,,,,,,,,,,,,,,,,,,,,,,,,,,,", u2574 ,m167,,
87139, u2574 ," Jefferies.,,,,,,,,,,,,,,,,,,,,,,,,,,,,,,,", u2572 ,m167,,
87140, u2572 ," The police Department at Merritsville. They called to report. The trunk was just picked up -- by Mrs. Anna Thorwald.,,,,,,,,,,,,,,,,,,,,,,,,,,,,,,,", u2574 ,m167,,
87141, u2574 ," That depends on who """"they"""" were."",,,,,,,,,,,,,,,,,,,,,,,,,,,,,,,", u2572 ,m167,,
87142, u2572 ," Oh -- that phone call!  I gave them your number -- hope you don't mind.,,,,,,,,,,,,,,,,,,,,,,,,,,,,,,,", u2574 ,m167,,
87143, u2574 ," All the things I hate.,,,,,,,,,,,,,,,,,,,,,,,,,,,,,,,", u2572 ,m167,,
87144, u2572 ," If I'd been careful piloting that reconnaissance plane, you wouldn't have taken the kind of pictures that got you a medal, a big job, fame, money --"",,,,,,,,,,,,,,,,,,,,,,,,,,,,,,,", u2572 ,m167,,
87145, u2572 ," Your logic is backward.,,,,,,,,,,,,,,,,,,,,,,,,,,,,,,,", u2574 ,m167,,
87146, u2574 ," But I'm not a killer!,,,,,,,,,,,,,,,,,,,,,,,,,,,,,,,", u2572 ,m167,,
87147, u2572 ," And how many people did you cut up with the couple of with it? Or hundred knives you've probably owned in your lifetime?,,,,,,,,,,,,,,,,,,,,,,,,,,,,,,,", u2574 ,m167,,
87148, u2574 ," Well, in the garage, back home, we --"",,,,,,,,,,,,,,,,,,,,,,,,,,,,,,,", u2572 ,m167,,
87149, u2572 ," Did you ever own a saw?,,,,,,,,,,,,,,,,,,,,,,,,,,,,,,,", u2572 ,m167,,
87150, u2572 ," You figured that out, huh?"",,,,,,,,,,,,,,,,,,,,,,,,,,,,,,,", u2574 ,m167,,
87151, u2574 ," That wasn't Mrs. Thorwald who left with him yesterday morning?,,,,,,,,,,,,,,,,,,,,,,,,,,,,,,,", u2572 ,m167,,
87152, u2572 ," You sure it belongs to his wife?,,,,,,,,,,,,,,,,,,,,,,,,,,,,,,,", u2574 ,m167,,
87153, u2574 ," He has his wife's jewelry hidden in among his clothes over there.,,,,,,,,,,,,,,,,,,,,,,,,,,,,,,,", u2572 ,m167,,
87154, u2572 ," Jewelry?,,,,,,,,,,,,,,,,,,,,,,,,,,,,,,,", u2574 ,m167,,
87155, u2574 ," Everything he owns is laid out on the bedroom, ready for packing."",,,,,,,,,,,,,,,,,,,,,,,,,,,,,,,", u2572 ,m167,,
87156, u2572 ," You think he's getting out of here?,,,,,,,,,,,,,,,,,,,,,,,,,,,,,,,", u2574 ,m167,,
87157, u2574 ," Enough to scare me that you wouldn't get here in time, and we'd lose him."",,,,,,,,,,,,,,,,,,,,,,,,,,,,,,,", u2572 ,m167,,
87158, u2572 ," Mrs. Thorwald.,,,,,,,,,,,,,,,,,,,,,,,,,,,,,,,", u2574 ,m167,,
87159, u2574 ," Is -- is Anna -- who I think it is?,,,,,,,,,,,,,,,,,,,,,,,,,,,,,,,", u2572 ,m167,,
87160, u2572 ," Oh -- I almost forgot!,,,,,,,,,,,,,,,,,,,,,,,,,,,,,,,", u2574 ,m167,,
87161, u2574 ," Forget the story -- find the trunk. Mrs. Thorwald's in it!,,,,,,,,,,,,,,,,,,,,,,,,,,,,,,,", u2574 ,m167,,
87162, u2574 ," Yeah -- frequently -- it ran something like this: """"Your request for transfer turned down --"""""",,,,,,,,,,,,,,,,,,,,,,,,,,,,,,,", u2572 ,m167,,
87163, u2572 ," Ever get an answer?,,,,,,,,,,,,,,,,,,,,,,,,,,,,,,,", u2574 ,m167,,
87164, u2574 ," You know, every day for three years I asked myself that same question?"",,,,,,,,,,,,,,,,,,,,,,,,,,,,,,,", u2572 ,m167,,
87165, u2572 ," How did we ever stand each other in that same plane for three years?,,,,,,,,,,,,,,,,,,,,,,,,,,,,,,,", u2572 ,m167,,
87166, u2572 ," One thing I don't need is heckling! You called and asked me for help -- and now you're acting like a taxpayer!,,,,,,,,,,,,,,,,,,,,,,,,,,,,,,,", u2574 ,m167,,
87167, u2574 ," What do you need before you can search -- bloody footsteps leading up to the door?,,,,,,,,,,,,,,,,,,,,,,,,,,,,,,,", u2572 ,m167,,
87168, u2572 ," A detective's nightmare.,,,,,,,,,,,,,,,,,,,,,,,,,,,,,,,", u2574 ,m167,,
87169, u2574 ," By morning there might not be anything left to find in his apartment.,,,,,,,,,,,,,,,,,,,,,,,,,,,,,,,", u2572 ,m167,,
87170, u2572 ," I can hear myself starting out. """"Your Honor -- I have a friend who's an amateur sleuth, an one night, after a heavy supper --""""  He'd throw the New York State Penal Code right in my face. -- And it's six volumes."",,,,,,,,,,,,,,,,,,,,,,,,,,,,,,,", u2574 ,m167,,
87171, u2574 ," Give him evidence.,,,,,,,,,,,,,,,,,,,,,,,,,,,,,,,", u2572 ,m167,,
87172, u2572 ," At the risk of sounding stuffy, Jeff -- I'll remind you of the Constitution, and the phrase """"search warrant"""" issued by a judge who knows the Bill of Rights verbatim. He must ask for evidence."",,,,,,,,,,,,,,,,,,,,,,,,,,,,,,,", u2574 ,m167,,
87173, u2574 ," Just make sure you're not caught. If you find something, you've got a murderer and nobody will care about a couple of house rules. If you find nothing -- he's clear."",,,,,,,,,,,,,,,,,,,,,,,,,,,,,,,", u2572 ,m167,,
87174, u2572 ," Now don't get me mad! Even a detective can't walk in anybody's apartment and search it. If I were ever caught in there, I'd lose my badge inside of ten minutes!"",,,,,,,,,,,,,,,,,,,,,,,,,,,,,,,", u2574 ,m167,,
87175, u2574 ," What's the matter? Does he have a courtesy card from the police department?,,,,,,,,,,,,,,,,,,,,,,,,,,,,,,,", u2572 ,m167,,
87176, u2572 ," I can't do it even if he's gone.,,,,,,,,,,,,,,,,,,,,,,,,,,,,,,,", u2574 ,m167,,
87177, u2574 ," I mean when he goes out for a paper, or a drink, or something. What he doesn't know won't hurt him."",,,,,,,,,,,,,,,,,,,,,,,,,,,,,,,", u2572 ,m167,,
87178, u2572 ," I can't do that.,,,,,,,,,,,,,,,,,,,,,,,,,,,,,,,", u2574 ,m167,,
87179, u2574 ," Well then do a good job of it! Get over there, and search Thorwald's apartment! It must be knee-deep in evidence."",,,,,,,,,,,,,,,,,,,,,,,,,,,,,,,", u2572 ,m167,,
87180, u2572 ," If possible -- both.,,,,,,,,,,,,,,,,,,,,,,,,,,,,,,,", u2574 ,m167,,
87181, u2574 ," Doyle -- are you interested in solving a case, or making me look foolish?"",,,,,,,,,,,,,,,,,,,,,,,,,,,,,,,", u2572 ,m167,,
87182, u2572 ," I hate to remind you -- but this all started because you said she was murdered. Now did anyone, including you, actually see her murdered?"",,,,,,,,,,,,,,,,,,,,,,,,,,,,,,,", u2574 ,m167,,
87183, u2574 ," Well -- what good is his information?!! It's a second-hand version of an unsupported statement by the murderer himself -- Thorwald! Anybody actually see the wife get on the train?,,,,,,,,,,,,,,,,,,,,,,,,,,,,,,,", u2572 ,m167,,
87184, u2572 ," Jeff -- huh?,,,,,,,,,,,,,,,,,,,,,,,,,,,,,,,", u2574 ,m167,,
87185, u2574 ," A very convenient guy -- this superintendent. Have you checked his bank deposits lately?,,,,,,,,,,,,,,,,,,,,,,,,,,,,,,,", u2572 ,m167,,
87186, u2572 ," The superintendent met Thorwald coming back. He said Thorwald told him he had just put his wife on the train for the country.,,,,,,,,,,,,,,,,,,,,,,,,,,,,,,,", u2574 ,m167,,
87187, u2574 ," Now how could anybody guess that? They had, perhaps, signs on their luggage, """"Grand Central Or Bust!""""?"",,,,,,,,,,,,,,,,,,,,,,,,,,,,,,,", u2572 ,m167,,
87188, u2572 ," The building superintendent, and two tenants. Flat statements -- no hesitation. And they all jibed to the letter. The Thorwalds were leaving for the railroad station."",,,,,,,,,,,,,,,,,,,,,,,,,,,,,,,", u2574 ,m167,,
87189, u2574 ," The Thorwalds -- at six in the morning?,,,,,,,,,,,,,,,,,,,,,,,,,,,,,,,", u2572 ,m167,,
87190, u2572 ," Who left -- where?,,,,,,,,,,,,,,,,,,,,,,,,,,,,,,,", u2574 ,m167,,
87191, u2574 ," Who said they left then?,,,,,,,,,,,,,,,,,,,,,,,,,,,,,,,", u2574 ,m167,,
87192, u2574 ," Not yet.,,,,,,,,,,,,,,,,,,,,,,,,,,,,,,,", u2572 ,m167,,
87193, u2572 ," Feel a little foolish?,,,,,,,,,,,,,,,,,,,,,,,,,,,,,,,", u2572 ,m167,,
87194, u2572 ," Too bad. The Thorwalds were just leaving the apartment house at that time.,,,,,,,,,,,,,,,,,,,,,,,,,,,,,,,", u2574 ,m167,,
87195, u2574 ," I think that's about the time I fell asleep.,,,,,,,,,,,,,,,,,,,,,,,,,,,,,,,", u2572 ,m167,,
87196, u2572 ," Six ayem.,,,,,,,,,,,,,,,,,,,,,,,,,,,,,,,", u2574 ,m167,,
87197, u2574 ," What time?,,,,,,,,,,,,,,,,,,,,,,,,,,,,,,,", u2572 ,m167,,
87198, u2572 ," -- until yesterday morning.,,,,,,,,,,,,,,,,,,,,,,,,,,,,,,,", u2574 ,m167,,
87199, u2574 ," Then where is she -- in the ice box?,,,,,,,,,,,,,,,,,,,,,,,,,,,,,,,", u2572 ,m167,,
87200, u2572 ," She never left the apartment --,,,,,,,,,,,,,,,,,,,,,,,,,,,,,,,", u2574 ,m167,,
87201, u2574 ," I think they missed their chance with her.,,,,,,,,,,,,,,,,,,,,,,,,,,,,,,,", u2572 ,m167,,
87202, u2572 ," He has a six months lease, and has used up a little over five and a half months of it.  Quiet. Drinks, but not to drunkenness. Pays his bill promptly, with money earned as a consume jewelry salesman -- wholesale. Keeps to himself, and none of the neighbors got close to him, or his wife."",,,,,,,,,,,,,,,,,,,,,,,,,,,,,,,", u2574 ,m167,,
87203, u2574 ," I was jaywalking.,,,,,,,,,,,,,,,,,,,,,,,,,,,,,,,", u2572 ,m167,,
87204, u2572 ," By the way  what happened to your leg?,,,,,,,,,,,,,,,,,,,,,,,,,,,,,,,", u2574 ,m167,,
87205, u2574 ," Do that.,,,,,,,,,,,,,,,,,,,,,,,,,,,,,,,", u2572 ,m167,,
87206, u2572 ," We know the wife is gone. I'll see if I can find out where.,,,,,,,,,,,,,,,,,,,,,,,,,,,,,,,", u2574 ,m167,,
87207, u2574 ," Thanks.,,,,,,,,,,,,,,,,,,,,,,,,,,,,,,,", u2572 ,m167,,
87208, u2572 ," I -- uh -- won't report it to the Department. Let me poke into a little on my own. No point in you getting any ridiculous publicity.,,,,,,,,,,,,,,,,,,,,,,,,,,,,,,,", u2574 ,m167,,
87209, u2574 ," All right -- you don't believe me.,,,,,,,,,,,,,,,,,,,,,,,,,,,,,,,", u2572 ,m167,,
87210, u2572 ," You told me.  I've got to run, Jeff."",,,,,,,,,,,,,,,,,,,,,,,,,,,,,,,", u2574 ,m167,,
87211, u2574 ," She -- was -- an -- invalid!,,,,,,,,,,,,,,,,,,,,,,,,,,,,,,,", u2572 ,m167,,
87212, u2572 ," His wife took a trip.,,,,,,,,,,,,,,,,,,,,,,,,,,,,,,,", u2574 ,m167,,
87213, u2574 ," For instance?,,,,,,,,,,,,,,,,,,,,,,,,,,,,,,,", u2572 ,m167,,
87214, u2572 ," I think you saw something -- that probably has a very simple explanation.,,,,,,,,,,,,,,,,,,,,,,,,,,,,,,,", u2574 ,m167,,
87215, u2574 ," You think I made all this up?,,,,,,,,,,,,,,,,,,,,,,,,,,,,,,,", u2572 ,m167,,
87216, u2572 ," Almost everything's been done -- under panic. But this is a thousand to one shot. That man's still sitting around his apartment; he isn't panicked.,,,,,,,,,,,,,,,,,,,,,,,,,,,,,,,", u2574 ,m167,,
87217, u2574 ," I'll bet it's been done.,,,,,,,,,,,,,,,,,,,,,,,,,,,,,,,", u2572 ,m167,,
87218, u2572 ," You've got a lot to lean about homicide, Jeff. Morons have committed murder so shrewdly that it took a hundred trained police minds to catch them. That salesman wouldn't just knock off his wife after dinner, toss her in a trunk and put her in storage."",,,,,,,,,,,,,,,,,,,,,,,,,,,,,,,", u2574 ,m167,,
87219, u2574 ," Well, officer -- do your duty."",,,,,,,,,,,,,,,,,,,,,,,,,,,,,,,", u2572 ,m167,,
87220, u2572 ," It's too stupid and obvious a way to murder -- in full view of fifty windows -- and then sit over there --  -- smoking a cigar -- waiting for the police to pick him up.,,,,,,,,,,,,,,,,,,,,,,,,,,,,,,,", u2574 ,m167,,
87221, u2574 ," Go ahead, Doyle -- tell me he's an unemployed magician -- amusing the neighborhood with sleight-of-hand."",,,,,,,,,,,,,,,,,,,,,,,,,,,,,,,", u2572 ,m167,,
87222, u2572 ," I'll admit it all has a mysterious sound -- but is could mean a number of different things. Murder is the least likely.,,,,,,,,,,,,,,,,,,,,,,,,,,,,,,,", u2574 ,m167,,
87223, u2574 ," Because everything that man's done has been suspicious. Trips at night in the rain, saws, knives, trunks with rope, and a wife that isn't there any more."",,,,,,,,,,,,,,,,,,,,,,,,,,,,,,,", u2572 ,m167,,
87224, u2572 ," You didn't see the killing, or the body? How do you know there was a murder?"",,,,,,,,,,,,,,,,,,,,,,,,,,,,,,,", u2573 ,m167,,
87225, u2573 ," Yeah.,,,,,,,,,,,,,,,,,,,,,,,,,,,,,,,", u2574 ,m167,,
87226, u2574 ," That's more like it. Goodnight, old buddy."",,,,,,,,,,,,,,,,,,,,,,,,,,,,,,,", u2573 ,m167,,
87227, u2573 ," Okay. Indo-China. Tuesday. We'll pick you up.,,,,,,,,,,,,,,,,,,,,,,,,,,,,,,,", u2574 ,m167,,
87228, u2574 ," I don't care where it goes -- just as long as I'm on it.,,,,,,,,,,,,,,,,,,,,,,,,,,,,,,,", u2573 ,m167,,
87229, u2573 ," Jeff --,,,,,,,,,,,,,,,,,,,,,,,,,,,,,,,", u2574 ,m167,,
87230, u2574 ," The word is """"everything."""" Now what time does my plane leave Tuesday?"",,,,,,,,,,,,,,,,,,,,,,,,,,,,,,,", u2573 ,m167,,
87231, u2573 ," Something wrong?,,,,,,,,,,,,,,,,,,,,,,,,,,,,,,,", u2574 ,m167,,
87232, u2574 ," It's me.,,,,,,,,,,,,,,,,,,,,,,,,,,,,,,,", u2573 ,m167,,
87233, u2573 ," Yeah. Is that you, Jeff?"",,,,,,,,,,,,,,,,,,,,,,,,,,,,,,,", u2574 ,m167,,
87234, u2574 ," Gunnison?,,,,,,,,,,,,,,,,,,,,,,,,,,,,,,,", u2573 ,m167,,
87235, u2573 ," Hello.,,,,,,,,,,,,,,,,,,,,,,,,,,,,,,,", u2574 ,m167,,
87236, u2574 ," Next time, have some good news."",,,,,,,,,,,,,,,,,,,,,,,,,,,,,,,", u2573 ,m167,,
87237, u2573 ," Well -- you know best. Call you later, Jeff."",,,,,,,,,,,,,,,,,,,,,,,,,,,,,,,", u2574 ,m167,,
87238, u2574 ," Yeah? Maybe in the high rent districts they discuss -- but in my neighborhood, they still nag."",,,,,,,,,,,,,,,,,,,,,,,,,,,,,,,", u2573 ,m167,,
87239, u2573 ," Jeff -- wives don't nag anymore -- they discuss.,,,,,,,,,,,,,,,,,,,,,,,,,,,,,,,", u2574 ,m167,,
87240, u2574 ," Can you see me -- rushing home to a hot apartment every night to listen to the automatic laundry, the electric dishwasher, the garbage disposal and a nagging wife."",,,,,,,,,,,,,,,,,,,,,,,,,,,,,,,", u2573 ,m167,,
87241, u2573 ," It's about time you got married -- before you turn into a lonesome and bitter old man.,,,,,,,,,,,,,,,,,,,,,,,,,,,,,,,", u2574 ,m167,,
87242, u2574 ," I'll -- I'll get married. Then I'll never be able to go anywhere.,,,,,,,,,,,,,,,,,,,,,,,,,,,,,,,", u2573 ,m167,,
87243, u2573 ," Like what?,,,,,,,,,,,,,,,,,,,,,,,,,,,,,,,", u2574 ,m167,,
87244, u2574 ," Listen -- if you don't pull me out of this swamp of boredom -- I'll do something drastic.,,,,,,,,,,,,,,,,,,,,,,,,,,,,,,,", u2573 ,m167,,
87245, u2573 ," I'll send you some comic books.,,,,,,,,,,,,,,,,,,,,,,,,,,,,,,,", u2574 ,m167,,
87246, u2574 ," I've been taking pictures so long I don't know how to read anymore.,,,,,,,,,,,,,,,,,,,,,,,,,,,,,,,", u2573 ,m167,,
87247, u2573 ," Read some good books.,,,,,,,,,,,,,,,,,,,,,,,,,,,,,,,", u2574 ,m167,,
87248, u2574 ," You've got to get me out of here! Six weeks -- sitting in a two-room apartment with nothing to do but look out the window at the neighbors!,,,,,,,,,,,,,,,,,,,,,,,,,,,,,,,", u2573 ,m167,,
87249, u2573 ," So did you. Goodbye, Jeff."",,,,,,,,,,,,,,,,,,,,,,,,,,,,,,,", u2574 ,m167,,
87250, u2574 ," You asked for something dramatically different! You got it!,,,,,,,,,,,,,,,,,,,,,,,,,,,,,,,", u2573 ,m167,,
87251, u2573 ," I didn't ask you to stand in the middle of that automobile race track.,,,,,,,,,,,,,,,,,,,,,,,,,,,,,,,", u2574 ,m167,,
87252, u2574 ," Swell. I get myself half-killed for you -- and you reward me by stealing my assignments.,,,,,,,,,,,,,,,,,,,,,,,,,,,,,,,", u2573 ,m167,,
87253, u2573 ," You're too valuable to the magazine for us to play around with. I'll send Morgan or Lambert.,,,,,,,,,,,,,,,,,,,,,,,,,,,,,,,", u2574 ,m167,,
87254, u2574 ," Stop sounding stuffy. I'll take pictures from a jeep. From a water buffalo if necessary.,,,,,,,,,,,,,,,,,,,,,,,,,,,,,,,", u2573 ,m167,,
87255, u2573 ," With that cast on -- you don't.,,,,,,,,,,,,,,,,,,,,,,,,,,,,,,,", u2574 ,m167,,
87256, u2574 ," Okay. When do I leave? Half-hour? An hour?,,,,,,,,,,,,,,,,,,,,,,,,,,,,,,,", u2573 ,m167,,
87257, u2573 ," You did.,,,,,,,,,,,,,,,,,,,,,,,,,,,,,,,", u2574 ,m167,,
87258, u2574 ," Didn't I tell you! Didn't I tell you it was the next place to watch?,,,,,,,,,,,,,,,,,,,,,,,,,,,,,,,", u2573 ,m167,,
87259, u2573 ," Indo-China. Got a code tip from the bureau chief this morning. The place is about to go up in smoke.,,,,,,,,,,,,,,,,,,,,,,,,,,,,,,,", u2574 ,m167,,
87260, u2574 ," Where?,,,,,,,,,,,,,,,,,,,,,,,,,,,,,,,", u2574 ,m167,,
87261, u2574 ," Yeah. I sure feel sorry for you, Gunnison. Must be rough on you thinking of me wearing this cast another whole week."",,,,,,,,,,,,,,,,,,,,,,,,,,,,,,,", u2573 ,m167,,
87262, u2573 ," That's too bad, Jeff. Well, I guess I can't be lucky every day. Forget I called."",,,,,,,,,,,,,,,,,,,,,,,,,,,,,,,", u2574 ,m167,,
87263, u2574 ," Wrong week. Next Wednesday I emerge from this plaster cocoon.,,,,,,,,,,,,,,,,,,,,,,,,,,,,,,,", u2573 ,m167,,
87264, u2573 ," Wrong day?,,,,,,,,,,,,,,,,,,,,,,,,,,,,,,,", u2574 ,m167,,
87265, u2574 ," Gunnison -- how did you get to be such a big editor -- with such a small memory?,,,,,,,,,,,,,,,,,,,,,,,,,,,,,,,", u2573 ,m167,,
87266, u2573 ," This is Wednesday.,,,,,,,,,,,,,,,,,,,,,,,,,,,,,,,", u2574 ,m167,,
87267, u2574 ," Who said I was getting rid of it?,,,,,,,,,,,,,,,,,,,,,,,,,,,,,,,", u2573 ,m167,,
87268, u2573 ," For getting rid of that cast.,,,,,,,,,,,,,,,,,,,,,,,,,,,,,,,", u2574 ,m167,,
87269, u2574 ," For what?,,,,,,,,,,,,,,,,,,,,,,,,,,,,,,,", u2573 ,m167,,
87270, u2573 ," Congratulations, Jeff."",,,,,,,,,,,,,,,,,,,,,,,,,,,,,,,", u2574 ,m167,,
87271, u2574 ," Jefferies.,,,,,,,,,,,,,,,,,,,,,,,,,,,,,,,", u2579 ,m167,,
87272, u2579 ," Then if the police get me -- you won't be around to laugh!,,,,,,,,,,,,,,,,,,,,,,,,,,,,,,,", u2574 ,m167,,
87273, u2574 ," I can't. The police have it by now.,,,,,,,,,,,,,,,,,,,,,,,,,,,,,,,", u2579 ,m167,,
87274, u2579 ," Tell her to bring it back!,,,,,,,,,,,,,,,,,,,,,,,,,,,,,,,", u2574 ,m167,,
87275, u2574 ," No.,,,,,,,,,,,,,,,,,,,,,,,,,,,,,,,", u2579 ,m167,,
87276, u2579 ," Can you get me that ring back?,,,,,,,,,,,,,,,,,,,,,,,,,,,,,,,", u2574 ,m167,,
87277, u2574 ," That's a start. I'm at the Brevoort now. I'll be looking for you.,,,,,,,,,,,,,,,,,,,,,,,,,,,,,,,", u2579 ,m167,,
87278, u2579 ," I only have a hundred dollars or so.,,,,,,,,,,,,,,,,,,,,,,,,,,,,,,,", u2574 ,m167,,
87279, u2574 ," Now stop wasting time, Thorwald, or I'll hang up and call the police."",,,,,,,,,,,,,,,,,,,,,,,,,,,,,,,", u2579 ,m167,,
87280, u2579 ," I don't know what you mean.,,,,,,,,,,,,,,,,,,,,,,,,,,,,,,,", u2574 ,m167,,
87281, u2574 ," For a little business meeting -- to settle the estate of your late wife.,,,,,,,,,,,,,,,,,,,,,,,,,,,,,,,", u2579 ,m167,,
87282, u2579 ," Why should I?,,,,,,,,,,,,,,,,,,,,,,,,,,,,,,,", u2574 ,m167,,
87283, u2574 ," I'll give you a chance to find out. Meet me in the bar at the Brevoort -- and do it right away.,,,,,,,,,,,,,,,,,,,,,,,,,,,,,,,", u2579 ,m167,,
87284, u2579 ," Who are you?,,,,,,,,,,,,,,,,,,,,,,,,,,,,,,,", u2574 ,m167,,
87285, u2574 ," Well -- did you get it, Thorwald?"",,,,,,,,,,,,,,,,,,,,,,,,,,,,,,,", u2574 ,m167,,
87286, u2574 ," Did you get my note?,,,,,,,,,,,,,,,,,,,,,,,,,,,,,,,", u2579 ,m167,,
87287, u2579 ," Hello.,,,,,,,,,,,,,,,,,,,,,,,,,,,,,,,", u2578 ,m167,,
87288, u2578 ," When those cops get a look at Miss Fremont -- they'll even contribute.,,,,,,,,,,,,,,,,,,,,,,,,,,,,,,,", u2574 ,m167,,
87289, u2574 ," What about the rest?,,,,,,,,,,,,,,,,,,,,,,,,,,,,,,,", u2578 ,m167,,
87290, u2578 ," I got twenty or so in my purse. Give me what you've got.,,,,,,,,,,,,,,,,,,,,,,,,,,,,,,,", u2574 ,m167,,
87291, u2574 ," Thirty-three here. Totals one-ninety. Not enough.,,,,,,,,,,,,,,,,,,,,,,,,,,,,,,,", u2578 ,m167,,
87292, u2578 ," Ten here.,,,,,,,,,,,,,,,,,,,,,,,,,,,,,,,", u2574 ,m167,,
87293, u2574 ," First offense burglary --  -- probably two-fifty.  The piggy bank.,,,,,,,,,,,,,,,,,,,,,,,,,,,,,,,", u2578 ,m167,,
87294, u2578 ," How much do you think you'll need?,,,,,,,,,,,,,,,,,,,,,,,,,,,,,,,", u2574 ,m167,,
87295, u2574 ," One hundred and twenty-seven.,,,,,,,,,,,,,,,,,,,,,,,,,,,,,,,", u2574 ,m167,,
87296, u2574 ," To bail Lisa out of jail.,,,,,,,,,,,,,,,,,,,,,,,,,,,,,,,", u2578 ,m167,,
87297, u2578 ," What do you need money for?,,,,,,,,,,,,,,,,,,,,,,,,,,,,,,,", u2578 ,m167,,
87298, u2578 ," Unless he's dumber than I think, he won't wait 'til his lease is up."",,,,,,,,,,,,,,,,,,,,,,,,,,,,,,,", u2574 ,m167,,
87299, u2574 ," Stella -- how long do you think he'll stay there?,,,,,,,,,,,,,,,,,,,,,,,,,,,,,,,", u2578 ,m167,,
87300, u2578 ," When you took your first snapshot -- did you ever think it would bring you to this?,,,,,,,,,,,,,,,,,,,,,,,,,,,,,,,", u2574 ,m167,,
87301, u2574 ," That'll get her out of there, won't it?"",,,,,,,,,,,,,,,,,,,,,,,,,,,,,,,", u2578 ,m167,,
87302, u2578 ," Smart? She'll be arrested!,,,,,,,,,,,,,,,,,,,,,,,,,,,,,,,", u2574 ,m167,,
87303, u2574 ," Smart girl.,,,,,,,,,,,,,,,,,,,,,,,,,,,,,,,", u2578 ,m167,,
87304, u2578 ," What's she trying to do? Why doesn't she turn him in?,,,,,,,,,,,,,,,,,,,,,,,,,,,,,,,", u2574 ,m167,,
87305, u2574 ," There's no point in taking unnecessary chances.  Give me the phone book, Lisa."",,,,,,,,,,,,,,,,,,,,,,,,,,,,,,,", u2578 ,m167,,
87306, u2578 ," You know, Miss Fremont -- he might just have something there."",,,,,,,,,,,,,,,,,,,,,,,,,,,,,,,", u2574 ,m167,,
87307, u2574 ," Now wait a minute --,,,,,,,,,,,,,,,,,,,,,,,,,,,,,,,", u2578 ,m167,,
87308, u2578 ," There's probably one in the basement.,,,,,,,,,,,,,,,,,,,,,,,,,,,,,,,", u2574 ,m167,,
87309, u2574 ," No.,,,,,,,,,,,,,,,,,,,,,,,,,,,,,,,", u2578 ,m167,,
87310, u2578 ," Got a shovel?,,,,,,,,,,,,,,,,,,,,,,,,,,,,,,,", u2574 ,m167,,
87311, u2574 ," What are you two talking about?,,,,,,,,,,,,,,,,,,,,,,,,,,,,,,,", u2574 ,m167,,
87312, u2574 ," You don't say! I might just take that compliment as an insult.,,,,,,,,,,,,,,,,,,,,,,,,,,,,,,,", u2578 ,m167,,
87313, u2578 ," You know? You might not be too bad a bargain for Lisa after all.,,,,,,,,,,,,,,,,,,,,,,,,,,,,,,,", u2574 ,m167,,
87314, u2574 ," Then I wouldn't worry too much. But let's keep an eye on her.,,,,,,,,,,,,,,,,,,,,,,,,,,,,,,,", u2578 ,m167,,
87315, u2578 ," No -- but it makes the rest easy to take. And she's reading the Bible.,,,,,,,,,,,,,,,,,,,,,,,,,,,,,,,", u2574 ,m167,,
87316, u2574 ," Would four of them -- ?,,,,,,,,,,,,,,,,,,,,,,,,,,,,,,,", u2578 ,m167,,
87317, u2578 ," I handled enough of those red pills to put everybody in New Jersey asleep for the winter.,,,,,,,,,,,,,,,,,,,,,,,,,,,,,,,", u2574 ,m167,,
87318, u2574 ," You can tell that from here?,,,,,,,,,,,,,,,,,,,,,,,,,,,,,,,", u2578 ,m167,,
87319, u2578 ," Miss Lonely Hearts just laid out something that looks like sodium trieckonal capsules.,,,,,,,,,,,,,,,,,,,,,,,,,,,,,,,", u2574 ,m167,,
87320, u2574 ," What?,,,,,,,,,,,,,,,,,,,,,,,,,,,,,,,", u2578 ,m167,,
87321, u2578 ," I wonder.,,,,,,,,,,,,,,,,,,,,,,,,,,,,,,,", u2574 ,m167,,
87322, u2574 ," I have a feeling we've just begun.,,,,,,,,,,,,,,,,,,,,,,,,,,,,,,,", u2578 ,m167,,
87323, u2578 ," Thank heaven that's over!,,,,,,,,,,,,,,,,,,,,,,,,,,,,,,,", u2574 ,m167,,
87324, u2574 ," Look!,,,,,,,,,,,,,,,,,,,,,,,,,,,,,,,", u2578 ,m167,,
87325, u2578 ," You shouldn't have let her do that! If he ever --,,,,,,,,,,,,,,,,,,,,,,,,,,,,,,,", u2578 ,m167,,
87326, u2578 ," There's something buried there.,,,,,,,,,,,,,,,,,,,,,,,,,,,,,,,", u2574 ,m167,,
87327, u2574 ," There's a dip at this end. And since when do flowers grow shorter in two weeks?,,,,,,,,,,,,,,,,,,,,,,,,,,,,,,,", u2574 ,m167,,
87328, u2574 ," And digging in.  Look at that flower bed.,,,,,,,,,,,,,,,,,,,,,,,,,,,,,,,", u2578 ,m167,,
87329, u2578 ," You mean the one the dog was sniffing around?,,,,,,,,,,,,,,,,,,,,,,,,,,,,,,,", u2574 ,m167,,
87330, u2574 ," Uh-uh. The dog. I think I know now why Thorwald killed it.,,,,,,,,,,,,,,,,,,,,,,,,,,,,,,,", u2578 ,m167,,
87331, u2578 ," Mrs. Thorwald?,,,,,,,,,,,,,,,,,,,,,,,,,,,,,,,", u2574 ,m167,,
87332, u2574 ," I'll watch the alleyway -- in case it goes that way.,,,,,,,,,,,,,,,,,,,,,,,,,,,,,,,", u2578 ,m167,,
87333, u2578 ," I'm just going to get the name of their truck!,,,,,,,,,,,,,,,,,,,,,,,,,,,,,,,", u2574 ,m167,,
87334, u2574 ," Oh. Well, yes and no. It wasn't an official call. He's just a friend.  An old, ornery friend."",,,,,,,,,,,,,,,,,,,,,,,,,,,,,,,", u2578 ,m167,,
87335, u2578 ," You called the police?,,,,,,,,,,,,,,,,,,,,,,,,,,,,,,,", u2574 ,m167,,
87336, u2574 ," Huh?,,,,,,,,,,,,,,,,,,,,,,,,,,,,,,,", u2578 ,m167,,
87337, u2578 ," Police?,,,,,,,,,,,,,,,,,,,,,,,,,,,,,,,", u2574 ,m167,,
87338, u2574 ," Stella, I -- I can't tell you what a welcome sight this is. No wonder your husband's still in love with you."",,,,,,,,,,,,,,,,,,,,,,,,,,,,,,,", u2574 ,m167,,
87339, u2574 ," Uh-huh.,,,,,,,,,,,,,,,,,,,,,,,,,,,,,,,", u2578 ,m167,,
87340, u2578 ," Goodbye, Mr. Jefferies. I'll see you tomorrow."",,,,,,,,,,,,,,,,,,,,,,,,,,,,,,,", u2574 ,m167,,
87341, u2574 ," It's not an ordinary look. It's the kind of look a man gives when he's afraid somebody might be watching him.,,,,,,,,,,,,,,,,,,,,,,,,,,,,,,,", u2578 ,m167,,
87342, u2578 ," I'm not shy. I've been looked at before.,,,,,,,,,,,,,,,,,,,,,,,,,,,,,,,", u2574 ,m167,,
87343, u2574 ," Get back there! He'll see you!,,,,,,,,,,,,,,,,,,,,,,,,,,,,,,,", u2578 ,m167,,
87344, u2578 ," A Federal offense.,,,,,,,,,,,,,,,,,,,,,,,,,,,,,,,", u2578 ,m167,,
87345, u2578 ," In this heat?  They're up now.,,,,,,,,,,,,,,,,,,,,,,,,,,,,,,,", u2574 ,m167,,
87346, u2574 ," No. The shades are still drawn in their apartment.,,,,,,,,,,,,,,,,,,,,,,,,,,,,,,,", u2578 ,m167,,
87347, u2578 ," What about this morning? Any developments?,,,,,,,,,,,,,,,,,,,,,,,,,,,,,,,", u2578 ,m167,,
87348, u2578 ," But it takes a particularly low type of man to do it.,,,,,,,,,,,,,,,,,,,,,,,,,,,,,,,", u2574 ,m167,,
87349, u2574 ," Sometimes it's worse to stay than it is to run.,,,,,,,,,,,,,,,,,,,,,,,,,,,,,,,", u2578 ,m167,,
87350, u2578 ," His personal effects. He's probably running away -- the coward.,,,,,,,,,,,,,,,,,,,,,,,,,,,,,,,", u2574 ,m167,,
87351, u2574 ," He was taking something out of the apartment. I'm certain.,,,,,,,,,,,,,,,,,,,,,,,,,,,,,,,", u2578 ,m167,,
87352, u2578 ," Flashlights. Luminous dials for watches. House numbers that light up.,,,,,,,,,,,,,,,,,,,,,,,,,,,,,,,", u2574 ,m167,,
87353, u2574 ," Now what could he sell at three in the morning?,,,,,,,,,,,,,,,,,,,,,,,,,,,,,,,", u2578 ,m167,,
87354, u2578 ," Isn't he a salesman?,,,,,,,,,,,,,,,,,,,,,,,,,,,,,,,", u2574 ,m167,,
87355, u2574 ," It's hard to figure. He went out several time last night, in the rain carrying his sample case."",,,,,,,,,,,,,,,,,,,,,,,,,,,,,,,", u2578 ,m167,,
87356, u2578 ," He and his wife splitting up?,,,,,,,,,,,,,,,,,,,,,,,,,,,,,,,", u2574 ,m167,,
87357, u2574 ," Well, the salesman could be available soon."",,,,,,,,,,,,,,,,,,,,,,,,,,,,,,,", u2578 ,m167,,
87358, u2578 ," Isn't there anyone in the neighborhood who might cast an eye in her direction?,,,,,,,,,,,,,,,,,,,,,,,,,,,,,,,", u2574 ,m167,,
87359, u2574 ," And some man will lose his.,,,,,,,,,,,,,,,,,,,,,,,,,,,,,,,", u2578 ,m167,,
87360, u2578 ," Poor girl. Someday she'll find her happiness.,,,,,,,,,,,,,,,,,,,,,,,,,,,,,,,", u2574 ,m167,,
87361, u2574 ," Speaking of misery, Miss Lonely Hearts drank herself to sleep again. Alone."",,,,,,,,,,,,,,,,,,,,,,,,,,,,,,,", u2578 ,m167,,
87362, u2578 ," And she'll end up fat, alcoholic and miserable."",,,,,,,,,,,,,,,,,,,,,,,,,,,,,,,", u2574 ,m167,,
87363, u2574 ," She's real eat, drink and be merry girl."",,,,,,,,,,,,,,,,,,,,,,,,,,,,,,,", u2578 ,m167,,
87364, u2578 ," Keep your mind off her.,,,,,,,,,,,,,,,,,,,,,,,,,,,,,,,", u2574 ,m167,,
87365, u2574 ," Depends one which one.,,,,,,,,,,,,,,,,,,,,,,,,,,,,,,,", u2578 ,m167,,
87366, u2578 ," What'll you do if one of them catches you?,,,,,,,,,,,,,,,,,,,,,,,,,,,,,,,", u2574 ,m167,,
87367, u2574 ," I was.,,,,,,,,,,,,,,,,,,,,,,,,,,,,,,,", u2578 ,m167,,
87368, u2578 ," Eyes bloodshot. Must have been staring out the window for hours.,,,,,,,,,,,,,,,,,,,,,,,,,,,,,,,", u2574 ,m167,,
87369, u2574 ," How did you know!,,,,,,,,,,,,,,,,,,,,,,,,,,,,,,,", u2578 ,m167,,
87370, u2578 ," The insurance Company would be a lot happier if you slept in your bed, not the wheelchair."",,,,,,,,,,,,,,,,,,,,,,,,,,,,,,,", u2574 ,m167,,
87371, u2574 ," She pay you much?,,,,,,,,,,,,,,,,,,,,,,,,,,,,,,,", u2578 ,m167,,
87372, u2578 ," Okay -- but I'm going to spread some common sense on the bread. Lisa Fremont's loaded to her fingertips with love for you. I'll give you two words of advice. Marry her.,,,,,,,,,,,,,,,,,,,,,,,,,,,,,,,", u2574 ,m167,,
87373, u2574 ," That's fine, Stella. Now would you make me a sandwich?"",,,,,,,,,,,,,,,,,,,,,,,,,,,,,,,", u2578 ,m167,,
87374, u2578 ," When I married Myles, we were both maladjusted misfits. We still are. And we've loved every minute of it."",,,,,,,,,,,,,,,,,,,,,,,,,,,,,,,", u2578 ,m167,,
87375, u2578 ," Ask for trouble and you get it. Why there's a good boy in my neighborhood who went with a nice girl across the street for three years. Then he refused to marry her. Why? -- Because she only scored sixty-one on a Look Magazine marriage quiz!,,,,,,,,,,,,,,,,,,,,,,,,,,,,,,,", u2574 ,m167,,
87376, u2574 ," People have different emotional levels that --,,,,,,,,,,,,,,,,,,,,,,,,,,,,,,,", u2578 ,m167,,
87377, u2578 ," Baloney! Once it was see somebody, get excited, get married -- Now, it's read books, fence with four syllable words, psychoanalyze each other until you can't tell a petting party from a civil service exam"",,,,,,,,,,,,,,,,,,,,,,,,,,,,,,,", u2574 ,m167,,
87378, u2574 ," We've progressed emotionally in --,,,,,,,,,,,,,,,,,,,,,,,,,,,,,,,", u2578 ,m167,,
87379, u2578 ," Intelligence! Nothing has caused the human race more trouble. Modern marriage!,,,,,,,,,,,,,,,,,,,,,,,,,,,,,,,", u2574 ,m167,,
87380, u2574 ," There's an intelligent way to approach marriage.,,,,,,,,,,,,,,,,,,,,,,,,,,,,,,,", u2578 ,m167,,
87381, u2578 ," Look, Mr. Jefferies. I'm not educated. I'm not even sophisticated. But I can tell you this -- when a man and a woman see each other, and like each other -- they should come together -- wham like two taxies on Broadway. Not sit around studying each other like specimens in at bottle."",,,,,,,,,,,,,,,,,,,,,,,,,,,,,,,", u2574 ,m167,,
87382, u2574 ," That's the hard part.,,,,,,,,,,,,,,,,,,,,,,,,,,,,,,,", u2578 ,m167,,
87383, u2578 ," I can just hear you now. """"Get out of here you perfect, wonderful woman! You're too good for me!"""""",,,,,,,,,,,,,,,,,,,,,,,,,,,,,,,", u2574 ,m167,,
87384, u2574 ," The only honest thing to do is call it off. Let her look for somebody else.,,,,,,,,,,,,,,,,,,,,,,,,,,,,,,,", u2574 ,m167,,
87385, u2574 ," Probably. But when I do, it'll be to someone who thinks of life as more than a new dress, a lobster dinner, and the latest scandal. I need a woman who'll go anywhere, do anything, and love it."",,,,,,,,,,,,,,,,,,,,,,,,,,,,,,,", u2578 ,m167,,
87386, u2578 ," You're never going to marry?,,,,,,,,,,,,,,,,,,,,,,,,,,,,,,,", u2574 ,m167,,
87387, u2574 ," Can you see her tramping around the world with a camera bum who never has more than a week's salary in the bank?  If only she was ordinary.,,,,,,,,,,,,,,,,,,,,,,,,,,,,,,,", u2578 ,m167,,
87388, u2578 ," People with sense can belong wherever they're put.,,,,,,,,,,,,,,,,,,,,,,,,,,,,,,,", u2574 ,m167,,
87389, u2574 ," It's very simple. She belongs in that rarefied atmosphere of Park Avenue, expensive restaurants, and literary cocktail parties."",,,,,,,,,,,,,,,,,,,,,,,,,,,,,,,", u2578 ,m167,,
87390, u2578 ," Is what you want something you can discuss?,,,,,,,,,,,,,,,,,,,,,,,,,,,,,,,", u2574 ,m167,,
87391, u2574 ," Too perfect. Too beautiful, too talented, too sophisticated, too everything -- but what I want."",,,,,,,,,,,,,,,,,,,,,,,,,,,,,,,", u2578 ,m167,,
87392, u2578 ," She's only perfect.,,,,,,,,,,,,,,,,,,,,,,,,,,,,,,,", u2574 ,m167,,
87393, u2574 ," She's just not the girl for me.,,,,,,,,,,,,,,,,,,,,,,,,,,,,,,,", u2578 ,m167,,
87394, u2578 ," It's happened before, you know! Some of the world's happiest marriage have started 'under the gun' you might say."",,,,,,,,,,,,,,,,,,,,,,,,,,,,,,,", u2574 ,m167,,
87395, u2574 ," Stella!,,,,,,,,,,,,,,,,,,,,,,,,,,,,,,,", u2578 ,m167,,
87396, u2578 ," Her father loading up the shotgun?,,,,,,,,,,,,,,,,,,,,,,,,,,,,,,,", u2574 ,m167,,
87397, u2574 ," No.,,,,,,,,,,,,,,,,,,,,,,,,,,,,,,,", u2578 ,m167,,
87398, u2578 ," Behind every ridiculous statement is always hidden the true cause.  What is it? You have a fight?,,,,,,,,,,,,,,,,,,,,,,,,,,,,,,,", u2574 ,m167,,
87399, u2574 ," She's all right.,,,,,,,,,,,,,,,,,,,,,,,,,,,,,,,", u2578 ,m167,,
87400, u2578 ," Nonsense. A man is always ready for marriage -- with the right girl. And Lisa Fremont is the right girl for any man with half a brain, who can get one eye open."",,,,,,,,,,,,,,,,,,,,,,,,,,,,,,,", u2574 ,m167,,
87401, u2574 ," I'm not ready for marriage.,,,,,,,,,,,,,,,,,,,,,,,,,,,,,,,", u2578 ,m167,,
87402, u2578 ," That's abnormal.,,,,,,,,,,,,,,,,,,,,,,,,,,,,,,,", u2574 ,m167,,
87403, u2574 ," I don't want to.,,,,,,,,,,,,,,,,,,,,,,,,,,,,,,,", u2578 ,m167,,
87404, u2578 ," That's normal.,,,,,,,,,,,,,,,,,,,,,,,,,,,,,,,", u2574 ,m167,,
87405, u2574 ," She expects me to marry her.,,,,,,,,,,,,,,,,,,,,,,,,,,,,,,,", u2578 ,m167,,
87406, u2578 ," You must be kidding. A beautiful young woman, and you a reasonably healthy specimen of manhood."",,,,,,,,,,,,,,,,,,,,,,,,,,,,,,,", u2574 ,m167,,
87407, u2574 ," Lisa Fremont.,,,,,,,,,,,,,,,,,,,,,,,,,,,,,,,", u2578 ,m167,,
87408, u2578 ," Gives your circulation something to fight.  What kind of trouble?,,,,,,,,,,,,,,,,,,,,,,,,,,,,,,,", u2574 ,m167,,
87409, u2574 ," Don't you ever heat that stuff up.,,,,,,,,,,,,,,,,,,,,,,,,,,,,,,,", u2578 ,m167,,
87410, u2578 ," I knew it!,,,,,,,,,,,,,,,,,,,,,,,,,,,,,,,", u2578 ,m167,,
87411, u2578 ," Those sultry sun-worshipers you watch haven't raised your temperature one degree in four weeks.,,,,,,,,,,,,,,,,,,,,,,,,,,,,,,,", u2574 ,m167,,
87412, u2574 ," How can you tell that from a thermometer!,,,,,,,,,,,,,,,,,,,,,,,,,,,,,,,", u2578 ,m167,,
87413, u2578 ," You've got a hormone deficiency.,,,,,,,,,,,,,,,,,,,,,,,,,,,,,,,", u2574 ,m167,,
87414, u2574 ," Right now I'd even welcome trouble.,,,,,,,,,,,,,,,,,,,,,,,,,,,,,,,", u2578 ,m167,,
87415, u2578 ," It crashed, didn't it?"",,,,,,,,,,,,,,,,,,,,,,,,,,,,,,,", u2574 ,m167,,
87416, u2574 ," Stella -- in economics, a kidney ailment has no relationship to the stock market. Absolutely none."",,,,,,,,,,,,,,,,,,,,,,,,,,,,,,,", u2574 ,m167,,
87417, u2574 ," How?,,,,,,,,,,,,,,,,,,,,,,,,,,,,,,,", u2578 ,m167,,
87418, u2578 ," I predicted it.,,,,,,,,,,,,,,,,,,,,,,,,,,,,,,,", u2578 ,m167,,
87419, u2578 ," Well, I only quote from the best."",,,,,,,,,,,,,,,,,,,,,,,,,,,,,,,", u2574 ,m167,,
87420, u2574 ," Readers' Digest, April, 1939."",,,,,,,,,,,,,,,,,,,,,,,,,,,,,,,", u2574 ,m167,,
87421, u2574 ," Goodnight, Mrs Doyle."",,,,,,,,,,,,,,,,,,,,,,,,,,,,,,,", u2576 ,m167,,
87422, u2576 ," Goodnight, you idiot."",,,,,,,,,,,,,,,,,,,,,,,,,,,,,,,", u2574 ,m167,,
87423, u2574 ," He knows.  Don't worry, Tess. It's a man."",,,,,,,,,,,,,,,,,,,,,,,,,,,,,,,", u2576 ,m167,,
87424, u2576 ," Who's Thorwald?,,,,,,,,,,,,,,,,,,,,,,,,,,,,,,,", u2574 ,m167,,
87425, u2574 ," Tell him not to waste time calling. To get over here soon as he can. I think Thorwald's pulling out tonight.,,,,,,,,,,,,,,,,,,,,,,,,,,,,,,,", u2576 ,m167,,
87426, u2576 ," I'll have him call the moment I hear from him.,,,,,,,,,,,,,,,,,,,,,,,,,,,,,,,", u2574 ,m167,,
87427, u2574 ," I'm afraid it is, Tess."",,,,,,,,,,,,,,,,,,,,,,,,,,,,,,,", u2576 ,m167,,
87428, u2576 ," It is something really important, Jeff?"",,,,,,,,,,,,,,,,,,,,,,,,,,,,,,,", u2576 ,m167,,
87429, u2576 ," Not a word.,,,,,,,,,,,,,,,,,,,,,,,,,,,,,,,", u2574 ,m167,,
87430, u2574 ," You haven't even heard from him?,,,,,,,,,,,,,,,,,,,,,,,,,,,,,,,", u2576 ,m167,,
87431, u2576 ," Not yet, Jeff."",,,,,,,,,,,,,,,,,,,,,,,,,,,,,,,", u2574 ,m167,,
87432, u2574 ," Jeff again.  Has Tom come in yet?,,,,,,,,,,,,,,,,,,,,,,,,,,,,,,,", u2576 ,m167,,
87433, u2576 ," Yes.,,,,,,,,,,,,,,,,,,,,,,,,,,,,,,,", u2574 ,m167,,
87434, u2574 ," Mrs. Doyle?,,,,,,,,,,,,,,,,,,,,,,,,,,,,,,,", u2576 ,m167,,
87435, u2576 ," Hello.,,,,,,,,,,,,,,,,,,,,,,,,,,,,,,,", u2574 ,m167,,
87436, u2574 ," Think you've got enough for a search warrant now?,,,,,,,,,,,,,,,,,,,,,,,,,,,,,,,", u2575 ,m167,,
87437, u2575 ," Shut up. I'm all right.,,,,,,,,,,,,,,,,,,,,,,,,,,,,,,,", u2574 ,m167,,
87438, u2574 ," Lisa -- I -- I -- can't tell you how scared I was that you -- you might --,,,,,,,,,,,,,,,,,,,,,,,,,,,,,,,", u2575 ,m167,,
87439, u2575 ," Get an ambulance.  Don't move. Try to lie still.,,,,,,,,,,,,,,,,,,,,,,,,,,,,,,,", u2575 ,m167,,
87440, u2575 ," Shall we vote him in, Stella?"",,,,,,,,,,,,,,,,,,,,,,,,,,,,,,,", u2574 ,m167,,
87441, u2574 ," Chelsea 2-7099.  We scared him once. Maybe we can scare him again.  I'm using that word """"we"""" a little too freely, I guess. I don't take any of the chances."",,,,,,,,,,,,,,,,,,,,,,,,,,,,,,,", u2575 ,m167,,
87442, u2575 ," How?,,,,,,,,,,,,,,,,,,,,,,,,,,,,,,,", u2574 ,m167,,
87443, u2574 ," I'll try to give you at least fifteen minutes.,,,,,,,,,,,,,,,,,,,,,,,,,,,,,,,", u2574 ,m167,,
87444, u2574 ," Maybe I can get Thorwald out of the apartment.,,,,,,,,,,,,,,,,,,,,,,,,,,,,,,,", u2575 ,m167,,
87445, u2575 ," What for?,,,,,,,,,,,,,,,,,,,,,,,,,,,,,,,", u2574 ,m167,,
87446, u2574 ," Now hold on. I'm not a bit squeamish about what might be under those flowers -- but I don't care to watch two women end up like that dog --,,,,,,,,,,,,,,,,,,,,,,,,,,,,,,,", u2575 ,m167,,
87447, u2575 ," Jeff, if you're squeamish, just don't look."",,,,,,,,,,,,,,,,,,,,,,,,,,,,,,,", u2575 ,m167,,
87448, u2575 ," And the last thing she'd leave behind would be her wedding ring!  Do you ever leave yours at home?,,,,,,,,,,,,,,,,,,,,,,,,,,,,,,,", u2574 ,m167,,
87449, u2574 ," Suppose Mrs. Thorwald's wedding ring was among the jewelry he has in the handbag.  During that phone conversation he held up three rings -- one with a diamond -- one with a big stone of some kind -- and one plain gold band.,,,,,,,,,,,,,,,,,,,,,,,,,,,,,,,", u2574 ,m167,,
87450, u2574 ," Too close.,,,,,,,,,,,,,,,,,,,,,,,,,,,,,,,", u2575 ,m167,,
87451, u2575 ," Wasn't that close?,,,,,,,,,,,,,,,,,,,,,,,,,,,,,,,", u2575 ,m167,,
87452, u2575 ," It could be -- the knife, and the saw."",,,,,,,,,,,,,,,,,,,,,,,,,,,,,,,", u2574 ,m167,,
87453, u2574 ," Something's in there. Those flowers have been taken up, and put back again."",,,,,,,,,,,,,,,,,,,,,,,,,,,,,,,", u2574 ,m167,,
87454, u2574 ," I know. But there's one important change. The flowers in Thorwald's pet flower bed.,,,,,,,,,,,,,,,,,,,,,,,,,,,,,,,", u2575 ,m167,,
87455, u2575 ," It's just a picture of the backyard, that's all."",,,,,,,,,,,,,,,,,,,,,,,,,,,,,,,", u2574 ,m167,,
87456, u2574 ," Well?,,,,,,,,,,,,,,,,,,,,,,,,,,,,,,,", u2574 ,m167,,
87457, u2574 ," He's washing down the bathroom walls.,,,,,,,,,,,,,,,,,,,,,,,,,,,,,,,", u2575 ,m167,,
87458, u2575 ," Is he cleaning house?,,,,,,,,,,,,,,,,,,,,,,,,,,,,,,,", u2574 ,m167,,
87459, u2574 ," Do you think this was worth waiting all day to see?,,,,,,,,,,,,,,,,,,,,,,,,,,,,,,,", u2574 ,m167,,
87460, u2574 ," In the whole courtyard, only one person didn't come to the window. "",,,,,,,,,,,,,,,,,,,,,,,,,,,,,,,", u2575 ,m167,,
87461, u2575 ," But you're not?,,,,,,,,,,,,,,,,,,,,,,,,,,,,,,,", u2574 ,m167,,
87462, u2574 ," For a minute, Doyle almost had me convinced I was wrong."",,,,,,,,,,,,,,,,,,,,,,,,,,,,,,,", u2574 ,m167,,
87463, u2574 ," Well, -- if there was one less thread this way --  -- and two less that way --  -- I might give up bachelorhood."",,,,,,,,,,,,,,,,,,,,,,,,,,,,,,,", u2575 ,m167,,
87464, u2575 ," Do you like it?,,,,,,,,,,,,,,,,,,,,,,,,,,,,,,,", u2574 ,m167,,
87465, u2574 ," Thank you.,,,,,,,,,,,,,,,,,,,,,,,,,,,,,,,", u2575 ,m167,,
87466, u2575 ," I'll rephrase the question.,,,,,,,,,,,,,,,,,,,,,,,,,,,,,,,", u2574 ,m167,,
87467, u2574 ," No, Lisa -- I don't think he did."",,,,,,,,,,,,,,,,,,,,,,,,,,,,,,,", u2575 ,m167,,
87468, u2575 ," Did Mr. Doyle think I stole this case.,,,,,,,,,,,,,,,,,,,,,,,,,,,,,,,", u2574 ,m167,,
87469, u2574 ," I think I'll start reviving it tomorrow, with say -- Miss Torso for a start?"",,,,,,,,,,,,,,,,,,,,,,,,,,,,,,,", u2575 ,m167,,
87470, u2575 ," Whatever happened to that old saying """"Love Thy Neighbor."""""",,,,,,,,,,,,,,,,,,,,,,,,,,,,,,,", u2575 ,m167,,
87471, u2575 ," You and me with long faces -- plunged into despair -- because we find out that a man didn't kill his wife. We're two of the most frightening ghouls I've ever known.,,,,,,,,,,,,,,,,,,,,,,,,,,,,,,,", u2574 ,m167,,
87472, u2574 ," Huh?,,,,,,,,,,,,,,,,,,,,,,,,,,,,,,,", u2575 ,m167,,
87473, u2575 ," Jeff -- if anybody walked in here, I don't think they'd believe what they see."",,,,,,,,,,,,,,,,,,,,,,,,,,,,,,,", u2574 ,m167,,
87474, u2574 ," Of course, they have the same chance. They can look at me like a bug under glass, if they want to."",,,,,,,,,,,,,,,,,,,,,,,,,,,,,,,", u2575 ,m167,,
87475, u2575 ," I'm not much on rear window ethics.,,,,,,,,,,,,,,,,,,,,,,,,,,,,,,,", u2574 ,m167,,
87476, u2574 ," Do you suppose it's ethical to watch a man with binoculars, and a long- focus lens -- until you can see the freckles on the back of his neck, and almost read his mail -- do you suppose it's ethical even if you prove he didn't commit a crime?"",,,,,,,,,,,,,,,,,,,,,,,,,,,,,,,", u2574 ,m167,,
87477, u2574 ," Who was the trunk addressed to?,,,,,,,,,,,,,,,,,,,,,,,,,,,,,,,", u2575 ,m167,,
87478, u2575 ," I hate funny exit lines.,,,,,,,,,,,,,,,,,,,,,,,,,,,,,,,", u2575 ,m167,,
87479, u2575 ," Exactly what I had in mind -- along with some brandy.,,,,,,,,,,,,,,,,,,,,,,,,,,,,,,,", u2574 ,m167,,
87480, u2574 ," You mean -- like the kitchen? And make us some coffee?,,,,,,,,,,,,,,,,,,,,,,,,,,,,,,,", u2575 ,m167,,
87481, u2575 ," Weird.  Why don't I slip into something comfortable?,,,,,,,,,,,,,,,,,,,,,,,,,,,,,,,", u2574 ,m167,,
87482, u2574 ," But he never ends up marrying her. Strange.,,,,,,,,,,,,,,,,,,,,,,,,,,,,,,,", u2575 ,m167,,
87483, u2575 ," The same.,,,,,,,,,,,,,,,,,,,,,,,,,,,,,,,", u2574 ,m167,,
87484, u2574 ," The same girl who keeps him out of the clutches of seductive show girls, and over-passionate daughters of the rich."",,,,,,,,,,,,,,,,,,,,,,,,,,,,,,,", u2575 ,m167,,
87485, u2575 ," Surprise -- is the most important element of attack.  And beside, you're not up on your private eye literature. When they're in trouble, it's always their Girl Friday who gets them out of it."",,,,,,,,,,,,,,,,,,,,,,,,,,,,,,,", u2574 ,m167,,
87486, u2574 ," Staying the night here, uninvited."",,,,,,,,,,,,,,,,,,,,,,,,,,,,,,,", u2575 ,m167,,
87487, u2575 ," I do?,,,,,,,,,,,,,,,,,,,,,,,,,,,,,,,", u2574 ,m167,,
87488, u2574 ," You are. You have a talent for creating difficult situations.,,,,,,,,,,,,,,,,,,,,,,,,,,,,,,,", u2575 ,m167,,
87489, u2575 ," It's utterly beautiful.  I wish I could be creative.,,,,,,,,,,,,,,,,,,,,,,,,,,,,,,,", u2574 ,m167,,
87490, u2574 ," From his landlord -- once a month.,,,,,,,,,,,,,,,,,,,,,,,,,,,,,,,", u2574 ,m167,,
87491, u2574 ," I'd be no better than Thorwald, to refuse."",,,,,,,,,,,,,,,,,,,,,,,,,,,,,,,", u2575 ,m167,,
87492, u2575 ," I'll trade you -- my feminine intuition for a bed for the night.,,,,,,,,,,,,,,,,,,,,,,,,,,,,,,,", u2575 ,m167,,
87493, u2575 ," A Mark Cross overnight case, anyway. Compact, but ample enough."",,,,,,,,,,,,,,,,,,,,,,,,,,,,,,,", u2574 ,m167,,
87494, u2574 ," That's a suitcase?,,,,,,,,,,,,,,,,,,,,,,,,,,,,,,,", u2575 ,m167,,
87495, u2575 ," You said I'd have to live out of one suitcase  I'll bet yours isn't this small?,,,,,,,,,,,,,,,,,,,,,,,,,,,,,,,", u2574 ,m167,,
87496, u2574 ," Lisa, I won't be able to give you any --"",,,,,,,,,,,,,,,,,,,,,,,,,,,,,,,", u2575 ,m167,,
87497, u2575 ," Say anything else, and I'll stay tomorrow night too."",,,,,,,,,,,,,,,,,,,,,,,,,,,,,,,", u2574 ,m167,,
87498, u2574 ," Well that's fine, but I only have one bed, and --"",,,,,,,,,,,,,,,,,,,,,,,,,,,,,,,", u2575 ,m167,,
87499, u2575 ," I have the whole weekend off.,,,,,,,,,,,,,,,,,,,,,,,,,,,,,,,", u2574 ,m167,,
87500, u2574 ," You'll have to clear that through my landlord --,,,,,,,,,,,,,,,,,,,,,,,,,,,,,,,", u2575 ,m167,,
87501, u2575 ," Night. I'm going to stay with you.,,,,,,,,,,,,,,,,,,,,,,,,,,,,,,,", u2574 ,m167,,
87502, u2574 ," We have all -- what?,,,,,,,,,,,,,,,,,,,,,,,,,,,,,,,", u2575 ,m167,,
87503, u2575 ," Don't rush me. We have all night.,,,,,,,,,,,,,,,,,,,,,,,,,,,,,,,", u2574 ,m167,,
87504, u2574 ," Don't be too hard on him. He's a steady worker. I wish he'd get there, though."",,,,,,,,,,,,,,,,,,,,,,,,,,,,,,,", u2575 ,m167,,
87505, u2575 ," I'd like to see your friend's face when we tell him. He doesn't sound like much of a detective.,,,,,,,,,,,,,,,,,,,,,,,,,,,,,,,", u2575 ,m167,,
87506, u2575 ," We'll agree they saw a woman -- but she wasn't Mrs. Thorwald. -- That is, yet."",,,,,,,,,,,,,,,,,,,,,,,,,,,,,,,", u2574 ,m167,,
87507, u2574 ," Still -- those witnesses.,,,,,,,,,,,,,,,,,,,,,,,,,,,,,,,", u2575 ,m167,,
87508, u2575 ," Well, I have a pat rebuttal for Mr. Doyle -- that couldn't be Mrs. Thorwald -- or I don't know women."",,,,,,,,,,,,,,,,,,,,,,,,,,,,,,,", u2574 ,m167,,
87509, u2574 ," That's what the witnesses told him.,,,,,,,,,,,,,,,,,,,,,,,,,,,,,,,", u2575 ,m167,,
87510, u2575 ," That Mrs. Thorwald left at six ayem yesterday with her husband?,,,,,,,,,,,,,,,,,,,,,,,,,,,,,,,", u2574 ,m167,,
87511, u2574 ," I'm with you, sweetie, but Detective Thomas J. Doyle has a pat answer for that."",,,,,,,,,,,,,,,,,,,,,,,,,,,,,,,", u2575 ,m167,,
87512, u2575 ," Basic equipment. You don't leave it behind in your husband's drawer in your favorite handbag.,,,,,,,,,,,,,,,,,,,,,,,,,,,,,,,", u2574 ,m167,,
87513, u2574 ," Inside stuff?,,,,,,,,,,,,,,,,,,,,,,,,,,,,,,,", u2575 ,m167,,
87514, u2575 ," They do not! And they don't leave it behind them. A woman going anywhere but the hospital would always take makeup, perfume and jewelry."",,,,,,,,,,,,,,,,,,,,,,,,,,,,,,,", u2574 ,m167,,
87515, u2574 ," Do they hide it in their husband's clothes?,,,,,,,,,,,,,,,,,,,,,,,,,,,,,,,", u2575 ,m167,,
87516, u2575 ," But only her husband would know that.  And the jewelry! Women don't keep all their jewelry in a purse, all tangled, getting scratched and twisted up."",,,,,,,,,,,,,,,,,,,,,,,,,,,,,,,", u2574 ,m167,,
87517, u2574 ," Because she didn't know she was going on a trip -- and where she was going she wouldn't need a handbag.,,,,,,,,,,,,,,,,,,,,,,,,,,,,,,,", u2575 ,m167,,
87518, u2575 ," A woman has a favorite handbag -- it always hangs on her bedpost where she can get at it. Then she takes a trip and leaves it behind. Why?,,,,,,,,,,,,,,,,,,,,,,,,,,,,,,,", u2574 ,m167,,
87519, u2574 ," Lisa -- I can't guess what you're thinking.,,,,,,,,,,,,,,,,,,,,,,,,,,,,,,,", u2575 ,m167,,
87520, u2575 ," Women aren't that unpredictable.,,,,,,,,,,,,,,,,,,,,,,,,,,,,,,,", u2574 ,m167,,
87521, u2574 ," What doesn't?,,,,,,,,,,,,,,,,,,,,,,,,,,,,,,,", u2575 ,m167,,
87522, u2575 ," It doesn't make sense to me.,,,,,,,,,,,,,,,,,,,,,,,,,,,,,,,", u2574 ,m167,,
87523, u2574 ," Something on your mind, Lisa?"",,,,,,,,,,,,,,,,,,,,,,,,,,,,,,,", u2574 ,m167,,
87524, u2574 ," Not a word. He was going to check on the railroad station, and the trunk. He must be still on it."",,,,,,,,,,,,,,,,,,,,,,,,,,,,,,,", u2575 ,m167,,
87525, u2575 ," And you, and you friend Doyle --  Did you hear from him again -- since he left?"",,,,,,,,,,,,,,,,,,,,,,,,,,,,,,,", u2574 ,m167,,
87526, u2574 ," Thinking about Thorwald?,,,,,,,,,,,,,,,,,,,,,,,,,,,,,,,", u2575 ,m167,,
87527, u2575 ," All day long I've tried to keep my mind on work.,,,,,,,,,,,,,,,,,,,,,,,,,,,,,,,", u2574 ,m167,,
87528, u2574 ," Not yet!,,,,,,,,,,,,,,,,,,,,,,,,,,,,,,,", u2575 ,m167,,
87529, u2575 ," Well, I guess it's safe to put on some lights now."",,,,,,,,,,,,,,,,,,,,,,,,,,,,,,,", u2574 ,m167,,
87530, u2574 ," He will. All his things are still piled on the bed.,,,,,,,,,,,,,,,,,,,,,,,,,,,,,,,", u2575 ,m167,,
87531, u2575 ," Suppose he doesn't come back again?,,,,,,,,,,,,,,,,,,,,,,,,,,,,,,,", u2574 ,m167,,
87532, u2574 ," I don't know.,,,,,,,,,,,,,,,,,,,,,,,,,,,,,,,", u2575 ,m167,,
87533, u2575 ," I wonder where he's going now?,,,,,,,,,,,,,,,,,,,,,,,,,,,,,,,", u2574 ,m167,,
87534, u2574 ," I never saw him ask her for advise before.  But she volunteered plenty.,,,,,,,,,,,,,,,,,,,,,,,,,,,,,,,", u2575 ,m167,,
87535, u2575 ," Someone not his wife?,,,,,,,,,,,,,,,,,,,,,,,,,,,,,,,", u2574 ,m167,,
87536, u2574 ," He had it hidden in the dresser! Well, at least it was in there. He took it out, went to the phone and called somebody long distance. -- His wife's jewelry was in the handbag. And something about it worried him. He was asking somebody advice over the phone."",,,,,,,,,,,,,,,,,,,,,,,,,,,,,,,", u2575 ,m167,,
87537, u2575 ," What about it?,,,,,,,,,,,,,,,,,,,,,,,,,,,,,,,", u2574 ,m167,,
87538, u2574 ," That alligator bag his wife had on the bedpost --,,,,,,,,,,,,,,,,,,,,,,,,,,,,,,,", u2574 ,m167,,
87539, u2574 ," He was just laying all his things out on one of the beds! Coats, suits, shirts, sox, even his wife's --"",,,,,,,,,,,,,,,,,,,,,,,,,,,,,,,", u2575 ,m167,,
87540, u2575 ," It doesn't seem to be in any hurry.,,,,,,,,,,,,,,,,,,,,,,,,,,,,,,,", u2575 ,m167,,
87541, u2575 ," All right -- but what's he doing now?,,,,,,,,,,,,,,,,,,,,,,,,,,,,,,,", u2574 ,m167,,
87542, u2574 ," To get on home.,,,,,,,,,,,,,,,,,,,,,,,,,,,,,,,", u2575 ,m167,,
87543, u2575 ," Okay, chief. What's my next assignment."",,,,,,,,,,,,,,,,,,,,,,,,,,,,,,,", u2575 ,m167,,
87544, u2575 ," 125 West Ninth Street.,,,,,,,,,,,,,,,,,,,,,,,,,,,,,,,", u2574 ,m167,,
87545, u2574 ," What's the apartment house number?,,,,,,,,,,,,,,,,,,,,,,,,,,,,,,,", u2575 ,m167,,
87546, u2575 ," The name on the second floor rear mailbox reads Mr. And Mrs. Lars, that's L-A-R-S, Lars Thorwald."",,,,,,,,,,,,,,,,,,,,,,,,,,,,,,,", u2574 ,m167,,
87547, u2574 ," Okay, Lisa -- probably you're right. He's probably in the bedroom now, entertaining his wife with the indian rope trick. I'll admit to criminal insanity. Now when do I start the cure?"",,,,,,,,,,,,,,,,,,,,,,,,,,,,,,,", u2575 ,m167,,
87548, u2575 ," Don't you see how silly you're being?,,,,,,,,,,,,,,,,,,,,,,,,,,,,,,,", u2574 ,m167,,
87549, u2574 ," No comment.,,,,,,,,,,,,,,,,,,,,,,,,,,,,,,,", u2575 ,m167,,
87550, u2575 ," And that's where you're not being clever. He wouldn't parade his crime in front of the open shades.,,,,,,,,,,,,,,,,,,,,,,,,,,,,,,,", u2574 ,m167,,
87551, u2574 ," That's where he's being clever. Acting nonchalant.,,,,,,,,,,,,,,,,,,,,,,,,,,,,,,,", u2575 ,m167,,
87552, u2575 ," Jeff, do you think a murderer would let you see all that? That he shouldn't keep his shades down and hide behind them?"",,,,,,,,,,,,,,,,,,,,,,,,,,,,,,,", u2574 ,m167,,
87553, u2574 ," Yeah.,,,,,,,,,,,,,,,,,,,,,,,,,,,,,,,", u2575 ,m167,,
87554, u2575 ," You could see that he did because he had the shades in his apartment up, and walked along the corridor, and the streets and the backyard?"",,,,,,,,,,,,,,,,,,,,,,,,,,,,,,,", u2574 ,m167,,
87555, u2574 ," What are you getting at?,,,,,,,,,,,,,,,,,,,,,,,,,,,,,,,", u2575 ,m167,,
87556, u2575 ," You could see all the things he did, couldn't you?"",,,,,,,,,,,,,,,,,,,,,,,,,,,,,,,", u2574 ,m167,,
87557, u2574 ," It's pretty hard to stay away from that word isn't is?,,,,,,,,,,,,,,,,,,,,,,,,,,,,,,,", u2575 ,m167,,
87558, u2575 ," Maybe he's leaving his wife. I don't know, and I don't care. Lots of people have saws, knives and ropes around their houses. Lots of men don't speak to their wives all day. Lots of wives nag, and men hate them, and trouble starts -- but very, very, very few of them end up in murder -- if that's what you're thinking."",,,,,,,,,,,,,,,,,,,,,,,,,,,,,,,", u2574 ,m167,,
87559, u2574 ," There is -- I've seen things through that window! Bickering, family fights, mysterious trips at night, knives, saws, rope -- and since last evening, not a sight or sound of his wife! Now you tell me where she is and what she's doing!"",,,,,,,,,,,,,,,,,,,,,,,,,,,,,,,", u2575 ,m167,,
87560, u2575 ," There's nothing to see.,,,,,,,,,,,,,,,,,,,,,,,,,,,,,,,", u2574 ,m167,,
87561, u2574 ," Lisa, please!"",,,,,,,,,,,,,,,,,,,,,,,,,,,,,,,", u2575 ,m167,,
87562, u2575 ," She could be under sedatives, sleeping.  He's in the room now."",,,,,,,,,,,,,,,,,,,,,,,,,,,,,,,", u2574 ,m167,,
87563, u2574 ," Where's the doctor -- the undertakers?,,,,,,,,,,,,,,,,,,,,,,,,,,,,,,,", u2575 ,m167,,
87564, u2575 ," Maybe she died.,,,,,,,,,,,,,,,,,,,,,,,,,,,,,,,", u2575 ,m167,,
87565, u2575 ," A lot of things. She's an invalid who needs constant care -- and yet the husband nor anyone else has been in there all day.,,,,,,,,,,,,,,,,,,,,,,,,,,,,,,,", u2575 ,m167,,
87566, u2575 ," What makes you think something's wrong with her?,,,,,,,,,,,,,,,,,,,,,,,,,,,,,,,", u2574 ,m167,,
87567, u2574 ," I want to find out what's wrong with the salesman's wife. Does that make me sound like a madman?,,,,,,,,,,,,,,,,,,,,,,,,,,,,,,,", u2575 ,m167,,
87568, u2575 ," What is it you're looking for?,,,,,,,,,,,,,,,,,,,,,,,,,,,,,,,", u2574 ,m167,,
87569, u2574 ," You'd better before you catch the disease!,,,,,,,,,,,,,,,,,,,,,,,,,,,,,,,", u2575 ,m167,,
87570, u2575 ," I don't know what you consider it -- but if you don't stop it, I'm getting out of here."",,,,,,,,,,,,,,,,,,,,,,,,,,,,,,,", u2574 ,m167,,
87571, u2574 ," Do you think I consider this recreation?,,,,,,,,,,,,,,,,,,,,,,,,,,,,,,,", u2575 ,m167,,
87572, u2575 ," Sitting around, looking out a window to kill time, is one thing -- but doing it the way you are --  -- with, with binoculars, and with wild opinions about every little movement you see -- is, is diseased!"",,,,,,,,,,,,,,,,,,,,,,,,,,,,,,,", u2574 ,m167,,
87573, u2574 ," Now, Lisa --"",,,,,,,,,,,,,,,,,,,,,,,,,,,,,,,", u2575 ,m167,,
87574, u2575 ," Jeff -- if you could only see yourself.,,,,,,,,,,,,,,,,,,,,,,,,,,,,,,,", u2575 ,m167,,
87575, u2575 ," Something too frightful to utter.,,,,,,,,,,,,,,,,,,,,,,,,,,,,,,,", u2574 ,m167,,
87576, u2574 ," What do you think?,,,,,,,,,,,,,,,,,,,,,,,,,,,,,,,", u2574 ,m167,,
87577, u2574 ," Lisa -- there's something terribly wrong.,,,,,,,,,,,,,,,,,,,,,,,,,,,,,,,", u2575 ,m167,,
87578, u2575 ," I wouldn't dare answer that.,,,,,,,,,,,,,,,,,,,,,,,,,,,,,,,", u2574 ,m167,,
87579, u2574 ," Why hasn't he gone into his wife's bedroom all day?,,,,,,,,,,,,,,,,,,,,,,,,,,,,,,,", u2575 ,m167,,
87580, u2575 ," Nothing, thank heaven."",,,,,,,,,,,,,,,,,,,,,,,,,,,,,,,", u2574 ,m167,,
87581, u2574 ," What's interesting about a butcher's knife and a small saw wrapped up in a newspaper?,,,,,,,,,,,,,,,,,,,,,,,,,,,,,,,", u2575 ,m167,,
87582, u2575 ," Homework. It's more interesting.,,,,,,,,,,,,,,,,,,,,,,,,,,,,,,,", u2574 ,m167,,
87583, u2574 ," Not that salesman's wife. And why didn't he go to work today?,,,,,,,,,,,,,,,,,,,,,,,,,,,,,,,", u2575 ,m167,,
87584, u2575 ," He likes the way his wife welcomes him home.,,,,,,,,,,,,,,,,,,,,,,,,,,,,,,,", u2574 ,m167,,
87585, u2574 ," Why would a man leave his apartment three times, on a rainy night, with a suitcase? And come back three times?"",,,,,,,,,,,,,,,,,,,,,,,,,,,,,,,", u2575 ,m167,,
87586, u2575 ," Tell me about it.,,,,,,,,,,,,,,,,,,,,,,,,,,,,,,,", u2574 ,m167,,
87587, u2574 ," So do I.,,,,,,,,,,,,,,,,,,,,,,,,,,,,,,,", u2575 ,m167,,
87588, u2575 ," I have one now.,,,,,,,,,,,,,,,,,,,,,,,,,,,,,,,", u2574 ,m167,,
87589, u2574 ," Don't you ever have any problems?,,,,,,,,,,,,,,,,,,,,,,,,,,,,,,,", u2575 ,m167,,
87590, u2575 ," Your mind is. And when I want a man, I want all of him."",,,,,,,,,,,,,,,,,,,,,,,,,,,,,,,", u2574 ,m167,,
87591, u2574 ," I'm not exactly on the other side of the room.,,,,,,,,,,,,,,,,,,,,,,,,,,,,,,,", u2575 ,m167,,
87592, u2575 ," Without any future?,,,,,,,,,,,,,,,,,,,,,,,,,,,,,,,", u2574 ,m167,,
87593, u2574 ," Can't we just sort of keep things status quo?,,,,,,,,,,,,,,,,,,,,,,,,,,,,,,,", u2575 ,m167,,
87594, u2575 ," I mean what I said.,,,,,,,,,,,,,,,,,,,,,,,,,,,,,,,", u2574 ,m167,,
87595, u2574 ," You mean """"goodnight."""""",,,,,,,,,,,,,,,,,,,,,,,,,,,,,,,", u2575 ,m167,,
87596, u2575 ," Not quite -- it seems.  Goodbye, Jeff."",,,,,,,,,,,,,,,,,,,,,,,,,,,,,,,", u2574 ,m167,,
87597, u2574 ," There's nothing wrong with you, Lisa. You have the town in the palm of your hand."",,,,,,,,,,,,,,,,,,,,,,,,,,,,,,,", u2575 ,m167,,
87598, u2575 ," And it's deflating to find out that the only way I can be part of it -- is to take out a subscription to your magazine. I guess I'm not the girl I thought I was.,,,,,,,,,,,,,,,,,,,,,,,,,,,,,,,", u2574 ,m167,,
87599, u2574 ," Right now, it doesn't seem so."",,,,,,,,,,,,,,,,,,,,,,,,,,,,,,,", u2575 ,m167,,
87600, u2575 ," You don't think either one of us could ever change?,,,,,,,,,,,,,,,,,,,,,,,,,,,,,,,", u2574 ,m167,,
87601, u2574 ," If anything, I'm making it sound good.  Let's face it, Lisa... you aren't made for that kind of a life. Few people are."",,,,,,,,,,,,,,,,,,,,,,,,,,,,,,,", u2575 ,m167,,
87602, u2575 ," Jeff, you don't have to be deliberately repulsive just to impress me I'm wrong."",,,,,,,,,,,,,,,,,,,,,,,,,,,,,,,", u2574 ,m167,,
87603, u2574 ," Huh? Try and find a raincoat in Brazil. Even when it isn't raining  Lisa, on this job you carry one suitcase. Your home is the available transportation. You sleep rarely, bathe even less, and sometime the food you even look at when they were alive!"",,,,,,,,,,,,,,,,,,,,,,,,,,,,,,,", u2574 ,m167,,
87604, u2574 ," Well, they'd be very stylish in Finland -- just before you froze to death. Begin to get the idea?"",,,,,,,,,,,,,,,,,,,,,,,,,,,,,,,", u2575 ,m167,,
87605, u2575 ," Three.,,,,,,,,,,,,,,,,,,,,,,,,,,,,,,,", u2574 ,m167,,
87606, u2574 ," Those high heels would be a lot of use in the jungle -- and those nylons and six-ounce lingerie --,,,,,,,,,,,,,,,,,,,,,,,,,,,,,,,", u2574 ,m167,,
87607, u2574 ," Ever get shot at, run over, sandbagged at night because people got unfavorable publicity from your camera?"",,,,,,,,,,,,,,,,,,,,,,,,,,,,,,,", u2575 ,m167,,
87608, u2575 ," Oh, I do that all the time. Whenever I have a few minutes after lunch."",,,,,,,,,,,,,,,,,,,,,,,,,,,,,,,", u2574 ,m167,,
87609, u2574 ," You might have to, if you went with me. Ever try to keep warm in a C-54, at fifteen thousand feet, at twenty below zero?"",,,,,,,,,,,,,,,,,,,,,,,,,,,,,,,", u2575 ,m167,,
87610, u2575 ," Of course not.,,,,,,,,,,,,,,,,,,,,,,,,,,,,,,,", u2574 ,m167,,
87611, u2574 ," Did you ever eat fish heads and rice?,,,,,,,,,,,,,,,,,,,,,,,,,,,,,,,", u2574 ,m167,,
87612, u2574 ," Lisa! Shut up!,,,,,,,,,,,,,,,,,,,,,,,,,,,,,,,", u2575 ,m167,,
87613, u2575 ," You can't fit in here -- I can't fit in there. According to you, people should be born, live an die on the same --"",,,,,,,,,,,,,,,,,,,,,,,,,,,,,,,", u2574 ,m167,,
87614, u2574 ," Lisa, simmer down -- will you?"",,,,,,,,,,,,,,,,,,,,,,,,,,,,,,,", u2575 ,m167,,
87615, u2575 ," It's ridiculous for you to say that it can only be done by a special, private little group of anointed people."",,,,,,,,,,,,,,,,,,,,,,,,,,,,,,,", u2574 ,m167,,
87616, u2574 ," All right. That's your opinion. You're entitled to it, but --"",,,,,,,,,,,,,,,,,,,,,,,,,,,,,,,", u2575 ,m167,,
87617, u2575 ," What is it but traveling from one place to another, taking pictures? It's just like being a tourist on an endless vacation."",,,,,,,,,,,,,,,,,,,,,,,,,,,,,,,", u2574 ,m167,,
87618, u2574 ," Some people can. Now if you'll let me explain --,,,,,,,,,,,,,,,,,,,,,,,,,,,,,,,", u2575 ,m167,,
87619, u2575 ," It doesn't make sense to me. What's so different about it here from over there, or any place you go, that one person couldn't live in both places just as easily?"",,,,,,,,,,,,,,,,,,,,,,,,,,,,,,,", u2574 ,m167,,
87620, u2574 ," There's nothing I'm hiding. It's just that --,,,,,,,,,,,,,,,,,,,,,,,,,,,,,,,", u2575 ,m167,,
87621, u2575 ," If you're saying all this just because you don't want to tell me the truth, because you're hiding something from me, then maybe I can understand --"",,,,,,,,,,,,,,,,,,,,,,,,,,,,,,,", u2574 ,m167,,
87622, u2574 ," No wonder he's having so much trouble with it.,,,,,,,,,,,,,,,,,,,,,,,,,,,,,,,", u2575 ,m167,,
87623, u2575 ," Almost as if it were being written especially for us.,,,,,,,,,,,,,,,,,,,,,,,,,,,,,,,", u2575 ,m167,,
87624, u2575 ," I think it's enchanting.,,,,,,,,,,,,,,,,,,,,,,,,,,,,,,,", u2574 ,m167,,
87625, u2574 ," Oh... some songwriter. In the studio apartment. Lives alone. Probably had an unhappy marriage.,,,,,,,,,,,,,,,,,,,,,,,,,,,,,,,", u2575 ,m167,,
87626, u2575 ," You said it resembled my apartment, didn't you?"",,,,,,,,,,,,,,,,,,,,,,,,,,,,,,,", u2574 ,m167,,
87627, u2574 ," How can you tell that -- from here?,,,,,,,,,,,,,,,,,,,,,,,,,,,,,,,", u2575 ,m167,,
87628, u2575 ," She's not in love with him -- or any of them.,,,,,,,,,,,,,,,,,,,,,,,,,,,,,,,", u2574 ,m167,,
87629, u2574 ," Well, she picked the most prosperous looking one."",,,,,,,,,,,,,,,,,,,,,,,,,,,,,,,", u2574 ,m167,,
87630, u2574 ," Not exactly -- but we have a little apartment here that's probably about as popular as yours.  You, of course, remember Miss Torso."",,,,,,,,,,,,,,,,,,,,,,,,,,,,,,,", u2575 ,m167,,
87631, u2575 ," Oh? You can see my apartment all the way up on 63rd street?,,,,,,,,,,,,,,,,,,,,,,,,,,,,,,,", u2574 ,m167,,
87632, u2574 ," Miss Lonely Hearts. At least that's something you'll never have to worry about.,,,,,,,,,,,,,,,,,,,,,,,,,,,,,,,", u2575 ,m167,,
87633, u2575 ," That's what is know as """"manless melancholia."""""",,,,,,,,,,,,,,,,,,,,,,,,,,,,,,,", u2574 ,m167,,
87634, u2574 ," Let's not talk any more nonsense, huh?"",,,,,,,,,,,,,,,,,,,,,,,,,,,,,,,", u2575 ,m167,,
87635, u2575 ," I could see you looking handsome and successful in a dark blue flannel suit.,,,,,,,,,,,,,,,,,,,,,,,,,,,,,,,", u2574 ,m167,,
87636, u2574 ," That's what I'm afraid of.  Could you see me -- driving down to the fashion salon in a jeep -- wearing combat boots and a three day beard? ,,,,,,,,,,,,,,,,,,,,,,,,,,,,,,,", u2575 ,m167,,
87637, u2575 ," Don't laugh. -- I could do it!,,,,,,,,,,,,,,,,,,,,,,,,,,,,,,,", u2575 ,m167,,
87638, u2575 ," For yourself -- and me.  I could get you a dozen assignments tomorrow... fashion, portraits --"",,,,,,,,,,,,,,,,,,,,,,,,,,,,,,,", u2574 ,m167,,
87639, u2574 ," For what?,,,,,,,,,,,,,,,,,,,,,,,,,,,,,,,", u2575 ,m167,,
87640, u2575 ," Yes.,,,,,,,,,,,,,,,,,,,,,,,,,,,,,,,", u2574 ,m167,,
87641, u2574 ," You mean leave the magazine?,,,,,,,,,,,,,,,,,,,,,,,,,,,,,,,", u2575 ,m167,,
87642, u2575 ," Make the one you want.,,,,,,,,,,,,,,,,,,,,,,,,,,,,,,,", u2574 ,m167,,
87643, u2574 ," I wish there was one I wanted.,,,,,,,,,,,,,,,,,,,,,,,,,,,,,,,", u2575 ,m167,,
87644, u2575 ," Jeff -- isn't it time you came home? You could pick your assignment.,,,,,,,,,,,,,,,,,,,,,,,,,,,,,,,", u2574 ,m167,,
87645, u2574 ," How could I run it from say -- Pakistan?,,,,,,,,,,,,,,,,,,,,,,,,,,,,,,,", u2575 ,m167,,
87646, u2575 ," Someday you might want to open up your own studio here.,,,,,,,,,,,,,,,,,,,,,,,,,,,,,,,", u2574 ,m167,,
87647, u2574 ," That's good news.,,,,,,,,,,,,,,,,,,,,,,,,,,,,,,,", u2575 ,m167,,
87648, u2575 ," You can't buy that kind of publicity.,,,,,,,,,,,,,,,,,,,,,,,,,,,,,,,", u2575 ,m167,,
87649, u2575 ," She looked very cool. She had on a mint green --,,,,,,,,,,,,,,,,,,,,,,,,,,,,,,,", u2574 ,m167,,
87650, u2574 ," Tell me -- what was Slim Hayward wearing?,,,,,,,,,,,,,,,,,,,,,,,,,,,,,,,", u2575 ,m167,,
87651, u2575 ," Not a bit. I was all morning in a sales meeting. Then over to the Waldorf for a quick drink with Madame Dufresne -- just over from Paris. With some spy reports. Back to the """"21"""" for lunch with the Harper's Bazaar people -- that's when I ordered dinner. Then two Fall showings -- twenty blocks apart. Then I had to have a cocktail with Leland and Slim Hayward -- we're trying to get his next show.  Then I had to dash back and change."",,,,,,,,,,,,,,,,,,,,,,,,,,,,,,,", u2574 ,m167,,
87652, u2574 ," Tired?,,,,,,,,,,,,,,,,,,,,,,,,,,,,,,,", u2575 ,m167,,
87653, u2575 ," What a day I've had!,,,,,,,,,,,,,,,,,,,,,,,,,,,,,,,", u2575 ,m167,,
87654, u2575 ," Well, I'm going to make this a week you'll never forget."",,,,,,,,,,,,,,,,,,,,,,,,,,,,,,,", u2574 ,m167,,
87655, u2574 ," Yeah -- I want to get this thing off and get moving.,,,,,,,,,,,,,,,,,,,,,,,,,,,,,,,", u2575 ,m167,,
87656, u2575 ," I couldn't think of anything more boring and tiresome than what you've been through. And the last week must be the hardest.,,,,,,,,,,,,,,,,,,,,,,,,,,,,,,,", u2574 ,m167,,
87657, u2574 ," Fine. Corkscrew's on the right.,,,,,,,,,,,,,,,,,,,,,,,,,,,,,,,", u2575 ,m167,,
87658, u2575 ," Big enough?,,,,,,,,,,,,,,,,,,,,,,,,,,,,,,,", u2574 ,m167,,
87659, u2574 ," You have, perhaps, an ambulance outside?"",,,,,,,,,,,,,,,,,,,,,,,,,,,,,,,", u2575 ,m167,,
87660, u2575 ," What would you think of starting off with dinner at the """"21""""?"",,,,,,,,,,,,,,,,,,,,,,,,,,,,,,,", u2575 ,m167,,
87661, u2575 ," I wanted to, Jeff.  Oh!"",,,,,,,,,,,,,,,,,,,,,,,,,,,,,,,", u2574 ,m167,,
87662, u2574 ," Now that's no way to spend your hard- earned money!,,,,,,,,,,,,,,,,,,,,,,,,,,,,,,,", u2575 ,m167,,
87663, u2575 ," It's cracked -- and you never use it. And it's too ornate. I'm sending up a plain, flat silver one -- with just your initials engraved."",,,,,,,,,,,,,,,,,,,,,,,,,,,,,,,", u2574 ,m167,,
87664, u2574 ," Picked it up in Shanghai -- which has also seen better days.,,,,,,,,,,,,,,,,,,,,,,,,,,,,,,,", u2574 ,m167,,
87665, u2574 ," Hasn't been any big demand for tickets.,,,,,,,,,,,,,,,,,,,,,,,,,,,,,,,", u2575 ,m167,,
87666, u2575 ," It's opening night of the last depressing week of L. B. Jefferies in a cast.,,,,,,,,,,,,,,,,,,,,,,,,,,,,,,,", u2574 ,m167,,
87667, u2574 ," It's just a run-of-the-mill Monday. The calendar's loaded with them.,,,,,,,,,,,,,,,,,,,,,,,,,,,,,,,", u2575 ,m167,,
87668, u2575 ," Going on right here. It's a big night.,,,,,,,,,,,,,,,,,,,,,,,,,,,,,,,", u2574 ,m167,,
87669, u2574 ," Something big going on somewhere?,,,,,,,,,,,,,,,,,,,,,,,,,,,,,,,", u2574 ,m167,,
87670, u2574 ," Who buys them? Tax collectors?,,,,,,,,,,,,,,,,,,,,,,,,,,,,,,,", u2575 ,m167,,
87671, u2575 ," We sell a dozen a day in this price range.,,,,,,,,,,,,,,,,,,,,,,,,,,,,,,,", u2574 ,m167,,
87672, u2574 ," That dress should be listed on the stock exchange.,,,,,,,,,,,,,,,,,,,,,,,,,,,,,,,", u2575 ,m167,,
87673, u2575 ," -- A steal at eleven hundred dollars.,,,,,,,,,,,,,,,,,,,,,,,,,,,,,,,", u2574 ,m167,,
87674, u2574 ," Depends on the quote. Let's see -- there's the plane tickets over, import duties, hidden taxes, profit markups --"",,,,,,,,,,,,,,,,,,,,,,,,,,,,,,,", u2575 ,m167,,
87675, u2575 ," Only because it's expected of her.,,,,,,,,,,,,,,,,,,,,,,,,,,,,,,,", u2574 ,m167,,
87676, u2574 ," The Lisa Fremont who never wears the same dress twice?,,,,,,,,,,,,,,,,,,,,,,,,,,,,,,,", u2574 ,m167,,
87677, u2574 ," Uh-huh.,,,,,,,,,,,,,,,,,,,,,,,,,,,,,,,", u2575 ,m167,,
87678, u2575 ," Anything else bothering you?,,,,,,,,,,,,,,,,,,,,,,,,,,,,,,,", u2574 ,m167,,
87679, u2574 ," Not too active.,,,,,,,,,,,,,,,,,,,,,,,,,,,,,,,", u2575 ,m167,,
87680, u2575 ," And you love life?,,,,,,,,,,,,,,,,,,,,,,,,,,,,,,,", u2574 ,m167,,
87681, u2574 ," Empty as a football.,,,,,,,,,,,,,,,,,,,,,,,,,,,,,,,", u2575 ,m167,,
87682, u2575 ," And your stomach?,,,,,,,,,,,,,,,,,,,,,,,,,,,,,,,", u2574 ,m167,,
87683, u2574 ," Mmmm -- hurts a little.,,,,,,,,,,,,,,,,,,,,,,,,,,,,,,,", u2575 ,m167,,
87684, u2575 ," How's your leg?,,,,,,,,,,,,,,,,,,,,,,,,,,,,,,,", u2577 ,m167,,
87685, u2577 ," Two minutes.,,,,,,,,,,,,,,,,,,,,,,,,,,,,,,,", u2574 ,m167,,
87686, u2574 ," Chelsea 2-5598.,,,,,,,,,,,,,,,,,,,,,,,,,,,,,,,", u2577 ,m167,,
87687, u2577 ," Phone number?,,,,,,,,,,,,,,,,,,,,,,,,,,,,,,,", u2574 ,m167,,
87688, u2574 ," L. B. Jefferies.,,,,,,,,,,,,,,,,,,,,,,,,,,,,,,,", u2577 ,m167,,
87689, u2577 ," Your name?,,,,,,,,,,,,,,,,,,,,,,,,,,,,,,,", u2574 ,m167,,
87690, u2574 ," A man is assaulting a woman at one two five west ninth street. Second floor rear. Make it fast.,,,,,,,,,,,,,,,,,,,,,,,,,,,,,,,", u2577 ,m167,,
