,User_id,text,sec_user,movies_name,relationship,attachment
89375, u2625 ," Yeah. Keep a closer eye on her --  And him. Shootin' going on, we'll never find Lednov."",,,,,,,,,,,,,,,,,,,,,,,,,,,,,,,", u2621 ,m171,,
89376, u2621 ," Look of things, she doesn't."",,,,,,,,,,,,,,,,,,,,,,,,,,,,,,,", u2625 ,m171,,
89377, u2625 ," All I can get out of her is she don't care about livin'.,,,,,,,,,,,,,,,,,,,,,,,,,,,,,,,", u2621 ,m171,,
89378, u2621 ," I wouldn't know. Did you ask her?,,,,,,,,,,,,,,,,,,,,,,,,,,,,,,,", u2625 ,m171,,
89379, u2625 ," What's she doin' runnin' around the country at night.,,,,,,,,,,,,,,,,,,,,,,,,,,,,,,,", u2625 ,m171,,
89380, u2625 ," Nobody. The light was bad.,,,,,,,,,,,,,,,,,,,,,,,,,,,,,,,", u2621 ,m171,,
89381, u2621 ," Who shot who?,,,,,,,,,,,,,,,,,,,,,,,,,,,,,,,", u2621 ,m171,,
89382, u2621 ," Like you said, maybe he knows where my ranch is. If he does, he'll be waiting on the porch."",,,,,,,,,,,,,,,,,,,,,,,,,,,,,,,", u2625 ,m171,,
89383, u2625 ," And that's more important than finding Lednov?,,,,,,,,,,,,,,,,,,,,,,,,,,,,,,,", u2621 ,m171,,
89384, u2621 ," I've got eleven horses to get over the mountains before snow catches me and covers the feed.,,,,,,,,,,,,,,,,,,,,,,,,,,,,,,,", u2625 ,m171,,
89385, u2625 ," We're going to look for him. Want to come along?,,,,,,,,,,,,,,,,,,,,,,,,,,,,,,,", u2621 ,m171,,
89386, u2621 ," Maybe he did.,,,,,,,,,,,,,,,,,,,,,,,,,,,,,,,", u2625 ,m171,,
89387, u2625 ," You should be. Maybe Lednov heard about that Sonora ranch of yours.,,,,,,,,,,,,,,,,,,,,,,,,,,,,,,,", u2625 ,m171,,
89388, u2625 ," Graham's got something to tell you might interest you.,,,,,,,,,,,,,,,,,,,,,,,,,,,,,,,", u2621 ,m171,,
89389, u2621 ," Hello Graham -- Joe -- Mr. Gardner.,,,,,,,,,,,,,,,,,,,,,,,,,,,,,,,", u2631 ,m171,,
89390, u2631 ," Why didn't you say so. Go right out and get her. Ed. build the fire up.,,,,,,,,,,,,,,,,,,,,,,,,,,,,,,,", u2621 ,m171,,
89391, u2621 ," And one of 'em is sick.,,,,,,,,,,,,,,,,,,,,,,,,,,,,,,,", u2631 ,m171,,
89392, u2631 ," It doesn't matter who they are.,,,,,,,,,,,,,,,,,,,,,,,,,,,,,,,", u2621 ,m171,,
89393, u2621 ," But I'm going to have to leave 'em here. They're --- well they're not the sort of people you're used to.,,,,,,,,,,,,,,,,,,,,,,,,,,,,,,,", u2631 ,m171,,
89394, u2631 ," Tell them to come on in.,,,,,,,,,,,,,,,,,,,,,,,,,,,,,,,", u2621 ,m171,,
89395, u2621 ," Maybe you won't feel that way after I tell you what I stopped in for.,,,,,,,,,,,,,,,,,,,,,,,,,,,,,,,", u2631 ,m171,,
89396, u2631 ," You don't know how good it is to see you.,,,,,,,,,,,,,,,,,,,,,,,,,,,,,,,", u2629 ,m171,,
89397, u2629 ," I haven't got the job yet.,,,,,,,,,,,,,,,,,,,,,,,,,,,,,,,", u2621 ,m171,,
89398, u2621 ," Because... well, you said you wanted a man to think enough of you to walk in the place you were working and take you out of there... tonight I was sort of tied up with Steve... but tomorrow I figured on doing just that."",,,,,,,,,,,,,,,,,,,,,,,,,,,,,,,", u2629 ,m171,,
89399, u2629 ," Why?,,,,,,,,,,,,,,,,,,,,,,,,,,,,,,,", u2621 ,m171,,
89400, u2621 ," That job you were talkin' about, did you get it yet?"",,,,,,,,,,,,,,,,,,,,,,,,,,,,,,,", u2629 ,m171,,
89401, u2629 ," To the other side of the street.,,,,,,,,,,,,,,,,,,,,,,,,,,,,,,,", u2621 ,m171,,
89402, u2621 ," Where you going?,,,,,,,,,,,,,,,,,,,,,,,,,,,,,,,", u2621 ,m171,,
89403, u2621 ," Like I said, women get in the way sometimes."",,,,,,,,,,,,,,,,,,,,,,,,,,,,,,,", u2629 ,m171,,
89404, u2629 ," Thanks for loading me on the stage. I know now why you did it.,,,,,,,,,,,,,,,,,,,,,,,,,,,,,,,", u2621 ,m171,,
89405, u2621 ," Thanks for taking over.,,,,,,,,,,,,,,,,,,,,,,,,,,,,,,,", u2629 ,m171,,
89406, u2629 ," By the way, if you ever go past the Wyatt ranch, have another talk with Elaine."",,,,,,,,,,,,,,,,,,,,,,,,,,,,,,,", u2621 ,m171,,
89407, u2621 ," Goodbye, Mary."",,,,,,,,,,,,,,,,,,,,,,,,,,,,,,,", u2629 ,m171,,
89408, u2629 ," Goodbye. Thanks for the lift.,,,,,,,,,,,,,,,,,,,,,,,,,,,,,,,", u2621 ,m171,,
89409, u2621 ," Maybe they will.,,,,,,,,,,,,,,,,,,,,,,,,,,,,,,,", u2629 ,m171,,
89410, u2629 ," I'm fool enough to believe that one of these days somebody will. Somebody who wants me as I am will maybe walk into the place where I'm working and take me out of there.,,,,,,,,,,,,,,,,,,,,,,,,,,,,,,,", u2621 ,m171,,
89411, u2621 ," Hurry up.,,,,,,,,,,,,,,,,,,,,,,,,,,,,,,,", u2629 ,m171,,
89412, u2629 ," I can't change either. Not unless somebody wants me enough to give me a hand.,,,,,,,,,,,,,,,,,,,,,,,,,,,,,,,", u2621 ,m171,,
89413, u2621 ," I can't help how I think. You're trained a certain way when you're a kid and you can't change.,,,,,,,,,,,,,,,,,,,,,,,,,,,,,,,", u2629 ,m171,,
89414, u2629 ," Some of 'em you didn't mean but most of 'em you did. I don't blame you because I understand your way of thinking and why you think that way. You want your women on pedestals. But they have to be born on 'em -- they can fall off but they can't climb back up.,,,,,,,,,,,,,,,,,,,,,,,,,,,,,,,", u2629 ,m171,,
89415, u2629 ," Fine -- maybe I'll see you there sometime.,,,,,,,,,,,,,,,,,,,,,,,,,,,,,,,", u2621 ,m171,,
89416, u2621 ," It's going to Sonora.,,,,,,,,,,,,,,,,,,,,,,,,,,,,,,,", u2629 ,m171,,
89417, u2629 ," Maybe it isn't going to Sonora, but it's going somewhere, which is all right with me."",,,,,,,,,,,,,,,,,,,,,,,,,,,,,,,", u2621 ,m171,,
89418, u2621 ," I'm sorry.,,,,,,,,,,,,,,,,,,,,,,,,,,,,,,,", u2629 ,m171,,
89419, u2629 ," I won't have you fighting over me.,,,,,,,,,,,,,,,,,,,,,,,,,,,,,,,", u2621 ,m171,,
89420, u2621 ," Like I said, I was thinkin' of the horses."",,,,,,,,,,,,,,,,,,,,,,,,,,,,,,,", u2629 ,m171,,
89421, u2629 ," If you want to go on, I can make it all right."",,,,,,,,,,,,,,,,,,,,,,,,,,,,,,,", u2621 ,m171,,
89422, u2621 ," So grab yourself some sleep while you have the chance.,,,,,,,,,,,,,,,,,,,,,,,,,,,,,,,", u2621 ,m171,,
89423, u2621 ," There won't be any rest of the trip. Over the hill is a stage road and when we hit it you get dumped into the first stage that comes along. So keep your money. You'll need it for the fare. I'm fed up with you. I was fed up with you before we started.,,,,,,,,,,,,,,,,,,,,,,,,,,,,,,,", u2629 ,m171,,
89424, u2629 ," Go on, take it. Then you can't spend the rest of the trip expecting to get paid."",,,,,,,,,,,,,,,,,,,,,,,,,,,,,,,", u2621 ,m171,,
89425, u2621 ," That's right -- worry about your clothes --,,,,,,,,,,,,,,,,,,,,,,,,,,,,,,,", u2629 ,m171,,
89426, u2629 ," All my clothes --,,,,,,,,,,,,,,,,,,,,,,,,,,,,,,,", u2621 ,m171,,
89427, u2621 ," I suppose that's my fault.,,,,,,,,,,,,,,,,,,,,,,,,,,,,,,,", u2629 ,m171,,
89428, u2629 ," No, I'm not all right. I'm soaked and I hit myself against that rock."",,,,,,,,,,,,,,,,,,,,,,,,,,,,,,,", u2629 ,m171,,
89429, u2629 ," Then let's get started. The sooner I get to Sonora, the better I'll like it."",,,,,,,,,,,,,,,,,,,,,,,,,,,,,,,", u2621 ,m171,,
89430, u2621 ," All right -- it's said!,,,,,,,,,,,,,,,,,,,,,,,,,,,,,,,", u2629 ,m171,,
89431, u2629 ," Save 'em for the girl in gingham. Just tell me I'm not good enough for you. Go on. Say a woman like me can't change.,,,,,,,,,,,,,,,,,,,,,,,,,,,,,,,", u2621 ,m171,,
89432, u2621 ," If it's pretty speeches you want, you won't be hearing them. Even when I mean 'em, they don't come easy."",,,,,,,,,,,,,,,,,,,,,,,,,,,,,,,", u2629 ,m171,,
89433, u2629 ," I'm awake now. Go on. Say what you want to say. I'll listen.,,,,,,,,,,,,,,,,,,,,,,,,,,,,,,,", u2629 ,m171,,
89434, u2629 ," I don't expect anything. A minute ago I hadn't cuite waked up.,,,,,,,,,,,,,,,,,,,,,,,,,,,,,,,", u2621 ,m171,,
89435, u2621 ," What did you expect? Speeches I don't mean?,,,,,,,,,,,,,,,,,,,,,,,,,,,,,,,", u2629 ,m171,,
89436, u2629 ," What does a man usually tell a girl?,,,,,,,,,,,,,,,,,,,,,,,,,,,,,,,", u2621 ,m171,,
89437, u2621 ," What?,,,,,,,,,,,,,,,,,,,,,,,,,,,,,,,", u2629 ,m171,,
89438, u2629 ," Tell me, darling."",,,,,,,,,,,,,,,,,,,,,,,,,,,,,,,", u2629 ,m171,,
89439, u2629 ," You don't mean that Clay.,,,,,,,,,,,,,,,,,,,,,,,,,,,,,,,", u2621 ,m171,,
89440, u2621 ," Maybe it's better that way.,,,,,,,,,,,,,,,,,,,,,,,,,,,,,,,", u2629 ,m171,,
89441, u2629 ," You should have. I don't like leaving things unfinished.,,,,,,,,,,,,,,,,,,,,,,,,,,,,,,,", u2629 ,m171,,
89442, u2629 ," Yes. But -- that was the other night. Now -- I don't think I would.,,,,,,,,,,,,,,,,,,,,,,,,,,,,,,,", u2621 ,m171,,
89443, u2621 ," You wouldn't do a thing like that, would you?"",,,,,,,,,,,,,,,,,,,,,,,,,,,,,,,", u2629 ,m171,,
89444, u2629 ," So that's it --  You think I was making fun of your girl in gingham.,,,,,,,,,,,,,,,,,,,,,,,,,,,,,,,", u2621 ,m171,,
89445, u2621 ," You know so much about me -- figure it out.,,,,,,,,,,,,,,,,,,,,,,,,,,,,,,,", u2621 ,m171,,
89446, u2621 ," Oh, it did. It had a great deal to do with you."",,,,,,,,,,,,,,,,,,,,,,,,,,,,,,,", u2629 ,m171,,
89447, u2629 ," I don't know. I thought I did. Now I'm not sure. I thought it had something to do with me.,,,,,,,,,,,,,,,,,,,,,,,,,,,,,,,", u2621 ,m171,,
89448, u2621 ," Why do you think?,,,,,,,,,,,,,,,,,,,,,,,,,,,,,,,", u2629 ,m171,,
89449, u2629 ," Why did you change your mind about bringing us along?,,,,,,,,,,,,,,,,,,,,,,,,,,,,,,,", u2621 ,m171,,
89450, u2621 ," Not on this trail, I don't. I've been over it before. Anyway, you ought to be pretty sleepy. Why don't you climb in back."",,,,,,,,,,,,,,,,,,,,,,,,,,,,,,,", u2629 ,m171,,
89451, u2629 ," Don't you trust me?,,,,,,,,,,,,,,,,,,,,,,,,,,,,,,,", u2621 ,m171,,
89452, u2621 ," No, I'm not. All I want 'em to do is keep ahead of us -- a long way ahead. So I'm riding up the line aways to pick us out a new trail."",,,,,,,,,,,,,,,,,,,,,,,,,,,,,,,", u2629 ,m171,,
89453, u2629 ," You're not going out to look for them?,,,,,,,,,,,,,,,,,,,,,,,,,,,,,,,", u2621 ,m171,,
89454, u2621 ," Better go on back and get some more sleep. You'll need it later on.,,,,,,,,,,,,,,,,,,,,,,,,,,,,,,,", u2621 ,m171,,
89455, u2621 ," It's too light yet.,,,,,,,,,,,,,,,,,,,,,,,,,,,,,,,", u2629 ,m171,,
89456, u2629 ," Are we leaving?,,,,,,,,,,,,,,,,,,,,,,,,,,,,,,,", u2621 ,m171,,
89457, u2621 ," That's fine.,,,,,,,,,,,,,,,,,,,,,,,,,,,,,,,", u2629 ,m171,,
89458, u2629 ," He knows his alphabet.,,,,,,,,,,,,,,,,,,,,,,,,,,,,,,,", u2629 ,m171,,
89459, u2629 ," Blonde as a new mop. And beautiful as the girl on a feed store calendar.,,,,,,,,,,,,,,,,,,,,,,,,,,,,,,,", u2621 ,m171,,
89460, u2621 ," Will she be dark or fair?,,,,,,,,,,,,,,,,,,,,,,,,,,,,,,,", u2629 ,m171,,
89461, u2629 ," But the rest is right.,,,,,,,,,,,,,,,,,,,,,,,,,,,,,,,", u2621 ,m171,,
89462, u2621 ," I'll make the soap myself.,,,,,,,,,,,,,,,,,,,,,,,,,,,,,,,", u2629 ,m171,,
89463, u2629 ," She wears this gingham dress -- cooks popovers -- makes jam in season -- makes her own soap from pig fat and wood ashes and has cheeks the color of red apples.,,,,,,,,,,,,,,,,,,,,,,,,,,,,,,,", u2621 ,m171,,
89464, u2621 ," Go on. Tell me more about her.,,,,,,,,,,,,,,,,,,,,,,,,,,,,,,,", u2629 ,m171,,
89465, u2629 ," Ever since you've looked after Steve you've had the dream -- a ranch on the river -- good grass, good water, barn corral and house --- that part you've shared with Steve. The girl in gingham you plan sneakin' in when he isn't looking. "",,,,,,,,,,,,,,,,,,,,,,,,,,,,,,,", u2629 ,m171,,
89466, u2629 ," You should know. She's in your dream.,,,,,,,,,,,,,,,,,,,,,,,,,,,,,,,", u2621 ,m171,,
89467, u2621 ," The who?,,,,,,,,,,,,,,,,,,,,,,,,,,,,,,,", u2629 ,m171,,
89468, u2629 ," You've earned it -- the horse ranch on the Toulomoe -- the girl in the spotted gingham.,,,,,,,,,,,,,,,,,,,,,,,,,,,,,,,", u2621 ,m171,,
89469, u2621 ," Thanks.,,,,,,,,,,,,,,,,,,,,,,,,,,,,,,,", u2629 ,m171,,
89470, u2629 ," I hope you get everything you want out of life --,,,,,,,,,,,,,,,,,,,,,,,,,,,,,,,", u2629 ,m171,,
89471, u2629 ," You could have treated us like they did in Aspen. No. You wouldn't do a thing like that -- it isn't in you to be mean or cruel.,,,,,,,,,,,,,,,,,,,,,,,,,,,,,,,", u2621 ,m171,,
89472, u2621 ," I couldn't leave you sitting by the road.,,,,,,,,,,,,,,,,,,,,,,,,,,,,,,,", u2629 ,m171,,
89473, u2629 ," You don't have to explain. Did I tell you how grateful I am for what you've done?,,,,,,,,,,,,,,,,,,,,,,,,,,,,,,,", u2621 ,m171,,
89474, u2621 ," And it's not only because the trip's a tough one --,,,,,,,,,,,,,,,,,,,,,,,,,,,,,,,", u2629 ,m171,,
89475, u2629 ," I suppose it is.,,,,,,,,,,,,,,,,,,,,,,,,,,,,,,,", u2621 ,m171,,
89476, u2621 ," I'm sorry, but that's how it's got to be."",,,,,,,,,,,,,,,,,,,,,,,,,,,,,,,", u2621 ,m171,,
89477, u2621 ," I hope so, too."",,,,,,,,,,,,,,,,,,,,,,,,,,,,,,,", u2629 ,m171,,
89478, u2629 ," No, thanks.  I hope we won't be a burden to them."",,,,,,,,,,,,,,,,,,,,,,,,,,,,,,,", u2621 ,m171,,
89479, u2621 ," Coffee?,,,,,,,,,,,,,,,,,,,,,,,,,,,,,,,", u2621 ,m171,,
89480, u2621 ," It's a long walk back to Aspen.,,,,,,,,,,,,,,,,,,,,,,,,,,,,,,,", u2629 ,m171,,
89481, u2629 ," We can't stay here!,,,,,,,,,,,,,,,,,,,,,,,,,,,,,,,", u2621 ,m171,,
89482, u2621 ," Hold on.,,,,,,,,,,,,,,,,,,,,,,,,,,,,,,,", u2629 ,m171,,
89483, u2629 ," I didn't know anything about her except she wanted a job because some man had left her stranded. I couldn't leave her in the street. Let's go.,,,,,,,,,,,,,,,,,,,,,,,,,,,,,,,", u2621 ,m171,,
89484, u2621 ," Didn't you know she had a father and mother out here?,,,,,,,,,,,,,,,,,,,,,,,,,,,,,,,", u2629 ,m171,,
89485, u2629 ," So that was why she tried to run away.,,,,,,,,,,,,,,,,,,,,,,,,,,,,,,,", u2621 ,m171,,
89486, u2621 ," No, Ma'am, we can't. We can get a roof and a fire and maybe Mrs. Wyatt knows something about taking care of sick people."",,,,,,,,,,,,,,,,,,,,,,,,,,,,,,,", u2629 ,m171,,
89487, u2629 ," Can we get a doctor at that ranch?,,,,,,,,,,,,,,,,,,,,,,,,,,,,,,,", u2621 ,m171,,
89488, u2621 ," But the nearest shelter's the Wyatt ranch and that's maybe five hours away.,,,,,,,,,,,,,,,,,,,,,,,,,,,,,,,", u2621 ,m171,,
89489, u2621 ," His letters will keep.,,,,,,,,,,,,,,,,,,,,,,,,,,,,,,,", u2629 ,m171,,
89490, u2629 ," They're stragglin'.,,,,,,,,,,,,,,,,,,,,,,,,,,,,,,,", u2621 ,m171,,
89491, u2621 ," Are the horses stragglin' or aren't they?,,,,,,,,,,,,,,,,,,,,,,,,,,,,,,,", u2629 ,m171,,
89492, u2629 ," Learnin' to read has nothing to do with the right or the wrong side of the street.,,,,,,,,,,,,,,,,,,,,,,,,,,,,,,,", u2621 ,m171,,
89493, u2621 ," Yeah. While the horses wander all over the country.,,,,,,,,,,,,,,,,,,,,,,,,,,,,,,,", u2629 ,m171,,
89494, u2629 ," He's learning his letters.,,,,,,,,,,,,,,,,,,,,,,,,,,,,,,,", u2621 ,m171,,
89495, u2621 ," Get back to the horses. They're straggling.,,,,,,,,,,,,,,,,,,,,,,,,,,,,,,,", u2621 ,m171,,
89496, u2621 ," Like sticking his nose into other people's business.,,,,,,,,,,,,,,,,,,,,,,,,,,,,,,,", u2629 ,m171,,
89497, u2629 ," Like what?,,,,,,,,,,,,,,,,,,,,,,,,,,,,,,,", u2629 ,m171,,
89498, u2629 ," That why you always took him on the other side of the street?,,,,,,,,,,,,,,,,,,,,,,,,,,,,,,,", u2621 ,m171,,
89499, u2621 ," Yeah.,,,,,,,,,,,,,,,,,,,,,,,,,,,,,,,", u2629 ,m171,,
89500, u2629 ," There's a nice boy.,,,,,,,,,,,,,,,,,,,,,,,,,,,,,,,", u2621 ,m171,,
89501, u2621 ," Go on, there's a good boy."",,,,,,,,,,,,,,,,,,,,,,,,,,,,,,,", u2629 ,m171,,
89502, u2629 ," Would you, Mr. Phillips?"",,,,,,,,,,,,,,,,,,,,,,,,,,,,,,,", u2621 ,m171,,
89503, u2621 ," Steve maybe you better get some wood for the fire.,,,,,,,,,,,,,,,,,,,,,,,,,,,,,,,", u2621 ,m171,,
89504, u2621 ," I'm not in his shoes, so leave me out of it."",,,,,,,,,,,,,,,,,,,,,,,,,,,,,,,", u2629 ,m171,,
89505, u2629 ," If you were in his shoes would you take one of us home?,,,,,,,,,,,,,,,,,,,,,,,,,,,,,,,", u2629 ,m171,,
89506, u2629 ," And look at it this way. How about Jim -- it puts him in a sort of tough spot.,,,,,,,,,,,,,,,,,,,,,,,,,,,,,,,", u2621 ,m171,,
89507, u2621 ," Of course it'll work. You can get another girl to fill out the act.,,,,,,,,,,,,,,,,,,,,,,,,,,,,,,,", u2621 ,m171,,
89508, u2621 ," In the grub box.  Toward morning the dew gets kind of heavy so maybe you better fix up a bed under the wagon. Spread some bunch grass under the tarp and the ground won't be so hard.,,,,,,,,,,,,,,,,,,,,,,,,,,,,,,,", u2629 ,m171,,
89509, u2629 ," Where do you keep the can opener?,,,,,,,,,,,,,,,,,,,,,,,,,,,,,,,", u2621 ,m171,,
89510, u2621 ," Mostly, we open a can of beans and boil some coffee."",,,,,,,,,,,,,,,,,,,,,,,,,,,,,,,", u2629 ,m171,,
89511, u2629 ," But you eat, don't you?"",,,,,,,,,,,,,,,,,,,,,,,,,,,,,,,", u2621 ,m171,,
89512, u2621 ," Steve and me, we use a saddle for a pillow and roll up in a tarp."",,,,,,,,,,,,,,,,,,,,,,,,,,,,,,,", u2629 ,m171,,
89513, u2629 ," Thanks. And isn't there something we can do about supper -- or making the beds?,,,,,,,,,,,,,,,,,,,,,,,,,,,,,,,", u2621 ,m171,,
89514, u2621 ," It's a nice place owned by an old couple named Wyatt.,,,,,,,,,,,,,,,,,,,,,,,,,,,,,,,", u2629 ,m171,,
89515, u2629 ," So am I.,,,,,,,,,,,,,,,,,,,,,,,,,,,,,,,", u2621 ,m171,,
89516, u2621 ," I'm Clay Phillips.  My brother Steve.,,,,,,,,,,,,,,,,,,,,,,,,,,,,,,,", u2629 ,m171,,
89517, u2629 ," And this is Helen Carter.,,,,,,,,,,,,,,,,,,,,,,,,,,,,,,,", u2629 ,m171,,
89518, u2629 ," Too much excitement. Or maybe it's just the heat. How about the surrey. Can you fix it?,,,,,,,,,,,,,,,,,,,,,,,,,,,,,,,", u2621 ,m171,,
89519, u2621 ," What's the matter with her?,,,,,,,,,,,,,,,,,,,,,,,,,,,,,,,", u2621 ,m171,,
89520, u2621 ," You'll have to drive -- except down hill.,,,,,,,,,,,,,,,,,,,,,,,,,,,,,,,", u2629 ,m171,,
89521, u2629 ," Our kind of women?,,,,,,,,,,,,,,,,,,,,,,,,,,,,,,,", u2621 ,m171,,
89522, u2621 ," I'm not running a stage line, ma'am, and I can't take a chance on losing the horses."",,,,,,,,,,,,,,,,,,,,,,,,,,,,,,,", u2629 ,m171,,
89523, u2629 ," We have to get to Sonora. There are jobs waiting for us there. We'll pay you for your trouble.,,,,,,,,,,,,,,,,,,,,,,,,,,,,,,,", u2621 ,m171,,
89524, u2621 ," You can stay here if you like.,,,,,,,,,,,,,,,,,,,,,,,,,,,,,,,", u2629 ,m171,,
89525, u2629 ," What good is it going to do us to go to some ranch?,,,,,,,,,,,,,,,,,,,,,,,,,,,,,,,", u2621 ,m171,,
89526, u2621 ," Course I can't. I'll give you a lift to the first ranch.,,,,,,,,,,,,,,,,,,,,,,,,,,,,,,,", u2629 ,m171,,
89527, u2629 ," You can't leave us here.,,,,,,,,,,,,,,,,,,,,,,,,,,,,,,,", u2621 ,m171,,
89528, u2621 ," Did you ever try taking a bunch of horses over Sonora Pass? It's quite a job.,,,,,,,,,,,,,,,,,,,,,,,,,,,,,,,", u2629 ,m171,,
89529, u2629 ," They won't be riding in the wagon.,,,,,,,,,,,,,,,,,,,,,,,,,,,,,,,", u2621 ,m171,,
89530, u2621 ," Just about.,,,,,,,,,,,,,,,,,,,,,,,,,,,,,,,", u2629 ,m171,,
89531, u2629 ," As far as -- Sonora?,,,,,,,,,,,,,,,,,,,,,,,,,,,,,,,", u2621 ,m171,,
89532, u2621 ," Yes, ma'am."",,,,,,,,,,,,,,,,,,,,,,,,,,,,,,,", u2621 ,m171,,
89533, u2621 ," I'm Clay Phillips.  My brother Steve.,,,,,,,,,,,,,,,,,,,,,,,,,,,,,,,", u2629 ,m171,,
89534, u2629 ," And this is Helen Carter.,,,,,,,,,,,,,,,,,,,,,,,,,,,,,,,", u2629 ,m171,,
89535, u2629 ," It was a gift from the citizens of Aspen. I'm Mary Wells.,,,,,,,,,,,,,,,,,,,,,,,,,,,,,,,", u2621 ,m171,,
89536, u2621 ," This must have been in the family a long time.,,,,,,,,,,,,,,,,,,,,,,,,,,,,,,,", u2629 ,m171,,
89537, u2629 ," Too much excitement. How about the surrey. Can you fix it?,,,,,,,,,,,,,,,,,,,,,,,,,,,,,,,", u2621 ,m171,,
89538, u2621 ," What's the matter with her?,,,,,,,,,,,,,,,,,,,,,,,,,,,,,,,", u2629 ,m171,,
89539, u2629 ," No. We came down the hill a little fast and...  ...the wheel broke.  Can you fix it for us?,,,,,,,,,,,,,,,,,,,,,,,,,,,,,,,", u2621 ,m171,,
89540, u2621 ," Anybody hurt?,,,,,,,,,,,,,,,,,,,,,,,,,,,,,,,", u2622 ,m171,,
89541, u2622 ," Hello, Miss Wells."",,,,,,,,,,,,,,,,,,,,,,,,,,,,,,,", u2621 ,m171,,
89542, u2621 ," Here's a man says he's looking for you girls.,,,,,,,,,,,,,,,,,,,,,,,,,,,,,,,", u2622 ,m171,,
89543, u2622 ," She's a friend -- took off this morning sort of sudden while I wasn't around.,,,,,,,,,,,,,,,,,,,,,,,,,,,,,,,", u2621 ,m171,,
89544, u2621 ," So did I. They were in it.,,,,,,,,,,,,,,,,,,,,,,,,,,,,,,,", u2622 ,m171,,
89545, u2622 ," I found their surrey --,,,,,,,,,,,,,,,,,,,,,,,,,,,,,,,", u2622 ,m171,,
89546, u2622 ," A fellow sees a fire go out all of a sudden, he don't take chances. My name's Clayton and I'm looking for someone."",,,,,,,,,,,,,,,,,,,,,,,,,,,,,,,", u2621 ,m171,,
89547, u2621 ," Then don't come sneakin' around a man's camp.,,,,,,,,,,,,,,,,,,,,,,,,,,,,,,,", u2622 ,m171,,
89548, u2622 ," Drop yours. I'm gunshy.,,,,,,,,,,,,,,,,,,,,,,,,,,,,,,,", u2621 ,m171,,
89549, u2621 ," No they won't.,,,,,,,,,,,,,,,,,,,,,,,,,,,,,,,", u2623 ,m171,,
89550, u2623 ," You've got to -- don't you understand -- they want me with them and they'll fix it so I have to go --,,,,,,,,,,,,,,,,,,,,,,,,,,,,,,,", u2621 ,m171,,
89551, u2621 ," I can't --,,,,,,,,,,,,,,,,,,,,,,,,,,,,,,,", u2621 ,m171,,
89552, u2621 ," How's that?,,,,,,,,,,,,,,,,,,,,,,,,,,,,,,,", u2623 ,m171,,
89553, u2623 ," Which ranch?,,,,,,,,,,,,,,,,,,,,,,,,,,,,,,,", u2621 ,m171,,
89554, u2621 ," Stretch out under the seat, Miss."",,,,,,,,,,,,,,,,,,,,,,,,,,,,,,,", u2621 ,m171,,
89555, u2621 ," It wouldn't happen to be this...,,,,,,,,,,,,,,,,,,,,,,,,,,,,,,,", u2623 ,m171,,
89556, u2623 ," I -- lost something.,,,,,,,,,,,,,,,,,,,,,,,,,,,,,,,", u2632 ,m171,,
89557, u2632 ," Well, then, I know it takes three -- four weeks for you to come round to admit when you're wrong... But by that time she's liable to be in China..."",,,,,,,,,,,,,,,,,,,,,,,,,,,,,,,", u2621 ,m171,,
89558, u2621 ," I guess so -- but don't make a habit of it.,,,,,,,,,,,,,,,,,,,,,,,,,,,,,,,", u2632 ,m171,,
89559, u2632 ," So -- maybe I'm old enough to tell you how to run your life?,,,,,,,,,,,,,,,,,,,,,,,,,,,,,,,", u2621 ,m171,,
89560, u2621 ," Yeah -- but don't make a habit of it.,,,,,,,,,,,,,,,,,,,,,,,,,,,,,,,", u2632 ,m171,,
89561, u2632 ," Guess maybe I'm old enough to hold my own in a fight, huh?"",,,,,,,,,,,,,,,,,,,,,,,,,,,,,,,", u2621 ,m171,,
89562, u2621 ," You'll live.,,,,,,,,,,,,,,,,,,,,,,,,,,,,,,,", u2632 ,m171,,
89563, u2632 ," Kind of sore.,,,,,,,,,,,,,,,,,,,,,,,,,,,,,,,", u2621 ,m171,,
89564, u2621 ," How's that?,,,,,,,,,,,,,,,,,,,,,,,,,,,,,,,", u2621 ,m171,,
89565, u2621 ," I just wondered. Let's go.,,,,,,,,,,,,,,,,,,,,,,,,,,,,,,,", u2632 ,m171,,
89566, u2632 ," Sure. What other reason would there be?,,,,,,,,,,,,,,,,,,,,,,,,,,,,,,,", u2621 ,m171,,
89567, u2621 ," Is that the only reason you came back?,,,,,,,,,,,,,,,,,,,,,,,,,,,,,,,", u2632 ,m171,,
89568, u2632 ," Like I told you, half those horses are mine. I'm makin' sure they get to the ranch safe. So let's quit arguing and do whatever you figure on doin'."",,,,,,,,,,,,,,,,,,,,,,,,,,,,,,,", u2621 ,m171,,
89569, u2621 ," What did you come back for?,,,,,,,,,,,,,,,,,,,,,,,,,,,,,,,", u2621 ,m171,,
89570, u2621 ," You'll get your share. Go on. I don't want you around.,,,,,,,,,,,,,,,,,,,,,,,,,,,,,,,", u2632 ,m171,,
89571, u2632 ," Half of them are mine.,,,,,,,,,,,,,,,,,,,,,,,,,,,,,,,", u2621 ,m171,,
89572, u2621 ," You want to split up? --,,,,,,,,,,,,,,,,,,,,,,,,,,,,,,,", u2632 ,m171,,
89573, u2632 ," It is so your fault and... and I guess maybe when we hit the ranch... you andme better...,,,,,,,,,,,,,,,,,,,,,,,,,,,,,,,", u2632 ,m171,,
89574, u2632 ," She told me not to fight with you anymore. She said it wasn't your fault, but -- I figure different..."",,,,,,,,,,,,,,,,,,,,,,,,,,,,,,,", u2621 ,m171,,
89575, u2621 ," I don't care what she asked you.,,,,,,,,,,,,,,,,,,,,,,,,,,,,,,,", u2632 ,m171,,
89576, u2632 ," You know what she asked me?,,,,,,,,,,,,,,,,,,,,,,,,,,,,,,,", u2632 ,m171,,
89577, u2632 ," You think you're so slmighty -- smart -- Who are you to sit up there and say nobody's good enough for you, like you said yesterday -- just because a man kisses a woman --"",,,,,,,,,,,,,,,,,,,,,,,,,,,,,,,", u2621 ,m171,,
89578, u2621 ," I said keep your nose out of my life. No kid is going to tell me how to run it.,,,,,,,,,,,,,,,,,,,,,,,,,,,,,,,", u2632 ,m171,,
89579, u2632 ," Maybe I haven't lived as long as you have, but I know a sight more about people and I wouldn't talk to a mule like you talked to her and, if I did, I'd say how sorry I was. I'd be man enough to do that."",,,,,,,,,,,,,,,,,,,,,,,,,,,,,,,", u2621 ,m171,,
89580, u2621 ," You keep your nose out of my life, young fella."",,,,,,,,,,,,,,,,,,,,,,,,,,,,,,,", u2632 ,m171,,
89581, u2632 ," You oughta say you're sorry -- that's what you oughta do.,,,,,,,,,,,,,,,,,,,,,,,,,,,,,,,", u2621 ,m171,,
89582, u2621 ," Sit down and eat. Till I say the word, you're doing what you're told."",,,,,,,,,,,,,,,,,,,,,,,,,,,,,,,", u2632 ,m171,,
89583, u2632 ," Go on, hit me."",,,,,,,,,,,,,,,,,,,,,,,,,,,,,,,", u2632 ,m171,,
89584, u2632 ," What makes you think you're so almighty? Telling people what to do and how to act when you don't even know how yourself.,,,,,,,,,,,,,,,,,,,,,,,,,,,,,,,", u2621 ,m171,,
89585, u2621 ," Kind of feeling your oats this morning. I haven't laid a hand on you for quite a while, but that doesn't mean you're too old."",,,,,,,,,,,,,,,,,,,,,,,,,,,,,,,", u2632 ,m171,,
89586, u2632 ," I'll eat when I'm good and ready.,,,,,,,,,,,,,,,,,,,,,,,,,,,,,,,", u2621 ,m171,,
89587, u2621 ," Come on. We got a couple hours to eat and get some sleep.,,,,,,,,,,,,,,,,,,,,,,,,,,,,,,,", u2632 ,m171,,
89588, u2632 ," That ain't why. I just figure it's about time to start runnin' my own life.,,,,,,,,,,,,,,,,,,,,,,,,,,,,,,,", u2621 ,m171,,
89589, u2621 ," All right, I hurt your feelings. But you know better than to go lightin' fires."",,,,,,,,,,,,,,,,,,,,,,,,,,,,,,,", u2621 ,m171,,
89590, u2621 ," You better start.,,,,,,,,,,,,,,,,,,,,,,,,,,,,,,,", u2632 ,m171,,
89591, u2632 ," I didn't stop to think, Clay."",,,,,,,,,,,,,,,,,,,,,,,,,,,,,,,", u2621 ,m171,,
89592, u2621 ," Just the grub box and bed rolls.,,,,,,,,,,,,,,,,,,,,,,,,,,,,,,,", u2632 ,m171,,
89593, u2632 ," Want the wagon unloaded, Clay?"",,,,,,,,,,,,,,,,,,,,,,,,,,,,,,,", u2621 ,m171,,
89594, u2621 ," There's a lot of things I don't see any sense to. But make up your mind. Learn to read or --  -- go back and watch the horses.,,,,,,,,,,,,,,,,,,,,,,,,,,,,,,,", u2632 ,m171,,
89595, u2632 ," I'm not, but there's some of it I don't see any sense to."",,,,,,,,,,,,,,,,,,,,,,,,,,,,,,,", u2621 ,m171,,
89596, u2621 ," Don't go arguing with your teacher.,,,,,,,,,,,,,,,,,,,,,,,,,,,,,,,", u2632 ,m171,,
89597, u2632 ," There's only two of them now.,,,,,,,,,,,,,,,,,,,,,,,,,,,,,,,", u2621 ,m171,,
89598, u2621 ," Finished, son?"",,,,,,,,,,,,,,,,,,,,,,,,,,,,,,,", u2632 ,m171,,
89599, u2632 ," Leaving them here when we could just as well take them. We got plenty of room in the wagon. And -- and -- they cook and drive the mules. They don't bother anybody.,,,,,,,,,,,,,,,,,,,,,,,,,,,,,,,", u2621 ,m171,,
89600, u2621 ," But you never can tell. Why don't you get that new rifle out of the wagon?,,,,,,,,,,,,,,,,,,,,,,,,,,,,,,,", u2632 ,m171,,
89601, u2632 ," Yeah, it does."",,,,,,,,,,,,,,,,,,,,,,,,,,,,,,,", u2621 ,m171,,
89602, u2621 ," Maybe I should. But I was never much on killin'. Anyway, he moved too quick and I just got him through the shoulder.  Looks pretty peaceful up ahead."",,,,,,,,,,,,,,,,,,,,,,,,,,,,,,,", u2632 ,m171,,
89603, u2632 ," Maybe you shoulda killed him.,,,,,,,,,,,,,,,,,,,,,,,,,,,,,,,", u2621 ,m171,,
89604, u2621 ," I caught up with Lednov in Nogales. He didn't like the idea of comin' back across the border but he came. I turned him over to the sheriff and -- that's the story.,,,,,,,,,,,,,,,,,,,,,,,,,,,,,,,", u2632 ,m171,,
89605, u2632 ," Oh... that's the time you went away.,,,,,,,,,,,,,,,,,,,,,,,,,,,,,,,", u2621 ,m171,,
89606, u2621 ," That's what I told you then. Only he didn't. Lednov killed him.,,,,,,,,,,,,,,,,,,,,,,,,,,,,,,,", u2632 ,m171,,
89607, u2632 ," Sure I do. Went off down to Mexico or something...,,,,,,,,,,,,,,,,,,,,,,,,,,,,,,,", u2621 ,m171,,
89608, u2621 ," You remember Jeff Rawson? -- We used to go fishing and hunting with him when you were so high.,,,,,,,,,,,,,,,,,,,,,,,,,,,,,,,", u2632 ,m171,,
89609, u2632 ," Sure I remember. You went to Mexico lookin' for cattle.,,,,,,,,,,,,,,,,,,,,,,,,,,,,,,,", u2621 ,m171,,
89610, u2621 ," I guess I have. You were pretty little when they locked him up. I don't suppose you even remember that time I was gone two months.,,,,,,,,,,,,,,,,,,,,,,,,,,,,,,,", u2632 ,m171,,
89611, u2632 ," Okeh, I was wrong. But you can't expect a fellow who never saw Lednov and never heard his name until a while ago to do too much worryin'. You've been sorta close mouthed about him."",,,,,,,,,,,,,,,,,,,,,,,,,,,,,,,", u2632 ,m171,,
89612, u2632 ," I won't again.,,,,,,,,,,,,,,,,,,,,,,,,,,,,,,,", u2621 ,m171,,
89613, u2621 ," It's all right with me if she teaches you, but I don't want you forgettin' your job."",,,,,,,,,,,,,,,,,,,,,,,,,,,,,,,", u2621 ,m171,,
89614, u2621 ," Sure. You'll find it under the wagon seat. Like I said before, a twenty- two's more your size."",,,,,,,,,,,,,,,,,,,,,,,,,,,,,,,", u2632 ,m171,,
89615, u2632 ," Can I have my gun back?,,,,,,,,,,,,,,,,,,,,,,,,,,,,,,,", u2621 ,m171,,
89616, u2621 ," That's right, Steve."",,,,,,,,,,,,,,,,,,,,,,,,,,,,,,,", u2632 ,m171,,
89617, u2632 ," A man can't help gettin' excited once in a while.,,,,,,,,,,,,,,,,,,,,,,,,,,,,,,,", u2621 ,m171,,
89618, u2621 ," Good thing you didn't.,,,,,,,,,,,,,,,,,,,,,,,,,,,,,,,", u2632 ,m171,,
89619, u2632 ," They were quite a ways off and the wind was blowin'. I didn't have them to aim.,,,,,,,,,,,,,,,,,,,,,,,,,,,,,,,", u2621 ,m171,,
89620, u2621 ," How'd you happen to miss?,,,,,,,,,,,,,,,,,,,,,,,,,,,,,,,", u2632 ,m171,,
89621, u2632 ," There was only three of them at first. I guess I lost my head.,,,,,,,,,,,,,,,,,,,,,,,,,,,,,,,", u2621 ,m171,,
89622, u2621 ," Swimming.,,,,,,,,,,,,,,,,,,,,,,,,,,,,,,,", u2632 ,m171,,
89623, u2632 ," Where'd they go?,,,,,,,,,,,,,,,,,,,,,,,,,,,,,,,", u2632 ,m171,,
89624, u2632 ," Morgan blood. The beat in Nevada. Clay and me have a place on the Toulomne River. We're going to raise horses like these.,,,,,,,,,,,,,,,,,,,,,,,,,,,,,,,", u2621 ,m171,,
89625, u2621 ," I've got eleven horses.,,,,,,,,,,,,,,,,,,,,,,,,,,,,,,,", u2621 ,m171,,
89626, u2621 ," Things get tough next winter, you'll have somethin' to wear."",,,,,,,,,,,,,,,,,,,,,,,,,,,,,,,", u2632 ,m171,,
89627, u2632 ," They sure must have been travelin'. This keeps up we can start a store.,,,,,,,,,,,,,,,,,,,,,,,,,,,,,,,", u2632 ,m171,,
89628, u2632 ," Lednov.,,,,,,,,,,,,,,,,,,,,,,,,,,,,,,,", u2621 ,m171,,
89629, u2621 ," He doesn't like me. What you eatin'?,,,,,,,,,,,,,,,,,,,,,,,,,,,,,,,", u2632 ,m171,,
89630, u2632 ," Why?,,,,,,,,,,,,,,,,,,,,,,,,,,,,,,,", u2621 ,m171,,
89631, u2621 ," Yeah -- and Lednov's only lookin' for one man. Me.,,,,,,,,,,,,,,,,,,,,,,,,,,,,,,,", u2632 ,m171,,
89632, u2632 ," Sure a lot of guys lookin' for Lednov.,,,,,,,,,,,,,,,,,,,,,,,,,,,,,,,", u2621 ,m171,,
89633, u2621 ," Unless the sheriff gets too close and he holes up.,,,,,,,,,,,,,,,,,,,,,,,,,,,,,,,", u2632 ,m171,,
89634, u2632 ," And meet him there.,,,,,,,,,,,,,,,,,,,,,,,,,,,,,,,", u2621 ,m171,,
89635, u2621 ," That's Lednov!  We come along here.,,,,,,,,,,,,,,,,,,,,,,,,,,,,,,,", u2621 ,m171,,
89636, u2621 ," All right. I'll tell you.,,,,,,,,,,,,,,,,,,,,,,,,,,,,,,,", u2632 ,m171,,
89637, u2632 ," Do you have to be so close-mouthed? I'm your brother. And I'm ridin' with you. Remember?,,,,,,,,,,,,,,,,,,,,,,,,,,,,,,,", u2621 ,m171,,
89638, u2621 ," Maybe at the ranch. Maybe sooner than that.,,,,,,,,,,,,,,,,,,,,,,,,,,,,,,,", u2632 ,m171,,
89639, u2632 ," At the ranch maybe?,,,,,,,,,,,,,,,,,,,,,,,,,,,,,,,", u2621 ,m171,,
89640, u2621 ," Yes.,,,,,,,,,,,,,,,,,,,,,,,,,,,,,,,", u2632 ,m171,,
89641, u2632 ," You must be plenty worried about Lednov sneakin' up on us.  Think he will?,,,,,,,,,,,,,,,,,,,,,,,,,,,,,,,", u2632 ,m171,,
89642, u2632 ," This is an awful nice gun.  Certainly come in handy when there's men around who shoot people that aren't lookin'.,,,,,,,,,,,,,,,,,,,,,,,,,,,,,,,", u2621 ,m171,,
89643, u2621 ," The other fellow wasn't even lookin'.,,,,,,,,,,,,,,,,,,,,,,,,,,,,,,,", u2632 ,m171,,
89644, u2632 ," In a fight?,,,,,,,,,,,,,,,,,,,,,,,,,,,,,,,", u2621 ,m171,,
89645, u2621 ," You sure worry that bone. He killed a fellow.,,,,,,,,,,,,,,,,,,,,,,,,,,,,,,,", u2632 ,m171,,
89646, u2632 ," What was he in jail for?,,,,,,,,,,,,,,,,,,,,,,,,,,,,,,,", u2621 ,m171,,
89647, u2621 ," The thing to do is stick to rabbits.,,,,,,,,,,,,,,,,,,,,,,,,,,,,,,,", u2632 ,m171,,
89648, u2632 ," But it's leaded up and anyway a 22's no good for real huntin'. You shoot a man with a 22 and where are you?,,,,,,,,,,,,,,,,,,,,,,,,,,,,,,,", u2632 ,m171,,
89649, u2632 ," Nice.,,,,,,,,,,,,,,,,,,,,,,,,,,,,,,,", u2621 ,m171,,
89650, u2621 ," No call to. That jail looked pretty solid to me.  How's she feel?,,,,,,,,,,,,,,,,,,,,,,,,,,,,,,,", u2632 ,m171,,
89651, u2632 ," You never said this Lednov's name before, that I can remember."",,,,,,,,,,,,,,,,,,,,,,,,,,,,,,,", u2621 ,m171,,
89652, u2621 ," I don't want to run short.,,,,,,,,,,,,,,,,,,,,,,,,,,,,,,,", u2632 ,m171,,
89653, u2632 ," Like why you're buyin' a whole slew of 30 30 shells all of a sudden.,,,,,,,,,,,,,,,,,,,,,,,,,,,,,,,", u2621 ,m171,,
89654, u2621 ," Like what?,,,,,,,,,,,,,,,,,,,,,,,,,,,,,,,", u2632 ,m171,,
89655, u2632 ," You might tell a fellow things, 'specially if the fellow's your brother, seems to me."",,,,,,,,,,,,,,,,,,,,,,,,,,,,,,,", u2621 ,m171,,
89656, u2621 ," A man I used to know.,,,,,,,,,,,,,,,,,,,,,,,,,,,,,,,", u2632 ,m171,,
89657, u2632 ," Who's Lednov?,,,,,,,,,,,,,,,,,,,,,,,,,,,,,,,", u2632 ,m171,,
89658, u2632 ," I don't see no sense to makin' people leave town if they don't want to leave.,,,,,,,,,,,,,,,,,,,,,,,,,,,,,,,", u2621 ,m171,,
89659, u2621 ," That's right.,,,,,,,,,,,,,,,,,,,,,,,,,,,,,,,", u2621 ,m171,,
89660, u2621 ," A little hot.,,,,,,,,,,,,,,,,,,,,,,,,,,,,,,,", u2632 ,m171,,
89661, u2632 ," How does she draw?,,,,,,,,,,,,,,,,,,,,,,,,,,,,,,,", u2633 ,m171,,
89662, u2633 ," What's there to be fair about?,,,,,,,,,,,,,,,,,,,,,,,,,,,,,,,", u2621 ,m171,,
89663, u2621 ," You're not bein' quite fair.,,,,,,,,,,,,,,,,,,,,,,,,,,,,,,,", u2633 ,m171,,
89664, u2633 ," Nobody asked you to.,,,,,,,,,,,,,,,,,,,,,,,,,,,,,,,", u2621 ,m171,,
89665, u2621 ," I can't take her with me.,,,,,,,,,,,,,,,,,,,,,,,,,,,,,,,", u2633 ,m171,,
89666, u2633 ," All right, you didn't know."",,,,,,,,,,,,,,,,,,,,,,,,,,,,,,,", u2621 ,m171,,
89667, u2621 ," I'm sorry about this, Mr. Wyatt. I didn't know you had a daughter."",,,,,,,,,,,,,,,,,,,,,,,,,,,,,,,", u2633 ,m171,,
89668, u2633 ," What's there to be fair about?,,,,,,,,,,,,,,,,,,,,,,,,,,,,,,,", u2621 ,m171,,
89669, u2621 ," You're not bein' quite fair.,,,,,,,,,,,,,,,,,,,,,,,,,,,,,,,", u2633 ,m171,,
89670, u2633 ," Nobody asked you to.,,,,,,,,,,,,,,,,,,,,,,,,,,,,,,,", u2621 ,m171,,
89671, u2621 ," I can't take her with me.,,,,,,,,,,,,,,,,,,,,,,,,,,,,,,,", u2633 ,m171,,
89672, u2633 ," All right, you didn't know."",,,,,,,,,,,,,,,,,,,,,,,,,,,,,,,", u2621 ,m171,,
89673, u2621 ," I'm sorry about this, Mr. Wyatt. I didn't know who she was."",,,,,,,,,,,,,,,,,,,,,,,,,,,,,,,", u2621 ,m171,,
89674, u2621 ," The whole state's lookin' for 'em.  And they're lookin' for me.,,,,,,,,,,,,,,,,,,,,,,,,,,,,,,,", u2633 ,m171,,
89675, u2633 ," Yeah, how did you know?"",,,,,,,,,,,,,,,,,,,,,,,,,,,,,,,", u2621 ,m171,,
89676, u2621 ," Three men on matched roans?,,,,,,,,,,,,,,,,,,,,,,,,,,,,,,,", u2633 ,m171,,
89677, u2633 ," You can light the lamp.  I'm sure glad it's you. We were afraid those killers might come back.,,,,,,,,,,,,,,,,,,,,,,,,,,,,,,,", u2632 ,m171,,
89678, u2632 ," That's a good girl.,,,,,,,,,,,,,,,,,,,,,,,,,,,,,,,", u2623 ,m171,,
89679, u2623 ," I'm sorry. Let's go.,,,,,,,,,,,,,,,,,,,,,,,,,,,,,,,", u2632 ,m171,,
89680, u2632 ," Don't act so -- crazy.,,,,,,,,,,,,,,,,,,,,,,,,,,,,,,,", u2623 ,m171,,
89681, u2623 ," Don't ask me because I won't tell you! I won't tell anybody! Go away!,,,,,,,,,,,,,,,,,,,,,,,,,,,,,,,", u2632 ,m171,,
89682, u2632 ," Runnin' off and worryin' people. Makin' it tougher on Clay than it is already.,,,,,,,,,,,,,,,,,,,,,,,,,,,,,,,", u2632 ,m171,,
89683, u2632 ," What's botherin' you, anyway?"",,,,,,,,,,,,,,,,,,,,,,,,,,,,,,,", u2623 ,m171,,
89684, u2623 ," I said I didn't care.,,,,,,,,,,,,,,,,,,,,,,,,,,,,,,,", u2632 ,m171,,
89685, u2632 ," Suppose that Lednov was to have found you, instead of me. Why you wouldn't have had a chance."",,,,,,,,,,,,,,,,,,,,,,,,,,,,,,,", u2623 ,m171,,
89686, u2623 ," I don't care.,,,,,,,,,,,,,,,,,,,,,,,,,,,,,,,", u2632 ,m171,,
89687, u2632 ," You can't stay here. There's snakes and it's cold and you'll just get sicker.,,,,,,,,,,,,,,,,,,,,,,,,,,,,,,,", u2623 ,m171,,
89688, u2623 ," If she says anything to them I'll kill her.,,,,,,,,,,,,,,,,,,,,,,,,,,,,,,,", u2627 ,m171,,
89689, u2627 ," There, there. Don't you upset yourself --"",,,,,,,,,,,,,,,,,,,,,,,,,,,,,,,", u2623 ,m171,,
89690, u2623 ," She mustn't -- don't you let her --,,,,,,,,,,,,,,,,,,,,,,,,,,,,,,,", u2627 ,m171,,
89691, u2627 ," That's right -- you go back to sleep. Tomorrow when you feel better things will look a whole lot different. Don't you worry about anything -- Mary's going to talk things over with your folks --,,,,,,,,,,,,,,,,,,,,,,,,,,,,,,,", u2623 ,m171,,
89692, u2623 ," Go away -- please.,,,,,,,,,,,,,,,,,,,,,,,,,,,,,,,", u2627 ,m171,,
89693, u2627 ," Darling -- now I've got you all upset.,,,,,,,,,,,,,,,,,,,,,,,,,,,,,,,", u2623 ,m171,,
89694, u2623 ," Stop it -- stop it.,,,,,,,,,,,,,,,,,,,,,,,,,,,,,,,", u2627 ,m171,,
89695, u2627 ," Not if I know Mary. When she rides into Sonora, you'll be with her. And mighty glad to be there after this. I don't see how you stood it as long as you did."",,,,,,,,,,,,,,,,,,,,,,,,,,,,,,,", u2623 ,m171,,
89696, u2623 ," I'm not going anywhere. I'm staying here where I belong.,,,,,,,,,,,,,,,,,,,,,,,,,,,,,,,", u2627 ,m171,,
89697, u2627 ," Drink this and stop being silly. Why would anyone want to live in this place. You might as well be dead and buried. Nothing to do but look at mountains. In a week you'd be talking to yourself.  Maybe that's what got you started in the first place.,,,,,,,,,,,,,,,,,,,,,,,,,,,,,,,", u2623 ,m171,,
89698, u2623 ," But I want to stay.,,,,,,,,,,,,,,,,,,,,,,,,,,,,,,,", u2627 ,m171,,
89699, u2627 ," Don't talk -- eat -- we want to get you well quick as we can so we can all get out of here.,,,,,,,,,,,,,,,,,,,,,,,,,,,,,,,", u2623 ,m171,,
89700, u2623 ," It isn't that --,,,,,,,,,,,,,,,,,,,,,,,,,,,,,,,", u2627 ,m171,,
89701, u2627 ," If you're worried about Mary and me talkin' too much, don't. No matter how many questions your old man asks. We know how to keep our mouths shut."",,,,,,,,,,,,,,,,,,,,,,,,,,,,,,,", u2623 ,m171,,
89702, u2623 ," Of course I do -- but it'd be better for you -- and the house is kind of small --,,,,,,,,,,,,,,,,,,,,,,,,,,,,,,,", u2627 ,m171,,
89703, u2627 ," He won't take us.  Don't you want us around?,,,,,,,,,,,,,,,,,,,,,,,,,,,,,,,", u2623 ,m171,,
89704, u2623 ," Helen -- why don't you and Mary go on with Clay?,,,,,,,,,,,,,,,,,,,,,,,,,,,,,,,", u2627 ,m171,,
89705, u2627 ," Well cheer, why don't you? No more responsibilities, Mary. Marcia -- Elaine -- me -- all taken care of. Down there feeding horses and raising kids, you won't have a thing to worry about."",,,,,,,,,,,,,,,,,,,,,,,,,,,,,,,", u2624 ,m171,,
89706, u2624 ," I figure we'll get along just fine.,,,,,,,,,,,,,,,,,,,,,,,,,,,,,,,", u2624 ,m171,,
89707, u2624 ," Plenty more.  And somewhere up there's the lode, the rock rotten with it."",,,,,,,,,,,,,,,,,,,,,,,,,,,,,,,", u2627 ,m171,,
89708, u2627 ," You're sure there's more where this came from?,,,,,,,,,,,,,,,,,,,,,,,,,,,,,,,", u2627 ,m171,,
89709, u2627 ," Then why stay in the hills.,,,,,,,,,,,,,,,,,,,,,,,,,,,,,,,", u2624 ,m171,,
89710, u2624 ," Up here in the hills, a man gets a hankering to smell powder."",,,,,,,,,,,,,,,,,,,,,,,,,,,,,,,", u2627 ,m171,,
89711, u2627 ," I like it.,,,,,,,,,,,,,,,,,,,,,,,,,,,,,,,", u2624 ,m171,,
89712, u2624 ," That sure smells good.,,,,,,,,,,,,,,,,,,,,,,,,,,,,,,,", u2627 ,m171,,
89713, u2627 ," You wouldn't have a smoke on you, would you?"",,,,,,,,,,,,,,,,,,,,,,,,,,,,,,,", u2624 ,m171,,
89714, u2624 ," Go on. Take your bath. I'll beat it.,,,,,,,,,,,,,,,,,,,,,,,,,,,,,,,", u2627 ,m171,,
89715, u2627 ," The way you act, it must be something pretty secret."",,,,,,,,,,,,,,,,,,,,,,,,,,,,,,,", u2624 ,m171,,
89716, u2624 ," Just a thing I was workin' on.,,,,,,,,,,,,,,,,,,,,,,,,,,,,,,,", u2627 ,m171,,
89717, u2627 ," What is it?,,,,,,,,,,,,,,,,,,,,,,,,,,,,,,,", u2624 ,m171,,
89718, u2624 ," No. But it's mine and I didn't want anyone foolin' with it.,,,,,,,,,,,,,,,,,,,,,,,,,,,,,,,", u2627 ,m171,,
89719, u2627 ," That something I shouldn't see?,,,,,,,,,,,,,,,,,,,,,,,,,,,,,,,", u2627 ,m171,,
89720, u2627 ," Me snoopin'? I came down here to take a bath.,,,,,,,,,,,,,,,,,,,,,,,,,,,,,,,", u2624 ,m171,,
89721, u2624 ," You got no business snoopin' around --,,,,,,,,,,,,,,,,,,,,,,,,,,,,,,,", u2624 ,m171,,
89722, u2624 ," They went on like I told you.,,,,,,,,,,,,,,,,,,,,,,,,,,,,,,,", u2628 ,m171,,
89723, u2628 ," When I ask questions, I like to hear answers."",,,,,,,,,,,,,,,,,,,,,,,,,,,,,,,", u2624 ,m171,,
89724, u2624 ," Go ahead.,,,,,,,,,,,,,,,,,,,,,,,,,,,,,,,", u2628 ,m171,,
89725, u2628 ," Suppose I take a look.,,,,,,,,,,,,,,,,,,,,,,,,,,,,,,,", u2624 ,m171,,
89726, u2624 ," Yeah.,,,,,,,,,,,,,,,,,,,,,,,,,,,,,,,", u2628 ,m171,,
89727, u2628 ," And you're all alone.,,,,,,,,,,,,,,,,,,,,,,,,,,,,,,,", u2624 ,m171,,
89728, u2624 ," Some people who went by this way lost it.  Two men and some women. They packed their stuff on horses and went on.,,,,,,,,,,,,,,,,,,,,,,,,,,,,,,,", u2628 ,m171,,
89729, u2628 ," I suppose that's your wagon in the river.,,,,,,,,,,,,,,,,,,,,,,,,,,,,,,,", u2624 ,m171,,
89730, u2624 ," There aren't any women here.,,,,,,,,,,,,,,,,,,,,,,,,,,,,,,,", u2628 ,m171,,
89731, u2628 ," Even women?,,,,,,,,,,,,,,,,,,,,,,,,,,,,,,,", u2624 ,m171,,
89732, u2624 ," Yes, people make me restless."",,,,,,,,,,,,,,,,,,,,,,,,,,,,,,,", u2628 ,m171,,
89733, u2628 ," What's the matter -- restless?,,,,,,,,,,,,,,,,,,,,,,,,,,,,,,,", u2624 ,m171,,
89734, u2624 ," Well, say it."",,,,,,,,,,,,,,,,,,,,,,,,,,,,,,,", u2628 ,m171,,
89735, u2628 ," I saw your fire and dropped by to say hello.,,,,,,,,,,,,,,,,,,,,,,,,,,,,,,,", u2626 ,m171,,
89736, u2626 ," I don't like to see you go.,,,,,,,,,,,,,,,,,,,,,,,,,,,,,,,", u2629 ,m171,,
89737, u2629 ," Goodbye and thanks.,,,,,,,,,,,,,,,,,,,,,,,,,,,,,,,", u2626 ,m171,,
89738, u2626 ," I knew something would happen when they started puttin' up fences and passin' laws.,,,,,,,,,,,,,,,,,,,,,,,,,,,,,,,", u2629 ,m171,,
89739, u2629 ," We tried to point that out. But there were some pretty nosey citizens who wouldn't listen to reason. They said Aspen had outgrown us. It's all right to play poker in your own home but not in a saloon.,,,,,,,,,,,,,,,,,,,,,,,,,,,,,,,", u2626 ,m171,,
89740, u2626 ," They shouldn't have done that.,,,,,,,,,,,,,,,,,,,,,,,,,,,,,,,", u2629 ,m171,,
89741, u2629 ," Aspen doesn't want us Mr. Graham. They threw us out.,,,,,,,,,,,,,,,,,,,,,,,,,,,,,,,", u2629 ,m171,,
89742, u2629 ," Thank you, Mr. Graham."",,,,,,,,,,,,,,,,,,,,,,,,,,,,,,,", u2626 ,m171,,
89743, u2626 ," There you are. Now take it easy and you'll be all right.,,,,,,,,,,,,,,,,,,,,,,,,,,,,,,,", u2626 ,m171,,
89744, u2626 ," Depends on how good you drive.,,,,,,,,,,,,,,,,,,,,,,,,,,,,,,,", u2629 ,m171,,
89745, u2629 ," Not exactly. They decided gambling and dancing were bad for people.  Can I make it?,,,,,,,,,,,,,,,,,,,,,,,,,,,,,,,", u2626 ,m171,,
89746, u2626 ," What do you know about that. Did you sell your place?,,,,,,,,,,,,,,,,,,,,,,,,,,,,,,,", u2629 ,m171,,
89747, u2629 ," Until you came along we were going to Sonora.,,,,,,,,,,,,,,,,,,,,,,,,,,,,,,,", u2629 ,m171,,
89748, u2629 ," I don't care what he thinks.,,,,,,,,,,,,,,,,,,,,,,,,,,,,,,,", u2627 ,m171,,
89749, u2627 ," Mary, Honey. I talked too much, like always -- he thinks you told Elaine the things I told her."",,,,,,,,,,,,,,,,,,,,,,,,,,,,,,,", u2629 ,m171,,
89750, u2629 ," That's it then.,,,,,,,,,,,,,,,,,,,,,,,,,,,,,,,", u2627 ,m171,,
89751, u2627 ," I'm sure of this. But not of you.  You won't open any joint. I've been watching you change. You're mad now and you think you can change back. But you can't. You'll end up making beds in a boarding house.,,,,,,,,,,,,,,,,,,,,,,,,,,,,,,,", u2627 ,m171,,
89752, u2627 ," Sounds fine. Only that isn't how it's going to be.,,,,,,,,,,,,,,,,,,,,,,,,,,,,,,,", u2629 ,m171,,
89753, u2629 ," -- Gaslights and a dance floor and a big bar. Cash registers with bells and a couple of boys with armbands just to keep 'em ringing. What do you think of that?,,,,,,,,,,,,,,,,,,,,,,,,,,,,,,,", u2627 ,m171,,
89754, u2627 ," Maybe you are. I'm not.,,,,,,,,,,,,,,,,,,,,,,,,,,,,,,,", u2629 ,m171,,
89755, u2629 ," Give it back to him. We're leavin'.,,,,,,,,,,,,,,,,,,,,,,,,,,,,,,,", u2627 ,m171,,
89756, u2627 ," Go ahead.  Get in training for the pioneer life. I'm finding the nearest body of water and climbing into it.,,,,,,,,,,,,,,,,,,,,,,,,,,,,,,,", u2629 ,m171,,
89757, u2629 ," We might as well start a fire.,,,,,,,,,,,,,,,,,,,,,,,,,,,,,,,", u2627 ,m171,,
89758, u2627 ," Please. Maybe he'll take a good look at you and stop thinking so much about his horses.,,,,,,,,,,,,,,,,,,,,,,,,,,,,,,,", u2629 ,m171,,
89759, u2629 ," What's the use.,,,,,,,,,,,,,,,,,,,,,,,,,,,,,,,", u2627 ,m171,,
89760, u2627 ," Go on. Have another try at him.,,,,,,,,,,,,,,,,,,,,,,,,,,,,,,,", u2629 ,m171,,
89761, u2629 ," You'd think he'd do it for Elaine's sake, at least..."",,,,,,,,,,,,,,,,,,,,,,,,,,,,,,,", u2627 ,m171,,
89762, u2627 ," Maybe I better start working on him.,,,,,,,,,,,,,,,,,,,,,,,,,,,,,,,", u2629 ,m171,,
89763, u2629 ," How many ways can a man say no.,,,,,,,,,,,,,,,,,,,,,,,,,,,,,,,", u2627 ,m171,,
89764, u2627 ," You're not giving up?,,,,,,,,,,,,,,,,,,,,,,,,,,,,,,,", u2627 ,m171,,
89765, u2627 ," What are you waiting for? Do something.,,,,,,,,,,,,,,,,,,,,,,,,,,,,,,,", u2629 ,m171,,
89766, u2629 ," He certainly could. About a month.,,,,,,,,,,,,,,,,,,,,,,,,,,,,,,,", u2627 ,m171,,
89767, u2627 ," Clay could save us an awful lot of time.,,,,,,,,,,,,,,,,,,,,,,,,,,,,,,,", u2629 ,m171,,
89768, u2629 ," No we don't. But that's where we're going. From Minden we take a stage to Reno, then another one over to Auburn and another one to Placerville. Then it's a day's trip to Sonora."",,,,,,,,,,,,,,,,,,,,,,,,,,,,,,,", u2627 ,m171,,
89769, u2627 ," We don't want to go there.,,,,,,,,,,,,,,,,,,,,,,,,,,,,,,,", u2629 ,m171,,
89770, u2629 ," Until Pa gets around to driving us to Minden.,,,,,,,,,,,,,,,,,,,,,,,,,,,,,,,", u2627 ,m171,,
89771, u2627 ," How long do you think we'll have to stay here?,,,,,,,,,,,,,,,,,,,,,,,,,,,,,,,", u2629 ,m171,,
89772, u2629 ," There's still tomorrow morning.,,,,,,,,,,,,,,,,,,,,,,,,,,,,,,,", u2627 ,m171,,
89773, u2627 ," And we're running out of that.,,,,,,,,,,,,,,,,,,,,,,,,,,,,,,,", u2629 ,m171,,
89774, u2629 ," I tried my best, but these things take time."",,,,,,,,,,,,,,,,,,,,,,,,,,,,,,,", u2627 ,m171,,
89775, u2627 ," Quit worryin' about Elaine.,,,,,,,,,,,,,,,,,,,,,,,,,,,,,,,", u2629 ,m171,,
89776, u2629 ," That's not what's worryin' me. Why didn't she tell us? Maybe we could have done somethin' -- gone somewhere else -- puttin' a poor sick kid through this --,,,,,,,,,,,,,,,,,,,,,,,,,,,,,,,", u2627 ,m171,,
89777, u2627 ," It isn't like this was the first place we were ever thrown out of.,,,,,,,,,,,,,,,,,,,,,,,,,,,,,,,", u2629 ,m171,,
89778, u2629 ," Why didn't you say you wanted to get married back in Aspen. I told the man in Sonora there were four of us. If only three show up, he might call the whole deal off. We've got to stick together. Like we've always done."",,,,,,,,,,,,,,,,,,,,,,,,,,,,,,,", u2627 ,m171,,
89779, u2627 ," With a milk pail in one hand and a marriage license in the other.,,,,,,,,,,,,,,,,,,,,,,,,,,,,,,,", u2629 ,m171,,
89780, u2629 ," Now where's she goin'? --,,,,,,,,,,,,,,,,,,,,,,,,,,,,,,,", u2627 ,m171,,
89781, u2627 ," You think that's all we busted -- You should see...,,,,,,,,,,,,,,,,,,,,,,,,,,,,,,,", u2629 ,m171,,
89782, u2629 ," Maybe in Sonora.,,,,,,,,,,,,,,,,,,,,,,,,,,,,,,,", u2627 ,m171,,
89783, u2627 ," Maybe you're going about this all wrong. Why not try telling him we'll do the cookin' and mendin' and washin' for him. That usually works.  Yeah, but suppose he took us up on it. Where would we be?"",,,,,,,,,,,,,,,,,,,,,,,,,,,,,,,", u2627 ,m171,,
89784, u2627 ," I don't know -- I don't know.,,,,,,,,,,,,,,,,,,,,,,,,,,,,,,,", u2628 ,m171,,
89785, u2628 ," How far up the trail?,,,,,,,,,,,,,,,,,,,,,,,,,,,,,,,", u2627 ,m171,,
89786, u2627 ," Up the trail.,,,,,,,,,,,,,,,,,,,,,,,,,,,,,,,", u2628 ,m171,,
89787, u2628 ," Where is he?,,,,,,,,,,,,,,,,,,,,,,,,,,,,,,,", u2627 ,m171,,
89788, u2627 ," Clay Phillips.,,,,,,,,,,,,,,,,,,,,,,,,,,,,,,,", u2627 ,m171,,
89789, u2627 ," Stop it --,,,,,,,,,,,,,,,,,,,,,,,,,,,,,,,", u2628 ,m171,,
89790, u2628 ," You said somebody was comin' back -- who's comin' back?,,,,,,,,,,,,,,,,,,,,,,,,,,,,,,,", u2628 ,m171,,
89791, u2628 ," Who brought you here?,,,,,,,,,,,,,,,,,,,,,,,,,,,,,,,", u2627 ,m171,,
89792, u2627 ," Everybody knows --,,,,,,,,,,,,,,,,,,,,,,,,,,,,,,,", u2628 ,m171,,
89793, u2628 ," How do you know who we are?,,,,,,,,,,,,,,,,,,,,,,,,,,,,,,,", u2628 ,m171,,
89794, u2628 ," Yeah, we sure have."",,,,,,,,,,,,,,,,,,,,,,,,,,,,,,,", u2630 ,m171,,
89795, u2630 ," We got company. Female company.,,,,,,,,,,,,,,,,,,,,,,,,,,,,,,,", u2628 ,m171,,
89796, u2628 ," I said I had a guy to see and I'm going to see him.,,,,,,,,,,,,,,,,,,,,,,,,,,,,,,,", u2630 ,m171,,
89797, u2630 ," One night more won't matter. Your friend'll be there. Anyway I don't think so much of the idea of prowling around his ranch. He knows you're out so he ain't going to sit still for it.,,,,,,,,,,,,,,,,,,,,,,,,,,,,,,,", u2628 ,m171,,
89798, u2628 ," I said let's go.,,,,,,,,,,,,,,,,,,,,,,,,,,,,,,,", u2630 ,m171,,
89799, u2630 ," He can wait. Let's stay here until morning.,,,,,,,,,,,,,,,,,,,,,,,,,,,,,,,", u2628 ,m171,,
89800, u2628 ," Because there's a man I want to see.,,,,,,,,,,,,,,,,,,,,,,,,,,,,,,,", u2630 ,m171,,
89801, u2630 ," What for?,,,,,,,,,,,,,,,,,,,,,,,,,,,,,,,", u2628 ,m171,,
89802, u2628 ," We got to get movin'.,,,,,,,,,,,,,,,,,,,,,,,,,,,,,,,", u2628 ,m171,,
89803, u2628 ," Lookin' around.,,,,,,,,,,,,,,,,,,,,,,,,,,,,,,,", u2633 ,m171,,
89804, u2633 ," What are you doin' --,,,,,,,,,,,,,,,,,,,,,,,,,,,,,,,", u2628 ,m171,,
89805, u2628 ," Will you quit gabbin' and do what you're told.,,,,,,,,,,,,,,,,,,,,,,,,,,,,,,,", u2633 ,m171,,
89806, u2633 ," That won't help the stone bruise. You ain't been around horses much, looks like."",,,,,,,,,,,,,,,,,,,,,,,,,,,,,,,", u2628 ,m171,,
89807, u2628 ," Put on another one.,,,,,,,,,,,,,,,,,,,,,,,,,,,,,,,", u2633 ,m171,,
89808, u2633 ," He dropped a shoe. You shouldn't be ridin' him.,,,,,,,,,,,,,,,,,,,,,,,,,,,,,,,", u2628 ,m171,,
89809, u2628 ," Mine's gone lame. Take a look at him.,,,,,,,,,,,,,,,,,,,,,,,,,,,,,,,", u2633 ,m171,,
89810, u2633 ," Why, yes. They're all I need..."",,,,,,,,,,,,,,,,,,,,,,,,,,,,,,,", u2629 ,m171,,
89811, u2629 ," If you need me, I'll be --"",,,,,,,,,,,,,,,,,,,,,,,,,,,,,,,", u2632 ,m171,,
89812, u2632 ," Goodnight, Miss Wells."",,,,,,,,,,,,,,,,,,,,,,,,,,,,,,,", u2629 ,m171,,
89813, u2629 ," Goodnight.,,,,,,,,,,,,,,,,,,,,,,,,,,,,,,,", u2629 ,m171,,
89814, u2629 ," Steve --,,,,,,,,,,,,,,,,,,,,,,,,,,,,,,,", u2632 ,m171,,
89815, u2632 ," You don't know what it is to be sorry.,,,,,,,,,,,,,,,,,,,,,,,,,,,,,,,", u2629 ,m171,,
89816, u2629 ," Thanks, Steve."",,,,,,,,,,,,,,,,,,,,,,,,,,,,,,,", u2632 ,m171,,
89817, u2632 ," You stretch out. I'll fix something to eat.,,,,,,,,,,,,,,,,,,,,,,,,,,,,,,,", u2632 ,m171,,
89818, u2632 ," It's a long ways yet.  I figure we ought to camp. She's tired.,,,,,,,,,,,,,,,,,,,,,,,,,,,,,,,", u2629 ,m171,,
89819, u2629 ," For the last ten miles I've been trying to figure out how to sleep sitting up. I'm getting to the point where I don't think there's any place named Sonora.,,,,,,,,,,,,,,,,,,,,,,,,,,,,,,,", u2629 ,m171,,
89820, u2629 ," Let me do that.,,,,,,,,,,,,,,,,,,,,,,,,,,,,,,,", u2632 ,m171,,
89821, u2632 ," Oh, sure."",,,,,,,,,,,,,,,,,,,,,,,,,,,,,,,", u2629 ,m171,,
89822, u2629 ," She was only teasin'.,,,,,,,,,,,,,,,,,,,,,,,,,,,,,,,", u2632 ,m171,,
89823, u2632 ," He'll treat his wife just as good. Maybe better. Ever see him use a bull snake on the mules like other wranglers?,,,,,,,,,,,,,,,,,,,,,,,,,,,,,,,", u2629 ,m171,,
89824, u2629 ," But you're his brother.,,,,,,,,,,,,,,,,,,,,,,,,,,,,,,,", u2632 ,m171,,
89825, u2632 ," Don't pay any attention to him. That's his way and I've found he's sure easy to get along with. I don't recollect him havin' hit me more'n a couple of times and I guess I had it comin'.,,,,,,,,,,,,,,,,,,,,,,,,,,,,,,,", u2632 ,m171,,
89826, u2632 ," I was doin' both. Here.,,,,,,,,,,,,,,,,,,,,,,,,,,,,,,,", u2629 ,m171,,
89827, u2629 ," You were supposed to be reading words.,,,,,,,,,,,,,,,,,,,,,,,,,,,,,,,", u2632 ,m171,,
89828, u2632 ," Like when you were standin' there looking after Clay. I knew right off what you were thinking. Because I've been watching you.,,,,,,,,,,,,,,,,,,,,,,,,,,,,,,,", u2632 ,m171,,
89829, u2632 ," Sure.,,,,,,,,,,,,,,,,,,,,,,,,,,,,,,,", u2629 ,m171,,
89830, u2629 ," And you've got me all figured out?,,,,,,,,,,,,,,,,,,,,,,,,,,,,,,,", u2632 ,m171,,
89831, u2632 ," Sometimes not knowin' how to read has its points. You can't read books so you look at people and figure 'em out.,,,,,,,,,,,,,,,,,,,,,,,,,,,,,,,", u2629 ,m171,,
89832, u2629 ," Oh, I wasn't worrying.  I saw him saddling up and thought he was ready to leave."",,,,,,,,,,,,,,,,,,,,,,,,,,,,,,,", u2632 ,m171,,
89833, u2632 ," Nobody's gonna catch him sleeping. Don't worry about him.,,,,,,,,,,,,,,,,,,,,,,,,,,,,,,,", u2632 ,m171,,
89834, u2632 ," Now I know what a unicorn is, what do we do next?"",,,,,,,,,,,,,,,,,,,,,,,,,,,,,,,", u2629 ,m171,,
89835, u2629 ," Well, Steve?"",,,,,,,,,,,,,,,,,,,,,,,,,,,,,,,", u2632 ,m171,,
89836, u2632 ," I feel good anyways.,,,,,,,,,,,,,,,,,,,,,,,,,,,,,,,", u2629 ,m171,,
89837, u2629 ," You don't read to fill your stomach... Poetry, for instance. All the poems in the world wouldn't fill you half as much as a bowl of eatmeal -- but they make you feel good."",,,,,,,,,,,,,,,,,,,,,,,,,,,,,,,", u2632 ,m171,,
89838, u2632 ," An' if you can't hunt 'em and even if you could they'd be tough, what's the use of knowin' how to spell them?"",,,,,,,,,,,,,,,,,,,,,,,,,,,,,,,", u2632 ,m171,,
89839, u2632 ," Then if they wasn't alive, how can they be an animal?..."",,,,,,,,,,,,,,,,,,,,,,,,,,,,,,,", u2629 ,m171,,
89840, u2629 ," Kind of tough, I guess... But you're not liable to hunt them -- I don't think there's any alive now, anyways -- and I'm not sure but I don't think there ever were..."",,,,,,,,,,,,,,,,,,,,,,,,,,,,,,,", u2629 ,m171,,
89841, u2629 ," Would they be good to eat?,,,,,,,,,,,,,,,,,,,,,,,,,,,,,,,", u2632 ,m171,,
89842, u2632 ," How about California?,,,,,,,,,,,,,,,,,,,,,,,,,,,,,,,", u2629 ,m171,,
89843, u2629 ," No.,,,,,,,,,,,,,,,,,,,,,,,,,,,,,,,", u2632 ,m171,,
89844, u2632 ," Horses with horns! Huh! Do we have 'em in Nevada?,,,,,,,,,,,,,,,,,,,,,,,,,,,,,,,", u2629 ,m171,,
89845, u2629 ," Hmmm... sort of like a horse -- with a horn in the center of its forehead.,,,,,,,,,,,,,,,,,,,,,,,,,,,,,,,", u2632 ,m171,,
89846, u2632 ," What do they look like?,,,,,,,,,,,,,,,,,,,,,,,,,,,,,,,", u2629 ,m171,,
89847, u2629 ," Unicorn -- a kind of animal --,,,,,,,,,,,,,,,,,,,,,,,,,,,,,,,", u2632 ,m171,,
89848, u2632 ," U-n-i-c-o-r-n-... What in heck's that?,,,,,,,,,,,,,,,,,,,,,,,,,,,,,,,", u2629 ,m171,,
89849, u2629 ," There's plenty of use for reading -- you'll see.,,,,,,,,,,,,,,,,,,,,,,,,,,,,,,,", u2632 ,m171,,
89850, u2632 ," -- and even if I do learn to read, what use'll it be? I'm goin' to live on a ranch!"",,,,,,,,,,,,,,,,,,,,,,,,,,,,,,,", u2629 ,m171,,
89851, u2629 ," Without someone to teach you, it's tough."",,,,,,,,,,,,,,,,,,,,,,,,,,,,,,,", u2632 ,m171,,
89852, u2632 ," And that's tough, isn't it?"",,,,,,,,,,,,,,,,,,,,,,,,,,,,,,,", u2629 ,m171,,
89853, u2629 ," From A to Z. All you have to do now is figure out what they mean put together in words.,,,,,,,,,,,,,,,,,,,,,,,,,,,,,,,", u2632 ,m171,,
89854, u2632 ," Then I know my alphabet.,,,,,,,,,,,,,,,,,,,,,,,,,,,,,,,", u2629 ,m171,,
89855, u2629 ," That's the end of the line.,,,,,,,,,,,,,,,,,,,,,,,,,,,,,,,", u2632 ,m171,,
89856, u2632 ," What comes after Z?,,,,,,,,,,,,,,,,,,,,,,,,,,,,,,,", u2629 ,m171,,
89857, u2629 ," No. We're not stayin' --,,,,,,,,,,,,,,,,,,,,,,,,,,,,,,,", u2632 ,m171,,
89858, u2632 ," Aren't we stayin'?,,,,,,,,,,,,,,,,,,,,,,,,,,,,,,,", u2632 ,m171,,
89859, u2632 ," Okay. A-B-C -- D-E-F -- G-H-I --,,,,,,,,,,,,,,,,,,,,,,,,,,,,,,,", u2629 ,m171,,
89860, u2629 ," Don't be silly... Nobody's too old to learn.,,,,,,,,,,,,,,,,,,,,,,,,,,,,,,,", u2632 ,m171,,
89861, u2632 ," I'm too old for it, Miss Wells... That's for little kids."",,,,,,,,,,,,,,,,,,,,,,,,,,,,,,,", u2629 ,m171,,
89862, u2629 ," Why not? You went farther than that last time.,,,,,,,,,,,,,,,,,,,,,,,,,,,,,,,", u2632 ,m171,,
89863, u2632 ," Gee, I can't."",,,,,,,,,,,,,,,,,,,,,,,,,,,,,,,", u2629 ,m171,,
89864, u2629 ," Good night, Steve."",,,,,,,,,,,,,,,,,,,,,,,,,,,,,,,", u2632 ,m171,,
89865, u2632 ," Good night, Miss Wells."",,,,,,,,,,,,,,,,,,,,,,,,,,,,,,,", u2632 ,m171,,
89866, u2632 ," Oh no. Nobody said nothing to me. Only I got the idea that -- well Clay and me used to be walking through town and there was your place and through the window I could see you dancing, but Clay always took me over to the other side of the street."",,,,,,,,,,,,,,,,,,,,,,,,,,,,,,,", u2629 ,m171,,
89867, u2629 ," Did someone say I wasn't nice?,,,,,,,,,,,,,,,,,,,,,,,,,,,,,,,", u2632 ,m171,,
89868, u2632 ," You're so nice.,,,,,,,,,,,,,,,,,,,,,,,,,,,,,,,", u2632 ,m171,,
89869, u2632 ," That'd be swell.  You know, you're an awful lot different than I thought you'd be."",,,,,,,,,,,,,,,,,,,,,,,,,,,,,,,", u2629 ,m171,,
89870, u2629 ," Maybe I could start you out.,,,,,,,,,,,,,,,,,,,,,,,,,,,,,,,", u2632 ,m171,,
89871, u2632 ," I sure would.,,,,,,,,,,,,,,,,,,,,,,,,,,,,,,,", u2629 ,m171,,
89872, u2629 ," Would you like to learn them?,,,,,,,,,,,,,,,,,,,,,,,,,,,,,,,", u2629 ,m171,,
89873, u2629 ," Don't you even know your letters?,,,,,,,,,,,,,,,,,,,,,,,,,,,,,,,", u2632 ,m171,,
89874, u2632 ," It wasn't Clay's fault. We've been moving around most all the time -- mebbe when we get the ranch and stay in one place I can learn my letters then --,,,,,,,,,,,,,,,,,,,,,,,,,,,,,,,", u2629 ,m171,,
89875, u2629 ," But he just never troubled to have you get any schooling?,,,,,,,,,,,,,,,,,,,,,,,,,,,,,,,", u2632 ,m171,,
89876, u2632 ," Since I can remember, Ma'am."",,,,,,,,,,,,,,,,,,,,,,,,,,,,,,,", u2629 ,m171,,
89877, u2629 ," Your brother's always looked after you, hasn't he?"",,,,,,,,,,,,,,,,,,,,,,,,,,,,,,,", u2632 ,m171,,
89878, u2632 ," I can't read, Ma'am. I just look at the pictures."",,,,,,,,,,,,,,,,,,,,,,,,,,,,,,,", u2629 ,m171,,
89879, u2629 ," Is that your kind of reading, Steve?"",,,,,,,,,,,,,,,,,,,,,,,,,,,,,,,", u2629 ,m171,,
89880, u2629 ," I was at first. Then I was hanging on.  Are you going far?,,,,,,,,,,,,,,,,,,,,,,,,,,,,,,,", u2632 ,m171,,
89881, u2632 ," Pleased to meet you, ma'am.  We found your trunk. Were you doin' the driven'?"",,,,,,,,,,,,,,,,,,,,,,,,,,,,,,,", u2629 ,m171,,
