,User_id,text,sec_user,movies_name,relationship,attachment
89882, u2634 ," Shut up, you slut. You think you can take him from me? Well, over my dead body."",,,,,,,,,,,,,,,,,,,,,,,,,,,,,,,", u2637 ,m172,,
89883, u2637 ," Alex, what are you doing?"",,,,,,,,,,,,,,,,,,,,,,,,,,,,,,,", u2634 ,m172,,
89884, u2634 ," No, I won't let you do it."",,,,,,,,,,,,,,,,,,,,,,,,,,,,,,,", u2634 ,m172,,
89885, u2634 ," Ha! Right bitch!,,,,,,,,,,,,,,,,,,,,,,,,,,,,,,,", u2637 ,m172,,
89886, u2637 ," I think he wants me.,,,,,,,,,,,,,,,,,,,,,,,,,,,,,,,", u2634 ,m172,,
89887, u2634 ," Oh, he was a widower. Why didn't you say that?...  Don't worry, sweetie, I can whip up a new batch in a flash."",,,,,,,,,,,,,,,,,,,,,,,,,,,,,,,", u2634 ,m172,,
89888, u2634 ," Wife?!,,,,,,,,,,,,,,,,,,,,,,,,,,,,,,,", u2637 ,m172,,
89889, u2637 ," I found a picture of his wife.,,,,,,,,,,,,,,,,,,,,,,,,,,,,,,,", u2634 ,m172,,
89890, u2634 ," Ah, they just don't know you the way I do."",,,,,,,,,,,,,,,,,,,,,,,,,,,,,,,", u2637 ,m172,,
89891, u2637 ," Brenda was right. There's more to the story than the Professor told us. I found a secret room. It had all these news clippings about Hugh Kane. He was a very evil man.,,,,,,,,,,,,,,,,,,,,,,,,,,,,,,,", u2637 ,m172,,
89892, u2637 ," No, I haven't dated in a while. My last boyfriend's..."",,,,,,,,,,,,,,,,,,,,,,,,,,,,,,,", u2634 ,m172,,
89893, u2634 ," Well, we never made it official, so I guess we were technically never really boyfriend and girlfriend, but I was seeing him in school. I saw him at the mall about six months ago and I was too nervous to introduce myself so I followed him to his car, and jotted down the license plate number. It was registered to his mother, so I went to her house. She was so nice. I mean, she seemed like she would be nice 'cuz I never really spoke to her. I just waited til she went to work then I climbed in through her window and borrowed her phone book. I say borrowed because I'm going to give it back one day. But anyway, I called everyone in it til I found her son. He wasn't home when I called so I left this message how much in love I was with him. I was, and how I wanted to have his children. Just really opening up, and he never called back. I'd call and call, and anyway, six months and two restraining orders later I just decided I deserved better. What about you? Do you have a boyfriend?"",,,,,,,,,,,,,,,,,,,,,,,,,,,,,,,", u2637 ,m172,,
89894, u2637 ," That's always tough. How long were you together?,,,,,,,,,,,,,,,,,,,,,,,,,,,,,,,", u2634 ,m172,,
89895, u2634 ," Yeah, I'm fine. I just broke up with my boyfriend, that's all."",,,,,,,,,,,,,,,,,,,,,,,,,,,,,,,", u2637 ,m172,,
89896, u2637 ," Are you okay?,,,,,,,,,,,,,,,,,,,,,,,,,,,,,,,", u2635 ,m172,,
89897, u2635 ," Oh, this is too much. I'm gonna have to play these numbers. Remind me to pick up a Lotto ticket."",,,,,,,,,,,,,,,,,,,,,,,,,,,,,,,", u2634 ,m172,,
89898, u2634 ," That's it.,,,,,,,,,,,,,,,,,,,,,,,,,,,,,,,", u2635 ,m172,,
89899, u2635 ," In room """"302"""" at ten o'clock?"",,,,,,,,,,,,,,,,,,,,,,,,,,,,,,,", u2634 ,m172,,
89900, u2634 ," Me, too. 101?"",,,,,,,,,,,,,,,,,,,,,,,,,,,,,,,", u2634 ,m172,,
89901, u2634 ," Well, actually, we've never met officially, but I bumped into you at the cafeteria and you were so sweet. I said, """"I'm sorry,"""" and you said, """"Watch it, white bitch, or I'll put my size eight in your ass."""" I thought how cool. I wear a size eight, too. Anyway, this is my best friend, Cindy."",,,,,,,,,,,,,,,,,,,,,,,,,,,,,,,", u2635 ,m172,,
89902, u2635 ," Do I know you?,,,,,,,,,,,,,,,,,,,,,,,,,,,,,,,", u2634 ,m172,,
89903, u2634 ," Hey, Brenda."",,,,,,,,,,,,,,,,,,,,,,,,,,,,,,,", u2647 ,m172,,
89904, u2647 ," Would you die already?!,,,,,,,,,,,,,,,,,,,,,,,,,,,,,,,", u2634 ,m172,,
89905, u2634 ," My favorite memory was when we --,,,,,,,,,,,,,,,,,,,,,,,,,,,,,,,", u2647 ,m172,,
89906, u2647 ," Never happened!,,,,,,,,,,,,,,,,,,,,,,,,,,,,,,,", u2634 ,m172,,
89907, u2634 ," Oh, remember that time I got my training bra and you --"",,,,,,,,,,,,,,,,,,,,,,,,,,,,,,,", u2647 ,m172,,
89908, u2647 ," Okay... maybe that would be best.,,,,,,,,,,,,,,,,,,,,,,,,,,,,,,,", u2634 ,m172,,
89909, u2634 ," Oh... I guess I'll die now.,,,,,,,,,,,,,,,,,,,,,,,,,,,,,,,", u2647 ,m172,,
89910, u2647 ," Uh, Alex, we've only know each other one day."",,,,,,,,,,,,,,,,,,,,,,,,,,,,,,,", u2634 ,m172,,
89911, u2634 ," And remember that trip we took to Africa? That safari was so wonderful. Me, you... best of friends... forever."",,,,,,,,,,,,,,,,,,,,,,,,,,,,,,,", u2637 ,m172,,
89912, u2637 ," It's Hanson, he's evil. Let's get him!"",,,,,,,,,,,,,,,,,,,,,,,,,,,,,,,", u2635 ,m172,,
89913, u2635 ," Cindy, what's going on?"",,,,,,,,,,,,,,,,,,,,,,,,,,,,,,,", u2635 ,m172,,
89914, u2635 ," Okay.,,,,,,,,,,,,,,,,,,,,,,,,,,,,,,,", u2637 ,m172,,
89915, u2637 ," Oh my God, the ghost has Buddy! Brenda do something!"",,,,,,,,,,,,,,,,,,,,,,,,,,,,,,,", u2637 ,m172,,
89916, u2637 ," Hey, I have an idea..."",,,,,,,,,,,,,,,,,,,,,,,,,,,,,,,", u2635 ,m172,,
89917, u2635 ," Hey, look, I'm Wilma Flintstone."",,,,,,,,,,,,,,,,,,,,,,,,,,,,,,,", u2635 ,m172,,
89918, u2635 ," What?! What is it, a monster?!"",,,,,,,,,,,,,,,,,,,,,,,,,,,,,,,", u2637 ,m172,,
89919, u2637 ," It's coming!,,,,,,,,,,,,,,,,,,,,,,,,,,,,,,,", u2635 ,m172,,
89920, u2635 ," It would've just been you, if you would've kept your mouth shut."",,,,,,,,,,,,,,,,,,,,,,,,,,,,,,,", u2637 ,m172,,
89921, u2637 ," Oh my God! We're dead!,,,,,,,,,,,,,,,,,,,,,,,,,,,,,,,", u2635 ,m172,,
89922, u2635 ," Now, why that bitch gotta bring that shit this way? I hope she didn't see me."",,,,,,,,,,,,,,,,,,,,,,,,,,,,,,,", u2637 ,m172,,
89923, u2637 ," Help!,,,,,,,,,,,,,,,,,,,,,,,,,,,,,,,", u2635 ,m172,,
89924, u2635 ," No, you don't understand. It's here in these statues..."",,,,,,,,,,,,,,,,,,,,,,,,,,,,,,,", u2637 ,m172,,
89925, u2637 ," Brenda, are you okay? Come sit."",,,,,,,,,,,,,,,,,,,,,,,,,,,,,,,", u2635 ,m172,,
89926, u2635 ," Ouch!!,,,,,,,,,,,,,,,,,,,,,,,,,,,,,,,", u2637 ,m172,,
89927, u2637 ," Psychology.,,,,,,,,,,,,,,,,,,,,,,,,,,,,,,,", u2635 ,m172,,
89928, u2635 ," You better be careful. I heard some girl got her ass whooped and jacket stolen earlier today.  Hey, what class do we have next?"",,,,,,,,,,,,,,,,,,,,,,,,,,,,,,,", u2637 ,m172,,
89929, u2637 ," Thanks.,,,,,,,,,,,,,,,,,,,,,,,,,,,,,,,", u2635 ,m172,,
89930, u2635 ," Hey girl, that jacket is slamming."",,,,,,,,,,,,,,,,,,,,,,,,,,,,,,,", u2637 ,m172,,
89931, u2637 ," Really? That's amazing.,,,,,,,,,,,,,,,,,,,,,,,,,,,,,,,", u2635 ,m172,,
89932, u2635 ," Oh my god. Madam Elsa, my psychic, told me I would meet somebody whose name starts with a letter of the alphabet today."",,,,,,,,,,,,,,,,,,,,,,,,,,,,,,,", u2637 ,m172,,
89933, u2637 ," Actually, I just met her. This is Alex."",,,,,,,,,,,,,,,,,,,,,,,,,,,,,,,", u2635 ,m172,,
89934, u2635 ," Hey, Cindy. Your friend needs help."",,,,,,,,,,,,,,,,,,,,,,,,,,,,,,,", u2637 ,m172,,
89935, u2637 ," We already know each other. Hey, Brenda."",,,,,,,,,,,,,,,,,,,,,,,,,,,,,,,", u2644 ,m172,,
89936, u2644 ," He's not dead, you idiot. He lives in Florida. Now, shut up and let me finish."",,,,,,,,,,,,,,,,,,,,,,,,,,,,,,,", u2635 ,m172,,
89937, u2635 ," But he could still be haunting the house. He's angry that he had to leave.,,,,,,,,,,,,,,,,,,,,,,,,,,,,,,,", u2644 ,m172,,
89938, u2644 ," No, he lost the house after the stock market crash."",,,,,,,,,,,,,,,,,,,,,,,,,,,,,,,", u2635 ,m172,,
89939, u2635 ," Yes, of course, Uriah. I feel his evil presence."",,,,,,,,,,,,,,,,,,,,,,,,,,,,,,,", u2644 ,m172,,
89940, u2644 ," No, they sold the house in 1920 to a millionaire, Uriah Bloodworth."",,,,,,,,,,,,,,,,,,,,,,,,,,,,,,,", u2635 ,m172,,
89941, u2635 ," Yes, I feel their spirits. Cora... Keaton... I am here to communicate..."",,,,,,,,,,,,,,,,,,,,,,,,,,,,,,,", u2644 ,m172,,
89942, u2644 ," This house was built in 1898 by a man named Archibald Keaton as a gift to his wife, Cora."",,,,,,,,,,,,,,,,,,,,,,,,,,,,,,,", u2645 ,m172,,
89943, u2645 ," Okay.,,,,,,,,,,,,,,,,,,,,,,,,,,,,,,,", u2635 ,m172,,
89944, u2635 ," Ray, run faster."",,,,,,,,,,,,,,,,,,,,,,,,,,,,,,,", u2645 ,m172,,
89945, u2645 ," I don't know. He was right behind us. Wait here. I'll be right back.,,,,,,,,,,,,,,,,,,,,,,,,,,,,,,,", u2635 ,m172,,
89946, u2635 ," Where's Shorty?,,,,,,,,,,,,,,,,,,,,,,,,,,,,,,,", u2635 ,m172,,
89947, u2635 ," He's so brave.,,,,,,,,,,,,,,,,,,,,,,,,,,,,,,,", u2645 ,m172,,
89948, u2645 ," He's right. I should go first.,,,,,,,,,,,,,,,,,,,,,,,,,,,,,,,", u2645 ,m172,,
89949, u2645 ," Oh, I'm fine... just clowning around."",,,,,,,,,,,,,,,,,,,,,,,,,,,,,,,", u2635 ,m172,,
89950, u2635 ," Are you okay? I thought I heard screaming.,,,,,,,,,,,,,,,,,,,,,,,,,,,,,,,", u2645 ,m172,,
89951, u2645 ," Yeah, me too."",,,,,,,,,,,,,,,,,,,,,,,,,,,,,,,", u2635 ,m172,,
89952, u2635 ," Yeah, I think I'll feel better sleeping in the arms of a strong man."",,,,,,,,,,,,,,,,,,,,,,,,,,,,,,,", u2645 ,m172,,
89953, u2645 ," You sure?,,,,,,,,,,,,,,,,,,,,,,,,,,,,,,,", u2635 ,m172,,
89954, u2635 ," No, stay."",,,,,,,,,,,,,,,,,,,,,,,,,,,,,,,", u2645 ,m172,,
89955, u2645 ," So, I guess I can go now."",,,,,,,,,,,,,,,,,,,,,,,,,,,,,,,", u2635 ,m172,,
89956, u2635 ," I'm fine. Just a few bruises.,,,,,,,,,,,,,,,,,,,,,,,,,,,,,,,", u2645 ,m172,,
89957, u2645 ," I just wanted to make sure you were okay.,,,,,,,,,,,,,,,,,,,,,,,,,,,,,,,", u2635 ,m172,,
89958, u2635 ," Ray, have you been here all this time?"",,,,,,,,,,,,,,,,,,,,,,,,,,,,,,,", u2645 ,m172,,
89959, u2645 ," Shhh... It's okay.,,,,,,,,,,,,,,,,,,,,,,,,,,,,,,,", u2635 ,m172,,
89960, u2635 ," Hello Ray.,,,,,,,,,,,,,,,,,,,,,,,,,,,,,,,", u2645 ,m172,,
89961, u2645 ," Hello Brenda.,,,,,,,,,,,,,,,,,,,,,,,,,,,,,,,", u2637 ,m172,,
89962, u2637 ," Hot dogs.,,,,,,,,,,,,,,,,,,,,,,,,,,,,,,,", u2636 ,m172,,
89963, u2636 ," I don't care. You pick.,,,,,,,,,,,,,,,,,,,,,,,,,,,,,,,", u2637 ,m172,,
89964, u2637 ," What should we get?,,,,,,,,,,,,,,,,,,,,,,,,,,,,,,,", u2636 ,m172,,
89965, u2636 ," Yeah.  Can I borrow five bucks?,,,,,,,,,,,,,,,,,,,,,,,,,,,,,,,", u2637 ,m172,,
89966, u2637 ," Oh, Buddy, that's so romantic."",,,,,,,,,,,,,,,,,,,,,,,,,,,,,,,", u2636 ,m172,,
89967, u2636 ," Hey, wanna' share a soda?"",,,,,,,,,,,,,,,,,,,,,,,,,,,,,,,", u2636 ,m172,,
89968, u2636 ," That's what your man is supposed to do.,,,,,,,,,,,,,,,,,,,,,,,,,,,,,,,", u2637 ,m172,,
89969, u2637 ," Oh, Buddy, I've never had someone be so protective of me!"",,,,,,,,,,,,,,,,,,,,,,,,,,,,,,,", u2636 ,m172,,
89970, u2636 ," Hey, look out, a bee!"",,,,,,,,,,,,,,,,,,,,,,,,,,,,,,,", u2636 ,m172,,
89971, u2636 ," Let's get a hot dog.,,,,,,,,,,,,,,,,,,,,,,,,,,,,,,,", u2637 ,m172,,
89972, u2637 ," That sounds kinda gay, but since you're a guy, I guess it's okay."",,,,,,,,,,,,,,,,,,,,,,,,,,,,,,,", u2636 ,m172,,
89973, u2636 ," You know, walking on the beach, holding hands, kissing, making love..."",,,,,,,,,,,,,,,,,,,,,,,,,,,,,,,", u2637 ,m172,,
89974, u2637 ," Then what are we going to do?,,,,,,,,,,,,,,,,,,,,,,,,,,,,,,,", u2636 ,m172,,
89975, u2636 ," I don't want to be your friend like this anymore.,,,,,,,,,,,,,,,,,,,,,,,,,,,,,,,", u2637 ,m172,,
89976, u2637 ," Oh.,,,,,,,,,,,,,,,,,,,,,,,,,,,,,,,", u2636 ,m172,,
89977, u2636 ," Stop it! I'm just trying to say I think we should take our friendship to the next level.,,,,,,,,,,,,,,,,,,,,,,,,,,,,,,,", u2637 ,m172,,
89978, u2637 ," Look, what I'm trying to say --"",,,,,,,,,,,,,,,,,,,,,,,,,,,,,,,", u2636 ,m172,,
89979, u2636 ," Look, what I'm trying to say --"",,,,,,,,,,,,,,,,,,,,,,,,,,,,,,,", u2637 ,m172,,
89980, u2637 ," Listen to me I --,,,,,,,,,,,,,,,,,,,,,,,,,,,,,,,", u2636 ,m172,,
89981, u2636 ," Listen to me I --,,,,,,,,,,,,,,,,,,,,,,,,,,,,,,,", u2637 ,m172,,
89982, u2637 ," I know, but I've been thinking --"",,,,,,,,,,,,,,,,,,,,,,,,,,,,,,,", u2636 ,m172,,
89983, u2636 ," I know, but I've been thinking --"",,,,,,,,,,,,,,,,,,,,,,,,,,,,,,,", u2637 ,m172,,
89984, u2637 ," Yeah, I know, I just love having a guy for a friend."",,,,,,,,,,,,,,,,,,,,,,,,,,,,,,,", u2636 ,m172,,
89985, u2636 ," Cindy, about this whole friendship thing..."",,,,,,,,,,,,,,,,,,,,,,,,,,,,,,,", u2637 ,m172,,
89986, u2637 ," There's something I want to share with you too. Here, smell this."",,,,,,,,,,,,,,,,,,,,,,,,,,,,,,,", u2636 ,m172,,
89987, u2636 ," There's something I really want to share with you.,,,,,,,,,,,,,,,,,,,,,,,,,,,,,,,", u2636 ,m172,,
89988, u2636 ," Actually, I was going to say let me have your computer if you die."",,,,,,,,,,,,,,,,,,,,,,,,,,,,,,,", u2637 ,m172,,
89989, u2637 ," No, Buddy, I'm the one he wants."",,,,,,,,,,,,,,,,,,,,,,,,,,,,,,,", u2636 ,m172,,
89990, u2636 ," Cindy, let me..."",,,,,,,,,,,,,,,,,,,,,,,,,,,,,,,", u2637 ,m172,,
89991, u2637 ," Well... okay... but only as a friend.,,,,,,,,,,,,,,,,,,,,,,,,,,,,,,,", u2636 ,m172,,
89992, u2636 ," Cindy, please! It's a matter of life and death. I'm asking you a friend."",,,,,,,,,,,,,,,,,,,,,,,,,,,,,,,", u2637 ,m172,,
89993, u2637 ," Now, come on -- you know I'm not ready for that kind of --"",,,,,,,,,,,,,,,,,,,,,,,,,,,,,,,", u2636 ,m172,,
89994, u2636 ," Better try a little higher.,,,,,,,,,,,,,,,,,,,,,,,,,,,,,,,", u2636 ,m172,,
89995, u2636 ," No. Keep rubbing.,,,,,,,,,,,,,,,,,,,,,,,,,,,,,,,", u2637 ,m172,,
89996, u2637 ," Feel that?,,,,,,,,,,,,,,,,,,,,,,,,,,,,,,,", u2636 ,m172,,
89997, u2636 ," No. Try a little higher.,,,,,,,,,,,,,,,,,,,,,,,,,,,,,,,", u2637 ,m172,,
89998, u2637 ," Can you feel that?,,,,,,,,,,,,,,,,,,,,,,,,,,,,,,,", u2636 ,m172,,
89999, u2636 ," What are we gonna do? I'm cold. I can't move, I'm so cold."",,,,,,,,,,,,,,,,,,,,,,,,,,,,,,,", u2636 ,m172,,
90000, u2636 ," Shit!,,,,,,,,,,,,,,,,,,,,,,,,,,,,,,,", u2637 ,m172,,
90001, u2637 ," He's here.,,,,,,,,,,,,,,,,,,,,,,,,,,,,,,,", u2636 ,m172,,
90002, u2636 ," Well, I was hoping to get my balls licked."",,,,,,,,,,,,,,,,,,,,,,,,,,,,,,,", u2637 ,m172,,
90003, u2637 ," What about you, Buddy?"",,,,,,,,,,,,,,,,,,,,,,,,,,,,,,,", u2636 ,m172,,
90004, u2636 ," Huh?,,,,,,,,,,,,,,,,,,,,,,,,,,,,,,,", u2637 ,m172,,
90005, u2637 ," Like, I've always wanted to walk on the moon."",,,,,,,,,,,,,,,,,,,,,,,,,,,,,,,", u2636 ,m172,,
90006, u2636 ," Great!!!,,,,,,,,,,,,,,,,,,,,,,,,,,,,,,,", u2637 ,m172,,
90007, u2637 ," We should act out our inner most fantasies.,,,,,,,,,,,,,,,,,,,,,,,,,,,,,,,", u2636 ,m172,,
90008, u2636 ," I was thinking the same thing.,,,,,,,,,,,,,,,,,,,,,,,,,,,,,,,", u2637 ,m172,,
90009, u2637 ," Oh, Buddy, I was thinking the same thing. It might be our last night in this house. And I think we should take full advantage of it."",,,,,,,,,,,,,,,,,,,,,,,,,,,,,,,", u2636 ,m172,,
90010, u2636 ," Yes...,,,,,,,,,,,,,,,,,,,,,,,,,,,,,,,", u2637 ,m172,,
90011, u2637 ," That we should take our friendship a little further?,,,,,,,,,,,,,,,,,,,,,,,,,,,,,,,", u2636 ,m172,,
90012, u2636 ," Cindy, I've been thinking about this whole friend thing. I never had a friend that cares for me the way you do... I mean, there's Ray, but he cares for me in a different way. You know, bringing me flowers. Running my bath water. And then there's nights I wake up screaming and I look over and Ray's in my bed. Holding me. And seeing that tonight might be our last night together, I was thinking..."",,,,,,,,,,,,,,,,,,,,,,,,,,,,,,,", u2637 ,m172,,
90013, u2637 ," Come on. There's a first aid kit in the lab.,,,,,,,,,,,,,,,,,,,,,,,,,,,,,,,", u2636 ,m172,,
90014, u2636 ," Yeah, I think I'm bleeding."",,,,,,,,,,,,,,,,,,,,,,,,,,,,,,,", u2637 ,m172,,
90015, u2637 ," Hugh Kane.,,,,,,,,,,,,,,,,,,,,,,,,,,,,,,,", u2636 ,m172,,
90016, u2636 ," Well, if that's Hanson, then who's the guy with the hand?"",,,,,,,,,,,,,,,,,,,,,,,,,,,,,,,", u2637 ,m172,,
90017, u2637 ," Wait, I want to check something. Give me a hand."",,,,,,,,,,,,,,,,,,,,,,,,,,,,,,,", u2636 ,m172,,
90018, u2636 ," Let's get outta here.,,,,,,,,,,,,,,,,,,,,,,,,,,,,,,,", u2637 ,m172,,
90019, u2637 ," It looks like the furnace.,,,,,,,,,,,,,,,,,,,,,,,,,,,,,,,", u2636 ,m172,,
90020, u2636 ," Where the hell are we?,,,,,,,,,,,,,,,,,,,,,,,,,,,,,,,", u2637 ,m172,,
90021, u2637 ," Alright!,,,,,,,,,,,,,,,,,,,,,,,,,,,,,,,", u2636 ,m172,,
90022, u2636 ," Oh yeah... another difference is she looks more sophisticated and classy. More feminine. And her tits are perfect. Not pointy and funny looking, or spaced too far apart..."",,,,,,,,,,,,,,,,,,,,,,,,,,,,,,,", u2636 ,m172,,
90023, u2636 ," Her hair doesn't have as many split ends at yours. Her skin isn't as oily as yours, either. Also, sometimes your eyes get kinda squinty and they look like you might have Down's Syndrome or something. Otherwise the resemblance is uncanny."",,,,,,,,,,,,,,,,,,,,,,,,,,,,,,,", u2637 ,m172,,
90024, u2637 ," Wow, she's beautiful. You really think she looks like me?"",,,,,,,,,,,,,,,,,,,,,,,,,,,,,,,", u2636 ,m172,,
90025, u2636 ," Whoa, check this out. She looks like you."",,,,,,,,,,,,,,,,,,,,,,,,,,,,,,,", u2637 ,m172,,
90026, u2637 ," Shhh!,,,,,,,,,,,,,,,,,,,,,,,,,,,,,,,", u2636 ,m172,,
90027, u2636 ," Dude, somebody's on the rag."",,,,,,,,,,,,,,,,,,,,,,,,,,,,,,,", u2636 ,m172,,
90028, u2636 ," Wait, I'm just about to tell you the best part."",,,,,,,,,,,,,,,,,,,,,,,,,,,,,,,", u2637 ,m172,,
90029, u2637 ," Buddy...,,,,,,,,,,,,,,,,,,,,,,,,,,,,,,,", u2637 ,m172,,
90030, u2637 ," Okay.,,,,,,,,,,,,,,,,,,,,,,,,,,,,,,,", u2636 ,m172,,
90031, u2636 ," Sure. We can practice talking.,,,,,,,,,,,,,,,,,,,,,,,,,,,,,,,", u2637 ,m172,,
90032, u2637 ," Yeah, it will be fine. I wanna check something out. Will you come with me?"",,,,,,,,,,,,,,,,,,,,,,,,,,,,,,,", u2636 ,m172,,
90033, u2636 ," It sounds gay, but guess since you're a girl it's okay, huh?"",,,,,,,,,,,,,,,,,,,,,,,,,,,,,,,", u2637 ,m172,,
90034, u2637 ," Gentle stuff like talking, sharing thoughts and ideas, secrets and past experiences. Stuff like that, you know."",,,,,,,,,,,,,,,,,,,,,,,,,,,,,,,", u2636 ,m172,,
90035, u2636 ," Then what kinda stuff can we do?,,,,,,,,,,,,,,,,,,,,,,,,,,,,,,,", u2637 ,m172,,
90036, u2637 ," That's just it, Buddy. I'm a girl. You can't be so rough with me."",,,,,,,,,,,,,,,,,,,,,,,,,,,,,,,", u2636 ,m172,,
90037, u2636 ," Yeah, it's great, isn't it. I think it's so cool... have a girl as a friend."",,,,,,,,,,,,,,,,,,,,,,,,,,,,,,,", u2637 ,m172,,
90038, u2637 ," You know, Buddy, about this friendship thing..."",,,,,,,,,,,,,,,,,,,,,,,,,,,,,,,", u2636 ,m172,,
90039, u2636 ," Open chest!!!,,,,,,,,,,,,,,,,,,,,,,,,,,,,,,,", u2637 ,m172,,
90040, u2637 ," Hi Buddy.,,,,,,,,,,,,,,,,,,,,,,,,,,,,,,,", u2637 ,m172,,
90041, u2637 ," Okay. See you later, friend."",,,,,,,,,,,,,,,,,,,,,,,,,,,,,,,", u2636 ,m172,,
90042, u2636 ," Sure, that would be cool. Friends."",,,,,,,,,,,,,,,,,,,,,,,,,,,,,,,", u2637 ,m172,,
90043, u2637 ," But, hey, maybe we can be friends."",,,,,,,,,,,,,,,,,,,,,,,,,,,,,,,", u2637 ,m172,,
90044, u2637 ," I'm sorry, Buddy. You seem really nice, but I'm just getting over a really bad relationship, and I'm not ready to start dating yet."",,,,,,,,,,,,,,,,,,,,,,,,,,,,,,,", u2636 ,m172,,
90045, u2636 ," Maybe we can study together or something.,,,,,,,,,,,,,,,,,,,,,,,,,,,,,,,", u2637 ,m172,,
90046, u2637 ," Yeah.,,,,,,,,,,,,,,,,,,,,,,,,,,,,,,,", u2636 ,m172,,
90047, u2636 ," So it looks like we're going to be spending the weekend together.,,,,,,,,,,,,,,,,,,,,,,,,,,,,,,,", u2637 ,m172,,
90048, u2637 ," Oh, yeah. I'm just curious about that kind of stuff."",,,,,,,,,,,,,,,,,,,,,,,,,,,,,,,", u2636 ,m172,,
90049, u2636 ," I meant you're into ghosts.,,,,,,,,,,,,,,,,,,,,,,,,,,,,,,,", u2637 ,m172,,
90050, u2637 ," No. I never date outside my race.,,,,,,,,,,,,,,,,,,,,,,,,,,,,,,,", u2636 ,m172,,
90051, u2636 ," So, I see you're really into spooks."",,,,,,,,,,,,,,,,,,,,,,,,,,,,,,,", u2637 ,m172,,
90052, u2637 ," Thanks. I'm Cindy.,,,,,,,,,,,,,,,,,,,,,,,,,,,,,,,", u2636 ,m172,,
90053, u2636 ," Hey, you left your book back there."",,,,,,,,,,,,,,,,,,,,,,,,,,,,,,,", u2647 ,m172,,
90054, u2647 ," That means more screen time for us.,,,,,,,,,,,,,,,,,,,,,,,,,,,,,,,", u2637 ,m172,,
90055, u2637 ," But he'll kill her!,,,,,,,,,,,,,,,,,,,,,,,,,,,,,,,", u2647 ,m172,,
90056, u2647 ," Let her go, Cin."",,,,,,,,,,,,,,,,,,,,,,,,,,,,,,,", u2637 ,m172,,
90057, u2637 ," She killed herself a week before he died.,,,,,,,,,,,,,,,,,,,,,,,,,,,,,,,", u2647 ,m172,,
90058, u2647 ," So, whatever happened to her?"",,,,,,,,,,,,,,,,,,,,,,,,,,,,,,,", u2637 ,m172,,
90059, u2637 ," Okay, I get the point."",,,,,,,,,,,,,,,,,,,,,,,,,,,,,,,", u2637 ,m172,,
90060, u2637 ," Thanks, I'll be fine."",,,,,,,,,,,,,,,,,,,,,,,,,,,,,,,", u2647 ,m172,,
90061, u2647 ," Good-night, Cin. I'll be next door if you need me."",,,,,,,,,,,,,,,,,,,,,,,,,,,,,,,", u2637 ,m172,,
90062, u2637 ," What, you think I did this to myself?"",,,,,,,,,,,,,,,,,,,,,,,,,,,,,,,", u2647 ,m172,,
90063, u2647 ," No, I just heard the commotion, and when I got there I guess it was gone."",,,,,,,,,,,,,,,,,,,,,,,,,,,,,,,", u2647 ,m172,,
90064, u2647 ," Come on. We better get you cleaned up.,,,,,,,,,,,,,,,,,,,,,,,,,,,,,,,", u2637 ,m172,,
90065, u2637 ," I think so.,,,,,,,,,,,,,,,,,,,,,,,,,,,,,,,", u2647 ,m172,,
90066, u2647 ," Are you okay?,,,,,,,,,,,,,,,,,,,,,,,,,,,,,,,", u2645 ,m172,,
90067, u2645 ," Yeah, I broke my fall."",,,,,,,,,,,,,,,,,,,,,,,,,,,,,,,", u2637 ,m172,,
90068, u2637 ," Ray, you saved my life. Are you okay?"",,,,,,,,,,,,,,,,,,,,,,,,,,,,,,,", u2645 ,m172,,
90069, u2645 ," I don't know. He was right behind me a minute ago.,,,,,,,,,,,,,,,,,,,,,,,,,,,,,,,", u2637 ,m172,,
90070, u2637 ," Where's Shorty?,,,,,,,,,,,,,,,,,,,,,,,,,,,,,,,", u2637 ,m172,,
90071, u2637 ," Right behind you.,,,,,,,,,,,,,,,,,,,,,,,,,,,,,,,", u2645 ,m172,,
90072, u2645 ," What's your location? I repeat, what's your location?"",,,,,,,,,,,,,,,,,,,,,,,,,,,,,,,", u2637 ,m172,,
90073, u2637 ," The ghost is close. He almost got us. Buddy is hurt.,,,,,,,,,,,,,,,,,,,,,,,,,,,,,,,", u2645 ,m172,,
90074, u2645 ," This is Ray. What's up? Where are you?,,,,,,,,,,,,,,,,,,,,,,,,,,,,,,,", u2637 ,m172,,
90075, u2637 ," Come in somebody. Can you hear me?,,,,,,,,,,,,,,,,,,,,,,,,,,,,,,,", u2645 ,m172,,
90076, u2645 ," Yeah, they're so warm and soft."",,,,,,,,,,,,,,,,,,,,,,,,,,,,,,,", u2637 ,m172,,
90077, u2637 ," How about these buns?,,,,,,,,,,,,,,,,,,,,,,,,,,,,,,,", u2637 ,m172,,
90078, u2637 ," I am. So just do me a favor and stay away from me.,,,,,,,,,,,,,,,,,,,,,,,,,,,,,,,", u2645 ,m172,,
90079, u2645 ," Listen, no need for you to worry. All that stuff that happened before is behind us. Let's just try to move on."",,,,,,,,,,,,,,,,,,,,,,,,,,,,,,,", u2637 ,m172,,
90080, u2637 ," Oh, right."",,,,,,,,,,,,,,,,,,,,,,,,,,,,,,,", u2645 ,m172,,
90081, u2645 ," It's the sequel.,,,,,,,,,,,,,,,,,,,,,,,,,,,,,,,", u2637 ,m172,,
90082, u2637 ," Oh, my God, Ray! What are you doing here?"",,,,,,,,,,,,,,,,,,,,,,,,,,,,,,,", u2645 ,m172,,
90083, u2645 ," It's okay.,,,,,,,,,,,,,,,,,,,,,,,,,,,,,,,", u2637 ,m172,,
90084, u2637 ," I'm sorry, I should have been watching where I..."",,,,,,,,,,,,,,,,,,,,,,,,,,,,,,,", u2640 ,m172,,
90085, u2640 ," Yes!!!!,,,,,,,,,,,,,,,,,,,,,,,,,,,,,,,", u2637 ,m172,,
90086, u2637 ," Noooo!!!,,,,,,,,,,,,,,,,,,,,,,,,,,,,,,,", u2640 ,m172,,
90087, u2640 ," Now you'll be mine, Cindy."",,,,,,,,,,,,,,,,,,,,,,,,,,,,,,,", u2637 ,m172,,
90088, u2637 ," This can't be happening?,,,,,,,,,,,,,,,,,,,,,,,,,,,,,,,", u2640 ,m172,,
90089, u2640 ," Didn't I just say that? Fucking listen. Anyway, I did it all for Carolyn. He never appreciated her, but I worshipped that woman and still she rejected me. So, I came back for you. Just like I did for Carolyn."",,,,,,,,,,,,,,,,,,,,,,,,,,,,,,,", u2637 ,m172,,
90090, u2637 ," Both of them?,,,,,,,,,,,,,,,,,,,,,,,,,,,,,,,", u2640 ,m172,,
90091, u2640 ," Yes, it was me all along. I killed Hugh Kane and his mistress."",,,,,,,,,,,,,,,,,,,,,,,,,,,,,,,", u2637 ,m172,,
90092, u2637 ," It was you...,,,,,,,,,,,,,,,,,,,,,,,,,,,,,,,", u2640 ,m172,,
90093, u2640 ," Made you say it!,,,,,,,,,,,,,,,,,,,,,,,,,,,,,,,", u2637 ,m172,,
90094, u2637 ," Stop! --,,,,,,,,,,,,,,,,,,,,,,,,,,,,,,,", u2637 ,m172,,
90095, u2637 ," Not in a thousand years.,,,,,,,,,,,,,,,,,,,,,,,,,,,,,,,", u2640 ,m172,,
90096, u2640 ," Tell me, Cindy. Would you ever tell me """"Stop. If you loved me you'd stop."""""",,,,,,,,,,,,,,,,,,,,,,,,,,,,,,,", u2640 ,m172,,
90097, u2640 ," Um, I'm not touching anything."",,,,,,,,,,,,,,,,,,,,,,,,,,,,,,,", u2637 ,m172,,
90098, u2637 ," Stop touching his brain!,,,,,,,,,,,,,,,,,,,,,,,,,,,,,,,", u2640 ,m172,,
90099, u2640 ," Don't worry Cindy, the brain itself feels no pain."",,,,,,,,,,,,,,,,,,,,,,,,,,,,,,,", u2637 ,m172,,
90100, u2637 ," Hanson, please."",,,,,,,,,,,,,,,,,,,,,,,,,,,,,,,", u2640 ,m172,,
90101, u2640 ," No, actually, I found him like this. That's his stuff."",,,,,,,,,,,,,,,,,,,,,,,,,,,,,,,", u2637 ,m172,,
90102, u2637 ," Morphine? chloroform? Horse tranquilizers? You've drugged him!,,,,,,,,,,,,,,,,,,,,,,,,,,,,,,,", u2640 ,m172,,
90103, u2640 ," Thanks. I made them by hand.,,,,,,,,,,,,,,,,,,,,,,,,,,,,,,,", u2637 ,m172,,
90104, u2637 ," Ummm!! They smell delicious.,,,,,,,,,,,,,,,,,,,,,,,,,,,,,,,", u2640 ,m172,,
90105, u2640 ," I'm Hanson the caretaker.,,,,,,,,,,,,,,,,,,,,,,,,,,,,,,,", u2637 ,m172,,
90106, u2637 ," I'm Cindy.,,,,,,,,,,,,,,,,,,,,,,,,,,,,,,,", u2640 ,m172,,
90107, u2640 ," Yes, Professor Oldman's group. Forgive me. I didn't mean to frighten you."",,,,,,,,,,,,,,,,,,,,,,,,,,,,,,,", u2637 ,m172,,
90108, u2637 ," Oh my God! I'm here with the...,,,,,,,,,,,,,,,,,,,,,,,,,,,,,,,", u2637 ,m172,,
90109, u2637 ," Alright, let's take a vote..."",,,,,,,,,,,,,,,,,,,,,,,,,,,,,,,", u2638 ,m172,,
90110, u2638 ," Cool, but remember, as soon as he gets on the platform you gotta get out of there.  Nobody wants to go."",,,,,,,,,,,,,,,,,,,,,,,,,,,,,,,", u2637 ,m172,,
90111, u2637 ," I'll go.,,,,,,,,,,,,,,,,,,,,,,,,,,,,,,,", u2638 ,m172,,
90112, u2638 ," Someone is going to have to lure him onto the platform.,,,,,,,,,,,,,,,,,,,,,,,,,,,,,,,", u2638 ,m172,,
90113, u2638 ," We have to destroy him.,,,,,,,,,,,,,,,,,,,,,,,,,,,,,,,", u2637 ,m172,,
90114, u2637 ," What are we gonna do?,,,,,,,,,,,,,,,,,,,,,,,,,,,,,,,", u2638 ,m172,,
90115, u2638 ," Quick, everyone to the lab."",,,,,,,,,,,,,,,,,,,,,,,,,,,,,,,", u2637 ,m172,,
90116, u2637 ," He won't let us go. He's going to kill us.,,,,,,,,,,,,,,,,,,,,,,,,,,,,,,,", u2637 ,m172,,
90117, u2637 ," Just wait, you'll see."",,,,,,,,,,,,,,,,,,,,,,,,,,,,,,,", u2638 ,m172,,
90118, u2638 ," What the hell are you doing?,,,,,,,,,,,,,,,,,,,,,,,,,,,,,,,", u2638 ,m172,,
90119, u2638 ," I don't need your help.,,,,,,,,,,,,,,,,,,,,,,,,,,,,,,,", u2637 ,m172,,
90120, u2637 ," Would you like me to help you pass them back?,,,,,,,,,,,,,,,,,,,,,,,,,,,,,,,", u2642 ,m172,,
90121, u2642 ," Soon, but first I must bless this house."",,,,,,,,,,,,,,,,,,,,,,,,,,,,,,,", u2637 ,m172,,
90122, u2637 ," Father, I don't understand. Tell me what happened?"",,,,,,,,,,,,,,,,,,,,,,,,,,,,,,,", u2642 ,m172,,
90123, u2642 ," I'm sorry.,,,,,,,,,,,,,,,,,,,,,,,,,,,,,,,", u2637 ,m172,,
90124, u2637 ," No, my friends are right here!"",,,,,,,,,,,,,,,,,,,,,,,,,,,,,,,", u2642 ,m172,,
90125, u2642 ," My child you are the only survivor.,,,,,,,,,,,,,,,,,,,,,,,,,,,,,,,", u2637 ,m172,,
90126, u2637 ," Me and my friends... You see there was this ghost. He came out of nowhere and....,,,,,,,,,,,,,,,,,,,,,,,,,,,,,,,", u2642 ,m172,,
90127, u2642 ," We? What do you mean... we?,,,,,,,,,,,,,,,,,,,,,,,,,,,,,,,", u2637 ,m172,,
90128, u2637 ," Yes, we made it!"",,,,,,,,,,,,,,,,,,,,,,,,,,,,,,,", u2642 ,m172,,
90129, u2642 ," My child, you're alive!"",,,,,,,,,,,,,,,,,,,,,,,,,,,,,,,", u2637 ,m172,,
90130, u2637 ," Father!,,,,,,,,,,,,,,,,,,,,,,,,,,,,,,,", u2646 ,m172,,
90131, u2646 ," That turned out to be a good thing! It's gonna make smuggling a whole lot easier. Remember that weed? I'm about to get paid.,,,,,,,,,,,,,,,,,,,,,,,,,,,,,,,", u2637 ,m172,,
90132, u2637 ," Shorty! You're alive!! But... what about your head?,,,,,,,,,,,,,,,,,,,,,,,,,,,,,,,", u2646 ,m172,,
90133, u2646 ," Hey, y'all! What's going on?"",,,,,,,,,,,,,,,,,,,,,,,,,,,,,,,", u2646 ,m172,,
90134, u2646 ," That's where my best customers are. Marion Berry, George Bush, the Redskins. I'd like to offer you a job, Cindy. Can you type? Take dictation? Swallow balloons filled with cocaine?"",,,,,,,,,,,,,,,,,,,,,,,,,,,,,,,", u2637 ,m172,,
90135, u2637 ," Are you?,,,,,,,,,,,,,,,,,,,,,,,,,,,,,,,", u2646 ,m172,,
90136, u2646 ," I'm going to work in Washington, Cindy."",,,,,,,,,,,,,,,,,,,,,,,,,,,,,,,", u2637 ,m172,,
90137, u2637 ," She'd have to be really pretty and I'd have to be very drunk.,,,,,,,,,,,,,,,,,,,,,,,,,,,,,,,", u2637 ,m172,,
90138, u2637 ," You better go get Dwight and the Professor.,,,,,,,,,,,,,,,,,,,,,,,,,,,,,,,", u2646 ,m172,,
90139, u2646 ," Uh, uh."",,,,,,,,,,,,,,,,,,,,,,,,,,,,,,,", u2637 ,m172,,
90140, u2637 ," Did you do that?,,,,,,,,,,,,,,,,,,,,,,,,,,,,,,,", u2646 ,m172,,
90141, u2646 ," I told you it would taste just like chicken.,,,,,,,,,,,,,,,,,,,,,,,,,,,,,,,", u2637 ,m172,,
90142, u2637 ," That was a great idea, Shorty."",,,,,,,,,,,,,,,,,,,,,,,,,,,,,,,", u2646 ,m172,,
90143, u2646 ," Hey, I got an idea."",,,,,,,,,,,,,,,,,,,,,,,,,,,,,,,", u2637 ,m172,,
90144, u2637 ," Yeah, I didn't know what else to do."",,,,,,,,,,,,,,,,,,,,,,,,,,,,,,,", u2646 ,m172,,
90145, u2646 ," Aww, the little bird died."",,,,,,,,,,,,,,,,,,,,,,,,,,,,,,,", u2646 ,m172,,
90146, u2646 ," Almost... Look, I gotta bounce. I'll holla at you later."",,,,,,,,,,,,,,,,,,,,,,,,,,,,,,,", u2637 ,m172,,
90147, u2637 ," Am I cool now?,,,,,,,,,,,,,,,,,,,,,,,,,,,,,,,", u2646 ,m172,,
90148, u2646 ," Yeah, you feel that? Now put it all together."",,,,,,,,,,,,,,,,,,,,,,,,,,,,,,,", u2637 ,m172,,
90149, u2637 ," Uhn! Uhn! Uhn!,,,,,,,,,,,,,,,,,,,,,,,,,,,,,,,", u2646 ,m172,,
90150, u2646 ," Yeah, now go uhn, uhn, uhn!"",,,,,,,,,,,,,,,,,,,,,,,,,,,,,,,", u2637 ,m172,,
90151, u2637 ," Yo! That jacket is tight.,,,,,,,,,,,,,,,,,,,,,,,,,,,,,,,", u2646 ,m172,,
90152, u2646 ," Now you gotta learn the correct slang.,,,,,,,,,,,,,,,,,,,,,,,,,,,,,,,", u2637 ,m172,,
90153, u2637 ," Left, right, left, right, crossover kick..."",,,,,,,,,,,,,,,,,,,,,,,,,,,,,,,", u2646 ,m172,,
90154, u2646 ," Let's start with some rhythm. Sway back and forth like this.,,,,,,,,,,,,,,,,,,,,,,,,,,,,,,,", u2637 ,m172,,
90155, u2637 ," Oh.,,,,,,,,,,,,,,,,,,,,,,,,,,,,,,,", u2646 ,m172,,
90156, u2646 ," Gear. You know, clothing."",,,,,,,,,,,,,,,,,,,,,,,,,,,,,,,", u2637 ,m172,,
90157, u2637 ," Huh?,,,,,,,,,,,,,,,,,,,,,,,,,,,,,,,", u2646 ,m172,,
90158, u2646 ," Aww, you ain't that bad. You just need a little flava. First thing we gotta do is get you some new gear."",,,,,,,,,,,,,,,,,,,,,,,,,,,,,,,", u2637 ,m172,,
90159, u2637 ," Okay, I guess. It's so intimidating. You know being away from home, not knowing anyone. I feel like such a geek sometimes. Everyone's so cool and I'm so not."",,,,,,,,,,,,,,,,,,,,,,,,,,,,,,,", u2646 ,m172,,
90160, u2646 ," Nah, I need a place to stay. So how do you like being in college?"",,,,,,,,,,,,,,,,,,,,,,,,,,,,,,,", u2637 ,m172,,
90161, u2637 ," You could use the grade, huh?"",,,,,,,,,,,,,,,,,,,,,,,,,,,,,,,", u2646 ,m172,,
90162, u2646 ," I don't know, but I sure hope so."",,,,,,,,,,,,,,,,,,,,,,,,,,,,,,,", u2637 ,m172,,
90163, u2637 ," So, do you think you made it into the class?"",,,,,,,,,,,,,,,,,,,,,,,,,,,,,,,", u2637 ,m172,,
90164, u2637 ," Don't touch me!!,,,,,,,,,,,,,,,,,,,,,,,,,,,,,,,", u2644 ,m172,,
90165, u2644 ," Saw who?!,,,,,,,,,,,,,,,,,,,,,,,,,,,,,,,", u2637 ,m172,,
90166, u2637 ," Oh, my God. It happened right here. She came home. She saw them."",,,,,,,,,,,,,,,,,,,,,,,,,,,,,,,", u2644 ,m172,,
90167, u2644 ," Who?,,,,,,,,,,,,,,,,,,,,,,,,,,,,,,,", u2637 ,m172,,
90168, u2637 ," I think she's starting to suspect something?,,,,,,,,,,,,,,,,,,,,,,,,,,,,,,,", u2637 ,m172,,
90169, u2637 ," Why don't you shut up, Professor? Just relax."",,,,,,,,,,,,,,,,,,,,,,,,,,,,,,,", u2644 ,m172,,
90170, u2644 ," I don't like this, this..."",,,,,,,,,,,,,,,,,,,,,,,,,,,,,,,", u2637 ,m172,,
90171, u2637 ," I wouldn't go that far.,,,,,,,,,,,,,,,,,,,,,,,,,,,,,,,", u2644 ,m172,,
90172, u2644 ," I take it you're not mad at me.,,,,,,,,,,,,,,,,,,,,,,,,,,,,,,,", u2644 ,m172,,
90173, u2644 ," Yeah, bitch, give me my apple. What's gotten into you?"",,,,,,,,,,,,,,,,,,,,,,,,,,,,,,,", u2637 ,m172,,
90174, u2637 ," Got a problem with that?,,,,,,,,,,,,,,,,,,,,,,,,,,,,,,,", u2637 ,m172,,
90175, u2637 ," There's something going on in this house. I'm not crazy.,,,,,,,,,,,,,,,,,,,,,,,,,,,,,,,", u2644 ,m172,,
90176, u2644 ," Good idea, and don't forget to give her a good-night kiss."",,,,,,,,,,,,,,,,,,,,,,,,,,,,,,,", u2644 ,m172,,
90177, u2644 ," Only that if this cat did attack, he's less likely to come back if the two of you were, let's say, together. Come on, it's college. Time for you two to experiment."",,,,,,,,,,,,,,,,,,,,,,,,,,,,,,,", u2637 ,m172,,
90178, u2637 ," What are you getting at, Professor?"",,,,,,,,,,,,,,,,,,,,,,,,,,,,,,,", u2644 ,m172,,
90179, u2644 ," No, I'm just saying cats are known to be very territorial animals, and it is likely it did attack, but it doesn't mean it was possessed. Maybe the two of you should sleep together."",,,,,,,,,,,,,,,,,,,,,,,,,,,,,,,", u2644 ,m172,,
90180, u2644 ," Theo, did you see the animal?"",,,,,,,,,,,,,,,,,,,,,,,,,,,,,,,", u2637 ,m172,,
90181, u2637 ," I'm telling you, it was possessed."",,,,,,,,,,,,,,,,,,,,,,,,,,,,,,,", u2644 ,m172,,
90182, u2644 ," That's fantastic. Our first phenomenon. This is going to be a great weekend. You guys better get some sleep. Dwight and I will take over from here.,,,,,,,,,,,,,,,,,,,,,,,,,,,,,,,", u2637 ,m172,,
90183, u2637 ," I got it!,,,,,,,,,,,,,,,,,,,,,,,,,,,,,,,", u2637 ,m172,,
90184, u2637 ," Got my camera right here.,,,,,,,,,,,,,,,,,,,,,,,,,,,,,,,", u2644 ,m172,,
90185, u2644 ," It's some kind of energy field. We better record this.,,,,,,,,,,,,,,,,,,,,,,,,,,,,,,,", u2637 ,m172,,
90186, u2637 ," Yippie! Wasn't that amazing?,,,,,,,,,,,,,,,,,,,,,,,,,,,,,,,", u2637 ,m172,,
90187, u2637 ," Professor, you guys gotta see this. Dwight, come here."",,,,,,,,,,,,,,,,,,,,,,,,,,,,,,,", u2644 ,m172,,
90188, u2644 ," Alright, Cindy, what's so important?"",,,,,,,,,,,,,,,,,,,,,,,,,,,,,,,", u2644 ,m172,,
90189, u2644 ," I'm glad you asked. It actually makes for a pretty good bedtime story.,,,,,,,,,,,,,,,,,,,,,,,,,,,,,,,", u2637 ,m172,,
90190, u2637 ," Professor, what's the history of this house?"",,,,,,,,,,,,,,,,,,,,,,,,,,,,,,,", u2644 ,m172,,
90191, u2644 ," Yes, it was reported, but never substantiated."",,,,,,,,,,,,,,,,,,,,,,,,,,,,,,,", u2637 ,m172,,
90192, u2637 ," Professor, is this the same house that a young girl was possessed by a demon or something?"",,,,,,,,,,,,,,,,,,,,,,,,,,,,,,,", u2638 ,m172,,
90193, u2638 ," The keys. She took the keys.,,,,,,,,,,,,,,,,,,,,,,,,,,,,,,,", u2644 ,m172,,
90194, u2644 ," Yeah, I can see that. Later I want you to teach me that trick, but right now we have a job to do."",,,,,,,,,,,,,,,,,,,,,,,,,,,,,,,", u2638 ,m172,,
90195, u2638 ," I can do it myself.,,,,,,,,,,,,,,,,,,,,,,,,,,,,,,,", u2644 ,m172,,
90196, u2644 ," Whoa, Dwight, I say when we pull the plug. Get a hold of yourself. Dwight, we're on the verge of greatness and I'm about this close to getting laid. Now, the bus will be here on Monday. Until then no one leaves."",,,,,,,,,,,,,,,,,,,,,,,,,,,,,,,", u2638 ,m172,,
90197, u2638 ," Yes, but I've seen the tapes. This poltergeist is becoming increasingly more violent. We all could be in danger. I say we pull the plug."",,,,,,,,,,,,,,,,,,,,,,,,,,,,,,,", u2644 ,m172,,
90198, u2644 ," That's why we came here, remember?"",,,,,,,,,,,,,,,,,,,,,,,,,,,,,,,", u2638 ,m172,,
90199, u2638 ," The force in this house is far greater than I anticipated. In one night I recorded cold spots, shifting magnetic fields, the E.U.P. is picking up white sounds everywhere."",,,,,,,,,,,,,,,,,,,,,,,,,,,,,,,", u2644 ,m172,,
90200, u2644 ," What?,,,,,,,,,,,,,,,,,,,,,,,,,,,,,,,", u2638 ,m172,,
90201, u2638 ," I think we should consider cutting the experiment short.,,,,,,,,,,,,,,,,,,,,,,,,,,,,,,,", u2644 ,m172,,
90202, u2644 ," What is it, Dwight?"",,,,,,,,,,,,,,,,,,,,,,,,,,,,,,,", u2638 ,m172,,
90203, u2638 ," Professor, we need to talk."",,,,,,,,,,,,,,,,,,,,,,,,,,,,,,,", u2644 ,m172,,
90204, u2644 ," It's not what is looks like. She's having a breakdown. Help me get her to her room.,,,,,,,,,,,,,,,,,,,,,,,,,,,,,,,", u2638 ,m172,,
90205, u2638 ," What the hell?!,,,,,,,,,,,,,,,,,,,,,,,,,,,,,,,", u2644 ,m172,,
90206, u2644 ," Congratulations, Dwight, it's begun."",,,,,,,,,,,,,,,,,,,,,,,,,,,,,,,", u2638 ,m172,,
90207, u2638 ," I don't think so. It's on all the cameras, and check this out. The thermal readings inside the house dropped ten degrees when the image was recorded."",,,,,,,,,,,,,,,,,,,,,,,,,,,,,,,", u2644 ,m172,,
90208, u2644 ," Are you sure it's not the tape?,,,,,,,,,,,,,,,,,,,,,,,,,,,,,,,", u2638 ,m172,,
90209, u2638 ," The image there.,,,,,,,,,,,,,,,,,,,,,,,,,,,,,,,", u2638 ,m172,,
90210, u2638 ," No, these are the tapes from the living room. Check this out."",,,,,,,,,,,,,,,,,,,,,,,,,,,,,,,", u2644 ,m172,,
90211, u2644 ," What is it? Some tits? A beaver shot? What?,,,,,,,,,,,,,,,,,,,,,,,,,,,,,,,", u2638 ,m172,,
90212, u2638 ," Professor, I think you should see this."",,,,,,,,,,,,,,,,,,,,,,,,,,,,,,,", u2644 ,m172,,
90213, u2644 ," No, they're just powder burns, thank God. They were empty. Get her upstairs."",,,,,,,,,,,,,,,,,,,,,,,,,,,,,,,", u2638 ,m172,,
90214, u2638 ," My God! Is she dead?,,,,,,,,,,,,,,,,,,,,,,,,,,,,,,,", u2644 ,m172,,
90215, u2644 ," Ah, yes, which reminds me, who here thinks they'd wake up if somebody snuck into their room and started sniffing between their legs?"",,,,,,,,,,,,,,,,,,,,,,,,,,,,,,,", u2638 ,m172,,
90216, u2638 ," Let's not forget, folks, this is a study on sleep disorders."",,,,,,,,,,,,,,,,,,,,,,,,,,,,,,,", u2644 ,m172,,
90217, u2644 ," Not to worry. There's been no reported activity in the house for over twenty years.,,,,,,,,,,,,,,,,,,,,,,,,,,,,,,,", u2638 ,m172,,
90218, u2638 ," Sounds good. I'm just going to run up to my room. Hop in the shower. Jump into my jogging suit, and I'll be right there."",,,,,,,,,,,,,,,,,,,,,,,,,,,,,,,", u2644 ,m172,,
90219, u2644 ," I'm going to change for dinner. I'll see you shortly.,,,,,,,,,,,,,,,,,,,,,,,,,,,,,,,", u2644 ,m172,,
90220, u2644 ," After dinner, you and I will take shifts throughout the night. I don't want to chance miss anything."",,,,,,,,,,,,,,,,,,,,,,,,,,,,,,,", u2638 ,m172,,
90221, u2638 ," That one.,,,,,,,,,,,,,,,,,,,,,,,,,,,,,,,", u2644 ,m172,,
90222, u2644 ," So, if one of our little chickadees is taking a shower which one of these buttons do I press to get a close- up?"",,,,,,,,,,,,,,,,,,,,,,,,,,,,,,,", u2644 ,m172,,
90223, u2644 ," Even in the bathroom?,,,,,,,,,,,,,,,,,,,,,,,,,,,,,,,", u2638 ,m172,,
90224, u2638 ," Yes, I thought that it would be best."",,,,,,,,,,,,,,,,,,,,,,,,,,,,,,,", u2644 ,m172,,
90225, u2644 ," Are those cameras all throughout the house?,,,,,,,,,,,,,,,,,,,,,,,,,,,,,,,", u2638 ,m172,,
90226, u2638 ," Well, this measures the amount of thermal imbalance within a room down to the tiniest molecular disturbances."",,,,,,,,,,,,,,,,,,,,,,,,,,,,,,,", u2644 ,m172,,
90227, u2644 ," Fine.  What's all this stuff?,,,,,,,,,,,,,,,,,,,,,,,,,,,,,,,", u2638 ,m172,,
90228, u2638 ," Would you please focus?,,,,,,,,,,,,,,,,,,,,,,,,,,,,,,,", u2644 ,m172,,
90229, u2644 ," Hey, you're the one who brought up safety. I'm perfectly willing to go in raw."",,,,,,,,,,,,,,,,,,,,,,,,,,,,,,,", u2638 ,m172,,
90230, u2638 ," Professor!,,,,,,,,,,,,,,,,,,,,,,,,,,,,,,,", u2644 ,m172,,
90231, u2644 ," Right. What about condoms?,,,,,,,,,,,,,,,,,,,,,,,,,,,,,,,", u2638 ,m172,,
90232, u2638 ," I have taken care of everything, including medical supplies and blood storage. We want to be safe."",,,,,,,,,,,,,,,,,,,,,,,,,,,,,,,", u2644 ,m172,,
90233, u2644 ," Remember, Dwight, not a word to anyone."",,,,,,,,,,,,,,,,,,,,,,,,,,,,,,,", u2638 ,m172,,
90234, u2638 ," In about fifteen minutes.,,,,,,,,,,,,,,,,,,,,,,,,,,,,,,,", u2644 ,m172,,
90235, u2644 ," We record and document it. We're gonna make history, Dwight. The first documented, unrefuted evidence of life after death. The book sales alone will be worth millions. I'll be rich, and you my friend, will have one hell of a thesis paper. Now, what time is orientation?"",,,,,,,,,,,,,,,,,,,,,,,,,,,,,,,", u2638 ,m172,,
90236, u2638 ," And what happens when all hell breaks loose?,,,,,,,,,,,,,,,,,,,,,,,,,,,,,,,", u2644 ,m172,,
90237, u2644 ," I'll make it part of the class. We'll tell them they're participating in a study on sleep disorders.,,,,,,,,,,,,,,,,,,,,,,,,,,,,,,,", u2638 ,m172,,
90238, u2638 ," How are we going to get them all up there?,,,,,,,,,,,,,,,,,,,,,,,,,,,,,,,", u2644 ,m172,,
90239, u2644 ," Fantastic. These kids are exactly the kind of catalyst needed to awaken Hell House.,,,,,,,,,,,,,,,,,,,,,,,,,,,,,,,", u2638 ,m172,,
90240, u2638 ," They are the survivors of the Steveston County massacre.,,,,,,,,,,,,,,,,,,,,,,,,,,,,,,,", u2644 ,m172,,
90241, u2644 ," Car accident, gun shot, multiple stabbings, a hook through the back... Where did you find these kids?"",,,,,,,,,,,,,,,,,,,,,,,,,,,,,,,", u2644 ,m172,,
90242, u2644 ," What's this?,,,,,,,,,,,,,,,,,,,,,,,,,,,,,,,", u2638 ,m172,,
90243, u2638 ," That's Ray Williams. I couldn't quite figure him out, but he seemed very eager and excited when we met."",,,,,,,,,,,,,,,,,,,,,,,,,,,,,,,", u2644 ,m172,,
90244, u2644 ," Willing? I like that.  And, this one?"",,,,,,,,,,,,,,,,,,,,,,,,,,,,,,,", u2638 ,m172,,
90245, u2638 ," Cindy Campbell. Classic abandoned personality disorder. She seems guarded, but willing to do this."",,,,,,,,,,,,,,,,,,,,,,,,,,,,,,,", u2644 ,m172,,
90246, u2644 ," Look, whatever you say, kid, but the more they're hurtin', the more they need a squirtin', if you know what I mean.  Ooh, I like her."",,,,,,,,,,,,,,,,,,,,,,,,,,,,,,,", u2638 ,m172,,
90247, u2638 ," As I am sure you are aware, Professor, subjects who are close to death are statistically more likely to have the suggestibility required for paranormal investigation, which is, of course, why I've given them special consideration."",,,,,,,,,,,,,,,,,,,,,,,,,,,,,,,", u2644 ,m172,,
90248, u2644 ," Good thinking, Dwight. Traumatized co-eds are a sure thing."",,,,,,,,,,,,,,,,,,,,,,,,,,,,,,,", u2638 ,m172,,
90249, u2638 ," I also took the liberty of putting those with near-death experiences on top.,,,,,,,,,,,,,,,,,,,,,,,,,,,,,,,", u2644 ,m172,,
90250, u2644 ," Any of them hot?,,,,,,,,,,,,,,,,,,,,,,,,,,,,,,,", u2638 ,m172,,
90251, u2638 ," Yes. The scored all over the Kiersey Temperament Sorter just like you asked for.,,,,,,,,,,,,,,,,,,,,,,,,,,,,,,,", u2644 ,m172,,
90252, u2644 ," Are these all the subjects?,,,,,,,,,,,,,,,,,,,,,,,,,,,,,,,", u2638 ,m172,,
90253, u2638 ," Here you go, Professor."",,,,,,,,,,,,,,,,,,,,,,,,,,,,,,,", u2638 ,m172,,
90254, u2638 ," I don't need your help. I'm perfectly capable.,,,,,,,,,,,,,,,,,,,,,,,,,,,,,,,", u2644 ,m172,,
90255, u2644 ," Let me help you.,,,,,,,,,,,,,,,,,,,,,,,,,,,,,,,", u2638 ,m172,,
90256, u2638 ," They're on top of the bookshelf. I'll get them.,,,,,,,,,,,,,,,,,,,,,,,,,,,,,,,", u2644 ,m172,,
90257, u2644 ," Let me see the files.,,,,,,,,,,,,,,,,,,,,,,,,,,,,,,,", u2638 ,m172,,
90258, u2638 ," I finished all the interviews.,,,,,,,,,,,,,,,,,,,,,,,,,,,,,,,", u2638 ,m172,,
90259, u2638 ," Alright. Come on, you guys."",,,,,,,,,,,,,,,,,,,,,,,,,,,,,,,", u2647 ,m172,,
90260, u2647 ," She's right. We should stick together.,,,,,,,,,,,,,,,,,,,,,,,,,,,,,,,", u2638 ,m172,,
90261, u2638 ," Oh, I couldn't do that."",,,,,,,,,,,,,,,,,,,,,,,,,,,,,,,", u2647 ,m172,,
90262, u2647 ," What if I wanted to borrow those keys?,,,,,,,,,,,,,,,,,,,,,,,,,,,,,,,", u2638 ,m172,,
90263, u2638 ," That's right.,,,,,,,,,,,,,,,,,,,,,,,,,,,,,,,", u2647 ,m172,,
90264, u2647 ," You know, Dwight, I hear you're the only one who has the key to the gate."",,,,,,,,,,,,,,,,,,,,,,,,,,,,,,,", u2638 ,m172,,
90265, u2638 ," Just a little Rogaine.,,,,,,,,,,,,,,,,,,,,,,,,,,,,,,,", u2647 ,m172,,
90266, u2647 ," Ooh, you hair is so soft and silky. What do you use on it?"",,,,,,,,,,,,,,,,,,,,,,,,,,,,,,,", u2647 ,m172,,
90267, u2647 ," Of course. So sexy.,,,,,,,,,,,,,,,,,,,,,,,,,,,,,,,", u2638 ,m172,,
90268, u2638 ," And sexy.,,,,,,,,,,,,,,,,,,,,,,,,,,,,,,,", u2647 ,m172,,
90269, u2647 ," That's what turns me on about you, Dwight. You're so smart."",,,,,,,,,,,,,,,,,,,,,,,,,,,,,,,", u2638 ,m172,,
90270, u2638 ," You do.,,,,,,,,,,,,,,,,,,,,,,,,,,,,,,,", u2647 ,m172,,
90271, u2647 ," The Professor might have everyone else fooled, but I know who the real brains of the operation is."",,,,,,,,,,,,,,,,,,,,,,,,,,,,,,,", u2638 ,m172,,
90272, u2638 ," Well, there's a lot riding on this project."",,,,,,,,,,,,,,,,,,,,,,,,,,,,,,,", u2647 ,m172,,
90273, u2647 ," Work, work, work. Is that all that you do?"",,,,,,,,,,,,,,,,,,,,,,,,,,,,,,,", u2638 ,m172,,
90274, u2638 ," Just a little experiment.,,,,,,,,,,,,,,,,,,,,,,,,,,,,,,,", u2647 ,m172,,
90275, u2647 ," What are you working on?,,,,,,,,,,,,,,,,,,,,,,,,,,,,,,,", u2638 ,m172,,
90276, u2638 ," Hi.,,,,,,,,,,,,,,,,,,,,,,,,,,,,,,,", u2647 ,m172,,
90277, u2647 ," Hello Dwight.,,,,,,,,,,,,,,,,,,,,,,,,,,,,,,,", u2638 ,m172,,
90278, u2638 ," That's it. I'm gonna put my food in your ass. I should warn you, I'm a black belt in karate."",,,,,,,,,,,,,,,,,,,,,,,,,,,,,,,", u2640 ,m172,,
90279, u2640 ," I supposed you'd like a leg. How about two?,,,,,,,,,,,,,,,,,,,,,,,,,,,,,,,", u2638 ,m172,,
90280, u2638 ," Yours, or the turkeys?"",,,,,,,,,,,,,,,,,,,,,,,,,,,,,,,", u2640 ,m172,,
90281, u2640 ," Who's first? Anyone like a wing?,,,,,,,,,,,,,,,,,,,,,,,,,,,,,,,", u2640 ,m172,,
90282, u2640 ," I'm the caretaker, not the handyman.  Nice skates. Be careful. You don't want to fall and break something."",,,,,,,,,,,,,,,,,,,,,,,,,,,,,,,", u2638 ,m172,,
90283, u2638 ," Thanks, handyman."",,,,,,,,,,,,,,,,,,,,,,,,,,,,,,,", u2640 ,m172,,
90284, u2640 ," Excuse me, sir, but the students have started to arrive. Dinner will be ready shortly."",,,,,,,,,,,,,,,,,,,,,,,,,,,,,,,", u2638 ,m172,,
90285, u2638 ," I guess so.,,,,,,,,,,,,,,,,,,,,,,,,,,,,,,,", u2645 ,m172,,
90286, u2645 ," You mean to tell me we're dead!,,,,,,,,,,,,,,,,,,,,,,,,,,,,,,,", u2638 ,m172,,
90287, u2638 ," Alright, go to the belt store..."",,,,,,,,,,,,,,,,,,,,,,,,,,,,,,,", u2645 ,m172,,
90288, u2645 ," You're not wearing a belt.,,,,,,,,,,,,,,,,,,,,,,,,,,,,,,,", u2638 ,m172,,
90289, u2638 ," Okay, give me my belt."",,,,,,,,,,,,,,,,,,,,,,,,,,,,,,,", u2645 ,m172,,
90290, u2645 ," I'm not even wearing any drawers. Forget about a belt.,,,,,,,,,,,,,,,,,,,,,,,,,,,,,,,", u2638 ,m172,,
90291, u2638 ," A little bit... Give me your belt.,,,,,,,,,,,,,,,,,,,,,,,,,,,,,,,", u2645 ,m172,,
90292, u2645 ," My help?,,,,,,,,,,,,,,,,,,,,,,,,,,,,,,,", u2638 ,m172,,
90293, u2638 ," Alright... I might need your help.,,,,,,,,,,,,,,,,,,,,,,,,,,,,,,,", u2638 ,m172,,
90294, u2638 ," What do you know about it?!... Listen, the ghost is too powerful. The only chance we have is to use this machine.  I need you to go get the others and meet us upstairs."",,,,,,,,,,,,,,,,,,,,,,,,,,,,,,,", u2645 ,m172,,
90295, u2645 ," You never could feel your legs.,,,,,,,,,,,,,,,,,,,,,,,,,,,,,,,", u2645 ,m172,,
90296, u2645 ," Second best.,,,,,,,,,,,,,,,,,,,,,,,,,,,,,,,", u2638 ,m172,,
90297, u2638 ," It's the best seat in the house. I warmed it up for you.,,,,,,,,,,,,,,,,,,,,,,,,,,,,,,,", u2639 ,m172,,
90298, u2639 ," Yes... Sometimes you have to give them candy.,,,,,,,,,,,,,,,,,,,,,,,,,,,,,,,", u2643 ,m172,,
90299, u2643 ," She's gotten worse, Father. She won't eat, she won't talk. The child won't even let me touch her."",,,,,,,,,,,,,,,,,,,,,,,,,,,,,,,", u2639 ,m172,,
90300, u2639 ," How is she?,,,,,,,,,,,,,,,,,,,,,,,,,,,,,,,", u2643 ,m172,,
90301, u2643 ," It's okay. I understand.,,,,,,,,,,,,,,,,,,,,,,,,,,,,,,,", u2639 ,m172,,
90302, u2639 ," I came as fast as I could, but at my age the little soldier needs a lot more thumpin before it starts pumpin. If I tickle my ass before..."",,,,,,,,,,,,,,,,,,,,,,,,,,,,,,,", u2643 ,m172,,
90303, u2643 ," I'm so glad you're here.,,,,,,,,,,,,,,,,,,,,,,,,,,,,,,,", u2643 ,m172,,
90304, u2643 ," Father, come in, please."",,,,,,,,,,,,,,,,,,,,,,,,,,,,,,,", u2639 ,m172,,
90305, u2639 ," Uh... I'm Father McFeely,,,,,,,,,,,,,,,,,,,,,,,,,,,,,,,", u2639 ,m172,,
90306, u2639 ," No, I'm fine."",,,,,,,,,,,,,,,,,,,,,,,,,,,,,,,", u2641 ,m172,,
90307, u2641 ," Father, I think you should rest."",,,,,,,,,,,,,,,,,,,,,,,,,,,,,,,", u2639 ,m172,,
90308, u2639 ," My holy water.,,,,,,,,,,,,,,,,,,,,,,,,,,,,,,,", u2641 ,m172,,
90309, u2641 ," No thanks.,,,,,,,,,,,,,,,,,,,,,,,,,,,,,,,", u2639 ,m172,,
90310, u2639 ," What she said about your mother?,,,,,,,,,,,,,,,,,,,,,,,,,,,,,,,", u2641 ,m172,,
90311, u2641 ," What?,,,,,,,,,,,,,,,,,,,,,,,,,,,,,,,", u2639 ,m172,,
90312, u2639 ," Oh shit, you gonna take that?"",,,,,,,,,,,,,,,,,,,,,,,,,,,,,,,", u2639 ,m172,,
90313, u2639 ," No, because her breath smells like a horse's ass."",,,,,,,,,,,,,,,,,,,,,,,,,,,,,,,", u2641 ,m172,,
90314, u2641 ," Because she will lie?,,,,,,,,,,,,,,,,,,,,,,,,,,,,,,,", u2639 ,m172,,
90315, u2639 ," Remember, don't ask her too many questions."",,,,,,,,,,,,,,,,,,,,,,,,,,,,,,,", u2639 ,m172,,
90316, u2639 ," Then let us prepare.,,,,,,,,,,,,,,,,,,,,,,,,,,,,,,,", u2641 ,m172,,
90317, u2641 ," Yes.,,,,,,,,,,,,,,,,,,,,,,,,,,,,,,,", u2639 ,m172,,
90318, u2639 ," Yeah, but you might wanna light a match before you go in there.  Did you bring my bag?"",,,,,,,,,,,,,,,,,,,,,,,,,,,,,,,", u2641 ,m172,,
90319, u2641 ," Father, are you okay?"",,,,,,,,,,,,,,,,,,,,,,,,,,,,,,,", u2639 ,m172,,
90320, u2639 ," Soon. First, I must bless this house."",,,,,,,,,,,,,,,,,,,,,,,,,,,,,,,", u2641 ,m172,,
90321, u2641 ," Would you like to see the girl?,,,,,,,,,,,,,,,,,,,,,,,,,,,,,,,", u2639 ,m172,,
90322, u2639 ," Not unless you have a paternity test to prove it.,,,,,,,,,,,,,,,,,,,,,,,,,,,,,,,", u2641 ,m172,,
90323, u2641 ," Father.,,,,,,,,,,,,,,,,,,,,,,,,,,,,,,,", u2646 ,m172,,
90324, u2646 ," I am Tom Green, I am Tom Green. Daddy want some sausage, sausage. Daddy want some sausage..."",,,,,,,,,,,,,,,,,,,,,,,,,,,,,,,", u2640 ,m172,,
90325, u2640 ," This part removes the sense of humor.,,,,,,,,,,,,,,,,,,,,,,,,,,,,,,,", u2646 ,m172,,
90326, u2646 ," Me? Grace? Okay -- Dear God --,,,,,,,,,,,,,,,,,,,,,,,,,,,,,,,", u2640 ,m172,,
90327, u2640 ," Shorty, why don't you say grace?"",,,,,,,,,,,,,,,,,,,,,,,,,,,,,,,", u2646 ,m172,,
90328, u2646 ," Sorry, y'all. My bad."",,,,,,,,,,,,,,,,,,,,,,,,,,,,,,,", u2646 ,m172,,
90329, u2646 ," Dog, you look hot."",,,,,,,,,,,,,,,,,,,,,,,,,,,,,,,", u2640 ,m172,,
90330, u2640 ," Yo son, check this out."",,,,,,,,,,,,,,,,,,,,,,,,,,,,,,,", u2646 ,m172,,
90331, u2646 ," Washington is full of cornpone country pussy -- just ask Jesse Jackson.,,,,,,,,,,,,,,,,,,,,,,,,,,,,,,,", u2640 ,m172,,
90332, u2640 ," Now you're being rude, Shorty."",,,,,,,,,,,,,,,,,,,,,,,,,,,,,,,", u2646 ,m172,,
90333, u2646 ," Yeah, I always wanted to watch you eat."",,,,,,,,,,,,,,,,,,,,,,,,,,,,,,,", u2640 ,m172,,
90334, u2640 ," Sit down and join us, Cindy."",,,,,,,,,,,,,,,,,,,,,,,,,,,,,,,", u2645 ,m172,,
90335, u2645 ," Don't worry, I got your back."",,,,,,,,,,,,,,,,,,,,,,,,,,,,,,,", u2648 ,m172,,
90336, u2648 ," Alright, but I ain't drinking. and you're gonna have to look after me."",,,,,,,,,,,,,,,,,,,,,,,,,,,,,,,", u2645 ,m172,,
90337, u2645 ," Aww, man. You just need to chill out. Come on, there's this party tonight it's gonna be fun. Lot's of alcohol and honeys."",,,,,,,,,,,,,,,,,,,,,,,,,,,,,,,", u2648 ,m172,,
90338, u2648 ," I'm totally freakin' dude. I keep having these nightmares, then I wake up screaming with these awful back spasms. I can't take it anymore, man."",,,,,,,,,,,,,,,,,,,,,,,,,,,,,,,", u2645 ,m172,,
90339, u2645 ," Yo' Tommy, what up, man?"",,,,,,,,,,,,,,,,,,,,,,,,,,,,,,,", u2645 ,m172,,
90340, u2645 ," """"Fucked me."""""",,,,,,,,,,,,,,,,,,,,,,,,,,,,,,,", u2648 ,m172,,
90341, u2648 ," """"Ray!"""""",,,,,,,,,,,,,,,,,,,,,,,,,,,,,,,", u2645 ,m172,,
90342, u2645 ," """"Fucked me."""""",,,,,,,,,,,,,,,,,,,,,,,,,,,,,,,", u2648 ,m172,,
90343, u2648 ," """"Ray!"""""",,,,,,,,,,,,,,,,,,,,,,,,,,,,,,,", u2648 ,m172,,
90344, u2648 ," Aww. Cool. Dude.,,,,,,,,,,,,,,,,,,,,,,,,,,,,,,,", u2645 ,m172,,
90345, u2645 ," """"Fucked me."""""",,,,,,,,,,,,,,,,,,,,,,,,,,,,,,,", u2648 ,m172,,
90346, u2648 ," Get out?! What does it say?,,,,,,,,,,,,,,,,,,,,,,,,,,,,,,,", u2645 ,m172,,
90347, u2645 ," Sweet. Hey, you got a tattoo, too."",,,,,,,,,,,,,,,,,,,,,,,,,,,,,,,", u2648 ,m172,,
90348, u2648 ," It says, """"Ray."""""",,,,,,,,,,,,,,,,,,,,,,,,,,,,,,,", u2645 ,m172,,
90349, u2645 ," What does it say?,,,,,,,,,,,,,,,,,,,,,,,,,,,,,,,", u2648 ,m172,,
90350, u2648 ," Hey, dude, you got a tattoo."",,,,,,,,,,,,,,,,,,,,,,,,,,,,,,,", u2645 ,m172,,
90351, u2645 ," I woke up naked, too."",,,,,,,,,,,,,,,,,,,,,,,,,,,,,,,", u2648 ,m172,,
