,User_id,text,sec_user,movies_name,relationship,attachment
93599, u2750 ," What do you mean, the horses?"",,,,,,,,,,,,,,,,,,,,,,,,,,,,,,,", u2751 ,m180,,
93600, u2751 ," If we charge them, they won't have a chance. But we gotta get to the horses."",,,,,,,,,,,,,,,,,,,,,,,,,,,,,,,", u2751 ,m180,,
93601, u2751 ," The money's in my saddlebags over there, but I ain't stepping out to get it."",,,,,,,,,,,,,,,,,,,,,,,,,,,,,,,", u2750 ,m180,,
93602, u2750 ," No money, eh?"",,,,,,,,,,,,,,,,,,,,,,,,,,,,,,,", u2751 ,m180,,
93603, u2751 ," I'd get down if I were you. They may be up there now.,,,,,,,,,,,,,,,,,,,,,,,,,,,,,,,", u2751 ,m180,,
93604, u2751 ," Wait a minute! If you don't believe me, ask them...  ...they saw me and my pal in Turley before we did the job."",,,,,,,,,,,,,,,,,,,,,,,,,,,,,,,", u2750 ,m180,,
93605, u2750 ," You brought a posse to my best hideout and you want to know if I mind. Mister, I don't know any of those names and you're about to die."",,,,,,,,,,,,,,,,,,,,,,,,,,,,,,,", u2751 ,m180,,
93606, u2751 ," My partner and me robbed the bank in Turley and headed out with a posse on our tails. My partner there caught one a ways back, and I think he kicked off while I was looking for this damn canyon. You're Dawson, ain't you? I'm Tex LaRue.  Used to ride with Ry Morris. You know him. Well, Andy Sims told me there was a hideout here, so I headed for it. Hope you don't mind."",,,,,,,,,,,,,,,,,,,,,,,,,,,,,,,", u2750 ,m180,,
93607, u2750 ," Posse? What the hell you talking about?,,,,,,,,,,,,,,,,,,,,,,,,,,,,,,,", u2751 ,m180,,
93608, u2751 ," I wouldn't do that. You're going to need every gun when that posse gets here.,,,,,,,,,,,,,,,,,,,,,,,,,,,,,,,", u2756 ,m180,,
93609, u2756 ," It was my fault.,,,,,,,,,,,,,,,,,,,,,,,,,,,,,,,", u2751 ,m180,,
93610, u2751 ," Well, Kate, it was self-defense sure enough, but I think you'd have to say I killed old Murdo. I think that's definitely the word."",,,,,,,,,,,,,,,,,,,,,,,,,,,,,,,", u2756 ,m180,,
93611, u2756 ," Your next water ain't for three days.,,,,,,,,,,,,,,,,,,,,,,,,,,,,,,,", u2751 ,m180,,
93612, u2751 ," Forget the money. You've got to get these people out of here. This is no place to be sitting with women and kids.,,,,,,,,,,,,,,,,,,,,,,,,,,,,,,,", u2751 ,m180,,
93613, u2751 ," There's nobody coming?,,,,,,,,,,,,,,,,,,,,,,,,,,,,,,,", u2756 ,m180,,
93614, u2756 ," I think we lost 'em.,,,,,,,,,,,,,,,,,,,,,,,,,,,,,,,", u2756 ,m180,,
93615, u2756 ," Honest to God, Emmett, he would've killed me."",,,,,,,,,,,,,,,,,,,,,,,,,,,,,,,", u2751 ,m180,,
93616, u2751 ," Jake, I'm going to ask you once -- was it self-defense?"",,,,,,,,,,,,,,,,,,,,,,,,,,,,,,,", u2756 ,m180,,
93617, u2756 ," The one with the shotgun.,,,,,,,,,,,,,,,,,,,,,,,,,,,,,,,", u2751 ,m180,,
93618, u2751 ," What friend is that?,,,,,,,,,,,,,,,,,,,,,,,,,,,,,,,", u2756 ,m180,,
93619, u2756 ," Well, no, not exactly. See then his friend opened up on me."",,,,,,,,,,,,,,,,,,,,,,,,,,,,,,,", u2751 ,m180,,
93620, u2751 ," You're in here for winging a guy?,,,,,,,,,,,,,,,,,,,,,,,,,,,,,,,", u2756 ,m180,,
93621, u2756 ," No, no, no! I winged him, and he dropped his gun."",,,,,,,,,,,,,,,,,,,,,,,,,,,,,,,", u2751 ,m180,,
93622, u2751 ," ...And you had to kill him?,,,,,,,,,,,,,,,,,,,,,,,,,,,,,,,", u2756 ,m180,,
93623, u2756 ," So I did, I got out of there, I don't want no trouble. You know me.  So I walked out on the street and the fella tried to shoot me in the back."",,,,,,,,,,,,,,,,,,,,,,,,,,,,,,,", u2756 ,m180,,
93624, u2756 ," Yeah, I kissed a girl and this guy didn't like it and we had some words, so I decided to get out of there."",,,,,,,,,,,,,,,,,,,,,,,,,,,,,,,", u2751 ,m180,,
93625, u2751 ," That's why they got you in jail?,,,,,,,,,,,,,,,,,,,,,,,,,,,,,,,", u2756 ,m180,,
93626, u2756 ," All I did was kiss a girl.,,,,,,,,,,,,,,,,,,,,,,,,,,,,,,,", u2756 ,m180,,
93627, u2756 ," You got me. This is a crazy town, Emmett. I think we ought to get out of here."",,,,,,,,,,,,,,,,,,,,,,,,,,,,,,,", u2751 ,m180,,
93628, u2751 ," Howdy, Jake. What's going on here?"",,,,,,,,,,,,,,,,,,,,,,,,,,,,,,,", u2756 ,m180,,
93629, u2756 ," Emmett! Am I glad to see you!,,,,,,,,,,,,,,,,,,,,,,,,,,,,,,,", u2751 ,m180,,
93630, u2751 ," Wait a minute. Get down off of there, Augie."",,,,,,,,,,,,,,,,,,,,,,,,,,,,,,,", u2761 ,m180,,
93631, u2761 ," Forget it.,,,,,,,,,,,,,,,,,,,,,,,,,,,,,,,", u2761 ,m180,,
93632, u2761 ," All right then.  Let's go.,,,,,,,,,,,,,,,,,,,,,,,,,,,,,,,", u2751 ,m180,,
93633, u2751 ," Sounds good.,,,,,,,,,,,,,,,,,,,,,,,,,,,,,,,", u2761 ,m180,,
93634, u2761 ," That's all over as far as I'm concerned, Emmett. I'm satisfied."",,,,,,,,,,,,,,,,,,,,,,,,,,,,,,,", u2751 ,m180,,
93635, u2751 ," Did it seem short to you?,,,,,,,,,,,,,,,,,,,,,,,,,,,,,,,", u2761 ,m180,,
93636, u2761 ," I didn't know you were out.,,,,,,,,,,,,,,,,,,,,,,,,,,,,,,,", u2751 ,m180,,
93637, u2751 ," McKendrick.,,,,,,,,,,,,,,,,,,,,,,,,,,,,,,,", u2761 ,m180,,
93638, u2761 ," Emmett.,,,,,,,,,,,,,,,,,,,,,,,,,,,,,,,", u2760 ,m180,,
93639, u2760 ," Right.,,,,,,,,,,,,,,,,,,,,,,,,,,,,,,,", u2751 ,m180,,
93640, u2751 ," Gotta go.,,,,,,,,,,,,,,,,,,,,,,,,,,,,,,,", u2760 ,m180,,
93641, u2760 ," She was hurt... pretty bad.  Emmett, they took the little boy with them."",,,,,,,,,,,,,,,,,,,,,,,,,,,,,,,", u2751 ,m180,,
93642, u2751 ," Kate?,,,,,,,,,,,,,,,,,,,,,,,,,,,,,,,", u2751 ,m180,,
93643, u2751 ," Is he alive?,,,,,,,,,,,,,,,,,,,,,,,,,,,,,,,", u2760 ,m180,,
93644, u2760 ," McKendrick's men got him.,,,,,,,,,,,,,,,,,,,,,,,,,,,,,,,", u2751 ,m180,,
93645, u2751 ," Where's Jake?,,,,,,,,,,,,,,,,,,,,,,,,,,,,,,,", u2760 ,m180,,
93646, u2760 ," I almost didn't.,,,,,,,,,,,,,,,,,,,,,,,,,,,,,,,", u2760 ,m180,,
93647, u2760 ," So far that's all I seen in this life.,,,,,,,,,,,,,,,,,,,,,,,,,,,,,,,", u2751 ,m180,,
93648, u2751 ," Be careful. You're in it now. And it's gonna get mean.,,,,,,,,,,,,,,,,,,,,,,,,,,,,,,,", u2760 ,m180,,
93649, u2760 ," I'll go. I'll bring Jake out here.,,,,,,,,,,,,,,,,,,,,,,,,,,,,,,,", u2751 ,m180,,
93650, u2751 ," Have to.,,,,,,,,,,,,,,,,,,,,,,,,,,,,,,,", u2760 ,m180,,
93651, u2760 ," You'll never make it.,,,,,,,,,,,,,,,,,,,,,,,,,,,,,,,", u2751 ,m180,,
93652, u2751 ," I gotta get to my brother. If they came after me, they'll want him too."",,,,,,,,,,,,,,,,,,,,,,,,,,,,,,,", u2751 ,m180,,
93653, u2751 ," I'm sorry.,,,,,,,,,,,,,,,,,,,,,,,,,,,,,,,", u2760 ,m180,,
93654, u2760 ," This was my father's. The men who killed him took it.,,,,,,,,,,,,,,,,,,,,,,,,,,,,,,,", u2751 ,m180,,
93655, u2751 ," That's it.,,,,,,,,,,,,,,,,,,,,,,,,,,,,,,,", u2760 ,m180,,
93656, u2760 ," I didn't just come along. I was looking for you.  Jake said you were out there. I saw him in town, and he told me about that business the other night. Said you boys took a Henry off one of McKendrick's men. I wanted to see it."",,,,,,,,,,,,,,,,,,,,,,,,,,,,,,,", u2751 ,m180,,
93657, u2751 ," I'd be worse if you hadn't come along.,,,,,,,,,,,,,,,,,,,,,,,,,,,,,,,", u2760 ,m180,,
93658, u2760 ," Someplace safe. How you feeling?,,,,,,,,,,,,,,,,,,,,,,,,,,,,,,,", u2751 ,m180,,
93659, u2751 ," Where are we?,,,,,,,,,,,,,,,,,,,,,,,,,,,,,,,", u2760 ,m180,,
93660, u2760 ," Sure.,,,,,,,,,,,,,,,,,,,,,,,,,,,,,,,", u2751 ,m180,,
93661, u2751 ," ...Gotta go...,,,,,,,,,,,,,,,,,,,,,,,,,,,,,,,", u2760 ,m180,,
93662, u2760 ," Yeah... maybe. So long.,,,,,,,,,,,,,,,,,,,,,,,,,,,,,,,", u2751 ,m180,,
93663, u2751 ," Maybe we'll see you sometime.,,,,,,,,,,,,,,,,,,,,,,,,,,,,,,,", u2760 ,m180,,
93664, u2760 ," Chicago. Working in the slaughter- houses.,,,,,,,,,,,,,,,,,,,,,,,,,,,,,,,", u2751 ,m180,,
93665, u2751 ," Where were you?,,,,,,,,,,,,,,,,,,,,,,,,,,,,,,,", u2760 ,m180,,
93666, u2760 ," After the war my family worked a little piece of land near Savannah for a while. But the way it was down there then... well, they made it hard every way they could. Finally my daddy figured the promised land was out this direction. By that time I was so sick of farming, I didn't want to touch another hoe ever. I wouldn't come with 'em. My daddy took it pretty hard. Him, my ma, and my little sister headed out without me. They've got a little place south of Silverado. I guess they've done okay. Good enough anyway so that when my ma wrote me last time, she said they needed my help to work the place. That was almost nine months ago she wrote. Letter took a while to find me, but when it did, it was just the right time."",,,,,,,,,,,,,,,,,,,,,,,,,,,,,,,", u2751 ,m180,,
93667, u2751 ," That I do.,,,,,,,,,,,,,,,,,,,,,,,,,,,,,,,", u2753 ,m180,,
93668, u2753 ," This time you're really going?  You know where I'll be.,,,,,,,,,,,,,,,,,,,,,,,,,,,,,,,", u2751 ,m180,,
93669, u2751 ," I already did that.,,,,,,,,,,,,,,,,,,,,,,,,,,,,,,,", u2753 ,m180,,
93670, u2753 ," Weren't you going to come out to say good-bye?,,,,,,,,,,,,,,,,,,,,,,,,,,,,,,,", u2753 ,m180,,
93671, u2753 ," Just like you'd think. But he's not going to run. We're sticking to our plan. Now we both need help.,,,,,,,,,,,,,,,,,,,,,,,,,,,,,,,", u2751 ,m180,,
93672, u2751 ," How's Mr. Parker doing?,,,,,,,,,,,,,,,,,,,,,,,,,,,,,,,", u2753 ,m180,,
93673, u2753 ," We told Sheriff Cobb about the attack.  He said he'd... look into it.  I can't believe he's the law out here. Now I see why you all wear guns.,,,,,,,,,,,,,,,,,,,,,,,,,,,,,,,", u2753 ,m180,,
93674, u2753 ," It's one thing to know it...,,,,,,,,,,,,,,,,,,,,,,,,,,,,,,,", u2751 ,m180,,
93675, u2751 ," You must have known that before you came.,,,,,,,,,,,,,,,,,,,,,,,,,,,,,,,", u2753 ,m180,,
93676, u2753 ," This is a brutal land.,,,,,,,,,,,,,,,,,,,,,,,,,,,,,,,", u2751 ,m180,,
93677, u2751 ," Are you all right?,,,,,,,,,,,,,,,,,,,,,,,,,,,,,,,", u2751 ,m180,,
93678, u2751 ," Yeah... that must have been it.,,,,,,,,,,,,,,,,,,,,,,,,,,,,,,,", u2753 ,m180,,
93679, u2753 ," Maybe you thought you'd be back this way someday.,,,,,,,,,,,,,,,,,,,,,,,,,,,,,,,", u2753 ,m180,,
93680, u2753 ," Didn't Paden tell you that?,,,,,,,,,,,,,,,,,,,,,,,,,,,,,,,", u2751 ,m180,,
93681, u2751 ," You don't make it easy on a fellow.,,,,,,,,,,,,,,,,,,,,,,,,,,,,,,,", u2751 ,m180,,
93682, u2751 ," That's why I'm here.,,,,,,,,,,,,,,,,,,,,,,,,,,,,,,,", u2753 ,m180,,
93683, u2753 ," You came all the way out here to tell me you're going to California? All you had to do was go, and we'd never see each other again."",,,,,,,,,,,,,,,,,,,,,,,,,,,,,,,", u2751 ,m180,,
93684, u2751 ," Yeah, me and Jake will be heading out for California soon."",,,,,,,,,,,,,,,,,,,,,,,,,,,,,,,", u2753 ,m180,,
93685, u2753 ," Goodbye?,,,,,,,,,,,,,,,,,,,,,,,,,,,,,,,", u2751 ,m180,,
93686, u2751 ," I just came out to say goodbye.,,,,,,,,,,,,,,,,,,,,,,,,,,,,,,,", u2753 ,m180,,
93687, u2753 ," I'm surprised to see you out here tonight.,,,,,,,,,,,,,,,,,,,,,,,,,,,,,,,", u2753 ,m180,,
93688, u2753 ," I guess I put a good scare into him.,,,,,,,,,,,,,,,,,,,,,,,,,,,,,,,", u2751 ,m180,,
93689, u2751 ," Paden sends his best.,,,,,,,,,,,,,,,,,,,,,,,,,,,,,,,", u2753 ,m180,,
93690, u2753 ," They've been kind to me.,,,,,,,,,,,,,,,,,,,,,,,,,,,,,,,", u2751 ,m180,,
93691, u2751 ," The Parkers seem like nice folks.,,,,,,,,,,,,,,,,,,,,,,,,,,,,,,,", u2753 ,m180,,
93692, u2753 ," Some. I've been talking to the Parkers. One thing I know I'm not doing -- I'm not going back.,,,,,,,,,,,,,,,,,,,,,,,,,,,,,,,", u2751 ,m180,,
93693, u2751 ," Have you thought at all about your plans?,,,,,,,,,,,,,,,,,,,,,,,,,,,,,,,", u2753 ,m180,,
93694, u2753 ," More than enough.,,,,,,,,,,,,,,,,,,,,,,,,,,,,,,,", u2754 ,m180,,
93695, u2754 ," And they were two of them. Look --,,,,,,,,,,,,,,,,,,,,,,,,,,,,,,,", u2751 ,m180,,
93696, u2751 ," Well, they're wrong. This territory is full of bad characters."",,,,,,,,,,,,,,,,,,,,,,,,,,,,,,,", u2754 ,m180,,
93697, u2754 ," This is where Baxter and Hawley brung us.,,,,,,,,,,,,,,,,,,,,,,,,,,,,,,,", u2751 ,m180,,
93698, u2751 ," Hobart, what are you people doing here?"",,,,,,,,,,,,,,,,,,,,,,,,,,,,,,,", u2754 ,m180,,
93699, u2754 ," And you're not Baxter, either?"",,,,,,,,,,,,,,,,,,,,,,,,,,,,,,,", u2751 ,m180,,
93700, u2751 ," My name is Emmett.,,,,,,,,,,,,,,,,,,,,,,,,,,,,,,,", u2754 ,m180,,
93701, u2754 ," You're not Baxter?,,,,,,,,,,,,,,,,,,,,,,,,,,,,,,,", u2751 ,m180,,
93702, u2751 ," I'm afraid it is a bad start, friend, 'cause my name isn't Baxter, and he ain't Hawley."",,,,,,,,,,,,,,,,,,,,,,,,,,,,,,,", u2754 ,m180,,
93703, u2754 ," I've got my people sitting down there...  ...swatting flies and raring to go.,,,,,,,,,,,,,,,,,,,,,,,,,,,,,,,", u2751 ,m180,,
93704, u2751 ," I'll be long gone.,,,,,,,,,,,,,,,,,,,,,,,,,,,,,,,", u2759 ,m180,,
93705, u2759 ," I want you out of town before the hanging.,,,,,,,,,,,,,,,,,,,,,,,,,,,,,,,", u2751 ,m180,,
93706, u2751 ," I haven't done anything.,,,,,,,,,,,,,,,,,,,,,,,,,,,,,,,", u2759 ,m180,,
93707, u2759 ," Maybe I ought to throw you in jail too. Then you could be with all your friends.,,,,,,,,,,,,,,,,,,,,,,,,,,,,,,,", u2751 ,m180,,
93708, u2751 ," Right... I thought they always did it at dawn.  So long, kid. I'm sorry."",,,,,,,,,,,,,,,,,,,,,,,,,,,,,,,", u2759 ,m180,,
93709, u2759 ," Ten A.M.,,,,,,,,,,,,,,,,,,,,,,,,,,,,,,,", u2751 ,m180,,
93710, u2751 ," I guess tomorrow at dawn he'll be proved right.,,,,,,,,,,,,,,,,,,,,,,,,,,,,,,,", u2751 ,m180,,
93711, u2751 ," All right. I'm looking for a young fella, full of juice. About my size, wears a fancy two-gun rig."",,,,,,,,,,,,,,,,,,,,,,,,,,,,,,,", u2759 ,m180,,
93712, u2759 ," In my town, when you're looking for someone, you ask me."",,,,,,,,,,,,,,,,,,,,,,,,,,,,,,,", u2751 ,m180,,
93713, u2751 ," I'm just meeting a guy here and moving on. So far I haven't been able to find him.,,,,,,,,,,,,,,,,,,,,,,,,,,,,,,,", u2762 ,m180,,
93714, u2762 ," I've got a job.,,,,,,,,,,,,,,,,,,,,,,,,,,,,,,,", u2751 ,m180,,
93715, u2751 ," You might make a farmer yet.,,,,,,,,,,,,,,,,,,,,,,,,,,,,,,,", u2762 ,m180,,
93716, u2762 ," Last one to the Midnight Star buys.,,,,,,,,,,,,,,,,,,,,,,,,,,,,,,,", u2751 ,m180,,
93717, u2751 ," I'll see you around.,,,,,,,,,,,,,,,,,,,,,,,,,,,,,,,", u2751 ,m180,,
93718, u2751 ," Pleased to meet you, Sheriff."",,,,,,,,,,,,,,,,,,,,,,,,,,,,,,,", u2762 ,m180,,
93719, u2762 ," Cobb, I want you to meet Emmett. He's a friend of mine.  This is Sheriff Cobb."",,,,,,,,,,,,,,,,,,,,,,,,,,,,,,,", u2751 ,m180,,
93720, u2751 ," I'm going to California with my brother.,,,,,,,,,,,,,,,,,,,,,,,,,,,,,,,", u2762 ,m180,,
93721, u2762 ," All I'm saying is, you won't trip over me if you look her up."",,,,,,,,,,,,,,,,,,,,,,,,,,,,,,,", u2751 ,m180,,
93722, u2751 ," Yeah?,,,,,,,,,,,,,,,,,,,,,,,,,,,,,,,", u2762 ,m180,,
93723, u2762 ," Hannah's a smart, pretty woman, but she's got a hard idea for living."",,,,,,,,,,,,,,,,,,,,,,,,,,,,,,,", u2751 ,m180,,
93724, u2751 ," I'll be around.,,,,,,,,,,,,,,,,,,,,,,,,,,,,,,,", u2762 ,m180,,
93725, u2762 ," I think I'll ride along with the lady here. Just take a look at this farmland before I come into Silverado. See what makes a trip this hard worth taking.  I'll see you around.,,,,,,,,,,,,,,,,,,,,,,,,,,,,,,,", u2762 ,m180,,
93726, u2762 ," Oh, I was just checking the, ah...  ...you know, lookin' in."",,,,,,,,,,,,,,,,,,,,,,,,,,,,,,,", u2751 ,m180,,
93727, u2751 ," Where you been?,,,,,,,,,,,,,,,,,,,,,,,,,,,,,,,", u2751 ,m180,,
93728, u2751 ," Anybody got any ideas?,,,,,,,,,,,,,,,,,,,,,,,,,,,,,,,", u2762 ,m180,,
93729, u2762 ," You know, hanging around with you is no picnic."",,,,,,,,,,,,,,,,,,,,,,,,,,,,,,,", u2762 ,m180,,
93730, u2762 ," All right, you buy me a drink."",,,,,,,,,,,,,,,,,,,,,,,,,,,,,,,", u2751 ,m180,,
93731, u2751 ," You haven't got any money.,,,,,,,,,,,,,,,,,,,,,,,,,,,,,,,", u2762 ,m180,,
93732, u2762 ," C'mon, I'll buy you a drink."",,,,,,,,,,,,,,,,,,,,,,,,,,,,,,,", u2751 ,m180,,
93733, u2751 ," No hard feelings.,,,,,,,,,,,,,,,,,,,,,,,,,,,,,,,", u2762 ,m180,,
93734, u2762 ," Then I guess this is where we part ways. Sorry.,,,,,,,,,,,,,,,,,,,,,,,,,,,,,,,", u2751 ,m180,,
93735, u2751 ," It never is. But he's my brother.  We're going to California together. But first we're going to stop in Silverado and see our sister. And I can't show up there with a story like this.,,,,,,,,,,,,,,,,,,,,,,,,,,,,,,,", u2762 ,m180,,
93736, u2762 ," It's not going to be easy.,,,,,,,,,,,,,,,,,,,,,,,,,,,,,,,", u2751 ,m180,,
93737, u2751 ," I understand.,,,,,,,,,,,,,,,,,,,,,,,,,,,,,,,", u2762 ,m180,,
93738, u2762 ," You'll have to deal me out on that. I've had some experience with that sort of thing, and I don't want any more."",,,,,,,,,,,,,,,,,,,,,,,,,,,,,,,", u2751 ,m180,,
93739, u2751 ," Bad luck for me. Now I gotta bust him out of there.,,,,,,,,,,,,,,,,,,,,,,,,,,,,,,,", u2762 ,m180,,
93740, u2762 ," I hate to see any man swing. Bad luck.,,,,,,,,,,,,,,,,,,,,,,,,,,,,,,,", u2751 ,m180,,
93741, u2751 ," He is that.,,,,,,,,,,,,,,,,,,,,,,,,,,,,,,,", u2762 ,m180,,
93742, u2762 ," Shame about the kid. Seems a lively sort.,,,,,,,,,,,,,,,,,,,,,,,,,,,,,,,", u2751 ,m180,,
93743, u2751 ," Which way do you mean?,,,,,,,,,,,,,,,,,,,,,,,,,,,,,,,", u2762 ,m180,,
93744, u2762 ," Doesn't look quite fair.,,,,,,,,,,,,,,,,,,,,,,,,,,,,,,,", u2751 ,m180,,
93745, u2751 ," I expect.,,,,,,,,,,,,,,,,,,,,,,,,,,,,,,,", u2762 ,m180,,
93746, u2762 ," Women?,,,,,,,,,,,,,,,,,,,,,,,,,,,,,,,", u2751 ,m180,,
93747, u2751 ," I expect.,,,,,,,,,,,,,,,,,,,,,,,,,,,,,,,", u2762 ,m180,,
93748, u2762 ," They got a saloon there?,,,,,,,,,,,,,,,,,,,,,,,,,,,,,,,", u2751 ,m180,,
93749, u2751 ," It's a town...,,,,,,,,,,,,,,,,,,,,,,,,,,,,,,,", u2762 ,m180,,
93750, u2762 ," What's Turley like?,,,,,,,,,,,,,,,,,,,,,,,,,,,,,,,", u2751 ,m180,,
93751, u2751 ," Gotta meet a guy and head out for Silverado.,,,,,,,,,,,,,,,,,,,,,,,,,,,,,,,", u2762 ,m180,,
93752, u2762 ," Going to Turley, was it?"",,,,,,,,,,,,,,,,,,,,,,,,,,,,,,,", u2751 ,m180,,
93753, u2751 ," I gotta be going.,,,,,,,,,,,,,,,,,,,,,,,,,,,,,,,", u2762 ,m180,,
93754, u2762 ," And bridle-wise, too. She's the only thing I lost I really cared about.  'Cept for maybe my hat. It's a great one. Got a pretty silver band on it. My head spent three years training it.  I surely do miss that hat."",,,,,,,,,,,,,,,,,,,,,,,,,,,,,,,", u2751 ,m180,,
93755, u2751 ," I see what you like, she's mighty pretty."",,,,,,,,,,,,,,,,,,,,,,,,,,,,,,,", u2751 ,m180,,
93756, u2751 ," Yeah, maybe a bath."",,,,,,,,,,,,,,,,,,,,,,,,,,,,,,,", u2762 ,m180,,
93757, u2762 ," Maybe I'll go along as far as Chimayo. Get me some clothes. Maybe a bath.,,,,,,,,,,,,,,,,,,,,,,,,,,,,,,,", u2751 ,m180,,
93758, u2751 ," South of here, past Chimayo."",,,,,,,,,,,,,,,,,,,,,,,,,,,,,,,", u2762 ,m180,,
93759, u2762 ," Where's Turley?,,,,,,,,,,,,,,,,,,,,,,,,,,,,,,,", u2751 ,m180,,
93760, u2751 ," I gotta stop by Turley and meet a guy.,,,,,,,,,,,,,,,,,,,,,,,,,,,,,,,", u2762 ,m180,,
93761, u2762 ," Where's the pinto going?,,,,,,,,,,,,,,,,,,,,,,,,,,,,,,,", u2751 ,m180,,
93762, u2751 ," Looks like those boys are headed south, so they weren't the same ones that jumped me. Which way you going?"",,,,,,,,,,,,,,,,,,,,,,,,,,,,,,,", u2762 ,m180,,
93763, u2762 ," Yup. The whole rig. I don't care much about the rest, but I surely will miss that bay. Least they didn't kill me. That was right considerate, I thought. They were laughing when they left me. Thought it was real funny. I walked for a little while but there was no use, so I gave it up. Figured it was just bad luck."",,,,,,,,,,,,,,,,,,,,,,,,,,,,,,,", u2751 ,m180,,
93764, u2751 ," Looks like that's not all they admired.,,,,,,,,,,,,,,,,,,,,,,,,,,,,,,,", u2762 ,m180,,
93765, u2762 ," Me, I'm riding along, minding my own business. Four cowboys come by and we decide to ride together for a while, friendly as can be. I always figure you might as well approach life like everybody's your friend or nobody is... don't make much difference. We get out in the middle of that frying pan and suddenly everybody's pointing their gun but me. I guess they admired my horse. She's a great one, a sweet little bay."",,,,,,,,,,,,,,,,,,,,,,,,,,,,,,,", u2751 ,m180,,
93766, u2751 ," I had to get up anyway.,,,,,,,,,,,,,,,,,,,,,,,,,,,,,,,", u2762 ,m180,,
93767, u2762 ," I've never been in there. They just jumped you out of the blue?,,,,,,,,,,,,,,,,,,,,,,,,,,,,,,,", u2751 ,m180,,
93768, u2751 ," No, Leavenworth."",,,,,,,,,,,,,,,,,,,,,,,,,,,,,,,", u2762 ,m180,,
93769, u2762 ," Jefferson City?,,,,,,,,,,,,,,,,,,,,,,,,,,,,,,,", u2751 ,m180,,
93770, u2751 ," Not for five years.,,,,,,,,,,,,,,,,,,,,,,,,,,,,,,,", u2762 ,m180,,
93771, u2762 ," Offend anybody lately?,,,,,,,,,,,,,,,,,,,,,,,,,,,,,,,", u2762 ,m180,,
93772, u2762 ," You got no idea what they were after?,,,,,,,,,,,,,,,,,,,,,,,,,,,,,,,", u2751 ,m180,,
93773, u2751 ," Two of the horses ran off, but that pinto you're riding hung around."",,,,,,,,,,,,,,,,,,,,,,,,,,,,,,,", u2760 ,m180,,
93774, u2760 ," Tomorrow we're going to town to straighten that out once and for all. The next day we'll be back here... farming. And these cattle better be gone.,,,,,,,,,,,,,,,,,,,,,,,,,,,,,,,", u2752 ,m180,,
93775, u2752 ," That's a lie.,,,,,,,,,,,,,,,,,,,,,,,,,,,,,,,", u2752 ,m180,,
93776, u2752 ," Whose law? The law here runs a man down -- just like these cattle.,,,,,,,,,,,,,,,,,,,,,,,,,,,,,,,", u2760 ,m180,,
93777, u2760 ," What about the law?,,,,,,,,,,,,,,,,,,,,,,,,,,,,,,,", u2752 ,m180,,
93778, u2752 ," I paid the government for it, all right. That don't mean much out here.  Malachi, I'm living like a wildcat in a cave in those hills. Hiding out, afraid to walk my own land."",,,,,,,,,,,,,,,,,,,,,,,,,,,,,,,", u2760 ,m180,,
93779, u2760 ," You own this land.,,,,,,,,,,,,,,,,,,,,,,,,,,,,,,,", u2752 ,m180,,
93780, u2752 ," The cattle! This valley runs down to a clear creek. That's why we picked this spot, and that's why they don't want us here."",,,,,,,,,,,,,,,,,,,,,,,,,,,,,,,", u2760 ,m180,,
93781, u2760 ," Who?,,,,,,,,,,,,,,,,,,,,,,,,,,,,,,,", u2752 ,m180,,
93782, u2752 ," They run me off. They burned me out. They made it so I couldn't do. Just like Georgia. If you won't sell, they take it anyway."",,,,,,,,,,,,,,,,,,,,,,,,,,,,,,,", u2760 ,m180,,
93783, u2760 ," What happened?,,,,,,,,,,,,,,,,,,,,,,,,,,,,,,,", u2752 ,m180,,
93784, u2752 ," She's gone, gone to town. She hated working on the farm...  ...just like you."",,,,,,,,,,,,,,,,,,,,,,,,,,,,,,,", u2760 ,m180,,
93785, u2760 ," Where is Rae?,,,,,,,,,,,,,,,,,,,,,,,,,,,,,,,", u2752 ,m180,,
93786, u2752 ," I saw the light. I thought maybe Rae had come back to see me. But I never thought it'd be my boy. I never thought that.,,,,,,,,,,,,,,,,,,,,,,,,,,,,,,,", u2760 ,m180,,
93787, u2760 ," Daddy?,,,,,,,,,,,,,,,,,,,,,,,,,,,,,,,", u2753 ,m180,,
93788, u2753 ," I want to build something, make things grow. That takes hard work -- a lifetime of it. That's not why men come to a pretty woman."",,,,,,,,,,,,,,,,,,,,,,,,,,,,,,,", u2762 ,m180,,
93789, u2762 ," What's that?,,,,,,,,,,,,,,,,,,,,,,,,,,,,,,,", u2753 ,m180,,
93790, u2753 ," Because they don't like what I want.,,,,,,,,,,,,,,,,,,,,,,,,,,,,,,,", u2762 ,m180,,
93791, u2762 ," Why?,,,,,,,,,,,,,,,,,,,,,,,,,,,,,,,", u2753 ,m180,,
93792, u2753 ," They're drawn to me by that. But it never lasts.,,,,,,,,,,,,,,,,,,,,,,,,,,,,,,,", u2762 ,m180,,
93793, u2762 ," Believe it.,,,,,,,,,,,,,,,,,,,,,,,,,,,,,,,", u2753 ,m180,,
93794, u2753 ," A lot of men have told me that. Maybe it's true. I guess some women are slow to believe it.,,,,,,,,,,,,,,,,,,,,,,,,,,,,,,,", u2762 ,m180,,
93795, u2762 ," And a pretty lady.,,,,,,,,,,,,,,,,,,,,,,,,,,,,,,,", u2753 ,m180,,
93796, u2753 ," Mr. and Mrs. Parker have agreed to join their parcel to mine. We'll work them together.  Mine starts right over there. It's all I've ever wanted. Pretty land, isn't it?"",,,,,,,,,,,,,,,,,,,,,,,,,,,,,,,", u2753 ,m180,,
93797, u2753 ," We got married just before this trip, so we could come out here and try the land. It's hard to find a man willing to take on a life like that."",,,,,,,,,,,,,,,,,,,,,,,,,,,,,,,", u2762 ,m180,,
93798, u2762 ," Never will again.,,,,,,,,,,,,,,,,,,,,,,,,,,,,,,,", u2753 ,m180,,
93799, u2753 ," I don't believe in luck. I know what Conrad was like. Don't tell me what you think I want to hear.,,,,,,,,,,,,,,,,,,,,,,,,,,,,,,,", u2762 ,m180,,
93800, u2762 ," He acted bravely out there, Hannah. Just bad luck his getting hit. Could have been any one of us."",,,,,,,,,,,,,,,,,,,,,,,,,,,,,,,", u2757 ,m180,,
93801, u2757 ," I'm worried what he's going to do when he finds out you boys are back.,,,,,,,,,,,,,,,,,,,,,,,,,,,,,,,", u2755 ,m180,,
93802, u2755 ," His son is worse than he was. He's smoother, so you don't always hear him coming, but he'll do anything to keep his range free."",,,,,,,,,,,,,,,,,,,,,,,,,,,,,,,", u2757 ,m180,,
93803, u2757 ," It was not -- it was Murdo's. Those McKendricks don't know how to act like human beings.,,,,,,,,,,,,,,,,,,,,,,,,,,,,,,,", u2757 ,m180,,
93804, u2757 ," Why, J.T., watch what you're saying around Augie. Emmett didn't kill anybody."",,,,,,,,,,,,,,,,,,,,,,,,,,,,,,,", u2755 ,m180,,
93805, u2755 ," The problem is, Emmett, you killed the wrong McKendrick."",,,,,,,,,,,,,,,,,,,,,,,,,,,,,,,", u2757 ,m180,,
93806, u2757 ," Augie's going to grow up here. There's nothing wrong with the land, it's just some of the people."",,,,,,,,,,,,,,,,,,,,,,,,,,,,,,,", u2755 ,m180,,
93807, u2755 ," Half the gunslingers that drift into town turn up on our police force.,,,,,,,,,,,,,,,,,,,,,,,,,,,,,,,", u2757 ,m180,,
93808, u2757 ," J.T.'s done everything he can. I married a brave man. Augie, take that delightful gift your uncle gave you out of here while we're talking.  McKendrick picked the new sheriff himself, so J.T. can't even get the law enforced."",,,,,,,,,,,,,,,,,,,,,,,,,,,,,,,", u2762 ,m180,,
93809, u2762 ," Let's get out of here.,,,,,,,,,,,,,,,,,,,,,,,,,,,,,,,", u2756 ,m180,,
93810, u2756 ," New record.,,,,,,,,,,,,,,,,,,,,,,,,,,,,,,,", u2762 ,m180,,
93811, u2762 ," I don't want you getting anyone in my place.,,,,,,,,,,,,,,,,,,,,,,,,,,,,,,,", u2756 ,m180,,
93812, u2756 ," What's the matter, Paden? You afraid I couldn't get those two behind me?"",,,,,,,,,,,,,,,,,,,,,,,,,,,,,,,", u2762 ,m180,,
93813, u2762 ," That's what you said in Turley. You remember how that ended.,,,,,,,,,,,,,,,,,,,,,,,,,,,,,,,", u2756 ,m180,,
93814, u2756 ," All I did was kiss the girl.,,,,,,,,,,,,,,,,,,,,,,,,,,,,,,,", u2762 ,m180,,
93815, u2762 ," Get out of here, Jake."",,,,,,,,,,,,,,,,,,,,,,,,,,,,,,,", u2762 ,m180,,
93816, u2762 ," Oh, a guy who got run out of town..."",,,,,,,,,,,,,,,,,,,,,,,,,,,,,,,", u2756 ,m180,,
93817, u2756 ," Who is he?,,,,,,,,,,,,,,,,,,,,,,,,,,,,,,,", u2762 ,m180,,
93818, u2762 ," He is now.,,,,,,,,,,,,,,,,,,,,,,,,,,,,,,,", u2756 ,m180,,
93819, u2756 ," This a friend of yours?,,,,,,,,,,,,,,,,,,,,,,,,,,,,,,,", u2756 ,m180,,
93820, u2756 ," He'll be here.,,,,,,,,,,,,,,,,,,,,,,,,,,,,,,,", u2762 ,m180,,
93821, u2762 ," Where's your brother?,,,,,,,,,,,,,,,,,,,,,,,,,,,,,,,", u2756 ,m180,,
93822, u2756 ," We wait.,,,,,,,,,,,,,,,,,,,,,,,,,,,,,,,", u2762 ,m180,,
93823, u2762 ," What now?,,,,,,,,,,,,,,,,,,,,,,,,,,,,,,,", u2756 ,m180,,
93824, u2756 ," That's the longest I ever did it. 'Bout bust a gut.,,,,,,,,,,,,,,,,,,,,,,,,,,,,,,,", u2756 ,m180,,
93825, u2756 ," Blind Pete taught me a great trick.,,,,,,,,,,,,,,,,,,,,,,,,,,,,,,,", u2762 ,m180,,
93826, u2762 ," We didn't get that far.,,,,,,,,,,,,,,,,,,,,,,,,,,,,,,,", u2756 ,m180,,
93827, u2756 ," Didn't he tell you about Blind Pete?,,,,,,,,,,,,,,,,,,,,,,,,,,,,,,,", u2756 ,m180,,
93828, u2756 ," Right!,,,,,,,,,,,,,,,,,,,,,,,,,,,,,,,", u2762 ,m180,,
93829, u2762 ," The other guy drew first.,,,,,,,,,,,,,,,,,,,,,,,,,,,,,,,", u2756 ,m180,,
93830, u2756 ," Yeah, that's what happened with me too."",,,,,,,,,,,,,,,,,,,,,,,,,,,,,,,", u2762 ,m180,,
93831, u2762 ," I've got no reason to run. It was a fair fight and there were plenty of witnesses.,,,,,,,,,,,,,,,,,,,,,,,,,,,,,,,", u2756 ,m180,,
93832, u2756 ," Sure we are. We're leaving at dawn.,,,,,,,,,,,,,,,,,,,,,,,,,,,,,,,", u2762 ,m180,,
93833, u2762 ," I can't say I'm convinced you're going anywhere.,,,,,,,,,,,,,,,,,,,,,,,,,,,,,,,", u2756 ,m180,,
93834, u2756 ," You mean you ain't coming with Emmett and me?,,,,,,,,,,,,,,,,,,,,,,,,,,,,,,,", u2765 ,m180,,
93835, u2765 ," Really?,,,,,,,,,,,,,,,,,,,,,,,,,,,,,,,", u2758 ,m180,,
93836, u2758 ," You can't do this.,,,,,,,,,,,,,,,,,,,,,,,,,,,,,,,", u2765 ,m180,,
93837, u2765 ," I'm done talking. Get out.,,,,,,,,,,,,,,,,,,,,,,,,,,,,,,,", u2758 ,m180,,
93838, u2758 ," What are you talking about?,,,,,,,,,,,,,,,,,,,,,,,,,,,,,,,", u2765 ,m180,,
93839, u2765 ," We're going to make some adjustments. I wanted you to be here when I offered Paden your job. I think he could do it without getting greedy. Stella and I are tired of you skimming our profits.,,,,,,,,,,,,,,,,,,,,,,,,,,,,,,,", u2758 ,m180,,
93840, u2758 ," You wanted to see me?,,,,,,,,,,,,,,,,,,,,,,,,,,,,,,,", u2765 ,m180,,
93841, u2765 ," Give the man a line of credit. He already owes the house thirteen bucks.,,,,,,,,,,,,,,,,,,,,,,,,,,,,,,,", u2758 ,m180,,
93842, u2758 ," Howdy.,,,,,,,,,,,,,,,,,,,,,,,,,,,,,,,", u2765 ,m180,,
93843, u2765 ," Kelly, get over here.  You didn't come all this way just to pay me back that money, did you?  Kelly, meet my friend Paden."",,,,,,,,,,,,,,,,,,,,,,,,,,,,,,,", u2759 ,m180,,
93844, u2759 ," I decide what's right in this jurisdiction. Now move.,,,,,,,,,,,,,,,,,,,,,,,,,,,,,,,", u2760 ,m180,,
93845, u2760 ," That ain't right.,,,,,,,,,,,,,,,,,,,,,,,,,,,,,,,", u2759 ,m180,,
93846, u2759 ," You misunderstand. I want you out of town. In fact, I want you all the way out of my jurisdiction."",,,,,,,,,,,,,,,,,,,,,,,,,,,,,,,", u2760 ,m180,,
93847, u2760 ," Is there a place in town that takes... my kind?,,,,,,,,,,,,,,,,,,,,,,,,,,,,,,,", u2759 ,m180,,
93848, u2759 ," Came to the wrong town. I don't tolerate this kind of thing. It's hard on the peace, and it's hard on the furniture. Now, knowing a bit about Carter here, I'm going to let you go without paying for the damages. But go you will, and I mean now."",,,,,,,,,,,,,,,,,,,,,,,,,,,,,,,", u2760 ,m180,,
93849, u2760 ," I wanted a drink and a bed. I guess I came to the wrong place.,,,,,,,,,,,,,,,,,,,,,,,,,,,,,,,", u2759 ,m180,,
93850, u2759 ," There are three strangers in this room, traveller, and these gents you are accusing aren't them.  Are these your friends?"",,,,,,,,,,,,,,,,,,,,,,,,,,,,,,,", u2759 ,m180,,
93851, u2759 ," Don't press your luck, Carter."",,,,,,,,,,,,,,,,,,,,,,,,,,,,,,,", u2763 ,m180,,
93852, u2763 ," Who's going to pay for all this, Sheriff?"",,,,,,,,,,,,,,,,,,,,,,,,,,,,,,,", u2759 ,m180,,
93853, u2759 ," Is that a fact?,,,,,,,,,,,,,,,,,,,,,,,,,,,,,,,", u2763 ,m180,,
93854, u2763 ," We don't serve them here and you know it. I asked him to leave and he went crazy on us. He owes me money for this damage.,,,,,,,,,,,,,,,,,,,,,,,,,,,,,,,", u2759 ,m180,,
93855, u2759 ," I don't like that word much, Carter."",,,,,,,,,,,,,,,,,,,,,,,,,,,,,,,", u2763 ,m180,,
93856, u2763 ," This nigger's breaking up my place, Sheriff Langston."",,,,,,,,,,,,,,,,,,,,,,,,,,,,,,,", u2759 ,m180,,
93857, u2759 ," What's all this then?,,,,,,,,,,,,,,,,,,,,,,,,,,,,,,,", u2762 ,m180,,
93858, u2762 ," I was afraid of that.,,,,,,,,,,,,,,,,,,,,,,,,,,,,,,,", u2759 ,m180,,
93859, u2759 ," Tomorrow morning. Ten o'clock.,,,,,,,,,,,,,,,,,,,,,,,,,,,,,,,", u2762 ,m180,,
93860, u2762 ," So this is the guy you're going to hang?,,,,,,,,,,,,,,,,,,,,,,,,,,,,,,,", u2759 ,m180,,
93861, u2759 ," The jury saw it differently.,,,,,,,,,,,,,,,,,,,,,,,,,,,,,,,", u2759 ,m180,,
93862, u2759 ," But the good citizens of Turley have taken me in their embrace, and for one simple reason. I maintain the peace. So when strangers come to town, I always ask them their business. Have you come for the hanging?"",,,,,,,,,,,,,,,,,,,,,,,,,,,,,,,", u2762 ,m180,,
93863, u2762 ," You're kidding.,,,,,,,,,,,,,,,,,,,,,,,,,,,,,,,", u2759 ,m180,,
93864, u2759 ," We'll see about that. I'm Sheriff John Langston. As you may have guessed, I am not from these parts."",,,,,,,,,,,,,,,,,,,,,,,,,,,,,,,", u2762 ,m180,,
93865, u2762 ," We'd rather stay.,,,,,,,,,,,,,,,,,,,,,,,,,,,,,,,", u2759 ,m180,,
93866, u2759 ," Now let's talk about you chaps.,,,,,,,,,,,,,,,,,,,,,,,,,,,,,,,", u2764 ,m180,,
93867, u2764 ," Shut up. You need help, don't you?"",,,,,,,,,,,,,,,,,,,,,,,,,,,,,,,", u2760 ,m180,,
93868, u2760 ," Why him?,,,,,,,,,,,,,,,,,,,,,,,,,,,,,,,", u2764 ,m180,,
93869, u2764 ," Because I'm your sister.,,,,,,,,,,,,,,,,,,,,,,,,,,,,,,,", u2760 ,m180,,
93870, u2760 ," Why would they stop you?,,,,,,,,,,,,,,,,,,,,,,,,,,,,,,,", u2764 ,m180,,
93871, u2764 ," What makes you think I could?,,,,,,,,,,,,,,,,,,,,,,,,,,,,,,,", u2760 ,m180,,
93872, u2760 ," They're watching the Hollis place. I can't get through.,,,,,,,,,,,,,,,,,,,,,,,,,,,,,,,", u2764 ,m180,,
93873, u2764 ," What's stopping you?,,,,,,,,,,,,,,,,,,,,,,,,,,,,,,,", u2760 ,m180,,
93874, u2760 ," Because you're my sister. There's nobody else.  The men who killed Daddy are after Jake. I gotta talk to him.,,,,,,,,,,,,,,,,,,,,,,,,,,,,,,,", u2764 ,m180,,
93875, u2764 ," Why come to me?,,,,,,,,,,,,,,,,,,,,,,,,,,,,,,,", u2760 ,m180,,
93876, u2760 ," Rae, I need help."",,,,,,,,,,,,,,,,,,,,,,,,,,,,,,,", u2764 ,m180,,
93877, u2764 ," Get out. We have nothing to talk about.,,,,,,,,,,,,,,,,,,,,,,,,,,,,,,,", u2764 ,m180,,
93878, u2764 ," I don't have any family any more.,,,,,,,,,,,,,,,,,,,,,,,,,,,,,,,", u2760 ,m180,,
93879, u2760 ," Rae, all we got is each other."",,,,,,,,,,,,,,,,,,,,,,,,,,,,,,,", u2764 ,m180,,
93880, u2764 ," It's none of your business.,,,,,,,,,,,,,,,,,,,,,,,,,,,,,,,", u2760 ,m180,,
93881, u2760 ," What are you doing here, Rae? This ain't for you."",,,,,,,,,,,,,,,,,,,,,,,,,,,,,,,", u2764 ,m180,,
93882, u2764 ," Oh that's just fine. Where were you when Ma and Daddy needed you? It's too late, Mal. Now you finally show up and all you can think of is to get yourself killed."",,,,,,,,,,,,,,,,,,,,,,,,,,,,,,,", u2760 ,m180,,
93883, u2760 ," I'm not sure, but I got an idea. And when I am sure, they're going to pay."",,,,,,,,,,,,,,,,,,,,,,,,,,,,,,,", u2764 ,m180,,
93884, u2764 ," Who did it?,,,,,,,,,,,,,,,,,,,,,,,,,,,,,,,", u2760 ,m180,,
93885, u2760 ," He was murdered.,,,,,,,,,,,,,,,,,,,,,,,,,,,,,,,", u2760 ,m180,,
93886, u2760 ," Daddy's dead.,,,,,,,,,,,,,,,,,,,,,,,,,,,,,,,", u2764 ,m180,,
93887, u2764 ," What are you doing here? I thought you were done with our family.,,,,,,,,,,,,,,,,,,,,,,,,,,,,,,,", u2760 ,m180,,
93888, u2760 ," Hello, Rae."",,,,,,,,,,,,,,,,,,,,,,,,,,,,,,,", u2762 ,m180,,
93889, u2762 ," Where's Emmett now?,,,,,,,,,,,,,,,,,,,,,,,,,,,,,,,", u2760 ,m180,,
93890, u2760 ," Yeah, it's working out real good."",,,,,,,,,,,,,,,,,,,,,,,,,,,,,,,", u2762 ,m180,,
93891, u2762 ," Lucky.,,,,,,,,,,,,,,,,,,,,,,,,,,,,,,,", u2760 ,m180,,
93892, u2760 ," I got there just short of too late.,,,,,,,,,,,,,,,,,,,,,,,,,,,,,,,", u2760 ,m180,,
93893, u2760 ," You don't know?,,,,,,,,,,,,,,,,,,,,,,,,,,,,,,,", u2762 ,m180,,
93894, u2762 ," I heard from Stella you were trying to find Jake. What happened to Emmett?,,,,,,,,,,,,,,,,,,,,,,,,,,,,,,,", u2760 ,m180,,
93895, u2760 ," Because they enjoy it.,,,,,,,,,,,,,,,,,,,,,,,,,,,,,,,", u2762 ,m180,,
93896, u2762 ," Why are they doing this, Mal?"",,,,,,,,,,,,,,,,,,,,,,,,,,,,,,,", u2762 ,m180,,
93897, u2762 ," Good luck, Mal."",,,,,,,,,,,,,,,,,,,,,,,,,,,,,,,", u2760 ,m180,,
93898, u2760 ," This is it, gents. My ma told me to head south past that rock."",,,,,,,,,,,,,,,,,,,,,,,,,,,,,,,", u2765 ,m180,,
93899, u2765 ," Did you hear his son is still around?,,,,,,,,,,,,,,,,,,,,,,,,,,,,,,,", u2761 ,m180,,
93900, u2761 ," I heard that too.,,,,,,,,,,,,,,,,,,,,,,,,,,,,,,,", u2765 ,m180,,
93901, u2765 ," Things are getting messy around here.  I hear Ezra Johnson got himself killed.,,,,,,,,,,,,,,,,,,,,,,,,,,,,,,,", u2761 ,m180,,
93902, u2761 ," We'll handle that. He's careless.,,,,,,,,,,,,,,,,,,,,,,,,,,,,,,,", u2765 ,m180,,
93903, u2765 ," What about his brother?,,,,,,,,,,,,,,,,,,,,,,,,,,,,,,,", u2761 ,m180,,
93904, u2761 ," He's good, all right. Too good for my men. That's why you've got to take care of it."",,,,,,,,,,,,,,,,,,,,,,,,,,,,,,,", u2765 ,m180,,
93905, u2765 ," He must be pretty good.,,,,,,,,,,,,,,,,,,,,,,,,,,,,,,,", u2765 ,m180,,
93906, u2765 ," Good-bye, Paden."",,,,,,,,,,,,,,,,,,,,,,,,,,,,,,,", u2762 ,m180,,
93907, u2762 ," Yeah. Bad luck.  Good-bye, Cobb."",,,,,,,,,,,,,,,,,,,,,,,,,,,,,,,", u2765 ,m180,,
93908, u2765 ," What a waste. This could have been such a sweet deal for us.,,,,,,,,,,,,,,,,,,,,,,,,,,,,,,,", u2765 ,m180,,
93909, u2765 ," Not a thing. She's just a mutual friend.  But if you wind up on the wrong side of this, she's going to get hurt."",,,,,,,,,,,,,,,,,,,,,,,,,,,,,,,", u2762 ,m180,,
93910, u2762 ," What's she got to do with it?,,,,,,,,,,,,,,,,,,,,,,,,,,,,,,,", u2765 ,m180,,
93911, u2765 ," I'm not thinking about your future, Paden. I'm worried about Stella."",,,,,,,,,,,,,,,,,,,,,,,,,,,,,,,", u2762 ,m180,,
93912, u2762 ," Cobb, you've got nothing I need."",,,,,,,,,,,,,,,,,,,,,,,,,,,,,,,", u2765 ,m180,,
93913, u2765 ," I never could count on you to be reasonable.  Don't force me to make an adjustment around here.,,,,,,,,,,,,,,,,,,,,,,,,,,,,,,,", u2762 ,m180,,
93914, u2762 ," I saw how you're putting Mal Johnson straight.,,,,,,,,,,,,,,,,,,,,,,,,,,,,,,,", u2765 ,m180,,
93915, u2765 ," You gotta calm down, Paden. Everything will be put straight in a few days."",,,,,,,,,,,,,,,,,,,,,,,,,,,,,,,", u2762 ,m180,,
93916, u2762 ," We didn't talk about this.  They took the little boy, Cobb."",,,,,,,,,,,,,,,,,,,,,,,,,,,,,,,", u2765 ,m180,,
93917, u2765 ," I thought we talked about that.,,,,,,,,,,,,,,,,,,,,,,,,,,,,,,,", u2762 ,m180,,
93918, u2762 ," Yeah, maybe I will too."",,,,,,,,,,,,,,,,,,,,,,,,,,,,,,,", u2765 ,m180,,
93919, u2765 ," I'm going to have to look into this.,,,,,,,,,,,,,,,,,,,,,,,,,,,,,,,", u2762 ,m180,,
93920, u2762 ," Don't worry about me. If you're taking on Emmett, the last place I want to be is between you."",,,,,,,,,,,,,,,,,,,,,,,,,,,,,,,", u2765 ,m180,,
93921, u2765 ," So we understand each other?,,,,,,,,,,,,,,,,,,,,,,,,,,,,,,,", u2762 ,m180,,
93922, u2762 ," I'm a great believer in doing nothing.,,,,,,,,,,,,,,,,,,,,,,,,,,,,,,,", u2765 ,m180,,
93923, u2765 ," Nothing. Do nothing. Don't get between us.,,,,,,,,,,,,,,,,,,,,,,,,,,,,,,,", u2762 ,m180,,
93924, u2762 ," What is it you want from me?,,,,,,,,,,,,,,,,,,,,,,,,,,,,,,,", u2765 ,m180,,
93925, u2765 ," You know, Paden, what makes all this work is me doing my job. The fellows you came to town with are causing some trouble. It's going to take a little straightening out. I have my responsibilities. I want you to understand. It has nothing to do with us."",,,,,,,,,,,,,,,,,,,,,,,,,,,,,,,", u2762 ,m180,,
93926, u2762 ," Well, thanks, but forget it."",,,,,,,,,,,,,,,,,,,,,,,,,,,,,,,", u2765 ,m180,,
93927, u2765 ," Easy, boy. Just an idea."",,,,,,,,,,,,,,,,,,,,,,,,,,,,,,,", u2765 ,m180,,
93928, u2765 ," Maybe you could run it without Stella.,,,,,,,,,,,,,,,,,,,,,,,,,,,,,,,", u2762 ,m180,,
93929, u2762 ," It is that.,,,,,,,,,,,,,,,,,,,,,,,,,,,,,,,", u2765 ,m180,,
93930, u2765 ," I told you this was a sweet set-up.,,,,,,,,,,,,,,,,,,,,,,,,,,,,,,,", u2762 ,m180,,
93931, u2762 ," This is a lot of money.,,,,,,,,,,,,,,,,,,,,,,,,,,,,,,,", u2765 ,m180,,
93932, u2765 ," I took out thirteen dollars.,,,,,,,,,,,,,,,,,,,,,,,,,,,,,,,", u2762 ,m180,,
93933, u2762 ," Maybe we ought to ask Stella.,,,,,,,,,,,,,,,,,,,,,,,,,,,,,,,", u2765 ,m180,,
93934, u2765 ," Nothing like that will happen between us.,,,,,,,,,,,,,,,,,,,,,,,,,,,,,,,", u2762 ,m180,,
93935, u2762 ," You didn't tell me you owned a saloon.,,,,,,,,,,,,,,,,,,,,,,,,,,,,,,,", u2765 ,m180,,
93936, u2765 ," Good old Paden. I was hoping you'd changed your mind about the job.,,,,,,,,,,,,,,,,,,,,,,,,,,,,,,,", u2762 ,m180,,
93937, u2762 ," Luck, I guess."",,,,,,,,,,,,,,,,,,,,,,,,,,,,,,,", u2765 ,m180,,
93938, u2765 ," What brings you into my saloon?,,,,,,,,,,,,,,,,,,,,,,,,,,,,,,,", u2765 ,m180,,
93939, u2765 ," Stella, we still got an extra room out back, don't we?"",,,,,,,,,,,,,,,,,,,,,,,,,,,,,,,", u2762 ,m180,,
93940, u2762 ," I just got to town.,,,,,,,,,,,,,,,,,,,,,,,,,,,,,,,", u2765 ,m180,,
93941, u2765 ," You got a place to stay?,,,,,,,,,,,,,,,,,,,,,,,,,,,,,,,", u2762 ,m180,,
93942, u2762 ," Well I'm real happy for you, Cobb. But I think I'll keep looking for mine."",,,,,,,,,,,,,,,,,,,,,,,,,,,,,,,", u2765 ,m180,,
93943, u2765 ," This is mighty sweet, Paden. I think I finally found my place in the world."",,,,,,,,,,,,,,,,,,,,,,,,,,,,,,,", u2762 ,m180,,
93944, u2762 ," You're right.,,,,,,,,,,,,,,,,,,,,,,,,,,,,,,,", u2765 ,m180,,
93945, u2765 ," Yes, sir. You wouldn't believe it."",,,,,,,,,,,,,,,,,,,,,,,,,,,,,,,", u2762 ,m180,,
93946, u2762 ," You've got a legitimate job.,,,,,,,,,,,,,,,,,,,,,,,,,,,,,,,", u2765 ,m180,,
93947, u2765 ," So have I. I've got a legitimate job now. I can use a guy like you.,,,,,,,,,,,,,,,,,,,,,,,,,,,,,,,", u2762 ,m180,,
93948, u2762 ," I've given that up.,,,,,,,,,,,,,,,,,,,,,,,,,,,,,,,", u2765 ,m180,,
93949, u2765 ," Let's talk about that.  I'm looking for some men.,,,,,,,,,,,,,,,,,,,,,,,,,,,,,,,", u2762 ,m180,,
93950, u2762 ," Appreciate the loan. I'm good for it.,,,,,,,,,,,,,,,,,,,,,,,,,,,,,,,", u2765 ,m180,,
93951, u2765 ," Where's the dog?,,,,,,,,,,,,,,,,,,,,,,,,,,,,,,,", u2762 ,m180,,
93952, u2762 ," It's been a while.,,,,,,,,,,,,,,,,,,,,,,,,,,,,,,,", u2765 ,m180,,
93953, u2765 ," I see you're prospering without me.,,,,,,,,,,,,,,,,,,,,,,,,,,,,,,,", u2765 ,m180,,
93954, u2765 ," Hello, Paden. How ya doing?"",,,,,,,,,,,,,,,,,,,,,,,,,,,,,,,", u2762 ,m180,,
93955, u2762 ," Hello, Cobb."",,,,,,,,,,,,,,,,,,,,,,,,,,,,,,,", u2762 ,m180,,
93956, u2762 ," You better get in there with her until this thing is over.,,,,,,,,,,,,,,,,,,,,,,,,,,,,,,,", u2766 ,m180,,
93957, u2766 ," I've got a place I can hide her.,,,,,,,,,,,,,,,,,,,,,,,,,,,,,,,", u2766 ,m180,,
93958, u2766 ," He can't hurt me if he's dead.,,,,,,,,,,,,,,,,,,,,,,,,,,,,,,,", u2762 ,m180,,
93959, u2762 ," I don't want you to get hurt.,,,,,,,,,,,,,,,,,,,,,,,,,,,,,,,", u2766 ,m180,,
93960, u2766 ," How about you?,,,,,,,,,,,,,,,,,,,,,,,,,,,,,,,", u2766 ,m180,,
93961, u2766 ," I'm ready for that.,,,,,,,,,,,,,,,,,,,,,,,,,,,,,,,", u2762 ,m180,,
93962, u2762 ," I like your attitude. But it can be risky.,,,,,,,,,,,,,,,,,,,,,,,,,,,,,,,", u2766 ,m180,,
93963, u2766 ," Some people think because they're stronger -- or meaner -- they can push you around. I've seen a lot of that. But it's only true if you let it be. The world is what you make of it.,,,,,,,,,,,,,,,,,,,,,,,,,,,,,,,", u2762 ,m180,,
93964, u2762 ," Is that what he said? Well, he figured it okay this time."",,,,,,,,,,,,,,,,,,,,,,,,,,,,,,,", u2766 ,m180,,
93965, u2766 ," Nah!  What's he got? This is a nice saloon, but there are other nice saloons. It's not the money. Not for you. Why can't I get ahold of it?  Cobb says there's no telling what you're going to care about."",,,,,,,,,,,,,,,,,,,,,,,,,,,,,,,", u2762 ,m180,,
93966, u2762 ," You sure? Maybe that's the kind of friend I am.,,,,,,,,,,,,,,,,,,,,,,,,,,,,,,,", u2766 ,m180,,
93967, u2766 ," If he didn't you'd never sit still while this was happening.,,,,,,,,,,,,,,,,,,,,,,,,,,,,,,,", u2762 ,m180,,
93968, u2762 ," What makes you say that?,,,,,,,,,,,,,,,,,,,,,,,,,,,,,,,", u2766 ,m180,,
93969, u2766 ," Cobb's got something on you, and it must be pretty good."",,,,,,,,,,,,,,,,,,,,,,,,,,,,,,,", u2762 ,m180,,
93970, u2762 ," What do you mean?,,,,,,,,,,,,,,,,,,,,,,,,,,,,,,,", u2766 ,m180,,
93971, u2766 ," What is it that I can't figure?,,,,,,,,,,,,,,,,,,,,,,,,,,,,,,,", u2762 ,m180,,
93972, u2762 ," He left me.,,,,,,,,,,,,,,,,,,,,,,,,,,,,,,,", u2766 ,m180,,
93973, u2766 ," Where's the dog now?,,,,,,,,,,,,,,,,,,,,,,,,,,,,,,,", u2762 ,m180,,
93974, u2762 ," Give me some of the good stuff.,,,,,,,,,,,,,,,,,,,,,,,,,,,,,,,", u2766 ,m180,,
93975, u2766 ," You really are a gambler.,,,,,,,,,,,,,,,,,,,,,,,,,,,,,,,", u2762 ,m180,,
93976, u2762 ," Oh, yeah? How good?"",,,,,,,,,,,,,,,,,,,,,,,,,,,,,,,", u2766 ,m180,,
93977, u2766 ," That's the good stuff.,,,,,,,,,,,,,,,,,,,,,,,,,,,,,,,", u2762 ,m180,,
93978, u2762 ," What's this?,,,,,,,,,,,,,,,,,,,,,,,,,,,,,,,", u2762 ,m180,,
93979, u2762 ," I meant, seemed like a lot of whiskey."",,,,,,,,,,,,,,,,,,,,,,,,,,,,,,,", u2766 ,m180,,
93980, u2766 ," I'm saving lives here. The straight stuff would raise a blood blister on boot leather.,,,,,,,,,,,,,,,,,,,,,,,,,,,,,,,", u2762 ,m180,,
93981, u2762 ," Is this a fair mix?,,,,,,,,,,,,,,,,,,,,,,,,,,,,,,,", u2766 ,m180,,
93982, u2766 ," Here he comes right now.,,,,,,,,,,,,,,,,,,,,,,,,,,,,,,,", u2762 ,m180,,
93983, u2762 ," Who's the owner?,,,,,,,,,,,,,,,,,,,,,,,,,,,,,,,", u2766 ,m180,,
93984, u2766 ," I don't own this place. The man who does stuck me with Kelly.,,,,,,,,,,,,,,,,,,,,,,,,,,,,,,,", u2762 ,m180,,
93985, u2762 ," Why'd you go into business with him?,,,,,,,,,,,,,,,,,,,,,,,,,,,,,,,", u2766 ,m180,,
93986, u2766 ," Yeah, aside from being a loud-mouthed, lying cheat, he's just the man I would have picked."",,,,,,,,,,,,,,,,,,,,,,,,,,,,,,,", u2762 ,m180,,
93987, u2762 ," So-called?,,,,,,,,,,,,,,,,,,,,,,,,,,,,,,,", u2766 ,m180,,
93988, u2766 ," That's Kelly, my so-called partner. He runs that side."",,,,,,,,,,,,,,,,,,,,,,,,,,,,,,,", u2766 ,m180,,
93989, u2766 ," You see that fellow over there in the gray coat?,,,,,,,,,,,,,,,,,,,,,,,,,,,,,,,", u2762 ,m180,,
93990, u2762 ," You wouldn't be needing any help around here, would you? Maybe with the gambling?"",,,,,,,,,,,,,,,,,,,,,,,,,,,,,,,", u2766 ,m180,,
93991, u2766 ," Me too. What's wrong with us?,,,,,,,,,,,,,,,,,,,,,,,,,,,,,,,", u2762 ,m180,,
93992, u2762 ," It's the only place I'm happy.,,,,,,,,,,,,,,,,,,,,,,,,,,,,,,,", u2766 ,m180,,
93993, u2766 ," You like a good saloon?,,,,,,,,,,,,,,,,,,,,,,,,,,,,,,,", u2762 ,m180,,
93994, u2762 ," And I know what I'm talking about.,,,,,,,,,,,,,,,,,,,,,,,,,,,,,,,", u2766 ,m180,,
93995, u2766 ," Thanks. That's what I call it too.,,,,,,,,,,,,,,,,,,,,,,,,,,,,,,,", u2762 ,m180,,
93996, u2762 ," My compliments to you, Miss Stella. This is what I call a saloon."",,,,,,,,,,,,,,,,,,,,,,,,,,,,,,,", u2766 ,m180,,
93997, u2766 ," I am. I'm always there, but I only shine at night."",,,,,,,,,,,,,,,,,,,,,,,,,,,,,,,", u2762 ,m180,,
93998, u2762 ," Stella... Are you the midnight star herself?,,,,,,,,,,,,,,,,,,,,,,,,,,,,,,,", u2762 ,m180,,
93999, u2762 ," Paden.,,,,,,,,,,,,,,,,,,,,,,,,,,,,,,,", u2766 ,m180,,
94000, u2766 ," Stella.,,,,,,,,,,,,,,,,,,,,,,,,,,,,,,,", u2762 ,m180,,
94001, u2762 ," I'll drink to that. Will you join me, Miss --"",,,,,,,,,,,,,,,,,,,,,,,,,,,,,,,", u2766 ,m180,,
94002, u2766 ," The world is what you make of it, friend. If it doesn't fit, you make alterations."",,,,,,,,,,,,,,,,,,,,,,,,,,,,,,,", u2762 ,m180,,
94003, u2762 ," Nifty.,,,,,,,,,,,,,,,,,,,,,,,,,,,,,,,", u2766 ,m180,,
94004, u2766 ," I run the place. What can I get you?,,,,,,,,,,,,,,,,,,,,,,,,,,,,,,,", u2762 ,m180,,
94005, u2762 ," You work here?,,,,,,,,,,,,,,,,,,,,,,,,,,,,,,,", u2765 ,m180,,
94006, u2765 ," He says he doesn't care about anything, but he does. There's just no telling what it's going to be."",,,,,,,,,,,,,,,,,,,,,,,,,,,,,,,", u2766 ,m180,,
94007, u2766 ," From what I've seen, Paden doesn't care much about money."",,,,,,,,,,,,,,,,,,,,,,,,,,,,,,,", u2765 ,m180,,
94008, u2765 ," I thought you two would get along.,,,,,,,,,,,,,,,,,,,,,,,,,,,,,,,", u2766 ,m180,,
94009, u2766 ," I wouldn't worry about that.,,,,,,,,,,,,,,,,,,,,,,,,,,,,,,,", u2765 ,m180,,
94010, u2765 ," It's an advance. We want him to know he's going to be happy here.,,,,,,,,,,,,,,,,,,,,,,,,,,,,,,,", u2765 ,m180,,
94011, u2765 ," Oh, yeah, you two are going to get along fine. You got a lot in common."",,,,,,,,,,,,,,,,,,,,,,,,,,,,,,,", u2766 ,m180,,
94012, u2766 ," That was my plan.,,,,,,,,,,,,,,,,,,,,,,,,,,,,,,,", u2765 ,m180,,
94013, u2765 ," Stella, this is one of my oldest surviving friends. Treat him right."",,,,,,,,,,,,,,,,,,,,,,,,,,,,,,,", u2766 ,m180,,
