,User_id,text,sec_user,movies_name,relationship,attachment
95199, u2808 ," I'll tell you what, no one with lyme disease gonna win any damn handsome contests!"",,,,,,,,,,,,,,,,,,,,,,,,,,,,,,,", u2804 ,m184,,
95200, u2804 ," And that makes you look like a squid?,,,,,,,,,,,,,,,,,,,,,,,,,,,,,,,", u2808 ,m184,,
95201, u2808 ," Touch some deer feces out in the forest. Eat a sandwich without washing your hands. Then you got lyme disease.,,,,,,,,,,,,,,,,,,,,,,,,,,,,,,,", u2804 ,m184,,
95202, u2804 ," What?,,,,,,,,,,,,,,,,,,,,,,,,,,,,,,,", u2804 ,m184,,
95203, u2804 ," Sherry, you gonna create a hysteria?"",,,,,,,,,,,,,,,,,,,,,,,,,,,,,,,", u2808 ,m184,,
95204, u2808 ," That young lady heard you say 'squid.' She's gonna go out and create a Goddamn hysteria!,,,,,,,,,,,,,,,,,,,,,,,,,,,,,,,", u2804 ,m184,,
95205, u2804 ," Dude's a half--squid. Ain't many places he can hide. Sea World, maybe."",,,,,,,,,,,,,,,,,,,,,,,,,,,,,,,", u2808 ,m184,,
95206, u2808 ," How are you going to find him?,,,,,,,,,,,,,,,,,,,,,,,,,,,,,,,", u2808 ,m184,,
95207, u2808 ," Don't fuck with me, Bill. Your post here as Chief is in dire straits you don't work this shit out."",,,,,,,,,,,,,,,,,,,,,,,,,,,,,,,", u2804 ,m184,,
95208, u2804 ," Hell, Jack, your leisure activities ain't my business."",,,,,,,,,,,,,,,,,,,,,,,,,,,,,,,", u2808 ,m184,,
95209, u2808 ," Bill, this Brenda's Randy Flagg's niece. We need to find Grant yesterday! The town council has lit a Roman candle and stuck it up my ass!"",,,,,,,,,,,,,,,,,,,,,,,,,,,,,,,", u2804 ,m184,,
95210, u2804 ," 'Mornin', Jack."",,,,,,,,,,,,,,,,,,,,,,,,,,,,,,,", u2808 ,m184,,
95211, u2808 ," Bill, we need to talk!"",,,,,,,,,,,,,,,,,,,,,,,,,,,,,,,", u2804 ,m184,,
95212, u2804 ," Shit.,,,,,,,,,,,,,,,,,,,,,,,,,,,,,,,", u2804 ,m184,,
95213, u2804 ," You're right, Jack. Margaret, you're fired."",,,,,,,,,,,,,,,,,,,,,,,,,,,,,,,", u2808 ,m184,,
95214, u2808 ," Comes with some Goddamn responsibility, like keeping your people in line."",,,,,,,,,,,,,,,,,,,,,,,,,,,,,,,", u2808 ,m184,,
95215, u2808 ," Bill, you're Chief of police now. "",,,,,,,,,,,,,,,,,,,,,,,,,,,,,,,", u2812 ,m184,,
95216, u2812 ," And this is mine.,,,,,,,,,,,,,,,,,,,,,,,,,,,,,,,", u2804 ,m184,,
95217, u2804 ," It's my nature.,,,,,,,,,,,,,,,,,,,,,,,,,,,,,,,", u2812 ,m184,,
95218, u2812 ," You took Bill.,,,,,,,,,,,,,,,,,,,,,,,,,,,,,,,", u2804 ,m184,,
95219, u2804 ," Please, Starla. I'm gonna do my best not to hurt anybody --"",,,,,,,,,,,,,,,,,,,,,,,,,,,,,,,", u2812 ,m184,,
95220, u2812 ," Okay.,,,,,,,,,,,,,,,,,,,,,,,,,,,,,,,", u2804 ,m184,,
95221, u2804 ," We'll just head up here into Bishopville, get checked up in the hospital. Then maybe we'll head off to Hollywood after all, huh?"",,,,,,,,,,,,,,,,,,,,,,,,,,,,,,,", u2812 ,m184,,
95222, u2812 ," Aspirin.,,,,,,,,,,,,,,,,,,,,,,,,,,,,,,,", u2804 ,m184,,
95223, u2804 ," I'll get it for you. Ibuprofen or aspirin?,,,,,,,,,,,,,,,,,,,,,,,,,,,,,,,", u2804 ,m184,,
95224, u2804 ," Yeah. Good.,,,,,,,,,,,,,,,,,,,,,,,,,,,,,,,", u2812 ,m184,,
95225, u2812 ," We can probably get some first aid and food at this gas station up here.,,,,,,,,,,,,,,,,,,,,,,,,,,,,,,,", u2804 ,m184,,
95226, u2804 ," No, Starla! No!"",,,,,,,,,,,,,,,,,,,,,,,,,,,,,,,", u2812 ,m184,,
95227, u2812 ," He wants me, Bill! I'm going to get him to take me to him! See if you can follow me, and kill him!"",,,,,,,,,,,,,,,,,,,,,,,,,,,,,,,", u2804 ,m184,,
95228, u2804 ," What?,,,,,,,,,,,,,,,,,,,,,,,,,,,,,,,", u2812 ,m184,,
95229, u2812 ," We can't make it. Just get away, when you get the chance."",,,,,,,,,,,,,,,,,,,,,,,,,,,,,,,", u2804 ,m184,,
95230, u2804 ," What are you doing?!,,,,,,,,,,,,,,,,,,,,,,,,,,,,,,,", u2804 ,m184,,
95231, u2804 ," Hell, Starla. I always regretted that."",,,,,,,,,,,,,,,,,,,,,,,,,,,,,,,", u2812 ,m184,,
95232, u2812 ," After all this shit tonight, I know for sure now you regret not running off with me to Hollywood!"",,,,,,,,,,,,,,,,,,,,,,,,,,,,,,,", u2804 ,m184,,
95233, u2804 ," I'm sorry.,,,,,,,,,,,,,,,,,,,,,,,,,,,,,,,", u2812 ,m184,,
95234, u2812 ," That wasn't a good night, no."",,,,,,,,,,,,,,,,,,,,,,,,,,,,,,,", u2804 ,m184,,
95235, u2804 ," When you wanted to run away, I called your dad."",,,,,,,,,,,,,,,,,,,,,,,,,,,,,,,", u2812 ,m184,,
95236, u2812 ," My father, he was -- he was real close to evil. People didn't know. Still don't. From the time I was a toddler he'd beat the hell out of me. I don't mean just like a smack for smart--mouthing... he took a real enjoyment in it. And when I turned eleven or twelve, things... well, they got worse. Starla looks at Bill, who seems struck."",,,,,,,,,,,,,,,,,,,,,,,,,,,,,,,", u2804 ,m184,,
95237, u2804 ," Well, big ol' Lincoln, sure. Guess I would have flirted with him too."",,,,,,,,,,,,,,,,,,,,,,,,,,,,,,,", u2812 ,m184,,
95238, u2812 ," Grant used to get filled up every day. I knew it was just to see me. He was too old -- But he was handsome. And he had that big ol' Lincoln then. I flirted with him.,,,,,,,,,,,,,,,,,,,,,,,,,,,,,,,", u2812 ,m184,,
95239, u2812 ," I know what people say, Bill. I... Remember, back in high school I worked at my father's gas station?"",,,,,,,,,,,,,,,,,,,,,,,,,,,,,,,", u2804 ,m184,,
95240, u2804 ," Was always curious why you... married Grant in the first place... Just never seemed outta love.,,,,,,,,,,,,,,,,,,,,,,,,,,,,,,,", u2812 ,m184,,
95241, u2812 ," Bill, I'll run out to your car, call for paramedics from there."",,,,,,,,,,,,,,,,,,,,,,,,,,,,,,,", u2804 ,m184,,
95242, u2804 ," No reception out here.,,,,,,,,,,,,,,,,,,,,,,,,,,,,,,,", u2812 ,m184,,
95243, u2812 ," It is. He'd been acting strange. And the physical changes. I should have told someone right away... But I was just blind. I wanted to pretend it wasn't happening... If I don't do what I can to help now, I just couldn't live with it."",,,,,,,,,,,,,,,,,,,,,,,,,,,,,,,", u2804 ,m184,,
95244, u2804 ," Starla, it ain't --"",,,,,,,,,,,,,,,,,,,,,,,,,,,,,,,", u2812 ,m184,,
95245, u2812 ," Please, Bill. What happened, it's my fault, I know it."",,,,,,,,,,,,,,,,,,,,,,,,,,,,,,,", u2812 ,m184,,
95246, u2812 ," He did. I know. But I got him angry 'cause I wasn't calm. This time I could --,,,,,,,,,,,,,,,,,,,,,,,,,,,,,,,", u2804 ,m184,,
95247, u2804 ," He tried to kill you, Starla."",,,,,,,,,,,,,,,,,,,,,,,,,,,,,,,", u2812 ,m184,,
95248, u2812 ," Wait! Dammit, Bill, if that girl's still out there, how will you find her? How, unless you bring Grant in alive? Your best chance of doing that is with me. I can talk to him --"",,,,,,,,,,,,,,,,,,,,,,,,,,,,,,,", u2804 ,m184,,
95249, u2804 ," Why? Listen, it doesn't matter. I gotta go."",,,,,,,,,,,,,,,,,,,,,,,,,,,,,,,", u2812 ,m184,,
95250, u2812 ," Bill, I heard what you're doing. I think I should go along."",,,,,,,,,,,,,,,,,,,,,,,,,,,,,,,", u2804 ,m184,,
95251, u2804 ," New? No. We're hoping we find Grant, he'll lead us to her."",,,,,,,,,,,,,,,,,,,,,,,,,,,,,,,", u2812 ,m184,,
95252, u2812 ," How about Brenda?,,,,,,,,,,,,,,,,,,,,,,,,,,,,,,,", u2804 ,m184,,
95253, u2804 ," She disappeared Friday night. We got reason to believe foul play might be involved.,,,,,,,,,,,,,,,,,,,,,,,,,,,,,,,", u2812 ,m184,,
95254, u2812 ," No. What�?,,,,,,,,,,,,,,,,,,,,,,,,,,,,,,,", u2804 ,m184,,
95255, u2804 ," Maybe she's ever called the house, or -- ?"",,,,,,,,,,,,,,,,,,,,,,,,,,,,,,,", u2804 ,m184,,
95256, u2804 ," Hey, Grant."",,,,,,,,,,,,,,,,,,,,,,,,,,,,,,,", u2812 ,m184,,
95257, u2812 ," Grant, where'd you go?"",,,,,,,,,,,,,,,,,,,,,,,,,,,,,,,", u2812 ,m184,,
95258, u2812 ," I'll get Wally to show me sometime then.,,,,,,,,,,,,,,,,,,,,,,,,,,,,,,,", u2804 ,m184,,
95259, u2804 ," Mm hm. But only a few folks know how to get there. Wally. Rollo Linkski coulda taken you, but 'course he got hit by that train. Me."",,,,,,,,,,,,,,,,,,,,,,,,,,,,,,,", u2812 ,m184,,
95260, u2812 ," Oh, yeah?"",,,,,,,,,,,,,,,,,,,,,,,,,,,,,,,", u2804 ,m184,,
95261, u2804 ," There's a place over there on the bluffs. When the fog is just right, like tonight, the lights of Main look like a kaleidoscope."",,,,,,,,,,,,,,,,,,,,,,,,,,,,,,,", u2804 ,m184,,
95262, u2804 ," Well that's only if you're in the wrong spot.,,,,,,,,,,,,,,,,,,,,,,,,,,,,,,,", u2812 ,m184,,
95263, u2812 ," I don't know. I've seen them so many times before. I guess any spot gets boring after awhile.,,,,,,,,,,,,,,,,,,,,,,,,,,,,,,,", u2804 ,m184,,
95264, u2804 ," Pretty, ain't they?"",,,,,,,,,,,,,,,,,,,,,,,,,,,,,,,", u2812 ,m184,,
95265, u2812 ," Just checking out the lights.,,,,,,,,,,,,,,,,,,,,,,,,,,,,,,,", u2804 ,m184,,
95266, u2804 ," What you up to?,,,,,,,,,,,,,,,,,,,,,,,,,,,,,,,", u2804 ,m184,,
95267, u2804 ," Tryin' to get a buzz on. But I'm too buff. Too much muscle mass.,,,,,,,,,,,,,,,,,,,,,,,,,,,,,,,", u2812 ,m184,,
95268, u2812 ," Whatcha' doin'?,,,,,,,,,,,,,,,,,,,,,,,,,,,,,,,", u2804 ,m184,,
95269, u2804 ," Sorry.,,,,,,,,,,,,,,,,,,,,,,,,,,,,,,,", u2812 ,m184,,
95270, u2812 ," That's not funny.,,,,,,,,,,,,,,,,,,,,,,,,,,,,,,,", u2804 ,m184,,
95271, u2804 ," Don't worry. The lurker ain't around. I checked.,,,,,,,,,,,,,,,,,,,,,,,,,,,,,,,", u2804 ,m184,,
95272, u2804 ," Just block the doors, any way you can."",,,,,,,,,,,,,,,,,,,,,,,,,,,,,,,", u2813 ,m184,,
95273, u2813 ," What the hell are we going to do?!,,,,,,,,,,,,,,,,,,,,,,,,,,,,,,,", u2804 ,m184,,
95274, u2804 ," Shelby!,,,,,,,,,,,,,,,,,,,,,,,,,,,,,,,", u2813 ,m184,,
95275, u2813 ," When I buy my zoo, I'm leaving them things the hell out!"",,,,,,,,,,,,,,,,,,,,,,,,,,,,,,,", u2804 ,m184,,
95276, u2804 ," A Martian is from Mars, Trevor."",,,,,,,,,,,,,,,,,,,,,,,,,,,,,,,", u2813 ,m184,,
95277, u2813 ," He's a fucking Martian?!,,,,,,,,,,,,,,,,,,,,,,,,,,,,,,,", u2813 ,m184,,
95278, u2813 ," We're coming your way, man!"",,,,,,,,,,,,,,,,,,,,,,,,,,,,,,,", u2804 ,m184,,
95279, u2804 ," Where are you?!,,,,,,,,,,,,,,,,,,,,,,,,,,,,,,,", u2813 ,m184,,
95280, u2813 ," I see. It's like as if he's going in a pattern. Is that what you're saying, Bill?"",,,,,,,,,,,,,,,,,,,,,,,,,,,,,,,", u2804 ,m184,,
95281, u2804 ," And then we get here, the Castavets', where last night's shit--storm took place."",,,,,,,,,,,,,,,,,,,,,,,,,,,,,,,", u2813 ,m184,,
95282, u2813 ," Think we should get up a search party, head in there?"",,,,,,,,,,,,,,,,,,,,,,,,,,,,,,,", u2804 ,m184,,
95283, u2804 ," He's gotta be in the forest. All three ranches run alongside it.,,,,,,,,,,,,,,,,,,,,,,,,,,,,,,,", u2804 ,m184,,
95284, u2804 ," That's the mystery of the ages there, Trev. Starla was seventeen when they got engaged. He was, like, in his thirties. No one even knew they were goin' out till she had that ring on her finger."",,,,,,,,,,,,,,,,,,,,,,,,,,,,,,,", u2813 ,m184,,
95285, u2813 ," What's she see in that douchebag?,,,,,,,,,,,,,,,,,,,,,,,,,,,,,,,", u2814 ,m184,,
95286, u2814 ," What the fuck they gonna do with her in a hospital, Bill?"",,,,,,,,,,,,,,,,,,,,,,,,,,,,,,,", u2804 ,m184,,
95287, u2804 ," I think we best get you to a hospital right quick.,,,,,,,,,,,,,,,,,,,,,,,,,,,,,,,", u2804 ,m184,,
95288, u2804 ," Your momma wasn't too proud when you came out neither, Wally."",,,,,,,,,,,,,,,,,,,,,,,,,,,,,,,", u2814 ,m184,,
95289, u2814 ," Looks like a chipmunk.,,,,,,,,,,,,,,,,,,,,,,,,,,,,,,,", u2814 ,m184,,
95290, u2814 ," What do you see? I see a butterfly.,,,,,,,,,,,,,,,,,,,,,,,,,,,,,,,", u2804 ,m184,,
95291, u2804 ," Rorschach.,,,,,,,,,,,,,,,,,,,,,,,,,,,,,,,", u2804 ,m184,,
95292, u2804 ," The problem, Starla, is, the last person anyone saw her talking to was Grant."",,,,,,,,,,,,,,,,,,,,,,,,,,,,,,,", u2814 ,m184,,
95293, u2814 ," Some kids found her necklace near Tipper Creek, as well as what might be her blood on a rock."",,,,,,,,,,,,,,,,,,,,,,,,,,,,,,,", u2804 ,m184,,
95294, u2804 ," Oh yeah. Fuck you, fat ass."",,,,,,,,,,,,,,,,,,,,,,,,,,,,,,,", u2814 ,m184,,
95295, u2814 ," What?,,,,,,,,,,,,,,,,,,,,,,,,,,,,,,,", u2804 ,m184,,
95296, u2804 ," Hey, Wally. Glad you're here. There was something I wanted to tell you..."",,,,,,,,,,,,,,,,,,,,,,,,,,,,,,,", u2814 ,m184,,
95297, u2814 ," Surprised you're able to lift a mug after carrying that torch for so long.,,,,,,,,,,,,,,,,,,,,,,,,,,,,,,,", u2811 ,m184,,
95298, u2811 ," Don't worry, Chief."",,,,,,,,,,,,,,,,,,,,,,,,,,,,,,,", u2804 ,m184,,
95299, u2804 ," Shelby! We need people out here at Cosgrove and McCammon right away!,,,,,,,,,,,,,,,,,,,,,,,,,,,,,,,", u2811 ,m184,,
95300, u2811 ," Hey there, Chief."",,,,,,,,,,,,,,,,,,,,,,,,,,,,,,,", u2804 ,m184,,
95301, u2804 ," Do it.,,,,,,,,,,,,,,,,,,,,,,,,,,,,,,,", u2811 ,m184,,
95302, u2811 ," I got to leave my post.,,,,,,,,,,,,,,,,,,,,,,,,,,,,,,,", u2804 ,m184,,
95303, u2804 ," Shelby, we broke down on 22, a mile outside town. Come pick us up."",,,,,,,,,,,,,,,,,,,,,,,,,,,,,,,", u2804 ,m184,,
95304, u2804 ," We'll be there in ten minutes.,,,,,,,,,,,,,,,,,,,,,,,,,,,,,,,", u2811 ,m184,,
95305, u2811 ," Sorry.,,,,,,,,,,,,,,,,,,,,,,,,,,,,,,,", u2804 ,m184,,
95306, u2804 ," I can't hear when you're nodding.,,,,,,,,,,,,,,,,,,,,,,,,,,,,,,,", u2811 ,m184,,
95307, u2811 ," Yeah.,,,,,,,,,,,,,,,,,,,,,,,,,,,,,,,", u2804 ,m184,,
95308, u2804 ," Are you nodding?,,,,,,,,,,,,,,,,,,,,,,,,,,,,,,,", u2804 ,m184,,
95309, u2804 ," Shelby, shut up. Keep an eye out for these things. If you see 'em, keep your mouth covered. Otherwise they'll go straight down it. All right?"",,,,,,,,,,,,,,,,,,,,,,,,,,,,,,,", u2811 ,m184,,
95310, u2811 ," Oh, shit! I hope she ain't a police radio aficionado. If so, I apolog"",,,,,,,,,,,,,,,,,,,,,,,,,,,,,,,", u2804 ,m184,,
95311, u2804 ," Shelby --,,,,,,,,,,,,,,,,,,,,,,,,,,,,,,,", u2811 ,m184,,
95312, u2811 ," Slugs? No. 'Less you talkin' about that new waitress down at Sloan's! Ha ha!,,,,,,,,,,,,,,,,,,,,,,,,,,,,,,,", u2804 ,m184,,
95313, u2804 ," Listen, you got any reports of... I don't know what you call 'em. They look like big slugs, only fast."",,,,,,,,,,,,,,,,,,,,,,,,,,,,,,,", u2811 ,m184,,
95314, u2811 ," You dig that rat out of the hole?,,,,,,,,,,,,,,,,,,,,,,,,,,,,,,,", u2807 ,m184,,
95315, u2807 ," Brought you munchies.,,,,,,,,,,,,,,,,,,,,,,,,,,,,,,,", u2805 ,m184,,
95316, u2805 ," Grant? Grant, I'm hungry. I'm so fuckin' hungry I think I'm gonna die."",,,,,,,,,,,,,,,,,,,,,,,,,,,,,,,", u2807 ,m184,,
95317, u2807 ," Stuff you can never imagine. Feelings. Big thoughts. And love. Yeah. I'm inclined to parlay it into somethin' more. So, go ahead there, beautiful, and take off your shirt."",,,,,,,,,,,,,,,,,,,,,,,,,,,,,,,", u2805 ,m184,,
95318, u2805 ," What?,,,,,,,,,,,,,,,,,,,,,,,,,,,,,,,", u2807 ,m184,,
95319, u2807 ," Guess it's hard to explain how amazin' a human brain is to someone who that's all they know.,,,,,,,,,,,,,,,,,,,,,,,,,,,,,,,", u2805 ,m184,,
95320, u2805 ," Took the kids to his Mom's for the weekend.,,,,,,,,,,,,,,,,,,,,,,,,,,,,,,,", u2807 ,m184,,
95321, u2807 ," Where's the old half--Mexican?,,,,,,,,,,,,,,,,,,,,,,,,,,,,,,,", u2805 ,m184,,
95322, u2805 ," Shut up.,,,,,,,,,,,,,,,,,,,,,,,,,,,,,,,", u2807 ,m184,,
95323, u2807 ," You're lookin' awful pretty.,,,,,,,,,,,,,,,,,,,,,,,,,,,,,,,", u2805 ,m184,,
95324, u2805 ," Starla Covington. Don't be ignorant. Everyone knows that. Fucking prom queen.,,,,,,,,,,,,,,,,,,,,,,,,,,,,,,,", u2807 ,m184,,
95325, u2807 ," Already ain't. Married a gal named --,,,,,,,,,,,,,,,,,,,,,,,,,,,,,,,", u2805 ,m184,,
95326, u2805 ," Fuck lucky. Never marry a damn half--Mexican.,,,,,,,,,,,,,,,,,,,,,,,,,,,,,,,", u2807 ,m184,,
95327, u2807 ," Who's the lucky fella?,,,,,,,,,,,,,,,,,,,,,,,,,,,,,,,", u2805 ,m184,,
95328, u2805 ," Hell, I was game!"",,,,,,,,,,,,,,,,,,,,,,,,,,,,,,,", u2807 ,m184,,
95329, u2807 ," Shit, girl, you couldn't'a been eleven."",,,,,,,,,,,,,,,,,,,,,,,,,,,,,,,", u2805 ,m184,,
95330, u2805 ," My sister Megan, she's a big fat cow. Was then, even more so now. I'd be thinking, what'd you see in her ain't in me?"",,,,,,,,,,,,,,,,,,,,,,,,,,,,,,,", u2807 ,m184,,
95331, u2807 ," Shit. You're kidding me. Nope. BRENDA Brenda! GRANT Hell, you were --"",,,,,,,,,,,,,,,,,,,,,,,,,,,,,,,", u2805 ,m184,,
95332, u2805 ," Megan Halesy' little sister.,,,,,,,,,,,,,,,,,,,,,,,,,,,,,,,", u2807 ,m184,,
95333, u2807 ," Yep. And while you're at it, get me a few of them chicken wings... some pork loins... and, ooo, what's this here? Osso buco?..."",,,,,,,,,,,,,,,,,,,,,,,,,,,,,,,", u2806 ,m184,,
95334, u2806 ," All the rib eyes?,,,,,,,,,,,,,,,,,,,,,,,,,,,,,,,", u2807 ,m184,,
95335, u2807 ," Hell, what am I holding back for? Why don't you just give me everything you got here?"",,,,,,,,,,,,,,,,,,,,,,,,,,,,,,,", u2806 ,m184,,
95336, u2806 ," How many you need?,,,,,,,,,,,,,,,,,,,,,,,,,,,,,,,", u2807 ,m184,,
95337, u2807 ," Thinkin' 'bout getting me a couple of these big ol' rib eyes.,,,,,,,,,,,,,,,,,,,,,,,,,,,,,,,", u2806 ,m184,,
95338, u2806 ," What can I do you for?,,,,,,,,,,,,,,,,,,,,,,,,,,,,,,,", u2807 ,m184,,
95339, u2807 ," Sure thing, killer."",,,,,,,,,,,,,,,,,,,,,,,,,,,,,,,", u2806 ,m184,,
95340, u2806 ," Howdy, Mr. Grant. You goin' to the Deer Cheer this weekend?"",,,,,,,,,,,,,,,,,,,,,,,,,,,,,,,", u2807 ,m184,,
95341, u2807 ," Meat.,,,,,,,,,,,,,,,,,,,,,,,,,,,,,,,", u2812 ,m184,,
95342, u2812 ," Grant, you're sick!"",,,,,,,,,,,,,,,,,,,,,,,,,,,,,,,", u2807 ,m184,,
95343, u2807 ," I loved you. I loved --,,,,,,,,,,,,,,,,,,,,,,,,,,,,,,,", u2812 ,m184,,
95344, u2812 ," Grant, no!"",,,,,,,,,,,,,,,,,,,,,,,,,,,,,,,", u2807 ,m184,,
95345, u2807 ," Why'd you betray me, sugarplum?!"",,,,,,,,,,,,,,,,,,,,,,,,,,,,,,,", u2807 ,m184,,
95346, u2807 ," No! No. Heh. I'll be right back.,,,,,,,,,,,,,,,,,,,,,,,,,,,,,,,", u2812 ,m184,,
95347, u2812 ," I'll get if for you.,,,,,,,,,,,,,,,,,,,,,,,,,,,,,,,", u2807 ,m184,,
95348, u2807 ," Heh. It ain't as bad as it looks, sugarplum. Dr. Carl was just here. I had a reaction to a bee sting. He gave me a prescription. Said I should be fine, in a couple days."",,,,,,,,,,,,,,,,,,,,,,,,,,,,,,,", u2812 ,m184,,
95349, u2812 ," Grant. Oh my God. What happened to your -- ?,,,,,,,,,,,,,,,,,,,,,,,,,,,,,,,", u2812 ,m184,,
95350, u2812 ," It's just one of my students, Grant."",,,,,,,,,,,,,,,,,,,,,,,,,,,,,,,", u2807 ,m184,,
95351, u2807 ," Who's that?,,,,,,,,,,,,,,,,,,,,,,,,,,,,,,,", u2807 ,m184,,
95352, u2807 ," You're pretty.,,,,,,,,,,,,,,,,,,,,,,,,,,,,,,,", u2812 ,m184,,
95353, u2812 ," What are you doing?,,,,,,,,,,,,,,,,,,,,,,,,,,,,,,,", u2807 ,m184,,
95354, u2807 ," I got a super--special birthday present for you this year. I couldn't risk you finding it, so I had to put them locks on the doors."",,,,,,,,,,,,,,,,,,,,,,,,,,,,,,,", u2812 ,m184,,
95355, u2812 ," Okay.,,,,,,,,,,,,,,,,,,,,,,,,,,,,,,,", u2807 ,m184,,
95356, u2807 ," You're my princess, aren't you?"",,,,,,,,,,,,,,,,,,,,,,,,,,,,,,,", u2812 ,m184,,
95357, u2812 ," My present?,,,,,,,,,,,,,,,,,,,,,,,,,,,,,,,", u2807 ,m184,,
95358, u2807 ," Yeahhhh. I'm sorry. I just got so excited about... your present.,,,,,,,,,,,,,,,,,,,,,,,,,,,,,,,", u2812 ,m184,,
95359, u2812 ," Grant? Why are there -- did you put locks on the garage?,,,,,,,,,,,,,,,,,,,,,,,,,,,,,,,", u2807 ,m184,,
95360, u2807 ," Welcome home.,,,,,,,,,,,,,,,,,,,,,,,,,,,,,,,", u2807 ,m184,,
95361, u2807 ," Wearing white, just like on our... wedding day. I remember it."",,,,,,,,,,,,,,,,,,,,,,,,,,,,,,,", u2812 ,m184,,
95362, u2812 ," I never danced in a towel before.,,,,,,,,,,,,,,,,,,,,,,,,,,,,,,,", u2807 ,m184,,
95363, u2807 ," Out.,,,,,,,,,,,,,,,,,,,,,,,,,,,,,,,", u2812 ,m184,,
95364, u2812 ," That's not true -- Where are you--?,,,,,,,,,,,,,,,,,,,,,,,,,,,,,,,", u2807 ,m184,,
95365, u2807 ," I'm just some big clown to you, ain't I?"",,,,,,,,,,,,,,,,,,,,,,,,,,,,,,,", u2812 ,m184,,
95366, u2812 ," Where are you going?,,,,,,,,,,,,,,,,,,,,,,,,,,,,,,,", u2812 ,m184,,
95367, u2812 ," That's disrespectful.,,,,,,,,,,,,,,,,,,,,,,,,,,,,,,,", u2807 ,m184,,
95368, u2807 ," Flip.,,,,,,,,,,,,,,,,,,,,,,,,,,,,,,,", u2807 ,m184,,
95369, u2807 ," Sure you do.,,,,,,,,,,,,,,,,,,,,,,,,,,,,,,,", u2812 ,m184,,
95370, u2812 ," I'm sorry. I don't just have some switch.,,,,,,,,,,,,,,,,,,,,,,,,,,,,,,,", u2812 ,m184,,
95371, u2812 ," Grant, no -- I'm sorry, I'm just -- I'm not in the mood. Grant is on top of her, breathing a little too heavy. GRANT Come on, baby, it's --"",,,,,,,,,,,,,,,,,,,,,,,,,,,,,,,", u2807 ,m184,,
95372, u2807 ," Work thing hell, Starla. He just wants to get in your pussy. Him and most these other ones around here. That's where their minds is at, them sick fucks."",,,,,,,,,,,,,,,,,,,,,,,,,,,,,,,", u2812 ,m184,,
95373, u2812 ," It's just a work thing.,,,,,,,,,,,,,,,,,,,,,,,,,,,,,,,", u2807 ,m184,,
95374, u2807 ," Oh yeah, that's what he wants to borrow, this guy."",,,,,,,,,,,,,,,,,,,,,,,,,,,,,,,", u2812 ,m184,,
95375, u2812 ," He's teaching environmental science, Grant. Probably wants to borrow my lesson plans from last semester."",,,,,,,,,,,,,,,,,,,,,,,,,,,,,,,", u2812 ,m184,,
95376, u2812 ," An animal that doesn't procreate. It spreads, grows. A living disease."",,,,,,,,,,,,,,,,,,,,,,,,,,,,,,,", u2809 ,m184,,
95377, u2809 ," When one sees you they all see you.,,,,,,,,,,,,,,,,,,,,,,,,,,,,,,,", u2812 ,m184,,
95378, u2812 ," And you said the worms are part of him. They're all linked, like one creature?"",,,,,,,,,,,,,,,,,,,,,,,,,,,,,,,", u2809 ,m184,,
95379, u2809 ," He took him over. His body. His -- his brain, everything what he knew. He's only been dumb stuff before amoeba--things, and rhino--things. He liked being human. Didn't want to change."",,,,,,,,,,,,,,,,,,,,,,,,,,,,,,,", u2812 ,m184,,
95380, u2812 ," Through a wound on his stomach?,,,,,,,,,,,,,,,,,,,,,,,,,,,,,,,", u2809 ,m184,,
95381, u2809 ," Now he's here. He went in Mr. Grant.,,,,,,,,,,,,,,,,,,,,,,,,,,,,,,,", u2812 ,m184,,
95382, u2812 ," What other stuff?,,,,,,,,,,,,,,,,,,,,,,,,,,,,,,,", u2809 ,m184,,
95383, u2809 ," But not always. I was -- He was... other stuff too.,,,,,,,,,,,,,,,,,,,,,,,,,,,,,,,", u2813 ,m184,,
95384, u2813 ," Margaret.,,,,,,,,,,,,,,,,,,,,,,,,,,,,,,,", u2810 ,m184,,
95385, u2810 ," Maybe you better sit back down. You don't look so good.,,,,,,,,,,,,,,,,,,,,,,,,,,,,,,,", u2813 ,m184,,
95386, u2813 ," 'Praise Jesus?' That's fucking pushing it, Margaret."",,,,,,,,,,,,,,,,,,,,,,,,,,,,,,,", u2810 ,m184,,
95387, u2810 ," Praise Jesus.,,,,,,,,,,,,,,,,,,,,,,,,,,,,,,,", u2810 ,m184,,
95388, u2810 ," We ain't never gonna find that girl now.,,,,,,,,,,,,,,,,,,,,,,,,,,,,,,,", u2813 ,m184,,
95389, u2813 ," Where'd he go?,,,,,,,,,,,,,,,,,,,,,,,,,,,,,,,", u2813 ,m184,,
95390, u2813 ," Hey, look!"",,,,,,,,,,,,,,,,,,,,,,,,,,,,,,,", u2810 ,m184,,
95391, u2810 ," So he drags the cow backwards here. Only he prolly didn't know 'bout the Castavets had them dogs.,,,,,,,,,,,,,,,,,,,,,,,,,,,,,,,", u2813 ,m184,,
95392, u2813 ," Gold--digger, huh?"",,,,,,,,,,,,,,,,,,,,,,,,,,,,,,,", u2810 ,m184,,
95393, u2810 ," Ain't no mystery to it. She's raised in them shanties off St. Luc. Dirt--poor.,,,,,,,,,,,,,,,,,,,,,,,,,,,,,,,", u2813 ,m184,,
