,User_id,text,sec_user,movies_name,relationship,attachment
96151, u2846 ," And you're not?  Maybe you're my puppet.  But like all puppets, you think you're actually human.  It's The Puppet's Dream.  Wondering if they're human!"",,,,,,,,,,,,,,,,,,,,,,,,,,,,,,,", u2847 ,m187,,
96152, u2847 ," A puppet.,,,,,,,,,,,,,,,,,,,,,,,,,,,,,,,", u2846 ,m187,,
96153, u2846 ," No?  Who am I, then?"",,,,,,,,,,,,,,,,,,,,,,,,,,,,,,,", u2847 ,m187,,
96154, u2847 ," You're not Gibarian...,,,,,,,,,,,,,,,,,,,,,,,,,,,,,,,", u2846 ,m187,,
96155, u2846 ," You'll end up like me.,,,,,,,,,,,,,,,,,,,,,,,,,,,,,,,", u2847 ,m187,,
96156, u2847 ," I can trust Rheya.,,,,,,,,,,,,,,,,,,,,,,,,,,,,,,,", u2846 ,m187,,
96157, u2846 ," What I'm saying is: Don't trust anyone.  Find yourself a weapon of some sort.,,,,,,,,,,,,,,,,,,,,,,,,,,,,,,,", u2846 ,m187,,
96158, u2846 ," It can.  Ordinary matter, like ours? Not affected.  Everything else, disintegrates."",,,,,,,,,,,,,,,,,,,,,,,,,,,,,,,", u2847 ,m187,,
96159, u2847 ," Can it work?,,,,,,,,,,,,,,,,,,,,,,,,,,,,,,,", u2846 ,m187,,
96160, u2846 ," You're being tricked.  Sartorius picked a fight with you to avoid telling you about his idea for getting rid of the visitors.  He's figured out they're made of subatomic particles called neutrinos, and he's going to create a negative neutrino field.  Twenty four hours a day, until they're back on Earth."",,,,,,,,,,,,,,,,,,,,,,,,,,,,,,,", u2847 ,m187,,
96161, u2847 ," What do you want?,,,,,,,,,,,,,,,,,,,,,,,,,,,,,,,", u2846 ,m187,,
96162, u2846 ," You think you're dreaming me, like you dream her.  Understand something: I am the real Gibarian.  Just a new incarnation."",,,,,,,,,,,,,,,,,,,,,,,,,,,,,,,", u2846 ,m187,,
96163, u2846 ," Leave the light off.,,,,,,,,,,,,,,,,,,,,,,,,,,,,,,,", u2847 ,m187,,
96164, u2847 ," Gibarian.,,,,,,,,,,,,,,,,,,,,,,,,,,,,,,,", u2849 ,m187,,
96165, u2849 ," Yes.,,,,,,,,,,,,,,,,,,,,,,,,,,,,,,,", u2847 ,m187,,
96166, u2847 ," Where's Snow?  Did you call him?,,,,,,,,,,,,,,,,,,,,,,,,,,,,,,,", u2849 ,m187,,
96167, u2849 ," If it continues, it will implode from its own weight and turn into a black hole in about four hours and pulls us in with it."",,,,,,,,,,,,,,,,,,,,,,,,,,,,,,,", u2847 ,m187,,
96168, u2847 ," How quickly?,,,,,,,,,,,,,,,,,,,,,,,,,,,,,,,", u2849 ,m187,,
96169, u2849 ," It's changing characteristics.  It's solidifying taking on weight.,,,,,,,,,,,,,,,,,,,,,,,,,,,,,,,", u2849 ,m187,,
96170, u2849 ," Whose side are you on?,,,,,,,,,,,,,,,,,,,,,,,,,,,,,,,", u2847 ,m187,,
96171, u2847 ," You fucking bastard...,,,,,,,,,,,,,,,,,,,,,,,,,,,,,,,", u2849 ,m187,,
96172, u2849 ," It's not human, Kelvin.  Whatever it is, it's not human, and I am threatened by that.  Evolution-of- the-species-at-stake threatened. And I want to win.  I want humans to win.  So I am killing it before it kills me."",,,,,,,,,,,,,,,,,,,,,,,,,,,,,,,", u2847 ,m187,,
96173, u2847 ," Why would you let her to do that?,,,,,,,,,,,,,,,,,,,,,,,,,,,,,,,", u2849 ,m187,,
96174, u2849 ," No, she won't."",,,,,,,,,,,,,,,,,,,,,,,,,,,,,,,", u2847 ,m187,,
96175, u2847 ," She'll come back.,,,,,,,,,,,,,,,,,,,,,,,,,,,,,,,", u2849 ,m187,,
96176, u2849 ," Kelvin, she begged me.  I had a short- range version of the destabilizer prototype, a miniature with a range of a few meters.  She walked into it and disappeared.  She was gone."",,,,,,,,,,,,,,,,,,,,,,,,,,,,,,,", u2847 ,m187,,
96177, u2847 ," You murdered her!,,,,,,,,,,,,,,,,,,,,,,,,,,,,,,,", u2849 ,m187,,
96178, u2849 ," Not her.  It.,,,,,,,,,,,,,,,,,,,,,,,,,,,,,,,", u2847 ,m187,,
96179, u2847 ," You killed her!,,,,,,,,,,,,,,,,,,,,,,,,,,,,,,,", u2849 ,m187,,
96180, u2849 ," Why did you agree to come here?,,,,,,,,,,,,,,,,,,,,,,,,,,,,,,,", u2847 ,m187,,
96181, u2847 ," That's fantastic.,,,,,,,,,,,,,,,,,,,,,,,,,,,,,,,", u2849 ,m187,,
96182, u2849 ," Yes.,,,,,,,,,,,,,,,,,,,,,,,,,,,,,,,", u2847 ,m187,,
96183, u2847 ," Meaning Man can do whatever the fuck it wants?,,,,,,,,,,,,,,,,,,,,,,,,,,,,,,,", u2849 ,m187,,
96184, u2849 ," She reappeared exactly as she had before?,,,,,,,,,,,,,,,,,,,,,,,,,,,,,,,", u2847 ,m187,,
96185, u2847 ," No.  There's no behavior modification.,,,,,,,,,,,,,,,,,,,,,,,,,,,,,,,", u2849 ,m187,,
96186, u2849 ," We're done.  Oh, I should tell you, I don't trust Snow.  There's something wrong with him."",,,,,,,,,,,,,,,,,,,,,,,,,,,,,,,", u2847 ,m187,,
96187, u2847 ," Listen --,,,,,,,,,,,,,,,,,,,,,,,,,,,,,,,", u2849 ,m187,,
96188, u2849 ," Just so you know: I'm not going back until I understand what it is.  I am going to figure out what it is, make it stop, and then I will go home."",,,,,,,,,,,,,,,,,,,,,,,,,,,,,,,", u2847 ,m187,,
96189, u2847 ," They shouldn't let people like you into space.,,,,,,,,,,,,,,,,,,,,,,,,,,,,,,,", u2847 ,m187,,
96190, u2847 ," Her?  Who are you talking about?,,,,,,,,,,,,,,,,,,,,,,,,,,,,,,,", u2849 ,m187,,
96191, u2849 ," In the lab.  With her, probably."",,,,,,,,,,,,,,,,,,,,,,,,,,,,,,,", u2847 ,m187,,
96192, u2847 ," Where's his body?,,,,,,,,,,,,,,,,,,,,,,,,,,,,,,,", u2849 ,m187,,
96193, u2849 ," The same thing that could happen to any of us.,,,,,,,,,,,,,,,,,,,,,,,,,,,,,,,", u2847 ,m187,,
96194, u2847 ," I am here to recover this mission, report my findings, and make a recommendation.  Now: What happened to him?"",,,,,,,,,,,,,,,,,,,,,,,,,,,,,,,", u2849 ,m187,,
96195, u2849 ," Who, here, could possibly care what you want?  At best, you're Employee of the Month for the highest bidder in the Solaris auction.  They have no idea what's going on up here. They've never even been in space. And I'm supposed to listen to you?"",,,,,,,,,,,,,,,,,,,,,,,,,,,,,,,", u2847 ,m187,,
96196, u2847 ," I want to hear your version.,,,,,,,,,,,,,,,,,,,,,,,,,,,,,,,", u2849 ,m187,,
96197, u2849 ," Didn't you talk to Snow?,,,,,,,,,,,,,,,,,,,,,,,,,,,,,,,", u2847 ,m187,,
96198, u2847 ," What happened to Gibarian?,,,,,,,,,,,,,,,,,,,,,,,,,,,,,,,", u2847 ,m187,,
96199, u2847 ," All right.,,,,,,,,,,,,,,,,,,,,,,,,,,,,,,,", u2849 ,m187,,
96200, u2849 ," You have to give me your word you won't come in.  Then I'll come out.,,,,,,,,,,,,,,,,,,,,,,,,,,,,,,,", u2847 ,m187,,
96201, u2847 ," Maybe you can.,,,,,,,,,,,,,,,,,,,,,,,,,,,,,,,", u2850 ,m187,,
96202, u2850 ," But I can't leave with you.  I won't make it.,,,,,,,,,,,,,,,,,,,,,,,,,,,,,,,", u2847 ,m187,,
96203, u2847 ," Jesus...,,,,,,,,,,,,,,,,,,,,,,,,,,,,,,,", u2850 ,m187,,
96204, u2850 ," Oh, right away.  That's why you never saw me with anyone.  You should've noticed that.  I miss him, though. I think I made a mistake."",,,,,,,,,,,,,,,,,,,,,,,,,,,,,,,", u2847 ,m187,,
96205, u2847 ," When did this happen?,,,,,,,,,,,,,,,,,,,,,,,,,,,,,,,", u2850 ,m187,,
96206, u2850 ," I won't be making the trip.,,,,,,,,,,,,,,,,,,,,,,,,,,,,,,,", u2847 ,m187,,
96207, u2847 ," What's wrong with you?  We need your help.,,,,,,,,,,,,,,,,,,,,,,,,,,,,,,,", u2850 ,m187,,
96208, u2850 ," You do, you don't.  She's willing to give her life, you're willing to give yours, it's touching and magnificent, anything you want but -- this isn't the place for it.  Don't you see?  No, you don't."",,,,,,,,,,,,,,,,,,,,,,,,,,,,,,,", u2847 ,m187,,
96209, u2847 ," I love her.,,,,,,,,,,,,,,,,,,,,,,,,,,,,,,,", u2850 ,m187,,
96210, u2850 ," You'll see her die, that's all. They're mortal, despite what she told you.  She will die.  Then what will you do?"",,,,,,,,,,,,,,,,,,,,,,,,,,,,,,,", u2847 ,m187,,
96211, u2847 ," Into what?,,,,,,,,,,,,,,,,,,,,,,,,,,,,,,,", u2850 ,m187,,
96212, u2850 ," Who are you trying to please? Yourself?  Her?  Which her, this one or that one.  Can you face both?  We are in a situation that is beyond morality.  So: Leave with her.  You'll see the transformation."",,,,,,,,,,,,,,,,,,,,,,,,,,,,,,,", u2850 ,m187,,
96213, u2850 ," Maybe she doesn't need any.  Should we check?,,,,,,,,,,,,,,,,,,,,,,,,,,,,,,,", u2847 ,m187,,
96214, u2847 ," Her oxygen would have run out.,,,,,,,,,,,,,,,,,,,,,,,,,,,,,,,", u2850 ,m187,,
96215, u2850 ," Kelvin, she'll disintegrate.  You don't believe me?  Let's radio that shuttle pod you launched -- better yet, let's go get it.  I've charted it's trajectory, only take a few hours..."",,,,,,,,,,,,,,,,,,,,,,,,,,,,,,,", u2847 ,m187,,
96216, u2847 ," Yes.,,,,,,,,,,,,,,,,,,,,,,,,,,,,,,,", u2850 ,m187,,
96217, u2850 ," What do you want to do, leave the station with her?"",,,,,,,,,,,,,,,,,,,,,,,,,,,,,,,", u2847 ,m187,,
96218, u2847 ," Just get him to stop.,,,,,,,,,,,,,,,,,,,,,,,,,,,,,,,", u2850 ,m187,,
96219, u2850 ," What plan?,,,,,,,,,,,,,,,,,,,,,,,,,,,,,,,", u2847 ,m187,,
96220, u2847 ," I want you to get Sartorius to abandon his plan.,,,,,,,,,,,,,,,,,,,,,,,,,,,,,,,", u2850 ,m187,,
96221, u2850 ," What do you want?,,,,,,,,,,,,,,,,,,,,,,,,,,,,,,,", u2847 ,m187,,
96222, u2847 ," No.,,,,,,,,,,,,,,,,,,,,,,,,,,,,,,,", u2850 ,m187,,
96223, u2850 ," She knows everything?  Does she know she came once before and you put her in --,,,,,,,,,,,,,,,,,,,,,,,,,,,,,,,", u2847 ,m187,,
96224, u2847 ," She knows everything.  She knows who she is.,,,,,,,,,,,,,,,,,,,,,,,,,,,,,,,", u2850 ,m187,,
96225, u2850 ," Oh, this one you love?  What about the first one, the one you fucked and then put into a rocket and blasted into space?  You didn't love her?"",,,,,,,,,,,,,,,,,,,,,,,,,,,,,,,", u2847 ,m187,,
96226, u2847 ," Get out --,,,,,,,,,,,,,,,,,,,,,,,,,,,,,,,", u2850 ,m187,,
96227, u2850 ," Why do you think she hasn't suggested that?  It's the most obvious solution: Escape.  She knows she can't leave here --,,,,,,,,,,,,,,,,,,,,,,,,,,,,,,,", u2847 ,m187,,
96228, u2847 ," She drank liquid oxygen.,,,,,,,,,,,,,,,,,,,,,,,,,,,,,,,", u2850 ,m187,,
96229, u2850 ," What happened?,,,,,,,,,,,,,,,,,,,,,,,,,,,,,,,", u2850 ,m187,,
96230, u2850 ," That's right.  And we all have to sleep, eventually."",,,,,,,,,,,,,,,,,,,,,,,,,,,,,,,", u2847 ,m187,,
96231, u2847 ," They come when you sleep.,,,,,,,,,,,,,,,,,,,,,,,,,,,,,,,", u2850 ,m187,,
96232, u2850 ," But they are human.  They certainly become human with incredible speed. First they're like they were in our memory, but then they fill in on their own.  DNA doesn't determine the hundreds of trillions of connections that occur in the brain, it's not dense enough.  They build up with experience."",,,,,,,,,,,,,,,,,,,,,,,,,,,,,,,", u2847 ,m187,,
96233, u2847 ," Human beings can die.,,,,,,,,,,,,,,,,,,,,,,,,,,,,,,,", u2850 ,m187,,
96234, u2850 ," Perhaps it did.,,,,,,,,,,,,,,,,,,,,,,,,,,,,,,,", u2847 ,m187,,
96235, u2847 ," But why is it doing what it's doing? Given it's resources, it could have done anything.  Presented me with your double, and you with mine."",,,,,,,,,,,,,,,,,,,,,,,,,,,,,,,", u2850 ,m187,,
96236, u2850 ," Well, I think we're reaching the point of diminishing returns here, right?  Certainly it's learning more about us than we'll ever learn about it."",,,,,,,,,,,,,,,,,,,,,,,,,,,,,,,", u2847 ,m187,,
96237, u2847 ," I've never heard you express any desire to leave before now.  Why now?,,,,,,,,,,,,,,,,,,,,,,,,,,,,,,,", u2850 ,m187,,
96238, u2850 ," Of course, when we return, we'll be regarded as lunatics if we tell the truth.  We'll chalk it up to isolation, collective derangement."",,,,,,,,,,,,,,,,,,,,,,,,,,,,,,,", u2847 ,m187,,
96239, u2847 ," No.,,,,,,,,,,,,,,,,,,,,,,,,,,,,,,,", u2850 ,m187,,
96240, u2850 ," We can liquidate the station.  Take the Athena back.,,,,,,,,,,,,,,,,,,,,,,,,,,,,,,,", u2850 ,m187,,
96241, u2850 ," Who are you trying to convince?,,,,,,,,,,,,,,,,,,,,,,,,,,,,,,,", u2847 ,m187,,
96242, u2847 ," Consciousness is enough, that's all I've saying.  Consciousness should be enough for anybody."",,,,,,,,,,,,,,,,,,,,,,,,,,,,,,,", u2850 ,m187,,
96243, u2850 ," Stop equivocating!  Unbelievable, how you equivocate!  You, the atheist, you're more dogmatic than any holy person I've ever seen!  This is happening, Kelvin.  Wake up."",,,,,,,,,,,,,,,,,,,,,,,,,,,,,,,", u2847 ,m187,,
96244, u2847 ," Not necessarily.,,,,,,,,,,,,,,,,,,,,,,,,,,,,,,,", u2850 ,m187,,
96245, u2850 ," If God is beyond our comprehension, and she --  -- is here for reasons that can't be understood, isn't God here?"",,,,,,,,,,,,,,,,,,,,,,,,,,,,,,,", u2847 ,m187,,
96246, u2847 ," -- we are not sure of that.  We are not sure we aren't all hallucinating.,,,,,,,,,,,,,,,,,,,,,,,,,,,,,,,", u2850 ,m187,,
96247, u2850 ," You're unnerved because you've spent your whole life thinking nobody is looking over you, and suddenly your subconscious is an open book.  We are, for the first time, experiencing changes in natural reality by a force not our own.  That proves that --"",,,,,,,,,,,,,,,,,,,,,,,,,,,,,,,", u2847 ,m187,,
96248, u2847 ," When you cut yourself pounding the door, did it hurt?"",,,,,,,,,,,,,,,,,,,,,,,,,,,,,,,", u2850 ,m187,,
96249, u2850 ," I'm just trying to find an explanation for the continual reappearances.,,,,,,,,,,,,,,,,,,,,,,,,,,,,,,,", u2847 ,m187,,
96250, u2847 ," Is it being deliberately cruel, you mean?  I don't think so."",,,,,,,,,,,,,,,,,,,,,,,,,,,,,,,", u2850 ,m187,,
96251, u2850 ," Just a little strategy session.  But in person this time.,,,,,,,,,,,,,,,,,,,,,,,,,,,,,,,", u2847 ,m187,,
96252, u2847 ," Why?,,,,,,,,,,,,,,,,,,,,,,,,,,,,,,,", u2850 ,m187,,
96253, u2850 ," Can you meet me and Sartorius on B deck in an hour?,,,,,,,,,,,,,,,,,,,,,,,,,,,,,,,", u2847 ,m187,,
96254, u2847 ," What is it?,,,,,,,,,,,,,,,,,,,,,,,,,,,,,,,", u2850 ,m187,,
96255, u2850 ," Kelvin, you awake?"",,,,,,,,,,,,,,,,,,,,,,,,,,,,,,,", u2850 ,m187,,
96256, u2850 ," That's ludicrous.  This is contact. We have found God.  The only issue is figuring out how to prove this in a way that will make sense back on Earth.  So how will we describe it, if we choose to describe it at all?"",,,,,,,,,,,,,,,,,,,,,,,,,,,,,,,", u2847 ,m187,,
96257, u2847 ," Gibarian said he thinks Solaris should be destroyed.,,,,,,,,,,,,,,,,,,,,,,,,,,,,,,,", u2850 ,m187,,
96258, u2850 ," An enormous amount of money changed hands to get control of this project. We are in little danger of being left alone for long.  You'll need to do something. Otherwise they'll be sending someone out to recover you.,,,,,,,,,,,,,,,,,,,,,,,,,,,,,,,", u2847 ,m187,,
96259, u2847 ," I don't know.,,,,,,,,,,,,,,,,,,,,,,,,,,,,,,,", u2850 ,m187,,
96260, u2850 ," What are you going to report back to Earth?,,,,,,,,,,,,,,,,,,,,,,,,,,,,,,,", u2847 ,m187,,
96261, u2847 ," To who?,,,,,,,,,,,,,,,,,,,,,,,,,,,,,,,", u2850 ,m187,,
96262, u2850 ," What will you say?,,,,,,,,,,,,,,,,,,,,,,,,,,,,,,,", u2850 ,m187,,
96263, u2850 ," Told you what?,,,,,,,,,,,,,,,,,,,,,,,,,,,,,,,", u2847 ,m187,,
96264, u2847 ," I wish you'd told me.,,,,,,,,,,,,,,,,,,,,,,,,,,,,,,,", u2850 ,m187,,
96265, u2850 ," Probably.,,,,,,,,,,,,,,,,,,,,,,,,,,,,,,,", u2847 ,m187,,
96266, u2847 ," Will she come back?,,,,,,,,,,,,,,,,,,,,,,,,,,,,,,,", u2850 ,m187,,
96267, u2850 ," It started about three months ago. Right after the government sold the expedition.  We were ready to go home.,,,,,,,,,,,,,,,,,,,,,,,,,,,,,,,", u2847 ,m187,,
96268, u2847 ," Rheya.,,,,,,,,,,,,,,,,,,,,,,,,,,,,,,,", u2850 ,m187,,
96269, u2850 ," She has materialized from your memory of her.  What was her name?,,,,,,,,,,,,,,,,,,,,,,,,,,,,,,,", u2850 ,m187,,
96270, u2850 ," Dead?,,,,,,,,,,,,,,,,,,,,,,,,,,,,,,,", u2847 ,m187,,
96271, u2847 ," My wife.,,,,,,,,,,,,,,,,,,,,,,,,,,,,,,,", u2850 ,m187,,
96272, u2850 ," I'm not sure.  It started with Gibarian.  He locked himself in his room and refused to talk except through a crack in the door.  He covered the video lens. Obviously we thought he was having a nervous breakdown.  I don't know why he didn't tell us he had somebody in there.  By this time, we were getting visitors, too.  He was desperately trying to figure it out.  Day and night.  Who was she?"",,,,,,,,,,,,,,,,,,,,,,,,,,,,,,,", u2847 ,m187,,
96273, u2847 ," And professionally?,,,,,,,,,,,,,,,,,,,,,,,,,,,,,,,", u2850 ,m187,,
96274, u2850 ," Personally, I think it's God.  At least, it fits my definition."",,,,,,,,,,,,,,,,,,,,,,,,,,,,,,,", u2847 ,m187,,
96275, u2847 ," What was it?,,,,,,,,,,,,,,,,,,,,,,,,,,,,,,,", u2850 ,m187,,
96276, u2850 ," I told you, try to stay calm.  You're supposed to be the psychologist of the bunch."",,,,,,,,,,,,,,,,,,,,,,,,,,,,,,,", u2847 ,m187,,
96277, u2847 ," Shut up.,,,,,,,,,,,,,,,,,,,,,,,,,,,,,,,", u2850 ,m187,,
96278, u2850 ," Was her breakfast conversation that bad?,,,,,,,,,,,,,,,,,,,,,,,,,,,,,,,", u2850 ,m187,,
96279, u2850 ," Well, when you do go to sleep: barricade your door."",,,,,,,,,,,,,,,,,,,,,,,,,,,,,,,", u2847 ,m187,,
96280, u2847 ," That depends.,,,,,,,,,,,,,,,,,,,,,,,,,,,,,,,", u2850 ,m187,,
96281, u2850 ," How long can you go without sleep?,,,,,,,,,,,,,,,,,,,,,,,,,,,,,,,", u2847 ,m187,,
96282, u2847 ," How much sleep?,,,,,,,,,,,,,,,,,,,,,,,,,,,,,,,", u2850 ,m187,,
96283, u2850 ," How much sleep do you need?,,,,,,,,,,,,,,,,,,,,,,,,,,,,,,,", u2850 ,m187,,
96284, u2850 ," Oh, that's a relief."",,,,,,,,,,,,,,,,,,,,,,,,,,,,,,,", u2847 ,m187,,
96285, u2847 ," Tell me.  I won't think you're insane.,,,,,,,,,,,,,,,,,,,,,,,,,,,,,,,", u2847 ,m187,,
96286, u2847 ," She was real.  Where did she come from?,,,,,,,,,,,,,,,,,,,,,,,,,,,,,,,", u2850 ,m187,,
96287, u2850 ," Who was it?,,,,,,,,,,,,,,,,,,,,,,,,,,,,,,,", u2847 ,m187,,
96288, u2847 ," Gibarian warned me.  He left me a message.,,,,,,,,,,,,,,,,,,,,,,,,,,,,,,,", u2850 ,m187,,
96289, u2850 ," Why, who did you see?"",,,,,,,,,,,,,,,,,,,,,,,,,,,,,,,", u2847 ,m187,,
96290, u2847 ," Is there anybody else here?,,,,,,,,,,,,,,,,,,,,,,,,,,,,,,,", u2850 ,m187,,
96291, u2850 ," Kelvin, if you see anything unusual..."",,,,,,,,,,,,,,,,,,,,,,,,,,,,,,,", u2847 ,m187,,
96292, u2847 ," He'll let me in.,,,,,,,,,,,,,,,,,,,,,,,,,,,,,,,", u2850 ,m187,,
96293, u2850 ," In his lab.  He won't let you in.,,,,,,,,,,,,,,,,,,,,,,,,,,,,,,,", u2847 ,m187,,
96294, u2847 ," Where's Sartorius?,,,,,,,,,,,,,,,,,,,,,,,,,,,,,,,", u2850 ,m187,,
96295, u2850 ," I can't talk just now.  I'm too tired.,,,,,,,,,,,,,,,,,,,,,,,,,,,,,,,", u2850 ,m187,,
96296, u2850 ," I love chocolate.  I realized just yesterday how much I love it.  I thought maybe, if they let you bring personal effects, you might have snuck some through, because... well, I've been thinking about it."",,,,,,,,,,,,,,,,,,,,,,,,,,,,,,,", u2847 ,m187,,
96297, u2847 ," What?,,,,,,,,,,,,,,,,,,,,,,,,,,,,,,,", u2850 ,m187,,
96298, u2850 ," You didn't bring any chocolate, did you?"",,,,,,,,,,,,,,,,,,,,,,,,,,,,,,,", u2847 ,m187,,
96299, u2847 ," How?,,,,,,,,,,,,,,,,,,,,,,,,,,,,,,,", u2850 ,m187,,
96300, u2850 ," He's dead.,,,,,,,,,,,,,,,,,,,,,,,,,,,,,,,", u2847 ,m187,,
96301, u2847 ," What's wrong?  What happened to Gibarian?,,,,,,,,,,,,,,,,,,,,,,,,,,,,,,,", u2848 ,m187,,
96302, u2848 ," Shhhh.  Just stay with me.  Stay with me.  Everything is forgiven. Everything.,,,,,,,,,,,,,,,,,,,,,,,,,,,,,,,", u2847 ,m187,,
96303, u2847 ," How can you be here...,,,,,,,,,,,,,,,,,,,,,,,,,,,,,,,", u2848 ,m187,,
96304, u2848 ," You must have been dreaming.,,,,,,,,,,,,,,,,,,,,,,,,,,,,,,,", u2847 ,m187,,
96305, u2847 ," Last night.  You were talking to someone in the corridor.,,,,,,,,,,,,,,,,,,,,,,,,,,,,,,,", u2848 ,m187,,
96306, u2848 ," When?,,,,,,,,,,,,,,,,,,,,,,,,,,,,,,,", u2847 ,m187,,
96307, u2847 ," Where did you go before?,,,,,,,,,,,,,,,,,,,,,,,,,,,,,,,", u2847 ,m187,,
96308, u2847 ," Please.  Don't.,,,,,,,,,,,,,,,,,,,,,,,,,,,,,,,", u2848 ,m187,,
96309, u2848 ," I've decided that if it is God, it's a sick God.  Its ambitions exceed its powers, but it doesn't realize it.  It's created a situation without a goal, and I hate that.  A God whose passion is not a redemption, who saves nothing, fulfills no purpose.  And us?  We would have to have """"an arrangement"""".  An unspoken understanding that I am not human. How can I not hate something that does that?"",,,,,,,,,,,,,,,,,,,,,,,,,,,,,,,", u2848 ,m187,,
96310, u2848 ," I don't know.  Something.  Anything.,,,,,,,,,,,,,,,,,,,,,,,,,,,,,,,", u2847 ,m187,,
96311, u2847 ," What does it want?,,,,,,,,,,,,,,,,,,,,,,,,,,,,,,,", u2847 ,m187,,
96312, u2847 ," A sleeping pill.  Do you want yours?,,,,,,,,,,,,,,,,,,,,,,,,,,,,,,,", u2848 ,m187,,
96313, u2848 ," What are you taking?,,,,,,,,,,,,,,,,,,,,,,,,,,,,,,,", u2847 ,m187,,
96314, u2847 ," I don't know anymore.  All I see is you.,,,,,,,,,,,,,,,,,,,,,,,,,,,,,,,", u2848 ,m187,,
96315, u2848 ," Am I really her?,,,,,,,,,,,,,,,,,,,,,,,,,,,,,,,", u2847 ,m187,,
96316, u2847 ," It put you here.  I'll admit it, it acted like a God and put you here, put you into my consciousness.  I was asleep, and it put you into my dream.  I saw your mouth.  And there you were.  Whether you've been sent here to make me happy or punish me, it doesn't matter.  The decision we make now is all that matters.  Stay with me."",,,,,,,,,,,,,,,,,,,,,,,,,,,,,,,", u2848 ,m187,,
96317, u2848 ," I can't --,,,,,,,,,,,,,,,,,,,,,,,,,,,,,,,", u2847 ,m187,,
96318, u2847 ," You have to remember that I love you, that's all that matters --"",,,,,,,,,,,,,,,,,,,,,,,,,,,,,,,", u2848 ,m187,,
96319, u2848 ," I have consciousness, but I am not mortal.  Don't you see why I'm going crazy?"",,,,,,,,,,,,,,,,,,,,,,,,,,,,,,,", u2847 ,m187,,
96320, u2847 ," I think they help.,,,,,,,,,,,,,,,,,,,,,,,,,,,,,,,", u2848 ,m187,,
96321, u2848 ," They do something to me.  It's hard to think straight.,,,,,,,,,,,,,,,,,,,,,,,,,,,,,,,", u2847 ,m187,,
96322, u2847 ," I wish you wouldn't.,,,,,,,,,,,,,,,,,,,,,,,,,,,,,,,", u2848 ,m187,,
96323, u2848 ," I want to stop taking those pills.,,,,,,,,,,,,,,,,,,,,,,,,,,,,,,,", u2847 ,m187,,
96324, u2847 ," Is that really what you want?,,,,,,,,,,,,,,,,,,,,,,,,,,,,,,,", u2848 ,m187,,
96325, u2848 ," But then I would be dead now.,,,,,,,,,,,,,,,,,,,,,,,,,,,,,,,", u2847 ,m187,,
96326, u2847 ," Yes.  I told you.  It was exactly like mine.,,,,,,,,,,,,,,,,,,,,,,,,,,,,,,,", u2848 ,m187,,
96327, u2848 ," Did you hear what Gibarian said? I'm not a human being.  I'm an instrument.  I came from your memory and your imagination and I will torture you no matter what.  Even if I remain passive.  That's when I drank the...  I was going mad.  It felt like there was no body underneath my skin. There was something else.  An illusion.  But I could feel my heart beating, and I remembered you tested my blood.  Is it like yours?"",,,,,,,,,,,,,,,,,,,,,,,,,,,,,,,", u2847 ,m187,,
96328, u2847 ," Yes, you are --"",,,,,,,,,,,,,,,,,,,,,,,,,,,,,,,", u2848 ,m187,,
96329, u2848 ," I... I am Rheya.  But I am not the woman you loved ten years ago.,,,,,,,,,,,,,,,,,,,,,,,,,,,,,,,", u2847 ,m187,,
96330, u2847 ," Who are you, then?"",,,,,,,,,,,,,,,,,,,,,,,,,,,,,,,", u2848 ,m187,,
96331, u2848 ," That's impossible.  I'm not Rheya.,,,,,,,,,,,,,,,,,,,,,,,,,,,,,,,", u2847 ,m187,,
96332, u2847 ," You exist here.  I keep telling you.,,,,,,,,,,,,,,,,,,,,,,,,,,,,,,,", u2848 ,m187,,
96333, u2848 ," You're lying.,,,,,,,,,,,,,,,,,,,,,,,,,,,,,,,", u2847 ,m187,,
96334, u2847 ," I want you here.,,,,,,,,,,,,,,,,,,,,,,,,,,,,,,,", u2848 ,m187,,
96335, u2848 ," What do I have to do to stop it?,,,,,,,,,,,,,,,,,,,,,,,,,,,,,,,", u2847 ,m187,,
96336, u2847 ," Then you won't make it.,,,,,,,,,,,,,,,,,,,,,,,,,,,,,,,", u2848 ,m187,,
96337, u2848 ," Chris, please.  Chris, I'm serious. I won't make it."",,,,,,,,,,,,,,,,,,,,,,,,,,,,,,,", u2847 ,m187,,
96338, u2847 ," I can't stay here.,,,,,,,,,,,,,,,,,,,,,,,,,,,,,,,", u2848 ,m187,,
96339, u2848 ," Chris --,,,,,,,,,,,,,,,,,,,,,,,,,,,,,,,", u2847 ,m187,,
96340, u2847 ," I never said I didn't.,,,,,,,,,,,,,,,,,,,,,,,,,,,,,,,", u2848 ,m187,,
96341, u2848 ," You never said you wanted one.,,,,,,,,,,,,,,,,,,,,,,,,,,,,,,,", u2847 ,m187,,
96342, u2847 ," Neither did I.,,,,,,,,,,,,,,,,,,,,,,,,,,,,,,,", u2848 ,m187,,
96343, u2848 ," Chris, I had to.  I had to.  I didn't think you'd react like this."",,,,,,,,,,,,,,,,,,,,,,,,,,,,,,,", u2847 ,m187,,
96344, u2847 ," Thank you.,,,,,,,,,,,,,,,,,,,,,,,,,,,,,,,", u2848 ,m187,,
96345, u2848 ," It wouldn't have made any difference.,,,,,,,,,,,,,,,,,,,,,,,,,,,,,,,", u2847 ,m187,,
96346, u2847 ," You should have told me.,,,,,,,,,,,,,,,,,,,,,,,,,,,,,,,", u2848 ,m187,,
96347, u2848 ," Don't do this.  I am literally begging you not to do this.  Chris.,,,,,,,,,,,,,,,,,,,,,,,,,,,,,,,", u2847 ,m187,,
96348, u2847 ," I want every second I can get with you.,,,,,,,,,,,,,,,,,,,,,,,,,,,,,,,", u2848 ,m187,,
96349, u2848 ," Then you'll die.,,,,,,,,,,,,,,,,,,,,,,,,,,,,,,,", u2847 ,m187,,
96350, u2847 ," Rheya, I am not going back.  I'm staying here with you."",,,,,,,,,,,,,,,,,,,,,,,,,,,,,,,", u2848 ,m187,,
96351, u2848 ," You're lying.  I'm not human.,,,,,,,,,,,,,,,,,,,,,,,,,,,,,,,", u2847 ,m187,,
96352, u2847 ," No.,,,,,,,,,,,,,,,,,,,,,,,,,,,,,,,", u2848 ,m187,,
96353, u2848 ," I'm disgusting.,,,,,,,,,,,,,,,,,,,,,,,,,,,,,,,", u2847 ,m187,,
96354, u2847 ," Listen: I don't care about anything but the fact that you are here.  You are her, you are Rheya."",,,,,,,,,,,,,,,,,,,,,,,,,,,,,,,", u2848 ,m187,,
96355, u2848 ," Don't call me that.,,,,,,,,,,,,,,,,,,,,,,,,,,,,,,,", u2847 ,m187,,
96356, u2847 ," Rheya --,,,,,,,,,,,,,,,,,,,,,,,,,,,,,,,", u2848 ,m187,,
96357, u2848 ," I'm not Rheya.  You've always known that.,,,,,,,,,,,,,,,,,,,,,,,,,,,,,,,", u2847 ,m187,,
96358, u2847 ," I don't think it knows it's torturing us.  It's just watching.,,,,,,,,,,,,,,,,,,,,,,,,,,,,,,,", u2848 ,m187,,
96359, u2848 ," How could it be so cruel?  How could it torture us like this?,,,,,,,,,,,,,,,,,,,,,,,,,,,,,,,", u2848 ,m187,,
96360, u2848 ," How can I tell?  You've seen both of me.  I only know what you're like here.  You're all I know.  There is no """"You"""" from before."",,,,,,,,,,,,,,,,,,,,,,,,,,,,,,,", u2847 ,m187,,
96361, u2847 ," That won't happen again.  We're different.,,,,,,,,,,,,,,,,,,,,,,,,,,,,,,,", u2848 ,m187,,
96362, u2848 ," Don't.  I'm the one at risk here. If we're playing out what happened before, I won't survive."",,,,,,,,,,,,,,,,,,,,,,,,,,,,,,,", u2847 ,m187,,
96363, u2847 ," I love you.,,,,,,,,,,,,,,,,,,,,,,,,,,,,,,,", u2848 ,m187,,
96364, u2848 ," Please don't lie.  I told you before, I don't know how I came to be here. Whatever you think you can't say to me, I need to hear you say it."",,,,,,,,,,,,,,,,,,,,,,,,,,,,,,,", u2847 ,m187,,
96365, u2847 ," It's all right.,,,,,,,,,,,,,,,,,,,,,,,,,,,,,,,", u2848 ,m187,,
96366, u2848 ," What's happening to us?,,,,,,,,,,,,,,,,,,,,,,,,,,,,,,,", u2847 ,m187,,
96367, u2847 ," He is.  But he was here...,,,,,,,,,,,,,,,,,,,,,,,,,,,,,,,", u2848 ,m187,,
96368, u2848 ," You said he was dead.,,,,,,,,,,,,,,,,,,,,,,,,,,,,,,,", u2847 ,m187,,
96369, u2847 ," Gibarian.  He was here.,,,,,,,,,,,,,,,,,,,,,,,,,,,,,,,", u2848 ,m187,,
96370, u2848 ," What's wrong?,,,,,,,,,,,,,,,,,,,,,,,,,,,,,,,", u2848 ,m187,,
96371, u2848 ," If you're here.,,,,,,,,,,,,,,,,,,,,,,,,,,,,,,,", u2847 ,m187,,
96372, u2847 ," Do you?,,,,,,,,,,,,,,,,,,,,,,,,,,,,,,,", u2848 ,m187,,
96373, u2848 ," Do you want to stay here?,,,,,,,,,,,,,,,,,,,,,,,,,,,,,,,", u2847 ,m187,,
96374, u2847 ," Not this time.,,,,,,,,,,,,,,,,,,,,,,,,,,,,,,,", u2848 ,m187,,
96375, u2848 ," But that's what happened before.,,,,,,,,,,,,,,,,,,,,,,,,,,,,,,,", u2847 ,m187,,
96376, u2847 ," Neither can I.  Not any of it. There's no reference point for what's going on; it's never happened before. It's a clean break in the fabric of the Universe; a gap.  There is nothing to do but experience it, moment-to- moment, and not let it destroy us."",,,,,,,,,,,,,,,,,,,,,,,,,,,,,,,", u2848 ,m187,,
96377, u2848 ," I have these strange thoughts, I don't know where they come from.  I can't explain it."",,,,,,,,,,,,,,,,,,,,,,,,,,,,,,,", u2847 ,m187,,
96378, u2847 ," For a reason that neither of us understand, you are forced to stay near me.  That's all I know right now."",,,,,,,,,,,,,,,,,,,,,,,,,,,,,,,", u2848 ,m187,,
96379, u2848 ," That's what you were saying.  I heard what you were saying.,,,,,,,,,,,,,,,,,,,,,,,,,,,,,,,", u2847 ,m187,,
96380, u2847 ," Rheya.,,,,,,,,,,,,,,,,,,,,,,,,,,,,,,,", u2848 ,m187,,
96381, u2848 ," You don't want me.,,,,,,,,,,,,,,,,,,,,,,,,,,,,,,,", u2848 ,m187,,
96382, u2848 ," I'm just as human as you.  I see, I hear, I touch, and I feel just like you do."",,,,,,,,,,,,,,,,,,,,,,,,,,,,,,,", u2847 ,m187,,
96383, u2847 ," Don't debate him; he'll say anything.,,,,,,,,,,,,,,,,,,,,,,,,,,,,,,,", u2848 ,m187,,
96384, u2848 ," You're the coward.,,,,,,,,,,,,,,,,,,,,,,,,,,,,,,,", u2847 ,m187,,
96385, u2847 ," Those are dreams.,,,,,,,,,,,,,,,,,,,,,,,,,,,,,,,", u2848 ,m187,,
96386, u2848 ," I don't think do.  It's not sleep; it's something else.  It's all around me.,,,,,,,,,,,,,,,,,,,,,,,,,,,,,,,", u2847 ,m187,,
96387, u2847 ," Can you sleep?,,,,,,,,,,,,,,,,,,,,,,,,,,,,,,,", u2848 ,m187,,
96388, u2848 ," I love you, too."",,,,,,,,,,,,,,,,,,,,,,,,,,,,,,,", u2847 ,m187,,
96389, u2847 ," No.  I love you.,,,,,,,,,,,,,,,,,,,,,,,,,,,,,,,", u2848 ,m187,,
96390, u2848 ," Was she right?,,,,,,,,,,,,,,,,,,,,,,,,,,,,,,,", u2847 ,m187,,
96391, u2847 ," You... she said I didn't love her.,,,,,,,,,,,,,,,,,,,,,,,,,,,,,,,", u2848 ,m187,,
96392, u2848 ," Why did she do it?,,,,,,,,,,,,,,,,,,,,,,,,,,,,,,,", u2847 ,m187,,
96393, u2847 ," Yes.  Especially toward the end.,,,,,,,,,,,,,,,,,,,,,,,,,,,,,,,", u2848 ,m187,,
96394, u2848 ," But we fought.,,,,,,,,,,,,,,,,,,,,,,,,,,,,,,,", u2848 ,m187,,
96395, u2848 ," I'm just trying to understand what's going on.,,,,,,,,,,,,,,,,,,,,,,,,,,,,,,,", u2847 ,m187,,
96396, u2847 ," I'm sure there are worse people to talk to, but I don't know who they are."",,,,,,,,,,,,,,,,,,,,,,,,,,,,,,,", u2847 ,m187,,
96397, u2847 ," When?  When I'm asleep?,,,,,,,,,,,,,,,,,,,,,,,,,,,,,,,", u2848 ,m187,,
96398, u2848 ," Sartorius.,,,,,,,,,,,,,,,,,,,,,,,,,,,,,,,", u2847 ,m187,,
96399, u2847 ," Who have you been talking to?,,,,,,,,,,,,,,,,,,,,,,,,,,,,,,,", u2848 ,m187,,
96400, u2848 ," That I am not Rheya.  That Rheya died.  Killed herself.  I'm different.,,,,,,,,,,,,,,,,,,,,,,,,,,,,,,,", u2847 ,m187,,
96401, u2847 ," What are you talking about?,,,,,,,,,,,,,,,,,,,,,,,,,,,,,,,", u2847 ,m187,,
96402, u2847 ," Stop.,,,,,,,,,,,,,,,,,,,,,,,,,,,,,,,", u2848 ,m187,,
96403, u2848 ," You don't love me.,,,,,,,,,,,,,,,,,,,,,,,,,,,,,,,", u2847 ,m187,,
96404, u2847 ," What's wrong.,,,,,,,,,,,,,,,,,,,,,,,,,,,,,,,", u2848 ,m187,,
96405, u2848 ," I'm glad.,,,,,,,,,,,,,,,,,,,,,,,,,,,,,,,", u2847 ,m187,,
96406, u2847 ," Yes.  Yes.,,,,,,,,,,,,,,,,,,,,,,,,,,,,,,,", u2848 ,m187,,
96407, u2848 ," Do I really feel like... I am...?,,,,,,,,,,,,,,,,,,,,,,,,,,,,,,,", u2848 ,m187,,
96408, u2848 ," It was obvious from the way he first looked at me.,,,,,,,,,,,,,,,,,,,,,,,,,,,,,,,", u2847 ,m187,,
96409, u2847 ," It's a violent response to something we haven't figured out.  Don't let the cowardly demeanor fool you: He is ruthless.  Unblinking in his prejudice.,,,,,,,,,,,,,,,,,,,,,,,,,,,,,,,", u2848 ,m187,,
96410, u2848 ," You feel sorry for Solaris, or for me?"",,,,,,,,,,,,,,,,,,,,,,,,,,,,,,,", u2847 ,m187,,
96411, u2847 ," He does have a point.  That's just not the way I'd like to see it proven.,,,,,,,,,,,,,,,,,,,,,,,,,,,,,,,", u2848 ,m187,,
96412, u2848 ," He has a point.,,,,,,,,,,,,,,,,,,,,,,,,,,,,,,,", u2847 ,m187,,
96413, u2847 ," Well.  He doesn't think it's God, but for different reasons than me. He's thinking: If I can figure out how to make it stop, than I am smarter than it is, and therefore it cannot be God."",,,,,,,,,,,,,,,,,,,,,,,,,,,,,,,", u2848 ,m187,,
96414, u2848 ," Sartorius wants to destroy it.,,,,,,,,,,,,,,,,,,,,,,,,,,,,,,,", u2847 ,m187,,
96415, u2847 ," Snow thinks we shouldn't leave until we figure out a way to document it, to prove its existence to the planet Earth.  This is hilarious: He thinks it's God, but he wants it to sit still for a photograph so he can show the folks back home."",,,,,,,,,,,,,,,,,,,,,,,,,,,,,,,", u2848 ,m187,,
96416, u2848 ," What does Snow think you should do?,,,,,,,,,,,,,,,,,,,,,,,,,,,,,,,", u2847 ,m187,,
96417, u2847 ," I know.  I'm putting that in my next report.,,,,,,,,,,,,,,,,,,,,,,,,,,,,,,,", u2848 ,m187,,
96418, u2848 ," You sure say """"God"""" a lot when we're doing it."",,,,,,,,,,,,,,,,,,,,,,,,,,,,,,,", u2848 ,m187,,
96419, u2848 ," You know, I've decided: I'm just gonna believe what you believe about this whole Solaris thing, it'll make life so much easier; the little wife agreeing with her big, strong husband. You must get such a headache thinking about those Great Big Problems all day."",,,,,,,,,,,,,,,,,,,,,,,,,,,,,,,", u2847 ,m187,,
96420, u2847 ," How could she not be real?  I can smell her, taste her.  She does exactly what she did... it's not possible."",,,,,,,,,,,,,,,,,,,,,,,,,,,,,,,", u2848 ,m187,,
96421, u2848 ," I like that too.,,,,,,,,,,,,,,,,,,,,,,,,,,,,,,,", u2848 ,m187,,
96422, u2848 ," Good.  Because I want you to know. I really like fucking you.,,,,,,,,,,,,,,,,,,,,,,,,,,,,,,,", u2847 ,m187,,
96423, u2847 ," I think so.,,,,,,,,,,,,,,,,,,,,,,,,,,,,,,,", u2848 ,m187,,
96424, u2848 ," Do you have any idea how much I like fucking you?,,,,,,,,,,,,,,,,,,,,,,,,,,,,,,,", u2847 ,m187,,
96425, u2847 ," It's genetics.  You know this.  You know where it comes from.  There is nothing wrong with uncrossing a few crossed wires.,,,,,,,,,,,,,,,,,,,,,,,,,,,,,,,", u2848 ,m187,,
96426, u2848 ," I can't help feeling that I'm cheating when I take them.,,,,,,,,,,,,,,,,,,,,,,,,,,,,,,,", u2847 ,m187,,
96427, u2847 ," I don't know.  I couldn't understand why you didn't tell me.,,,,,,,,,,,,,,,,,,,,,,,,,,,,,,,", u2848 ,m187,,
96428, u2848 ," Why did you say those things?,,,,,,,,,,,,,,,,,,,,,,,,,,,,,,,", u2847 ,m187,,
96429, u2847 ," You don't know?,,,,,,,,,,,,,,,,,,,,,,,,,,,,,,,", u2848 ,m187,,
96430, u2848 ," What happened to us, exactly?"",,,,,,,,,,,,,,,,,,,,,,,,,,,,,,,", u2847 ,m187,,
96431, u2847 ," I did too.,,,,,,,,,,,,,,,,,,,,,,,,,,,,,,,", u2848 ,m187,,
96432, u2848 ," Thinking what you were doing and saying, just being consumed by thinking of you.  I loved it so much, that feeling."",,,,,,,,,,,,,,,,,,,,,,,,,,,,,,,", u2847 ,m187,,
96433, u2847 ," I know.  I know.  We don't have to talk about that.,,,,,,,,,,,,,,,,,,,,,,,,,,,,,,,", u2848 ,m187,,
96434, u2848 ," Scared.  No, not scared.  Wary. Like I was something to be... her guard went up.  I was a threat.  Now I know why.  She was afraid she'd be seen.  That I would see her for the self-obsessed neurotic that she was. I think she thought she had a few more years of being on a pedestal. But that's the cycle, right?  I knew a little more than she did, she knew a little more than her mother, and on and on.  I guess that's part of the reason why --"",,,,,,,,,,,,,,,,,,,,,,,,,,,,,,,", u2847 ,m187,,
96435, u2847 ," What kind of look?,,,,,,,,,,,,,,,,,,,,,,,,,,,,,,,", u2848 ,m187,,
96436, u2848 ," Seven, eight.  So one day my mother catches me sort of staring off into space, and she asks me what I'm doing, and I start trying to explain to her, about this state that I can put myself in, and this look comes over her face."",,,,,,,,,,,,,,,,,,,,,,,,,,,,,,,", u2847 ,m187,,
96437, u2847 ," How old were you?,,,,,,,,,,,,,,,,,,,,,,,,,,,,,,,", u2848 ,m187,,
96438, u2848 ," I would have these -- I don't know how to describe them -- visions, when I was younger.  Maybe not visions, but like these waking dream states.  Time would just collapse, I would be inside time.  I would stare at a second hand on a clock until it stopped.  Freaky stuff."",,,,,,,,,,,,,,,,,,,,,,,,,,,,,,,", u2848 ,m187,,
96439, u2848 ," I been thinking about how much I hate you.,,,,,,,,,,,,,,,,,,,,,,,,,,,,,,,", u2847 ,m187,,
96440, u2847 ," Where've you been?,,,,,,,,,,,,,,,,,,,,,,,,,,,,,,,", u2848 ,m187,,
96441, u2848 ," When I saw you were gone I got scared.,,,,,,,,,,,,,,,,,,,,,,,,,,,,,,,", u2847 ,m187,,
96442, u2847 ," You were trying to break down the door.  Do you know why?,,,,,,,,,,,,,,,,,,,,,,,,,,,,,,,", u2848 ,m187,,
96443, u2848 ," What happened?,,,,,,,,,,,,,,,,,,,,,,,,,,,,,,,", u2848 ,m187,,
96444, u2848 ," As I said, then it's God, right?"",,,,,,,,,,,,,,,,,,,,,,,,,,,,,,,", u2847 ,m187,,
96445, u2847 ," As I said, it is beyond our comprehension."",,,,,,,,,,,,,,,,,,,,,,,,,,,,,,,", u2848 ,m187,,
96446, u2848 ," But what if Solaris is what there was before The Big Bang?,,,,,,,,,,,,,,,,,,,,,,,,,,,,,,,", u2847 ,m187,,
96447, u2847 ," You're talking about a man in a white beard again.  You're ascribing human characteristics to something that isn't human.  Human beings look for causes and patterns.  How could we know what Solaris is up to, if anything?"",,,,,,,,,,,,,,,,,,,,,,,,,,,,,,,", u2848 ,m187,,
96448, u2848 ," Even a God that wasn't active, that just created something and stood back and watched?"",,,,,,,,,,,,,,,,,,,,,,,,,,,,,,,", u2847 ,m187,,
96449, u2847 ," The whole idea of God was dreamed up by a silly animal with a small brain called Man.  Even the limits we put on it are human limits.  It can do this, it can do that!  It designs, it creates!"",,,,,,,,,,,,,,,,,,,,,,,,,,,,,,,", u2848 ,m187,,
96450, u2848 ," You still don't believe in God?,,,,,,,,,,,,,,,,,,,,,,,,,,,,,,,", u2847 ,m187,,
96451, u2847 ," It's something.,,,,,,,,,,,,,,,,,,,,,,,,,,,,,,,", u2848 ,m187,,
96452, u2848 ," Then it's God, right?"",,,,,,,,,,,,,,,,,,,,,,,,,,,,,,,", u2847 ,m187,,
96453, u2847 ," Intelligent beyond our comprehension.,,,,,,,,,,,,,,,,,,,,,,,,,,,,,,,", u2848 ,m187,,
96454, u2848 ," Is it intelligent?,,,,,,,,,,,,,,,,,,,,,,,,,,,,,,,", u2847 ,m187,,
96455, u2847 ," Not exactly.  It exists in a continuum that wasn't proven until ten years ago, a higher mathematical dimension superimposed on top of the Universe. An infinite number of them, in fact. It was a violation of all of our various laws regarding the Universe, Space, or Space-Time.  It was completely counter-intuitive.  We had to unlearn everything."",,,,,,,,,,,,,,,,,,,,,,,,,,,,,,,", u2848 ,m187,,
96456, u2848 ," Is it a planet?,,,,,,,,,,,,,,,,,,,,,,,,,,,,,,,", u2848 ,m187,,
96457, u2848 ," Yes.  But not until you mentioned them.  As soon as you said those things, I remembered them.  And they have associations that make me think of other things I remember.  It's like filling up."",,,,,,,,,,,,,,,,,,,,,,,,,,,,,,,", u2847 ,m187,,
96458, u2847 ," Do you remember Beethoven?  The Beatles?  Movies, books, restaurants, friends?"",,,,,,,,,,,,,,,,,,,,,,,,,,,,,,,", u2848 ,m187,,
96459, u2848 ," What do you mean?,,,,,,,,,,,,,,,,,,,,,,,,,,,,,,,", u2847 ,m187,,
96460, u2847 ," What do you remember?,,,,,,,,,,,,,,,,,,,,,,,,,,,,,,,", u2847 ,m187,,
96461, u2847 ," All right.  How about I feel better when you take them?,,,,,,,,,,,,,,,,,,,,,,,,,,,,,,,", u2848 ,m187,,
96462, u2848 ," I know, I know.  But still, somehow I don't feel better."",,,,,,,,,,,,,,,,,,,,,,,,,,,,,,,", u2847 ,m187,,
96463, u2847 ," You're better when you take them.,,,,,,,,,,,,,,,,,,,,,,,,,,,,,,,", u2848 ,m187,,
96464, u2848 ," You talk like an actor.,,,,,,,,,,,,,,,,,,,,,,,,,,,,,,,", u2847 ,m187,,
96465, u2847 ," I am.  Please come with me.  I don't want to do this here.,,,,,,,,,,,,,,,,,,,,,,,,,,,,,,,", u2848 ,m187,,
96466, u2848 ," You go home.,,,,,,,,,,,,,,,,,,,,,,,,,,,,,,,", u2847 ,m187,,
96467, u2847 ," Let's go home.,,,,,,,,,,,,,,,,,,,,,,,,,,,,,,,", u2848 ,m187,,
96468, u2848 ," And I just want to know if I'm crazy or not -- if what I think is happening is actually happening.  Or am I one of those people, those women, who are blind to what's going on?  Who pretend not to see their husband's attention toward another woman?"",,,,,,,,,,,,,,,,,,,,,,,,,,,,,,,", u2847 ,m187,,
96469, u2847 ," Rheya.  Not here.,,,,,,,,,,,,,,,,,,,,,,,,,,,,,,,", u2848 ,m187,,
96470, u2848 ," You behave as though you want to fuck her.,,,,,,,,,,,,,,,,,,,,,,,,,,,,,,,", u2847 ,m187,,
96471, u2847 ," Stop it.,,,,,,,,,,,,,,,,,,,,,,,,,,,,,,,", u2848 ,m187,,
96472, u2848 ," You want to fuck her?,,,,,,,,,,,,,,,,,,,,,,,,,,,,,,,", u2848 ,m187,,
96473, u2848 ," Better.,,,,,,,,,,,,,,,,,,,,,,,,,,,,,,,", u2847 ,m187,,
96474, u2847 ," And tonight?,,,,,,,,,,,,,,,,,,,,,,,,,,,,,,,", u2848 ,m187,,
96475, u2848 ," I wasn't.,,,,,,,,,,,,,,,,,,,,,,,,,,,,,,,", u2847 ,m187,,
96476, u2847 ," You didn't look very happy.,,,,,,,,,,,,,,,,,,,,,,,,,,,,,,,", u2848 ,m187,,
96477, u2848 ," Not a very happy poem.,,,,,,,,,,,,,,,,,,,,,,,,,,,,,,,", u2848 ,m187,,
96478, u2848 ," My Thomas is a little rusty.,,,,,,,,,,,,,,,,,,,,,,,,,,,,,,,", u2847 ,m187,,
96479, u2847 ," Poem.  Dylan Thomas.  I thought of it when I saw you on the train.,,,,,,,,,,,,,,,,,,,,,,,,,,,,,,,", u2848 ,m187,,
96480, u2848 ," Book?,,,,,,,,,,,,,,,,,,,,,,,,,,,,,,,", u2847 ,m187,,
96481, u2847 ," """"And Death Shall Have No Dominion""""."",,,,,,,,,,,,,,,,,,,,,,,,,,,,,,,", u2848 ,m187,,
96482, u2848 ," I want you inside me right now.,,,,,,,,,,,,,,,,,,,,,,,,,,,,,,,", u2847 ,m187,,
96483, u2847 ," Rheya...,,,,,,,,,,,,,,,,,,,,,,,,,,,,,,,", u2847 ,m187,,
96484, u2847 ," Yes.,,,,,,,,,,,,,,,,,,,,,,,,,,,,,,,", u2848 ,m187,,
96485, u2848 ," We're taking a flight?,,,,,,,,,,,,,,,,,,,,,,,,,,,,,,,", u2848 ,m187,,
96486, u2848 ," To calm my anxiety.,,,,,,,,,,,,,,,,,,,,,,,,,,,,,,,", u2847 ,m187,,
96487, u2847 ," To calm your anxiety.,,,,,,,,,,,,,,,,,,,,,,,,,,,,,,,", u2848 ,m187,,
96488, u2848 ," What are they?,,,,,,,,,,,,,,,,,,,,,,,,,,,,,,,", u2847 ,m187,,
96489, u2847 ," I'll be right back.,,,,,,,,,,,,,,,,,,,,,,,,,,,,,,,", u2848 ,m187,,
96490, u2848 ," I don't know.  I can't be alone.,,,,,,,,,,,,,,,,,,,,,,,,,,,,,,,", u2847 ,m187,,
96491, u2847 ," Why?,,,,,,,,,,,,,,,,,,,,,,,,,,,,,,,", u2848 ,m187,,
96492, u2848 ," Don't.,,,,,,,,,,,,,,,,,,,,,,,,,,,,,,,", u2847 ,m187,,
96493, u2847 ," I'll just be a minute.,,,,,,,,,,,,,,,,,,,,,,,,,,,,,,,", u2848 ,m187,,
96494, u2848 ," I'll go with you.,,,,,,,,,,,,,,,,,,,,,,,,,,,,,,,", u2847 ,m187,,
96495, u2847 ," I need to see Snow.,,,,,,,,,,,,,,,,,,,,,,,,,,,,,,,", u2848 ,m187,,
96496, u2848 ," Yes.,,,,,,,,,,,,,,,,,,,,,,,,,,,,,,,", u2847 ,m187,,
96497, u2847 ," Oh, God.  I'm awake."",,,,,,,,,,,,,,,,,,,,,,,,,,,,,,,", u2850 ,m187,,
96498, u2850 ," You go ahead.  Of what I remember about Earth... it's all one thing now.  Everything's a blur.  I like distinctions.,,,,,,,,,,,,,,,,,,,,,,,,,,,,,,,", u2849 ,m187,,
96499, u2849 ," You want it coming back with us?,,,,,,,,,,,,,,,,,,,,,,,,,,,,,,,", u2849 ,m187,,
96500, u2849 ," Fuck me.  I knew it.,,,,,,,,,,,,,,,,,,,,,,,,,,,,,,,", u2850 ,m187,,
96501, u2850 ," I got rid of him.  I wanted to see if... I wanted to be the only one. I wanted to be Snow.,,,,,,,,,,,,,,,,,,,,,,,,,,,,,,,", u2850 ,m187,,
96502, u2850 ," I'm not Snow.,,,,,,,,,,,,,,,,,,,,,,,,,,,,,,,", u2849 ,m187,,
96503, u2849 ," Snow, get up here, now."",,,,,,,,,,,,,,,,,,,,,,,,,,,,,,,", u2849 ,m187,,
96504, u2849 ," Gibarian was helpless.  It's very simple: Man created the science that resulted in the discovery of Solaris, and the ship that brought us here."",,,,,,,,,,,,,,,,,,,,,,,,,,,,,,,", u2850 ,m187,,
96505, u2850 ," Gibarian was under enormous --,,,,,,,,,,,,,,,,,,,,,,,,,,,,,,,", u2850 ,m187,,
96506, u2850 ," Are the actions of Solaris premeditated?,,,,,,,,,,,,,,,,,,,,,,,,,,,,,,,", u2849 ,m187,,
96507, u2849 ," Followed by non-human manifestations.,,,,,,,,,,,,,,,,,,,,,,,,,,,,,,,", u2850 ,m187,,
96508, u2850 ," And when a given situation no longer corresponds to the normal faculties of the... original, the visitor suffers some sort of disconnected consciousness."",,,,,,,,,,,,,,,,,,,,,,,,,,,,,,,", u2849 ,m187,,
96509, u2849 ," A recoil, with no compensating mechanism."",,,,,,,,,,,,,,,,,,,,,,,,,,,,,,,", u2850 ,m187,,
96510, u2850 ," It's an experiment.,,,,,,,,,,,,,,,,,,,,,,,,,,,,,,,", u2849 ,m187,,
96511, u2849 ," They are not autonomous individuals and they're not actual persons. They are projections materializing from our minds, based on a given individual."",,,,,,,,,,,,,,,,,,,,,,,,,,,,,,,", u2850 ,m187,,
96512, u2850 ," We want to talk freely.,,,,,,,,,,,,,,,,,,,,,,,,,,,,,,,", u2849 ,m187,,
96513, u2849 ," We thought you'd be alone.  We want to talk about...,,,,,,,,,,,,,,,,,,,,,,,,,,,,,,,", u2850 ,m187,,
96514, u2850 ," He won't.,,,,,,,,,,,,,,,,,,,,,,,,,,,,,,,", u2849 ,m187,,
96515, u2849 ," Why do you say that?,,,,,,,,,,,,,,,,,,,,,,,,,,,,,,,", u2850 ,m187,,
96516, u2850 ," He won't do it.,,,,,,,,,,,,,,,,,,,,,,,,,,,,,,,", u2849 ,m187,,
