,User_id,text,sec_user,movies_name,relationship,attachment
104480, u3102 ," You owe the Don a service.  He has no doubt that you will repay it.,,,,,,,,,,,,,,,,,,,,,,,,,,,,,,,", u3094 ,m203,,
104481, u3094 ," Yes, I understand I'm listening."",,,,,,,,,,,,,,,,,,,,,,,,,,,,,,,", u3102 ,m203,,
104482, u3102 ," This is Tom Hagen; I'm calling for Don Corleone, at his request."",,,,,,,,,,,,,,,,,,,,,,,,,,,,,,,", u3102 ,m203,,
104483, u3102 ," Yes. ,,,,,,,,,,,,,,,,,,,,,,,,,,,,,,,", u3094 ,m203,,
104484, u3094 ," The Don himself is coming to me tonight?,,,,,,,,,,,,,,,,,,,,,,,,,,,,,,,", u3102 ,m203,,
104485, u3102 ," Good.  He never doubted you.,,,,,,,,,,,,,,,,,,,,,,,,,,,,,,,", u3094 ,m203,,
104486, u3094 ," Anything...Anything the Godfather wishes.,,,,,,,,,,,,,,,,,,,,,,,,,,,,,,,", u3102 ,m203,,
104487, u3102 ," You owe the Don a service.  In one hour, not before, perhaps later, he will be at your funeral parlor to ask for your help.  Be there to greet him.  If you have any objections speak now, and I'll inform him."",,,,,,,,,,,,,,,,,,,,,,,,,,,,,,,", u3094 ,m203,,
104488, u3094 ," Yes, I understand.  I'm listening."",,,,,,,,,,,,,,,,,,,,,,,,,,,,,,,", u3098 ,m203,,
104489, u3098 ," I want you to use all your powers, all your skill, as you love me.  I do not want his mother to see him as he is."",,,,,,,,,,,,,,,,,,,,,,,,,,,,,,,", u3094 ,m203,,
104490, u3094 ," What do you wish me to do?,,,,,,,,,,,,,,,,,,,,,,,,,,,,,,,", u3098 ,m203,,
104491, u3098 ," Some day, and that day may never come, I would like to call upon you to do me a service in return."",,,,,,,,,,,,,,,,,,,,,,,,,,,,,,,", u3094 ,m203,,
104492, u3094 ," Godfather.,,,,,,,,,,,,,,,,,,,,,,,,,,,,,,,", u3098 ,m203,,
104493, u3098 ," Good.  From me you'll get Justice.,,,,,,,,,,,,,,,,,,,,,,,,,,,,,,,", u3094 ,m203,,
104494, u3094 ," Be my friend.,,,,,,,,,,,,,,,,,,,,,,,,,,,,,,,", u3098 ,m203,,
104495, u3098 ," Then take the justice from the judge, the bitter with the sweet, Bonasera.  But if you come to me with your friendship, your loyalty, then your enemies become my enemies, and then, believe me, they would fear you..."",,,,,,,,,,,,,,,,,,,,,,,,,,,,,,,", u3094 ,m203,,
104496, u3094 ," America has been good to me...,,,,,,,,,,,,,,,,,,,,,,,,,,,,,,,", u3098 ,m203,,
104497, u3098 ," You never think to protect yourself with real friends.  You think it's enough to be an American.  All right, the Police protects you, there are Courts of Law, so you don't need a friend like me. But now you come to me and say Don Corleone, you must give me justice. And you don't ask in respect or friendship.  And you don't think to call me Godfather; instead you come to my house on the day my daughter is to be married and you ask me to do murder...for money."",,,,,,,,,,,,,,,,,,,,,,,,,,,,,,,", u3094 ,m203,,
104498, u3094 ," Then make them suffer as she suffers.  How much shall I pay you.,,,,,,,,,,,,,,,,,,,,,,,,,,,,,,,", u3098 ,m203,,
104499, u3098 ," But your daughter is still alive.,,,,,,,,,,,,,,,,,,,,,,,,,,,,,,,", u3094 ,m203,,
104500, u3094 ," An eye for an eye!,,,,,,,,,,,,,,,,,,,,,,,,,,,,,,,", u3098 ,m203,,
104501, u3098 ," The Court gave you justice.,,,,,,,,,,,,,,,,,,,,,,,,,,,,,,,", u3094 ,m203,,
104502, u3094 ," I ask for Justice.,,,,,,,,,,,,,,,,,,,,,,,,,,,,,,,", u3098 ,m203,,
104503, u3098 ," No.  You ask for too much.,,,,,,,,,,,,,,,,,,,,,,,,,,,,,,,", u3098 ,m203,,
104504, u3098 ," And what is that Bonasera?,,,,,,,,,,,,,,,,,,,,,,,,,,,,,,,", u3094 ,m203,,
104505, u3094 ," What do you want of me?  I'll give you anything you want, but do what I ask!"",,,,,,,,,,,,,,,,,,,,,,,,,,,,,,,", u3098 ,m203,,
104506, u3098 ," Bonasera, we know each other for years, but this is the first time you come to me for help.  I don't remember the last time you invited me to your house for coffee...even though our wives are friends."",,,,,,,,,,,,,,,,,,,,,,,,,,,,,,,", u3105 ,m203,,
104507, u3105 ," Good, good.  Leave now; there's a car waiting to take you to the airport."",,,,,,,,,,,,,,,,,,,,,,,,,,,,,,,", u3095 ,m203,,
104508, u3095 ," Barzini.,,,,,,,,,,,,,,,,,,,,,,,,,,,,,,,", u3105 ,m203,,
104509, u3105 ," Don't be frightened.  Do you think I'd make my sister a widow?  Do you think I'd make your children fatherless?  After all, I'm Godfather to your son.  No, your punishment is that you're out of the family business.  I'm putting you on a plane to Vegas--and I want you to stay there.  I'll send Connie an allowance, that's all. But don't keep saying you're innocent; it insults my intelligence and makes me angry.  Who approached you, Tattaglia or Barzini?"",,,,,,,,,,,,,,,,,,,,,,,,,,,,,,,", u3105 ,m203,,
104510, u3105 ," Barzini is dead.  So is Philip Tattaglia, so are Strachi, Cuneo and Moe Greene...I want to square all the family accounts tonight. So don't tell me you're innocent; admit what you did."",,,,,,,,,,,,,,,,,,,,,,,,,,,,,,,", u3095 ,m203,,
104511, u3095 ," I swear I'm innocent.  I swear on the head of my children, I'm innocent.  Mike, don't do this to me, please Mike, don't do this to me!"",,,,,,,,,,,,,,,,,,,,,,,,,,,,,,,", u3105 ,m203,,
104512, u3105 ," You fingered Sonny for the Barzini people.  That little farce you played out with my sister.  Did Barzini kid you that would fool a Corleone?,,,,,,,,,,,,,,,,,,,,,,,,,,,,,,,", u3105 ,m203,,
104513, u3105 ," You have to answer for Santino.,,,,,,,,,,,,,,,,,,,,,,,,,,,,,,,", u3095 ,m203,,
104514, u3095 ," Godfather!,,,,,,,,,,,,,,,,,,,,,,,,,,,,,,,", u3105 ,m203,,
104515, u3105 ," Go back to your house and wait for me...,,,,,,,,,,,,,,,,,,,,,,,,,,,,,,,", u3095 ,m203,,
104516, u3095 ," Jesus, Connie...Sure, Mike..."",,,,,,,,,,,,,,,,,,,,,,,,,,,,,,,", u3105 ,m203,,
104517, u3105 ," I'll come to you when I need you.,,,,,,,,,,,,,,,,,,,,,,,,,,,,,,,", u3095 ,m203,,
104518, u3095 ," Understood.  I just wish I was doing more to help out.,,,,,,,,,,,,,,,,,,,,,,,,,,,,,,,", u3097 ,m203,,
104519, u3097 ," Like hell I will.,,,,,,,,,,,,,,,,,,,,,,,,,,,,,,,", u3095 ,m203,,
104520, u3095 ," You filthy guinea spoiled brat. Clean it up or I'll kick your head in.,,,,,,,,,,,,,,,,,,,,,,,,,,,,,,,", u3097 ,m203,,
104521, u3097 ," BA FA GOULE YOU!,,,,,,,,,,,,,,,,,,,,,,,,,,,,,,,", u3095 ,m203,,
104522, u3095 ," Ba Fa Goulle.,,,,,,,,,,,,,,,,,,,,,,,,,,,,,,,", u3097 ,m203,,
104523, u3097 ," Eat it, it's on the table."",,,,,,,,,,,,,,,,,,,,,,,,,,,,,,,", u3095 ,m203,,
104524, u3095 ," I'm not hungry yet.,,,,,,,,,,,,,,,,,,,,,,,,,,,,,,,", u3097 ,m203,,
104525, u3097 ," The food is on the table.,,,,,,,,,,,,,,,,,,,,,,,,,,,,,,,", u3095 ,m203,,
104526, u3095 ," OK, OK.  You gonna make me something to eat at least?"",,,,,,,,,,,,,,,,,,,,,,,,,,,,,,,", u3097 ,m203,,
104527, u3097 ," You're staying home.  You're not going out.,,,,,,,,,,,,,,,,,,,,,,,,,,,,,,,", u3097 ,m203,,
104528, u3097 ," Your girl friend.  She says she can't make it tonight.  You lousy bastard you have the nerve to give your whores my telephone number. I'll kill you, you bastard!"",,,,,,,,,,,,,,,,,,,,,,,,,,,,,,,", u3095 ,m203,,
104529, u3095 ," What was that?,,,,,,,,,,,,,,,,,,,,,,,,,,,,,,,", u3095 ,m203,,
104530, u3095 ," Shut up.,,,,,,,,,,,,,,,,,,,,,,,,,,,,,,,", u3097 ,m203,,
104531, u3097 ," What's the matter, Carlo?"",,,,,,,,,,,,,,,,,,,,,,,,,,,,,,,", u3096 ,m203,,
104532, u3096 ," We gotta move...,,,,,,,,,,,,,,,,,,,,,,,,,,,,,,,", u3112 ,m203,,
104533, u3112 ," You're on, kid...I'll square it with Mom your not seeing her before you left.  And I'll get a message to your girl friend when I think the time is right."",,,,,,,,,,,,,,,,,,,,,,,,,,,,,,,", u3096 ,m203,,
104534, u3096 ," The gun will be there.,,,,,,,,,,,,,,,,,,,,,,,,,,,,,,,", u3112 ,m203,,
104535, u3112 ," I want somebody very good, very safe to plant that gun.  I don't want my brother coming out of that toilet with just his dick in his hand."",,,,,,,,,,,,,,,,,,,,,,,,,,,,,,,", u3112 ,m203,,
104536, u3112 ," OK, but be careful."",,,,,,,,,,,,,,,,,,,,,,,,,,,,,,,", u3096 ,m203,,
104537, u3096 ," Sollozzo knows Mike's a civilian.,,,,,,,,,,,,,,,,,,,,,,,,,,,,,,,", u3096 ,m203,,
104538, u3096 ," You won't see Paulie anymore.  He's sick for good this winter.,,,,,,,,,,,,,,,,,,,,,,,,,,,,,,,", u3112 ,m203,,
104539, u3112 ," You take care of Paulie?,,,,,,,,,,,,,,,,,,,,,,,,,,,,,,,", u3112 ,m203,,
104540, u3112 ," Okay, now you can move your men into the Mall, replace Tessio's people.  Mike, tomorrow you take a couple of Clemenza's people and go to Luca's apartment and wait for him to show.  That crazy bastard might be going after Sollozzo right now if he's heard the news."",,,,,,,,,,,,,,,,,,,,,,,,,,,,,,,", u3096 ,m203,,
104541, u3096 ," Understood.,,,,,,,,,,,,,,,,,,,,,,,,,,,,,,,", u3112 ,m203,,
104542, u3112 ," Clemenza.  You take care of Paulie. I don't ever want to see him again. Understood?,,,,,,,,,,,,,,,,,,,,,,,,,,,,,,,", u3112 ,m203,,
104543, u3112 ," No, just you and Paulie."",,,,,,,,,,,,,,,,,,,,,,,,,,,,,,,", u3096 ,m203,,
104544, u3096 ," That's all?  Don't you want me to send some people over here?,,,,,,,,,,,,,,,,,,,,,,,,,,,,,,,", u3112 ,m203,,
104545, u3112 ," Go get Paulie, I don't care how sick he is.  Pick him up yourself, and bring him to my father's house."",,,,,,,,,,,,,,,,,,,,,,,,,,,,,,,", u3096 ,m203,,
104546, u3096 ," Maybe three, four times.  I always asked Freddie if he wanted another bodyguard, but he said no.  Things have been so smooth the last ten years..."",,,,,,,,,,,,,,,,,,,,,,,,,,,,,,,", u3112 ,m203,,
104547, u3112 ," How many times did he stay home the last couple of months?,,,,,,,,,,,,,,,,,,,,,,,,,,,,,,,", u3096 ,m203,,
104548, u3096 ," Paulie's been a little sick all winter...he was home.,,,,,,,,,,,,,,,,,,,,,,,,,,,,,,,", u3112 ,m203,,
104549, u3112 ," Where the hell was Paulie, why wasn't he with the Don?"",,,,,,,,,,,,,,,,,,,,,,,,,,,,,,,", u3096 ,m203,,
104550, u3096 ," The word is out in the streets that he's dead.,,,,,,,,,,,,,,,,,,,,,,,,,,,,,,,", u3112 ,m203,,
104551, u3112 ," Yeah.,,,,,,,,,,,,,,,,,,,,,,,,,,,,,,,", u3096 ,m203,,
104552, u3096 ," You heard about your father?,,,,,,,,,,,,,,,,,,,,,,,,,,,,,,,", u3105 ,m203,,
104553, u3105 ," Maybe less...,,,,,,,,,,,,,,,,,,,,,,,,,,,,,,,", u3096 ,m203,,
104554, u3096 ," Then in a six month time we're on our own; is that it?,,,,,,,,,,,,,,,,,,,,,,,,,,,,,,,", u3105 ,m203,,
104555, u3105 ," He's going to be our lawyer in Vegas.  Nobody goes to him with any other business as of now, this minute.  No reflection on Tom; that's the way I want it.  Besides, if I ever need any advice, who's a better Consigliere than my father."",,,,,,,,,,,,,,,,,,,,,,,,,,,,,,,", u3105 ,m203,,
104556, u3105 ," No, I don't want to give Barzini an excuse to start fighting."",,,,,,,,,,,,,,,,,,,,,,,,,,,,,,,", u3096 ,m203,,
104557, u3096 ," We gotta fight sometime.  Let us at least recruit our regimes to full strength.,,,,,,,,,,,,,,,,,,,,,,,,,,,,,,,", u3096 ,m203,,
104558, u3096 ," Probably all the other families will line up against us.  But, it's alright.  These things have to happen once every ten years or so...gets rid of the bad blood. You gotta stop 'em at the beginning. Like they shoulda stopped Hitler at Munich, they shoulda never let him get away with that, they were just asking for big trouble..."",,,,,,,,,,,,,,,,,,,,,,,,,,,,,,,", u3105 ,m203,,
104559, u3105 ," How bad will it be?,,,,,,,,,,,,,,,,,,,,,,,,,,,,,,,", u3096 ,m203,,
104560, u3096 ," Mostly it gives witnesses an excuse to change their identification when we make them see the light.  Then you take a long vacation and we catch the hell.,,,,,,,,,,,,,,,,,,,,,,,,,,,,,,,", u3109 ,m203,,
104561, u3109 ," Holy cow, I don't gotta know nothing."",,,,,,,,,,,,,,,,,,,,,,,,,,,,,,,", u3096 ,m203,,
104562, u3096 ," Maybe, or you gotta know now."",,,,,,,,,,,,,,,,,,,,,,,,,,,,,,,", u3109 ,m203,,
104563, u3109 ," You think we'll go for that last place?,,,,,,,,,,,,,,,,,,,,,,,,,,,,,,,", u3096 ,m203,,
104564, u3096 ," OK, go to Arthur Avenue; I'm suppose to call when I found somethin'."",,,,,,,,,,,,,,,,,,,,,,,,,,,,,,,", u3109 ,m203,,
104565, u3109 ," Good for ten men...,,,,,,,,,,,,,,,,,,,,,,,,,,,,,,,", u3096 ,m203,,
104566, u3096 ," Drive while you thinking; I wanna get to the City this month!,,,,,,,,,,,,,,,,,,,,,,,,,,,,,,,", u3109 ,m203,,
104567, u3109 ," I'll think about it.,,,,,,,,,,,,,,,,,,,,,,,,,,,,,,,", u3109 ,m203,,
104568, u3109 ," Sure.,,,,,,,,,,,,,,,,,,,,,,,,,,,,,,,", u3096 ,m203,,
104569, u3096 ," Outside.,,,,,,,,,,,,,,,,,,,,,,,,,,,,,,,", u3109 ,m203,,
104570, u3109 ," The guy at the gate's outside...says there's a package...,,,,,,,,,,,,,,,,,,,,,,,,,,,,,,,", u3096 ,m203,,
104571, u3096 ," I tol' you to stay put, Paulie..."",,,,,,,,,,,,,,,,,,,,,,,,,,,,,,,", u3096 ,m203,,
104572, u3096 ," What are you, a dance judge?  Go do your job; take a walk around the neighborhood... see everything is okay."",,,,,,,,,,,,,,,,,,,,,,,,,,,,,,,", u3109 ,m203,,
104573, u3109 ," You look terrif on the floor!,,,,,,,,,,,,,,,,,,,,,,,,,,,,,,,", u3111 ,m203,,
104574, u3111 ," The Tattaglias will guarantee your investment also.,,,,,,,,,,,,,,,,,,,,,,,,,,,,,,,", u3098 ,m203,,
104575, u3098 ," No.,,,,,,,,,,,,,,,,,,,,,,,,,,,,,,,", u3111 ,m203,,
104576, u3111 ," Are you worried about security for your million?,,,,,,,,,,,,,,,,,,,,,,,,,,,,,,,", u3098 ,m203,,
104577, u3098 ," No...how a man makes his living is none of my business.  But this proposition of yours is too risky. All the people in my family lived well the last ten years, I won't risk that out of greed."",,,,,,,,,,,,,,,,,,,,,,,,,,,,,,,", u3111 ,m203,,
104578, u3111 ," If you think two million dollars in cash is just finance, I congratulate you Don Corleone."",,,,,,,,,,,,,,,,,,,,,,,,,,,,,,,", u3098 ,m203,,
104579, u3098 ," So.  I receive 30 per cent just for finance and legal protection.  No worries about operations, is that what you tell me?"",,,,,,,,,,,,,,,,,,,,,,,,,,,,,,,", u3111 ,m203,,
104580, u3111 ," My compliments.  I'll take care of them from my share.,,,,,,,,,,,,,,,,,,,,,,,,,,,,,,,", u3098 ,m203,,
104581, u3098 ," And what is the percentage of the Tattaglia family?,,,,,,,,,,,,,,,,,,,,,,,,,,,,,,,", u3111 ,m203,,
104582, u3111 ," Thirty per cent.  In the first year your share would be four million dollars; then it would go up.,,,,,,,,,,,,,,,,,,,,,,,,,,,,,,,", u3098 ,m203,,
104583, u3098 ," What percentages for my family?,,,,,,,,,,,,,,,,,,,,,,,,,,,,,,,", u3111 ,m203,,
104584, u3111 ," I need two million dollars in cash...more important, I need a friend who has people in high places; a friend who can guarantee that if one of my employees be arrested, they would get only light sentences.  Be my friend."",,,,,,,,,,,,,,,,,,,,,,,,,,,,,,,", u3098 ,m203,,
104585, u3098 ," Why do you come to me?  Why do I deserve your generosity?,,,,,,,,,,,,,,,,,,,,,,,,,,,,,,,", u3111 ,m203,,
104586, u3111 ," My business is heroin, I have poppy fields, laboratories in Narseilles and Sicily, ready to go into production.  My importing methods are as safe as these things can be, about five per cent loss.  The risk is nothing, the profits enormous."",,,,,,,,,,,,,,,,,,,,,,,,,,,,,,,", u3098 ,m203,,
104587, u3098 ," I'll make him an offer he can't refuse.,,,,,,,,,,,,,,,,,,,,,,,,,,,,,,,", u3103 ,m203,,
104588, u3103 ," It's too late.  All the contracts have been signed, they're almost ready to shoot."",,,,,,,,,,,,,,,,,,,,,,,,,,,,,,,", u3098 ,m203,,
104589, u3098 ," You look terrible.  I want you to eat well, to rest.  And spend time with your family.  And then, at the end of the month, this big shot will give you the part you want."",,,,,,,,,,,,,,,,,,,,,,,,,,,,,,,", u3103 ,m203,,
104590, u3103 ," Sure.,,,,,,,,,,,,,,,,,,,,,,,,,,,,,,,", u3098 ,m203,,
104591, u3098 ," You take care of your family?,,,,,,,,,,,,,,,,,,,,,,,,,,,,,,,", u3103 ,m203,,
104592, u3103 ," He owns the studio.  Just a month ago he bought the movie rights to this book, a best seller.  And the main character is a guy just like me.  I wouldn't even have to act, just be myself."",,,,,,,,,,,,,,,,,,,,,,,,,,,,,,,", u3098 ,m203,,
104593, u3098 ," All right, Hollywood...Now tell me about this Hollywood Pezzonovanta who won't let you work."",,,,,,,,,,,,,,,,,,,,,,,,,,,,,,,", u3103 ,m203,,
104594, u3103 ," I'm not rich anymore, Godfather, and...my career, I'm almost washed up..."",,,,,,,,,,,,,,,,,,,,,,,,,,,,,,,", u3098 ,m203,,
104595, u3098 ," Can I do something for you still? You're not too rich, or too famous that I can't help you?"",,,,,,,,,,,,,,,,,,,,,,,,,,,,,,,", u3103 ,m203,,
104596, u3103 ," I kept trying to call you after my divorce and Tom always said you were busy.  When I got the Wedding invitation I knew you weren't sore at me anymore, Godfather."",,,,,,,,,,,,,,,,,,,,,,,,,,,,,,,", u3102 ,m203,,
104597, u3102 ," Maybe I can help.,,,,,,,,,,,,,,,,,,,,,,,,,,,,,,,", u3098 ,m203,,
104598, u3098 ," Tom, I never thought you were a bad Consigliere, I thought Santino a bad Don, rest in peace.  He had a good heart but he wasn't the right man to head the family when I had my misfortune.  Michael has all my confidence, as you do.  For reasons which you can't know, you must have no part in what will happen."",,,,,,,,,,,,,,,,,,,,,,,,,,,,,,,", u3098 ,m203,,
104599, u3098 ," Tattaglia is a pimp.  He could never have outfought Santino.  But I wasn't sure until this day.  No, it was Barzini all along."",,,,,,,,,,,,,,,,,,,,,,,,,,,,,,,", u3102 ,m203,,
104600, u3102 ," He was the one behind Sollozzo?,,,,,,,,,,,,,,,,,,,,,,,,,,,,,,,", u3098 ,m203,,
104601, u3098 ," Barzini.,,,,,,,,,,,,,,,,,,,,,,,,,,,,,,,", u3102 ,m203,,
104602, u3102 ," You mean Tattaglia.,,,,,,,,,,,,,,,,,,,,,,,,,,,,,,,", u3098 ,m203,,
104603, u3098 ," Mention it, don't insist.  Barzini is a man who will know that without being told."",,,,,,,,,,,,,,,,,,,,,,,,,,,,,,,", u3102 ,m203,,
104604, u3102 ," When I meet with Tattaglia's people; should I insist that all his drug middle-men be clean?,,,,,,,,,,,,,,,,,,,,,,,,,,,,,,,", u3098 ,m203,,
104605, u3098 ," Now you've had your drink.,,,,,,,,,,,,,,,,,,,,,,,,,,,,,,,", u3102 ,m203,,
104606, u3102 ," Yes.,,,,,,,,,,,,,,,,,,,,,,,,,,,,,,,", u3098 ,m203,,
104607, u3098 ," But you needed a drink first.,,,,,,,,,,,,,,,,,,,,,,,,,,,,,,,", u3102 ,m203,,
104608, u3102 ," I didn't tell Mama anything.  I was about to come up and wake you and tell you.  Just now.,,,,,,,,,,,,,,,,,,,,,,,,,,,,,,,", u3098 ,m203,,
104609, u3098 ," My wife was weeping before she fell asleep, outside my window I saw my caporegimes to the house, and it is midnight.  So, Consigliere of mine, I think you should tell your Don what everyone knows."",,,,,,,,,,,,,,,,,,,,,,,,,,,,,,,", u3102 ,m203,,
104610, u3102 ," It's from Johnny.  It was announced this morning.  He's going to play the lead in the new Woltz Brothers film.,,,,,,,,,,,,,,,,,,,,,,,,,,,,,,,", u3098 ,m203,,
104611, u3098 ," What is this nonsense?,,,,,,,,,,,,,,,,,,,,,,,,,,,,,,,", u3102 ,m203,,
104612, u3102 ," I've called the hospital; they've notified Consiglere Genco's family to come and wait.  He won't last out the night.,,,,,,,,,,,,,,,,,,,,,,,,,,,,,,,", u3098 ,m203,,
104613, u3098 ," No, give him a living.  But never let him know the family's business. What else, Tom?"",,,,,,,,,,,,,,,,,,,,,,,,,,,,,,,", u3102 ,m203,,
104614, u3102 ," They'll cut the cake in a few minutes...leave right after that. Your new son-in-law, do we give him something important?"",,,,,,,,,,,,,,,,,,,,,,,,,,,,,,,", u3098 ,m203,,
104615, u3098 ," When does my daughter leave with her bridegroom?,,,,,,,,,,,,,,,,,,,,,,,,,,,,,,,", u3102 ,m203,,
104616, u3102 ," It's been two years.  He's probably in trouble again.,,,,,,,,,,,,,,,,,,,,,,,,,,,,,,,", u3098 ,m203,,
104617, u3098 ," No.  Let the people enjoy him.  You see?  He is a good godson.,,,,,,,,,,,,,,,,,,,,,,,,,,,,,,,", u3102 ,m203,,
104618, u3102 ," Should I bring him in.,,,,,,,,,,,,,,,,,,,,,,,,,,,,,,,", u3098 ,m203,,
104619, u3098 ," It is Johnny.  He came all the way from California to be at the wedding.,,,,,,,,,,,,,,,,,,,,,,,,,,,,,,,", u3098 ,m203,,
104620, u3098 ," On a day like this.  Consiglero, do you also have in your notes the the Turk made his living from Prostitution before the war, like the Tattaglias do now.  Write that down before you forget it.  The Turk will wait."",,,,,,,,,,,,,,,,,,,,,,,,,,,,,,,", u3102 ,m203,,
104621, u3102 ," This morning.,,,,,,,,,,,,,,,,,,,,,,,,,,,,,,,", u3098 ,m203,,
104622, u3098 ," When did he call?,,,,,,,,,,,,,,,,,,,,,,,,,,,,,,,", u3102 ,m203,,
104623, u3102 ," Two terms; one in Italy, one in the United States.  He's known to the Government as a top narcotics man. That could be a plus for us; he could never get immunity to testify."",,,,,,,,,,,,,,,,,,,,,,,,,,,,,,,", u3098 ,m203,,
104624, u3098 ," And with prison record.,,,,,,,,,,,,,,,,,,,,,,,,,,,,,,,", u3102 ,m203,,
104625, u3102 ," He's his own boss, and very competent."",,,,,,,,,,,,,,,,,,,,,,,,,,,,,,,", u3102 ,m203,,
104626, u3102 ," The Senator called--apologized for not coming personally, but said you'd understand.  Also, some of the Judges...they've all sent gifts. And another call from Virgil Sollozzo."",,,,,,,,,,,,,,,,,,,,,,,,,,,,,,,", u3098 ,m203,,
104627, u3098 ," I'm sure it's the most generous gift today.,,,,,,,,,,,,,,,,,,,,,,,,,,,,,,,", u3102 ,m203,,
104628, u3102 ," You understand him better than anyone.,,,,,,,,,,,,,,,,,,,,,,,,,,,,,,,", u3098 ,m203,,
104629, u3098 ," Is it necessary?,,,,,,,,,,,,,,,,,,,,,,,,,,,,,,,", u3098 ,m203,,
104630, u3098 ," Good.,,,,,,,,,,,,,,,,,,,,,,,,,,,,,,,", u3105 ,m203,,
104631, u3105 ," Yes.,,,,,,,,,,,,,,,,,,,,,,,,,,,,,,,", u3098 ,m203,,
104632, u3098 ," Your wife and children...you're happy with them?,,,,,,,,,,,,,,,,,,,,,,,,,,,,,,,", u3098 ,m203,,
104633, u3098 ," He will get in touch with you through someone you absolutely trust.  That person will arrange a meeting, guarantee your safety..."",,,,,,,,,,,,,,,,,,,,,,,,,,,,,,,", u3105 ,m203,,
104634, u3105 ," How?,,,,,,,,,,,,,,,,,,,,,,,,,,,,,,,", u3098 ,m203,,
104635, u3098 ," Barzini will move against you first.,,,,,,,,,,,,,,,,,,,,,,,,,,,,,,,", u3098 ,m203,,
104636, u3098 ," There are men in this world who demand to be killed.  They argue in gambling games; they jump out of their cars in a rage if someone so much as scratches their fender. These people wander through the streets calling out """"Kill me, kill me.""""  Luca Brasi was like that. And since he wasn't scared of death, and in fact, looked for it...I made him my weapon.  Because I was the only person in the world that he truly hoped would not kill him.  I think you have done the same with this man."",,,,,,,,,,,,,,,,,,,,,,,,,,,,,,,", u3105 ,m203,,
104637, u3105 ," I'll need him.,,,,,,,,,,,,,,,,,,,,,,,,,,,,,,,", u3098 ,m203,,
104638, u3098 ," I see you have your Luca Brasi.,,,,,,,,,,,,,,,,,,,,,,,,,,,,,,,", u3105 ,m203,,
104639, u3105 ," How did you find out?,,,,,,,,,,,,,,,,,,,,,,,,,,,,,,,", u3098 ,m203,,
104640, u3098 ," I told you that it wouldn't escape his eye.,,,,,,,,,,,,,,,,,,,,,,,,,,,,,,,", u3098 ,m203,,
104641, u3098 ," What else do you believe in?,,,,,,,,,,,,,,,,,,,,,,,,,,,,,,,", u3105 ,m203,,
104642, u3105 ," A man has to choose what he will be. I believe that.,,,,,,,,,,,,,,,,,,,,,,,,,,,,,,,", u3098 ,m203,,
104643, u3098 ," You are like me, we refuse to be fools, to be puppets dancing on a string pulled by other men.  I hoped the time for guns and killing and massacres was over.  That was my misfortune.  That was your misfortune.  I was hunted on the streets of Corleone when I was twelve years old because of who my father was.  I had no choice."",,,,,,,,,,,,,,,,,,,,,,,,,,,,,,,", u3105 ,m203,,
104644, u3105 ," Then why have I become a man like you?,,,,,,,,,,,,,,,,,,,,,,,,,,,,,,,", u3098 ,m203,,
104645, u3098 ," Yes, but sons who would be professors, scientists, musicians...and grandchildren who could be, who knows, a Governor, a President even, nothing's impossible here in America."",,,,,,,,,,,,,,,,,,,,,,,,,,,,,,,", u3105 ,m203,,
104646, u3105 ," You wanted me to be your son.,,,,,,,,,,,,,,,,,,,,,,,,,,,,,,,", u3098 ,m203,,
104647, u3098 ," No, I wanted other things for you."",,,,,,,,,,,,,,,,,,,,,,,,,,,,,,,", u3105 ,m203,,
104648, u3105 ," I could accept everything that's happened; I could accept it, but that I never had a choice.  From the time I was born, you had laid this all out for me."",,,,,,,,,,,,,,,,,,,,,,,,,,,,,,,", u3098 ,m203,,
104649, u3098 ," Accept what's happened, Michael."",,,,,,,,,,,,,,,,,,,,,,,,,,,,,,,", u3105 ,m203,,
104650, u3105 ," I want children, I want a family. But I don't know when."",,,,,,,,,,,,,,,,,,,,,,,,,,,,,,,", u3098 ,m203,,
104651, u3098 ," I understand, Michael.  But you must make a family, you know."",,,,,,,,,,,,,,,,,,,,,,,,,,,,,,,", u3105 ,m203,,
104652, u3105 ," No.,,,,,,,,,,,,,,,,,,,,,,,,,,,,,,,", u3098 ,m203,,
104653, u3098 ," Have you thought about a wife?  A family?,,,,,,,,,,,,,,,,,,,,,,,,,,,,,,,", u3098 ,m203,,
104654, u3098 ," Good.  When you are finished, come and talk to me.  I have hopes for you."",,,,,,,,,,,,,,,,,,,,,,,,,,,,,,,", u3105 ,m203,,
104655, u3105 ," I'm going to finish school.,,,,,,,,,,,,,,,,,,,,,,,,,,,,,,,", u3098 ,m203,,
104656, u3098 ," And now, what do you choose to do?"",,,,,,,,,,,,,,,,,,,,,,,,,,,,,,,", u3105 ,m203,,
104657, u3105 ," I fought for my country.  It was my choice.,,,,,,,,,,,,,,,,,,,,,,,,,,,,,,,", u3098 ,m203,,
104658, u3098 ," What miracles you do for strangers.,,,,,,,,,,,,,,,,,,,,,,,,,,,,,,,", u3105 ,m203,,
104659, u3105 ," For killing a man.,,,,,,,,,,,,,,,,,,,,,,,,,,,,,,,", u3098 ,m203,,
104660, u3098 ," And this?,,,,,,,,,,,,,,,,,,,,,,,,,,,,,,,", u3105 ,m203,,
104661, u3105 ," For bravery.,,,,,,,,,,,,,,,,,,,,,,,,,,,,,,,", u3098 ,m203,,
104662, u3098 ," What was this for?,,,,,,,,,,,,,,,,,,,,,,,,,,,,,,,", u3105 ,m203,,
104663, u3105 ," Tom said he'd take care of it.,,,,,,,,,,,,,,,,,,,,,,,,,,,,,,,", u3098 ,m203,,
104664, u3098 ," Will your girl friend get back to the city all right?,,,,,,,,,,,,,,,,,,,,,,,,,,,,,,,", u3107 ,m203,,
104665, u3107 ," An Act of Congress!,,,,,,,,,,,,,,,,,,,,,,,,,,,,,,,", u3098 ,m203,,
104666, u3098 ," Tom, what we need is an Act of Congress to allow Enzo to become a citizen."",,,,,,,,,,,,,,,,,,,,,,,,,,,,,,,", u3107 ,m203,,
104667, u3107 ," Godfather, you understand everything."",,,,,,,,,,,,,,,,,,,,,,,,,,,,,,,", u3098 ,m203,,
104668, u3098 ," You want him to stay in this country.,,,,,,,,,,,,,,,,,,,,,,,,,,,,,,,", u3107 ,m203,,
104669, u3107 ," Now that the war is over, Enzo, this boy is being repatriated to Italy.  And you see, Godfather...  He...my daughter...they..."",,,,,,,,,,,,,,,,,,,,,,,,,,,,,,,", u3098 ,m203,,
104670, u3098 ," Nazorine, my friend, tell me what I can do."",,,,,,,,,,,,,,,,,,,,,,,,,,,,,,,", u3107 ,m203,,
104671, u3107 ," ...a fine boy from Sicily, captured by the American Army, and sent to New Jersey as a prisoner of war..."",,,,,,,,,,,,,,,,,,,,,,,,,,,,,,,", u3099 ,m203,,
104672, u3099 ," Bad news from America.  Your brother, Santino.  He has been killed."",,,,,,,,,,,,,,,,,,,,,,,,,,,,,,,", u3105 ,m203,,
104673, u3105 ," What is it?,,,,,,,,,,,,,,,,,,,,,,,,,,,,,,,", u3099 ,m203,,
104674, u3099 ," Even so, I don't think it is safe here anymore.  I've made plans to move you to a villa near Siracuse. You must go right away."",,,,,,,,,,,,,,,,,,,,,,,,,,,,,,,", u3105 ,m203,,
104675, u3105 ," Is that why there are more men on the walls?,,,,,,,,,,,,,,,,,,,,,,,,,,,,,,,", u3099 ,m203,,
104676, u3099 ," The younger men have no respect. Things are changing; I don't know what will happen.  Michael, because of the wedding, people now know your name."",,,,,,,,,,,,,,,,,,,,,,,,,,,,,,,", u3105 ,m203,,
104677, u3105 ," Things went badly in Palermo?,,,,,,,,,,,,,,,,,,,,,,,,,,,,,,,", u3105 ,m203,,
104678, u3105 ," No...I would like to walk to Corleone.,,,,,,,,,,,,,,,,,,,,,,,,,,,,,,,", u3099 ,m203,,
104679, u3099 ," That is your birthright...but Michael, use this car."",,,,,,,,,,,,,,,,,,,,,,,,,,,,,,,", u3105 ,m203,,
104680, u3105 ," Don Tommassino...I should see this place.,,,,,,,,,,,,,,,,,,,,,,,,,,,,,,,", u3099 ,m203,,
104681, u3099 ," Long ago.  Now there is nothing: the men killed each other in family vendettas...the others escaped to America.,,,,,,,,,,,,,,,,,,,,,,,,,,,,,,,", u3105 ,m203,,
104682, u3105 ," I was told that my Grandfather was murdered on its main street; and his murderers came to kill my father there when he was twelve years old.,,,,,,,,,,,,,,,,,,,,,,,,,,,,,,,", u3099 ,m203,,
104683, u3099 ," There is nothing there.  Not anymore.,,,,,,,,,,,,,,,,,,,,,,,,,,,,,,,", u3105 ,m203,,
104684, u3105 ," Corleone.,,,,,,,,,,,,,,,,,,,,,,,,,,,,,,,", u3099 ,m203,,
104685, u3099 ," Where are you going?,,,,,,,,,,,,,,,,,,,,,,,,,,,,,,,", u3105 ,m203,,
104686, u3105 ," I know.,,,,,,,,,,,,,,,,,,,,,,,,,,,,,,,", u3099 ,m203,,
104687, u3099 ," You must understand that your Father's enemies have friends in Palermo.,,,,,,,,,,,,,,,,,,,,,,,,,,,,,,,", u3105 ,m203,,
104688, u3105 ," Calo and Fabrizzio are with me; nothing will happen.,,,,,,,,,,,,,,,,,,,,,,,,,,,,,,,", u3099 ,m203,,
104689, u3099 ," Michael, why must you do this.  We have been lucky so far, all these months you've been here we've kept your name a secret.  It is from love for your father that I've asked you never to more than an hour from the Villa."",,,,,,,,,,,,,,,,,,,,,,,,,,,,,,,", u3105 ,m203,,
104690, u3105 ," Don Tommassino.,,,,,,,,,,,,,,,,,,,,,,,,,,,,,,,", u3105 ,m203,,
104691, u3105 ," No, she's going home to her family. She'll join me in a few weeks..."",,,,,,,,,,,,,,,,,,,,,,,,,,,,,,,", u3100 ,m203,,
104692, u3100 ," Calo is having a cup of coffee in the kitchen.  Is your wife coming with you?,,,,,,,,,,,,,,,,,,,,,,,,,,,,,,,", u3105 ,m203,,
104693, u3105 ," Get the car.  I'll be leaving in ten minutes.  Where's Calo?,,,,,,,,,,,,,,,,,,,,,,,,,,,,,,,", u3105 ,m203,,
104694, u3105 ," Shhhhh.,,,,,,,,,,,,,,,,,,,,,,,,,,,,,,,", u3100 ,m203,,
104695, u3100 ," Hey, beautiful girls!"",,,,,,,,,,,,,,,,,,,,,,,,,,,,,,,", u3100 ,m203,,
104696, u3100 ," Take me to America!  You need a good lupara in America?  You take me, I'll be the best man you got.  """"Oh say, can you seeee...By da star early light..."""""",,,,,,,,,,,,,,,,,,,,,,,,,,,,,,,", u3105 ,m203,,
104697, u3105 ," Yes.,,,,,,,,,,,,,,,,,,,,,,,,,,,,,,,", u3100 ,m203,,
104698, u3100 ," Hey America!  Is she as rich as they say?,,,,,,,,,,,,,,,,,,,,,,,,,,,,,,,", u3105 ,m203,,
104699, u3105 ," Only the son of a Pezzonovanta.,,,,,,,,,,,,,,,,,,,,,,,,,,,,,,,", u3100 ,m203,,
104700, u3100 ," We hear.  We were told you were a Pezzonovanta...big shot.,,,,,,,,,,,,,,,,,,,,,,,,,,,,,,,", u3105 ,m203,,
104701, u3105 ," How do you know I come from America?,,,,,,,,,,,,,,,,,,,,,,,,,,,,,,,", u3100 ,m203,,
104702, u3100 ," You tell us about America.,,,,,,,,,,,,,,,,,,,,,,,,,,,,,,,", u3114 ,m203,,
104703, u3114 ," Come Sunday morning:  My name is Vitelli and my house is up there on the hill, above the village."",,,,,,,,,,,,,,,,,,,,,,,,,,,,,,,", u3100 ,m203,,
104704, u3100 ," It's the real Thunderbolt, then."",,,,,,,,,,,,,,,,,,,,,,,,,,,,,,,", u3100 ,m203,,
104705, u3100 ," And hair.  Black and curly, like a doll.  And such a mouth."",,,,,,,,,,,,,,,,,,,,,,,,,,,,,,,", u3114 ,m203,,
104706, u3114 ," Beautiful all over, eh?"",,,,,,,,,,,,,,,,,,,,,,,,,,,,,,,", u3100 ,m203,,
104707, u3100 ," This was a beauty.  Right, Calo?"",,,,,,,,,,,,,,,,,,,,,,,,,,,,,,,", u3114 ,m203,,
104708, u3114 ," I know about what you mean!,,,,,,,,,,,,,,,,,,,,,,,,,,,,,,,", u3100 ,m203,,
104709, u3100 ," This one could seduce the devil.  A body! and eyes as big and black as olives.,,,,,,,,,,,,,,,,,,,,,,,,,,,,,,,", u3114 ,m203,,
104710, u3114 ," You had better bring a few bottles home with you, my friend; you'll need help sleeping tonight. "",,,,,,,,,,,,,,,,,,,,,,,,,,,,,,,", u3105 ,m203,,
104711, u3105 ," The Don has semi-retired.  I'm running the Family business now. So anything you have to say, say it to me."",,,,,,,,,,,,,,,,,,,,,,,,,,,,,,,", u3101 ,m203,,
104712, u3101 ," Tom, you're the Consigliere; you can talk to the Don and advise him."",,,,,,,,,,,,,,,,,,,,,,,,,,,,,,,", u3105 ,m203,,
104713, u3105 ," I'll make him an offer he can't refuse.,,,,,,,,,,,,,,,,,,,,,,,,,,,,,,,", u3101 ,m203,,
104714, u3101 ," Mike, you sure about Moe selling. He never mentioned it to me and he loves the business."",,,,,,,,,,,,,,,,,,,,,,,,,,,,,,,", u3105 ,m203,,
104715, u3105 ," Get rid of them...,,,,,,,,,,,,,,,,,,,,,,,,,,,,,,,", u3101 ,m203,,
104716, u3101 ," Mike!,,,,,,,,,,,,,,,,,,,,,,,,,,,,,,,", u3105 ,m203,,
104717, u3105 ," Give them some money and send them home.,,,,,,,,,,,,,,,,,,,,,,,,,,,,,,,", u3101 ,m203,,
104718, u3101 ," That's for you to find out.,,,,,,,,,,,,,,,,,,,,,,,,,,,,,,,", u3105 ,m203,,
104719, u3105 ," Who are those girls?,,,,,,,,,,,,,,,,,,,,,,,,,,,,,,,", u3105 ,m203,,
104720, u3105 ," Come here a minute, Fredo."",,,,,,,,,,,,,,,,,,,,,,,,,,,,,,,", u3101 ,m203,,
104721, u3101 ," Mike!  The party starting!,,,,,,,,,,,,,,,,,,,,,,,,,,,,,,,", u3105 ,m203,,
104722, u3105 ," No.,,,,,,,,,,,,,,,,,,,,,,,,,,,,,,,", u3101 ,m203,,
104723, u3101 ," Ever seen anything like that before?,,,,,,,,,,,,,,,,,,,,,,,,,,,,,,,", u3105 ,m203,,
104724, u3105 ," You look good, too."",,,,,,,,,,,,,,,,,,,,,,,,,,,,,,,", u3101 ,m203,,
104725, u3101 ," You look wonderful, kid; really wonderful.  That doctor did some job on your face."",,,,,,,,,,,,,,,,,,,,,,,,,,,,,,,", u3101 ,m203,,
104726, u3101 ," He had business at the hotel, but he'll drop in for dinner."",,,,,,,,,,,,,,,,,,,,,,,,,,,,,,,", u3105 ,m203,,
104727, u3105 ," Why didn't Moe Green meet us at the airport?,,,,,,,,,,,,,,,,,,,,,,,,,,,,,,,", u3112 ,m203,,
104728, u3112 ," Well it's war!  We might not be in this shape if we had a real war- time Consiglere, a Sicilian.  Pop had Genco, who do I have?  Hey Tom, hey...hey.  It's Sunday, we're gonna have dinner.  Don't be sore."",,,,,,,,,,,,,,,,,,,,,,,,,,,,,,,", u3102 ,m203,,
104729, u3102 ," Yes.  That's true, you're getting a hell of a reputation."",,,,,,,,,,,,,,,,,,,,,,,,,,,,,,,", u3112 ,m203,,
104730, u3112 ," No more stalemate Tom, we got the soldiers, we'll match them gun for gun if that's how they want it. They know me for what I am, Tom-- and they're scared of me."",,,,,,,,,,,,,,,,,,,,,,,,,,,,,,,", u3102 ,m203,,
104731, u3102 ," You start operating, the five families will start their raids again.  We're at a stalemate Sonny, your war is costing us a lot of money."",,,,,,,,,,,,,,,,,,,,,,,,,,,,,,,", u3112 ,m203,,
104732, u3112 ," We'll let the old man take it easy for a couple of weeks.  I want to get things going good before he gets better.  What's the matter with you?,,,,,,,,,,,,,,,,,,,,,,,,,,,,,,,", u3102 ,m203,,
104733, u3102 ," We put out a lot of material through our contacts in the Newspapers...about McCluskey's being tied up with Sollozzo in the Drug Rackets...things are starting to loosen up.,,,,,,,,,,,,,,,,,,,,,,,,,,,,,,,", u3112 ,m203,,
104734, u3112 ," Pop, they hit us and we hit them back."",,,,,,,,,,,,,,,,,,,,,,,,,,,,,,,", u3112 ,m203,,
104735, u3112 ," Can you do it Mike?,,,,,,,,,,,,,,,,,,,,,,,,,,,,,,,", u3102 ,m203,,
104736, u3102 ," Jesus, I don't know..."",,,,,,,,,,,,,,,,,,,,,,,,,,,,,,,", u3102 ,m203,,
104737, u3102 ," No.  Our informer in McCluskey's precinct.  Tonight at 8:00 he signed out for Louis' Restaurant in the Bronx.  Anyone know it.,,,,,,,,,,,,,,,,,,,,,,,,,,,,,,,", u3112 ,m203,,
104738, u3112 ," One of Tattaglia's people?,,,,,,,,,,,,,,,,,,,,,,,,,,,,,,,", u3112 ,m203,,
104739, u3112 ," McCluskey can't stay with the Turk forever.  We'll wait.,,,,,,,,,,,,,,,,,,,,,,,,,,,,,,,", u3102 ,m203,,
104740, u3102 ," I found out about this Captain McCluskey who broke Mike's jaw. He's definitely on Sollozzo's payroll, and for big money. McCluskey's agreed to be the Turk's bodyguard.  What you have to understand is that while Sollozzo is guarded like this, he's invulnerable.  Nobody has ever gunned down a New York Police Captain.  Never.  It would be disastrous.  All the five families would come after you Sonny; the Corleone family would be outcasts; even the old man's political protection would run for cover.  So just...take that into consideration."",,,,,,,,,,,,,,,,,,,,,,,,,,,,,,,", u3112 ,m203,,
104741, u3112 ," No no, no more advice on how to patch it up Tom.  You just help me win.  Understood?"",,,,,,,,,,,,,,,,,,,,,,,,,,,,,,,", u3102 ,m203,,
104742, u3102 ," Yes, even the shooting of your father was business, not personal..."",,,,,,,,,,,,,,,,,,,,,,,,,,,,,,,", u3112 ,m203,,
104743, u3112 ," And when they shot me father...,,,,,,,,,,,,,,,,,,,,,,,,,,,,,,,", u3102 ,m203,,
104744, u3102 ," Come ON Sonny, your father wouldn't want to hear this.  This is not a personal thing, this is Business."",,,,,,,,,,,,,,,,,,,,,,,,,,,,,,,", u3112 ,m203,,
104745, u3112 ," Then THEY hand me Sollozzo.,,,,,,,,,,,,,,,,,,,,,,,,,,,,,,,", u3102 ,m203,,
104746, u3102 ," The other families won't sit still for all out war.,,,,,,,,,,,,,,,,,,,,,,,,,,,,,,,", u3112 ,m203,,
104747, u3112 ," No, no Consiglere.  Not this time. No more meetings, no more discussions, no more Sollozzo tricks.  Give them one message: I WANT SOLLOZZO.  If not, it's all out war.  We go to the mattresses and we put all the button men out on the street."",,,,,,,,,,,,,,,,,,,,,,,,,,,,,,,", u3102 ,m203,,
104748, u3102 ," We should hear what they have to say.,,,,,,,,,,,,,,,,,,,,,,,,,,,,,,,", u3112 ,m203,,
104749, u3112 ," Part of the deal: Bruno cancels out what they did to my father.,,,,,,,,,,,,,,,,,,,,,,,,,,,,,,,", u3102 ,m203,,
104750, u3102 ," What about that Tattaglias?  What will they do about Bruno?,,,,,,,,,,,,,,,,,,,,,,,,,,,,,,,", u3112 ,m203,,
104751, u3112 ," Sure, he wants us to send Mike to meet him to hear his proposition. The promise is the deal will be so good we can't refuse."",,,,,,,,,,,,,,,,,,,,,,,,,,,,,,,", u3102 ,m203,,
104752, u3102 ," Was there a definite proposal?,,,,,,,,,,,,,,,,,,,,,,,,,,,,,,,", u3112 ,m203,,
104753, u3112 ," OK forget it, just stay on the phone."",,,,,,,,,,,,,,,,,,,,,,,,,,,,,,,", u3102 ,m203,,
104754, u3102 ," Maybe Mike shouldn't get mixed up in this so directly.  You know the old man doesn't want that.,,,,,,,,,,,,,,,,,,,,,,,,,,,,,,,", u3112 ,m203,,
104755, u3112 ," OK, we sit tight until the old man can give us the lead.  But Tom, I want you to stay inside the Mall. You too, Mike, no chances.  Tessio, you hold your people in reserve, but have them nosing around the city.  The hospital is yours; I want it tight, fool-proof, 24 hours a day."",,,,,,,,,,,,,,,,,,,,,,,,,,,,,,,", u3102 ,m203,,
104756, u3102 ," We're all tired...,,,,,,,,,,,,,,,,,,,,,,,,,,,,,,,", u3112 ,m203,,
104757, u3112 ," Oh Christ Tom, I didn't mean it that way."",,,,,,,,,,,,,,,,,,,,,,,,,,,,,,,", u3102 ,m203,,
104758, u3102 ," I was as good a son to him as you or Mike.,,,,,,,,,,,,,,,,,,,,,,,,,,,,,,,", u3112 ,m203,,
104759, u3112 ," That's easy to say; it's not your father.,,,,,,,,,,,,,,,,,,,,,,,,,,,,,,,", u3102 ,m203,,
104760, u3102 ," Without your father's political contacts and personal influence, the Corleone family loses half its strength.  Without your father, the other New York families might wind up supporting Sollozzo, and the Tattaglias just to make sure there isn't a long destructive war.  The old days are over, this is 1946; nobody wants bloodshed anymore.  If your father dies...make the deal, Sonny."",,,,,,,,,,,,,,,,,,,,,,,,,,,,,,,", u3112 ,m203,,
104761, u3112 ," Tom, you're the Consigliere, what do we do if the old man dies?"",,,,,,,,,,,,,,,,,,,,,,,,,,,,,,,", u3102 ,m203,,
104762, u3102 ," Luca never sleeps over with a broad. He always goes home when he's through.  Mike, keep ringing Luca's number."",,,,,,,,,,,,,,,,,,,,,,,,,,,,,,,", u3112 ,m203,,
104763, u3112 ," No, and I've been calling all night. Maybe he's shacked up."",,,,,,,,,,,,,,,,,,,,,,,,,,,,,,,", u3102 ,m203,,
104764, u3102 ," Has anyone been able to get in touch with him?,,,,,,,,,,,,,,,,,,,,,,,,,,,,,,,", u3112 ,m203,,
104765, u3112 ," If Luca sold out we're in real trouble.,,,,,,,,,,,,,,,,,,,,,,,,,,,,,,,", u3102 ,m203,,
104766, u3102 ," What about Luca?  Sollozzo didn't seem worried about Luca.  That worries me.,,,,,,,,,,,,,,,,,,,,,,,,,,,,,,,", u3112 ,m203,,
104767, u3112 ," The cops have it locked in and I got my people there visiting Pop all the time.  What about the hit list.,,,,,,,,,,,,,,,,,,,,,,,,,,,,,,,", u3102 ,m203,,
104768, u3102 ," Is the hospital covered?,,,,,,,,,,,,,,,,,,,,,,,,,,,,,,,", u3112 ,m203,,
104769, u3112 ," Okay.  One minute.,,,,,,,,,,,,,,,,,,,,,,,,,,,,,,,", u3102 ,m203,,
104770, u3102 ," The old man wants you; Johnny's here...he's got a problem.,,,,,,,,,,,,,,,,,,,,,,,,,,,,,,,", u3102 ,m203,,
104771, u3102 ," Mama, no."",,,,,,,,,,,,,,,,,,,,,,,,,,,,,,,", u3104 ,m203,,
104772, u3104 ," Will you give this letter to Michael.,,,,,,,,,,,,,,,,,,,,,,,,,,,,,,,", u3102 ,m203,,
104773, u3102 ," If I accept that letter and you told a Court of Law I accepted it, they would interpret it as my having knowledge of his whereabouts. Just wait Kay, he'll contact you."",,,,,,,,,,,,,,,,,,,,,,,,,,,,,,,", u3104 ,m203,,
104774, u3104 ," Will you give this to him.,,,,,,,,,,,,,,,,,,,,,,,,,,,,,,,", u3104 ,m203,,
104775, u3104 ," Listen Tom, I let my cab go; can I come in to call another one?"",,,,,,,,,,,,,,,,,,,,,,,,,,,,,,,", u3102 ,m203,,
104776, u3102 ," An accident.  No one was hurt.,,,,,,,,,,,,,,,,,,,,,,,,,,,,,,,", u3104 ,m203,,
104777, u3104 ," What was that?,,,,,,,,,,,,,,,,,,,,,,,,,,,,,,,", u3102 ,m203,,
104778, u3102 ," Nobody knows where he is.  We know he's all right, but that's all."",,,,,,,,,,,,,,,,,,,,,,,,,,,,,,,", u3104 ,m203,,
104779, u3104 ," I've tried calling and writing.  I want to reach Michael.,,,,,,,,,,,,,,,,,,,,,,,,,,,,,,,", u3102 ,m203,,
104780, u3102 ," Kay, we weren't expecting you.  You should call..."",,,,,,,,,,,,,,,,,,,,,,,,,,,,,,,", u3111 ,m203,,
104781, u3111 ," Good...then you can go...  I don't like violence.  I'm a businessman, and blood is a big expense."",,,,,,,,,,,,,,,,,,,,,,,,,,,,,,,", u3102 ,m203,,
104782, u3102 ," I'll try...It's what the Don would want us to do.,,,,,,,,,,,,,,,,,,,,,,,,,,,,,,,", u3111 ,m203,,
104783, u3111 ," I'll worry about Luca.  You take care of Sonny and the other two kids.,,,,,,,,,,,,,,,,,,,,,,,,,,,,,,,", u3102 ,m203,,
104784, u3102 ," Even Sonny won't be able to call off Luca Brasi.,,,,,,,,,,,,,,,,,,,,,,,,,,,,,,,", u3111 ,m203,,
104785, u3111 ," The Don was slipping; in the old days I could never have gotten to him.  Now he's dead, nothing can bring him back.  Talk to Sonny, talk to the Caporegimes, Clemenza and Tessio...it's good business."",,,,,,,,,,,,,,,,,,,,,,,,,,,,,,,", u3102 ,m203,,
104786, u3102 ," Sonny will come after you with everything he's got.,,,,,,,,,,,,,,,,,,,,,,,,,,,,,,,", u3111 ,m203,,
104787, u3111 ," Sonny was hot for my deal, right? You know it's the smart thing to do, too.  I want you to talk Sonny into it."",,,,,,,,,,,,,,,,,,,,,,,,,,,,,,,", u3116 ,m203,,
104788, u3116 ," Okay my Kraut-Mick friend, Johnny will never get that part because I hate that pinko punk and I'm going to run him out of the Movies.  And I'll tell you why.  He ruined one of Woltz Brothers' most valuable proteges.  For five years I had this girl under training; singing lessons!  Acting lessons!  Dancing lessons!  We spent hundreds of thousands of dollars--I was going to make her a star.  I'll be even more frank, just to show you that I'm not a hard-hearted man, that it wasn't all dollars and cents.  That girl was beautiful and young and innocent and she was the greatest piece of ass I've ever ad and I've had them all over the world.  Then Johnny comes along with that olive oil voice and guinea charm and she runs off.  She threw it all away to make me look ridiculous.  A MAN IN MY POSITION CANNOT AFFORD TO BE MADE TO LOOK RIDICULOUS!"",,,,,,,,,,,,,,,,,,,,,,,,,,,,,,,", u3102 ,m203,,
104789, u3102 ," I'm German-Irish.,,,,,,,,,,,,,,,,,,,,,,,,,,,,,,,", u3116 ,m203,,
104790, u3116 ," You smooth son of a bitch, let me lay it on the line for you, and your boss.  Johnny Fontane never gets that movie.  I don't care how many Dago, Guinea, wop Greaseball Goombahs come out of the woodwork!"",,,,,,,,,,,,,,,,,,,,,,,,,,,,,,,", u3102 ,m203,,
104791, u3102 ," He never asks a second favor when he has been refused the first. Understood?,,,,,,,,,,,,,,,,,,,,,,,,,,,,,,,", u3116 ,m203,,
104792, u3116 ," Okay, but just tell him this is one favor I can't give.  But he should try me again on anything else."",,,,,,,,,,,,,,,,,,,,,,,,,,,,,,,", u3102 ,m203,,
104793, u3102 ," Mr. Corleone is Johnny's Godfather. That is very close, a very sacred religious relationship."",,,,,,,,,,,,,,,,,,,,,,,,,,,,,,,", u3105 ,m203,,
104794, u3105 ," A week from tonight.  In Brooklyn on Tessio's ground, where I'll be safe."",,,,,,,,,,,,,,,,,,,,,,,,,,,,,,,", u3102 ,m203,,
104795, u3102 ," Have you agreed on a meeting?,,,,,,,,,,,,,,,,,,,,,,,,,,,,,,,", u3105 ,m203,,
104796, u3105 ," I know now.  I'll make them call me Don.,,,,,,,,,,,,,,,,,,,,,,,,,,,,,,,", u3102 ,m203,,
104797, u3102 ," How will they come at you?,,,,,,,,,,,,,,,,,,,,,,,,,,,,,,,", u3105 ,m203,,
104798, u3105 ," Not all...I needed another four months and I would have had them all.  I guess you've figured it all out?,,,,,,,,,,,,,,,,,,,,,,,,,,,,,,,", u3102 ,m203,,
104799, u3102 ," Did he give you his politicians?,,,,,,,,,,,,,,,,,,,,,,,,,,,,,,,", u3105 ,m203,,
104800, u3105 ," Christ, Tom; I needed more time with him.  I really needed him."",,,,,,,,,,,,,,,,,,,,,,,,,,,,,,,", u3102 ,m203,,
104801, u3102 ," OK, but then I agree with Tessio. You're going about it all wrong; you're making the move out of weakness... Barzini's a wolf, and if he tears you apart, the other families won't come running to help the Corleones..."",,,,,,,,,,,,,,,,,,,,,,,,,,,,,,,", u3105 ,m203,,
104802, u3105 ," You're not a wartime Consigliere. Things may get tough with the move we're trying.,,,,,,,,,,,,,,,,,,,,,,,,,,,,,,,", u3102 ,m203,,
104803, u3102 ," Mike, why am I out?"",,,,,,,,,,,,,,,,,,,,,,,,,,,,,,,", u3105 ,m203,,
104804, u3105 ," Not so perfectly if you noticed.,,,,,,,,,,,,,,,,,,,,,,,,,,,,,,,", u3102 ,m203,,
104805, u3102 ," Bookkeepers know everything. Rocco's men are all a little too good for the jobs they're supposed to be doing.  They get a little more money than the job's worth.  Lampone's a good man; he's operating perfectly.,,,,,,,,,,,,,,,,,,,,,,,,,,,,,,,", u3102 ,m203,,
104806, u3102 ," I'm not talking about that.  I'm talking about Rocco Lampone building a secret regime.  Why does Neri report directly to you, rather than through me or a caporegime?"",,,,,,,,,,,,,,,,,,,,,,,,,,,,,,,", u3105 ,m203,,
104807, u3105 ," Tom, we're going to be legitimate all the way, and you're the legal man.  What could be more important than that."",,,,,,,,,,,,,,,,,,,,,,,,,,,,,,,", u3102 ,m203,,
104808, u3102 ," Mike, why are you cutting me out of the action?"",,,,,,,,,,,,,,,,,,,,,,,,,,,,,,,", u3105 ,m203,,
104809, u3105 ," Let's say now that we have to kill McCluskey.  We'll clear that up through our Newspaper contacts later.,,,,,,,,,,,,,,,,,,,,,,,,,,,,,,,", u3102 ,m203,,
104810, u3102 ," What about McCluskey?,,,,,,,,,,,,,,,,,,,,,,,,,,,,,,,", u3102 ,m203,,
104811, u3102 ," Right.,,,,,,,,,,,,,,,,,,,,,,,,,,,,,,,", u3105 ,m203,,
104812, u3105 ," No.  I guess I'll see you Christmas. Everyone's going to be out at Long Beach, right?"",,,,,,,,,,,,,,,,,,,,,,,,,,,,,,,", u3102 ,m203,,
104813, u3102 ," Sure.  Anything I can do for you.,,,,,,,,,,,,,,,,,,,,,,,,,,,,,,,", u3105 ,m203,,
104814, u3105 ," Thanks Tom.,,,,,,,,,,,,,,,,,,,,,,,,,,,,,,,", u3102 ,m203,,
104815, u3102 ," Hello Kay.  Your father's inside, doing some business.  He's been asking for you."",,,,,,,,,,,,,,,,,,,,,,,,,,,,,,,", u3104 ,m203,,
104816, u3104 ," Is it true?,,,,,,,,,,,,,,,,,,,,,,,,,,,,,,,", u3105 ,m203,,
104817, u3105 ," All right, this one time I'll let you ask about my affairs, one last time."",,,,,,,,,,,,,,,,,,,,,,,,,,,,,,,", u3104 ,m203,,
104818, u3104 ," Tell me!,,,,,,,,,,,,,,,,,,,,,,,,,,,,,,,", u3105 ,m203,,
104819, u3105 ," Don't ask me.,,,,,,,,,,,,,,,,,,,,,,,,,,,,,,,", u3104 ,m203,,
104820, u3104 ," Michael, it's not true.  Please tell me."",,,,,,,,,,,,,,,,,,,,,,,,,,,,,,,", u3105 ,m203,,
104821, u3105 ," Let me think about it, O.K.?"",,,,,,,,,,,,,,,,,,,,,,,,,,,,,,,", u3104 ,m203,,
104822, u3104 ," Will you?,,,,,,,,,,,,,,,,,,,,,,,,,,,,,,,", u3104 ,m203,,
104823, u3104 ," Connie and Carlo want you to be godfather to their little boy.,,,,,,,,,,,,,,,,,,,,,,,,,,,,,,,", u3105 ,m203,,
104824, u3105 ," I'm busy.,,,,,,,,,,,,,,,,,,,,,,,,,,,,,,,", u3104 ,m203,,
104825, u3104 ," Why are you so cold to her and Carlo?  They live with us on the Mall now, but you never get close to them."",,,,,,,,,,,,,,,,,,,,,,,,,,,,,,,", u3105 ,m203,,
104826, u3105 ," Let HER ask.,,,,,,,,,,,,,,,,,,,,,,,,,,,,,,,", u3104 ,m203,,
104827, u3104 ," Your sister wants to ask you something.,,,,,,,,,,,,,,,,,,,,,,,,,,,,,,,", u3104 ,m203,,
104828, u3104 ," Wake me up when you come to bed?,,,,,,,,,,,,,,,,,,,,,,,,,,,,,,,", u3105 ,m203,,
104829, u3105 ," No, you eat...don't wait up for me."",,,,,,,,,,,,,,,,,,,,,,,,,,,,,,,", u3104 ,m203,,
104830, u3104 ," Don't you want dinner first?,,,,,,,,,,,,,,,,,,,,,,,,,,,,,,,", u3105 ,m203,,
104831, u3105 ," We'll go to the show tomorrow night--we can change the tickets.,,,,,,,,,,,,,,,,,,,,,,,,,,,,,,,", u3104 ,m203,,
104832, u3104 ," Oh Michael.,,,,,,,,,,,,,,,,,,,,,,,,,,,,,,,", u3105 ,m203,,
104833, u3105 ," I have to see my father and his people when we get back to the Mall.,,,,,,,,,,,,,,,,,,,,,,,,,,,,,,,", u3105 ,m203,,
104834, u3105 ," Goodbye.,,,,,,,,,,,,,,,,,,,,,,,,,,,,,,,", u3104 ,m203,,
104835, u3104 ," When will I see you again?,,,,,,,,,,,,,,,,,,,,,,,,,,,,,,,", u3105 ,m203,,
104836, u3105 ," I want you to go back to New Hampshire...think things over.,,,,,,,,,,,,,,,,,,,,,,,,,,,,,,,", u3104 ,m203,,
104837, u3104 ," When will I see you again?,,,,,,,,,,,,,,,,,,,,,,,,,,,,,,,", u3105 ,m203,,
104838, u3105 ," I don't think so either.  I better go.,,,,,,,,,,,,,,,,,,,,,,,,,,,,,,,", u3104 ,m203,,
104839, u3104 ," My parents don't read the Daily News.  All right, if you think I shouldn't.  I can't believe the things the papers are printing. I'm sure most of it's not true."",,,,,,,,,,,,,,,,,,,,,,,,,,,,,,,", u3105 ,m203,,
104840, u3105 ," I don't think so.  You don't want to end up on page 3 of the Daily News.,,,,,,,,,,,,,,,,,,,,,,,,,,,,,,,", u3104 ,m203,,
104841, u3104 ," Can I go to the hospital with you?,,,,,,,,,,,,,,,,,,,,,,,,,,,,,,,", u3105 ,m203,,
104842, u3105 ," Visiting hour ends at eight thirty. I'll just sit with him; I want to show respect.,,,,,,,,,,,,,,,,,,,,,,,,,,,,,,,", u3104 ,m203,,
104843, u3104 ," OK. ,,,,,,,,,,,,,,,,,,,,,,,,,,,,,,,", u3105 ,m203,,
104844, u3105 ," Look.  I'll see you tonight, OK?"",,,,,,,,,,,,,,,,,,,,,,,,,,,,,,,", u3104 ,m203,,
104845, u3104 ," Please say it.,,,,,,,,,,,,,,,,,,,,,,,,,,,,,,,", u3105 ,m203,,
104846, u3105 ," I can't...,,,,,,,,,,,,,,,,,,,,,,,,,,,,,,,", u3104 ,m203,,
104847, u3104 ," Tell me you love me.,,,,,,,,,,,,,,,,,,,,,,,,,,,,,,,", u3105 ,m203,,
104848, u3105 ," Huh?,,,,,,,,,,,,,,,,,,,,,,,,,,,,,,,", u3104 ,m203,,
104849, u3104 ," Can you say it?,,,,,,,,,,,,,,,,,,,,,,,,,,,,,,,", u3105 ,m203,,
104850, u3105 ," Yeah Kay, I'm here."",,,,,,,,,,,,,,,,,,,,,,,,,,,,,,,", u3104 ,m203,,
104851, u3104 ," I LOVE YOU.,,,,,,,,,,,,,,,,,,,,,,,,,,,,,,,", u3104 ,m203,,
104852, u3104 ," I love you.,,,,,,,,,,,,,,,,,,,,,,,,,,,,,,,", u3105 ,m203,,
104853, u3105 ," He'll be OK.,,,,,,,,,,,,,,,,,,,,,,,,,,,,,,,", u3104 ,m203,,
104854, u3104 ," How is your father?,,,,,,,,,,,,,,,,,,,,,,,,,,,,,,,", u3105 ,m203,,
104855, u3105 ," Hello.  Kay?,,,,,,,,,,,,,,,,,,,,,,,,,,,,,,,", u3105 ,m203,,
104856, u3105 ," No, I would not like you better if you were Ingrid Bergman."",,,,,,,,,,,,,,,,,,,,,,,,,,,,,,,", u3104 ,m203,,
104857, u3104 ," Michael...,,,,,,,,,,,,,,,,,,,,,,,,,,,,,,,", u3105 ,m203,,
104858, u3105 ," I'm thinking about it.,,,,,,,,,,,,,,,,,,,,,,,,,,,,,,,", u3104 ,m203,,
104859, u3104 ," Michael?,,,,,,,,,,,,,,,,,,,,,,,,,,,,,,,", u3104 ,m203,,
104860, u3104 ," Would you like me better if I were Ingrid Bergman?,,,,,,,,,,,,,,,,,,,,,,,,,,,,,,,", u3105 ,m203,,
104861, u3105 ," No.,,,,,,,,,,,,,,,,,,,,,,,,,,,,,,,", u3104 ,m203,,
104862, u3104 ," Would you like me better if I were a nun?,,,,,,,,,,,,,,,,,,,,,,,,,,,,,,,", u3104 ,m203,,
104863, u3104 ," Hello...this is Long Distance.  I have a call from New Hampshire.  Mr. Michael Corleone.  One moment please.,,,,,,,,,,,,,,,,,,,,,,,,,,,,,,,", u3105 ,m203,,
104864, u3105 ," Shhh, you be the long distance operator.  Here."",,,,,,,,,,,,,,,,,,,,,,,,,,,,,,,", u3104 ,m203,,
104865, u3104 ," Michael, what are you doing?"",,,,,,,,,,,,,,,,,,,,,,,,,,,,,,,", u3105 ,m203,,
104866, u3105 ," Then we can have dinner, see a show, and spend one more night."",,,,,,,,,,,,,,,,,,,,,,,,,,,,,,,", u3104 ,m203,,
104867, u3104 ," Michael.,,,,,,,,,,,,,,,,,,,,,,,,,,,,,,,", u3105 ,m203,,
104868, u3105 ," For dinner.  Unless I call and tell them we're still in New Hampshire.,,,,,,,,,,,,,,,,,,,,,,,,,,,,,,,", u3104 ,m203,,
104869, u3104 ," What time do they expect us?,,,,,,,,,,,,,,,,,,,,,,,,,,,,,,,", u3105 ,m203,,
104870, u3105 ," As long as I tell him beforehand he won't object.  He'll be hurt, but he won't object."",,,,,,,,,,,,,,,,,,,,,,,,,,,,,,,", u3104 ,m203,,
104871, u3104 ," What will your father say?,,,,,,,,,,,,,,,,,,,,,,,,,,,,,,,", u3104 ,m203,,
104872, u3104 ," Just you.,,,,,,,,,,,,,,,,,,,,,,,,,,,,,,,", u3105 ,m203,,
104873, u3105 ," And what do you want for Christmas?,,,,,,,,,,,,,,,,,,,,,,,,,,,,,,,", u3104 ,m203,,
104874, u3104 ," We have something for your mother, for Sonny, we have the tie for Fredo and Tom Hagen gets the Reynolds pen..."",,,,,,,,,,,,,,,,,,,,,,,,,,,,,,,", u3105 ,m203,,
104875, u3105 ," He's my father's godson; he owes him his whole career.,,,,,,,,,,,,,,,,,,,,,,,,,,,,,,,", u3104 ,m203,,
104876, u3104 ," I used to come down to New York whenever he sang at the Capitol and scream my head off.,,,,,,,,,,,,,,,,,,,,,,,,,,,,,,,", u3105 ,m203,,
104877, u3105 ," Sure.,,,,,,,,,,,,,,,,,,,,,,,,,,,,,,,", u3104 ,m203,,
104878, u3104 ," I didn't know your family knew Johnny Fontane.,,,,,,,,,,,,,,,,,,,,,,,,,,,,,,,", u3105 ,m203,,
104879, u3105 ," My brother Sonny found him living in the streets when he was a kid, so my father took him in.  He's a good lawyer."",,,,,,,,,,,,,,,,,,,,,,,,,,,,,,,", u3104 ,m203,,
104880, u3104 ," If he's your brother, why does he have a different name?"",,,,,,,,,,,,,,,,,,,,,,,,,,,,,,,", u3105 ,m203,,
104881, u3105 ," My brother, Tom Hagen."",,,,,,,,,,,,,,,,,,,,,,,,,,,,,,,", u3104 ,m203,,
104882, u3104 ," How do you do.,,,,,,,,,,,,,,,,,,,,,,,,,,,,,,,", u3105 ,m203,,
104883, u3105 ," Tom...Tom, I'd like you to meet Kay Adams."",,,,,,,,,,,,,,,,,,,,,,,,,,,,,,,", u3104 ,m203,,
104884, u3104 ," He's coming over here!,,,,,,,,,,,,,,,,,,,,,,,,,,,,,,,", u3105 ,m203,,
104885, u3105 ," I told you you wouldn't like him.,,,,,,,,,,,,,,,,,,,,,,,,,,,,,,,", u3104 ,m203,,
104886, u3104 ," I never know when you're telling me the truth.,,,,,,,,,,,,,,,,,,,,,,,,,,,,,,,", u3105 ,m203,,
104887, u3105 ," ...who out of sheer terror had swallowed the bath towel in his mouth and suffocated.,,,,,,,,,,,,,,,,,,,,,,,,,,,,,,,", u3104 ,m203,,
104888, u3104 ," Michael, I love you."",,,,,,,,,,,,,,,,,,,,,,,,,,,,,,,", u3105 ,m203,,
104889, u3105 ," Then Luca turned to the other man...,,,,,,,,,,,,,,,,,,,,,,,,,,,,,,,", u3104 ,m203,,
104890, u3104 ," Michael, I don't want to hear anymore..."",,,,,,,,,,,,,,,,,,,,,,,,,,,,,,,", u3105 ,m203,,
104891, u3105 ," Then the thighs where they joined the torso.,,,,,,,,,,,,,,,,,,,,,,,,,,,,,,,", u3104 ,m203,,
104892, u3104 ," Michael you're trying to scare me...,,,,,,,,,,,,,,,,,,,,,,,,,,,,,,,", u3105 ,m203,,
104893, u3105 ," Then the legs at the knees...,,,,,,,,,,,,,,,,,,,,,,,,,,,,,,,", u3104 ,m203,,
104894, u3104 ," Michael...,,,,,,,,,,,,,,,,,,,,,,,,,,,,,,,", u3105 ,m203,,
104895, u3105 ," My Father sent Luca Brasi after them.  He tied the two Capone men hand and foot, and stuffed small bath towels into their mouths. Then he took an ax, and chopped one man's feet off..."",,,,,,,,,,,,,,,,,,,,,,,,,,,,,,,", u3104 ,m203,,
104896, u3104 ," Al Capone!,,,,,,,,,,,,,,,,,,,,,,,,,,,,,,,", u3105 ,m203,,
104897, u3105 ," Once upon a time, about fifteen years ago some people wanted to take over my father's olive oil business.  They had Al Capone send some men in from Chicago to kill my father, and they almost did."",,,,,,,,,,,,,,,,,,,,,,,,,,,,,,,", u3105 ,m203,,
104898, u3105 ," Then eat your spaghetti and I'll tell you a Luca Brasi story.,,,,,,,,,,,,,,,,,,,,,,,,,,,,,,,", u3104 ,m203,,
104899, u3104 ," You know I love spaghetti.,,,,,,,,,,,,,,,,,,,,,,,,,,,,,,,", u3105 ,m203,,
104900, u3105 ," You like spaghetti?,,,,,,,,,,,,,,,,,,,,,,,,,,,,,,,", u3104 ,m203,,
104901, u3104 ," Yes.  Tell me.,,,,,,,,,,,,,,,,,,,,,,,,,,,,,,,", u3105 ,m203,,
104902, u3105 ," You really want to know?,,,,,,,,,,,,,,,,,,,,,,,,,,,,,,,", u3104 ,m203,,
104903, u3104 ," Who is he?,,,,,,,,,,,,,,,,,,,,,,,,,,,,,,,", u3105 ,m203,,
104904, u3105 ," No.  His name is Luca Brasi.  You wouldn't like him.,,,,,,,,,,,,,,,,,,,,,,,,,,,,,,,", u3105 ,m203,,
104905, u3105 ," Because they know that no Sicilian will refuse a request on his daughter's wedding day.,,,,,,,,,,,,,,,,,,,,,,,,,,,,,,,", u3104 ,m203,,
104906, u3104 ," Why do they bother him on a day like this?,,,,,,,,,,,,,,,,,,,,,,,,,,,,,,,", u3105 ,m203,,
104907, u3105 ," They're going to talk to my father, which means they're going to ask him for something, which means they better get it right."",,,,,,,,,,,,,,,,,,,,,,,,,,,,,,,", u3104 ,m203,,
104908, u3104 ," They're talking to themselves.,,,,,,,,,,,,,,,,,,,,,,,,,,,,,,,", u3105 ,m203,,
104909, u3105 ," They're waiting to see my father.,,,,,,,,,,,,,,,,,,,,,,,,,,,,,,,", u3104 ,m203,,
104910, u3104 ," Michael, what are those men doing?"",,,,,,,,,,,,,,,,,,,,,,,,,,,,,,,", u3105 ,m203,,
104911, u3105 ," I told you I had a lot of relatives.,,,,,,,,,,,,,,,,,,,,,,,,,,,,,,,", u3104 ,m203,,
104912, u3104 ," I've never seen anything like it.,,,,,,,,,,,,,,,,,,,,,,,,,,,,,,,", u3108 ,m203,,
104913, u3108 ," We don't have to disconnect them, we can wheel the stand with the bed."",,,,,,,,,,,,,,,,,,,,,,,,,,,,,,,", u3105 ,m203,,
104914, u3105 ," You've read about my father in the papers.  You've seen that no one's here to guard him.  Now I've just gotten word that men are coming to this hospital to kill him.  Believe me and help me.,,,,,,,,,,,,,,,,,,,,,,,,,,,,,,,", u3108 ,m203,,
104915, u3108 ," Absolutely not!  We have to get permission from the Doctor.,,,,,,,,,,,,,,,,,,,,,,,,,,,,,,,", u3105 ,m203,,
104916, u3105 ," You and I are going to move my father right now...to another room on another floor...Can you disconnect those tubes so we can wheel the bed out?,,,,,,,,,,,,,,,,,,,,,,,,,,,,,,,", u3108 ,m203,,
104917, u3108 ," You cannot stay here...I'm sorry.,,,,,,,,,,,,,,,,,,,,,,,,,,,,,,,", u3105 ,m203,,
104918, u3105 ," You just stand here one minute...,,,,,,,,,,,,,,,,,,,,,,,,,,,,,,,", u3108 ,m203,,
104919, u3108 ," Oh your father just had too many visitors.  It interfered with the hospital service.  The police came and made them all leave just ten minutes ago.  But don't worry.  I look in on him.,,,,,,,,,,,,,,,,,,,,,,,,,,,,,,,", u3105 ,m203,,
104920, u3105 ," I'm Michael Corleone--this is my father.  What happened to the detectives who were guarding him?,,,,,,,,,,,,,,,,,,,,,,,,,,,,,,,", u3112 ,m203,,
104921, u3112 ," Probably a year...,,,,,,,,,,,,,,,,,,,,,,,,,,,,,,,", u3105 ,m203,,
104922, u3105 ," O.K.  How long do you think before I can come back?,,,,,,,,,,,,,,,,,,,,,,,,,,,,,,,", u3112 ,m203,,
104923, u3112 ," Sollozzo and McCluskey are going to pick you up in an hour and a half on Times Square, under the big Camels sign."",,,,,,,,,,,,,,,,,,,,,,,,,,,,,,,", u3105 ,m203,,
104924, u3105 ," A million times.,,,,,,,,,,,,,,,,,,,,,,,,,,,,,,,", u3112 ,m203,,
104925, u3112 ," What are you, inspecting the barracks?  You ready?  Did Clemenza tell you be sure to drop the gun right away?"",,,,,,,,,,,,,,,,,,,,,,,,,,,,,,,", u3105 ,m203,,
104926, u3105 ," Why don't you stop living like a bum and get this place cleaned up.,,,,,,,,,,,,,,,,,,,,,,,,,,,,,,,", u3105 ,m203,,
104927, u3105 ," They want me to go to the conference with Sollozzo.  Set up the meeting for two days from now.  Sonny, get our informers to find out where the meeting will be held. Insist it has to be a public place: a bar or restaurant at the height of the dinner hour.  So I'll feel safe.  They'll check me when I meet them so I won't be able to carry a weapon; but Clemenza, figure out a way to have one planted there for me.  Then I'll kill them both."",,,,,,,,,,,,,,,,,,,,,,,,,,,,,,,", u3112 ,m203,,
104928, u3112 ," Go on Mike.,,,,,,,,,,,,,,,,,,,,,,,,,,,,,,,", u3112 ,m203,,
104929, u3112 ," The kid's right.,,,,,,,,,,,,,,,,,,,,,,,,,,,,,,,", u3105 ,m203,,
104930, u3105 ," We can't wait.  No matter what Sollozzo say about a deal, he's figuring out how to kill Pop.  You have to get Sollozzo now."",,,,,,,,,,,,,,,,,,,,,,,,,,,,,,,", u3112 ,m203,,
104931, u3112 ," The Turk wants to talk!  The nerve of that son of a bitch!  After he craps out last night he wants a meet.,,,,,,,,,,,,,,,,,,,,,,,,,,,,,,,", u3105 ,m203,,
104932, u3105 ," Cut it out.,,,,,,,,,,,,,,,,,,,,,,,,,,,,,,,", u3112 ,m203,,
104933, u3112 ," Mikey, you look beautiful!"",,,,,,,,,,,,,,,,,,,,,,,,,,,,,,,", u3105 ,m203,,
104934, u3105 ," I won't panic.,,,,,,,,,,,,,,,,,,,,,,,,,,,,,,,", u3112 ,m203,,
104935, u3112 ," All right, get him in a different room; lock the door from the inside. I'll have some men there inside of fifteen minutes.  Sit tight, and don't panic."",,,,,,,,,,,,,,,,,,,,,,,,,,,,,,,", u3105 ,m203,,
104936, u3105 ," Sonny...Sonny--Jesus Christ, I'm down at the hospital.  I came down late.  There's no one here.  None of Tessio's people--no detectives, no one.  The old man is completely unprotected."",,,,,,,,,,,,,,,,,,,,,,,,,,,,,,,", u3105 ,m203,,
104937, u3105 ," I don't need them, Sonny.  I'm just going to see Pop in the hospital. Also, I got other things."",,,,,,,,,,,,,,,,,,,,,,,,,,,,,,,", u3112 ,m203,,
104938, u3112 ," Send some bodyguards.,,,,,,,,,,,,,,,,,,,,,,,,,,,,,,,", u3105 ,m203,,
104939, u3105 ," To the city.,,,,,,,,,,,,,,,,,,,,,,,,,,,,,,,", u3112 ,m203,,
104940, u3112 ," Where are you going?,,,,,,,,,,,,,,,,,,,,,,,,,,,,,,,", u3105 ,m203,,
104941, u3105 ," Is it like they say?  Is he that good?,,,,,,,,,,,,,,,,,,,,,,,,,,,,,,,", u3112 ,m203,,
104942, u3112 ," Christ, if I could only contact Luca."",,,,,,,,,,,,,,,,,,,,,,,,,,,,,,,", u3105 ,m203,,
104943, u3105 ," All right, Sonny.  All right."",,,,,,,,,,,,,,,,,,,,,,,,,,,,,,,", u3112 ,m203,,
104944, u3112 ," I know I'm not the man he was.  But I'll tell you this and he'll tell you too.  When it comes to real action, I can operate as good as anybody short range."",,,,,,,,,,,,,,,,,,,,,,,,,,,,,,,", u3105 ,m203,,
104945, u3105 ," That's not how Pop would have played it.,,,,,,,,,,,,,,,,,,,,,,,,,,,,,,,", u3112 ,m203,,
104946, u3112 ," Sollozzo is a dead man, I don't care what it costs.  I don't care if we have to fight all the five families in New York.  The Tattaglia family's going to eat dirt.  I don't care if we all go down together."",,,,,,,,,,,,,,,,,,,,,,,,,,,,,,,", u3105 ,m203,,
104947, u3105 ," Then wait, Sonny.  Talk to Pop."",,,,,,,,,,,,,,,,,,,,,,,,,,,,,,,", u3112 ,m203,,
104948, u3112 ," Until the old man tells me different.,,,,,,,,,,,,,,,,,,,,,,,,,,,,,,,", u3105 ,m203,,
104949, u3105 ," Is it going to be all-out war, like last time?"",,,,,,,,,,,,,,,,,,,,,,,,,,,,,,,", u3112 ,m203,,
104950, u3112 ," On the three days Paulie was sick this month, he got calls from a payphone across from the old man's building.  We got people in the phone company.  Thank God it was Paulie...we'll need Clemenza bad."",,,,,,,,,,,,,,,,,,,,,,,,,,,,,,,", u3105 ,m203,,
104951, u3105 ," How can you be sure?,,,,,,,,,,,,,,,,,,,,,,,,,,,,,,,", u3112 ,m203,,
104952, u3112 ," You're right, kid, Clemenza is okay. It was Paulie."",,,,,,,,,,,,,,,,,,,,,,,,,,,,,,,", u3105 ,m203,,
104953, u3105 ," Clemenza?  No, I don't believe it."",,,,,,,,,,,,,,,,,,,,,,,,,,,,,,,", u3112 ,m203,,
104954, u3112 ," One of them fingered the old man.,,,,,,,,,,,,,,,,,,,,,,,,,,,,,,,", u3105 ,m203,,
104955, u3105 ," What?,,,,,,,,,,,,,,,,,,,,,,,,,,,,,,,", u3112 ,m203,,
104956, u3112 ," All right, Mikey...who do we have to hit, Clemenza or Paulie?"",,,,,,,,,,,,,,,,,,,,,,,,,,,,,,,", u3112 ,m203,,
104957, u3112 ," Theresa.,,,,,,,,,,,,,,,,,,,,,,,,,,,,,,,", u3105 ,m203,,
104958, u3105 ," Jesus Christ, he's my father, Sonny."",,,,,,,,,,,,,,,,,,,,,,,,,,,,,,,", u3112 ,m203,,
104959, u3112 ," Oh no you can't, the old man'd be sore as hell if I let you get mixed up in this."",,,,,,,,,,,,,,,,,,,,,,,,,,,,,,,", u3105 ,m203,,
104960, u3105 ," I can help you out...,,,,,,,,,,,,,,,,,,,,,,,,,,,,,,,", u3112 ,m203,,
104961, u3112 ," Good.  She's been through it before. Me too.  You were too young to know about it.  You better wait outside; there're some things you shouldn't hear.,,,,,,,,,,,,,,,,,,,,,,,,,,,,,,,", u3105 ,m203,,
104962, u3105 ," How's Mom?,,,,,,,,,,,,,,,,,,,,,,,,,,,,,,,", u3112 ,m203,,
104963, u3112 ," I was worried when we couldn't get in touch with you in that hick town.,,,,,,,,,,,,,,,,,,,,,,,,,,,,,,,", u3105 ,m203,,
104964, u3105 ," Is it all right if I go to the bathroom?,,,,,,,,,,,,,,,,,,,,,,,,,,,,,,,", u3111 ,m203,,
104965, u3111 ," What is it?,,,,,,,,,,,,,,,,,,,,,,,,,,,,,,,", u3111 ,m203,,
104966, u3111 ," What guarantees can I give you?  I am the hunted one.  I've missed my chance.  You think too highly of me, my friend...I am not so clever...all I want if a truce..."",,,,,,,,,,,,,,,,,,,,,,,,,,,,,,,", u3105 ,m203,,
104967, u3105 ," Most important...I want a sure guarantee that no more attempts will be made on my father's life.,,,,,,,,,,,,,,,,,,,,,,,,,,,,,,,", u3111 ,m203,,
104968, u3111 ," Maybe.,,,,,,,,,,,,,,,,,,,,,,,,,,,,,,,", u3105 ,m203,,
104969, u3105 ," We're going to New Jersey?,,,,,,,,,,,,,,,,,,,,,,,,,,,,,,,", u3111 ,m203,,
104970, u3111 ," He won't be; I swear to you be my children he won't be.  Just keep an open mind when we talk.  I hope you're not a hothead like your brother, Sonny.  It's impossible to talk business with him."",,,,,,,,,,,,,,,,,,,,,,,,,,,,,,,", u3105 ,m203,,
104971, u3105 ," I want to settle things tonight.  I want my father left alone.,,,,,,,,,,,,,,,,,,,,,,,,,,,,,,,", u3111 ,m203,,
104972, u3111 ," I'm glad you came, Mike.  I hope we can straighten everything out.  All this is terrible, it's not the way I wanted things to happen at all. It should never have happened."",,,,,,,,,,,,,,,,,,,,,,,,,,,,,,,", u3105 ,m203,,
104973, u3105 ," I do wish to be baptized.,,,,,,,,,,,,,,,,,,,,,,,,,,,,,,,", u3110 ,m203,,
104974, u3110 ," Do you wish to be baptized?,,,,,,,,,,,,,,,,,,,,,,,,,,,,,,,", u3105 ,m203,,
104975, u3105 ," I do renounce them.,,,,,,,,,,,,,,,,,,,,,,,,,,,,,,,", u3110 ,m203,,
104976, u3110 ," And all his works?,,,,,,,,,,,,,,,,,,,,,,,,,,,,,,,", u3105 ,m203,,
104977, u3105 ," I do renounce him.,,,,,,,,,,,,,,,,,,,,,,,,,,,,,,,", u3110 ,m203,,
104978, u3110 ," Do you renounce Satan.,,,,,,,,,,,,,,,,,,,,,,,,,,,,,,,", u3105 ,m203,,
104979, u3105 ," Yes, I promise."",,,,,,,,,,,,,,,,,,,,,,,,,,,,,,,", u3110 ,m203,,
104980, u3110 ," Do you pledge to guide and protect this child if he is left fatherless? Do you promise to shield him against the wickedness of the world?,,,,,,,,,,,,,,,,,,,,,,,,,,,,,,,", u3113 ,m203,,
104981, u3113 ," I can arrange security.,,,,,,,,,,,,,,,,,,,,,,,,,,,,,,,", u3105 ,m203,,
104982, u3105 ," He talked to you?,,,,,,,,,,,,,,,,,,,,,,,,,,,,,,,", u3113 ,m203,,
104983, u3113 ," Barzini wants to arrange a meeting. Says we can straighten any of our problems out.,,,,,,,,,,,,,,,,,,,,,,,,,,,,,,,", u3113 ,m203,,
104984, u3113 ," Forgive me, Godfather, let our years of friendship be my excuse. How can you hope for success there without your strength here to back you up?  The two  go hand in hand. And with you gone from here the Barzini and the Tattaglias will be too strong for us."",,,,,,,,,,,,,,,,,,,,,,,,,,,,,,,", u3105 ,m203,,
104985, u3105 ," No.  I want things very calm for another six months.,,,,,,,,,,,,,,,,,,,,,,,,,,,,,,,", u3113 ,m203,,
104986, u3113 ," Let us fill up our Regimes.,,,,,,,,,,,,,,,,,,,,,,,,,,,,,,,", u3105 ,m203,,
104987, u3105 ," Be patient.,,,,,,,,,,,,,,,,,,,,,,,,,,,,,,,", u3113 ,m203,,
104988, u3113 ," I'm not asking you for help, Mike. Just take off the handcuffs."",,,,,,,,,,,,,,,,,,,,,,,,,,,,,,,", u3105 ,m203,,
104989, u3105 ," Just be patient.,,,,,,,,,,,,,,,,,,,,,,,,,,,,,,,", u3113 ,m203,,
104990, u3113 ," Barzini's people chisel my territory and we do nothing about it.  Pretty soon there won't be one place in Brooklyn I can hang my hat.,,,,,,,,,,,,,,,,,,,,,,,,,,,,,,,", u3106 ,m203,,
104991, u3106 ," You son of a bitch, you think you can brush me off like that?  I made my bones when you were going out with cheerleaders."",,,,,,,,,,,,,,,,,,,,,,,,,,,,,,,", u3105 ,m203,,
104992, u3105 ," I have to go back to New York tomorrow.  Think of your price.,,,,,,,,,,,,,,,,,,,,,,,,,,,,,,,", u3106 ,m203,,
104993, u3106 ," Hell, he was banging cocktail waitresses two at a time.  Players couldn't get a drink."",,,,,,,,,,,,,,,,,,,,,,,,,,,,,,,", u3105 ,m203,,
104994, u3105 ," You straightened my brother out?,,,,,,,,,,,,,,,,,,,,,,,,,,,,,,,", u3105 ,m203,,
104995, u3105 ," Is that why you thought you could slap Freddie around in public?,,,,,,,,,,,,,,,,,,,,,,,,,,,,,,,", u3106 ,m203,,
104996, u3106 ," The Corleone family don't have that kind of muscle anymore.  The Godfather is sick.  You're getting chased out of New York by Barzini and the other families, and you think you can find easier pickings here.  I've talked to Barzini; I can make a deal with him and keep my hotel!"",,,,,,,,,,,,,,,,,,,,,,,,,,,,,,,", u3105 ,m203,,
104997, u3105 ," You took Freddie in because the Corleone family bankrolled your casino.  You and the Corleone family are evened out.  This is for business; name your price.,,,,,,,,,,,,,,,,,,,,,,,,,,,,,,,", u3106 ,m203,,
104998, u3106 ," You goddamn dagos.  I do you a favor and take Freddie in when you're having a bad time, and then you try to push me out."",,,,,,,,,,,,,,,,,,,,,,,,,,,,,,,", u3105 ,m203,,
104999, u3105 ," You're unlucky.,,,,,,,,,,,,,,,,,,,,,,,,,,,,,,,", u3106 ,m203,,
105000, u3106 ," You think I scam?,,,,,,,,,,,,,,,,,,,,,,,,,,,,,,,", u3105 ,m203,,
105001, u3105 ," Your casino loses money.  Maybe we can do better.,,,,,,,,,,,,,,,,,,,,,,,,,,,,,,,", u3106 ,m203,,
105002, u3106 ," The Corleone family wants to buy me out.  I buy you out.  You don't buy me out.,,,,,,,,,,,,,,,,,,,,,,,,,,,,,,,", u3105 ,m203,,
105003, u3105 ," The hotel, the casino.  The Corleone family wants to buy you out."",,,,,,,,,,,,,,,,,,,,,,,,,,,,,,,", u3106 ,m203,,
105004, u3106 ," Buy me out?...,,,,,,,,,,,,,,,,,,,,,,,,,,,,,,,", u3105 ,m203,,
105005, u3105 ," Is my credit good enough to buy you out?,,,,,,,,,,,,,,,,,,,,,,,,,,,,,,,", u3106 ,m203,,
105006, u3106 ," The chef cooked for you special; the dancers will kick your tongue out and you credit is good!  Draw chips for all these people so they can play on the house.,,,,,,,,,,,,,,,,,,,,,,,,,,,,,,,", u3105 ,m203,,
105007, u3105 ," Thanks.,,,,,,,,,,,,,,,,,,,,,,,,,,,,,,,", u3106 ,m203,,
105008, u3106 ," Mike, good to see you.  Got everything you want?"",,,,,,,,,,,,,,,,,,,,,,,,,,,,,,,", u3112 ,m203,,
105009, u3112 ," Find out anything you can...you got a Grand coming. ,,,,,,,,,,,,,,,,,,,,,,,,,,,,,,,", u3115 ,m203,,
105010, u3115 ," I think so, but I can't get close enough.  There's a lot of blood. I'll try to find out more."",,,,,,,,,,,,,,,,,,,,,,,,,,,,,,,", u3112 ,m203,,
105011, u3112 ," Is he alive?,,,,,,,,,,,,,,,,,,,,,,,,,,,,,,,", u3115 ,m203,,
105012, u3115 ," Right.  Don't say my name, just listen.  Somebody shot your father outside his place fifteen minutes ago."",,,,,,,,,,,,,,,,,,,,,,,,,,,,,,,", u3112 ,m203,,
105013, u3112 ," I think so.  Detective squad?,,,,,,,,,,,,,,,,,,,,,,,,,,,,,,,", u3115 ,m203,,
105014, u3115 ," Do you recognize my voice?,,,,,,,,,,,,,,,,,,,,,,,,,,,,,,,", u3112 ,m203,,
105015, u3112 ," Yeah.,,,,,,,,,,,,,,,,,,,,,,,,,,,,,,,", u3115 ,m203,,
