,User_id,text,sec_user,movies_name,relationship,attachment
106287, u3145 ," And  I love you, Pete!"",,,,,,,,,,,,,,,,,,,,,,,,,,,,,,,", u3157 ,m207,,
106288, u3157 ," Dell, I can't write unless I'm happy, and I can't be happy unless I'm here -- and with you.  This is me, Delly.  Pete Appleton. And I love you!"",,,,,,,,,,,,,,,,,,,,,,,,,,,,,,,", u3145 ,m207,,
106289, u3145 ," Pete, I'm so sorry about what they did to you.  I didn't think you'd come back, I thought you'd want to write again..."",,,,,,,,,,,,,,,,,,,,,,,,,,,,,,,", u3157 ,m207,,
106290, u3157 ," I see you got the telegram.,,,,,,,,,,,,,,,,,,,,,,,,,,,,,,,", u3157 ,m207,,
106291, u3157 ," Mr. Chairman, as I understand it, the Fifth Amendment pertains to self-incrimination, and I can't incriminate myself because I've done nothing wrong.  Besides, incrimination is why you have Mr. Clyde working for you."",,,,,,,,,,,,,,,,,,,,,,,,,,,,,,,", u3145 ,m207,,
106292, u3145 ," Tell them Pete.  Tell them...,,,,,,,,,,,,,,,,,,,,,,,,,,,,,,,", u3157 ,m207,,
106293, u3157 ," Okay.  What's the second thing?,,,,,,,,,,,,,,,,,,,,,,,,,,,,,,,", u3145 ,m207,,
106294, u3145 ," Just remember two things.  First, the law is a living thing.  It made us free and it keeps us free. Sometimes it gets twisted around by people for their own purposes. Sometimes it makes mistakes, sometimes big mistakes.  But in the end, the law prevails for the just. Sometimes, it takes a while."",,,,,,,,,,,,,,,,,,,,,,,,,,,,,,,", u3157 ,m207,,
106295, u3157 ," Delly... thanks, thank you.  I'll take good care of this."",,,,,,,,,,,,,,,,,,,,,,,,,,,,,,,", u3145 ,m207,,
106296, u3145 ," Not exactly light reading, I know. Believe it or not, I've read this since high school, and it got me all the way through law school. Besides, there's something in there that'll help you.  You won't have to get very far, it's near the beginning."",,,,,,,,,,,,,,,,,,,,,,,,,,,,,,,", u3157 ,m207,,
106297, u3157 ," Damn...,,,,,,,,,,,,,,,,,,,,,,,,,,,,,,,", u3145 ,m207,,
106298, u3145 ," Did you bring along something to read?,,,,,,,,,,,,,,,,,,,,,,,,,,,,,,,", u3157 ,m207,,
106299, u3157 ," Maybe we could train Cat to run the projector.  You know, a system of scratching posts, and gears, and levers..."",,,,,,,,,,,,,,,,,,,,,,,,,,,,,,,", u3145 ,m207,,
106300, u3145 ," And who's gonna run the projector until you get back?  Mrs. Terwilliger?,,,,,,,,,,,,,,,,,,,,,,,,,,,,,,,", u3157 ,m207,,
106301, u3157 ," I wish you were coming with me.,,,,,,,,,,,,,,,,,,,,,,,,,,,,,,,", u3145 ,m207,,
106302, u3145 ," You'll be fine.  No matter what Leo Kubelsky says, you've got a hundred and seventy-five years of American law on your side.  Don't forget that."",,,,,,,,,,,,,,,,,,,,,,,,,,,,,,,", u3157 ,m207,,
106303, u3157 ," Yeah.  Except a chance in hell of coming out of this intact.,,,,,,,,,,,,,,,,,,,,,,,,,,,,,,,", u3145 ,m207,,
106304, u3145 ," You've got everything?,,,,,,,,,,,,,,,,,,,,,,,,,,,,,,,", u3145 ,m207,,
106305, u3145 ," Whatever happens.,,,,,,,,,,,,,,,,,,,,,,,,,,,,,,,", u3157 ,m207,,
106306, u3157 ," You'll stand by me?,,,,,,,,,,,,,,,,,,,,,,,,,,,,,,,", u3145 ,m207,,
106307, u3145 ," I am, too."",,,,,,,,,,,,,,,,,,,,,,,,,,,,,,,", u3157 ,m207,,
106308, u3157 ," What about you, Delly?"",,,,,,,,,,,,,,,,,,,,,,,,,,,,,,,", u3145 ,m207,,
106309, u3145 ," Forget about all that.  You want to do the right thing?  Then defend your name.  If someone says something about you that's untrue, you have to stand up and say so.  I know the law, and the law's on your side."",,,,,,,,,,,,,,,,,,,,,,,,,,,,,,,", u3157 ,m207,,
106310, u3157 ," Come on, Delly, look at the country today.  We're fighting communists in Korea, we're paranoid about the Russians, we've got this thing with the Rosenbergs and the atomic bomb...  You think they want """"suspected communists"""" entertaining the American public with party propaganda like, gosh I don't know, """"Sand Pirates of the Sahara?"""""",,,,,,,,,,,,,,,,,,,,,,,,,,,,,,,", u3145 ,m207,,
106311, u3145 ," But if you only went to one meeting, why does anyone care? Besides, why should it even matter if you were a communist?"",,,,,,,,,,,,,,,,,,,,,,,,,,,,,,,", u3157 ,m207,,
106312, u3157 ," The truth is, I'm a lot of things, but communist isn't one of them."",,,,,,,,,,,,,,,,,,,,,,,,,,,,,,,", u3145 ,m207,,
106313, u3145 ," I believe you.,,,,,,,,,,,,,,,,,,,,,,,,,,,,,,,", u3157 ,m207,,
106314, u3157 ," Thanks, I like it.  I think."",,,,,,,,,,,,,,,,,,,,,,,,,,,,,,,", u3145 ,m207,,
106315, u3145 ," You know, it's going to take me a while to get used to calling you Pete.  Pete.  Pete.  It's a nice name."",,,,,,,,,,,,,,,,,,,,,,,,,,,,,,,", u3157 ,m207,,
106316, u3157 ," Well... let me tell you, I'm not Luke.  I know who I am now, and you don't.  And... I don't like me very much."",,,,,,,,,,,,,,,,,,,,,,,,,,,,,,,", u3145 ,m207,,
106317, u3145 ," Oh, yes.  Yes, he was."",,,,,,,,,,,,,,,,,,,,,,,,,,,,,,,", u3157 ,m207,,
106318, u3157 ," This Luke was a pretty good guy, wasn't he?"",,,,,,,,,,,,,,,,,,,,,,,,,,,,,,,", u3157 ,m207,,
106319, u3157 ," Yeah?  I'm sure a lot more people down in L.A. want a piece of me.,,,,,,,,,,,,,,,,,,,,,,,,,,,,,,,", u3145 ,m207,,
106320, u3145 ," I'm sure a lot of people down in L.A. are worried sick about you.,,,,,,,,,,,,,,,,,,,,,,,,,,,,,,,", u3157 ,m207,,
106321, u3157 ," Hi.,,,,,,,,,,,,,,,,,,,,,,,,,,,,,,,", u3145 ,m207,,
106322, u3145 ," Hi.,,,,,,,,,,,,,,,,,,,,,,,,,,,,,,,", u3152 ,m207,,
106323, u3152 ," I had it, a minute ago..."",,,,,,,,,,,,,,,,,,,,,,,,,,,,,,,", u3145 ,m207,,
106324, u3145 ," Besides, Daddy's still trying to figure out how to get his new television set working."",,,,,,,,,,,,,,,,,,,,,,,,,,,,,,,", u3152 ,m207,,
106325, u3152 ," Honey, I... I can't... it's the..."",,,,,,,,,,,,,,,,,,,,,,,,,,,,,,,", u3145 ,m207,,
106326, u3145 ," Daddy, that's Luke, can you let him in?  I'll be right down."",,,,,,,,,,,,,,,,,,,,,,,,,,,,,,,", u3152 ,m207,,
106327, u3152 ," It's possible.,,,,,,,,,,,,,,,,,,,,,,,,,,,,,,,", u3145 ,m207,,
106328, u3145 ," You mean,  me?"",,,,,,,,,,,,,,,,,,,,,,,,,,,,,,,", u3152 ,m207,,
106329, u3152 ," I'm afraid not.  He looked right at your picture without batting an eye.  But it's probably temporary. He got all the way to Lawson, so he clearly knew who he was and what he was doing until he hit his head. I'm sure it'll all come back to him.  It just takes a catalyst."",,,,,,,,,,,,,,,,,,,,,,,,,,,,,,,", u3145 ,m207,,
106330, u3145 ," ... including me.  Right?  ,,,,,,,,,,,,,,,,,,,,,,,,,,,,,,,", u3152 ,m207,,
106331, u3152 ," He doesn't remember anything, Delly.  Doesn't know how he got here, doesn't remember his father, the town, the Bijou, anyone..."",,,,,,,,,,,,,,,,,,,,,,,,,,,,,,,", u3145 ,m207,,
106332, u3145 ," Dad... ,,,,,,,,,,,,,,,,,,,,,,,,,,,,,,,", u3152 ,m207,,
106333, u3152 ," Well...,,,,,,,,,,,,,,,,,,,,,,,,,,,,,,,", u3145 ,m207,,
106334, u3145 ," Yeah, well it's not everyday you get  news like this.  You're sure he's  okay?  Other than the  bump on the head?"",,,,,,,,,,,,,,,,,,,,,,,,,,,,,,,", u3152 ,m207,,
106335, u3152 ," That always used to work.,,,,,,,,,,,,,,,,,,,,,,,,,,,,,,,", u3145 ,m207,,
106336, u3145 ," I think  it's worse  now.,,,,,,,,,,,,,,,,,,,,,,,,,,,,,,,", u3145 ,m207,,
106337, u3145 ," No hiccups, which was good.  Who wants an attorney who gets the hiccups when she gets nervous?  """"Your  honor, I  object!"""""",,,,,,,,,,,,,,,,,,,,,,,,,,,,,,,", u3152 ,m207,,
106338, u3152 ," That's my girl!  Did you...?,,,,,,,,,,,,,,,,,,,,,,,,,,,,,,,", u3145 ,m207,,
106339, u3145 ," Not as bad as I thought it would. I think I passed.,,,,,,,,,,,,,,,,,,,,,,,,,,,,,,,", u3152 ,m207,,
106340, u3152 ," How'd it go?,,,,,,,,,,,,,,,,,,,,,,,,,,,,,,,", u3152 ,m207,,
106341, u3152 ," Delly?  In here.,,,,,,,,,,,,,,,,,,,,,,,,,,,,,,,", u3145 ,m207,,
106342, u3145 ," Dad?,,,,,,,,,,,,,,,,,,,,,,,,,,,,,,,", u3145 ,m207,,
106343, u3145 ," No... I can't... I have to... I can't...,,,,,,,,,,,,,,,,,,,,,,,,,,,,,,,", u3154 ,m207,,
106344, u3154 ," Delly, shhhhhh..."",,,,,,,,,,,,,,,,,,,,,,,,,,,,,,,", u3154 ,m207,,
106345, u3154 ," Delly.  I'm... I'm not... Harry wasn't my father.  And I'm not... I'm not Luke.,,,,,,,,,,,,,,,,,,,,,,,,,,,,,,,", u3145 ,m207,,
106346, u3145 ," I see...,,,,,,,,,,,,,,,,,,,,,,,,,,,,,,,", u3154 ,m207,,
106347, u3154 ," Well... everything.  It started coming back a couple of days ago. I remember everything now.,,,,,,,,,,,,,,,,,,,,,,,,,,,,,,,", u3145 ,m207,,
106348, u3145 ," What... do you remember?,,,,,,,,,,,,,,,,,,,,,,,,,,,,,,,", u3154 ,m207,,
106349, u3154 ," Guess I must've learned.,,,,,,,,,,,,,,,,,,,,,,,,,,,,,,,", u3145 ,m207,,
106350, u3145 ," It never used to be.  You were two left feet on the dance floor.  Like pulling teeth to get you to do a little box step.,,,,,,,,,,,,,,,,,,,,,,,,,,,,,,,", u3154 ,m207,,
106351, u3154 ," Thanks.,,,,,,,,,,,,,,,,,,,,,,,,,,,,,,,", u3145 ,m207,,
106352, u3145 ," Your dancing's very good.,,,,,,,,,,,,,,,,,,,,,,,,,,,,,,,", u3154 ,m207,,
106353, u3154 ," That's... pretty frightening.,,,,,,,,,,,,,,,,,,,,,,,,,,,,,,,", u3145 ,m207,,
106354, u3145 ," Alex and Charlie?  Simple.  Alex is the smarter one.,,,,,,,,,,,,,,,,,,,,,,,,,,,,,,,", u3154 ,m207,,
106355, u3154 ," How do you tell those two apart, anyway?"",,,,,,,,,,,,,,,,,,,,,,,,,,,,,,,", u3145 ,m207,,
106356, u3145 ," Oh.  Okay.,,,,,,,,,,,,,,,,,,,,,,,,,,,,,,,", u3154 ,m207,,
106357, u3154 ," Nope.  Just filling in the blanks.,,,,,,,,,,,,,,,,,,,,,,,,,,,,,,,", u3145 ,m207,,
106358, u3145 ," Now, did you remember that, or..."",,,,,,,,,,,,,,,,,,,,,,,,,,,,,,,", u3154 ,m207,,
106359, u3154 ," No kidding.,,,,,,,,,,,,,,,,,,,,,,,,,,,,,,,", u3145 ,m207,,
106360, u3145 ," Exactly.  And he got good.,,,,,,,,,,,,,,,,,,,,,,,,,,,,,,,", u3154 ,m207,,
106361, u3154 ," ... he started practicing, and he left me alone from then on."",,,,,,,,,,,,,,,,,,,,,,,,,,,,,,,", u3145 ,m207,,
106362, u3145 ," You had a hidden agenda, though. See, when he was five or six, little Spence used to follow you around like a puppy.  Bothered the hell out of you.  But as soon as you gave him the clarinet..."",,,,,,,,,,,,,,,,,,,,,,,,,,,,,,,", u3154 ,m207,,
106363, u3154 ," Huh.  That was nice of me.,,,,,,,,,,,,,,,,,,,,,,,,,,,,,,,", u3145 ,m207,,
106364, u3145 ," Back in '37, you heard Benny Goodman play for the first time, so you went out and got a used clarinet.  You wanted nothing more than to be able to play like him. You tried hard, but it wasn't long before it was clear that Benny Goodman would never be looking over his shoulder.  So you gave the clarinet to Spencer."",,,,,,,,,,,,,,,,,,,,,,,,,,,,,,,", u3154 ,m207,,
106365, u3154 ," My what?,,,,,,,,,,,,,,,,,,,,,,,,,,,,,,,", u3145 ,m207,,
106366, u3145 ," No, they're not.  I'd say your investment was paying dividends."",,,,,,,,,,,,,,,,,,,,,,,,,,,,,,,", u3154 ,m207,,
106367, u3154 ," They're not bad.,,,,,,,,,,,,,,,,,,,,,,,,,,,,,,,", u3154 ,m207,,
106368, u3154 ," Oh.,,,,,,,,,,,,,,,,,,,,,,,,,,,,,,,", u3145 ,m207,,
106369, u3145 ," You tried to once.  It was pretty pitiful.,,,,,,,,,,,,,,,,,,,,,,,,,,,,,,,", u3154 ,m207,,
106370, u3154 ," I don't smoke?,,,,,,,,,,,,,,,,,,,,,,,,,,,,,,,", u3145 ,m207,,
106371, u3145 ," When did you start smoking?,,,,,,,,,,,,,,,,,,,,,,,,,,,,,,,", u3154 ,m207,,
106372, u3154 ," Have you got a cigarette?,,,,,,,,,,,,,,,,,,,,,,,,,,,,,,,", u3145 ,m207,,
106373, u3145 ," Well, there's got to be a way..."",,,,,,,,,,,,,,,,,,,,,,,,,,,,,,,", u3154 ,m207,,
106374, u3154 ," A loan to a man who ran his business into the ground and his son who can't account for the last nine-and-a-half years of his life? Not likely.,,,,,,,,,,,,,,,,,,,,,,,,,,,,,,,", u3145 ,m207,,
106375, u3145 ," What about a loan?  You could go to the bank...?,,,,,,,,,,,,,,,,,,,,,,,,,,,,,,,", u3154 ,m207,,
106376, u3154 ," Yeah, and needless to say, none of us has that kind of money lying around."",,,,,,,,,,,,,,,,,,,,,,,,,,,,,,,", u3145 ,m207,,
106377, u3145 ," Nine hundred...,,,,,,,,,,,,,,,,,,,,,,,,,,,,,,,", u3154 ,m207,,
106378, u3154 ," It's gonna cost over nine hundred dollars to open the place, Delly."",,,,,,,,,,,,,,,,,,,,,,,,,,,,,,,", u3145 ,m207,,
106379, u3145 ," You know, everyone's so excited about the Bijou re-opening..."",,,,,,,,,,,,,,,,,,,,,,,,,,,,,,,", u3154 ,m207,,
106380, u3154 ," Oh.,,,,,,,,,,,,,,,,,,,,,,,,,,,,,,,", u3145 ,m207,,
106381, u3145 ," We've done this before, so many times.  The last time was so long ago, but it feels like yesterday."",,,,,,,,,,,,,,,,,,,,,,,,,,,,,,,", u3154 ,m207,,
106382, u3154 ," What?,,,,,,,,,,,,,,,,,,,,,,,,,,,,,,,", u3145 ,m207,,
106383, u3145 ," This is strange.  Do you feel it?,,,,,,,,,,,,,,,,,,,,,,,,,,,,,,,", u3145 ,m207,,
106384, u3145 ," ... and It's just... well, deja vu."",,,,,,,,,,,,,,,,,,,,,,,,,,,,,,,", u3154 ,m207,,
106385, u3154 ," Oh...,,,,,,,,,,,,,,,,,,,,,,,,,,,,,,,", u3145 ,m207,,
106386, u3145 ," No... you were wearing that suit the last time we went out before...,,,,,,,,,,,,,,,,,,,,,,,,,,,,,,,", u3145 ,m207,,
106387, u3145 ," Eventually.  We were going to be  engaged... when you came back from  overseas...,,,,,,,,,,,,,,,,,,,,,,,,,,,,,,,", u3154 ,m207,,
106388, u3154 ," Were we going to get married?,,,,,,,,,,,,,,,,,,,,,,,,,,,,,,,", u3145 ,m207,,
106389, u3145 ," I'm  fine.  Really.  ,,,,,,,,,,,,,,,,,,,,,,,,,,,,,,,", u3154 ,m207,,
106390, u3154 ," Do you have the...,,,,,,,,,,,,,,,,,,,,,,,,,,,,,,,", u3145 ,m207,,
106391, u3145 ," Nothing.  ,,,,,,,,,,,,,,,,,,,,,,,,,,,,,,,", u3154 ,m207,,
106392, u3154 ," What was that?,,,,,,,,,,,,,,,,,,,,,,,,,,,,,,,", u3145 ,m207,,
106393, u3145 ," Yes.  Hic!,,,,,,,,,,,,,,,,,,,,,,,,,,,,,,,", u3154 ,m207,,
106394, u3154 ," We were in love... weren't we?,,,,,,,,,,,,,,,,,,,,,,,,,,,,,,,", u3145 ,m207,,
106395, u3145 ," Yeah...,,,,,,,,,,,,,,,,,,,,,,,,,,,,,,,", u3154 ,m207,,
106396, u3154 ," No, you are.  I know exactly what you mean.  It's not that you're missing something.  It's that the other person gives something to you... that you had all the time. You just didn't see it until they came along."",,,,,,,,,,,,,,,,,,,,,,,,,,,,,,,", u3145 ,m207,,
106397, u3145 ," No, it's okay.  See, when two people belong together, the other person should be the... the key that unlocks the rest of you... I'm not making sense, am I?"",,,,,,,,,,,,,,,,,,,,,,,,,,,,,,,", u3154 ,m207,,
106398, u3154 ," I'm sorry.,,,,,,,,,,,,,,,,,,,,,,,,,,,,,,,", u3145 ,m207,,
106399, u3145 ," Actually, I was married.  For four years.  But... well, we didn't fit together.  I'm divorced now."",,,,,,,,,,,,,,,,,,,,,,,,,,,,,,,", u3154 ,m207,,
106400, u3154 ," You don't have a boyfriend or anyone... you know... like that?,,,,,,,,,,,,,,,,,,,,,,,,,,,,,,,", u3145 ,m207,,
106401, u3145 ," Oh, well... I guess you... in high school, you were a pretty good first baseman.  And we were on the debate team together.  But... I think you were gonna run the Bijou. You were brought up there, and you loved it so much.  And I think you knew how much the town needed a place like that."",,,,,,,,,,,,,,,,,,,,,,,,,,,,,,,", u3154 ,m207,,
106402, u3154 ," What did... what did I want to be?,,,,,,,,,,,,,,,,,,,,,,,,,,,,,,,", u3145 ,m207,,
106403, u3145 ," You... don't remember, but yes, ever since I was a little girl."",,,,,,,,,,,,,,,,,,,,,,,,,,,,,,,", u3154 ,m207,,
106404, u3154 ," Have you always wanted to be a lawyer?,,,,,,,,,,,,,,,,,,,,,,,,,,,,,,,", u3145 ,m207,,
106405, u3145 ," Sorry.  You don't know how many times I've heard that.  """"A lady lawyer?  Are you crazy?""""  Like a woman couldn't be as good a lawyer as a man.  Or better, in fact."",,,,,,,,,,,,,,,,,,,,,,,,,,,,,,,", u3154 ,m207,,
106406, u3154 ," Whoa.,,,,,,,,,,,,,,,,,,,,,,,,,,,,,,,", u3145 ,m207,,
106407, u3145 ," And why not?,,,,,,,,,,,,,,,,,,,,,,,,,,,,,,,", u3154 ,m207,,
106408, u3154 ," So, you're really gonna be a lawyer?"",,,,,,,,,,,,,,,,,,,,,,,,,,,,,,,", u3145 ,m207,,
106409, u3145 ," After they commissioned it, no one could ever agree on where to put it.  The Methodists wanted it in front of the Methodist Church, the Presbyterians wanted it in front of the Presbyterian Church, the city council wanted it in the lobby of City Hall.  Everyone finally got tired of the fighting.  So they stuck it down here."",,,,,,,,,,,,,,,,,,,,,,,,,,,,,,,", u3154 ,m207,,
106410, u3154 ," It doesn't seem right, this being down here.  It ought to be where people can see it."",,,,,,,,,,,,,,,,,,,,,,,,,,,,,,,", u3145 ,m207,,
106411, u3145 ," Right here.  """"Albert Lucas Trumbo."""" And all the others.  I knew them all.  So did you.  We went to school with most of them."",,,,,,,,,,,,,,,,,,,,,,,,,,,,,,,", u3145 ,m207,,
106412, u3145 ," Through the door.  It comes apart.,,,,,,,,,,,,,,,,,,,,,,,,,,,,,,,", u3154 ,m207,,
106413, u3154 ," How'd they get it inside?,,,,,,,,,,,,,,,,,,,,,,,,,,,,,,,", u3145 ,m207,,
106414, u3145 ," Of course, there was a lot more room before they stuck the memorial down here."",,,,,,,,,,,,,,,,,,,,,,,,,,,,,,,", u3145 ,m207,,
106415, u3145 ," Be a gentleman.  You have to help me down.,,,,,,,,,,,,,,,,,,,,,,,,,,,,,,,", u3154 ,m207,,
106416, u3154 ," Why me?,,,,,,,,,,,,,,,,,,,,,,,,,,,,,,,", u3145 ,m207,,
106417, u3145 ," You first.,,,,,,,,,,,,,,,,,,,,,,,,,,,,,,,", u3145 ,m207,,
106418, u3145 ," You must not remember anything. Come on.,,,,,,,,,,,,,,,,,,,,,,,,,,,,,,,", u3154 ,m207,,
106419, u3154 ," City hall?,,,,,,,,,,,,,,,,,,,,,,,,,,,,,,,", u3154 ,m207,,
106420, u3154 ," Well... where can we go?,,,,,,,,,,,,,,,,,,,,,,,,,,,,,,,", u3145 ,m207,,
106421, u3145 ," Then why do I feel like we're still being shadowed?,,,,,,,,,,,,,,,,,,,,,,,,,,,,,,,", u3154 ,m207,,
106422, u3154 ," Go on home, folks.  And thanks for the welcome."",,,,,,,,,,,,,,,,,,,,,,,,,,,,,,,", u3145 ,m207,,
106423, u3145 ," You can all go home, now.  He's not going anywhere."",,,,,,,,,,,,,,,,,,,,,,,,,,,,,,,", u3154 ,m207,,
106424, u3154 ," I did?  Huh!,,,,,,,,,,,,,,,,,,,,,,,,,,,,,,,", u3145 ,m207,,
106425, u3145 ," Yeah, a little.  I think you grew an inch or so.  And you've lost weight."",,,,,,,,,,,,,,,,,,,,,,,,,,,,,,,", u3154 ,m207,,
106426, u3154 ," I do?,,,,,,,,,,,,,,,,,,,,,,,,,,,,,,,", u3145 ,m207,,
106427, u3145 ," You look... different.,,,,,,,,,,,,,,,,,,,,,,,,,,,,,,,", u3154 ,m207,,
106428, u3154 ," Me too.,,,,,,,,,,,,,,,,,,,,,,,,,,,,,,,", u3145 ,m207,,
106429, u3145 ," No, I... I just wondering where you've been all this time."",,,,,,,,,,,,,,,,,,,,,,,,,,,,,,,", u3154 ,m207,,
106430, u3154 ," What.,,,,,,,,,,,,,,,,,,,,,,,,,,,,,,,", u3154 ,m207,,
106431, u3154 ," I've seen you before.  Your picture...,,,,,,,,,,,,,,,,,,,,,,,,,,,,,,,", u3145 ,m207,,
106432, u3145 ," Do you... remember me?,,,,,,,,,,,,,,,,,,,,,,,,,,,,,,,", u3146 ,m207,,
106433, u3146 ," Well, then, as what did you go?"",,,,,,,,,,,,,,,,,,,,,,,,,,,,,,,", u3157 ,m207,,
106434, u3157 ," That's not a contradiction at all, sir.  I went to the meeting, but I didn't go as a member."",,,,,,,,,,,,,,,,,,,,,,,,,,,,,,,", u3146 ,m207,,
106435, u3146 ," Yet you're contradicting yourself. You earlier testified that you attended a meeting of a communist party-run organization, yet you just said, under oath, that you were not now -- nor ever -- a member of the communist party."",,,,,,,,,,,,,,,,,,,,,,,,,,,,,,,", u3157 ,m207,,
106436, u3157 ," I'm not refuting anything.,,,,,,,,,,,,,,,,,,,,,,,,,,,,,,,", u3146 ,m207,,
106437, u3146 ," Are you refuting this evidence and your previous testimony?,,,,,,,,,,,,,,,,,,,,,,,,,,,,,,,", u3157 ,m207,,
106438, u3157 ," No, sir."",,,,,,,,,,,,,,,,,,,,,,,,,,,,,,,", u3146 ,m207,,
106439, u3146 ," Are you now, or have you ever been, a member of the communist party?"",,,,,,,,,,,,,,,,,,,,,,,,,,,,,,,", u3146 ,m207,,
106440, u3146 ," Mr. Chairman, the witness is being non-responsive..."",,,,,,,,,,,,,,,,,,,,,,,,,,,,,,,", u3157 ,m207,,
106441, u3157 ," Well, I know that I lost my job because of one meeting I went to when I was a kid in college.  I know that I've been branded a communist, which I'm not, but even if I was, it shouldn't matter, or what do we have a Bill Of Rights for?"",,,,,,,,,,,,,,,,,,,,,,,,,,,,,,,", u3146 ,m207,,
106442, u3146 ," All right, Mr. Appleton.  That was what you knew then.  What do you know now?"",,,,,,,,,,,,,,,,,,,,,,,,,,,,,,,", u3157 ,m207,,
106443, u3157 ," Well, if you'd seen Miss Angstrom..."",,,,,,,,,,,,,,,,,,,,,,,,,,,,,,,", u3146 ,m207,,
106444, u3146 ," Are you asking this committee to believe that you attended a meeting of a communist party front organization in order to impress a girl?,,,,,,,,,,,,,,,,,,,,,,,,,,,,,,,", u3157 ,m207,,
106445, u3157 ," Well, that's what I knew then.  Or who I knew, I should say.  You see, I was trying to court Miss Angstrom.  I went to the meeting to impress her."",,,,,,,,,,,,,,,,,,,,,,,,,,,,,,,", u3146 ,m207,,
106446, u3146 ," We see it.  For the record, it reads """"Lucille Angstrom.""""  What's the point of this?"",,,,,,,,,,,,,,,,,,,,,,,,,,,,,,,", u3157 ,m207,,
106447, u3157 ," Well, I'd direct the attention of counsel and committee to line thirty-six of the document, and the name printed and signed there."",,,,,,,,,,,,,,,,,,,,,,,,,,,,,,,", u3146 ,m207,,
106448, u3146 ," Start with what you knew then.,,,,,,,,,,,,,,,,,,,,,,,,,,,,,,,", u3157 ,m207,,
106449, u3157 ," Mr. Clyde, do you want to know what I knew then, or do you want to know what I know now?  They're two different things?"",,,,,,,,,,,,,,,,,,,,,,,,,,,,,,,", u3146 ,m207,,
106450, u3146 ," Mr. Appleton, please tell this committee what was the nature and purpose of the """"Bread Instead of Bullets Club?"""""",,,,,,,,,,,,,,,,,,,,,,,,,,,,,,,", u3157 ,m207,,
106451, u3157 ," Yes it does.,,,,,,,,,,,,,,,,,,,,,,,,,,,,,,,", u3146 ,m207,,
106452, u3146 ," Referring to line thirty-seven of the document, does your printed name and signature appear there?"",,,,,,,,,,,,,,,,,,,,,,,,,,,,,,,", u3157 ,m207,,
106453, u3157 ," Yes... yes, I do."",,,,,,,,,,,,,,,,,,,,,,,,,,,,,,,", u3146 ,m207,,
106454, u3146 ," Good.  Good.  Now, I hold in my hand a photostatic copy of the attendance roster for the """"Bread Instead of Bullets Club"""" of the University of California, Los Angeles, dated October 11, 1935.  A copy of this paper is before you, Mr. Appleton. Do you recognize it?"",,,,,,,,,,,,,,,,,,,,,,,,,,,,,,,", u3157 ,m207,,
106455, u3157 ," Mr. Clyde, I remember everything."",,,,,,,,,,,,,,,,,,,,,,,,,,,,,,,", u3146 ,m207,,
106456, u3146 ," I'm interested in knowing if you remember things you did in your past, or if they've been conveniently """"blotted out"""" as a result of your """"accident."""""",,,,,,,,,,,,,,,,,,,,,,,,,,,,,,,", u3157 ,m207,,
106457, u3157 ," Sir, are you referring to the fact that I was suffering from amnesia, and I've since recovered my memory?"",,,,,,,,,,,,,,,,,,,,,,,,,,,,,,,", u3146 ,m207,,
106458, u3146 ," And what is the state of your memory now?,,,,,,,,,,,,,,,,,,,,,,,,,,,,,,,", u3157 ,m207,,
106459, u3157 ," Yes.,,,,,,,,,,,,,,,,,,,,,,,,,,,,,,,", u3146 ,m207,,
106460, u3146 ," Anyone who reads the newspaper is quite familiar with your... """"accident,"""" Mr. Appleton.  An accident which, conveniently, came hard upon your dismissal from United Pictures.  Tell us, this """"accident"""" of yours, are we given to understand that it affected your memory?"",,,,,,,,,,,,,,,,,,,,,,,,,,,,,,,", u3157 ,m207,,
106461, u3157 ," Yes sir.  But I didn't go to Lawson to run The Bijou, that was... that was something that just happened. You see, I was involved in an accident in Lawson, and I spent some time recovering there."",,,,,,,,,,,,,,,,,,,,,,,,,,,,,,,", u3146 ,m207,,
106462, u3146 ," Now, I see that you've been running a movie theater in Lawson called """"The Bijou,"""" is that also true?"",,,,,,,,,,,,,,,,,,,,,,,,,,,,,,,", u3146 ,m207,,
106463, u3146 ," Well, I'm sure we're all glad to see you came through it all right."",,,,,,,,,,,,,,,,,,,,,,,,,,,,,,,", u3157 ,m207,,
106464, u3157 ," Yes, sir."",,,,,,,,,,,,,,,,,,,,,,,,,,,,,,,", u3146 ,m207,,
106465, u3146 ," Yes, I see that Private Trumbo was reported missing in action and is presumed dead.  I also see that you were posted stateside during the war.  Fort Dix?"",,,,,,,,,,,,,,,,,,,,,,,,,,,,,,,", u3157 ,m207,,
106466, u3157 ," Mr. Clyde you're twisting things around.  I wasn't masquerading. Luke Trumbo... Luke was a good man who gave his life for his country. I just... happen to look a little bit like him.  That's all.,,,,,,,,,,,,,,,,,,,,,,,,,,,,,,,", u3146 ,m207,,
106467, u3146 ," Is that because you were masquerading as Luke Trumbo while you were in Lawson?,,,,,,,,,,,,,,,,,,,,,,,,,,,,,,,", u3157 ,m207,,
106468, u3157 ," Luke Trumbo?  We never met.  But I'd like to think I know him.,,,,,,,,,,,,,,,,,,,,,,,,,,,,,,,", u3146 ,m207,,
106469, u3146 ," Mr. Appleton, do you know an """"Albert Lucas Trumbo?"""""",,,,,,,,,,,,,,,,,,,,,,,,,,,,,,,", u3157 ,m207,,
106470, u3157 ," Sir, that is true."",,,,,,,,,,,,,,,,,,,,,,,,,,,,,,,", u3147 ,m207,,
106471, u3147 ," Mr. Appleton, you will..."",,,,,,,,,,,,,,,,,,,,,,,,,,,,,,,", u3157 ,m207,,
106472, u3157 ," Mr. Chairman... there's... another Amendment... that I'd like to invoke at this time, but it's not the Fifth Amendment.  I wonder if you're familiar with it."",,,,,,,,,,,,,,,,,,,,,,,,,,,,,,,", u3147 ,m207,,
106473, u3147 ," Go ahead, son."",,,,,,,,,,,,,,,,,,,,,,,,,,,,,,,", u3157 ,m207,,
106474, u3157 ," I... I need a drink of water.,,,,,,,,,,,,,,,,,,,,,,,,,,,,,,,", u3147 ,m207,,
106475, u3147 ," Mr. Appleton?  Mr. Appleton?,,,,,,,,,,,,,,,,,,,,,,,,,,,,,,,", u3157 ,m207,,
106476, u3157 ," I'm sorry, sir, I have no intention of making light of this committee. And I have no intention of incurring your wrath, Mr. Chairman. I have a few friends who have already incurred your wrath. They've sent me letters from jail."",,,,,,,,,,,,,,,,,,,,,,,,,,,,,,,", u3147 ,m207,,
106477, u3147 ," Mr. Appleton, you are making light of a legally constituted committee of the United States Congress. Believe you me, you do not want to incur our wrath."",,,,,,,,,,,,,,,,,,,,,,,,,,,,,,,", u3147 ,m207,,
106478, u3147 ," The witness need not be hesitant to say anything before this committee, as long as it's the truth."",,,,,,,,,,,,,,,,,,,,,,,,,,,,,,,", u3157 ,m207,,
106479, u3157 ," I'm a little hesitant to say.,,,,,,,,,,,,,,,,,,,,,,,,,,,,,,,", u3157 ,m207,,
106480, u3157 ," Um... no.  I don't have a statement at this time.,,,,,,,,,,,,,,,,,,,,,,,,,,,,,,,", u3147 ,m207,,
106481, u3147 ," Yes.  A prepared statement.,,,,,,,,,,,,,,,,,,,,,,,,,,,,,,,", u3157 ,m207,,
106482, u3157 ," A statement?,,,,,,,,,,,,,,,,,,,,,,,,,,,,,,,", u3147 ,m207,,
106483, u3147 ," Now, we're informed that you have a statement you'd like to read, is that correct?"",,,,,,,,,,,,,,,,,,,,,,,,,,,,,,,", u3157 ,m207,,
106484, u3157 ," I'll do my best, Mr. Chairman."",,,,,,,,,,,,,,,,,,,,,,,,,,,,,,,", u3147 ,m207,,
106485, u3147 ," The chair notes that you are appearing without the benefit of counsel today, Mr. Appleton.  We certainly hope this means that you intend to be fully forthcoming with this committee?"",,,,,,,,,,,,,,,,,,,,,,,,,,,,,,,", u3157 ,m207,,
106486, u3157 ," Peter Kenneth Appleton.  Hollywood, California."",,,,,,,,,,,,,,,,,,,,,,,,,,,,,,,", u3147 ,m207,,
106487, u3147 ," Be seated and state your full name and place of residence for the record.,,,,,,,,,,,,,,,,,,,,,,,,,,,,,,,", u3157 ,m207,,
106488, u3157 ," I do.,,,,,,,,,,,,,,,,,,,,,,,,,,,,,,,", u3147 ,m207,,
106489, u3147 ," Do you swear that the testimony you are about to give before this committee of the United States House of Representatives will be the truth, the whole truth, and nothing but the truth, so help you god?"",,,,,,,,,,,,,,,,,,,,,,,,,,,,,,,", u3148 ,m207,,
106490, u3148 ," Don't mention it.  Welcome home, Luke."",,,,,,,,,,,,,,,,,,,,,,,,,,,,,,,", u3150 ,m207,,
106491, u3150 ," Thanks for the lift, Cecil."",,,,,,,,,,,,,,,,,,,,,,,,,,,,,,,", u3150 ,m207,,
106492, u3150 ," Well, son, you're home!"",,,,,,,,,,,,,,,,,,,,,,,,,,,,,,,", u3148 ,m207,,
106493, u3148 ," Here we are.,,,,,,,,,,,,,,,,,,,,,,,,,,,,,,,", u3148 ,m207,,
106494, u3148 ," Ben, when's Delly due back?"",,,,,,,,,,,,,,,,,,,,,,,,,,,,,,,", u3150 ,m207,,
106495, u3150 ," Only one in town.  Get in, son."",,,,,,,,,,,,,,,,,,,,,,,,,,,,,,,", u3150 ,m207,,
106496, u3150 ," Listen to me!  The young man in there...,,,,,,,,,,,,,,,,,,,,,,,,,,,,,,,", u3148 ,m207,,
106497, u3148 ," Lord love a duck, Harry, you wanna give me a heart attack right in front of the doctor's office?"",,,,,,,,,,,,,,,,,,,,,,,,,,,,,,,", u3150 ,m207,,
106498, u3150 ," Cecil!  Cecil, there's a young man in there..."",,,,,,,,,,,,,,,,,,,,,,,,,,,,,,,", u3148 ,m207,,
106499, u3148 ," Exactly.  Break it to her gently.,,,,,,,,,,,,,,,,,,,,,,,,,,,,,,,", u3152 ,m207,,
106500, u3152 ," Tomorrow afternoon...  ... oh my god...,,,,,,,,,,,,,,,,,,,,,,,,,,,,,,,", u3148 ,m207,,
106501, u3148 ," Give the man a hug, boy!  That's your father!"",,,,,,,,,,,,,,,,,,,,,,,,,,,,,,,", u3152 ,m207,,
106502, u3152 ," Mother o'god...,,,,,,,,,,,,,,,,,,,,,,,,,,,,,,,", u3148 ,m207,,
106503, u3148 ," Shhhhhh.,,,,,,,,,,,,,,,,,,,,,,,,,,,,,,,", u3152 ,m207,,
106504, u3152 ," Are you saying that he's...,,,,,,,,,,,,,,,,,,,,,,,,,,,,,,,", u3152 ,m207,,
106505, u3152 ," By all means.,,,,,,,,,,,,,,,,,,,,,,,,,,,,,,,", u3148 ,m207,,
106506, u3148 ," Doc, with your permission, I want to bring someone in here.  Maybe it'll jar this young man's memory."",,,,,,,,,,,,,,,,,,,,,,,,,,,,,,,", u3148 ,m207,,
106507, u3148 ," What I'm thinkin' is we got us one a'two things here.  A mystery or a damn miracle.  And by god I can't tell which.  Boy, you say you have no idea who you are?  That right?"",,,,,,,,,,,,,,,,,,,,,,,,,,,,,,,", u3152 ,m207,,
106508, u3152 ," No identification at all.  What're you thinkin', Cecil?"",,,,,,,,,,,,,,,,,,,,,,,,,,,,,,,", u3148 ,m207,,
106509, u3148 ," No wallet, huh?"",,,,,,,,,,,,,,,,,,,,,,,,,,,,,,,", u3157 ,m207,,
106510, u3157 ," I don't know what else to tell you. I wasn't hiding out.  I hit my head and I didn't remember anything until a few days ago.,,,,,,,,,,,,,,,,,,,,,,,,,,,,,,,", u3148 ,m207,,
106511, u3148 ," Well, no, but these gentlemen would like to get some answers..."",,,,,,,,,,,,,,,,,,,,,,,,,,,,,,,", u3157 ,m207,,
106512, u3157 ," The Bijou?,,,,,,,,,,,,,,,,,,,,,,,,,,,,,,,", u3148 ,m207,,
106513, u3148 ," C'mon, I'll give you two a lift back to the Bijou."",,,,,,,,,,,,,,,,,,,,,,,,,,,,,,,", u3157 ,m207,,
106514, u3157 ," I remember the picture... but I don't remember where I saw it.,,,,,,,,,,,,,,,,,,,,,,,,,,,,,,,", u3148 ,m207,,
106515, u3148 ," Or the Bijou.  Either one.,,,,,,,,,,,,,,,,,,,,,,,,,,,,,,,", u3157 ,m207,,
106516, u3157 ," """"It's a Wonderful Life?"""""",,,,,,,,,,,,,,,,,,,,,,,,,,,,,,,", u3148 ,m207,,
106517, u3148 ," The Jimmy Stewart picture?  I remember that one.  Saw it over at the Bijou.  So, you remember that, huh?"",,,,,,,,,,,,,,,,,,,,,,,,,,,,,,,", u3157 ,m207,,
106518, u3157 ," """"It's a Wonderful Life."""""",,,,,,,,,,,,,,,,,,,,,,,,,,,,,,,", u3148 ,m207,,
106519, u3148 ," What's that?,,,,,,,,,,,,,,,,,,,,,,,,,,,,,,,", u3157 ,m207,,
106520, u3157 ," Well, this place sorta reminds me of something."",,,,,,,,,,,,,,,,,,,,,,,,,,,,,,,", u3148 ,m207,,
106521, u3148 ," But what?,,,,,,,,,,,,,,,,,,,,,,,,,,,,,,,", u3157 ,m207,,
106522, u3157 ," No.  But...,,,,,,,,,,,,,,,,,,,,,,,,,,,,,,,", u3148 ,m207,,
106523, u3148 ," You ever been in this town before, to your knowledge?"",,,,,,,,,,,,,,,,,,,,,,,,,,,,,,,", u3157 ,m207,,
106524, u3157 ," Yes.,,,,,,,,,,,,,,,,,,,,,,,,,,,,,,,", u3154 ,m207,,
106525, u3154 ," Mr. Fitts, with all due respect, I think Lawson needs the Bijou a bit more than it needs a super market. And I think Lawson deserves the Bijou.  There's not a lot that can be done to help us get past the pain we've all felt..."",,,,,,,,,,,,,,,,,,,,,,,,,,,,,,,", u3149 ,m207,,
106526, u3149 ," So... you do intend to fix the place up after all?,,,,,,,,,,,,,,,,,,,,,,,,,,,,,,,", u3149 ,m207,,
106527, u3149 ," You think it over.  No reason to risk financial ruin for the sake of a crumbling old building.,,,,,,,,,,,,,,,,,,,,,,,,,,,,,,,", u3154 ,m207,,
106528, u3154 ," A super market.  Huh.,,,,,,,,,,,,,,,,,,,,,,,,,,,,,,,", u3149 ,m207,,
106529, u3149 ," The days of the storefront grocery are numbered.  I plan on putting up a free-standing supermarket.,,,,,,,,,,,,,,,,,,,,,,,,,,,,,,,", u3154 ,m207,,
106530, u3154 ," That's... well, that's very generous, but if you've already got a store...?"",,,,,,,,,,,,,,,,,,,,,,,,,,,,,,,", u3149 ,m207,,
106531, u3149 ," Luke, I'm hopping you can help him see the reality of the situation. I'll come to the point.  I want to buy the property, and I'm prepared to offer six-thousand dollars for it.  And that's just for the property, mind you.  If you want, I'll leave it to you and your father to dismantle and liquidate the building for whatever salvage value it has, and you keep those proceeds.  I just want the land."",,,,,,,,,,,,,,,,,,,,,,,,,,,,,,,", u3154 ,m207,,
106532, u3154 ," Well, he loves the place.  It's his home."",,,,,,,,,,,,,,,,,,,,,,,,,,,,,,,", u3149 ,m207,,
106533, u3149 ," I can only imagine.  You know, I spoke with your Dad last year about maybe taking the Bijou off his hands.  I don't think he gave it very much thought."",,,,,,,,,,,,,,,,,,,,,,,,,,,,,,,", u3154 ,m207,,
106534, u3154 ," We're gonna try.  Place needs a lot of work.,,,,,,,,,,,,,,,,,,,,,,,,,,,,,,,", u3149 ,m207,,
106535, u3149 ," And I hear you and Harry are planning on re-opening the Bijou.,,,,,,,,,,,,,,,,,,,,,,,,,,,,,,,", u3154 ,m207,,
106536, u3154 ," Thanks.,,,,,,,,,,,,,,,,,,,,,,,,,,,,,,,", u3149 ,m207,,
106537, u3149 ," Like Ernie said, we're all glad to have you back."",,,,,,,,,,,,,,,,,,,,,,,,,,,,,,,", u3154 ,m207,,
106538, u3154 ," Good to meet you.  Again.,,,,,,,,,,,,,,,,,,,,,,,,,,,,,,,", u3149 ,m207,,
106539, u3149 ," Luke, you probably don't remember me, Roscoe Fitts, I'm the grocer here in town."",,,,,,,,,,,,,,,,,,,,,,,,,,,,,,,", u3150 ,m207,,
106540, u3150 ," Don't tell me, I know about these things.  I've seen it before.  It's all right.  It's... all right. You're here.  Oh, God, I love you, son."",,,,,,,,,,,,,,,,,,,,,,,,,,,,,,,", u3154 ,m207,,
106541, u3154 ," You're not going anywhere, Harry."",,,,,,,,,,,,,,,,,,,,,,,,,,,,,,,", u3150 ,m207,,
106542, u3150 ," I'm not happy about this, mind you, but if I have to go, at least I'm going in my own bed, the same bed my Lily died in, and... knowing that my son is alive.  That's not too shabby, is it?"",,,,,,,,,,,,,,,,,,,,,,,,,,,,,,,", u3150 ,m207,,
106543, u3150 ," Vultures...,,,,,,,,,,,,,,,,,,,,,,,,,,,,,,,", u3154 ,m207,,
106544, u3154 ," A few.,,,,,,,,,,,,,,,,,,,,,,,,,,,,,,,", u3150 ,m207,,
106545, u3150 ," Anybody take it?,,,,,,,,,,,,,,,,,,,,,,,,,,,,,,,", u3154 ,m207,,
106546, u3154 ," I know.  Everyone went home.  We offered them refunds.,,,,,,,,,,,,,,,,,,,,,,,,,,,,,,,", u3150 ,m207,,
106547, u3150 ," Did you fix the damn film?  It broke in the last reel.,,,,,,,,,,,,,,,,,,,,,,,,,,,,,,,", u3154 ,m207,,
106548, u3154 ," Did I what?,,,,,,,,,,,,,,,,,,,,,,,,,,,,,,,", u3150 ,m207,,
106549, u3150 ," Did you... did you...,,,,,,,,,,,,,,,,,,,,,,,,,,,,,,,", u3154 ,m207,,
106550, u3154 ," I'm here.,,,,,,,,,,,,,,,,,,,,,,,,,,,,,,,", u3154 ,m207,,
106551, u3154 ," I know, I know... keep still."",,,,,,,,,,,,,,,,,,,,,,,,,,,,,,,", u3150 ,m207,,
106552, u3150 ," The film broke...,,,,,,,,,,,,,,,,,,,,,,,,,,,,,,,", u3154 ,m207,,
106553, u3154 ," Jesus...,,,,,,,,,,,,,,,,,,,,,,,,,,,,,,,", u3154 ,m207,,
106554, u3154 ," Six-thirty.  I thought we'd get an early start.,,,,,,,,,,,,,,,,,,,,,,,,,,,,,,,", u3150 ,m207,,
106555, u3150 ," Luke... what time is it?,,,,,,,,,,,,,,,,,,,,,,,,,,,,,,,", u3150 ,m207,,
106556, u3150 ," You know, since you've been back, that's the first time you've called me """"Dad."""""",,,,,,,,,,,,,,,,,,,,,,,,,,,,,,,", u3154 ,m207,,
106557, u3154 ," ... what?,,,,,,,,,,,,,,,,,,,,,,,,,,,,,,,", u3150 ,m207,,
106558, u3150 ," Ha!,,,,,,,,,,,,,,,,,,,,,,,,,,,,,,,", u3154 ,m207,,
106559, u3154 ," Dad, I..."",,,,,,,,,,,,,,,,,,,,,,,,,,,,,,,", u3150 ,m207,,
106560, u3150 ," Well, son, I wish I could've shown you more, but this is all that's left.  Just this one reel that never got sent back from a picture we showed here a long time ago. Nineteen twenty-five, to be exact..."",,,,,,,,,,,,,,,,,,,,,,,,,,,,,,,", u3154 ,m207,,
106561, u3154 ," Yes.,,,,,,,,,,,,,,,,,,,,,,,,,,,,,,,", u3150 ,m207,,
106562, u3150 ," Beautiful, wasn't it?"",,,,,,,,,,,,,,,,,,,,,,,,,,,,,,,", u3150 ,m207,,
106563, u3150 ," Oh, no, I..."",,,,,,,,,,,,,,,,,,,,,,,,,,,,,,,", u3154 ,m207,,
106564, u3154 ," Why don't you two get out there and dance?,,,,,,,,,,,,,,,,,,,,,,,,,,,,,,,", u3150 ,m207,,
106565, u3150 ," They're...,,,,,,,,,,,,,,,,,,,,,,,,,,,,,,,", u3154 ,m207,,
106566, u3154 ," And you have sixty-eight dollars and thirty-seven cents in the bank. Your only source of income are my veteran's death benefit of forty dollars a month, to which you're no longer entitled since I'm alive, and these ten dollar a month cash deposits you make.  What are those?"",,,,,,,,,,,,,,,,,,,,,,,,,,,,,,,", u3154 ,m207,,
106567, u3154 ," Between a new screen, paint, plumbing for the concession stand, and about a hundred other repairs around the theater... it's going to cost at least nine hundred dollars to get the Bijou into shape to open up."",,,,,,,,,,,,,,,,,,,,,,,,,,,,,,,", u3150 ,m207,,
106568, u3150 ," Yes?,,,,,,,,,,,,,,,,,,,,,,,,,,,,,,,", u3154 ,m207,,
106569, u3154 ," Well...,,,,,,,,,,,,,,,,,,,,,,,,,,,,,,,", u3150 ,m207,,
106570, u3150 ," Goodnight, son.  'Night, Delly."",,,,,,,,,,,,,,,,,,,,,,,,,,,,,,,", u3154 ,m207,,
106571, u3154 ," You bet.,,,,,,,,,,,,,,,,,,,,,,,,,,,,,,,", u3150 ,m207,,
106572, u3150 ," You two have a lot of catching up to do, I guess."",,,,,,,,,,,,,,,,,,,,,,,,,,,,,,,", u3154 ,m207,,
106573, u3154 ," I'll be home in a little while, Harry.  Don't wait up."",,,,,,,,,,,,,,,,,,,,,,,,,,,,,,,", u3154 ,m207,,
106574, u3154 ," Oh, hi Cue... Carl.  Sorry."",,,,,,,,,,,,,,,,,,,,,,,,,,,,,,,", u3150 ,m207,,
106575, u3150 ," Carl.  Friend of yours from high school.  Everybody calls him """"Cueball."""""",,,,,,,,,,,,,,,,,,,,,,,,,,,,,,,", u3154 ,m207,,
106576, u3154 ," ... Ernie.,,,,,,,,,,,,,,,,,,,,,,,,,,,,,,,", u3150 ,m207,,
106577, u3150 ," Ernie.,,,,,,,,,,,,,,,,,,,,,,,,,,,,,,,", u3150 ,m207,,
106578, u3150 ," Son, I think you loved the Bijou even more than I did.  You've got to remember that.  You've got to."",,,,,,,,,,,,,,,,,,,,,,,,,,,,,,,", u3154 ,m207,,
106579, u3154 ," But I...,,,,,,,,,,,,,,,,,,,,,,,,,,,,,,,", u3150 ,m207,,
106580, u3150 ," I know it's hard to believe, son, but this place, this little place this wasn't a theater then, this was a palace!  Any man, woman, child, you, me, it didn't matter, you bought your ticket and you walked in and you..."",,,,,,,,,,,,,,,,,,,,,,,,,,,,,,,", u3154 ,m207,,
106581, u3154 ," Yeah, I know, but poultry...?"",,,,,,,,,,,,,,,,,,,,,,,,,,,,,,,", u3150 ,m207,,
106582, u3150 ," Forty-two was a lean year around here.  The war had just started... you were gone less than a month... and we were coming off a bit of a drought as I recall.  Not everyone could ante up the price of a ticket, and a chicken's as good as money if you ask me.  At that time, it meant a lot to the folks around here to be able to come to the pictures."",,,,,,,,,,,,,,,,,,,,,,,,,,,,,,,", u3154 ,m207,,
106583, u3154 ," """"one fryer and two-dozen eggs?"""""",,,,,,,,,,,,,,,,,,,,,,,,,,,,,,,", u3150 ,m207,,
106584, u3150 ," Yes?,,,,,,,,,,,,,,,,,,,,,,,,,,,,,,,", u3154 ,m207,,
106585, u3154 ," """"Eight p.m. showtime, ninety-six admissions, receipts including concessions, $84.75... plus one fryer and two-dozen eggs."""""",,,,,,,,,,,,,,,,,,,,,,,,,,,,,,,", u3150 ,m207,,
106586, u3150 ," Gary Cooper.  And Barbara Stanwyck. Yowsa.,,,,,,,,,,,,,,,,,,,,,,,,,,,,,,,", u3154 ,m207,,
106587, u3154 ," """"February 10, 1942.  Picture 'Ball of Fire.'"""""",,,,,,,,,,,,,,,,,,,,,,,,,,,,,,,", u3154 ,m207,,
106588, u3154 ," Well, I'm the first one to admit that I don't know anything about bookkeeping, but there are some very interesting things in here."",,,,,,,,,,,,,,,,,,,,,,,,,,,,,,,", u3150 ,m207,,
106589, u3150 ," No, your mother did, then I did after she passed."",,,,,,,,,,,,,,,,,,,,,,,,,,,,,,,", u3154 ,m207,,
106590, u3154 ," Um... Harry?  Did I ever keep the books here?,,,,,,,,,,,,,,,,,,,,,,,,,,,,,,,", u3154 ,m207,,
106591, u3154 ," You know, I hate to bring this up, but screens and uniforms and paint and repairs are going to take money, which I'm willing to bet none of us has."",,,,,,,,,,,,,,,,,,,,,,,,,,,,,,,", u3150 ,m207,,
106592, u3150 ," I promised him a new uniform when we re-opened.  And you'll get one, too."",,,,,,,,,,,,,,,,,,,,,,,,,,,,,,,", u3150 ,m207,,
106593, u3150 ," Six-thirty.  I thought we'd get an early start.,,,,,,,,,,,,,,,,,,,,,,,,,,,,,,,", u3154 ,m207,,
106594, u3154 ," Oh.  What... what time is it?,,,,,,,,,,,,,,,,,,,,,,,,,,,,,,,", u3150 ,m207,,
106595, u3150 ," This is the staff of the Bijou.,,,,,,,,,,,,,,,,,,,,,,,,,,,,,,,", u3154 ,m207,,
106596, u3154 ," Who... are they?,,,,,,,,,,,,,,,,,,,,,,,,,,,,,,,", u3150 ,m207,,
106597, u3150 ," They couldn't wait to see you.,,,,,,,,,,,,,,,,,,,,,,,,,,,,,,,", u3150 ,m207,,
106598, u3150 ," Well, yes, that she was.  She certainly made this place a home."",,,,,,,,,,,,,,,,,,,,,,,,,,,,,,,", u3154 ,m207,,
106599, u3154 ," Mother.  She's beautiful.,,,,,,,,,,,,,,,,,,,,,,,,,,,,,,,", u3150 ,m207,,
106600, u3150 ," That's Lily.  Your mother, rest her soul."",,,,,,,,,,,,,,,,,,,,,,,,,,,,,,,", u3150 ,m207,,
106601, u3150 ," Oh, I had Irene and Old Tim but they really couldn't help much. Broke their hearts when we closed up.  Broke mine, too.  But now that you're back, well, things will be different around here, that's for sure.  C'mon, I'll show you where we live."",,,,,,,,,,,,,,,,,,,,,,,,,,,,,,,", u3154 ,m207,,
106602, u3154 ," Didn't you have any help?,,,,,,,,,,,,,,,,,,,,,,,,,,,,,,,", u3150 ,m207,,
106603, u3150 ," Well, after the war, with so many of the town's boys killed, people around here didn't much feel like going to the movies, I guess.  Some of 'em moved away -- Los Angeles, Sacramento, San Francisco.  Wasn't much to keep 'em here, I expect. And now with this """"television"""" thing -- people just aren't going out as much as they used to."",,,,,,,,,,,,,,,,,,,,,,,,,,,,,,,", u3154 ,m207,,
106604, u3154 ," Why?,,,,,,,,,,,,,,,,,,,,,,,,,,,,,,,", u3150 ,m207,,
106605, u3150 ," Hmmmm... after you left, it was difficult, and then Lily -- that's your mother -- she took ill and died... we haven't shown a picture since forty-eight."",,,,,,,,,,,,,,,,,,,,,,,,,,,,,,,", u3154 ,m207,,
106606, u3154 ," Exactly how long has the Bijou been closed?,,,,,,,,,,,,,,,,,,,,,,,,,,,,,,,", u3154 ,m207,,
106607, u3154 ," Ah.,,,,,,,,,,,,,,,,,,,,,,,,,,,,,,,", u3150 ,m207,,
106608, u3150 ," We've been closed for a while.,,,,,,,,,,,,,,,,,,,,,,,,,,,,,,,", u3154 ,m207,,
106609, u3154 ," Can't wait.,,,,,,,,,,,,,,,,,,,,,,,,,,,,,,,", u3150 ,m207,,
106610, u3150 ," Wait'll you see the inside!,,,,,,,,,,,,,,,,,,,,,,,,,,,,,,,", u3154 ,m207,,
106611, u3154 ," Nine and-a-half years...,,,,,,,,,,,,,,,,,,,,,,,,,,,,,,,", u3150 ,m207,,
106612, u3150 ," Nine and-a-half years ago.,,,,,,,,,,,,,,,,,,,,,,,,,,,,,,,", u3150 ,m207,,
106613, u3150 ," You joined up one month to the day after Pearl Harbor.  January seventh... nineteen forty-two.,,,,,,,,,,,,,,,,,,,,,,,,,,,,,,,", u3154 ,m207,,
106614, u3154 ," When did I leave?,,,,,,,,,,,,,,,,,,,,,,,,,,,,,,,", u3150 ,m207,,
106615, u3150 ," You never came back from the war. We were told you were missing and presumed dead.,,,,,,,,,,,,,,,,,,,,,,,,,,,,,,,", u3154 ,m207,,
106616, u3154 ," Ah.  Luke.  Luke.  I like it.,,,,,,,,,,,,,,,,,,,,,,,,,,,,,,,", u3150 ,m207,,
106617, u3150 ," Albert Lucas Trumbo.  But you've been """"Luke"""" since you were a baby."",,,,,,,,,,,,,,,,,,,,,,,,,,,,,,,", u3154 ,m207,,
106618, u3154 ," And... what's my name again?,,,,,,,,,,,,,,,,,,,,,,,,,,,,,,,", u3150 ,m207,,
106619, u3150 ," Harry, son.  Harry."",,,,,,,,,,,,,,,,,,,,,,,,,,,,,,,", u3154 ,m207,,
106620, u3154 ," Excuse me... what's your, um, your name?"",,,,,,,,,,,,,,,,,,,,,,,,,,,,,,,", u3151 ,m207,,
106621, u3151 ," Pete...,,,,,,,,,,,,,,,,,,,,,,,,,,,,,,,", u3157 ,m207,,
106622, u3157 ," 'Sides, car's right outside.  I'll be seein' ya, Jer."",,,,,,,,,,,,,,,,,,,,,,,,,,,,,,,", u3157 ,m207,,
106623, u3157 ," I'll save you the trouble.  I'm a cab.  There.  Did it myself.,,,,,,,,,,,,,,,,,,,,,,,,,,,,,,,", u3151 ,m207,,
106624, u3151 ," Then I'll call you a cab.,,,,,,,,,,,,,,,,,,,,,,,,,,,,,,,", u3157 ,m207,,
106625, u3157 ," Nope.  Can't.  We're through.,,,,,,,,,,,,,,,,,,,,,,,,,,,,,,,", u3151 ,m207,,
106626, u3151 ," I wanna close up soon.  C'mon, let's call her."",,,,,,,,,,,,,,,,,,,,,,,,,,,,,,,", u3157 ,m207,,
106627, u3157 ," Sandra Sinclair.  Wanna know her real name?  Bella Iskowitz.  No one's who they really are, Jer. Everyone's someone else.  Even you. Even me.  Especially me.  I'm Peter Appleton, the communist who's not really a communist."",,,,,,,,,,,,,,,,,,,,,,,,,,,,,,,", u3151 ,m207,,
106628, u3151 ," Gimmee her number, I'll have her pick you up."",,,,,,,,,,,,,,,,,,,,,,,,,,,,,,,", u3157 ,m207,,
106629, u3157 ," Sandra Sinclair.,,,,,,,,,,,,,,,,,,,,,,,,,,,,,,,", u3151 ,m207,,
106630, u3151 ," Pete... go home.  Come on, I'll call that girlfriend of yours, what's her name... Sandy?"",,,,,,,,,,,,,,,,,,,,,,,,,,,,,,,", u3157 ,m207,,
106631, u3157 ," This is not a bender yet.  This is the start of a bender.  But I can see how you were confused, they look a lot alike."",,,,,,,,,,,,,,,,,,,,,,,,,,,,,,,", u3151 ,m207,,
106632, u3151 ," Sure, I suppose.  That why you're on a bender?"",,,,,,,,,,,,,,,,,,,,,,,,,,,,,,,", u3157 ,m207,,
106633, u3157 ," You know I'm not a communist, don't you, Jer?"",,,,,,,,,,,,,,,,,,,,,,,,,,,,,,,", u3151 ,m207,,
106634, u3151 ," You should watch what you say.  You don't know who's listening.,,,,,,,,,,,,,,,,,,,,,,,,,,,,,,,", u3157 ,m207,,
106635, u3157 ," Too bad.  He says I'm a communist.,,,,,,,,,,,,,,,,,,,,,,,,,,,,,,,", u3151 ,m207,,
106636, u3151 ," Pete, if J. Edgar Hoover walked in here wearing a dress, I wouldn't know him."",,,,,,,,,,,,,,,,,,,,,,,,,,,,,,,", u3157 ,m207,,
106637, u3157 ," Zackly.,,,,,,,,,,,,,,,,,,,,,,,,,,,,,,,", u3151 ,m207,,
106638, u3151 ," The G-man?,,,,,,,,,,,,,,,,,,,,,,,,,,,,,,,", u3157 ,m207,,
106639, u3157 ," You tight with J. Edgar Hoover?,,,,,,,,,,,,,,,,,,,,,,,,,,,,,,,", u3151 ,m207,,
106640, u3151 ," What.,,,,,,,,,,,,,,,,,,,,,,,,,,,,,,,", u3157 ,m207,,
106641, u3157 ," Thanks, Jerry.  Tell me something."",,,,,,,,,,,,,,,,,,,,,,,,,,,,,,,", u3157 ,m207,,
106642, u3157 ," Bought the bottle, didn't I?  To the United States of America. Long my she wave."",,,,,,,,,,,,,,,,,,,,,,,,,,,,,,,", u3151 ,m207,,
106643, u3151 ," Pete.  You think maybe you've had enough?,,,,,,,,,,,,,,,,,,,,,,,,,,,,,,,", u3157 ,m207,,
106644, u3157 ," We live in a theater?,,,,,,,,,,,,,,,,,,,,,,,,,,,,,,,", u3152 ,m207,,
106645, u3152 ," That's where you live.,,,,,,,,,,,,,,,,,,,,,,,,,,,,,,,", u3157 ,m207,,
106646, u3157 ," Wish I could say the same thing.,,,,,,,,,,,,,,,,,,,,,,,,,,,,,,,", u3152 ,m207,,
106647, u3152 ," ... sorry 'bout that, but you do look familiar to me."",,,,,,,,,,,,,,,,,,,,,,,,,,,,,,,", u3152 ,m207,,
106648, u3152 ," Thanks.  Well, Sheriff's on his way over, and maybe we can get to the bottom of who you are..."",,,,,,,,,,,,,,,,,,,,,,,,,,,,,,,", u3157 ,m207,,
106649, u3157 ," She's very pretty.,,,,,,,,,,,,,,,,,,,,,,,,,,,,,,,", u3152 ,m207,,
106650, u3152 ," That's me and my daughter Adele. My pride and joy.  Charms the fish right out of the lake, she does."",,,,,,,,,,,,,,,,,,,,,,,,,,,,,,,", u3152 ,m207,,
106651, u3152 ," Well, at least you remember """"Moby Dick."""""",,,,,,,,,,,,,,,,,,,,,,,,,,,,,,,", u3157 ,m207,,
106652, u3157 ," Call me... Ishmael?,,,,,,,,,,,,,,,,,,,,,,,,,,,,,,,", u3152 ,m207,,
106653, u3152 ," What is it?,,,,,,,,,,,,,,,,,,,,,,,,,,,,,,,", u3152 ,m207,,
106654, u3152 ," It's okay, son.  We just need to call you something.  That's all."",,,,,,,,,,,,,,,,,,,,,,,,,,,,,,,", u3157 ,m207,,
106655, u3157 ," I... no, I... I just can't..."",,,,,,,,,,,,,,,,,,,,,,,,,,,,,,,", u3152 ,m207,,
106656, u3152 ," And you don't know your name or who you are, that right?"",,,,,,,,,,,,,,,,,,,,,,,,,,,,,,,", u3157 ,m207,,
106657, u3157 ," It's possible.  I just don't remember.,,,,,,,,,,,,,,,,,,,,,,,,,,,,,,,", u3152 ,m207,,
106658, u3152 ," Do you remember if you were driving a car?  Maybe you went over the bridge.  No guard rail there, it's easy to do.  It's happened before."",,,,,,,,,,,,,,,,,,,,,,,,,,,,,,,", u3157 ,m207,,
106659, u3157 ," Thanks.,,,,,,,,,,,,,,,,,,,,,,,,,,,,,,,", u3152 ,m207,,
106660, u3152 ," Here, one of mine."",,,,,,,,,,,,,,,,,,,,,,,,,,,,,,,", u3152 ,m207,,
106661, u3152 ," Lucky you got out, that water's got quite a pull, and it empties straight into the ocean."",,,,,,,,,,,,,,,,,,,,,,,,,,,,,,,", u3157 ,m207,,
106662, u3157 ," I guess I did.,,,,,,,,,,,,,,,,,,,,,,,,,,,,,,,", u3152 ,m207,,
106663, u3152 ," Well, you've been wet to the skin. You must've fallen in."",,,,,,,,,,,,,,,,,,,,,,,,,,,,,,,", u3157 ,m207,,
106664, u3157 ," I don't remember.  I guess so. Smells like it.  Tastes like it.,,,,,,,,,,,,,,,,,,,,,,,,,,,,,,,", u3152 ,m207,,
106665, u3152 ," Been drinkin' a bit, have we?"",,,,,,,,,,,,,,,,,,,,,,,,,,,,,,,", u3157 ,m207,,
106666, u3157 ," No, sir."",,,,,,,,,,,,,,,,,,,,,,,,,,,,,,,", u3152 ,m207,,
106667, u3152 ," Any idea how you got here, son?"",,,,,,,,,,,,,,,,,,,,,,,,,,,,,,,", u3152 ,m207,,
106668, u3152 ," Even if we could, and the move didn't kill him, there'd be very little we could do there that we can't do here.  I'm sorry."",,,,,,,,,,,,,,,,,,,,,,,,,,,,,,,", u3154 ,m207,,
106669, u3154 ," Can we get him to the hospital?,,,,,,,,,,,,,,,,,,,,,,,,,,,,,,,", u3152 ,m207,,
106670, u3152 ," It's a pretty massive heart attack. His lungs have filled with fluid, and, well... it seems as though his body is just... shutting down."",,,,,,,,,,,,,,,,,,,,,,,,,,,,,,,", u3152 ,m207,,
106671, u3152 ," No, I'm not much of a dancer."",,,,,,,,,,,,,,,,,,,,,,,,,,,,,,,", u3154 ,m207,,
106672, u3154 ," Aren't you coming?,,,,,,,,,,,,,,,,,,,,,,,,,,,,,,,", u3152 ,m207,,
106673, u3152 ," You kids off to the dance?,,,,,,,,,,,,,,,,,,,,,,,,,,,,,,,", u3154 ,m207,,
106674, u3154 ," Oh, you mean the suit.  Harry kept all my old clothes.  Fits okay, but it's a little big."",,,,,,,,,,,,,,,,,,,,,,,,,,,,,,,", u3152 ,m207,,
106675, u3152 ," Uh, no... just seeing you standing there, it reminded me... there's a word for it..."",,,,,,,,,,,,,,,,,,,,,,,,,,,,,,,", u3154 ,m207,,
106676, u3154 ," What's wrong?,,,,,,,,,,,,,,,,,,,,,,,,,,,,,,,", u3154 ,m207,,
106677, u3154 ," Evening, Doctor Lardner."",,,,,,,,,,,,,,,,,,,,,,,,,,,,,,,", u3152 ,m207,,
106678, u3152 ," Evening, Luke."",,,,,,,,,,,,,,,,,,,,,,,,,,,,,,,", u3161 ,m207,,
106679, u3161 ," Huh?  Oh, sure.  Just pull the door shut when you leave."",,,,,,,,,,,,,,,,,,,,,,,,,,,,,,,", u3153 ,m207,,
106680, u3153 ," Take a hike.  Am-scray.,,,,,,,,,,,,,,,,,,,,,,,,,,,,,,,", u3161 ,m207,,
106681, u3161 ," Huh?,,,,,,,,,,,,,,,,,,,,,,,,,,,,,,,", u3153 ,m207,,
106682, u3153 ," Here's three months rent, and a ten spot for no more questions and to keep an eye on his place.  Now, I need a moment alone."",,,,,,,,,,,,,,,,,,,,,,,,,,,,,,,", u3161 ,m207,,
106683, u3161 ," Thirty a month.,,,,,,,,,,,,,,,,,,,,,,,,,,,,,,,", u3153 ,m207,,
106684, u3153 ," What's his rent?,,,,,,,,,,,,,,,,,,,,,,,,,,,,,,,", u3161 ,m207,,
106685, u3161 ," Well, his rent's past due and he said to call you in case of an emergency.  He lose his job or somethin'?"",,,,,,,,,,,,,,,,,,,,,,,,,,,,,,,", u3153 ,m207,,
106686, u3153 ," Wouldn't blame him if he was.,,,,,,,,,,,,,,,,,,,,,,,,,,,,,,,", u3161 ,m207,,
106687, u3161 ," You think he's drunk somewhere?,,,,,,,,,,,,,,,,,,,,,,,,,,,,,,,", u3161 ,m207,,
106688, u3161 ," Hey, it's the best way to tell."",,,,,,,,,,,,,,,,,,,,,,,,,,,,,,,", u3153 ,m207,,
106689, u3153 ," Jesus.,,,,,,,,,,,,,,,,,,,,,,,,,,,,,,,", u3161 ,m207,,
106690, u3161 ," Don't smell nothin'.  He must not be dead in here.,,,,,,,,,,,,,,,,,,,,,,,,,,,,,,,", u3153 ,m207,,
106691, u3153 ," You smell gas?,,,,,,,,,,,,,,,,,,,,,,,,,,,,,,,", u3153 ,m207,,
106692, u3153 ," Climb down off your cross.  They already knew about her.  She was subpoenaed six months ago! Who the hell do you think named you?,,,,,,,,,,,,,,,,,,,,,,,,,,,,,,,", u3157 ,m207,,
106693, u3157 ," Thank me publicly?  For what?  For ruining this woman's life?,,,,,,,,,,,,,,,,,,,,,,,,,,,,,,,", u3153 ,m207,,
106694, u3153 ," So, our lawyers had a talk with the Committee's lawyers.  That Elvin Clyde fella won't be too happy about it, but we cut a deal. They cleared you -- and they're gonna thank you publicly for your testimony purging yourself."",,,,,,,,,,,,,,,,,,,,,,,,,,,,,,,", u3157 ,m207,,
106695, u3157 ," Oh god, oh, god, no, I..."",,,,,,,,,,,,,,,,,,,,,,,,,,,,,,,", u3153 ,m207,,
106696, u3153 ," You should keep track of your old school chums.  Turns out she eventually joined the communist party.  On top of which, she's Lucy Angstrom Hirschfeld now, and she happens to be a writer for """"Studio One"""" on CBS."",,,,,,,,,,,,,,,,,,,,,,,,,,,,,,,", u3157 ,m207,,
106697, u3157 ," Leo, she was... she was a girl I knew in college..."",,,,,,,,,,,,,,,,,,,,,,,,,,,,,,,", u3153 ,m207,,
106698, u3153 ," Well, that's not what they think."",,,,,,,,,,,,,,,,,,,,,,,,,,,,,,,", u3157 ,m207,,
106699, u3157 ," Her name was right there in front of them.  They gave it to me, I didn't give it to them."",,,,,,,,,,,,,,,,,,,,,,,,,,,,,,,", u3153 ,m207,,
106700, u3153 ," What, all of a sudden, """"Lucille Angstrom"""" isn't a name?"",,,,,,,,,,,,,,,,,,,,,,,,,,,,,,,", u3157 ,m207,,
106701, u3157 ," Leo, I didn't give them the names. I wouldn't do that."",,,,,,,,,,,,,,,,,,,,,,,,,,,,,,,", u3153 ,m207,,
106702, u3153 ," Kid, you gave them what they wanted.  This committee, it feeds on names.  The more names, the better.  But for some high-profile witnesses, like yourself, any name will do."",,,,,,,,,,,,,,,,,,,,,,,,,,,,,,,", u3157 ,m207,,
106703, u3157 ," What do you mean?,,,,,,,,,,,,,,,,,,,,,,,,,,,,,,,", u3153 ,m207,,
106704, u3153 ," Peter, I'm an agent.  I buy lunches and get deals made for guys like you.  That's what I do.  You're a writer.  You write pictures. That's what you do.  And trust me, you'll be back doing it again tomorrow morning."",,,,,,,,,,,,,,,,,,,,,,,,,,,,,,,", u3153 ,m207,,
106705, u3153 ," What, you're going to go back to that hick town and run the projector and marry the doctor's daughter?"",,,,,,,,,,,,,,,,,,,,,,,,,,,,,,,", u3157 ,m207,,
106706, u3157 ," Besides, I don't even know if I want to write anymore."",,,,,,,,,,,,,,,,,,,,,,,,,,,,,,,", u3153 ,m207,,
106707, u3153 ," Not at all.,,,,,,,,,,,,,,,,,,,,,,,,,,,,,,,", u3157 ,m207,,
106708, u3157 ," Leo, you were in there, you saw what I did.  You think they're gonna let me write pictures?  Hell, they're probably gonna throw my ass in jail."",,,,,,,,,,,,,,,,,,,,,,,,,,,,,,,", u3153 ,m207,,
106709, u3153 ," Why not?,,,,,,,,,,,,,,,,,,,,,,,,,,,,,,,", u3157 ,m207,,
106710, u3157 ," Not any more.,,,,,,,,,,,,,,,,,,,,,,,,,,,,,,,", u3153 ,m207,,
106711, u3153 ," Oh, I see.  But you're not Luke. You're Peter Appleton, the picture writer."",,,,,,,,,,,,,,,,,,,,,,,,,,,,,,,", u3157 ,m207,,
106712, u3157 ," Luke didn't smoke.,,,,,,,,,,,,,,,,,,,,,,,,,,,,,,,", u3153 ,m207,,
106713, u3153 ," When'd you quit smoking?,,,,,,,,,,,,,,,,,,,,,,,,,,,,,,,", u3157 ,m207,,
106714, u3157 ," No thanks.,,,,,,,,,,,,,,,,,,,,,,,,,,,,,,,", u3153 ,m207,,
106715, u3153 ," Cigarette?,,,,,,,,,,,,,,,,,,,,,,,,,,,,,,,", u3153 ,m207,,
106716, u3153 ," No, of course not, why should you be sorry?  You're the new Peter Appleton.  You exercised your rights as a solid citizen, first amendment, freedom of speech, all that.  Very noble."",,,,,,,,,,,,,,,,,,,,,,,,,,,,,,,", u3157 ,m207,,
106717, u3157 ," I'm not sorry for what I said.,,,,,,,,,,,,,,,,,,,,,,,,,,,,,,,", u3153 ,m207,,
106718, u3153 ," That was quite a show you gave them today.  We shoulda sold tickets.,,,,,,,,,,,,,,,,,,,,,,,,,,,,,,,", u3153 ,m207,,
106719, u3153 ," Peter, don't let that stop you all of a sudden."",,,,,,,,,,,,,,,,,,,,,,,,,,,,,,,", u3157 ,m207,,
106720, u3157 ," It's wrong, Leo."",,,,,,,,,,,,,,,,,,,,,,,,,,,,,,,", u3153 ,m207,,
106721, u3153 ," Lest we forget, Peter, your own military career was somewhat less illustrious than Luke's."",,,,,,,,,,,,,,,,,,,,,,,,,,,,,,,", u3157 ,m207,,
106722, u3157 ," That's not the country Luke fought for.,,,,,,,,,,,,,,,,,,,,,,,,,,,,,,,", u3153 ,m207,,
106723, u3153 ," Next time, it might be the FBI. The time after that, it might be the President.  But it'll always be someone.  Count on it."",,,,,,,,,,,,,,,,,,,,,,,,,,,,,,,", u3157 ,m207,,
106724, u3157 ," So it doesn't make any difference that I'm not one now, and have never been one."",,,,,,,,,,,,,,,,,,,,,,,,,,,,,,,", u3153 ,m207,,
106725, u3153 ," Exactly.,,,,,,,,,,,,,,,,,,,,,,,,,,,,,,,", u3157 ,m207,,
106726, u3157 ," And I won't be a communist anymore.,,,,,,,,,,,,,,,,,,,,,,,,,,,,,,,", u3153 ,m207,,
106727, u3153 ," However... you're gonna be subpoenaed to testify before the Un-American Activities Committee when they open hearings in Los Angeles.  Now, if you play ball and tell them what they want to hear, they'll clear you."",,,,,,,,,,,,,,,,,,,,,,,,,,,,,,,", u3157 ,m207,,
106728, u3157 ," Well, that's a relief.  I understand they usually don't let that stop them."",,,,,,,,,,,,,,,,,,,,,,,,,,,,,,,", u3153 ,m207,,
106729, u3153 ," The FBI can't arrest you, because you haven't done anything wrong."",,,,,,,,,,,,,,,,,,,,,,,,,,,,,,,", u3157 ,m207,,
106730, u3157 ," Yes.  Leo, goddammit... this isn't fair!"",,,,,,,,,,,,,,,,,,,,,,,,,,,,,,,", u3153 ,m207,,
106731, u3153 ," Don't say that.  There is no such thing as a blacklist.  Now, are you gonna play ball?"",,,,,,,,,,,,,,,,,,,,,,,,,,,,,,,", u3157 ,m207,,
106732, u3157 ," So, it is a blacklist."",,,,,,,,,,,,,,,,,,,,,,,,,,,,,,,", u3153 ,m207,,
106733, u3153 ," That's the one, """"Ashes To Ashes."""" I think it's great.  But it'll never get made with this communist business hanging over your head. You can't work until you're cleared -- and believe me, starting right now, I'm gonna do everything I can to make that happen."",,,,,,,,,,,,,,,,,,,,,,,,,,,,,,,", u3157 ,m207,,
106734, u3157 ," """"Ashes To Ashes?"""""",,,,,,,,,,,,,,,,,,,,,,,,,,,,,,,", u3153 ,m207,,
106735, u3153 ," Peter, I believe in you.  More to the point, I read your new script... um..."",,,,,,,,,,,,,,,,,,,,,,,,,,,,,,,", u3157 ,m207,,
106736, u3157 ," Yeah, well, that's enough."",,,,,,,,,,,,,,,,,,,,,,,,,,,,,,,", u3153 ,m207,,
106737, u3153 ," They don't want you to testify because you're not a big enough fish for them.  They just don't want you writing pictures for now. That's all.,,,,,,,,,,,,,,,,,,,,,,,,,,,,,,,", u3157 ,m207,,
106738, u3157 ," Why not?,,,,,,,,,,,,,,,,,,,,,,,,,,,,,,,", u3153 ,m207,,
106739, u3153 ," You can't testify.,,,,,,,,,,,,,,,,,,,,,,,,,,,,,,,", u3157 ,m207,,
106740, u3157 ," At least I was on our side!  Look, they want me to testify?  I'll testify.  I'll tell 'em anything they want to hear!  Jesus, Leo, this is my career!"",,,,,,,,,,,,,,,,,,,,,,,,,,,,,,,", u3153 ,m207,,
106741, u3153 ," You broke your arm.  You were coming out of a bar.  You were drunk.,,,,,,,,,,,,,,,,,,,,,,,,,,,,,,,", u3157 ,m207,,
106742, u3157 ," Exactly.,,,,,,,,,,,,,,,,,,,,,,,,,,,,,,,", u3153 ,m207,,
106743, u3153 ," I know.  A Purple Heart.,,,,,,,,,,,,,,,,,,,,,,,,,,,,,,,", u3157 ,m207,,
106744, u3157 ," I was decorated.,,,,,,,,,,,,,,,,,,,,,,,,,,,,,,,", u3153 ,m207,,
106745, u3153 ," Fought?  Come on, Pete, you ran the PX at Fort Dix."",,,,,,,,,,,,,,,,,,,,,,,,,,,,,,,", u3157 ,m207,,
106746, u3157 ," Leo, you're my agent.  Tell """"them"""" to take a flyin' piss.  I didn't do anything wrong.  I fought in the war, for crissakes!"",,,,,,,,,,,,,,,,,,,,,,,,,,,,,,,", u3153 ,m207,,
106747, u3153 ," They know you were at that meeting, Peter.  They've been told, and they know."",,,,,,,,,,,,,,,,,,,,,,,,,,,,,,,", u3157 ,m207,,
106748, u3157 ," What?  That I'm accused of being a communist when I don't happen to be one?,,,,,,,,,,,,,,,,,,,,,,,,,,,,,,,", u3153 ,m207,,
106749, u3153 ," Kid, that cuts no ice with them."",,,,,,,,,,,,,,,,,,,,,,,,,,,,,,,", u3157 ,m207,,
106750, u3157 ," I don't know who fingered me, but I'm not a communist!"",,,,,,,,,,,,,,,,,,,,,,,,,,,,,,,", u3153 ,m207,,
106751, u3153 ," You should watch what you say.,,,,,,,,,,,,,,,,,,,,,,,,,,,,,,,", u3157 ,m207,,
106752, u3157 ," Leo, I was trying to impress a skirt.  You know me, I'm non- political.  Republican, Democrat, Communist, there's not a dime's worth of difference between 'em anyway."",,,,,,,,,,,,,,,,,,,,,,,,,,,,,,,", u3153 ,m207,,
106753, u3153 ," So, you're saying that it's true. You went to a meeting of a known communist organization."",,,,,,,,,,,,,,,,,,,,,,,,,,,,,,,", u3157 ,m207,,
106754, u3157 ," No.  Yeah... I... I don't know. Maybe I did.  Leo, this was before Pearl Harbor.  I was in college. It was a bunch of kids, and I was just one of 'em.  I didn't believe in what they were saying.  Hell, I didn't even know what they were saying!"",,,,,,,,,,,,,,,,,,,,,,,,,,,,,,,", u3153 ,m207,,
106755, u3153 ," Congress, the FBI, Red Channels, it don't matter who the hell """"they"""" is.  """"They"""" know who """"they"""" are, that's all that matters.  Now, did you go to any meetings?"",,,,,,,,,,,,,,,,,,,,,,,,,,,,,,,", u3157 ,m207,,
106756, u3157 ," Who the hell is this """"they?"""""",,,,,,,,,,,,,,,,,,,,,,,,,,,,,,,", u3153 ,m207,,
106757, u3153 ," Are you saying it's a mistake, that you didn't go to any meetings? They say you did."",,,,,,,,,,,,,,,,,,,,,,,,,,,,,,,", u3157 ,m207,,
106758, u3157 ," I... I don't believe this.,,,,,,,,,,,,,,,,,,,,,,,,,,,,,,,", u3153 ,m207,,
106759, u3153 ," Peter, their hands are tied.  You see that, don't you?"",,,,,,,,,,,,,,,,,,,,,,,,,,,,,,,", u3155 ,m207,,
106760, u3155 ," You've got to talk to them before they tear the theater apart!,,,,,,,,,,,,,,,,,,,,,,,,,,,,,,,", u3154 ,m207,,
106761, u3154 ," What?,,,,,,,,,,,,,,,,,,,,,,,,,,,,,,,", u3155 ,m207,,
106762, u3155 ," Luke!  Luke, something's wrong! The film broke, and I can't raise Harry on the house phone!"",,,,,,,,,,,,,,,,,,,,,,,,,,,,,,,", u3155 ,m207,,
106763, u3155 ," Some of it might come back to you.,,,,,,,,,,,,,,,,,,,,,,,,,,,,,,,", u3154 ,m207,,
106764, u3154 ," No, I..."",,,,,,,,,,,,,,,,,,,,,,,,,,,,,,,", u3155 ,m207,,
106765, u3155 ," Sit.  Play with me.,,,,,,,,,,,,,,,,,,,,,,,,,,,,,,,", u3155 ,m207,,
106766, u3155 ," Oh dear, yes.  You were an excellent student, before all that clarinet nonsense.  You loved Chopin.  You used to call it """"heaven music.""""  """"Teach me some heaven music,"""" you used to say."",,,,,,,,,,,,,,,,,,,,,,,,,,,,,,,", u3154 ,m207,,
106767, u3154 ," I can play the piano?,,,,,,,,,,,,,,,,,,,,,,,,,,,,,,,", u3155 ,m207,,
106768, u3155 ," I taught you that.,,,,,,,,,,,,,,,,,,,,,,,,,,,,,,,", u3154 ,m207,,
106769, u3154 ," That was beautiful.,,,,,,,,,,,,,,,,,,,,,,,,,,,,,,,", u3155 ,m207,,
106770, u3155 ," Nineteen-oh-nine.,,,,,,,,,,,,,,,,,,,,,,,,,,,,,,,", u3154 ,m207,,
106771, u3154 ," When was that?,,,,,,,,,,,,,,,,,,,,,,,,,,,,,,,", u3155 ,m207,,
106772, u3155 ," I haven't danced with another man since Mr. Terwilliger passed.,,,,,,,,,,,,,,,,,,,,,,,,,,,,,,,", u3154 ,m207,,
106773, u3154 ," Oh.,,,,,,,,,,,,,,,,,,,,,,,,,,,,,,,", u3156 ,m207,,
106774, u3156 ," That's my r-r-rent.,,,,,,,,,,,,,,,,,,,,,,,,,,,,,,,", u3154 ,m207,,
106775, u3154 ," Yeah... me too.,,,,,,,,,,,,,,,,,,,,,,,,,,,,,,,", u3156 ,m207,,
106776, u3156 ," T-t-thank you.  Thank you.  I... I always... I always wanted to wear my uniform from the Great War, but your daddy, he always said no, that's not an usher's u-u-uniform, that's an army uniform and the Bijou, she's not the army.  They give me a medal, but I lost it in the h-h-hospital.  I forget things sometimes.  Since the w-w-war."",,,,,,,,,,,,,,,,,,,,,,,,,,,,,,,", u3154 ,m207,,
106777, u3154 ," Of course.,,,,,,,,,,,,,,,,,,,,,,,,,,,,,,,", u3156 ,m207,,
106778, u3156 ," We thought you was dead, you know.  It's okay that I live here?"",,,,,,,,,,,,,,,,,,,,,,,,,,,,,,,", u3154 ,m207,,
106779, u3154 ," Cat.  That's simple.  I like it.  Hi, Cat."",,,,,,,,,,,,,,,,,,,,,,,,,,,,,,,", u3156 ,m207,,
106780, u3156 ," Cat.,,,,,,,,,,,,,,,,,,,,,,,,,,,,,,,", u3154 ,m207,,
106781, u3154 ," So I guess this fellow belongs to you.  What's his name?,,,,,,,,,,,,,,,,,,,,,,,,,,,,,,,", u3154 ,m207,,
106782, u3154 ," Yeah.  I hope you don't mind.  I didn't know anyone lived here... well, besides Harry.  And me."",,,,,,,,,,,,,,,,,,,,,,,,,,,,,,,", u3156 ,m207,,
106783, u3156 ," Found me.,,,,,,,,,,,,,,,,,,,,,,,,,,,,,,,", u3154 ,m207,,
106784, u3154 ," Well, then, why do they call you """"Old Tim?"""""",,,,,,,,,,,,,,,,,,,,,,,,,,,,,,,", u3156 ,m207,,
106785, u3156 ," No.,,,,,,,,,,,,,,,,,,,,,,,,,,,,,,,", u3154 ,m207,,
106786, u3154 ," Is there a young Tim?,,,,,,,,,,,,,,,,,,,,,,,,,,,,,,,", u3156 ,m207,,
106787, u3156 ," I know more than you give me c-c- credit, that's for sure.  Don't you see, it don't m-m-matter who you are?  All that matters is what you g-g-gave us.  And you can't take that away now.  You're wrong, Peter Appleton.  You do belong here."",,,,,,,,,,,,,,,,,,,,,,,,,,,,,,,", u3157 ,m207,,
106788, u3157 ," I thought you...,,,,,,,,,,,,,,,,,,,,,,,,,,,,,,,", u3156 ,m207,,
106789, u3156 ," Did you think I didn't kn-kn-know that?,,,,,,,,,,,,,,,,,,,,,,,,,,,,,,,", u3157 ,m207,,
106790, u3157 ," My name isn't Luke.  It's Peter. Peter Appleton.,,,,,,,,,,,,,,,,,,,,,,,,,,,,,,,", u3156 ,m207,,
106791, u3156 ," Oh...,,,,,,,,,,,,,,,,,,,,,,,,,,,,,,,", u3157 ,m207,,
106792, u3157 ," I'm... I'm not Luke.  Luke is dead. He died in the war.  He's not coming back, and I'm not him.  I don't even belong here.  This whole thing started out as an accident, and that's all it is.  An accident."",,,,,,,,,,,,,,,,,,,,,,,,,,,,,,,", u3156 ,m207,,
106793, u3156 ," Oh.,,,,,,,,,,,,,,,,,,,,,,,,,,,,,,,", u3157 ,m207,,
106794, u3157 ," It's about me.,,,,,,,,,,,,,,,,,,,,,,,,,,,,,,,", u3156 ,m207,,
106795, u3156 ," Oh.,,,,,,,,,,,,,,,,,,,,,,,,,,,,,,,", u3157 ,m207,,
106796, u3157 ," Tim, I have to tell you something."",,,,,,,,,,,,,,,,,,,,,,,,,,,,,,,", u3156 ,m207,,
106797, u3156 ," They will.  They w-w-will.,,,,,,,,,,,,,,,,,,,,,,,,,,,,,,,", u3157 ,m207,,
106798, u3157 ," The customers?  I don't know...,,,,,,,,,,,,,,,,,,,,,,,,,,,,,,,", u3156 ,m207,,
106799, u3156 ," They'll come back, you know. They'll all c-c-come back."",,,,,,,,,,,,,,,,,,,,,,,,,,,,,,,", u3156 ,m207,,
106800, u3156 ," Thanks.,,,,,,,,,,,,,,,,,,,,,,,,,,,,,,,", u3157 ,m207,,
106801, u3157 ," Please, sit."",,,,,,,,,,,,,,,,,,,,,,,,,,,,,,,", u3157 ,m207,,
106802, u3157 ," Sure.  Come on in.  I was just packing.,,,,,,,,,,,,,,,,,,,,,,,,,,,,,,,", u3156 ,m207,,
106803, u3156 ," Can I... Can I t-t-talk to you?,,,,,,,,,,,,,,,,,,,,,,,,,,,,,,,", u3158 ,m207,,
106804, u3158 ," I'll have to think about this.  I have to get back... I should go...,,,,,,,,,,,,,,,,,,,,,,,,,,,,,,,", u3157 ,m207,,
106805, u3157 ," Will you help me, Sandy?"",,,,,,,,,,,,,,,,,,,,,,,,,,,,,,,", u3157 ,m207,,
106806, u3157 ," They're saying I'm a communist, Sandy.  But I'm not, you know that. I'm gonna fight 'em, and I'm gonna win, but I'll need your help."",,,,,,,,,,,,,,,,,,,,,,,,,,,,,,,", u3158 ,m207,,
106807, u3158 ," You mean, he was... let go, too?"",,,,,,,,,,,,,,,,,,,,,,,,,,,,,,,", u3157 ,m207,,
106808, u3157 ," Well, whatever Frankie's got, it's catching."",,,,,,,,,,,,,,,,,,,,,,,,,,,,,,,", u3158 ,m207,,
106809, u3158 ," He was, but he got sick.  We got a new director today.  Why?"",,,,,,,,,,,,,,,,,,,,,,,,,,,,,,,", u3157 ,m207,,
106810, u3157 ," I wasn't alone.  Wasn't Frankie Ruskin directing the picture you're in?,,,,,,,,,,,,,,,,,,,,,,,,,,,,,,,", u3158 ,m207,,
106811, u3158 ," That you got let go.,,,,,,,,,,,,,,,,,,,,,,,,,,,,,,,", u3157 ,m207,,
106812, u3157 ," What exactly did you hear?,,,,,,,,,,,,,,,,,,,,,,,,,,,,,,,", u3158 ,m207,,
106813, u3158 ," What happened?,,,,,,,,,,,,,,,,,,,,,,,,,,,,,,,", u3157 ,m207,,
106814, u3157 ," You bet, honey."",,,,,,,,,,,,,,,,,,,,,,,,,,,,,,,", u3158 ,m207,,
106815, u3158 ," Pete, there's time before the picture starts, you want to get some popcorn?"",,,,,,,,,,,,,,,,,,,,,,,,,,,,,,,", u3160 ,m207,,
106816, u3160 ," Don't mention it.  Whoever-you-are.,,,,,,,,,,,,,,,,,,,,,,,,,,,,,,,", u3157 ,m207,,
106817, u3157 ," Thank you, Mr. Lawson."",,,,,,,,,,,,,,,,,,,,,,,,,,,,,,,", u3160 ,m207,,
106818, u3160 ," Said as much myself, Doc.  Can't place him, though.  To look at him, you'd think the cheese slid off his cracker.  Well, morning's half-over.  I'm off."",,,,,,,,,,,,,,,,,,,,,,,,,,,,,,,", u3160 ,m207,,
106819, u3160 ," Got any money?,,,,,,,,,,,,,,,,,,,,,,,,,,,,,,,", u3157 ,m207,,
106820, u3157 ," Yes.  Very.,,,,,,,,,,,,,,,,,,,,,,,,,,,,,,,", u3160 ,m207,,
106821, u3160 ," You hungry, son?"",,,,,,,,,,,,,,,,,,,,,,,,,,,,,,,", u3160 ,m207,,
106822, u3160 ," Mabel over there at the diner lost her husband Max.  Okinawa, I believe."",,,,,,,,,,,,,,,,,,,,,,,,,,,,,,,", u3157 ,m207,,
106823, u3157 ," The war...,,,,,,,,,,,,,,,,,,,,,,,,,,,,,,,", u3160 ,m207,,
106824, u3160 ," Ernie Cole here just got himself elected mayor.  Lost both his boys in the war.  Kenny at Anzio and Willie at Normandy.,,,,,,,,,,,,,,,,,,,,,,,,,,,,,,,", u3160 ,m207,,
106825, u3160 ," 'Course they all know me.  And I know all them.  Town's got my name, don't it?"",,,,,,,,,,,,,,,,,,,,,,,,,,,,,,,", u3157 ,m207,,
106826, u3157 ," They all know you?,,,,,,,,,,,,,,,,,,,,,,,,,,,,,,,", u3160 ,m207,,
106827, u3160 ," You look familiar, fella.  What's your name?"",,,,,,,,,,,,,,,,,,,,,,,,,,,,,,,", u3157 ,m207,,
106828, u3157 ," I suppose.  Thanks.,,,,,,,,,,,,,,,,,,,,,,,,,,,,,,,", u3160 ,m207,,
106829, u3160 ," Actually, my grandpap.  But """"ancestors"""" sounds better, don't it?  Here."",,,,,,,,,,,,,,,,,,,,,,,,,,,,,,,", u3157 ,m207,,
106830, u3157 ," Ancestors?,,,,,,,,,,,,,,,,,,,,,,,,,,,,,,,", u3159 ,m207,,
106831, u3159 ," All right.  All right.  We'll see.,,,,,,,,,,,,,,,,,,,,,,,,,,,,,,,", u3157 ,m207,,
106832, u3157 ," No.  Absolutely not.,,,,,,,,,,,,,,,,,,,,,,,,,,,,,,,", u3159 ,m207,,
106833, u3159 ," Mr. Appleton, I have reason to believe you're holding something back, and that just rubs me the wrong way.  Sir, are you a communist?"",,,,,,,,,,,,,,,,,,,,,,,,,,,,,,,", u3157 ,m207,,
106834, u3157 ," No.  No, not Miss Sinclair.  I'm talking about Adele Lardner."",,,,,,,,,,,,,,,,,,,,,,,,,,,,,,,", u3159 ,m207,,
106835, u3159 ," Would that be Miss Sinclair?,,,,,,,,,,,,,,,,,,,,,,,,,,,,,,,", u3157 ,m207,,
106836, u3157 ," My girlfriend.  If she still is...,,,,,,,,,,,,,,,,,,,,,,,,,,,,,,,", u3159 ,m207,,
106837, u3159 ," Who?,,,,,,,,,,,,,,,,,,,,,,,,,,,,,,,", u3157 ,m207,,
106838, u3157 ," I already have.,,,,,,,,,,,,,,,,,,,,,,,,,,,,,,,", u3159 ,m207,,
106839, u3159 ," Now that you remember who you are, were you planning on telling anyone your true identity?"",,,,,,,,,,,,,,,,,,,,,,,,,,,,,,,", u3157 ,m207,,
