,User_id,text,sec_user,movies_name,relationship,attachment
108271, u3197 ," That's good, Hilda. I'm glad."",,,,,,,,,,,,,,,,,,,,,,,,,,,,,,,", u3202 ,m211,,
108272, u3202 ," Yes, sir -- it certainly does!"",,,,,,,,,,,,,,,,,,,,,,,,,,,,,,,", u3197 ,m211,,
108273, u3197 ," Tell me, Hilda -- does all this frighten you -- does it make you feel insecure?"",,,,,,,,,,,,,,,,,,,,,,,,,,,,,,,", u3202 ,m211,,
108274, u3202 ," He'll be there at 8:30.,,,,,,,,,,,,,,,,,,,,,,,,,,,,,,,", u3197 ,m211,,
108275, u3197 ," Good. Did you speak to our friend Mr. Carpenter?,,,,,,,,,,,,,,,,,,,,,,,,,,,,,,,", u3202 ,m211,,
108276, u3202 ," I talked to most of them this morning... They were all very curious about the meeting.,,,,,,,,,,,,,,,,,,,,,,,,,,,,,,,", u3197 ,m211,,
108277, u3197 ," What about the people who are coming to the meeting tonight? Have they all arrived?,,,,,,,,,,,,,,,,,,,,,,,,,,,,,,,", u3197 ,m211,,
108278, u3197 ," What a brilliant idea. I never would have thought of it.,,,,,,,,,,,,,,,,,,,,,,,,,,,,,,,", u3202 ,m211,,
108279, u3202 ," The whole city has stopped. People are running around like ants!,,,,,,,,,,,,,,,,,,,,,,,,,,,,,,,", u3197 ,m211,,
108280, u3197 ," Thanks -- I'm enjoying it right here.,,,,,,,,,,,,,,,,,,,,,,,,,,,,,,,", u3202 ,m211,,
108281, u3202 ," You should see it, Professor Barnhardt! You should go out and see it for yourself!"",,,,,,,,,,,,,,,,,,,,,,,,,,,,,,,", u3204 ,m211,,
108282, u3204 ," Something dramatic -- but not destructive.  It's quite an interesting problem.  Would day after tomorrow be all right? Say about noon?,,,,,,,,,,,,,,,,,,,,,,,,,,,,,,,", u3197 ,m211,,
108283, u3197 ," Maybe a little demonstration.,,,,,,,,,,,,,,,,,,,,,,,,,,,,,,,", u3204 ,m211,,
108284, u3204 ," Why don't you leave it to me? I'll think of something.,,,,,,,,,,,,,,,,,,,,,,,,,,,,,,,", u3197 ,m211,,
108285, u3197 ," I wouldn't want you to harm anybody -- or destroy anything.,,,,,,,,,,,,,,,,,,,,,,,,,,,,,,,", u3204 ,m211,,
108286, u3204 ," That can easily be arranged.,,,,,,,,,,,,,,,,,,,,,,,,,,,,,,,", u3197 ,m211,,
108287, u3197 ," Something that would dramatize for them and for their people the seriousness of the situation. Something that would affect the entire planet.,,,,,,,,,,,,,,,,,,,,,,,,,,,,,,,", u3204 ,m211,,
108288, u3204 ," Yes -- of course.,,,,,,,,,,,,,,,,,,,,,,,,,,,,,,,", u3197 ,m211,,
108289, u3197 ," Would such, a demonstration be possible before the meeting?"",,,,,,,,,,,,,,,,,,,,,,,,,,,,,,,", u3204 ,m211,,
108290, u3204 ," Yes.,,,,,,,,,,,,,,,,,,,,,,,,,,,,,,,", u3197 ,m211,,
108291, u3197 ," The people who came to the meeting must be made to realize this. They must understand what is at stake.  You mentioned a demonstration of force--,,,,,,,,,,,,,,,,,,,,,,,,,,,,,,,", u3204 ,m211,,
108292, u3204 ," I assure you such power exists.,,,,,,,,,,,,,,,,,,,,,,,,,,,,,,,", u3197 ,m211,,
108293, u3197 ," Such power exists?,,,,,,,,,,,,,,,,,,,,,,,,,,,,,,,", u3204 ,m211,,
108294, u3204 ," I'm afraid you have no alternative. In such, a case the planet Earth would have to be--  --eliminated."",,,,,,,,,,,,,,,,,,,,,,,,,,,,,,,", u3197 ,m211,,
108295, u3197 ," One thing, Mr. Klaatu. Suppose this group should reject your proposals. What is the alternative?"",,,,,,,,,,,,,,,,,,,,,,,,,,,,,,,", u3204 ,m211,,
108296, u3204 ," I'm sure I'll be quite safe until the meeting.,,,,,,,,,,,,,,,,,,,,,,,,,,,,,,,", u3197 ,m211,,
108297, u3197 ," I'm afraid I can't offer you any real protection. I have no influence in cases of inter-planetary conspiracy.,,,,,,,,,,,,,,,,,,,,,,,,,,,,,,,", u3204 ,m211,,
108298, u3204 ," My name is Carpenter and I'm a very earthy character living in a respectable boarding house.,,,,,,,,,,,,,,,,,,,,,,,,,,,,,,,", u3197 ,m211,,
108299, u3197 ," What about your personal safety in the meantime? What about the Army -- and the police?,,,,,,,,,,,,,,,,,,,,,,,,,,,,,,,", u3204 ,m211,,
108300, u3204 ," No -- not at all.,,,,,,,,,,,,,,,,,,,,,,,,,,,,,,,", u3197 ,m211,,
108301, u3197 ," You'd have no objection to revealing yourself at this meeting?,,,,,,,,,,,,,,,,,,,,,,,,,,,,,,,", u3204 ,m211,,
108302, u3204 ," I leave that in your hands.,,,,,,,,,,,,,,,,,,,,,,,,,,,,,,,", u3197 ,m211,,
108303, u3197 ," It is not enough to have men of science. We scientists are too easily ignored -- or misunderstood. We must get important men from every field. Educators -- philosophers -- church leaders -- men of vision and imagination -- the finest minds in the world.,,,,,,,,,,,,,,,,,,,,,,,,,,,,,,,", u3204 ,m211,,
108304, u3204 ," That's what I came to see you about.,,,,,,,,,,,,,,,,,,,,,,,,,,,,,,,", u3197 ,m211,,
108305, u3197 ," Would you be willing to meet with the group of scientists I am calling together?. Perhaps you could explain your mission to them, and they in turn could present it to their various peoples."",,,,,,,,,,,,,,,,,,,,,,,,,,,,,,,", u3204 ,m211,,
108306, u3204 ," Violent action -- since that seems to be the only thing you people understand.  Leveling the island of Manhattan, perhaps -- or dropping the Rock of Gibraltar into the sea."",,,,,,,,,,,,,,,,,,,,,,,,,,,,,,,", u3197 ,m211,,
108307, u3197 ," What -- what sort of action do you mean?,,,,,,,,,,,,,,,,,,,,,,,,,,,,,,,", u3204 ,m211,,
108308, u3204 ," I come to you as a last resort -- and I confess that my patience is wearing thin.  Must I take drastic action in order to get a hearing?,,,,,,,,,,,,,,,,,,,,,,,,,,,,,,,", u3197 ,m211,,
108309, u3197 ," I gather that your efforts on the official level were not entirely successful.,,,,,,,,,,,,,,,,,,,,,,,,,,,,,,,", u3204 ,m211,,
108310, u3204 ," What I have to say must be said to all concerned.  It is too important to be entrusted to any individual.,,,,,,,,,,,,,,,,,,,,,,,,,,,,,,,", u3197 ,m211,,
108311, u3197 ," Would you care to be more specific?,,,,,,,,,,,,,,,,,,,,,,,,,,,,,,,", u3204 ,m211,,
108312, u3204 ," I came here to warn you that, by threatening danger, your planet faces danger -- very grave danger. I am prepared, however, to offer a solution."",,,,,,,,,,,,,,,,,,,,,,,,,,,,,,,", u3197 ,m211,,
108313, u3197 ," We scientists understand this. Even we primitive scientists.  What exactly is the nature of your mission, Mr. Klaatu?"",,,,,,,,,,,,,,,,,,,,,,,,,,,,,,,", u3204 ,m211,,
108314, u3204 ," We had our atomic wars -- thousands of years ago.  After that we fought with bows and arrows. Then, slowly, we learned that fighting is no solution -- that aggression leads to chaos."",,,,,,,,,,,,,,,,,,,,,,,,,,,,,,,", u3197 ,m211,,
108315, u3197 ," These other planets -- do they have peace and security?,,,,,,,,,,,,,,,,,,,,,,,,,,,,,,,", u3204 ,m211,,
108316, u3204 ," We want to be sure you don't make -- let us say -- an unfortunate mistake. We know the potentiality of these developments and we are disturbed to find them in the hands of children... You see, we've had atomic energy for five thousand of your years.  We discarded instruments like this many centuries ago.  So long as you were limited to fighting among yourselves -- with your primitive tanks and planes -- we were unconcerned. But soon you will apply atomic energy to space ships -- and then you become a threat to the peace and security of other planets. That, of course, we cannot tolerate."",,,,,,,,,,,,,,,,,,,,,,,,,,,,,,,", u3197 ,m211,,
108317, u3197 ," If you mean that you are afraid of us--,,,,,,,,,,,,,,,,,,,,,,,,,,,,,,,", u3204 ,m211,,
108318, u3204 ," In the hands of a mature civilization, these would not be considered weapons of aggression. But in the hands of your people--  We've observed your aggressive tendencies, and we don't trust you with such power."",,,,,,,,,,,,,,,,,,,,,,,,,,,,,,,", u3197 ,m211,,
108319, u3197 ," Yes -- that is true.,,,,,,,,,,,,,,,,,,,,,,,,,,,,,,,", u3204 ,m211,,
108320, u3204 ," It was my intention to discuss this officially -- with all the nations of the Earth -- but I was not allowed the Opportunity. I have come to realize since that your mutual fears and suspicions are merely the normal reactions of a primitive society.  We know from scientific observation that you have discovered a rudimentary kind of atomic energy. We also know that you are experimenting with rockets.,,,,,,,,,,,,,,,,,,,,,,,,,,,,,,,", u3197 ,m211,,
108321, u3197 ," That was my first question.,,,,,,,,,,,,,,,,,,,,,,,,,,,,,,,", u3204 ,m211,,
108322, u3204 ," I would like to explain something of my mission here.,,,,,,,,,,,,,,,,,,,,,,,,,,,,,,,", u3197 ,m211,,
108323, u3197 ," It isn't faith that makes good science, Mr. Klaatu. Its curiosity.  Sit down, please. I have several thousand questions to ask you."",,,,,,,,,,,,,,,,,,,,,,,,,,,,,,,", u3204 ,m211,,
108324, u3204 ," You have faith, Professor Barnhardt"",,,,,,,,,,,,,,,,,,,,,,,,,,,,,,,", u3204 ,m211,,
108325, u3204 ," My name is Klaatu.  I spent two days at your Walter Reed Hospital. Room 309. My doctor's name was Major White -- and I had a very attractive nurse called Ruth, who's getting married next Wednesday.  If you are not interested -- or if you intend to turn me over to your Army -- we needn't waste any more time."",,,,,,,,,,,,,,,,,,,,,,,,,,,,,,,", u3197 ,m211,,
108326, u3197 ," As though unsure of what he's heard) Yes -- yes, I have."",,,,,,,,,,,,,,,,,,,,,,,,,,,,,,,", u3204 ,m211,,
108327, u3204 ," I find it works well enough to get me from one planet to another.  I understand you've called a meeting to study our space ship.,,,,,,,,,,,,,,,,,,,,,,,,,,,,,,,", u3197 ,m211,,
108328, u3197 ," How can you be so sure? Have you tested this theory?,,,,,,,,,,,,,,,,,,,,,,,,,,,,,,,", u3204 ,m211,,
108329, u3204 ," Almost negligible... With variation of parameters, this is the answer."",,,,,,,,,,,,,,,,,,,,,,,,,,,,,,,", u3197 ,m211,,
108330, u3197 ," Yes -- that will reproduce the first- order terms. But what about the effect of the other terms?,,,,,,,,,,,,,,,,,,,,,,,,,,,,,,,", u3197 ,m211,,
108331, u3197 ," Not yet. That's why I wanted to see you.,,,,,,,,,,,,,,,,,,,,,,,,,,,,,,,", u3204 ,m211,,
108332, u3204 ," It was a clumsy way to introduce myself -- but I understand you're a difficult man to see.  I thought you'd have the solution by this time.,,,,,,,,,,,,,,,,,,,,,,,,,,,,,,,", u3197 ,m211,,
108333, u3197 ," You wrote this?,,,,,,,,,,,,,,,,,,,,,,,,,,,,,,,", u3198 ,m211,,
108334, u3198 ," Yeah -- the grass was kind of wet.,,,,,,,,,,,,,,,,,,,,,,,,,,,,,,,", u3201 ,m211,,
108335, u3201 ," Yes, dear. Come on now.  Bobby, your shoes are soaking!"",,,,,,,,,,,,,,,,,,,,,,,,,,,,,,,", u3198 ,m211,,
108336, u3198 ," Oh, boy -- can I, Mom?"",,,,,,,,,,,,,,,,,,,,,,,,,,,,,,,", u3201 ,m211,,
108337, u3201 ," Come on, darling -- we're going up to bed."",,,,,,,,,,,,,,,,,,,,,,,,,,,,,,,", u3198 ,m211,,
108338, u3198 ," Gee, Mom, do you think maybe he's a diamond smuggler?"",,,,,,,,,,,,,,,,,,,,,,,,,,,,,,,", u3198 ,m211,,
108339, u3198 ," Well, not exactly. I gave him two dollars."",,,,,,,,,,,,,,,,,,,,,,,,,,,,,,,", u3201 ,m211,,
108340, u3201 ," He gave these to you?,,,,,,,,,,,,,,,,,,,,,,,,,,,,,,,", u3201 ,m211,,
108341, u3201 ," You didn't really see the space ship. You just thought you did.,,,,,,,,,,,,,,,,,,,,,,,,,,,,,,,", u3198 ,m211,,
108342, u3198 ," Yes, I have!"",,,,,,,,,,,,,,,,,,,,,,,,,,,,,,,", u3201 ,m211,,
108343, u3201 ," Now think back hard. You didn't follow Mr. Carpenter at all, did you? You haven't even been out of the house."",,,,,,,,,,,,,,,,,,,,,,,,,,,,,,,", u3198 ,m211,,
108344, u3198 ," No, I haven't, Mom. I promise you... I saw it!"",,,,,,,,,,,,,,,,,,,,,,,,,,,,,,,", u3201 ,m211,,
108345, u3201 ," Bobby, you've been dreaming again."",,,,,,,,,,,,,,,,,,,,,,,,,,,,,,,", u3198 ,m211,,
108346, u3198 ," Honest, Mom, I saw him. It just opened up and he walked right in. And that great big iron man was moving around!"",,,,,,,,,,,,,,,,,,,,,,,,,,,,,,,", u3201 ,m211,,
108347, u3201 ," Now, Bobby, just a minute--"",,,,,,,,,,,,,,,,,,,,,,,,,,,,,,,", u3198 ,m211,,
108348, u3198 ," I followed Mr. Carpenter -- right after you left -- and, gee, Mom, where do you think he went? Right into the space ship!"",,,,,,,,,,,,,,,,,,,,,,,,,,,,,,,", u3201 ,m211,,
108349, u3201 ," Tell me what?,,,,,,,,,,,,,,,,,,,,,,,,,,,,,,,", u3198 ,m211,,
108350, u3198 ," I couldn't go to sleep, Mom. I had to tell you!"",,,,,,,,,,,,,,,,,,,,,,,,,,,,,,,", u3201 ,m211,,
108351, u3201 ," Bobby--! What are you doing up at this hour?,,,,,,,,,,,,,,,,,,,,,,,,,,,,,,,", u3201 ,m211,,
108352, u3201 ," No, dear, of course not. He's a very nice man. I Just think he might prefer to be left alone. Now you get to bed and forget about it.  'Night, darling."",,,,,,,,,,,,,,,,,,,,,,,,,,,,,,,", u3198 ,m211,,
108353, u3198 ," I mean -- on account of that policeman last night.  You think he's a bank robber, maybe? Or a gangster?"",,,,,,,,,,,,,,,,,,,,,,,,,,,,,,,", u3201 ,m211,,
108354, u3201 ," What do you mean, dear?"",,,,,,,,,,,,,,,,,,,,,,,,,,,,,,,", u3198 ,m211,,
108355, u3198 ," Mom -- is there something wrong with Mr. Carpenter?,,,,,,,,,,,,,,,,,,,,,,,,,,,,,,,", u3198 ,m211,,
108356, u3198 ," Sure we did! He wasn't there but we went to see him. And Mr. Carpenter showed him how to do his arithmetic.,,,,,,,,,,,,,,,,,,,,,,,,,,,,,,,", u3201 ,m211,,
108357, u3201 ," Did you and Mr. Carpenter really go to see Professor Barnhardt?,,,,,,,,,,,,,,,,,,,,,,,,,,,,,,,", u3198 ,m211,,
108358, u3198 ," Gee, why, Mom? He's my best friend... And he's awful good in arithmetic. He even helps Professor Barnhardt."",,,,,,,,,,,,,,,,,,,,,,,,,,,,,,,", u3201 ,m211,,
108359, u3201 ," Bobby -- I think it would be better if we didn't see quite so much of Mr. Carpenter,,,,,,,,,,,,,,,,,,,,,,,,,,,,,,,", u3198 ,m211,,
108360, u3198 ," Okay.,,,,,,,,,,,,,,,,,,,,,,,,,,,,,,,", u3201 ,m211,,
108361, u3201 ," Go to bed, darling. You can finish that in the morning."",,,,,,,,,,,,,,,,,,,,,,,,,,,,,,,", u3198 ,m211,,
108362, u3198 ," Aw, gee, Mom -- I had plans to play with Mr. Carpenter."",,,,,,,,,,,,,,,,,,,,,,,,,,,,,,,", u3201 ,m211,,
108363, u3201 ," Of course, dear."",,,,,,,,,,,,,,,,,,,,,,,,,,,,,,,", u3198 ,m211,,
108364, u3198 ," Yeah, sure. Mom, do I have to go to school tomorrow?"",,,,,,,,,,,,,,,,,,,,,,,,,,,,,,,", u3201 ,m211,,
108365, u3201 ," Professor Barnhardt.,,,,,,,,,,,,,,,,,,,,,,,,,,,,,,,", u3198 ,m211,,
108366, u3198 ," We sure had fun today. We saw the space ship and we went to see Professor Barnhardt -- and--,,,,,,,,,,,,,,,,,,,,,,,,,,,,,,,", u3201 ,m211,,
108367, u3201 ," I -- I don't know, dear... Perhaps there's some mistake."",,,,,,,,,,,,,,,,,,,,,,,,,,,,,,,", u3198 ,m211,,
108368, u3198 ," Mom -- why does Mr. Carpenter have to go down to the police station?,,,,,,,,,,,,,,,,,,,,,,,,,,,,,,,", u3201 ,m211,,
108369, u3201 ," Come on, Bobby. Time to go to bed."",,,,,,,,,,,,,,,,,,,,,,,,,,,,,,,", u3198 ,m211,,
108370, u3198 ," Boy, we had a swell time. Didn't we, Mr. Carpenter?"",,,,,,,,,,,,,,,,,,,,,,,,,,,,,,,", u3201 ,m211,,
108371, u3201 ," Did you have a nice day, dear?"",,,,,,,,,,,,,,,,,,,,,,,,,,,,,,,", u3201 ,m211,,
108372, u3201 ," Hello, darling.  Good evening, Mr. Carpenter."",,,,,,,,,,,,,,,,,,,,,,,,,,,,,,,", u3198 ,m211,,
108373, u3198 ," Hi Mom!,,,,,,,,,,,,,,,,,,,,,,,,,,,,,,,", u3201 ,m211,,
108374, u3201 ," That's enough, Bobby. I think it's time you went to bed."",,,,,,,,,,,,,,,,,,,,,,,,,,,,,,,", u3198 ,m211,,
108375, u3198 ," Can I help you look for the space man? Can I?  I know what he looks like! He's got a square head -- and, three great big eyes!"",,,,,,,,,,,,,,,,,,,,,,,,,,,,,,,", u3201 ,m211,,
108376, u3201 ," I think we've all been hearing too much about """"space men."""""",,,,,,,,,,,,,,,,,,,,,,,,,,,,,,,", u3198 ,m211,,
108377, u3198 ," Bet he is, Mom. Bet he's out looking for that space man."",,,,,,,,,,,,,,,,,,,,,,,,,,,,,,,", u3204 ,m211,,
108378, u3204 ," Why -- the light in my room went out.  Thank you, Bobby. Goodnight."",,,,,,,,,,,,,,,,,,,,,,,,,,,,,,,", u3198 ,m211,,
108379, u3198 ," What do you want it for, Mr. Carpenter?"",,,,,,,,,,,,,,,,,,,,,,,,,,,,,,,", u3198 ,m211,,
108380, u3198 ," Yeah -- sure.  It's a real Boy Scout flashlight.,,,,,,,,,,,,,,,,,,,,,,,,,,,,,,,", u3204 ,m211,,
108381, u3204 ," Bobby -- have you a flashlight?,,,,,,,,,,,,,,,,,,,,,,,,,,,,,,,", u3204 ,m211,,
108382, u3204 ," I'll say goodnight again.,,,,,,,,,,,,,,,,,,,,,,,,,,,,,,,", u3198 ,m211,,
108383, u3198 ," Thanks, Mr. Carpenter."",,,,,,,,,,,,,,,,,,,,,,,,,,,,,,,", u3204 ,m211,,
108384, u3204 ," All you have to remember is, first find the common denominator -- then subtract."",,,,,,,,,,,,,,,,,,,,,,,,,,,,,,,", u3198 ,m211,,
108385, u3198 ," Goodnight.,,,,,,,,,,,,,,,,,,,,,,,,,,,,,,,", u3204 ,m211,,
108386, u3204 ," We'll finish it tomorrow... Goodnight, Bobby."",,,,,,,,,,,,,,,,,,,,,,,,,,,,,,,", u3198 ,m211,,
108387, u3198 ," Aw, gee -- we didn't finish our story."",,,,,,,,,,,,,,,,,,,,,,,,,,,,,,,", u3198 ,m211,,
108388, u3198 ," We went to the movies -- and we had ice cream cones -- and we went to see Daddy--,,,,,,,,,,,,,,,,,,,,,,,,,,,,,,,", u3204 ,m211,,
108389, u3204 ," We certainly did.,,,,,,,,,,,,,,,,,,,,,,,,,,,,,,,", u3198 ,m211,,
108390, u3198 ," Mr. Brady's a cop.,,,,,,,,,,,,,,,,,,,,,,,,,,,,,,,", u3204 ,m211,,
108391, u3204 ," Mrs. Benson -- this is Mr. Brady.,,,,,,,,,,,,,,,,,,,,,,,,,,,,,,,", u3198 ,m211,,
108392, u3198 ," She doesn't like me to steal from people.,,,,,,,,,,,,,,,,,,,,,,,,,,,,,,,", u3204 ,m211,,
108393, u3204 ," Why not, Bobby?"",,,,,,,,,,,,,,,,,,,,,,,,,,,,,,,", u3198 ,m211,,
108394, u3198 ," Let's not say anything to my mother about this, Mr. Carpenter."",,,,,,,,,,,,,,,,,,,,,,,,,,,,,,,", u3198 ,m211,,
108395, u3198 ," Well, sure, but--"",,,,,,,,,,,,,,,,,,,,,,,,,,,,,,,", u3204 ,m211,,
108396, u3204 ," Would you give me your two dollars for a couple of them?,,,,,,,,,,,,,,,,,,,,,,,,,,,,,,,", u3198 ,m211,,
108397, u3198 ," Bet they're worth about a million dollars.,,,,,,,,,,,,,,,,,,,,,,,,,,,,,,,", u3204 ,m211,,
108398, u3204 ," Some places that's what people use for money. They're easy to carry -- and they don't wear out.,,,,,,,,,,,,,,,,,,,,,,,,,,,,,,,", u3198 ,m211,,
108399, u3198 ," Gee -- those look like diamonds!,,,,,,,,,,,,,,,,,,,,,,,,,,,,,,,", u3204 ,m211,,
108400, u3204 ," No -- I want to take you to the movies.  Do you think they'd accept these?,,,,,,,,,,,,,,,,,,,,,,,,,,,,,,,", u3198 ,m211,,
108401, u3198 ," I've got some money. My mother gave me two dollars.,,,,,,,,,,,,,,,,,,,,,,,,,,,,,,,", u3204 ,m211,,
108402, u3204 ," Certainly.  Tell me, Bobby -- do you have to have money to go there?"",,,,,,,,,,,,,,,,,,,,,,,,,,,,,,,", u3198 ,m211,,
108403, u3198 ," No foolin'? Will you?,,,,,,,,,,,,,,,,,,,,,,,,,,,,,,,", u3204 ,m211,,
108404, u3204 ," All right.,,,,,,,,,,,,,,,,,,,,,,,,,,,,,,,", u3198 ,m211,,
108405, u3198 ," Go to the movies.,,,,,,,,,,,,,,,,,,,,,,,,,,,,,,,", u3204 ,m211,,
108406, u3204 ," They have cemeteries. But not like this one... You see, they don't have any wars."",,,,,,,,,,,,,,,,,,,,,,,,,,,,,,,", u3198 ,m211,,
108407, u3198 ," Is it different where you've been?  Don't they have places like this?,,,,,,,,,,,,,,,,,,,,,,,,,,,,,,,", u3204 ,m211,,
108408, u3204 ," I'll tell you, Bobby -- I've been away for a long time. Very far away."",,,,,,,,,,,,,,,,,,,,,,,,,,,,,,,", u3198 ,m211,,
108409, u3198 ," Mr. Carpenter"""" -- you don't seem to know about anything."",,,,,,,,,,,,,,,,,,,,,,,,,,,,,,,", u3204 ,m211,,
108410, u3204 ," No -- I'm afraid not.,,,,,,,,,,,,,,,,,,,,,,,,,,,,,,,", u3198 ,m211,,
108411, u3198 ," Sure. Didn't you ever hear of Arlington Cemetery?,,,,,,,,,,,,,,,,,,,,,,,,,,,,,,,", u3204 ,m211,,
108412, u3204 ," Did all these people die in wars?,,,,,,,,,,,,,,,,,,,,,,,,,,,,,,,", u3204 ,m211,,
108413, u3204 ," He doesn't know the answer. And he'll never get it that way.,,,,,,,,,,,,,,,,,,,,,,,,,,,,,,,", u3198 ,m211,,
108414, u3198 ," Bet he's the only one in the world knows the answer.,,,,,,,,,,,,,,,,,,,,,,,,,,,,,,,", u3204 ,m211,,
108415, u3204 ," It's a problem in celestial mechanics.,,,,,,,,,,,,,,,,,,,,,,,,,,,,,,,", u3198 ,m211,,
108416, u3198 ," What does that mean?,,,,,,,,,,,,,,,,,,,,,,,,,,,,,,,", u3204 ,m211,,
108417, u3204 ," We can scare him more than he can scare us.,,,,,,,,,,,,,,,,,,,,,,,,,,,,,,,", u3198 ,m211,,
108418, u3198 ," Well, sure I would, but --  Aw, I'll bet you'd be scared."",,,,,,,,,,,,,,,,,,,,,,,,,,,,,,,", u3204 ,m211,,
108419, u3204 ," Wouldn't you like to meet him?,,,,,,,,,,,,,,,,,,,,,,,,,,,,,,,", u3198 ,m211,,
108420, u3198 ," You're just kidding, aren't you?"",,,,,,,,,,,,,,,,,,,,,,,,,,,,,,,", u3204 ,m211,,
108421, u3204 ," Bobby -- I have an idea. Let's go see Professor Barnhardt and find out how he talks.,,,,,,,,,,,,,,,,,,,,,,,,,,,,,,,", u3204 ,m211,,
108422, u3204 ," Velocity is the time rate of change of position.,,,,,,,,,,,,,,,,,,,,,,,,,,,,,,,", u3198 ,m211,,
108423, u3198 ," Mr. Carpenter -- what does velocity mean?,,,,,,,,,,,,,,,,,,,,,,,,,,,,,,,", u3204 ,m211,,
108424, u3204 ," I don't know, Bobby. I'm inclined to doubt it."",,,,,,,,,,,,,,,,,,,,,,,,,,,,,,,", u3198 ,m211,,
108425, u3198 ," You think they'll ever find him?,,,,,,,,,,,,,,,,,,,,,,,,,,,,,,,", u3204 ,m211,,
108426, u3204 ," Well -- there are several ways to reduce landing speed. You see, the velocity--"",,,,,,,,,,,,,,,,,,,,,,,,,,,,,,,", u3198 ,m211,,
108427, u3198 ," Gee! How could they make a landing?,,,,,,,,,,,,,,,,,,,,,,,,,,,,,,,", u3204 ,m211,,
108428, u3204 ," Maybe four thousand miles an hour. And outside the Earth's atmosphere a good deal faster.,,,,,,,,,,,,,,,,,,,,,,,,,,,,,,,", u3204 ,m211,,
108429, u3204 ," Yes -- I think so.,,,,,,,,,,,,,,,,,,,,,,,,,,,,,,,", u3198 ,m211,,
108430, u3198 ," You think it can go faster than an F- 36?,,,,,,,,,,,,,,,,,,,,,,,,,,,,,,,", u3204 ,m211,,
108431, u3204 ," No. It's for a lot of other things, too."",,,,,,,,,,,,,,,,,,,,,,,,,,,,,,,", u3198 ,m211,,
108432, u3198 ," I thought that was only for bombs.,,,,,,,,,,,,,,,,,,,,,,,,,,,,,,,", u3204 ,m211,,
108433, u3204 ," Well -- atomic power, I would imagine."",,,,,,,,,,,,,,,,,,,,,,,,,,,,,,,", u3198 ,m211,,
108434, u3198 ," Gee, I'd like to get inside and see how it works. What do you think makes it go?"",,,,,,,,,,,,,,,,,,,,,,,,,,,,,,,", u3204 ,m211,,
108435, u3204 ," I shouldn't be at all surprised.,,,,,,,,,,,,,,,,,,,,,,,,,,,,,,,", u3198 ,m211,,
108436, u3198 ," Boy, I'll bet he's strong. I bet he could knock down a whole building."",,,,,,,,,,,,,,,,,,,,,,,,,,,,,,,", u3198 ,m211,,
108437, u3198 ," Department of Commerce. She's a secretary.  They have a man they call the Secretary, but he isn't at all. My mother's a real secretary.  Mr. Carpenter -- now can we go see the space ship?"",,,,,,,,,,,,,,,,,,,,,,,,,,,,,,,", u3204 ,m211,,
108438, u3204 ," Where is that?,,,,,,,,,,,,,,,,,,,,,,,,,,,,,,,", u3198 ,m211,,
108439, u3198 ," Sure. Right near where my mother works.,,,,,,,,,,,,,,,,,,,,,,,,,,,,,,,", u3204 ,m211,,
108440, u3204 ," He lives here in Washington, doesn't he?"",,,,,,,,,,,,,,,,,,,,,,,,,,,,,,,", u3198 ,m211,,
108441, u3198 ," Well -- Professor Barnhardt, I guess. He's the greatest scientist in the world."",,,,,,,,,,,,,,,,,,,,,,,,,,,,,,,", u3204 ,m211,,
108442, u3204 ," I was speaking of earth men. I meant the greatest philosopher -- the greatest thinker.,,,,,,,,,,,,,,,,,,,,,,,,,,,,,,,", u3198 ,m211,,
108443, u3198 ," Gee -- I don't know... The space man, I guess."",,,,,,,,,,,,,,,,,,,,,,,,,,,,,,,", u3204 ,m211,,
108444, u3204 ," Bobby -- who's the greatest man in America today?,,,,,,,,,,,,,,,,,,,,,,,,,,,,,,,", u3204 ,m211,,
108445, u3204 ," No -- I'm afraid not.,,,,,,,,,,,,,,,,,,,,,,,,,,,,,,,", u3198 ,m211,,
108446, u3198 ," Are you an FBI man?,,,,,,,,,,,,,,,,,,,,,,,,,,,,,,,", u3199 ,m211,,
108447, u3199 ," He says their medicine is that much more advanced.  He was very nice about it. But he made me feel like a third-class witch doctor.,,,,,,,,,,,,,,,,,,,,,,,,,,,,,,,", u3206 ,m211,,
108448, u3206 ," How does he explain that?,,,,,,,,,,,,,,,,,,,,,,,,,,,,,,,", u3199 ,m211,,
108449, u3199 ," Their life expectancy is a hundred and thirty.,,,,,,,,,,,,,,,,,,,,,,,,,,,,,,,", u3206 ,m211,,
108450, u3206 ," I don't believe it.,,,,,,,,,,,,,,,,,,,,,,,,,,,,,,,", u3199 ,m211,,
108451, u3199 ," He told me this morning when I examined him. He's seventy-eight.,,,,,,,,,,,,,,,,,,,,,,,,,,,,,,,", u3206 ,m211,,
108452, u3206 ," Oh, I'd say forty-five."",,,,,,,,,,,,,,,,,,,,,,,,,,,,,,,", u3199 ,m211,,
108453, u3199 ," And the lungs are the same as ours. Must mean a similar atmosphere -- similar pressure.  How old do you think he is?,,,,,,,,,,,,,,,,,,,,,,,,,,,,,,,", u3206 ,m211,,
108454, u3206 ," The skeletal structure is completely normal.  Same for the major organs -� heart, liver, spleen, kidneys."",,,,,,,,,,,,,,,,,,,,,,,,,,,,,,,", u3200 ,m211,,
108455, u3200 ," Under the circumstances I'm afraid that will be impossible.,,,,,,,,,,,,,,,,,,,,,,,,,,,,,,,", u3204 ,m211,,
108456, u3204 ," Before making any decisions, I think I should get out among your people -- become familiar with the basis for these strange, unreasoning attitudes."",,,,,,,,,,,,,,,,,,,,,,,,,,,,,,,", u3200 ,m211,,
108457, u3200 ," I'm afraid my people haven't.  I'm very sorry -- I wish it were otherwise.,,,,,,,,,,,,,,,,,,,,,,,,,,,,,,,", u3204 ,m211,,
108458, u3204 ," I am impatient with stupidity. My people have learned to live without it.,,,,,,,,,,,,,,,,,,,,,,,,,,,,,,,", u3200 ,m211,,
108459, u3200 ," Your impatience is quite understandable.,,,,,,,,,,,,,,,,,,,,,,,,,,,,,,,", u3204 ,m211,,
108460, u3204 ," I can judge only by what I see.,,,,,,,,,,,,,,,,,,,,,,,,,,,,,,,", u3200 ,m211,,
108461, u3200 ," Our problems are very complex, Mr. Klaatu. You mustn't judge us too harshly."",,,,,,,,,,,,,,,,,,,,,,,,,,,,,,,", u3204 ,m211,,
108462, u3204 ," I will not speak to any one nation or group of nations.  I don't intend to add my contribution to your childish jealousies and suspicions.,,,,,,,,,,,,,,,,,,,,,,,,,,,,,,,", u3200 ,m211,,
108463, u3200 ," Now that you understand the situation more clearly, perhaps you'd like to discuss the matter with the President"",,,,,,,,,,,,,,,,,,,,,,,,,,,,,,,", u3204 ,m211,,
108464, u3204 ," It's not your government I'm thinking about. It's your world.,,,,,,,,,,,,,,,,,,,,,,,,,,,,,,,", u3200 ,m211,,
108465, u3200 ," I tried to make you understand. The suspicions -- the jealousies -- the mistrust--  Surely you realize that my government has done everything in its power--,,,,,,,,,,,,,,,,,,,,,,,,,,,,,,,", u3200 ,m211,,
108466, u3200 ," Not very good news, I'm afraid.  The President accepted your suggestion and cabled the invitations for a meeting last night.  Let me read you some of the replies.  """"The Premier wishes to inform the Government of the United States that it will be impossible for him to attend the meeting suggested by the President unless the meeting is held in Moscow.""""  """"The suggestion of the President regarding the possibility of a meeting in Moscow would be unacceptable to Her Majesty's Government at the present time. Representation could be sent only if the meeting were held in Washington.""""  Well -- there you have it."",,,,,,,,,,,,,,,,,,,,,,,,,,,,,,,", u3204 ,m211,,
108467, u3204 ," Thank you... Have you any news?,,,,,,,,,,,,,,,,,,,,,,,,,,,,,,,", u3200 ,m211,,
108468, u3200 ," Good afternoon.  I'm glad to see you up and around.,,,,,,,,,,,,,,,,,,,,,,,,,,,,,,,", u3200 ,m211,,
108469, u3200 ," I've been dealing in Earth's politics a good deal longer than you have.  Goodnight, sir."",,,,,,,,,,,,,,,,,,,,,,,,,,,,,,,", u3204 ,m211,,
108470, u3204 ," Apparently I'm not as cynical about Earth's people as you are.,,,,,,,,,,,,,,,,,,,,,,,,,,,,,,,", u3200 ,m211,,
108471, u3200 ," I will make that recommendation to the President.  I must tell you in all honesty that I'm extremely dubious about the results.,,,,,,,,,,,,,,,,,,,,,,,,,,,,,,,", u3200 ,m211,,
108472, u3200 ," Believe me, you don't understand. They wouldn't sit down at the same table."",,,,,,,,,,,,,,,,,,,,,,,,,,,,,,,", u3204 ,m211,,
108473, u3204 ," Then why not a meeting of all the Chiefs of State?,,,,,,,,,,,,,,,,,,,,,,,,,,,,,,,", u3200 ,m211,,
108474, u3200 ," We could call a special meeting of the General Assembly... But of course the UN doesn't represent all of the nations.,,,,,,,,,,,,,,,,,,,,,,,,,,,,,,,", u3204 ,m211,,
108475, u3204 ," I intend to explain. To all the nations -- simultaneously.  How do we proceed, Mr. Harley?"",,,,,,,,,,,,,,,,,,,,,,,,,,,,,,,", u3200 ,m211,,
108476, u3200 ," Perhaps if you could explain a little--,,,,,,,,,,,,,,,,,,,,,,,,,,,,,,,", u3204 ,m211,,
108477, u3204 ," My mission here is not to solve your petty squabbles. It concerns the existence of every last creature who lives on Earth.,,,,,,,,,,,,,,,,,,,,,,,,,,,,,,,", u3200 ,m211,,
108478, u3200 ," I was only hoping to make you understand.,,,,,,,,,,,,,,,,,,,,,,,,,,,,,,,", u3204 ,m211,,
108479, u3204 ," I am not concerned, Mr. Harley, with the internal affairs of your planet. I consider that to be your business -- not mine."",,,,,,,,,,,,,,,,,,,,,,,,,,,,,,,", u3200 ,m211,,
108480, u3200 ," I'm sure you recognize from our broad- casts the evil forces that have produced the tension in our world. Surely you would agree--,,,,,,,,,,,,,,,,,,,,,,,,,,,,,,,", u3204 ,m211,,
108481, u3204 ," The first two years of television we were convinced that all you did was wrestle.,,,,,,,,,,,,,,,,,,,,,,,,,,,,,,,", u3200 ,m211,,
108482, u3200 ," You must have a rather strange impression of us.,,,,,,,,,,,,,,,,,,,,,,,,,,,,,,,", u3204 ,m211,,
108483, u3204 ," We've been monitoring your radio broadcasts for a good many years. That's how we learned your languages. Lately, we've been getting your television also."",,,,,,,,,,,,,,,,,,,,,,,,,,,,,,,", u3200 ,m211,,
108484, u3200 ," You know about the United Nations?,,,,,,,,,,,,,,,,,,,,,,,,,,,,,,,", u3204 ,m211,,
108485, u3204 ," I traveled 250 million miles. What about your United Nations?,,,,,,,,,,,,,,,,,,,,,,,,,,,,,,,", u3200 ,m211,,
108486, u3200 ," I'm afraid that would be a little awkward. It's -- it's completely without precedent. And there are practical considerations -- the time involved -- the enormous distances.,,,,,,,,,,,,,,,,,,,,,,,,,,,,,,,", u3204 ,m211,,
108487, u3204 ," I want to meet with representatives from all the nations of the Earth.,,,,,,,,,,,,,,,,,,,,,,,,,,,,,,,", u3200 ,m211,,
108488, u3200 ," I -- I'm not sure I understand--,,,,,,,,,,,,,,,,,,,,,,,,,,,,,,,", u3204 ,m211,,
108489, u3204 ," This is not a personal matter, Mr. Harley. It concerns all the people on your planet."",,,,,,,,,,,,,,,,,,,,,,,,,,,,,,,", u3200 ,m211,,
108490, u3200 ," Perhaps you'd rather discuss it personally with the President--,,,,,,,,,,,,,,,,,,,,,,,,,,,,,,,", u3204 ,m211,,
108491, u3204 ," I'd be glad to.  Not now, of course -- with you alone."",,,,,,,,,,,,,,,,,,,,,,,,,,,,,,,", u3200 ,m211,,
108492, u3200 ," We're very curious about that, too. Would you care to talk about it?"",,,,,,,,,,,,,,,,,,,,,,,,,,,,,,,", u3204 ,m211,,
108493, u3204 ," I mean the reasons for my coming here.,,,,,,,,,,,,,,,,,,,,,,,,,,,,,,,", u3200 ,m211,,
108494, u3200 ," The present situation?,,,,,,,,,,,,,,,,,,,,,,,,,,,,,,,", u3204 ,m211,,
108495, u3204 ," I'm afraid, in the present situation you'll have to learn to think that way."",,,,,,,,,,,,,,,,,,,,,,,,,,,,,,,", u3200 ,m211,,
108496, u3200 ," It's rather difficult for us to think of another planet as a neighbor.,,,,,,,,,,,,,,,,,,,,,,,,,,,,,,,", u3204 ,m211,,
108497, u3204 ," From another planet. Let's just say that we're neighbors.,,,,,,,,,,,,,,,,,,,,,,,,,,,,,,,", u3200 ,m211,,
108498, u3200 ," Naturally we're very curious to know where it is you come from.,,,,,,,,,,,,,,,,,,,,,,,,,,,,,,,", u3204 ,m211,,
108499, u3204 ," About 250 million of your miles.,,,,,,,,,,,,,,,,,,,,,,,,,,,,,,,", u3200 ,m211,,
108500, u3200 ," You must have come a long way.,,,,,,,,,,,,,,,,,,,,,,,,,,,,,,,", u3204 ,m211,,
108501, u3204 ," About five months -- your months.,,,,,,,,,,,,,,,,,,,,,,,,,,,,,,,", u3200 ,m211,,
108502, u3200 ," I'm sure I don't have to point out that your arrival was something of a surprise.  Had you been traveling long?,,,,,,,,,,,,,,,,,,,,,,,,,,,,,,,", u3204 ,m211,,
108503, u3204 ," Sit down, Mr. Harley."",,,,,,,,,,,,,,,,,,,,,,,,,,,,,,,", u3200 ,m211,,
108504, u3200 ," The President asked me to convey his deepest apologies for what has happened. We all feel--,,,,,,,,,,,,,,,,,,,,,,,,,,,,,,,", u3204 ,m211,,
108505, u3204 ," Just Klaatu.,,,,,,,,,,,,,,,,,,,,,,,,,,,,,,,", u3200 ,m211,,
108506, u3200 ," My name is Harley -- Secretary to the President  I've been told that you speak our language -- that your name is Mr. Klaatu.,,,,,,,,,,,,,,,,,,,,,,,,,,,,,,,", u3201 ,m211,,
108507, u3201 ," I'm not going to marry anybody.,,,,,,,,,,,,,,,,,,,,,,,,,,,,,,,", u3207 ,m211,,
108508, u3207 ," You wait and see. You're going to marry a big hero!,,,,,,,,,,,,,,,,,,,,,,,,,,,,,,,", u3201 ,m211,,
108509, u3201 ," I feel different right now.,,,,,,,,,,,,,,,,,,,,,,,,,,,,,,,", u3207 ,m211,,
108510, u3207 ," You'll feel different when you see my picture in the papers.,,,,,,,,,,,,,,,,,,,,,,,,,,,,,,,", u3207 ,m211,,
108511, u3207 ," I don't care about the rest of the world!,,,,,,,,,,,,,,,,,,,,,,,,,,,,,,,", u3201 ,m211,,
108512, u3201 ," Tom, you mustn't -- ! You don't know what you're doing! It isn't just you and Mr. Carpenter. The rest of the world, is involved!"",,,,,,,,,,,,,,,,,,,,,,,,,,,,,,,", u3207 ,m211,,
108513, u3207 ," Why not? Somebody's got to get rid of him.,,,,,,,,,,,,,,,,,,,,,,,,,,,,,,,", u3201 ,m211,,
108514, u3201 ," Is that what you're thinking about?,,,,,,,,,,,,,,,,,,,,,,,,,,,,,,,", u3207 ,m211,,
108515, u3207 ," He told you... Don't be silly, honey -- just because you like the guy.  You realize what this'd mean for us? I'd be the biggest man in the country. I could write my own ticket."",,,,,,,,,,,,,,,,,,,,,,,,,,,,,,,", u3201 ,m211,,
108516, u3201 ," But he isn't a menace! He told me what he came here for.,,,,,,,,,,,,,,,,,,,,,,,,,,,,,,,", u3207 ,m211,,
108517, u3207 ," He's a menace to the whole world! It's our duty to turn him in.,,,,,,,,,,,,,,,,,,,,,,,,,,,,,,,", u3201 ,m211,,
108518, u3201 ," That's what I'm trying to tell you. We mustn't do anything about it. Believe me, Tom, I know what I'm talking about."",,,,,,,,,,,,,,,,,,,,,,,,,,,,,,,", u3207 ,m211,,
108519, u3207 ," Important? Of course it's important. The point is we can do something about it.,,,,,,,,,,,,,,,,,,,,,,,,,,,,,,,", u3201 ,m211,,
108520, u3201 ," You don't understand. You don't realize how important it is.,,,,,,,,,,,,,,,,,,,,,,,,,,,,,,,", u3207 ,m211,,
108521, u3207 ," Are you crazy? After what happened today?,,,,,,,,,,,,,,,,,,,,,,,,,,,,,,,", u3201 ,m211,,
108522, u3201 ," Never mind about that.  You've got to promise me you won't say a word to anybody.,,,,,,,,,,,,,,,,,,,,,,,,,,,,,,,", u3207 ,m211,,
108523, u3207 ," How do you know?,,,,,,,,,,,,,,,,,,,,,,,,,,,,,,,", u3201 ,m211,,
108524, u3201 ," All right, Tom -- it's true. I know it's true."",,,,,,,,,,,,,,,,,,,,,,,,,,,,,,,", u3207 ,m211,,
108525, u3207 ," Helen, he's the man from the space ship!  I had that diamond checked at three different places. Nobody on earth's ever seen a stone like that! After what Bobby told us, that's enough for me. Why is it nobody knows anything about him? Why hasn't he got any money?"",,,,,,,,,,,,,,,,,,,,,,,,,,,,,,,", u3201 ,m211,,
108526, u3201 ," What about him?,,,,,,,,,,,,,,,,,,,,,,,,,,,,,,,", u3207 ,m211,,
108527, u3207 ," I've got some terrific news about your friend, Mr. Carpenter."",,,,,,,,,,,,,,,,,,,,,,,,,,,,,,,", u3207 ,m211,,
108528, u3207 ," Come on in.,,,,,,,,,,,,,,,,,,,,,,,,,,,,,,,", u3201 ,m211,,
108529, u3201 ," Tom -- I've been trying to get you all afternoon--,,,,,,,,,,,,,,,,,,,,,,,,,,,,,,,", u3201 ,m211,,
108530, u3201 ," I -- I'm afraid I can't -- not right now. Can I talk to you later?. Yes, that'll be fine. 'Bye."",,,,,,,,,,,,,,,,,,,,,,,,,,,,,,,", u3207 ,m211,,
108531, u3207 ," I'm at Bleeker's getting an appraisal on that diamond. I thought we might have lunch together.,,,,,,,,,,,,,,,,,,,,,,,,,,,,,,,", u3201 ,m211,,
108532, u3201 ," I've got a good lock on my door.  And Bobby's going to sleep in my room tonight.,,,,,,,,,,,,,,,,,,,,,,,,,,,,,,,", u3207 ,m211,,
108533, u3207 ," You think it's all right for you to stay here?,,,,,,,,,,,,,,,,,,,,,,,,,,,,,,,", u3201 ,m211,,
108534, u3201 ," Bobby and I have had enough excitement for tonight.,,,,,,,,,,,,,,,,,,,,,,,,,,,,,,,", u3207 ,m211,,
108535, u3207 ," I wonder if we ought to--,,,,,,,,,,,,,,,,,,,,,,,,,,,,,,,", u3207 ,m211,,
108536, u3207 ," Looks real to me.,,,,,,,,,,,,,,,,,,,,,,,,,,,,,,,", u3201 ,m211,,
108537, u3201 ," Is it real?,,,,,,,,,,,,,,,,,,,,,,,,,,,,,,,", u3207 ,m211,,
108538, u3207 ," He's not there.  But look what I found in his room,,,,,,,,,,,,,,,,,,,,,,,,,,,,,,,", u3207 ,m211,,
108539, u3207 ," I'm sorry. I guess I'm just tired of hearing about Mr. Carpenter.  I don't like the way he's attached himself to you and Bobby. After all, what do you know about him?"",,,,,,,,,,,,,,,,,,,,,,,,,,,,,,,", u3201 ,m211,,
108540, u3201 ," Oh, Tom, that was awful."",,,,,,,,,,,,,,,,,,,,,,,,,,,,,,,", u3207 ,m211,,
108541, u3207 ," I hope Mr. Carpenter won't think I'm intruding.,,,,,,,,,,,,,,,,,,,,,,,,,,,,,,,", u3201 ,m211,,
108542, u3201 ," I was talking to Mr. Carpenter.,,,,,,,,,,,,,,,,,,,,,,,,,,,,,,,", u3207 ,m211,,
108543, u3207 ," The picture starts at eight-fifty.,,,,,,,,,,,,,,,,,,,,,,,,,,,,,,,", u3201 ,m211,,
108544, u3201 ," I will be in just a minute.,,,,,,,,,,,,,,,,,,,,,,,,,,,,,,,", u3207 ,m211,,
108545, u3207 ," You ready?,,,,,,,,,,,,,,,,,,,,,,,,,,,,,,,", u3201 ,m211,,
108546, u3201 ," Hello--,,,,,,,,,,,,,,,,,,,,,,,,,,,,,,,", u3207 ,m211,,
108547, u3207 ," A good insurance salesman wouldn't give you time to think.,,,,,,,,,,,,,,,,,,,,,,,,,,,,,,,", u3201 ,m211,,
108548, u3201 ," You're a good salesman -- but I've got to think about it.,,,,,,,,,,,,,,,,,,,,,,,,,,,,,,,", u3207 ,m211,,
108549, u3207 ," The boss is leaving for Chicago tomorrow. If I could tell him I was getting married -- with two dependents--,,,,,,,,,,,,,,,,,,,,,,,,,,,,,,,", u3201 ,m211,,
108550, u3201 ," You know how I feel, Tom. I just want to think it over."",,,,,,,,,,,,,,,,,,,,,,,,,,,,,,,", u3207 ,m211,,
108551, u3207 ," You still haven't answered my question.,,,,,,,,,,,,,,,,,,,,,,,,,,,,,,,", u3201 ,m211,,
108552, u3201 ," It was a wonderful day.,,,,,,,,,,,,,,,,,,,,,,,,,,,,,,,", u3201 ,m211,,
108553, u3201 ," There's always somebody here, but today of course they've all got plans."",,,,,,,,,,,,,,,,,,,,,,,,,,,,,,,", u3207 ,m211,,
108554, u3207 ," Well, we could--"",,,,,,,,,,,,,,,,,,,,,,,,,,,,,,,", u3201 ,m211,,
108555, u3201 ," There's only one thing -- I haven't been able to arrange for anyone to stay with Bobby.  I don't suppose we could take him with us?,,,,,,,,,,,,,,,,,,,,,,,,,,,,,,,", u3207 ,m211,,
108556, u3207 ," We're all set. I picked up some sandwiches and put gas in the car. And the radio's still busted, so me can forget about the space man for today."",,,,,,,,,,,,,,,,,,,,,,,,,,,,,,,", u3201 ,m211,,
108557, u3201 ," I think I'm very lucky. You don't always get a chance to recognize a mistake before you make it.,,,,,,,,,,,,,,,,,,,,,,,,,,,,,,,", u3204 ,m211,,
108558, u3204 ," I'm sorry.,,,,,,,,,,,,,,,,,,,,,,,,,,,,,,,", u3201 ,m211,,
108559, u3201 ," No. That's all finished.,,,,,,,,,,,,,,,,,,,,,,,,,,,,,,,", u3204 ,m211,,
108560, u3204 ," He'll have you -- and Tom.,,,,,,,,,,,,,,,,,,,,,,,,,,,,,,,", u3201 ,m211,,
108561, u3201 ," We'll miss you very much -- Bobby and I.  He won't have anyone to play with.,,,,,,,,,,,,,,,,,,,,,,,,,,,,,,,", u3204 ,m211,,
108562, u3204 ," How long will I live?  That no one can say.,,,,,,,,,,,,,,,,,,,,,,,,,,,,,,,", u3201 ,m211,,
108563, u3201 ," But how -- how long--?,,,,,,,,,,,,,,,,,,,,,,,,,,,,,,,", u3204 ,m211,,
108564, u3204 ," This technique, in certain cases, can re-stimulate life for a limited period. It's a refinement of scientific principles known to your own people."",,,,,,,,,,,,,,,,,,,,,,,,,,,,,,,", u3204 ,m211,,
108565, u3204 ," No -- that is a power reserved to the Almighty Spirit.,,,,,,,,,,,,,,,,,,,,,,,,,,,,,,,", u3201 ,m211,,
108566, u3201 ," You mean he has the power of life and death?,,,,,,,,,,,,,,,,,,,,,,,,,,,,,,,", u3204 ,m211,,
108567, u3204 ," I was.,,,,,,,,,,,,,,,,,,,,,,,,,,,,,,,", u3201 ,m211,,
108568, u3201 ," I -- I thought you were--,,,,,,,,,,,,,,,,,,,,,,,,,,,,,,,", u3204 ,m211,,
108569, u3204 ," Hello.,,,,,,,,,,,,,,,,,,,,,,,,,,,,,,,", u3204 ,m211,,
108570, u3204 ," Remember those words.,,,,,,,,,,,,,,,,,,,,,,,,,,,,,,,", u3201 ,m211,,
108571, u3201 ," """"Klaatu barada nikto."""""",,,,,,,,,,,,,,,,,,,,,,,,,,,,,,,", u3204 ,m211,,
108572, u3204 ," There's no limit to what he could do. He could destroy the Earth.  If anything should happen to me, you must go to Gort. You must give him this message: """"Klaatu barada nikto."""" Please repeat that."",,,,,,,,,,,,,,,,,,,,,,,,,,,,,,,", u3201 ,m211,,
108573, u3201 ," Gort?  But he's a robot. I mean -- without you, what could he do?"",,,,,,,,,,,,,,,,,,,,,,,,,,,,,,,", u3204 ,m211,,
108574, u3204 ," I'm worried about Gort. I'm afraid of what he might do -- if anything should happen to me.,,,,,,,,,,,,,,,,,,,,,,,,,,,,,,,", u3201 ,m211,,
108575, u3201 ," It's only a few blocks to Barnhardt's.,,,,,,,,,,,,,,,,,,,,,,,,,,,,,,,", u3204 ,m211,,
108576, u3204 ," At the ship.,,,,,,,,,,,,,,,,,,,,,,,,,,,,,,,", u3201 ,m211,,
108577, u3201 ," Where is the meeting going to be?,,,,,,,,,,,,,,,,,,,,,,,,,,,,,,,", u3204 ,m211,,
108578, u3204 ," I'm sure Barnhardt can arrange to hide me until the meeting.,,,,,,,,,,,,,,,,,,,,,,,,,,,,,,,", u3201 ,m211,,
108579, u3201 ," Tom... He was there last night when Bobby told me what he saw.,,,,,,,,,,,,,,,,,,,,,,,,,,,,,,,", u3204 ,m211,,
108580, u3204 ," Who?,,,,,,,,,,,,,,,,,,,,,,,,,,,,,,,", u3201 ,m211,,
108581, u3201 ," No, wait a minute -- there's someone else."",,,,,,,,,,,,,,,,,,,,,,,,,,,,,,,", u3204 ,m211,,
108582, u3204 ," Back to the boardinghouse. I'll be safe there for the afternoon -- and I can keep an eye on Bobby. He's the only other person who knows anything about--,,,,,,,,,,,,,,,,,,,,,,,,,,,,,,,", u3201 ,m211,,
108583, u3201 ," Where are you going now?,,,,,,,,,,,,,,,,,,,,,,,,,,,,,,,", u3201 ,m211,,
108584, u3201 ," Yes -- Just exactly.,,,,,,,,,,,,,,,,,,,,,,,,,,,,,,,", u3204 ,m211,,
108585, u3204 ," It must be twelve-thirty.,,,,,,,,,,,,,,,,,,,,,,,,,,,,,,,", u3204 ,m211,,
108586, u3204 ," I can see no other hope for your planet. If the meeting should fail, then I'm afraid there is no hope."",,,,,,,,,,,,,,,,,,,,,,,,,,,,,,,", u3201 ,m211,,
108587, u3201 ," You hold great hope for this meeting.,,,,,,,,,,,,,,,,,,,,,,,,,,,,,,,", u3204 ,m211,,
108588, u3204 ," You see -- the electricity's been neutralized -- all over the world.,,,,,,,,,,,,,,,,,,,,,,,,,,,,,,,", u3201 ,m211,,
108589, u3201 ," Why not?,,,,,,,,,,,,,,,,,,,,,,,,,,,,,,,", u3204 ,m211,,
108590, u3204 ," It won't work.,,,,,,,,,,,,,,,,,,,,,,,,,,,,,,,", u3201 ,m211,,
108591, u3201 ," We could try pushing the other buttons.  I have a flashlight in my purse.,,,,,,,,,,,,,,,,,,,,,,,,,,,,,,,", u3204 ,m211,,
108592, u3204 ," We'll be stuck here for a little while -- about thirty minutes.,,,,,,,,,,,,,,,,,,,,,,,,,,,,,,,", u3201 ,m211,,
108593, u3201 ," Just twelve.,,,,,,,,,,,,,,,,,,,,,,,,,,,,,,,", u3204 ,m211,,
108594, u3204 ," What time is it?,,,,,,,,,,,,,,,,,,,,,,,,,,,,,,,", u3201 ,m211,,
108595, u3201 ," What happened?,,,,,,,,,,,,,,,,,,,,,,,,,,,,,,,", u3204 ,m211,,
108596, u3204 ," Before I ask you to be honest with me, perhaps I should be completely honest with you--"",,,,,,,,,,,,,,,,,,,,,,,,,,,,,,,", u3201 ,m211,,
108597, u3201 ," What is it you want?,,,,,,,,,,,,,,,,,,,,,,,,,,,,,,,", u3204 ,m211,,
108598, u3204 ," Did you believe what he told you?  I have a reason for asking this -- a very important reason.,,,,,,,,,,,,,,,,,,,,,,,,,,,,,,,", u3201 ,m211,,
108599, u3201 ," I -- I didn't really pay much attention--  Bobby has such an active imagination.,,,,,,,,,,,,,,,,,,,,,,,,,,,,,,,", u3204 ,m211,,
108600, u3204 ," I want to know what he told you last night.,,,,,,,,,,,,,,,,,,,,,,,,,,,,,,,", u3201 ,m211,,
108601, u3201 ," Yes--?,,,,,,,,,,,,,,,,,,,,,,,,,,,,,,,", u3204 ,m211,,
108602, u3204 ," I saw Bobby this morning before he went to school--,,,,,,,,,,,,,,,,,,,,,,,,,,,,,,,", u3204 ,m211,,
108603, u3204 ," May I walk out with you?,,,,,,,,,,,,,,,,,,,,,,,,,,,,,,,", u3201 ,m211,,
108604, u3201 ," I -- I was Just going to lunch.,,,,,,,,,,,,,,,,,,,,,,,,,,,,,,,", u3204 ,m211,,
108605, u3204 ," May I see you for a minute?,,,,,,,,,,,,,,,,,,,,,,,,,,,,,,,", u3201 ,m211,,
108606, u3201 ," Oh -- hello--,,,,,,,,,,,,,,,,,,,,,,,,,,,,,,,", u3204 ,m211,,
108607, u3204 ," Goodnight, my dear."",,,,,,,,,,,,,,,,,,,,,,,,,,,,,,,", u3201 ,m211,,
108608, u3201 ," Mr. Carpenter, I--  Goodnight."",,,,,,,,,,,,,,,,,,,,,,,,,,,,,,,", u3201 ,m211,,
108609, u3201 ," Goodnight, Mr. Carpenter."",,,,,,,,,,,,,,,,,,,,,,,,,,,,,,,", u3204 ,m211,,
108610, u3204 ," Excuse me. I was just going up to my room.,,,,,,,,,,,,,,,,,,,,,,,,,,,,,,,", u3204 ,m211,,
108611, u3204 ," Oh -- they just wanted to ask me a few questions. Bobby and I tried to see Professor Barnhardt in the afternoon, but he wasn't in. Apparently they thought I was looking for secrets of some kind."",,,,,,,,,,,,,,,,,,,,,,,,,,,,,,,", u3201 ,m211,,
108612, u3201 ," Mr. Carpenter -- this is none of my business, but -- why did that detective come here last night?"",,,,,,,,,,,,,,,,,,,,,,,,,,,,,,,", u3204 ,m211,,
108613, u3204 ," Warm and friendly and intelligent--  You know -- he's the only real friend I've made since I've been here.,,,,,,,,,,,,,,,,,,,,,,,,,,,,,,,", u3201 ,m211,,
108614, u3201 ," Naturally I think so.,,,,,,,,,,,,,,,,,,,,,,,,,,,,,,,", u3204 ,m211,,
108615, u3204 ," He's a fine boy, Mrs. Benson."",,,,,,,,,,,,,,,,,,,,,,,,,,,,,,,", u3201 ,m211,,
108616, u3201 ," He has his homework to keep him occupied.,,,,,,,,,,,,,,,,,,,,,,,,,,,,,,,", u3204 ,m211,,
108617, u3204 ," Bobby's the only person I know who isn't -- Jittery.,,,,,,,,,,,,,,,,,,,,,,,,,,,,,,,", u3201 ,m211,,
108618, u3201 ," Jittery is the word.,,,,,,,,,,,,,,,,,,,,,,,,,,,,,,,", u3204 ,m211,,
108619, u3204 ," Everyone seems so-- ,,,,,,,,,,,,,,,,,,,,,,,,,,,,,,,", u3204 ,m211,,
108620, u3204 ," I enjoyed every minute of it.,,,,,,,,,,,,,,,,,,,,,,,,,,,,,,,", u3201 ,m211,,
108621, u3201 ," I don't know how to thank you.,,,,,,,,,,,,,,,,,,,,,,,,,,,,,,,", u3204 ,m211,,
108622, u3204 ," You might keep this.  I think the professor will want to get in touch with me.,,,,,,,,,,,,,,,,,,,,,,,,,,,,,,,", u3202 ,m211,,
108623, u3202 ," Well, he's not here. And he won't be back till this evening.  I think you'd better leave now. Unruffled, Klaatu turns to the desk and scribbles something on a scratch pad. He tears off the piece of paper and hands it to Hilda."",,,,,,,,,,,,,,,,,,,,,,,,,,,,,,,", u3204 ,m211,,
108624, u3204 ," We came to see Professor Barnhardt.,,,,,,,,,,,,,,,,,,,,,,,,,,,,,,,", u3202 ,m211,,
108625, u3202 ," How did you get in here? And what do you want?,,,,,,,,,,,,,,,,,,,,,,,,,,,,,,,", u3204 ,m211,,
108626, u3204 ," He'll catch on to it in no time now.,,,,,,,,,,,,,,,,,,,,,,,,,,,,,,,", u3202 ,m211,,
108627, u3202 ," How dare you write on that blackboard!  Do you realize the Professor has been working on that problem for weeks?,,,,,,,,,,,,,,,,,,,,,,,,,,,,,,,", u3203 ,m211,,
108628, u3203 ," I'd give you a very good price.,,,,,,,,,,,,,,,,,,,,,,,,,,,,,,,", u3207 ,m211,,
108629, u3207 ," No -- no, thanks."",,,,,,,,,,,,,,,,,,,,,,,,,,,,,,,", u3203 ,m211,,
108630, u3203 ," Would you like to sell it?,,,,,,,,,,,,,,,,,,,,,,,,,,,,,,,", u3207 ,m211,,
108631, u3207 ," You sure about that?,,,,,,,,,,,,,,,,,,,,,,,,,,,,,,,", u3203 ,m211,,
108632, u3203 ," There are no diamonds like this -- any place in the world.,,,,,,,,,,,,,,,,,,,,,,,,,,,,,,,", u3207 ,m211,,
108633, u3207 ," That's what I wanted you to tell me.,,,,,,,,,,,,,,,,,,,,,,,,,,,,,,,", u3203 ,m211,,
108634, u3203 ," I have never seen such a stone. Will you please tell me where it came from?,,,,,,,,,,,,,,,,,,,,,,,,,,,,,,,", u3207 ,m211,,
108635, u3207 ," Is it worth anything?,,,,,,,,,,,,,,,,,,,,,,,,,,,,,,,", u3205 ,m211,,
108636, u3205 ," Get going, will you, Brady -- before I get mad!"",,,,,,,,,,,,,,,,,,,,,,,,,,,,,,,", u3204 ,m211,,
108637, u3204 ," May I suggest that you call the Professor?,,,,,,,,,,,,,,,,,,,,,,,,,,,,,,,", u3205 ,m211,,
108638, u3205 ," They can tell right away. They've got a couple of doctors who saw this man in the hospital.  Take him over to G2.,,,,,,,,,,,,,,,,,,,,,,,,,,,,,,,", u3204 ,m211,,
108639, u3204 ," How long will that take?,,,,,,,,,,,,,,,,,,,,,,,,,,,,,,,", u3205 ,m211,,
108640, u3205 ," People get hysterical enough, they do anything.  Look, Mr. Carpenter -- if you can't identify yourself, I got to send you over to the Army."",,,,,,,,,,,,,,,,,,,,,,,,,,,,,,,", u3204 ,m211,,
108641, u3204 ," They would have killed this man?,,,,,,,,,,,,,,,,,,,,,,,,,,,,,,,", u3205 ,m211,,
108642, u3205 ," Okay -- book him and get him fixed up.  Looks like everybody's goin' nuts.,,,,,,,,,,,,,,,,,,,,,,,,,,,,,,,", u3204 ,m211,,
108643, u3204 ," You don't.,,,,,,,,,,,,,,,,,,,,,,,,,,,,,,,", u3205 ,m211,,
108644, u3205 ," Well, how do I know who you are?"",,,,,,,,,,,,,,,,,,,,,,,,,,,,,,,", u3204 ,m211,,
108645, u3204 ," No -- I'm afraid not.,,,,,,,,,,,,,,,,,,,,,,,,,,,,,,,", u3205 ,m211,,
108646, u3205 ," Your name's Carpenter -- that right?  Any identification, Mr. Carpenter? Driver's license -- social security number?"",,,,,,,,,,,,,,,,,,,,,,,,,,,,,,,", u3204 ,m211,,
108647, u3204 ," It's really quite simple... The three- body problem, you know."",,,,,,,,,,,,,,,,,,,,,,,,,,,,,,,", u3205 ,m211,,
108648, u3205 ," But I suppose you know the answer.,,,,,,,,,,,,,,,,,,,,,,,,,,,,,,,", u3204 ,m211,,
108649, u3204 ," In this case the secret wouldn't be worth much. He doesn't know the answer himself.,,,,,,,,,,,,,,,,,,,,,,,,,,,,,,,", u3205 ,m211,,
108650, u3205 ," I suppose you know that Barnhardt does a lot of secret work for the Army.,,,,,,,,,,,,,,,,,,,,,,,,,,,,,,,", u3204 ,m211,,
108651, u3204 ," That's right.,,,,,,,,,,,,,,,,,,,,,,,,,,,,,,,", u3205 ,m211,,
108652, u3205 ," Oh, I see. He was having trouble and you were helping him out."",,,,,,,,,,,,,,,,,,,,,,,,,,,,,,,", u3204 ,m211,,
108653, u3204 ," I was only trying to be helpful. He was having difficulty with a problem.,,,,,,,,,,,,,,,,,,,,,,,,,,,,,,,", u3205 ,m211,,
108654, u3205 ," The Professor's secretary says she found you in Barnhardt's room, making marks on his blackboard."",,,,,,,,,,,,,,,,,,,,,,,,,,,,,,,", u3204 ,m211,,
