,User_id,text,sec_user,movies_name,relationship,attachment
108655, u3216 ," What's Plan B?,,,,,,,,,,,,,,,,,,,,,,,,,,,,,,,", u3208 ,m212,,
108656, u3208 ," Time to activate Plan B.,,,,,,,,,,,,,,,,,,,,,,,,,,,,,,,", u3216 ,m212,,
108657, u3216 ," Well... we blew Plan A.,,,,,,,,,,,,,,,,,,,,,,,,,,,,,,,", u3216 ,m212,,
108658, u3216 ," You gotta drive!,,,,,,,,,,,,,,,,,,,,,,,,,,,,,,,", u3208 ,m212,,
108659, u3208 ," They're gaining on us!,,,,,,,,,,,,,,,,,,,,,,,,,,,,,,,", u3208 ,m212,,
108660, u3208 ," We blew it, Edgar!  We lost it!"",,,,,,,,,,,,,,,,,,,,,,,,,,,,,,,", u3216 ,m212,,
108661, u3216 ," Burn rubber does not mean <u>warp</u> <u>speed</u>!,,,,,,,,,,,,,,,,,,,,,,,,,,,,,,,", u3216 ,m212,,
108662, u3216 ," Fine!  Stay here!,,,,,,,,,,,,,,,,,,,,,,,,,,,,,,,", u3208 ,m212,,
108663, u3208 ," We don't ride with vampires.,,,,,,,,,,,,,,,,,,,,,,,,,,,,,,,", u3216 ,m212,,
108664, u3216 ," <u>I'll</u> have to drive!,,,,,,,,,,,,,,,,,,,,,,,,,,,,,,,", u3216 ,m212,,
108665, u3216 ," Exactly how many vampires have you actually destroyed?,,,,,,,,,,,,,,,,,,,,,,,,,,,,,,,", u3208 ,m212,,
108666, u3208 ," They wouldn't be out in the daytime.,,,,,,,,,,,,,,,,,,,,,,,,,,,,,,,", u3208 ,m212,,
108667, u3208 ," You better get a garlic T-shirt, buddy."",,,,,,,,,,,,,,,,,,,,,,,,,,,,,,,", u3216 ,m212,,
108668, u3216 ," He's my brother.,,,,,,,,,,,,,,,,,,,,,,,,,,,,,,,", u3208 ,m212,,
108669, u3208 ," Why not?,,,,,,,,,,,,,,,,,,,,,,,,,,,,,,,", u3208 ,m212,,
108670, u3208 ," He's a vampire alright.,,,,,,,,,,,,,,,,,,,,,,,,,,,,,,,", u3216 ,m212,,
108671, u3216 ," Yeah.,,,,,,,,,,,,,,,,,,,,,,,,,,,,,,,", u3208 ,m212,,
108672, u3208 ," Salt sticks to the bottom of his feet.,,,,,,,,,,,,,,,,,,,,,,,,,,,,,,,", u3216 ,m212,,
108673, u3216 ," Wears sunglasses in the <u>house</u>.,,,,,,,,,,,,,,,,,,,,,,,,,,,,,,,", u3208 ,m212,,
108674, u3208 ," Can't stand light?,,,,,,,,,,,,,,,,,,,,,,,,,,,,,,,", u3216 ,m212,,
108675, u3216 ," All day.,,,,,,,,,,,,,,,,,,,,,,,,,,,,,,,", u3216 ,m212,,
108676, u3216 ," I'm gonna pray that I never need to call you.,,,,,,,,,,,,,,,,,,,,,,,,,,,,,,,", u3208 ,m212,,
108677, u3208 ," Think of this more as a survival manual... there's our number on the back, and pray that you never need to call us."",,,,,,,,,,,,,,,,,,,,,,,,,,,,,,,", u3216 ,m212,,
108678, u3216 ," I don't like horror comics.,,,,,,,,,,,,,,,,,,,,,,,,,,,,,,,", u3216 ,m212,,
108679, u3216 ," You better get some fresh air.,,,,,,,,,,,,,,,,,,,,,,,,,,,,,,,", u3208 ,m212,,
108680, u3208 ," We're fighters for Truth, Justice, and the American Way."",,,,,,,,,,,,,,,,,,,,,,,,,,,,,,,", u3216 ,m212,,
108681, u3216 ," This isn't a comic book store, right.  It's a bakery."",,,,,,,,,,,,,,,,,,,,,,,,,,,,,,,", u3208 ,m212,,
108682, u3208 ," Yeah, you think we just work in a comic book store for our dad, huh?"",,,,,,,,,,,,,,,,,,,,,,,,,,,,,,,", u3216 ,m212,,
108683, u3216 ," It's a pretty cool place if you're a Martian.,,,,,,,,,,,,,,,,,,,,,,,,,,,,,,,", u3208 ,m212,,
108684, u3208 ," How do you like Santa Carla?,,,,,,,,,,,,,,,,,,,,,,,,,,,,,,,", u3208 ,m212,,
108685, u3208 ," This one could save your life.,,,,,,,,,,,,,,,,,,,,,,,,,,,,,,,", u3216 ,m212,,
108686, u3216 ," I don't like horror comics.,,,,,,,,,,,,,,,,,,,,,,,,,,,,,,,", u3216 ,m212,,
108687, u3216 ," No, I'm a resident as of today and you'll probably be seeing a lot of me... I've been collecting comic books all my life... perhaps you'd like to see my collection?"",,,,,,,,,,,,,,,,,,,,,,,,,,,,,,,", u3208 ,m212,,
108688, u3208 ," Just passing through Santa Carla?,,,,,,,,,,,,,,,,,,,,,,,,,,,,,,,", u3210 ,m212,,
108689, u3210 ," The baddest!,,,,,,,,,,,,,,,,,,,,,,,,,,,,,,,", u3208 ,m212,,
108690, u3208 ," The meanest!,,,,,,,,,,,,,,,,,,,,,,,,,,,,,,,", u3210 ,m212,,
108691, u3210 ," We are awesome monster-bashers!,,,,,,,,,,,,,,,,,,,,,,,,,,,,,,,", u3208 ,m212,,
108692, u3208 ," Maximum body-count.,,,,,,,,,,,,,,,,,,,,,,,,,,,,,,,", u3210 ,m212,,
108693, u3210 ," Death to all vampires!,,,,,,,,,,,,,,,,,,,,,,,,,,,,,,,", u3208 ,m212,,
108694, u3208 ," You know what?  You're absolutely right.,,,,,,,,,,,,,,,,,,,,,,,,,,,,,,,", u3210 ,m212,,
108695, u3210 ," Those two we brought back with us. The girl and the kid.  I don't trust 'em.  I say we terminate 'em while we can.,,,,,,,,,,,,,,,,,,,,,,,,,,,,,,,", u3208 ,m212,,
108696, u3208 ," Whattaya mean?,,,,,,,,,,,,,,,,,,,,,,,,,,,,,,,", u3210 ,m212,,
108697, u3210 ," <u>Four</u> to go.,,,,,,,,,,,,,,,,,,,,,,,,,,,,,,,", u3208 ,m212,,
108698, u3208 ," Two down and two to go.,,,,,,,,,,,,,,,,,,,,,,,,,,,,,,,", u3210 ,m212,,
108699, u3210 ," Man, we totally annihilated his night-stalkin' ass!"",,,,,,,,,,,,,,,,,,,,,,,,,,,,,,,", u3208 ,m212,,
108700, u3208 ," Did you see that sucker burn?!,,,,,,,,,,,,,,,,,,,,,,,,,,,,,,,", u3210 ,m212,,
108701, u3210 ," That's just the way we like it.,,,,,,,,,,,,,,,,,,,,,,,,,,,,,,,", u3208 ,m212,,
108702, u3208 ," Good.,,,,,,,,,,,,,,,,,,,,,,,,,,,,,,,", u3208 ,m212,,
108703, u3208 ," They're gonna book us.,,,,,,,,,,,,,,,,,,,,,,,,,,,,,,,", u3210 ,m212,,
108704, u3210 ," They're looking at us.,,,,,,,,,,,,,,,,,,,,,,,,,,,,,,,", u3210 ,m212,,
108705, u3210 ," They pulled a mind-scramble on us, man!  It wasn't our fault! They opened their eyes and talked!"",,,,,,,,,,,,,,,,,,,,,,,,,,,,,,,", u3208 ,m212,,
108706, u3208 ," We unraveled in the face of the enemy!,,,,,,,,,,,,,,,,,,,,,,,,,,,,,,,", u3210 ,m212,,
108707, u3210 ," Shut up!,,,,,,,,,,,,,,,,,,,,,,,,,,,,,,,", u3210 ,m212,,
108708, u3210 ," I've only got one question for you, and I want an honest answer.  Have you taken any human victims yet?"",,,,,,,,,,,,,,,,,,,,,,,,,,,,,,,", u3208 ,m212,,
108709, u3208 ," Should I run him through?,,,,,,,,,,,,,,,,,,,,,,,,,,,,,,,", u3210 ,m212,,
108710, u3210 ," El Vampiro.,,,,,,,,,,,,,,,,,,,,,,,,,,,,,,,", u3208 ,m212,,
108711, u3208 ," The nightcrawler.  The bloodsucker.,,,,,,,,,,,,,,,,,,,,,,,,,,,,,,,", u3210 ,m212,,
108712, u3210 ," The Prince of Darkness.,,,,,,,,,,,,,,,,,,,,,,,,,,,,,,,", u3210 ,m212,,
108713, u3210 ," Okay.  Where's Nosferatu?,,,,,,,,,,,,,,,,,,,,,,,,,,,,,,,", u3208 ,m212,,
108714, u3208 ," Zero.,,,,,,,,,,,,,,,,,,,,,,,,,,,,,,,", u3210 ,m212,,
108715, u3210 ," All together?,,,,,,,,,,,,,,,,,,,,,,,,,,,,,,,", u3210 ,m212,,
108716, u3210 ," As a matter of fact, we're almost certain that ghouls and werewolves occupy high positions at City Hall."",,,,,,,,,,,,,,,,,,,,,,,,,,,,,,,", u3208 ,m212,,
108717, u3208 ," Santa Carla has become a haven for the undead.,,,,,,,,,,,,,,,,,,,,,,,,,,,,,,,", u3210 ,m212,,
108718, u3210 ," We've been aware of some very serious vampire activity in this town for a long time.,,,,,,,,,,,,,,,,,,,,,,,,,,,,,,,", u3209 ,m212,,
108719, u3209 ," You're one of us, now -- aren't you?"",,,,,,,,,,,,,,,,,,,,,,,,,,,,,,,", u3215 ,m212,,
108720, u3215 ," What is this, David?"",,,,,,,,,,,,,,,,,,,,,,,,,,,,,,,", u3209 ,m212,,
108721, u3209 ," If you ever want to see Star again, then you better come with us."",,,,,,,,,,,,,,,,,,,,,,,,,,,,,,,", u3215 ,m212,,
108722, u3215 ," Where's Star, David?!"",,,,,,,,,,,,,,,,,,,,,,,,,,,,,,,", u3209 ,m212,,
108723, u3209 ," Hey, take it easy."",,,,,,,,,,,,,,,,,,,,,,,,,,,,,,,", u3215 ,m212,,
108724, u3215 ," Where is she?!,,,,,,,,,,,,,,,,,,,,,,,,,,,,,,,", u3209 ,m212,,
108725, u3209 ," What's goin' on, Marko?"",,,,,,,,,,,,,,,,,,,,,,,,,,,,,,,", u3215 ,m212,,
108726, u3215 ," What's going' on?,,,,,,,,,,,,,,,,,,,,,,,,,,,,,,,", u3209 ,m212,,
108727, u3209 ," Get your bike.  We're going someplace.,,,,,,,,,,,,,,,,,,,,,,,,,,,,,,,", u3215 ,m212,,
108728, u3215 ," I'm my own man.,,,,,,,,,,,,,,,,,,,,,,,,,,,,,,,", u3209 ,m212,,
108729, u3209 ," Why?  They're only noodles.,,,,,,,,,,,,,,,,,,,,,,,,,,,,,,,", u3215 ,m212,,
108730, u3215 ," Don't!  Stop!,,,,,,,,,,,,,,,,,,,,,,,,,,,,,,,", u3209 ,m212,,
108731, u3209 ," You're eating maggots.  How do they taste?,,,,,,,,,,,,,,,,,,,,,,,,,,,,,,,", u3215 ,m212,,
108732, u3215 ," What?...,,,,,,,,,,,,,,,,,,,,,,,,,,,,,,,", u3209 ,m212,,
108733, u3209 ," So how do you like those maggots, Michael?"",,,,,,,,,,,,,,,,,,,,,,,,,,,,,,,", u3209 ,m212,,
108734, u3209 ," Good idea.  Marko.  We're hungry.,,,,,,,,,,,,,,,,,,,,,,,,,,,,,,,", u3215 ,m212,,
108735, u3215 ," We were gonna grab some food.,,,,,,,,,,,,,,,,,,,,,,,,,,,,,,,", u3209 ,m212,,
108736, u3209 ," You don't have to beat me, Michael.  Just try to keep up."",,,,,,,,,,,,,,,,,,,,,,,,,,,,,,,", u3215 ,m212,,
108737, u3215 ," I can't beat a Triumph.,,,,,,,,,,,,,,,,,,,,,,,,,,,,,,,", u3215 ,m212,,
108738, u3215 ," Star?...,,,,,,,,,,,,,,,,,,,,,,,,,,,,,,,", u3209 ,m212,,
108739, u3209 ," C'mon, Star.  Climb on."",,,,,,,,,,,,,,,,,,,,,,,,,,,,,,,", u3215 ,m212,,
108740, u3215 ," That's right.,,,,,,,,,,,,,,,,,,,,,,,,,,,,,,,", u3209 ,m212,,
108741, u3209 ," Honda 250, huh?"",,,,,,,,,,,,,,,,,,,,,,,,,,,,,,,", u3215 ,m212,,
108742, u3215 ," We still going?,,,,,,,,,,,,,,,,,,,,,,,,,,,,,,,", u3209 ,m212,,
108743, u3209 ," No, Star.  Put it down.  Put it down."",,,,,,,,,,,,,,,,,,,,,,,,,,,,,,,", u3217 ,m212,,
108744, u3217 ," I will, David!"",,,,,,,,,,,,,,,,,,,,,,,,,,,,,,,", u3209 ,m212,,
108745, u3209 ," You can't kill me, Star."",,,,,,,,,,,,,,,,,,,,,,,,,,,,,,,", u3209 ,m212,,
108746, u3209 ," You're almost one of us now, Michael."",,,,,,,,,,,,,,,,,,,,,,,,,,,,,,,", u3217 ,m212,,
108747, u3217 ," Look.,,,,,,,,,,,,,,,,,,,,,,,,,,,,,,,", u3209 ,m212,,
108748, u3209 ," Sorry, Michael.  No hard feelings, huh?  Here.  Try these noodles."",,,,,,,,,,,,,,,,,,,,,,,,,,,,,,,", u3217 ,m212,,
108749, u3217 ," Leave him alone.,,,,,,,,,,,,,,,,,,,,,,,,,,,,,,,", u3209 ,m212,,
108750, u3209 ," No.  Stick around.,,,,,,,,,,,,,,,,,,,,,,,,,,,,,,,", u3217 ,m212,,
108751, u3217 ," C'mon, Michael.  I want to go."",,,,,,,,,,,,,,,,,,,,,,,,,,,,,,,", u3217 ,m212,,
108752, u3217 ," Yeah.,,,,,,,,,,,,,,,,,,,,,,,,,,,,,,,", u3209 ,m212,,
108753, u3209 ," With him?,,,,,,,,,,,,,,,,,,,,,,,,,,,,,,,", u3217 ,m212,,
108754, u3217 ," For a ride.,,,,,,,,,,,,,,,,,,,,,,,,,,,,,,,", u3209 ,m212,,
108755, u3209 ," Where you going?,,,,,,,,,,,,,,,,,,,,,,,,,,,,,,,", u3210 ,m212,,
108756, u3210 ," The dun goes down and they'll be comin' for us.,,,,,,,,,,,,,,,,,,,,,,,,,,,,,,,", u3216 ,m212,,
108757, u3216 ," What happens in tow and a half hours?,,,,,,,,,,,,,,,,,,,,,,,,,,,,,,,", u3210 ,m212,,
108758, u3210 ," We don't have one yet.  And we only have two and a half hours to come up with one.,,,,,,,,,,,,,,,,,,,,,,,,,,,,,,,", u3210 ,m212,,
108759, u3210 ," Your dog knows flesh-eaters when he smells 'em!,,,,,,,,,,,,,,,,,,,,,,,,,,,,,,,", u3216 ,m212,,
108760, u3216 ," No, Nanook!  Quiet!"",,,,,,,,,,,,,,,,,,,,,,,,,,,,,,,", u3216 ,m212,,
108761, u3216 ," There's a cop behind us.,,,,,,,,,,,,,,,,,,,,,,,,,,,,,,,", u3210 ,m212,,
108762, u3210 ," What?,,,,,,,,,,,,,,,,,,,,,,,,,,,,,,,", u3216 ,m212,,
108763, u3216 ," Oh, no..."",,,,,,,,,,,,,,,,,,,,,,,,,,,,,,,", u3210 ,m212,,
108764, u3210 ," That's exactly what this place is. One great big coffin.  Let's stake 'em.,,,,,,,,,,,,,,,,,,,,,,,,,,,,,,,", u3216 ,m212,,
108765, u3216 ," I thought they'd be in coffins.,,,,,,,,,,,,,,,,,,,,,,,,,,,,,,,", u3210 ,m212,,
108766, u3210 ," Vampires, my friend.  Vampires."",,,,,,,,,,,,,,,,,,,,,,,,,,,,,,,", u3216 ,m212,,
108767, u3216 ," What's that smell!?,,,,,,,,,,,,,,,,,,,,,,,,,,,,,,,", u3216 ,m212,,
108768, u3216 ," Chill out Edgar.,,,,,,,,,,,,,,,,,,,,,,,,,,,,,,,", u3210 ,m212,,
108769, u3210 ," Just so you know:  If you try to stop us, or vamp-out in any way, I'll stake you without thinking twice about it."",,,,,,,,,,,,,,,,,,,,,,,,,,,,,,,", u3210 ,m212,,
108770, u3210 ," To free you, we must destroy the leader of the vampires."",,,,,,,,,,,,,,,,,,,,,,,,,,,,,,,", u3216 ,m212,,
108771, u3216 ," He's telling the truth!  Aren't you, Michael?"",,,,,,,,,,,,,,,,,,,,,,,,,,,,,,,", u3216 ,m212,,
108772, u3216 ," Hit the lights again.,,,,,,,,,,,,,,,,,,,,,,,,,,,,,,,", u3210 ,m212,,
108773, u3210 ," He's not glowing.,,,,,,,,,,,,,,,,,,,,,,,,,,,,,,,", u3216 ,m212,,
108774, u3216 ," How do you know they're not?,,,,,,,,,,,,,,,,,,,,,,,,,,,,,,,", u3210 ,m212,,
108775, u3210 ," I wish they were vampires so I could nuke them in their hearts.,,,,,,,,,,,,,,,,,,,,,,,,,,,,,,,", u3216 ,m212,,
108776, u3216 ," Well... he only shows up at the store after dark.  And today, his dog attacked my mom.  Listen to this.  From <u>Vampires</u> <u>Everywhere</u>...  'Vampires require a daytime protector -- a <u>Guardian</u> -- to watch over them as they sleep. For it is during the day that the vampire is most vulnerable. Since they hold sway over animals, <u>fierce dogs -- the hounds of Hell</u> <u>-- are often employed for this</u> <u>purpose</u>.'"",,,,,,,,,,,,,,,,,,,,,,,,,,,,,,,", u3210 ,m212,,
108777, u3210 ," That is very probable.  What's your reasoning?,,,,,,,,,,,,,,,,,,,,,,,,,,,,,,,", u3216 ,m212,,
108778, u3216 ," I have something to tell you guys.  Not only is my own brother showing systems of being a vampire... but now I'm convinced my mother's <u>dating</u> one!,,,,,,,,,,,,,,,,,,,,,,,,,,,,,,,", u3216 ,m212,,
108779, u3216 ," I can't do that!,,,,,,,,,,,,,,,,,,,,,,,,,,,,,,,", u3210 ,m212,,
108780, u3210 ," Get yourself a good sharp stake and drive it through his heart.,,,,,,,,,,,,,,,,,,,,,,,,,,,,,,,", u3216 ,m212,,
108781, u3216 ," His fingernails are longer, but he always has bad breath."",,,,,,,,,,,,,,,,,,,,,,,,,,,,,,,", u3210 ,m212,,
108782, u3210 ," Bad breath?  Long fingernails?,,,,,,,,,,,,,,,,,,,,,,,,,,,,,,,", u3216 ,m212,,
108783, u3216 ," Now I get it... you're like those people in the airport trying to get you to give them money. You're part of a cult.,,,,,,,,,,,,,,,,,,,,,,,,,,,,,,,", u3210 ,m212,,
108784, u3210 ," This is just our cover.  We're dedicated to a higher purpose.,,,,,,,,,,,,,,,,,,,,,,,,,,,,,,,", u3210 ,m212,,
108785, u3210 ," You think you're cool, don't you? You think you know what's really happening, don't you?  Well, you don't know shit, buddy."",,,,,,,,,,,,,,,,,,,,,,,,,,,,,,,", u3216 ,m212,,
108786, u3216 ," Are you guys sniffing old newsprint or something?,,,,,,,,,,,,,,,,,,,,,,,,,,,,,,,", u3210 ,m212,,
108787, u3210 ," Or a vampire.,,,,,,,,,,,,,,,,,,,,,,,,,,,,,,,", u3216 ,m212,,
108788, u3216 ," Phoenix actually and these Bullwinkle and...,,,,,,,,,,,,,,,,,,,,,,,,,,,,,,,", u3210 ,m212,,
108789, u3210 ," Where the hell are you from, Kryton???"",,,,,,,,,,,,,,,,,,,,,,,,,,,,,,,", u3216 ,m212,,
108790, u3216 ," And these Archies should be over here with the Richie Rich's.,,,,,,,,,,,,,,,,,,,,,,,,,,,,,,,", u3215 ,m212,,
108791, u3215 ," Sam, don't --"",,,,,,,,,,,,,,,,,,,,,,,,,,,,,,,", u3210 ,m212,,
108792, u3210 ," Don't go out there!  Stop him!,,,,,,,,,,,,,,,,,,,,,,,,,,,,,,,", u3210 ,m212,,
108793, u3210 ," Okay, okay."",,,,,,,,,,,,,,,,,,,,,,,,,,,,,,,", u3215 ,m212,,
108794, u3215 ," I said, <u>I'll take you there</u>. Nobody's going near Star without me."",,,,,,,,,,,,,,,,,,,,,,,,,,,,,,,", u3215 ,m212,,
108795, u3215 ," I'll take you there.,,,,,,,,,,,,,,,,,,,,,,,,,,,,,,,", u3210 ,m212,,
108796, u3210 ," I don't want names!  Just lead me to him.  Where's their nest?,,,,,,,,,,,,,,,,,,,,,,,,,,,,,,,", u3215 ,m212,,
108797, u3215 ," David.,,,,,,,,,,,,,,,,,,,,,,,,,,,,,,,", u3210 ,m212,,
108798, u3210 ," If you're telling the truth, it means we can save you."",,,,,,,,,,,,,,,,,,,,,,,,,,,,,,,", u3215 ,m212,,
108799, u3215 ," Of course not!,,,,,,,,,,,,,,,,,,,,,,,,,,,,,,,", u3211 ,m212,,
108800, u3211 ," Right.  An' now we're having company <u>again</u>.  I'll take mine to go.,,,,,,,,,,,,,,,,,,,,,,,,,,,,,,,", u3213 ,m212,,
108801, u3213 ," 'Again'?  Dad... you haven't had company in this house since Mom died eight years ago.,,,,,,,,,,,,,,,,,,,,,,,,,,,,,,,", u3211 ,m212,,
108802, u3211 ," Max?  You men we're having company again?,,,,,,,,,,,,,,,,,,,,,,,,,,,,,,,", u3213 ,m212,,
108803, u3213 ," I told Max eight o'clock.,,,,,,,,,,,,,,,,,,,,,,,,,,,,,,,", u3211 ,m212,,
108804, u3211 ," Smells good.  When do we eat?,,,,,,,,,,,,,,,,,,,,,,,,,,,,,,,", u3211 ,m212,,
108805, u3211 ," It's called the Indian walk. Walkin' without makin' a sound.,,,,,,,,,,,,,,,,,,,,,,,,,,,,,,,", u3213 ,m212,,
108806, u3213 ," Dad!  Don't sneak up on people like that!,,,,,,,,,,,,,,,,,,,,,,,,,,,,,,,", u3211 ,m212,,
108807, u3211 ," Closet monster!?,,,,,,,,,,,,,,,,,,,,,,,,,,,,,,,", u3213 ,m212,,
108808, u3213 ," I can't sleep with the closet door open, either.  Not even a crack.  Your father doesn't mind, though. It could be wide open for all he cared.  I think one of the reasons I divorced him was because he never believed... in the horror... of the <u>closet monster</u>!"",,,,,,,,,,,,,,,,,,,,,,,,,,,,,,,", u3213 ,m212,,
108809, u3213 ," When I dressed like you do now, you threw me out of the house. I used to hate your short hair and your uptight suits... then I went ahead and married one... I went Yuppie and you became a hippie... Were still out of synch."",,,,,,,,,,,,,,,,,,,,,,,,,,,,,,,", u3211 ,m212,,
108810, u3211 ," Ouch, my hair..."",,,,,,,,,,,,,,,,,,,,,,,,,,,,,,,", u3213 ,m212,,
108811, u3213 ," A big legal war wasn't going to improve anybody's situation.  We've all been through enough.  Besides I was raised better than that. Thanks for having us, Dad."",,,,,,,,,,,,,,,,,,,,,,,,,,,,,,,", u3211 ,m212,,
108812, u3211 ," Lucy, you're the only woman I ever knew didn't improve her situation by getting divorced."",,,,,,,,,,,,,,,,,,,,,,,,,,,,,,,", u3211 ,m212,,
108813, u3211 ," I better get cleaned up, then."",,,,,,,,,,,,,,,,,,,,,,,,,,,,,,,", u3216 ,m212,,
108814, u3216 ," I guess so.  She said not to be late.,,,,,,,,,,,,,,,,,,,,,,,,,,,,,,,", u3211 ,m212,,
108815, u3211 ," Did we have a date tonight?,,,,,,,,,,,,,,,,,,,,,,,,,,,,,,,", u3216 ,m212,,
108816, u3216 ," Grandpa, the Widow Johnson called. She said to pick her up a seven instead of eight."",,,,,,,,,,,,,,,,,,,,,,,,,,,,,,,", u3211 ,m212,,
108817, u3211 ," I hate goin' into town.  That's about as close to town as I like to get.,,,,,,,,,,,,,,,,,,,,,,,,,,,,,,,", u3216 ,m212,,
108818, u3216 ," I thought we were goin' into town.,,,,,,,,,,,,,,,,,,,,,,,,,,,,,,,", u3211 ,m212,,
108819, u3211 ," Are we havin' fun or what?,,,,,,,,,,,,,,,,,,,,,,,,,,,,,,,", u3216 ,m212,,
108820, u3216 ," Great.  I wanna get some new comics.,,,,,,,,,,,,,,,,,,,,,,,,,,,,,,,", u3211 ,m212,,
108821, u3211 ," Been fixin' to build me fence one of these days.  Bought all the materials, then put it off... for about ten years.  Well, one more day won't hurt. Wanna go into town with me?"",,,,,,,,,,,,,,,,,,,,,,,,,,,,,,,", u3216 ,m212,,
108822, u3216 ," Oh... I was just... having a look at your truck.  What's all that wood in there for?,,,,,,,,,,,,,,,,,,,,,,,,,,,,,,,", u3211 ,m212,,
108823, u3211 ," Whatcha doin' over here?,,,,,,,,,,,,,,,,,,,,,,,,,,,,,,,", u3216 ,m212,,
108824, u3216 ," Good!,,,,,,,,,,,,,,,,,,,,,,,,,,,,,,,", u3211 ,m212,,
108825, u3211 ," Gotta keep in practice.  It's a dyin' art.,,,,,,,,,,,,,,,,,,,,,,,,,,,,,,,", u3216 ,m212,,
108826, u3216 ," Grandpa, stop doin' the Indian Walk!"",,,,,,,,,,,,,,,,,,,,,,,,,,,,,,,", u3211 ,m212,,
108827, u3211 ," Lots more where he came from.,,,,,,,,,,,,,,,,,,,,,,,,,,,,,,,", u3216 ,m212,,
108828, u3216 ," Thanks, Grandpa..."",,,,,,,,,,,,,,,,,,,,,,,,,,,,,,,", u3211 ,m212,,
108829, u3211 ," No, I just like to read the <u>T.V.</u> <u>Guide</u>.  Read the <u>T.V. Guide</u>, you don't need a T.V..."",,,,,,,,,,,,,,,,,,,,,,,,,,,,,,,", u3216 ,m212,,
108830, u3216 ," You have a T.V.?,,,,,,,,,,,,,,,,,,,,,,,,,,,,,,,", u3211 ,m212,,
108831, u3211 ," ... And stay outta here.,,,,,,,,,,,,,,,,,,,,,,,,,,,,,,,", u3212 ,m212,,
108832, u3212 ," You better not like him too much.,,,,,,,,,,,,,,,,,,,,,,,,,,,,,,,", u3217 ,m212,,
108833, u3217 ," I like Michael.,,,,,,,,,,,,,,,,,,,,,,,,,,,,,,,", u3212 ,m212,,
108834, u3212 ," You like Michael.,,,,,,,,,,,,,,,,,,,,,,,,,,,,,,,", u3217 ,m212,,
108835, u3217 ," Promise me you'll keep it that way.  You're not like the others, Laddie.  You're like me.  I can still remember, too."",,,,,,,,,,,,,,,,,,,,,,,,,,,,,,,", u3212 ,m212,,
108836, u3212 ," No.  Just you.,,,,,,,,,,,,,,,,,,,,,,,,,,,,,,,", u3217 ,m212,,
108837, u3217 ," You didn't tell David?,,,,,,,,,,,,,,,,,,,,,,,,,,,,,,,", u3217 ,m212,,
108838, u3217 ," No, Laddie.  It was a <u>memory</u>."",,,,,,,,,,,,,,,,,,,,,,,,,,,,,,,", u3212 ,m212,,
108839, u3212 ," It was a dream, Star."",,,,,,,,,,,,,,,,,,,,,,,,,,,,,,,", u3217 ,m212,,
108840, u3217 ," Laddie... you can <u>still</u> remember. You can still remember home.,,,,,,,,,,,,,,,,,,,,,,,,,,,,,,,", u3212 ,m212,,
108841, u3212 ," I know it was them, Star.  I'm sure of it.  He was working in the yard -- hammering something.  The yard was big with lots of grass.  There was no boardwalk and no ocean.  She was bringing him something cold to drink... and had red hair.  I was there, too.  And a dog -- but I don't know its name.  I was running and the dog was chasing me. Then I turned around and chased the dog.  They were watching me. Drinking their cold drinks and laughing.  And I was laughing, too."",,,,,,,,,,,,,,,,,,,,,,,,,,,,,,,", u3217 ,m212,,
108842, u3217 ," Who, Laddie?"",,,,,,,,,,,,,,,,,,,,,,,,,,,,,,,", u3212 ,m212,,
108843, u3212 ," I had the dream again about <u>them</u>.,,,,,,,,,,,,,,,,,,,,,,,,,,,,,,,", u3217 ,m212,,
108844, u3217 ," This is Michael.,,,,,,,,,,,,,,,,,,,,,,,,,,,,,,,", u3212 ,m212,,
108845, u3212 ," Hi... I'm Laddie.,,,,,,,,,,,,,,,,,,,,,,,,,,,,,,,", u3215 ,m212,,
108846, u3215 ," Get out, Mom!  Run!"",,,,,,,,,,,,,,,,,,,,,,,,,,,,,,,", u3213 ,m212,,
108847, u3213 ," Michael!...,,,,,,,,,,,,,,,,,,,,,,,,,,,,,,,", u3215 ,m212,,
108848, u3215 ," I <u>didn't</u> invite you in this time!,,,,,,,,,,,,,,,,,,,,,,,,,,,,,,,", u3215 ,m212,,
108849, u3215 ," Gotta go, Mom."",,,,,,,,,,,,,,,,,,,,,,,,,,,,,,,", u3213 ,m212,,
108850, u3213 ," There's only three weeks left of summer, Michael.  Things are going to change around here when school starts."",,,,,,,,,,,,,,,,,,,,,,,,,,,,,,,", u3215 ,m212,,
108851, u3215 ," Can't.  Got plans of my own.,,,,,,,,,,,,,,,,,,,,,,,,,,,,,,,", u3213 ,m212,,
108852, u3213 ," Max is coming for dinner, Michael. I'd like you to meet him."",,,,,,,,,,,,,,,,,,,,,,,,,,,,,,,", u3215 ,m212,,
108853, u3215 ," Mom... please.,,,,,,,,,,,,,,,,,,,,,,,,,,,,,,,", u3213 ,m212,,
108854, u3213 ," Wait a minute, kiddo."",,,,,,,,,,,,,,,,,,,,,,,,,,,,,,,", u3215 ,m212,,
108855, u3215 ," I'm tired now.,,,,,,,,,,,,,,,,,,,,,,,,,,,,,,,", u3213 ,m212,,
108856, u3213 ," -- If there's a girl, we could talk about her."",,,,,,,,,,,,,,,,,,,,,,,,,,,,,,,", u3213 ,m212,,
108857, u3213 ," Then let's act like friends. Let's talk.  I know this is a new place, and --"",,,,,,,,,,,,,,,,,,,,,,,,,,,,,,,", u3215 ,m212,,
108858, u3215 ," We are...,,,,,,,,,,,,,,,,,,,,,,,,,,,,,,,", u3213 ,m212,,
108859, u3213 ," Does that mean we are, or we aren't?"",,,,,,,,,,,,,,,,,,,,,,,,,,,,,,,", u3215 ,m212,,
108860, u3215 ," Sure.,,,,,,,,,,,,,,,,,,,,,,,,,,,,,,,", u3215 ,m212,,
108861, u3215 ," Okay.,,,,,,,,,,,,,,,,,,,,,,,,,,,,,,,", u3213 ,m212,,
108862, u3213 ," Okay?,,,,,,,,,,,,,,,,,,,,,,,,,,,,,,,", u3213 ,m212,,
108863, u3213 ," Grandpa has plans of his own.  Michael, I want you to do this. Everybody has been bending over backwards for you.  You come home late.  You sleep in to the middle of the day -- Sam is always alone. You do exactly what you want... tonight do what I want for a change."",,,,,,,,,,,,,,,,,,,,,,,,,,,,,,,", u3215 ,m212,,
108864, u3215 ," I watch him all day.  The only time I have more myself is at night.  Let Grandpa watch him.,,,,,,,,,,,,,,,,,,,,,,,,,,,,,,,", u3213 ,m212,,
108865, u3213 ," Michael, will you do me a favor this evening?  Will you stay home with Sam tonight?  I'm meeting Max for dinner after work."",,,,,,,,,,,,,,,,,,,,,,,,,,,,,,,", u3215 ,m212,,
108866, u3215 ," No.  I'm up.,,,,,,,,,,,,,,,,,,,,,,,,,,,,,,,", u3213 ,m212,,
108867, u3213 ," Michael, are you still in bed?"",,,,,,,,,,,,,,,,,,,,,,,,,,,,,,,", u3215 ,m212,,
108868, u3215 ," I'll pass.,,,,,,,,,,,,,,,,,,,,,,,,,,,,,,,", u3213 ,m212,,
108869, u3213 ," I get off in another twenty minutes.  I thought maybe we'd all get a bite together.,,,,,,,,,,,,,,,,,,,,,,,,,,,,,,,", u3215 ,m212,,
108870, u3215 ," See you later.,,,,,,,,,,,,,,,,,,,,,,,,,,,,,,,", u3213 ,m212,,
108871, u3213 ," Oh, no, you won't."",,,,,,,,,,,,,,,,,,,,,,,,,,,,,,,", u3215 ,m212,,
108872, u3215 ," I'll hitch.,,,,,,,,,,,,,,,,,,,,,,,,,,,,,,,", u3213 ,m212,,
108873, u3213 ," Bring your own wheels tomorrow night and you can stay as long as you want... well 'til eleven thirty maybe.,,,,,,,,,,,,,,,,,,,,,,,,,,,,,,,", u3215 ,m212,,
108874, u3215 ," It's early.  Why do we have to go home?,,,,,,,,,,,,,,,,,,,,,,,,,,,,,,,", u3215 ,m212,,
108875, u3215 ," He's not breathing, Mom."",,,,,,,,,,,,,,,,,,,,,,,,,,,,,,,", u3213 ,m212,,
108876, u3213 ," He's just a deep sleeper.,,,,,,,,,,,,,,,,,,,,,,,,,,,,,,,", u3215 ,m212,,
108877, u3215 ," He looks dead.,,,,,,,,,,,,,,,,,,,,,,,,,,,,,,,", u3213 ,m212,,
108878, u3213 ," For everything.,,,,,,,,,,,,,,,,,,,,,,,,,,,,,,,", u3215 ,m212,,
108879, u3215 ," For what.,,,,,,,,,,,,,,,,,,,,,,,,,,,,,,,", u3213 ,m212,,
108880, u3213 ," Still mad at me?,,,,,,,,,,,,,,,,,,,,,,,,,,,,,,,", u3213 ,m212,,
108881, u3213 ," What happened?  Is everybody all right?!,,,,,,,,,,,,,,,,,,,,,,,,,,,,,,,", u3216 ,m212,,
108882, u3216 ," Mom!,,,,,,,,,,,,,,,,,,,,,,,,,,,,,,,", u3213 ,m212,,
108883, u3213 ," Ohmygod...,,,,,,,,,,,,,,,,,,,,,,,,,,,,,,,", u3216 ,m212,,
108884, u3216 ," -- I'm not talking about Max!  To hell with Max!,,,,,,,,,,,,,,,,,,,,,,,,,,,,,,,", u3213 ,m212,,
108885, u3213 ," There's nothing wrong with Max.  I don't know why you don't --,,,,,,,,,,,,,,,,,,,,,,,,,,,,,,,", u3216 ,m212,,
108886, u3216 ," No, I'm not..."",,,,,,,,,,,,,,,,,,,,,,,,,,,,,,,", u3213 ,m212,,
108887, u3213 ," Not another word!  I can't believe you're doing this.  I'm going to see Max tonight and you're trying to ruin it for me again.,,,,,,,,,,,,,,,,,,,,,,,,,,,,,,,", u3216 ,m212,,
108888, u3216 ," But, Mom..."",,,,,,,,,,,,,,,,,,,,,,,,,,,,,,,", u3213 ,m212,,
108889, u3213 ," Stop it, Sam.  Stop it right now!"",,,,,,,,,,,,,,,,,,,,,,,,,,,,,,,", u3216 ,m212,,
108890, u3216 ," This is not a joke.  They know that we know about them.  They're coming to the house as soon as it gets dark!,,,,,,,,,,,,,,,,,,,,,,,,,,,,,,,", u3213 ,m212,,
108891, u3213 ," Not funny, Sam!"",,,,,,,,,,,,,,,,,,,,,,,,,,,,,,,", u3216 ,m212,,
108892, u3216 ," Vampires, Mom!  Everywhere! You've got to tell the police! The newspapers!  The TV stations! They'll listen to you.  They'll believe you...  you're a <u>mom</u>!"",,,,,,,,,,,,,,,,,,,,,,,,,,,,,,,", u3213 ,m212,,
108893, u3213 ," What did you say?,,,,,,,,,,,,,,,,,,,,,,,,,,,,,,,", u3216 ,m212,,
108894, u3216 ," Must be a circuit breaker.,,,,,,,,,,,,,,,,,,,,,,,,,,,,,,,", u3213 ,m212,,
108895, u3213 ," Oh, no.  Now what?"",,,,,,,,,,,,,,,,,,,,,,,,,,,,,,,", u3216 ,m212,,
108896, u3216 ," C'mere, Nanook."",,,,,,,,,,,,,,,,,,,,,,,,,,,,,,,", u3213 ,m212,,
108897, u3213 ," Nanook, stop breathin' on me."",,,,,,,,,,,,,,,,,,,,,,,,,,,,,,,", u3213 ,m212,,
108898, u3213 ," No, no... there's plenty for everybody... Oh, Max, this is Sam... and the Frog Brothers..."",,,,,,,,,,,,,,,,,,,,,,,,,,,,,,,", u3216 ,m212,,
108899, u3216 ," Well if we're in your way we can just eat peanut butter out of the jar in the kitchen.,,,,,,,,,,,,,,,,,,,,,,,,,,,,,,,", u3213 ,m212,,
108900, u3213 ," Ah... I didn't know you were having guests...,,,,,,,,,,,,,,,,,,,,,,,,,,,,,,,", u3216 ,m212,,
108901, u3216 ," These are my dinner guests. Edgar and Alan.  The Frog Brothers.,,,,,,,,,,,,,,,,,,,,,,,,,,,,,,,", u3213 ,m212,,
108902, u3213 ," Okay.  Have you been eating pizza?  You smell like garlic.,,,,,,,,,,,,,,,,,,,,,,,,,,,,,,,", u3216 ,m212,,
108903, u3216 ," Do you mind?  It was a real scary comic.,,,,,,,,,,,,,,,,,,,,,,,,,,,,,,,", u3213 ,m212,,
108904, u3213 ," In here?,,,,,,,,,,,,,,,,,,,,,,,,,,,,,,,", u3216 ,m212,,
108905, u3216 ," Can I sleep in here with you tonight?,,,,,,,,,,,,,,,,,,,,,,,,,,,,,,,", u3216 ,m212,,
108906, u3216 ," He's already gone to bed.,,,,,,,,,,,,,,,,,,,,,,,,,,,,,,,", u3213 ,m212,,
108907, u3213 ," Where's Michael?,,,,,,,,,,,,,,,,,,,,,,,,,,,,,,,", u3216 ,m212,,
108908, u3216 ," Sorry, Mom.  It was a mistake. I thought I saw something out the window.  I was reading this horror comic and I guess I go a little carried away..."",,,,,,,,,,,,,,,,,,,,,,,,,,,,,,,", u3213 ,m212,,
108909, u3213 ," Sam!  What happened!?  You had me scared to death.  Are you all right?,,,,,,,,,,,,,,,,,,,,,,,,,,,,,,,", u3216 ,m212,,
108910, u3216 ," We can't talk about it on the phone.,,,,,,,,,,,,,,,,,,,,,,,,,,,,,,,", u3213 ,m212,,
108911, u3213 ," What's wrong?  Tell me.,,,,,,,,,,,,,,,,,,,,,,,,,,,,,,,", u3216 ,m212,,
108912, u3216 ," Mom.  I think we've got to have a long talk about something?,,,,,,,,,,,,,,,,,,,,,,,,,,,,,,,", u3213 ,m212,,
108913, u3213 ," Sam.  Is everything all right?,,,,,,,,,,,,,,,,,,,,,,,,,,,,,,,", u3216 ,m212,,
108914, u3216 ," Soon as I finish this comic.  Okay?,,,,,,,,,,,,,,,,,,,,,,,,,,,,,,,", u3213 ,m212,,
108915, u3213 ," Lights out, Sam."",,,,,,,,,,,,,,,,,,,,,,,,,,,,,,,", u3216 ,m212,,
108916, u3216 ," Can we get a T.V.?,,,,,,,,,,,,,,,,,,,,,,,,,,,,,,,", u3213 ,m212,,
108917, u3213 ," I guess no one cares what I got a job.,,,,,,,,,,,,,,,,,,,,,,,,,,,,,,,", u3216 ,m212,,
108918, u3216 ," He met a girl.,,,,,,,,,,,,,,,,,,,,,,,,,,,,,,,", u3213 ,m212,,
108919, u3213 ," Soon.,,,,,,,,,,,,,,,,,,,,,,,,,,,,,,,", u3216 ,m212,,
108920, u3216 ," Help me, Mom.  Help."",,,,,,,,,,,,,,,,,,,,,,,,,,,,,,,", u3216 ,m212,,
108921, u3216 ," So many times, I'm starting to think it happened to me."",,,,,,,,,,,,,,,,,,,,,,,,,,,,,,,", u3213 ,m212,,
108922, u3213 ," You've heard this story before?,,,,,,,,,,,,,,,,,,,,,,,,,,,,,,,", u3216 ,m212,,
108923, u3216 ," When you ran away from home, hitch- hiked to Berkeley, spent the night in Golden Gate Park and begged for spare change in the morning?"",,,,,,,,,,,,,,,,,,,,,,,,,,,,,,,", u3213 ,m212,,
108924, u3213 ," Not that poor.,,,,,,,,,,,,,,,,,,,,,,,,,,,,,,,", u3216 ,m212,,
108925, u3216 ," I thought we were poor.,,,,,,,,,,,,,,,,,,,,,,,,,,,,,,,", u3213 ,m212,,
108926, u3213 ," Tell them to get something to eat.,,,,,,,,,,,,,,,,,,,,,,,,,,,,,,,", u3216 ,m212,,
108927, u3216 ," Can we go now, huh? LUCY Maybe later.  Grandpa's expecting us."",,,,,,,,,,,,,,,,,,,,,,,,,,,,,,,", u3213 ,m212,,
108928, u3213 ," That's the boardwalk, Sam."",,,,,,,,,,,,,,,,,,,,,,,,,,,,,,,", u3216 ,m212,,
108929, u3216 ," Mom, there's an amusement park right on the beach!"",,,,,,,,,,,,,,,,,,,,,,,,,,,,,,,", u3213 ,m212,,
108930, u3213 ," Guys, I know it hasn't been easy... the divorce and now the move...  but I think you're really going to like living in Santa Carla..."",,,,,,,,,,,,,,,,,,,,,,,,,,,,,,,", u3216 ,m212,,
108931, u3216 ," Smells like something died.,,,,,,,,,,,,,,,,,,,,,,,,,,,,,,,", u3213 ,m212,,
108932, u3213 ," Ocean air!,,,,,,,,,,,,,,,,,,,,,,,,,,,,,,,", u3216 ,m212,,
108933, u3216 ," What's that smell?,,,,,,,,,,,,,,,,,,,,,,,,,,,,,,,", u3213 ,m212,,
108934, u3213 ," We're getting close...,,,,,,,,,,,,,,,,,,,,,,,,,,,,,,,", u3214 ,m212,,
108935, u3214 ," It's you I was after all along, Lucy.  To be our day time guardian. I knew if we could bring Sam and Michael into the faimly, there'd be no way you could say no."",,,,,,,,,,,,,,,,,,,,,,,,,,,,,,,", u3213 ,m212,,
108936, u3213 ," Will somebody please tell me what this is all about!?,,,,,,,,,,,,,,,,,,,,,,,,,,,,,,,", u3214 ,m212,,
108937, u3214 ," It was all going to be so perfect, Lucy.  One big happy family.  My boys... and <u>yours</u>."",,,,,,,,,,,,,,,,,,,,,,,,,,,,,,,", u3213 ,m212,,
108938, u3213 ," Max... what are you talking about?,,,,,,,,,,,,,,,,,,,,,,,,,,,,,,,", u3214 ,m212,,
108939, u3214 ," Well... what do I know?  I'm a bachelor.  Lucy... this is going to be a very special night, I promise you."",,,,,,,,,,,,,,,,,,,,,,,,,,,,,,,", u3213 ,m212,,
108940, u3213 ," I thought you said they needed discipline?,,,,,,,,,,,,,,,,,,,,,,,,,,,,,,,", u3214 ,m212,,
108941, u3214 ," Let me tell you something about boys.  They're like weeds.  They grow best when they're ignored.,,,,,,,,,,,,,,,,,,,,,,,,,,,,,,,", u3213 ,m212,,
108942, u3213 ," No, no.  Just worrying about my boys -- as usual."",,,,,,,,,,,,,,,,,,,,,,,,,,,,,,,", u3214 ,m212,,
108943, u3214 ," Something the matter?,,,,,,,,,,,,,,,,,,,,,,,,,,,,,,,", u3213 ,m212,,
108944, u3213 ," I hope so.,,,,,,,,,,,,,,,,,,,,,,,,,,,,,,,", u3214 ,m212,,
108945, u3214 ," Maybe this is the night where everything finally goes right for a change.,,,,,,,,,,,,,,,,,,,,,,,,,,,,,,,", u3214 ,m212,,
108946, u3214 ," I don't want to fight with you, Lucy.  Come on.  Let's give it one more try.  Dinner at my house, tomorrow night.  I'm cooking."",,,,,,,,,,,,,,,,,,,,,,,,,,,,,,,", u3213 ,m212,,
108947, u3213 ," He doesn't walk all over me.,,,,,,,,,,,,,,,,,,,,,,,,,,,,,,,", u3214 ,m212,,
108948, u3214 ," Boys Sam's age need a good deal of discipline, or they walk all over you."",,,,,,,,,,,,,,,,,,,,,,,,,,,,,,,", u3213 ,m212,,
108949, u3213 ," I don't understand Sam.  He's just not like this.,,,,,,,,,,,,,,,,,,,,,,,,,,,,,,,", u3214 ,m212,,
108950, u3214 ," Our batting average isn't very good is it?  So far we're zero for two.,,,,,,,,,,,,,,,,,,,,,,,,,,,,,,,", u3213 ,m212,,
108951, u3213 ," I'm really sorry, Max."",,,,,,,,,,,,,,,,,,,,,,,,,,,,,,,", u3214 ,m212,,
108952, u3214 ," It's <u>garlic</u>!!  I like garlic, but..."",,,,,,,,,,,,,,,,,,,,,,,,,,,,,,,", u3213 ,m212,,
108953, u3213 ," Max!  What's wrong?,,,,,,,,,,,,,,,,,,,,,,,,,,,,,,,", u3213 ,m212,,
108954, u3213 ," Boy!  <u>Somebody</u> areound here sure has bad breath!,,,,,,,,,,,,,,,,,,,,,,,,,,,,,,,", u3214 ,m212,,
108955, u3214 ," This looks terrific, Lucy."",,,,,,,,,,,,,,,,,,,,,,,,,,,,,,,", u3214 ,m212,,
108956, u3214 ," Oh, right.  I always gets those two confused."",,,,,,,,,,,,,,,,,,,,,,,,,,,,,,,", u3213 ,m212,,
108957, u3213 ," You're thinking of the groom not seeing the bride before the wedding.,,,,,,,,,,,,,,,,,,,,,,,,,,,,,,,", u3214 ,m212,,
108958, u3214 ," Is it okay for the guest to see the food before the dinner?,,,,,,,,,,,,,,,,,,,,,,,,,,,,,,,", u3213 ,m212,,
108959, u3213 ," I hear this is the decade for cute.,,,,,,,,,,,,,,,,,,,,,,,,,,,,,,,", u3214 ,m212,,
108960, u3214 ," Yeah.  Runaways, mostly.  They come from all over.  Attracted by the boardwalk and the ocean.  Lucy... listen I know I have no right to ask you this... but don't look for another job just yet... I mean besides being the best employee I have... I think you're cute."",,,,,,,,,,,,,,,,,,,,,,,,,,,,,,,", u3213 ,m212,,
108961, u3213 ," I guess if I had my choice, I'd like to do something that involves children.  Work with kids in some way.  Teenagers, maybe.  And Santa Carla seems to be full of them."",,,,,,,,,,,,,,,,,,,,,,,,,,,,,,,", u3214 ,m212,,
108962, u3214 ," But I don't think it's what you really want to do, is it?"",,,,,,,,,,,,,,,,,,,,,,,,,,,,,,,", u3213 ,m212,,
108963, u3213 ," You seem like a terrific guy, Max, and I'm grateful for the job..."",,,,,,,,,,,,,,,,,,,,,,,,,,,,,,,", u3214 ,m212,,
108964, u3214 ," So, I've met the one woman on the planet who's going to hold my success against me."",,,,,,,,,,,,,,,,,,,,,,,,,,,,,,,", u3213 ,m212,,
108965, u3213 ," Ohm I would have been... one marriage ago.,,,,,,,,,,,,,,,,,,,,,,,,,,,,,,,", u3214 ,m212,,
108966, u3214 ," Not impressed, are you?"",,,,,,,,,,,,,,,,,,,,,,,,,,,,,,,", u3214 ,m212,,
108967, u3214 ," I know.  It's so 'Eighties.'  It's the Cute Decade.,,,,,,,,,,,,,,,,,,,,,,,,,,,,,,,", u3213 ,m212,,
108968, u3213 ," You're cute, Max."",,,,,,,,,,,,,,,,,,,,,,,,,,,,,,,", u3213 ,m212,,
108969, u3213 ," Hi, Thorn."",,,,,,,,,,,,,,,,,,,,,,,,,,,,,,,", u3214 ,m212,,
108970, u3214 ," Say hello to Thorn.,,,,,,,,,,,,,,,,,,,,,,,,,,,,,,,", u3213 ,m212,,
108971, u3213 ," Do I look that needy?,,,,,,,,,,,,,,,,,,,,,,,,,,,,,,,", u3214 ,m212,,
108972, u3214 ," -- a job.,,,,,,,,,,,,,,,,,,,,,,,,,,,,,,,", u3213 ,m212,,
108973, u3213 ," I'm not looking for a tape.  What I need is --,,,,,,,,,,,,,,,,,,,,,,,,,,,,,,,", u3214 ,m212,,
108974, u3214 ," So what can I help you find tonight, Lucy?  We've got it all.  Best selection in Santa Carla."",,,,,,,,,,,,,,,,,,,,,,,,,,,,,,,", u3213 ,m212,,
108975, u3213 ," Lucy.,,,,,,,,,,,,,,,,,,,,,,,,,,,,,,,", u3214 ,m212,,
108976, u3214 ," You've got a generous nature.  I like that in a person.  My name is Max.,,,,,,,,,,,,,,,,,,,,,,,,,,,,,,,", u3216 ,m212,,
108977, u3216 ," What?!  Did you know that!?,,,,,,,,,,,,,,,,,,,,,,,,,,,,,,,", u3214 ,m212,,
108978, u3214 ," Michael invited me in.  Never invite a vampire into your house. It renders you powerless.,,,,,,,,,,,,,,,,,,,,,,,,,,,,,,,", u3216 ,m212,,
108979, u3216 ," But you passed the test!,,,,,,,,,,,,,,,,,,,,,,,,,,,,,,,", u3214 ,m212,,
108980, u3214 ," Yeah.  I'm not trying to replace your Dad... or steal your Mom.  I just want to be your friend.,,,,,,,,,,,,,,,,,,,,,,,,,,,,,,,", u3216 ,m212,,
108981, u3216 ," I am?,,,,,,,,,,,,,,,,,,,,,,,,,,,,,,,", u3214 ,m212,,
108982, u3214 ," Burn??  Are you kidding?  It's freezing!,,,,,,,,,,,,,,,,,,,,,,,,,,,,,,,", u3216 ,m212,,
108983, u3216 ," Does it burn?,,,,,,,,,,,,,,,,,,,,,,,,,,,,,,,", u3214 ,m212,,
108984, u3214 ," Okay, Sam.  Thanks."",,,,,,,,,,,,,,,,,,,,,,,,,,,,,,,", u3216 ,m212,,
108985, u3216 ," How about a little Parmesan cheese on that?,,,,,,,,,,,,,,,,,,,,,,,,,,,,,,,", u3217 ,m212,,
108986, u3217 ," So do I!,,,,,,,,,,,,,,,,,,,,,,,,,,,,,,,", u3215 ,m212,,
108987, u3215 ," It's gone.  I feel it!,,,,,,,,,,,,,,,,,,,,,,,,,,,,,,,", u3215 ,m212,,
108988, u3215 ," They'll be coming for <u>all</u> of us.,,,,,,,,,,,,,,,,,,,,,,,,,,,,,,,", u3217 ,m212,,
108989, u3217 ," They'll be coming for Laddie and me, won't they?"",,,,,,,,,,,,,,,,,,,,,,,,,,,,,,,", u3217 ,m212,,
108990, u3217 ," Save Laddie first.,,,,,,,,,,,,,,,,,,,,,,,,,,,,,,,", u3215 ,m212,,
108991, u3215 ," Huh?,,,,,,,,,,,,,,,,,,,,,,,,,,,,,,,", u3217 ,m212,,
108992, u3217 ," Take laddie.,,,,,,,,,,,,,,,,,,,,,,,,,,,,,,,", u3215 ,m212,,
108993, u3215 ," You've got to put this on.,,,,,,,,,,,,,,,,,,,,,,,,,,,,,,,", u3215 ,m212,,
108994, u3215 ," You're not going anywhere...  Sam...,,,,,,,,,,,,,,,,,,,,,,,,,,,,,,,", u3217 ,m212,,
108995, u3217 ," David's looking for me... I have to go.,,,,,,,,,,,,,,,,,,,,,,,,,,,,,,,", u3217 ,m212,,
108996, u3217 ," I'm weak... Soon I'll need to feed.,,,,,,,,,,,,,,,,,,,,,,,,,,,,,,,", u3215 ,m212,,
108997, u3215 ," I know, I've felt it..."",,,,,,,,,,,,,,,,,,,,,,,,,,,,,,,", u3217 ,m212,,
108998, u3217 ," It's not too late for you to be saved... but each night... it becomes harder and harder for me to resist killing...,,,,,,,,,,,,,,,,,,,,,,,,,,,,,,,", u3215 ,m212,,
108999, u3215 ," Then it's not too late for us...,,,,,,,,,,,,,,,,,,,,,,,,,,,,,,,", u3217 ,m212,,
109000, u3217 ," Because I love you...,,,,,,,,,,,,,,,,,,,,,,,,,,,,,,,", u3215 ,m212,,
109001, u3215 ," Why not?,,,,,,,,,,,,,,,,,,,,,,,,,,,,,,,", u3217 ,m212,,
109002, u3217 ," Not yet... You're like Laddie and me... Half-vampires... You're not a full vampire until you've made your first kill... You were supposed to be mine... but I couldn't, Michael."",,,,,,,,,,,,,,,,,,,,,,,,,,,,,,,", u3215 ,m212,,
109003, u3215 ," That night in the cave -- that wasn't wine they gave me to drink... it was blood!  David's blood.  I'm one of them, Star!  I'm just like them!"",,,,,,,,,,,,,,,,,,,,,,,,,,,,,,,", u3217 ,m212,,
109004, u3217 ," Yes... and I'm to blame for it. If you hadn't met me... if I hadn't liked you... I tried to warn you...,,,,,,,,,,,,,,,,,,,,,,,,,,,,,,,", u3215 ,m212,,
109005, u3215 ," Do you know where David took me tonight, Star?  Do you?!"",,,,,,,,,,,,,,,,,,,,,,,,,,,,,,,", u3215 ,m212,,
109006, u3215 ," Okay.,,,,,,,,,,,,,,,,,,,,,,,,,,,,,,,", u3217 ,m212,,
109007, u3217 ," I have to talk to you.  Can I come up?,,,,,,,,,,,,,,,,,,,,,,,,,,,,,,,", u3217 ,m212,,
109008, u3217 ," Tonight.  At the boardwalk...,,,,,,,,,,,,,,,,,,,,,,,,,,,,,,,", u3215 ,m212,,
109009, u3215 ," When?,,,,,,,,,,,,,,,,,,,,,,,,,,,,,,,", u3217 ,m212,,
109010, u3217 ," Have to sleep.  Have to sleep, Michael."",,,,,,,,,,,,,,,,,,,,,,,,,,,,,,,", u3215 ,m212,,
109011, u3215 ," I have to talk to you.  Please wake up.,,,,,,,,,,,,,,,,,,,,,,,,,,,,,,,", u3217 ,m212,,
109012, u3217 ," No... no, everything's different now..."",,,,,,,,,,,,,,,,,,,,,,,,,,,,,,,", u3215 ,m212,,
109013, u3215 ," Let's go see them.,,,,,,,,,,,,,,,,,,,,,,,,,,,,,,,", u3217 ,m212,,
109014, u3217 ," No.  They've made me one of them, but I miss my family."",,,,,,,,,,,,,,,,,,,,,,,,,,,,,,,", u3215 ,m212,,
109015, u3215 ," Now you and David...,,,,,,,,,,,,,,,,,,,,,,,,,,,,,,,", u3217 ,m212,,
109016, u3217 ," I used to fight with my family all the time... just got fed up and ran away.,,,,,,,,,,,,,,,,,,,,,,,,,,,,,,,", u3215 ,m212,,
109017, u3215 ," I wouldn't have given my Mom such a hard time about moving here if I'd known I was going to meet you.,,,,,,,,,,,,,,,,,,,,,,,,,,,,,,,", u3217 ,m212,,
109018, u3217 ," Don't be a baby.  That didn't hurt and you know it.,,,,,,,,,,,,,,,,,,,,,,,,,,,,,,,", u3215 ,m212,,
109019, u3215 ," Ouch.,,,,,,,,,,,,,,,,,,,,,,,,,,,,,,,", u3217 ,m212,,
109020, u3217 ," Okay.,,,,,,,,,,,,,,,,,,,,,,,,,,,,,,,", u3215 ,m212,,
109021, u3215 ," Are you hungry?  Wanna get something to eat?,,,,,,,,,,,,,,,,,,,,,,,,,,,,,,,", u3215 ,m212,,
109022, u3215 ," Sort of.  We used to come here summers when I was kid.  Now we're here on a permanent basis.,,,,,,,,,,,,,,,,,,,,,,,,,,,,,,,", u3217 ,m212,,
109023, u3217 ," I guess you're new around here.,,,,,,,,,,,,,,,,,,,,,,,,,,,,,,,", u3217 ,m212,,
109024, u3217 ," Michael's great.  I like Michael.,,,,,,,,,,,,,,,,,,,,,,,,,,,,,,,", u3215 ,m212,,
109025, u3215 ," I'm Michael.,,,,,,,,,,,,,,,,,,,,,,,,,,,,,,,", u3217 ,m212,,
109026, u3217 ," Me, too."",,,,,,,,,,,,,,,,,,,,,,,,,,,,,,,", u3215 ,m212,,
109027, u3215 ," Ex-hippies.  My mom was one.   I came this close to being called Moon Child, or Moon Beam or something.  But Star's great.  I <u>like</u> Star."",,,,,,,,,,,,,,,,,,,,,,,,,,,,,,,", u3217 ,m212,,
109028, u3217 ," What do you mean?,,,,,,,,,,,,,,,,,,,,,,,,,,,,,,,", u3215 ,m212,,
109029, u3215 ," Oh.  Your folks, too, huh?"",,,,,,,,,,,,,,,,,,,,,,,,,,,,,,,", u3217 ,m212,,
109030, u3217 ," Star.,,,,,,,,,,,,,,,,,,,,,,,,,,,,,,,", u3215 ,m212,,
109031, u3215 ," What's your name?,,,,,,,,,,,,,,,,,,,,,,,,,,,,,,,", u3217 ,m212,,
109032, u3217 ," If you want your ear pierced, I'll do it."",,,,,,,,,,,,,,,,,,,,,,,,,,,,,,,", u3215 ,m212,,
109033, u3215 ," Hi...,,,,,,,,,,,,,,,,,,,,,,,,,,,,,,,", u3215 ,m212,,
109034, u3215 ," I just wanted to... I, uh..."",,,,,,,,,,,,,,,,,,,,,,,,,,,,,,,", u3217 ,m212,,
109035, u3217 ," Okay.  Talk.,,,,,,,,,,,,,,,,,,,,,,,,,,,,,,,", u3215 ,m212,,
109036, u3215 ," Well... yeah.  Sure.,,,,,,,,,,,,,,,,,,,,,,,,,,,,,,,", u3217 ,m212,,
109037, u3217 ," Did you want to talk to me?,,,,,,,,,,,,,,,,,,,,,,,,,,,,,,,", u3215 ,m212,,
109038, u3215 ," Well, I..."",,,,,,,,,,,,,,,,,,,,,,,,,,,,,,,", u3217 ,m212,,
109039, u3217 ," Are you following me?,,,,,,,,,,,,,,,,,,,,,,,,,,,,,,,", u3215 ,m212,,
109040, u3215 ," I... I don't feel any differently.  Do you?,,,,,,,,,,,,,,,,,,,,,,,,,,,,,,,", u3216 ,m212,,
109041, u3216 ," What's the matter?,,,,,,,,,,,,,,,,,,,,,,,,,,,,,,,", u3215 ,m212,,
109042, u3215 ," Huh?...,,,,,,,,,,,,,,,,,,,,,,,,,,,,,,,", u3216 ,m212,,
109043, u3216 ," Michael!  Get behind the wheel.,,,,,,,,,,,,,,,,,,,,,,,,,,,,,,,", u3216 ,m212,,
109044, u3216 ," The Marines.,,,,,,,,,,,,,,,,,,,,,,,,,,,,,,,", u3215 ,m212,,
109045, u3215 ," Who are you calling?,,,,,,,,,,,,,,,,,,,,,,,,,,,,,,,", u3216 ,m212,,
109046, u3216 ," Don't kill anybody until we get back to you...,,,,,,,,,,,,,,,,,,,,,,,,,,,,,,,", u3215 ,m212,,
109047, u3215 ," Star.,,,,,,,,,,,,,,,,,,,,,,,,,,,,,,,", u3215 ,m212,,
109048, u3215 ," I don't know.,,,,,,,,,,,,,,,,,,,,,,,,,,,,,,,", u3216 ,m212,,
109049, u3216 ," It's that girl from the boardwalk. Is she one of them?,,,,,,,,,,,,,,,,,,,,,,,,,,,,,,,", u3215 ,m212,,
109050, u3215 ," Just for a few days, Sam.  Give me a chance to work this out by myself."",,,,,,,,,,,,,,,,,,,,,,,,,,,,,,,", u3216 ,m212,,
109051, u3216 ," I don't know, Michael.  This is not like breaking a lamp or getting a 'D'."",,,,,,,,,,,,,,,,,,,,,,,,,,,,,,,", u3215 ,m212,,
109052, u3215 ," No!  We can't tell Mom!  Please, Sam.  Don't tell her."",,,,,,,,,,,,,,,,,,,,,,,,,,,,,,,", u3216 ,m212,,
109053, u3216 ," What about Mom?,,,,,,,,,,,,,,,,,,,,,,,,,,,,,,,", u3215 ,m212,,
109054, u3215 ," We've got to stick together, Sam. You've got to help me."",,,,,,,,,,,,,,,,,,,,,,,,,,,,,,,", u3216 ,m212,,
109055, u3216 ," Look at your reflection in the mirror!!,,,,,,,,,,,,,,,,,,,,,,,,,,,,,,,", u3215 ,m212,,
109056, u3215 ," What??,,,,,,,,,,,,,,,,,,,,,,,,,,,,,,,", u3215 ,m212,,
109057, u3215 ," He was protecting <u>you</u>!,,,,,,,,,,,,,,,,,,,,,,,,,,,,,,,", u3216 ,m212,,
109058, u3216 ," What did you to do him, Michael? Why did he bite you?"",,,,,,,,,,,,,,,,,,,,,,,,,,,,,,,", u3215 ,m212,,
109059, u3215 ," Nothing!  I didn't hurt him.  <u>He</u> bit <u>me</u>!  This is <u>my</u> blood!,,,,,,,,,,,,,,,,,,,,,,,,,,,,,,,", u3216 ,m212,,
109060, u3216 ," What about Nonook?  What have you done to Nanook?!  What have you done to my dog, you asshole?!"",,,,,,,,,,,,,,,,,,,,,,,,,,,,,,,", u3215 ,m212,,
109061, u3215 ," Nanook...,,,,,,,,,,,,,,,,,,,,,,,,,,,,,,,", u3216 ,m212,,
109062, u3216 ," What happened, Michael!?"",,,,,,,,,,,,,,,,,,,,,,,,,,,,,,,", u3215 ,m212,,
109063, u3215 ," Don't turn on the light.,,,,,,,,,,,,,,,,,,,,,,,,,,,,,,,", u3216 ,m212,,
109064, u3216 ," Michael?,,,,,,,,,,,,,,,,,,,,,,,,,,,,,,,", u3216 ,m212,,
109065, u3216 ," You have such a great personality, Michael.   You should open your own charm school."",,,,,,,,,,,,,,,,,,,,,,,,,,,,,,,", u3215 ,m212,,
109066, u3215 ," Piss off.,,,,,,,,,,,,,,,,,,,,,,,,,,,,,,,", u3216 ,m212,,
109067, u3216 ," Lose the earring, Michael.  It's not happening.  It's just not happening."",,,,,,,,,,,,,,,,,,,,,,,,,,,,,,,", u3215 ,m212,,
109068, u3215 ," Don't bother.,,,,,,,,,,,,,,,,,,,,,,,,,,,,,,,", u3216 ,m212,,
109069, u3216 ," I'm making you a sandwich.,,,,,,,,,,,,,,,,,,,,,,,,,,,,,,,", u3216 ,m212,,
109070, u3216 ," No.  On the phone.,,,,,,,,,,,,,,,,,,,,,,,,,,,,,,,", u3215 ,m212,,
109071, u3215 ," Mom's home?...,,,,,,,,,,,,,,,,,,,,,,,,,,,,,,,", u3215 ,m212,,
109072, u3215 ," No.,,,,,,,,,,,,,,,,,,,,,,,,,,,,,,,", u3216 ,m212,,
109073, u3216 ," Wanna go to the comic book store?,,,,,,,,,,,,,,,,,,,,,,,,,,,,,,,", u3215 ,m212,,
109074, u3215 ," I told you it was pretty weird Chinese food.,,,,,,,,,,,,,,,,,,,,,,,,,,,,,,,", u3216 ,m212,,
109075, u3216 ," The bottoms of your feet are covered with salt.,,,,,,,,,,,,,,,,,,,,,,,,,,,,,,,", u3215 ,m212,,
109076, u3215 ," No.  Why?,,,,,,,,,,,,,,,,,,,,,,,,,,,,,,,", u3216 ,m212,,
109077, u3216 ," Did you spill something?,,,,,,,,,,,,,,,,,,,,,,,,,,,,,,,", u3216 ,m212,,
109078, u3216 ," You're right... not even to mention you and me.,,,,,,,,,,,,,,,,,,,,,,,,,,,,,,,", u3215 ,m212,,
109079, u3215 ," What would that make Mom?,,,,,,,,,,,,,,,,,,,,,,,,,,,,,,,", u3216 ,m212,,
109080, u3216 ," You don't suppose Grandpa's an alien, do you?"",,,,,,,,,,,,,,,,,,,,,,,,,,,,,,,", u3215 ,m212,,
109081, u3215 ," I can't remember much after the Chinese food that looked like maggots.,,,,,,,,,,,,,,,,,,,,,,,,,,,,,,,", u3216 ,m212,,
109082, u3216 ," What did <u>you</u> do last night?  You look wasted.,,,,,,,,,,,,,,,,,,,,,,,,,,,,,,,", u3215 ,m212,,
109083, u3215 ," Entertain yourself.,,,,,,,,,,,,,,,,,,,,,,,,,,,,,,,", u3216 ,m212,,
109084, u3216 ," You're supposed to watch me and entertain me, and make me appreciate the brief but happy years of childhood."",,,,,,,,,,,,,,,,,,,,,,,,,,,,,,,", u3215 ,m212,,
109085, u3215 ," Go away.,,,,,,,,,,,,,,,,,,,,,,,,,,,,,,,", u3215 ,m212,,
109086, u3215 ," Come on, Sam, you know before there were malls there was 'like the ocean.'"",,,,,,,,,,,,,,,,,,,,,,,,,,,,,,,", u3216 ,m212,,
109087, u3216 ," Do I have to do this?,,,,,,,,,,,,,,,,,,,,,,,,,,,,,,,", u3215 ,m212,,
109088, u3215 ," Mom, just give me five more minutes. Just five minutes, okay?"",,,,,,,,,,,,,,,,,,,,,,,,,,,,,,,", u3216 ,m212,,
109089, u3216 ," Mom, you hitched all the way to Berkeley once, remember?"",,,,,,,,,,,,,,,,,,,,,,,,,,,,,,,", u3215 ,m212,,
109090, u3215 ," Don't you have something better to do than follow me around all night?,,,,,,,,,,,,,,,,,,,,,,,,,,,,,,,", u3216 ,m212,,
109091, u3216 ," Then what's the rush?  You're chasing that girl, why don't you just admit it?  I'm at the mercy of your sex glands!"",,,,,,,,,,,,,,,,,,,,,,,,,,,,,,,", u3215 ,m212,,
109092, u3215 ," Nowhere.,,,,,,,,,,,,,,,,,,,,,,,,,,,,,,,", u3216 ,m212,,
109093, u3216 ," Where are we going?,,,,,,,,,,,,,,,,,,,,,,,,,,,,,,,", u3216 ,m212,,
109094, u3216 ," Wanna change my hair, my clothes, my face."",,,,,,,,,,,,,,,,,,,,,,,,,,,,,,,", u3215 ,m212,,
109095, u3215 ," You're beautiful.,,,,,,,,,,,,,,,,,,,,,,,,,,,,,,,", u3215 ,m212,,
109096, u3215 ," Okay.  I'll flip you for it.,,,,,,,,,,,,,,,,,,,,,,,,,,,,,,,", u3216 ,m212,,
109097, u3216 ," I was here first.,,,,,,,,,,,,,,,,,,,,,,,,,,,,,,,", u3215 ,m212,,
109098, u3215 ," This room is mine.,,,,,,,,,,,,,,,,,,,,,,,,,,,,,,,", u3216 ,m212,,
109099, u3216 ," Even poor people have T.V.s,,,,,,,,,,,,,,,,,,,,,,,,,,,,,,,", u3215 ,m212,,
109100, u3215 ," Hey, Sam, we're flat broke."",,,,,,,,,,,,,,,,,,,,,,,,,,,,,,,", u3216 ,m212,,
109101, u3216 ," Grandpa does not own a T.V.  Have you noticed?  There's no T.V. Santa Carla has no malls, no Cineplexes and now I won't even have MTV.  I will not know anything hip happening anymore."",,,,,,,,,,,,,,,,,,,,,,,,,,,,,,,", u3215 ,m212,,
109102, u3215 ," Will you give Mom a break?,,,,,,,,,,,,,,,,,,,,,,,,,,,,,,,", u3216 ,m212,,
109103, u3216 ," I'm so excited I just can't hide it.  I'm about to lode control and I think I like it.,,,,,,,,,,,,,,,,,,,,,,,,,,,,,,,", u3215 ,m212,,
109104, u3215 ," This is kind of a cool place.,,,,,,,,,,,,,,,,,,,,,,,,,,,,,,,", u3215 ,m212,,
109105, u3215 ," That's okay, Mom.  I can see it later.  I'll help you unload."",,,,,,,,,,,,,,,,,,,,,,,,,,,,,,,", u3216 ,m212,,
109106, u3216 ," What!?  He <u>can</u> and I <u>can't</u>?!  No fair!!,,,,,,,,,,,,,,,,,,,,,,,,,,,,,,,", u3215 ,m212,,
