,User_id,text,sec_user,movies_name,relationship,attachment
109458, u3233 ," But there's nothing here.,,,,,,,,,,,,,,,,,,,,,,,,,,,,,,,", u3230 ,m214,,
109459, u3230 ," Yes.  Just about here.,,,,,,,,,,,,,,,,,,,,,,,,,,,,,,,", u3230 ,m214,,
109460, u3230 ," Around here.,,,,,,,,,,,,,,,,,,,,,,,,,,,,,,,", u3233 ,m214,,
109461, u3233 ," This is it?,,,,,,,,,,,,,,,,,,,,,,,,,,,,,,,", u3230 ,m214,,
109462, u3230 ," ... Well, you wanted to see it."",,,,,,,,,,,,,,,,,,,,,,,,,,,,,,,", u3230 ,m214,,
109463, u3230 ," I'll be all right... You go back to the village and light the fire.  So we can find our way home.,,,,,,,,,,,,,,,,,,,,,,,,,,,,,,,", u3233 ,m214,,
109464, u3233 ," But you're only a mud carrier.,,,,,,,,,,,,,,,,,,,,,,,,,,,,,,,", u3230 ,m214,,
109465, u3230 ," Please, just listen to me... Your mother would be very cross with me if you got hurt.  I'll find her."",,,,,,,,,,,,,,,,,,,,,,,,,,,,,,,", u3233 ,m214,,
109466, u3233 ," No...,,,,,,,,,,,,,,,,,,,,,,,,,,,,,,,", u3230 ,m214,,
109467, u3230 ," I think we should go on by ourselves.,,,,,,,,,,,,,,,,,,,,,,,,,,,,,,,", u3233 ,m214,,
109468, u3233 ," He came back screaming... He never talked about it after that.  I don't think he even got this far.,,,,,,,,,,,,,,,,,,,,,,,,,,,,,,,", u3230 ,m214,,
109469, u3230 ," What happened?,,,,,,,,,,,,,,,,,,,,,,,,,,,,,,,", u3233 ,m214,,
109470, u3233 ," I had a friend who came here once. Sort of a dare.,,,,,,,,,,,,,,,,,,,,,,,,,,,,,,,", u3233 ,m214,,
109471, u3233 ," About the voice in the darkness. About the ghosts...,,,,,,,,,,,,,,,,,,,,,,,,,,,,,,,", u3230 ,m214,,
109472, u3230 ," What kind of stories?,,,,,,,,,,,,,,,,,,,,,,,,,,,,,,,", u3233 ,m214,,
109473, u3233 ," No one ever comes here.  My mother told me stories about it late at night.  They tell all the children.,,,,,,,,,,,,,,,,,,,,,,,,,,,,,,,", u3233 ,m214,,
109474, u3233 ," I shouldn't have mentioned it.  We can't go there.,,,,,,,,,,,,,,,,,,,,,,,,,,,,,,,", u3230 ,m214,,
109475, u3230 ," You have books?!  Kalen, you've got to take me there.  There might be history.  Records.  Something to help us find where the Morlocks took --"",,,,,,,,,,,,,,,,,,,,,,,,,,,,,,,", u3233 ,m214,,
109476, u3233 ," The Hall of Books.,,,,,,,,,,,,,,,,,,,,,,,,,,,,,,,", u3230 ,m214,,
109477, u3230 ," Where?,,,,,,,,,,,,,,,,,,,,,,,,,,,,,,,", u3233 ,m214,,
109478, u3233 ," There's a place that might help... we could try going there.,,,,,,,,,,,,,,,,,,,,,,,,,,,,,,,", u3233 ,m214,,
109479, u3233 ," We're not supposed to think about it.  But I dream about it sometimes...,,,,,,,,,,,,,,,,,,,,,,,,,,,,,,,", u3230 ,m214,,
109480, u3230 ," Kalen... Do you have any idea where they take them?,,,,,,,,,,,,,,,,,,,,,,,,,,,,,,,", u3233 ,m214,,
109481, u3233 ," What else can they do?,,,,,,,,,,,,,,,,,,,,,,,,,,,,,,,", u3230 ,m214,,
109482, u3230 ," How can they just go back to work as if nothing happened?,,,,,,,,,,,,,,,,,,,,,,,,,,,,,,,", u3230 ,m214,,
109483, u3230 ," I'm so sorry, Kalen."",,,,,,,,,,,,,,,,,,,,,,,,,,,,,,,", u3233 ,m214,,
109484, u3233 ," She didn't want me to be a climber. She wanted me to be a planner like her.,,,,,,,,,,,,,,,,,,,,,,,,,,,,,,,", u3230 ,m214,,
109485, u3230 ," Exactly like you.  Well, maybe not as healthy."",,,,,,,,,,,,,,,,,,,,,,,,,,,,,,,", u3233 ,m214,,
109486, u3233 ," And everyone looks like us?,,,,,,,,,,,,,,,,,,,,,,,,,,,,,,,", u3230 ,m214,,
109487, u3230 ," ... Thousands and thousands of people.  And sometimes we live in great buildings that reach up five or ten stories.,,,,,,,,,,,,,,,,,,,,,,,,,,,,,,,", u3230 ,m214,,
109488, u3230 ," 'Fraid so.  Just a regular old... mud carrier.,,,,,,,,,,,,,,,,,,,,,,,,,,,,,,,", u3233 ,m214,,
109489, u3233 ," Don't tell me you're a mud carrier.,,,,,,,,,,,,,,,,,,,,,,,,,,,,,,,", u3230 ,m214,,
109490, u3230 ," Ah... no.,,,,,,,,,,,,,,,,,,,,,,,,,,,,,,,", u3233 ,m214,,
109491, u3233 ," I'm training to be a high climber.,,,,,,,,,,,,,,,,,,,,,,,,,,,,,,,", u3230 ,m214,,
109492, u3230 ," On the towers?,,,,,,,,,,,,,,,,,,,,,,,,,,,,,,,", u3233 ,m214,,
109493, u3233 ," What do you do on the towers?,,,,,,,,,,,,,,,,,,,,,,,,,,,,,,,", u3233 ,m214,,
109494, u3233 ," I figured that.  What kind of accident?,,,,,,,,,,,,,,,,,,,,,,,,,,,,,,,", u3230 ,m214,,
109495, u3230 ," I had an accident.,,,,,,,,,,,,,,,,,,,,,,,,,,,,,,,", u3233 ,m214,,
109496, u3233 ," Now how did you get hurt?,,,,,,,,,,,,,,,,,,,,,,,,,,,,,,,", u3230 ,m214,,
109497, u3230 ," The journey is part of my work.,,,,,,,,,,,,,,,,,,,,,,,,,,,,,,,", u3233 ,m214,,
109498, u3233 ," It must have been hard, leaving your work."",,,,,,,,,,,,,,,,,,,,,,,,,,,,,,,", u3230 ,m214,,
109499, u3230 ," I will...,,,,,,,,,,,,,,,,,,,,,,,,,,,,,,,", u3241 ,m214,,
109500, u3241 ," I should hope not...  ... Alexander... Make them read my books.  Tell them who they are. Who they could be.,,,,,,,,,,,,,,,,,,,,,,,,,,,,,,,", u3230 ,m214,,
109501, u3230 ," I'll never forget this.,,,,,,,,,,,,,,,,,,,,,,,,,,,,,,,", u3241 ,m214,,
109502, u3241 ," Now get out of my sight, you hideous primate."",,,,,,,,,,,,,,,,,,,,,,,,,,,,,,,", u3241 ,m214,,
109503, u3241 ," I'm going to end it, Alexander.  As we discussed..."",,,,,,,,,,,,,,,,,,,,,,,,,,,,,,,", u3230 ,m214,,
109504, u3230 ," I don't understand.,,,,,,,,,,,,,,,,,,,,,,,,,,,,,,,", u3241 ,m214,,
109505, u3241 ," Go back to the light.  You weren't made for this.  I was... I was made for this moment.,,,,,,,,,,,,,,,,,,,,,,,,,,,,,,,", u3230 ,m214,,
109506, u3230 ," I won't leave you like this.,,,,,,,,,,,,,,,,,,,,,,,,,,,,,,,", u3241 ,m214,,
109507, u3241 ," I'm babbling.  Good to have someone to talk to for a change... But you need to go.  Take her out of here...  ... I don't have long.,,,,,,,,,,,,,,,,,,,,,,,,,,,,,,,", u3230 ,m214,,
109508, u3230 ," Vox...,,,,,,,,,,,,,,,,,,,,,,,,,,,,,,,", u3241 ,m214,,
109509, u3241 ," Nothing to do, I'm afraid.  I'm just a librarian after all.  Wasn't exactly made for all this swashbuckling.  Very Byronic end, though.  I appreciate that.  Do you know Byron?"",,,,,,,,,,,,,,,,,,,,,,,,,,,,,,,", u3230 ,m214,,
109510, u3230 ," What can I do?  Tell me what to do.,,,,,,,,,,,,,,,,,,,,,,,,,,,,,,,", u3241 ,m214,,
109511, u3241 ," Takes a licking but keeps on ticking...  ... For a while anyway.,,,,,,,,,,,,,,,,,,,,,,,,,,,,,,,", u3241 ,m214,,
109512, u3241 ," Imagine that... seems that little devil got my power relays...,,,,,,,,,,,,,,,,,,,,,,,,,,,,,,,", u3230 ,m214,,
109513, u3230 ," Vox --,,,,,,,,,,,,,,,,,,,,,,,,,,,,,,,", u3230 ,m214,,
109514, u3230 ," This has to end.,,,,,,,,,,,,,,,,,,,,,,,,,,,,,,,", u3241 ,m214,,
109515, u3241 ," End...?,,,,,,,,,,,,,,,,,,,,,,,,,,,,,,,", u3230 ,m214,,
109516, u3230 ," This has to end.,,,,,,,,,,,,,,,,,,,,,,,,,,,,,,,", u3241 ,m214,,
109517, u3241 ," How are your dreams now?,,,,,,,,,,,,,,,,,,,,,,,,,,,,,,,", u3230 ,m214,,
109518, u3230 ," No...,,,,,,,,,,,,,,,,,,,,,,,,,,,,,,,", u3241 ,m214,,
109519, u3241 ," They raise them like cattle... Feed them until they're ready and then hunt them.,,,,,,,,,,,,,,,,,,,,,,,,,,,,,,,", u3241 ,m214,,
109520, u3241 ," Trust me... You don't want to see any more.,,,,,,,,,,,,,,,,,,,,,,,,,,,,,,,", u3230 ,m214,,
109521, u3230 ," What do you mean?,,,,,,,,,,,,,,,,,,,,,,,,,,,,,,,", u3241 ,m214,,
109522, u3241 ," Alexander... Listen to me, it was wrong to bring you.  You're not going to find what you're looking for."",,,,,,,,,,,,,,,,,,,,,,,,,,,,,,,", u3241 ,m214,,
109523, u3241 ," The Morlocks didn't build this.,,,,,,,,,,,,,,,,,,,,,,,,,,,,,,,", u3230 ,m214,,
109524, u3230 ," Why did they built it?,,,,,,,,,,,,,,,,,,,,,,,,,,,,,,,", u3241 ,m214,,
109525, u3241 ," The air... the power.,,,,,,,,,,,,,,,,,,,,,,,,,,,,,,,", u3230 ,m214,,
109526, u3230 ," What's it all for?,,,,,,,,,,,,,,,,,,,,,,,,,,,,,,,", u3241 ,m214,,
109527, u3241 ," This way.,,,,,,,,,,,,,,,,,,,,,,,,,,,,,,,", u3230 ,m214,,
109528, u3230 ," Vox?,,,,,,,,,,,,,,,,,,,,,,,,,,,,,,,", u3230 ,m214,,
109529, u3230 ," Do you know which way?,,,,,,,,,,,,,,,,,,,,,,,,,,,,,,,", u3241 ,m214,,
109530, u3241 ," Yes.,,,,,,,,,,,,,,,,,,,,,,,,,,,,,,,", u3230 ,m214,,
109531, u3230 ," Machines?,,,,,,,,,,,,,,,,,,,,,,,,,,,,,,,", u3230 ,m214,,
109532, u3230 ," Yes... Thank you.,,,,,,,,,,,,,,,,,,,,,,,,,,,,,,,", u3241 ,m214,,
109533, u3241 ," In for a penny, in for a pound.  Do you know that saying?"",,,,,,,,,,,,,,,,,,,,,,,,,,,,,,,", u3230 ,m214,,
109534, u3230 ," Yes.  But you've done enough. Thank you for your help... I hope someday people read your books again.,,,,,,,,,,,,,,,,,,,,,,,,,,,,,,,", u3241 ,m214,,
109535, u3241 ," Yes... Are you sure you want to do this?,,,,,,,,,,,,,,,,,,,,,,,,,,,,,,,", u3230 ,m214,,
109536, u3230 ," This is the way in?,,,,,,,,,,,,,,,,,,,,,,,,,,,,,,,", u3241 ,m214,,
109537, u3241 ," It's what they want you to see.,,,,,,,,,,,,,,,,,,,,,,,,,,,,,,,", u3230 ,m214,,
109538, u3230 ," Oh, shut up."",,,,,,,,,,,,,,,,,,,,,,,,,,,,,,,", u3241 ,m214,,
109539, u3241 ," Aren't you a plucky little -- ?,,,,,,,,,,,,,,,,,,,,,,,,,,,,,,,", u3230 ,m214,,
109540, u3230 ," Yes.,,,,,,,,,,,,,,,,,,,,,,,,,,,,,,,", u3241 ,m214,,
109541, u3241 ," So, do we go on?"",,,,,,,,,,,,,,,,,,,,,,,,,,,,,,,", u3241 ,m214,,
109542, u3241 ," It was meant to.,,,,,,,,,,,,,,,,,,,,,,,,,,,,,,,", u3230 ,m214,,
109543, u3230 ," Yes...,,,,,,,,,,,,,,,,,,,,,,,,,,,,,,,", u3241 ,m214,,
109544, u3241 ," It frightens you.,,,,,,,,,,,,,,,,,,,,,,,,,,,,,,,", u3230 ,m214,,
109545, u3230 ," My God... I saw this.,,,,,,,,,,,,,,,,,,,,,,,,,,,,,,,", u3230 ,m214,,
109546, u3230 ," Kalen... hold on a minute.,,,,,,,,,,,,,,,,,,,,,,,,,,,,,,,", u3241 ,m214,,
109547, u3241 ," Send him home.  You don't want him to see it.,,,,,,,,,,,,,,,,,,,,,,,,,,,,,,,", u3230 ,m214,,
109548, u3230 ," What?,,,,,,,,,,,,,,,,,,,,,,,,,,,,,,,", u3241 ,m214,,
109549, u3241 ," Send him away.,,,,,,,,,,,,,,,,,,,,,,,,,,,,,,,", u3230 ,m214,,
109550, u3230 ," Last night.,,,,,,,,,,,,,,,,,,,,,,,,,,,,,,,", u3241 ,m214,,
109551, u3241 ," When was his mother taken?,,,,,,,,,,,,,,,,,,,,,,,,,,,,,,,", u3230 ,m214,,
109552, u3230 ," I'm used to that.,,,,,,,,,,,,,,,,,,,,,,,,,,,,,,,", u3241 ,m214,,
109553, u3241 ," And if the truth is so horrible that it will haunt your dreams for all time?,,,,,,,,,,,,,,,,,,,,,,,,,,,,,,,", u3230 ,m214,,
109554, u3230 ," Yes.,,,,,,,,,,,,,,,,,,,,,,,,,,,,,,,", u3241 ,m214,,
109555, u3241 ," So, Relic, you want to open Pandora's box, do you?  See all the mysteries exposed?"",,,,,,,,,,,,,,,,,,,,,,,,,,,,,,,", u3230 ,m214,,
109556, u3230 ," You'll live like this forever. Alone.  You were meant to help.  To be with people.  Not like this.,,,,,,,,,,,,,,,,,,,,,,,,,,,,,,,", u3241 ,m214,,
109557, u3241 ," Excuse me?,,,,,,,,,,,,,,,,,,,,,,,,,,,,,,,", u3230 ,m214,,
109558, u3230 ," Because you'll never die.,,,,,,,,,,,,,,,,,,,,,,,,,,,,,,,", u3241 ,m214,,
109559, u3241 ," Why should I help you?  You primates -- you great, lumbering, hairy animals, drenched in blood from the moment of your hideous conception -- what have you ever used knowledge for but destruction and bloodshed!  A little bit of learning and you lay waste to the world!  You're no better than the Morlocks!"",,,,,,,,,,,,,,,,,,,,,,,,,,,,,,,", u3230 ,m214,,
109560, u3230 ," We need your help.,,,,,,,,,,,,,,,,,,,,,,,,,,,,,,,", u3230 ,m214,,
109561, u3230 ," Can you show us where they live?,,,,,,,,,,,,,,,,,,,,,,,,,,,,,,,", u3241 ,m214,,
109562, u3241 ," Regenerating fission reactor, you wouldn't understand.  It's power is well beyond your neanderthal cranial capacity."",,,,,,,,,,,,,,,,,,,,,,,,,,,,,,,", u3230 ,m214,,
109563, u3230 ," How have you survived so long?,,,,,,,,,,,,,,,,,,,,,,,,,,,,,,,", u3241 ,m214,,
109564, u3241 ," I was lucky.  The others weren't.,,,,,,,,,,,,,,,,,,,,,,,,,,,,,,,", u3230 ,m214,,
109565, u3230 ," But you escaped.,,,,,,,,,,,,,,,,,,,,,,,,,,,,,,,", u3241 ,m214,,
109566, u3241 ," Oh yes... They found our knowledge useful for a time.  They used us much as your people did.  Then they decided they had learned enough so they tore us up for spare parts.,,,,,,,,,,,,,,,,,,,,,,,,,,,,,,,", u3230 ,m214,,
109567, u3230 ," Do you know where they live?,,,,,,,,,,,,,,,,,,,,,,,,,,,,,,,", u3241 ,m214,,
109568, u3241 ," Who doesn't know the Morlocks?,,,,,,,,,,,,,,,,,,,,,,,,,,,,,,,", u3230 ,m214,,
109569, u3230 ," You know of them?,,,,,,,,,,,,,,,,,,,,,,,,,,,,,,,", u3241 ,m214,,
109570, u3241 ," Morlocks --,,,,,,,,,,,,,,,,,,,,,,,,,,,,,,,", u3230 ,m214,,
109571, u3230 ," Please, we need your help.  The Morlocks have taken --"",,,,,,,,,,,,,,,,,,,,,,,,,,,,,,,", u3241 ,m214,,
109572, u3241 ," I am called Vox...  ... Now you are Eloi.,,,,,,,,,,,,,,,,,,,,,,,,,,,,,,,", u3230 ,m214,,
109573, u3230 ," Sir... have you a name?,,,,,,,,,,,,,,,,,,,,,,,,,,,,,,,", u3241 ,m214,,
109574, u3241 ," An """"automaton""""?!  Please!  I'm a biomechanical organism.  Well, what's left of one.  What's left of all of them, actually.  I am the last...  ... And """"these fragments I have shored against my ruins.""""  T.S. Eliot.  You wouldn't know him yet but you'll just love him, he's divine, if a little dour.  Very shy though... hiding over here..."",,,,,,,,,,,,,,,,,,,,,,,,,,,,,,,", u3230 ,m214,,
109575, u3230 ," I know you -- you're an automaton of some sort that --,,,,,,,,,,,,,,,,,,,,,,,,,,,,,,,", u3241 ,m214,,
109576, u3241 ," I'm the librarian.  I've always been the librarian.,,,,,,,,,,,,,,,,,,,,,,,,,,,,,,,", u3230 ,m214,,
109577, u3230 ," What are you?,,,,,,,,,,,,,,,,,,,,,,,,,,,,,,,", u3241 ,m214,,
109578, u3241 ," I must say, you look remarkably good.  You don't want a book then?"",,,,,,,,,,,,,,,,,,,,,,,,,,,,,,,", u3230 ,m214,,
109579, u3230 ," 1899.,,,,,,,,,,,,,,,,,,,,,,,,,,,,,,,", u3241 ,m214,,
109580, u3241 ," I can smell carcinogens and industrial pollutants on your skin that have not been known here for --  -- 800,000 years perhaps.  Don't keep me in suspense.  What year?"",,,,,,,,,,,,,,,,,,,,,,,,,,,,,,,", u3230 ,m214,,
109581, u3230 ," How did you know?!,,,,,,,,,,,,,,,,,,,,,,,,,,,,,,,", u3241 ,m214,,
109582, u3241 ," Right up your alley, I would think. You are from the past, yes?"",,,,,,,,,,,,,,,,,,,,,,,,,,,,,,,", u3230 ,m214,,
109583, u3230 ," Because...,,,,,,,,,,,,,,,,,,,,,,,,,,,,,,,", u3238 ,m214,,
109584, u3238 ," And why not?,,,,,,,,,,,,,,,,,,,,,,,,,,,,,,,", u3230 ,m214,,
109585, u3230 ," I don't think that's going to happen.,,,,,,,,,,,,,,,,,,,,,,,,,,,,,,,", u3238 ,m214,,
109586, u3238 ," But you've earned a reward for your valor.  I think you should become. You'll like it here.  Once you get used to the darkness.,,,,,,,,,,,,,,,,,,,,,,,,,,,,,,,", u3238 ,m214,,
109587, u3238 ," Oh, you won't be running for long..."",,,,,,,,,,,,,,,,,,,,,,,,,,,,,,,", u3230 ,m214,,
109588, u3230 ," I'm tired of running.,,,,,,,,,,,,,,,,,,,,,,,,,,,,,,,", u3238 ,m214,,
109589, u3238 ," Does this prove something to you? Have you made some great stand of which I'm unaware?,,,,,,,,,,,,,,,,,,,,,,,,,,,,,,,", u3230 ,m214,,
109590, u3230 ," I know.,,,,,,,,,,,,,,,,,,,,,,,,,,,,,,,", u3238 ,m214,,
109591, u3238 ," I could have a hundred Morlocks here in thirty seconds.,,,,,,,,,,,,,,,,,,,,,,,,,,,,,,,", u3230 ,m214,,
109592, u3230 ," I'm a foolish man.,,,,,,,,,,,,,,,,,,,,,,,,,,,,,,,", u3238 ,m214,,
109593, u3238 ," That was a foolish thing to do.,,,,,,,,,,,,,,,,,,,,,,,,,,,,,,,", u3238 ,m214,,
109594, u3238 ," It's always the tiger for you, Alexander, haven't you learned that by now?..."",,,,,,,,,,,,,,,,,,,,,,,,,,,,,,,", u3230 ,m214,,
109595, u3230 ," No...,,,,,,,,,,,,,,,,,,,,,,,,,,,,,,,", u3238 ,m214,,
109596, u3238 ," If I can only find the right door... the lady or the tiger...,,,,,,,,,,,,,,,,,,,,,,,,,,,,,,,", u3230 ,m214,,
109597, u3230 ," No...,,,,,,,,,,,,,,,,,,,,,,,,,,,,,,,", u3238 ,m214,,
109598, u3238 ," Now will you go?,,,,,,,,,,,,,,,,,,,,,,,,,,,,,,,", u3238 ,m214,,
109599, u3238 ," After all you've seen... after man's entire journey... you still believe that?,,,,,,,,,,,,,,,,,,,,,,,,,,,,,,,", u3230 ,m214,,
109600, u3230 ," A man can change his history.,,,,,,,,,,,,,,,,,,,,,,,,,,,,,,,", u3238 ,m214,,
109601, u3238 ," She won't remember you.  None of them will.  You will be forgotten. That is how history works.,,,,,,,,,,,,,,,,,,,,,,,,,,,,,,,", u3238 ,m214,,
109602, u3238 ," Yes.  Initiative and daring are not desirable traits in the Eloi.  But you should be happy for her.  She won't remember the creature she was.  She will... become.,,,,,,,,,,,,,,,,,,,,,,,,,,,,,,,", u3230 ,m214,,
109603, u3230 ," You took her because she helped me.,,,,,,,,,,,,,,,,,,,,,,,,,,,,,,,", u3238 ,m214,,
109604, u3238 ," When a creature shows too much independent thought we remove them from the gene pool.  We're breeding them for submission.  Soon they will be fully domesticated.,,,,,,,,,,,,,,,,,,,,,,,,,,,,,,,", u3230 ,m214,,
109605, u3230 ," So you take their best...,,,,,,,,,,,,,,,,,,,,,,,,,,,,,,,", u3238 ,m214,,
109606, u3238 ," We have lost the capacity to reproduce.  But the species must continue.,,,,,,,,,,,,,,,,,,,,,,,,,,,,,,,", u3230 ,m214,,
109607, u3230 ," Why?,,,,,,,,,,,,,,,,,,,,,,,,,,,,,,,", u3230 ,m214,,
109608, u3230 ," I could tell them.  Warm them of what's to come.,,,,,,,,,,,,,,,,,,,,,,,,,,,,,,,", u3238 ,m214,,
109609, u3238 ," Alexander, yours is a world of brocade and velvet, not tooth and claw.  Why would you come back to this?  To save a few cattle?  No."",,,,,,,,,,,,,,,,,,,,,,,,,,,,,,,", u3230 ,m214,,
109610, u3230 ," Say I just come back again?,,,,,,,,,,,,,,,,,,,,,,,,,,,,,,,", u3238 ,m214,,
109611, u3238 ," Because the past is immutable. Frozen.  Dead... And you are the past.,,,,,,,,,,,,,,,,,,,,,,,,,,,,,,,", u3230 ,m214,,
109612, u3230 ," Why would you let me go back?,,,,,,,,,,,,,,,,,,,,,,,,,,,,,,,", u3238 ,m214,,
109613, u3238 ," Go back to where you came from.  Or die here.,,,,,,,,,,,,,,,,,,,,,,,,,,,,,,,", u3230 ,m214,,
109614, u3230 ," What?,,,,,,,,,,,,,,,,,,,,,,,,,,,,,,,", u3230 ,m214,,
109615, u3230 ," It can't all be like this...,,,,,,,,,,,,,,,,,,,,,,,,,,,,,,,", u3238 ,m214,,
109616, u3238 ," And who are you, Alexander?  Who are you to question thousands of years of evolution?  This is the world now.  I am fact."",,,,,,,,,,,,,,,,,,,,,,,,,,,,,,,", u3230 ,m214,,
109617, u3230 ," But this is barbaric!  Have you completely lost all sense of --,,,,,,,,,,,,,,,,,,,,,,,,,,,,,,,", u3238 ,m214,,
109618, u3238 ," I'm afraid your indignation is lost here.  I have no more """"human"""" response to the Eloi then you would have to a carrot.  It's just how we live now."",,,,,,,,,,,,,,,,,,,,,,,,,,,,,,,", u3230 ,m214,,
109619, u3230 ," No... they didn't survive only to be your food.  You did that.,,,,,,,,,,,,,,,,,,,,,,,,,,,,,,,", u3238 ,m214,,
109620, u3238 ," They survived above.  Became what they are.,,,,,,,,,,,,,,,,,,,,,,,,,,,,,,,", u3230 ,m214,,
109621, u3230 ," And what of the Eloi?,,,,,,,,,,,,,,,,,,,,,,,,,,,,,,,", u3238 ,m214,,
109622, u3238 ," As our bodies atrophied our minds... compensated.,,,,,,,,,,,,,,,,,,,,,,,,,,,,,,,", u3230 ,m214,,
109623, u3230 ," How?,,,,,,,,,,,,,,,,,,,,,,,,,,,,,,,", u3238 ,m214,,
109624, u3238 ," We make them see what we wish.,,,,,,,,,,,,,,,,,,,,,,,,,,,,,,,", u3230 ,m214,,
109625, u3230 ," How do you control the Morlocks?,,,,,,,,,,,,,,,,,,,,,,,,,,,,,,,", u3238 ,m214,,
109626, u3238 ," And centuries later when we tried to emerge into the sun again, we couldn't.  Our adaptation was too successful.  We survived... we endured... for this."",,,,,,,,,,,,,,,,,,,,,,,,,,,,,,,", u3238 ,m214,,
109627, u3238 ," To work the machines and build the tunnels.  You can't imagine what it was like when it all started.  We survived for millennia, scraping the lichen and microscopic organisms from the rock with our teeth and digging for water with our nails.  Endlessly.  For generations.  And we... became."",,,,,,,,,,,,,,,,,,,,,,,,,,,,,,,", u3230 ,m214,,
109628, u3230 ," As slaves.,,,,,,,,,,,,,,,,,,,,,,,,,,,,,,,", u3238 ,m214,,
109629, u3238 ," You wouldn't understand.  We genetically engineered the Morlock class to serve our needs.,,,,,,,,,,,,,,,,,,,,,,,,,,,,,,,", u3230 ,m214,,
109630, u3230 ," Created?,,,,,,,,,,,,,,,,,,,,,,,,,,,,,,,", u3238 ,m214,,
109631, u3238 ," No, we created the Morlocks."",,,,,,,,,,,,,,,,,,,,,,,,,,,,,,,", u3230 ,m214,,
109632, u3230 ," You came underground when the world was ending above.  And you evolved. Some into the Morlocks and others --,,,,,,,,,,,,,,,,,,,,,,,,,,,,,,,", u3238 ,m214,,
109633, u3238 ," Well, Alexander, as a fellow scientist I know you have a thousand questions --"",,,,,,,,,,,,,,,,,,,,,,,,,,,,,,,", u3230 ,m214,,
109634, u3230 ," Alexander.,,,,,,,,,,,,,,,,,,,,,,,,,,,,,,,", u3238 ,m214,,
109635, u3238 ," What's your name?,,,,,,,,,,,,,,,,,,,,,,,,,,,,,,,", u3230 ,m214,,
109636, u3230 ," You have my word...  ... She's just a beauty.,,,,,,,,,,,,,,,,,,,,,,,,,,,,,,,", u3236 ,m214,,
109637, u3236 ," Next time then.  We perambulate here most every night.,,,,,,,,,,,,,,,,,,,,,,,,,,,,,,,", u3230 ,m214,,
109638, u3230 ," Ahhh... I'm afraid I've got a prior commitment.,,,,,,,,,,,,,,,,,,,,,,,,,,,,,,,", u3236 ,m214,,
109639, u3236 ," Well, much obliged -- I'm always forgetting the confounded brake -- say, if you wait until I get her up and running I'll give you a perambulation.  Tell you all about her."",,,,,,,,,,,,,,,,,,,,,,,,,,,,,,,", u3230 ,m214,,
109640, u3230 ," I just love mechanical things.,,,,,,,,,,,,,,,,,,,,,,,,,,,,,,,", u3236 ,m214,,
109641, u3236 ," God -- could have killed me -- bad girl, Nell!  How did you know to do that?"",,,,,,,,,,,,,,,,,,,,,,,,,,,,,,,", u3236 ,m214,,
109642, u3236 ," There's a cantilevered gasket on the --,,,,,,,,,,,,,,,,,,,,,,,,,,,,,,,", u3230 ,m214,,
109643, u3230 ," How do you keep the water temperature stable?,,,,,,,,,,,,,,,,,,,,,,,,,,,,,,,", u3236 ,m214,,
109644, u3236 ," Now that's what I call plain crazy -- internal combustion is just too dangerous, all those little explosions, never catch on."",,,,,,,,,,,,,,,,,,,,,,,,,,,,,,,", u3230 ,m214,,
109645, u3230 ," I've only read about them -- and the new internals.,,,,,,,,,,,,,,,,,,,,,,,,,,,,,,,", u3236 ,m214,,
109646, u3236 ," Thanks.  Old Nell's my girl all right.  Al least when she decides to move, stubborn beast."",,,,,,,,,,,,,,,,,,,,,,,,,,,,,,,", u3230 ,m214,,
109647, u3230 ," It's spectacular...,,,,,,,,,,,,,,,,,,,,,,,,,,,,,,,", u3242 ,m214,,
109648, u3242 ," I was getting to that... The moon has reached the gravitational Roche Limit, 7,300 miles above the surface of the Earth.  This has created pressure on the lunar stratum beyond gravitational tolerances.  It might be helpful to know that the nearest public evacuation shelters can be found at Grand Central Station, Madison Square Garden --"",,,,,,,,,,,,,,,,,,,,,,,,,,,,,,,", u3230 ,m214,,
109649, u3230 ," Why is it -- breaking up?,,,,,,,,,,,,,,,,,,,,,,,,,,,,,,,", u3242 ,m214,,
109650, u3242 ," Well, considering it is, in fact, happening, I would assume it's possible.  The retrograde orbit began in 2005 when the demolitions for the lunar colonies --"",,,,,,,,,,,,,,,,,,,,,,,,,,,,,,,", u3230 ,m214,,
109651, u3230 ," No -- wait -- the moon's falling out of orbit -- that's not possible!,,,,,,,,,,,,,,,,,,,,,,,,,,,,,,,", u3242 ,m214,,
109652, u3242 ," The 2005 terraforming demolitions for the lunar excavations sent the moon into a diminishing retrograde orbit resulting in global gravitational fluctuations, increased seismic activity and tidal anomalies.  Can I tell you more?"",,,,,,,,,,,,,,,,,,,,,,,,,,,,,,,", u3230 ,m214,,
109653, u3230 ," What's happening to the moon?!,,,,,,,,,,,,,,,,,,,,,,,,,,,,,,,", u3242 ,m214,,
109654, u3242 ," I am the Fifth Avenue Public Library informational kiosk.  VOX registration NY-114.  May I help you?,,,,,,,,,,,,,,,,,,,,,,,,,,,,,,,", u3230 ,m214,,
109655, u3230 ," I -- what are you?!,,,,,,,,,,,,,,,,,,,,,,,,,,,,,,,", u3242 ,m214,,
109656, u3242 ," May I help you?,,,,,,,,,,,,,,,,,,,,,,,,,,,,,,,", u3230 ,m214,,
109657, u3230 ," I have something for you...,,,,,,,,,,,,,,,,,,,,,,,,,,,,,,,", u3232 ,m214,,
109658, u3232 ," Let them.,,,,,,,,,,,,,,,,,,,,,,,,,,,,,,,", u3230 ,m214,,
109659, u3230 ," Let them.,,,,,,,,,,,,,,,,,,,,,,,,,,,,,,,", u3232 ,m214,,
109660, u3232 ," Alex... people are staring.,,,,,,,,,,,,,,,,,,,,,,,,,,,,,,,", u3230 ,m214,,
109661, u3230 ," It's only a machine.,,,,,,,,,,,,,,,,,,,,,,,,,,,,,,,", u3232 ,m214,,
109662, u3232 ," Now I know you're ill -- passing up the chance to explore some new gadget.,,,,,,,,,,,,,,,,,,,,,,,,,,,,,,,", u3230 ,m214,,
109663, u3230 ," I've seen it.,,,,,,,,,,,,,,,,,,,,,,,,,,,,,,,", u3232 ,m214,,
109664, u3232 ," Heavens, look at that now!"",,,,,,,,,,,,,,,,,,,,,,,,,,,,,,,", u3232 ,m214,,
109665, u3232 ," So it's astronomy now, is it?"",,,,,,,,,,,,,,,,,,,,,,,,,,,,,,,", u3230 ,m214,,
109666, u3230 ," The sailor's omen of good fortune. The hunter watching over him on his travels.,,,,,,,,,,,,,,,,,,,,,,,,,,,,,,,", u3232 ,m214,,
109667, u3232 ," They are rare...  ... Orion's belt, pointing to the earth --"",,,,,,,,,,,,,,,,,,,,,,,,,,,,,,,", u3230 ,m214,,
109668, u3230 ," Not like this.  Never like this. Emma, I swear to you -- if I've learned one thing, it's that moments like this are rare.  And I will thank God for them every moment of every day."",,,,,,,,,,,,,,,,,,,,,,,,,,,,,,,", u3232 ,m214,,
109669, u3232 ," We took a walk three days ago.,,,,,,,,,,,,,,,,,,,,,,,,,,,,,,,", u3230 ,m214,,
109670, u3230 ," No, I'm fine.  I'm...  ... wonderful.  Just walking down the street with you again."",,,,,,,,,,,,,,,,,,,,,,,,,,,,,,,", u3232 ,m214,,
109671, u3232 ," You're so pale... I hope you're not coming down with something.,,,,,,,,,,,,,,,,,,,,,,,,,,,,,,,", u3232 ,m214,,
109672, u3232 ," Alex, it's just the zoo."",,,,,,,,,,,,,,,,,,,,,,,,,,,,,,,", u3230 ,m214,,
109673, u3230 ," My God...,,,,,,,,,,,,,,,,,,,,,,,,,,,,,,,", u3230 ,m214,,
109674, u3230 ," I want to get into the light, that's all.  Please..."",,,,,,,,,,,,,,,,,,,,,,,,,,,,,,,", u3232 ,m214,,
109675, u3232 ," Why do we have to race for heaven's sake?!,,,,,,,,,,,,,,,,,,,,,,,,,,,,,,,", u3230 ,m214,,
109676, u3230 ," Shhh.  Let's just hurry on here. We don't have to talk, all right?"",,,,,,,,,,,,,,,,,,,,,,,,,,,,,,,", u3232 ,m214,,
109677, u3232 ," Alex...?!,,,,,,,,,,,,,,,,,,,,,,,,,,,,,,,", u3230 ,m214,,
109678, u3230 ," Nothing -- let's just get out of the park.,,,,,,,,,,,,,,,,,,,,,,,,,,,,,,,", u3232 ,m214,,
109679, u3232 ," Alex, what is it?"",,,,,,,,,,,,,,,,,,,,,,,,,,,,,,,", u3232 ,m214,,
109680, u3232 ," All right...,,,,,,,,,,,,,,,,,,,,,,,,,,,,,,,", u3230 ,m214,,
109681, u3230 ," No... let's walk through the city.,,,,,,,,,,,,,,,,,,,,,,,,,,,,,,,", u3232 ,m214,,
109682, u3232 ," Let's walk through the park...,,,,,,,,,,,,,,,,,,,,,,,,,,,,,,,", u3230 ,m214,,
109683, u3230 ," Not here... alone.  Please.,,,,,,,,,,,,,,,,,,,,,,,,,,,,,,,", u3232 ,m214,,
109684, u3232 ," All right...,,,,,,,,,,,,,,,,,,,,,,,,,,,,,,,", u3230 ,m214,,
109685, u3230 ," I need... to talk to you.,,,,,,,,,,,,,,,,,,,,,,,,,,,,,,,", u3232 ,m214,,
109686, u3232 ," Darling.,,,,,,,,,,,,,,,,,,,,,,,,,,,,,,,", u3230 ,m214,,
109687, u3230 ," Holding you... again.,,,,,,,,,,,,,,,,,,,,,,,,,,,,,,,", u3232 ,m214,,
109688, u3232 ," Alex, what is it?"",,,,,,,,,,,,,,,,,,,,,,,,,,,,,,,", u3232 ,m214,,
109689, u3232 ," Trust me...,,,,,,,,,,,,,,,,,,,,,,,,,,,,,,,", u3230 ,m214,,
109690, u3230 ," You know I can't.,,,,,,,,,,,,,,,,,,,,,,,,,,,,,,,", u3232 ,m214,,
109691, u3232 ," Dance with me...,,,,,,,,,,,,,,,,,,,,,,,,,,,,,,,", u3230 ,m214,,
109692, u3230 ," Got here as soon as I could.,,,,,,,,,,,,,,,,,,,,,,,,,,,,,,,", u3232 ,m214,,
109693, u3232 ," You're late.,,,,,,,,,,,,,,,,,,,,,,,,,,,,,,,", u3230 ,m214,,
109694, u3230 ," Your birth stone.  I thought --,,,,,,,,,,,,,,,,,,,,,,,,,,,,,,,", u3232 ,m214,,
109695, u3232 ," A moonstone.,,,,,,,,,,,,,,,,,,,,,,,,,,,,,,,", u3230 ,m214,,
109696, u3230 ," I know it's not a diamond but --,,,,,,,,,,,,,,,,,,,,,,,,,,,,,,,", u3230 ,m214,,
109697, u3230 ," Hold on... I know I have it...,,,,,,,,,,,,,,,,,,,,,,,,,,,,,,,", u3232 ,m214,,
109698, u3232 ," You know, the moment is rather dying here."",,,,,,,,,,,,,,,,,,,,,,,,,,,,,,,", u3232 ,m214,,
109699, u3232 ," And what do you propose, Professor? Shall we hold a seminar to study the problem?"",,,,,,,,,,,,,,,,,,,,,,,,,,,,,,,", u3230 ,m214,,
109700, u3230 ," Oh dammit, I love you!  I can't eat, I can't sleep, I can't think, all I do is moon over you and -- hum, apparently."",,,,,,,,,,,,,,,,,,,,,,,,,,,,,,,", u3232 ,m214,,
109701, u3232 ," You're getting warmer.,,,,,,,,,,,,,,,,,,,,,,,,,,,,,,,", u3230 ,m214,,
109702, u3230 ," I mean... well... affection.,,,,,,,,,,,,,,,,,,,,,,,,,,,,,,,", u3232 ,m214,,
109703, u3232 ," Admiration?  My my.,,,,,,,,,,,,,,,,,,,,,,,,,,,,,,,", u3230 ,m214,,
109704, u3230 ," Emma, you know I have great... admiration for you."",,,,,,,,,,,,,,,,,,,,,,,,,,,,,,,", u3232 ,m214,,
109705, u3232 ," All right, what is it now?"",,,,,,,,,,,,,,,,,,,,,,,,,,,,,,,", u3230 ,m214,,
109706, u3230 ," What?  Yes -- Orion -- good fortune -- sailors.,,,,,,,,,,,,,,,,,,,,,,,,,,,,,,,", u3232 ,m214,,
109707, u3232 ," ... Orion's belt, pointing to the earth.  You see it over the rocks there?  Sailors consider that an omen of good fortune; the hunter watching over them on their travels... Are you listening to me, Alex?"",,,,,,,,,,,,,,,,,,,,,,,,,,,,,,,", u3230 ,m214,,
109708, u3230 ," Not here... alone.  May we? Please?,,,,,,,,,,,,,,,,,,,,,,,,,,,,,,,", u3232 ,m214,,
109709, u3232 ," Talk away, Professor."",,,,,,,,,,,,,,,,,,,,,,,,,,,,,,,", u3230 ,m214,,
109710, u3230 ," I need to... um... talk to you.,,,,,,,,,,,,,,,,,,,,,,,,,,,,,,,", u3232 ,m214,,
109711, u3232 ," Well there's something new.,,,,,,,,,,,,,,,,,,,,,,,,,,,,,,,", u3230 ,m214,,
109712, u3230 ," Sorry... I was distracted.,,,,,,,,,,,,,,,,,,,,,,,,,,,,,,,", u3232 ,m214,,
109713, u3232 ," You promised me flowers tonight, don't you even remember?"",,,,,,,,,,,,,,,,,,,,,,,,,,,,,,,", u3230 ,m214,,
109714, u3230 ," What?,,,,,,,,,,,,,,,,,,,,,,,,,,,,,,,", u3232 ,m214,,
109715, u3232 ," You promised me flowers.,,,,,,,,,,,,,,,,,,,,,,,,,,,,,,,", u3232 ,m214,,
109716, u3232 ," Trust me...,,,,,,,,,,,,,,,,,,,,,,,,,,,,,,,", u3230 ,m214,,
109717, u3230 ," You know I can't.,,,,,,,,,,,,,,,,,,,,,,,,,,,,,,,", u3232 ,m214,,
109718, u3232 ," Dance with me...,,,,,,,,,,,,,,,,,,,,,,,,,,,,,,,", u3230 ,m214,,
109719, u3230 ," Got here as soon as I could.,,,,,,,,,,,,,,,,,,,,,,,,,,,,,,,", u3232 ,m214,,
109720, u3232 ," You're late.,,,,,,,,,,,,,,,,,,,,,,,,,,,,,,,", u3239 ,m214,,
109721, u3239 ," His home.,,,,,,,,,,,,,,,,,,,,,,,,,,,,,,,", u3230 ,m214,,
109722, u3230 ," This... was my home.,,,,,,,,,,,,,,,,,,,,,,,,,,,,,,,", u3239 ,m214,,
109723, u3239 ," I'm glad.,,,,,,,,,,,,,,,,,,,,,,,,,,,,,,,", u3230 ,m214,,
109724, u3230 ," And this would be my study.  There was an elm tree outside the window then.,,,,,,,,,,,,,,,,,,,,,,,,,,,,,,,", u3239 ,m214,,
109725, u3239 ," Good night, Alex."",,,,,,,,,,,,,,,,,,,,,,,,,,,,,,,", u3230 ,m214,,
109726, u3230 ," Good night, David."",,,,,,,,,,,,,,,,,,,,,,,,,,,,,,,", u3230 ,m214,,
109727, u3230 ," In a week... we will never have had this conversation.,,,,,,,,,,,,,,,,,,,,,,,,,,,,,,,", u3239 ,m214,,
109728, u3239 ," All right.  I'll come for dinner. And in the meantime... you'll think about what we discussed?,,,,,,,,,,,,,,,,,,,,,,,,,,,,,,,", u3239 ,m214,,
109729, u3239 ," I pray to God that in a week you're not here.,,,,,,,,,,,,,,,,,,,,,,,,,,,,,,,", u3230 ,m214,,
109730, u3230 ," You won't say that in a week.,,,,,,,,,,,,,,,,,,,,,,,,,,,,,,,", u3239 ,m214,,
109731, u3239 ," You're dying here.  Don't you see that?!,,,,,,,,,,,,,,,,,,,,,,,,,,,,,,,", u3230 ,m214,,
109732, u3230 ," That's absurd --,,,,,,,,,,,,,,,,,,,,,,,,,,,,,,,", u3239 ,m214,,
109733, u3239 ," There are trains leaving Grand Central every then minutes.  A dozen liners leaving the harbor. Get on one of them.  Go to Singapore, Scotland, Manchuria, anywhere, just away from here --"",,,,,,,,,,,,,,,,,,,,,,,,,,,,,,,", u3230 ,m214,,
109734, u3230 ," I can't leave when I'm so close.,,,,,,,,,,,,,,,,,,,,,,,,,,,,,,,", u3239 ,m214,,
109735, u3239 ," When's the last time you were outside this house --  -- or this room?,,,,,,,,,,,,,,,,,,,,,,,,,,,,,,,", u3230 ,m214,,
109736, u3230 ," I can't do that --,,,,,,,,,,,,,,,,,,,,,,,,,,,,,,,", u3239 ,m214,,
109737, u3239 ," Why don't you come to our house instead?,,,,,,,,,,,,,,,,,,,,,,,,,,,,,,,", u3230 ,m214,,
109738, u3230 ," I'll tell you what... come by for dinner in a week and I'll show you.,,,,,,,,,,,,,,,,,,,,,,,,,,,,,,,", u3239 ,m214,,
109739, u3239 ," I would.,,,,,,,,,,,,,,,,,,,,,,,,,,,,,,,", u3230 ,m214,,
109740, u3230 ," You wouldn't believe me.,,,,,,,,,,,,,,,,,,,,,,,,,,,,,,,", u3239 ,m214,,
109741, u3239 ," What is it?,,,,,,,,,,,,,,,,,,,,,,,,,,,,,,,", u3230 ,m214,,
109742, u3230 ," David... I appreciate your concern, I do.  But I ask you to have faith in me.  Just for a little while longer.  I'm working on something now.  Something... extraordinary."",,,,,,,,,,,,,,,,,,,,,,,,,,,,,,,", u3230 ,m214,,
109743, u3230 ," That's where you're wrong.  I will change it.,,,,,,,,,,,,,,,,,,,,,,,,,,,,,,,", u3239 ,m214,,
109744, u3239 ," Alex, nothing will ever change what happened, but --"",,,,,,,,,,,,,,,,,,,,,,,,,,,,,,,", u3239 ,m214,,
109745, u3239 ," Do you find her?,,,,,,,,,,,,,,,,,,,,,,,,,,,,,,,", u3230 ,m214,,
109746, u3230 ," Wasn't it?... I have a dream almost every night now.  The Lady and the Tiger, you remember that story?  In the dream I'm alone in a huge chamber with a thousand doors. Behind every door, save one, is a tiger.  I have to make the decision.  Which door conceals Emma?  And I just stand there... looking at the doors..."",,,,,,,,,,,,,,,,,,,,,,,,,,,,,,,", u3239 ,m214,,
109747, u3239 ," It wasn't your fault, Alex."",,,,,,,,,,,,,,,,,,,,,,,,,,,,,,,", u3230 ,m214,,
109748, u3230 ," You don't know that.  You couldn't possibly.  If I'd only done this, or that, if I'd arrived ten minutes earlier, or later.  If we'd taken a different path or I hadn't fought the man for the ring.  You have no idea what it is to relive every moment of that night -- consider every action you made -- and every one of them wrong."",,,,,,,,,,,,,,,,,,,,,,,,,,,,,,,", u3239 ,m214,,
109749, u3239 ," I know that --,,,,,,,,,,,,,,,,,,,,,,,,,,,,,,,", u3230 ,m214,,
109750, u3230 ," I live with it every minute of every day.,,,,,,,,,,,,,,,,,,,,,,,,,,,,,,,", u3239 ,m214,,
109751, u3239 ," What happened to Emma will never go away.  It's part of you now and it always will be.  But you have to learn to live with it...,,,,,,,,,,,,,,,,,,,,,,,,,,,,,,,", u3239 ,m214,,
109752, u3239 ," I care more about my life.  And yours.,,,,,,,,,,,,,,,,,,,,,,,,,,,,,,,", u3230 ,m214,,
109753, u3230 ," That's because I'm working.  You remember that?  You used to care about your work.,,,,,,,,,,,,,,,,,,,,,,,,,,,,,,,", u3239 ,m214,,
109754, u3239 ," You know that's what it is.  Mrs. Watchit tells me you're here at all hours -- day and night --,,,,,,,,,,,,,,,,,,,,,,,,,,,,,,,", u3230 ,m214,,
109755, u3230 ," Hiding?,,,,,,,,,,,,,,,,,,,,,,,,,,,,,,,", u3239 ,m214,,
109756, u3239 ," But you won't listen.  You won't see me, you won't see anyone.  What would you like me to tell Jamie? That Uncle Alex is busy?  That Uncle Alex is hiding up there in his laboratory --"",,,,,,,,,,,,,,,,,,,,,,,,,,,,,,,", u3230 ,m214,,
109757, u3230 ," You care for me.  And you're concerned.  And I have to start living my life again.  I hear it from Mrs. Watchit every day.,,,,,,,,,,,,,,,,,,,,,,,,,,,,,,,", u3239 ,m214,,
109758, u3239 ," There are some things I need to say to you.  You may not like hearing them, but I don't know if I'll ever get another chance --"",,,,,,,,,,,,,,,,,,,,,,,,,,,,,,,", u3230 ,m214,,
109759, u3230 ," For God's Sake, David --"",,,,,,,,,,,,,,,,,,,,,,,,,,,,,,,", u3239 ,m214,,
109760, u3239 ," It's my Jamie's birthday today. Your godson.  He's nine years old. At his party he asked me if Uncle Alex was coming.  I told him no. Then he asked me if you didn't like him anymore.,,,,,,,,,,,,,,,,,,,,,,,,,,,,,,,", u3230 ,m214,,
109761, u3230 ," Then why are you here?,,,,,,,,,,,,,,,,,,,,,,,,,,,,,,,", u3239 ,m214,,
109762, u3239 ," It hurt me, Alex.  Very much."",,,,,,,,,,,,,,,,,,,,,,,,,,,,,,,", u3230 ,m214,,
109763, u3230 ," I'm sorry, David."",,,,,,,,,,,,,,,,,,,,,,,,,,,,,,,", u3239 ,m214,,
109764, u3239 ," I came by the house every day after the funeral.  And then every week. Then every other month.  Then I stopped coming.  Did you even notice?,,,,,,,,,,,,,,,,,,,,,,,,,,,,,,,", u3230 ,m214,,
109765, u3230 ," I've been working.,,,,,,,,,,,,,,,,,,,,,,,,,,,,,,,", u3230 ,m214,,
109766, u3230 ," Perseverance.,,,,,,,,,,,,,,,,,,,,,,,,,,,,,,,", u3239 ,m214,,
109767, u3239 ," All these clocks -- how can you constantly be running late?!,,,,,,,,,,,,,,,,,,,,,,,,,,,,,,,", u3239 ,m214,,
109768, u3239 ," She's gotten into your equations.,,,,,,,,,,,,,,,,,,,,,,,,,,,,,,,", u3230 ,m214,,
109769, u3230 ," Oh?,,,,,,,,,,,,,,,,,,,,,,,,,,,,,,,", u3239 ,m214,,
109770, u3239 ," Alex, really... good luck tonight. She's a fine girl, and she's done wonderful things for you."",,,,,,,,,,,,,,,,,,,,,,,,,,,,,,,", u3239 ,m214,,
109771, u3239 ," No, I'm all bowler hat, remember?"",,,,,,,,,,,,,,,,,,,,,,,,,,,,,,,", u3230 ,m214,,
109772, u3230 ," Do you have a romantic bone in your body?,,,,,,,,,,,,,,,,,,,,,,,,,,,,,,,", u3239 ,m214,,
109773, u3239 ," She made the best Shepherd's pie I ever tasted.,,,,,,,,,,,,,,,,,,,,,,,,,,,,,,,", u3230 ,m214,,
109774, u3230 ," That's how I knew we were destined to be together.  When I met her parents for the first time I came right from class and I was covered in chalk.  They sniffed and snorted, but she just smiled.  At that moment -- I just knew.  How did you know with Molly?"",,,,,,,,,,,,,,,,,,,,,,,,,,,,,,,", u3239 ,m214,,
109775, u3239 ," The most able inventor I know and you can't tie a simple four-in- hand.,,,,,,,,,,,,,,,,,,,,,,,,,,,,,,,", u3239 ,m214,,
109776, u3239 ," How romantic...,,,,,,,,,,,,,,,,,,,,,,,,,,,,,,,", u3230 ,m214,,
109777, u3230 ," Emma actually likes chalk dust -- says it smells like me.,,,,,,,,,,,,,,,,,,,,,,,,,,,,,,,", u3230 ,m214,,
109778, u3230 ," Nothing.,,,,,,,,,,,,,,,,,,,,,,,,,,,,,,,", u3239 ,m214,,
109779, u3239 ," What?,,,,,,,,,,,,,,,,,,,,,,,,,,,,,,,", u3230 ,m214,,
109780, u3230 ," In the future, we'll be better."",,,,,,,,,,,,,,,,,,,,,,,,,,,,,,,", u3230 ,m214,,
109781, u3230 ," But shouldn't it be better? Shouldn't we be teaching our students to imagine a world beyond all this?,,,,,,,,,,,,,,,,,,,,,,,,,,,,,,,", u3239 ,m214,,
109782, u3239 ," You may not like it, but this is the world we live in, Alex.  Little grey men with little grey hats."",,,,,,,,,,,,,,,,,,,,,,,,,,,,,,,", u3230 ,m214,,
109783, u3230 ," I don't.  I want them to run along this street and knock off every bowler they see.,,,,,,,,,,,,,,,,,,,,,,,,,,,,,,,", u3239 ,m214,,
109784, u3239 ," I want my students to emerge with theoretical and practical knowledge.,,,,,,,,,,,,,,,,,,,,,,,,,,,,,,,", u3230 ,m214,,
109785, u3230 ," Look at them, Philby, all alike, everyone in an identical bowler hat.  Do you want your students to turn out like them?"",,,,,,,,,,,,,,,,,,,,,,,,,,,,,,,", u3230 ,m214,,
109786, u3230 ," You sound like my father...,,,,,,,,,,,,,,,,,,,,,,,,,,,,,,,", u3239 ,m214,,
109787, u3239 ," Alex, this is your first year as an associate professor.  You might want to play things a little more conservatively."",,,,,,,,,,,,,,,,,,,,,,,,,,,,,,,", u3230 ,m214,,
109788, u3230 ," Where's the challenge in that?,,,,,,,,,,,,,,,,,,,,,,,,,,,,,,,", u3239 ,m214,,
109789, u3239 ," You know generally teachers are supposed to teach real equations that add up to real numbers.,,,,,,,,,,,,,,,,,,,,,,,,,,,,,,,", u3230 ,m214,,
109790, u3230 ," ... One day he'll be discovered by some future archeologists and they won't know what to make of him. The thick brow, so lacking in imagination.  The dim little eyes, devoid of curiosity."",,,,,,,,,,,,,,,,,,,,,,,,,,,,,,,", u3230 ,m214,,
109791, u3230 ," God, and I'm running late --"",,,,,,,,,,,,,,,,,,,,,,,,,,,,,,,", u3239 ,m214,,
109792, u3239 ," Tonight's the night?,,,,,,,,,,,,,,,,,,,,,,,,,,,,,,,", u3230 ,m214,,
109793, u3230 ," Damned if I can keep her out of my equations.,,,,,,,,,,,,,,,,,,,,,,,,,,,,,,,", u3239 ,m214,,
109794, u3239 ," Somewhere around """"D+2xy something something."""""",,,,,,,,,,,,,,,,,,,,,,,,,,,,,,,", u3230 ,m214,,
109795, u3230 ," I was not.,,,,,,,,,,,,,,,,,,,,,,,,,,,,,,,", u3239 ,m214,,
109796, u3239 ," Do you know you were humming?,,,,,,,,,,,,,,,,,,,,,,,,,,,,,,,", u3230 ,m214,,
109797, u3230 ," ... The point is I know it will work once the, um, numbers and such are in order."",,,,,,,,,,,,,,,,,,,,,,,,,,,,,,,", u3230 ,m214,,
109798, u3230 ," All right, all right -- here -- everything --"",,,,,,,,,,,,,,,,,,,,,,,,,,,,,,,", u3240 ,m214,,
109799, u3240 ," Did you hear me, lad?"",,,,,,,,,,,,,,,,,,,,,,,,,,,,,,,", u3230 ,m214,,
109800, u3230 ," I don't understand.,,,,,,,,,,,,,,,,,,,,,,,,,,,,,,,", u3240 ,m214,,
109801, u3240 ," And your jewelry too.  I guess we could consider this your first little bump on the road to married bliss.,,,,,,,,,,,,,,,,,,,,,,,,,,,,,,,", u3230 ,m214,,
109802, u3230 ," Sir...?,,,,,,,,,,,,,,,,,,,,,,,,,,,,,,,", u3240 ,m214,,
109803, u3240 ," I hope it's a happy journey for you both -- and much as I hate to do this, moved as I am by your protestations of love, I'll be needing your money now."",,,,,,,,,,,,,,,,,,,,,,,,,,,,,,,", u3230 ,m214,,
109804, u3230 ," Thank you...,,,,,,,,,,,,,,,,,,,,,,,,,,,,,,,", u3240 ,m214,,
109805, u3240 ," Couldn't help but overhearing.  Two fine young people starting out on the road of life.  I wish you the very best.,,,,,,,,,,,,,,,,,,,,,,,,,,,,,,,", u3230 ,m214,,
109806, u3230 ," My laboratory was about... here. And the kitchen was over there, where that tree is.  Mrs. Watchit wouldn't allow me in much... but, yes, this is about the kitchen."",,,,,,,,,,,,,,,,,,,,,,,,,,,,,,,", u3235 ,m214,,
109807, u3235 ," It was different then.,,,,,,,,,,,,,,,,,,,,,,,,,,,,,,,", u3235 ,m214,,
109808, u3235 ," Kalen -- we have to get Kalen -- !,,,,,,,,,,,,,,,,,,,,,,,,,,,,,,,", u3230 ,m214,,
109809, u3230 ," Mara -- what -- ?!,,,,,,,,,,,,,,,,,,,,,,,,,,,,,,,", u3235 ,m214,,
109810, u3235 ," No!,,,,,,,,,,,,,,,,,,,,,,,,,,,,,,,", u3230 ,m214,,
109811, u3230 ," Mara...?,,,,,,,,,,,,,,,,,,,,,,,,,,,,,,,", u3235 ,m214,,
109812, u3235 ," Kalen...,,,,,,,,,,,,,,,,,,,,,,,,,,,,,,,", u3235 ,m214,,
109813, u3235 ," Please, I beg you.  Take him away from here --"",,,,,,,,,,,,,,,,,,,,,,,,,,,,,,,", u3230 ,m214,,
109814, u3230 ," Mara --,,,,,,,,,,,,,,,,,,,,,,,,,,,,,,,", u3235 ,m214,,
109815, u3235 ," Alexander, take my son away.  Take him back to your time.  Will you do that?"",,,,,,,,,,,,,,,,,,,,,,,,,,,,,,,", u3230 ,m214,,
109816, u3230 ," I could...,,,,,,,,,,,,,,,,,,,,,,,,,,,,,,,", u3235 ,m214,,
109817, u3235 ," Go back to your own time?,,,,,,,,,,,,,,,,,,,,,,,,,,,,,,,", u3230 ,m214,,
109818, u3230 ," Yes... I suppose so.,,,,,,,,,,,,,,,,,,,,,,,,,,,,,,,", u3235 ,m214,,
109819, u3235 ," So you can use it now?,,,,,,,,,,,,,,,,,,,,,,,,,,,,,,,", u3230 ,m214,,
109820, u3230 ," Yes... a little scorching on the upholstery but otherwise all ship- shape.,,,,,,,,,,,,,,,,,,,,,,,,,,,,,,,", u3235 ,m214,,
109821, u3235 ," It's undamaged?,,,,,,,,,,,,,,,,,,,,,,,,,,,,,,,", u3230 ,m214,,
109822, u3230 ," Good -- it looks fine.  We had quite a ride together...,,,,,,,,,,,,,,,,,,,,,,,,,,,,,,,", u3235 ,m214,,
109823, u3235 ," I know what it is to lose someone. When my husband was taken from us... I thought the pain would never end.,,,,,,,,,,,,,,,,,,,,,,,,,,,,,,,", u3230 ,m214,,
109824, u3230 ," You've welcomed me into your home. Into your lives.  Everyone has... For the first time in a long time it doesn't hurt quite so much.  I thank you for that.,,,,,,,,,,,,,,,,,,,,,,,,,,,,,,,", u3230 ,m214,,
109825, u3230 ," If you only knew...,,,,,,,,,,,,,,,,,,,,,,,,,,,,,,,", u3235 ,m214,,
109826, u3235 ," Is it?,,,,,,,,,,,,,,,,,,,,,,,,,,,,,,,", u3230 ,m214,,
109827, u3230 ," Yes... After her death, it was intolerable for me here... The future had to be better."",,,,,,,,,,,,,,,,,,,,,,,,,,,,,,,", u3235 ,m214,,
109828, u3235 ," Someone you loved very much.,,,,,,,,,,,,,,,,,,,,,,,,,,,,,,,", u3230 ,m214,,
109829, u3230 ," Yes.,,,,,,,,,,,,,,,,,,,,,,,,,,,,,,,", u3235 ,m214,,
109830, u3235 ," You lost someone.,,,,,,,,,,,,,,,,,,,,,,,,,,,,,,,", u3230 ,m214,,
109831, u3230 ," This is where my journey started... right here.,,,,,,,,,,,,,,,,,,,,,,,,,,,,,,,", u3230 ,m214,,
109832, u3230 ," Over there was Fifth Avenue -- and the Plaza Hotel was there... this is... the carriage path.  We're on the carriage path.,,,,,,,,,,,,,,,,,,,,,,,,,,,,,,,", u3235 ,m214,,
109833, u3235 ," You know this?,,,,,,,,,,,,,,,,,,,,,,,,,,,,,,,", u3230 ,m214,,
109834, u3230 ," Those rocks, over there... they're the same... this is... Central Park."",,,,,,,,,,,,,,,,,,,,,,,,,,,,,,,", u3230 ,m214,,
109835, u3230 ," Orion's belt...,,,,,,,,,,,,,,,,,,,,,,,,,,,,,,,", u3235 ,m214,,
109836, u3235 ," Alexander...?,,,,,,,,,,,,,,,,,,,,,,,,,,,,,,,", u3230 ,m214,,
109837, u3230 ," Looking back... I suppose it was. I didn't quite realize it at the time but...,,,,,,,,,,,,,,,,,,,,,,,,,,,,,,,", u3235 ,m214,,
109838, u3235 ," It sounds like a wonderful place to live.,,,,,,,,,,,,,,,,,,,,,,,,,,,,,,,", u3230 ,m214,,
109839, u3230 ," Oh, it was...  ... Most of the time."",,,,,,,,,,,,,,,,,,,,,,,,,,,,,,,", u3235 ,m214,,
109840, u3235 ," It must have been safe.,,,,,,,,,,,,,,,,,,,,,,,,,,,,,,,", u3230 ,m214,,
109841, u3230 ," Only to keep warm.  For illumination we had gaslights on most of the streets and a new invention called electrical lighting that made it seem like daylight all through the night.,,,,,,,,,,,,,,,,,,,,,,,,,,,,,,,", u3235 ,m214,,
109842, u3235 ," Did you have fires at night?,,,,,,,,,,,,,,,,,,,,,,,,,,,,,,,", u3230 ,m214,,
109843, u3230 ," Oh very.  Learning, commerce, the arts -- the whole place was buzzing all the time.  Night and day."",,,,,,,,,,,,,,,,,,,,,,,,,,,,,,,", u3235 ,m214,,
109844, u3235 ," Learning was important?,,,,,,,,,,,,,,,,,,,,,,,,,,,,,,,", u3230 ,m214,,
109845, u3230 ," Oh, very much...  ... I used to work somewhere in that direction, I think.  A huge university where we taught everything from botany to history to literature."",,,,,,,,,,,,,,,,,,,,,,,,,,,,,,,", u3235 ,m214,,
109846, u3235 ," You liked it there.,,,,,,,,,,,,,,,,,,,,,,,,,,,,,,,", u3230 ,m214,,
109847, u3230 ," ... It was a great city.  The greatest city in the world.,,,,,,,,,,,,,,,,,,,,,,,,,,,,,,,", u3235 ,m214,,
109848, u3235 ," I try to imagine how they'll look when they're done.  I try to imagine how we'll fit in with them... our place in the world.,,,,,,,,,,,,,,,,,,,,,,,,,,,,,,,", u3230 ,m214,,
109849, u3230 ," How do you decide?,,,,,,,,,,,,,,,,,,,,,,,,,,,,,,,", u3235 ,m214,,
109850, u3235 ," I'm a planner.  I help decide where the new towers go and what they should look like.,,,,,,,,,,,,,,,,,,,,,,,,,,,,,,,", u3230 ,m214,,
109851, u3230 ," What are you?,,,,,,,,,,,,,,,,,,,,,,,,,,,,,,,", u3235 ,m214,,
109852, u3235 ," And there's no shame to that.  It's all the same here.  Everyone has an important job to do.  We all work together and couldn't survive without each other.,,,,,,,,,,,,,,,,,,,,,,,,,,,,,,,", u3230 ,m214,,
109853, u3230 ," Or mud carriers.,,,,,,,,,,,,,,,,,,,,,,,,,,,,,,,", u3235 ,m214,,
109854, u3235 ," It's always been this way here.  We work on the towers all our lives. When we're young we train to be planners or climbers or sculptors...,,,,,,,,,,,,,,,,,,,,,,,,,,,,,,,", u3230 ,m214,,
109855, u3230 ," Most things.  We're very high on purpose.,,,,,,,,,,,,,,,,,,,,,,,,,,,,,,,", u3235 ,m214,,
109856, u3235 ," It has no purpose.  It's just beautiful... Does everything have a purpose where you come from?,,,,,,,,,,,,,,,,,,,,,,,,,,,,,,,", u3230 ,m214,,
109857, u3230 ," I mean, why do you do it?  What purpose does it serve?"",,,,,,,,,,,,,,,,,,,,,,,,,,,,,,,", u3235 ,m214,,
109858, u3235 ," I don't understand.,,,,,,,,,,,,,,,,,,,,,,,,,,,,,,,", u3230 ,m214,,
109859, u3230 ," What's it all for?,,,,,,,,,,,,,,,,,,,,,,,,,,,,,,,", u3235 ,m214,,
109860, u3235 ," It's not supposed to be easy, it's supposed to be beautiful."",,,,,,,,,,,,,,,,,,,,,,,,,,,,,,,", u3230 ,m214,,
109861, u3230 ," What you need is an engineer.  If you set up a system of pulleys and counterweights, some basic block and tackle mechanism, you could to this a lot more easily."",,,,,,,,,,,,,,,,,,,,,,,,,,,,,,,", u3235 ,m214,,
109862, u3235 ," Want to be a high climber now, do you?"",,,,,,,,,,,,,,,,,,,,,,,,,,,,,,,", u3230 ,m214,,
109863, u3230 ," I can see Kalen's point.,,,,,,,,,,,,,,,,,,,,,,,,,,,,,,,", u3235 ,m214,,
109864, u3235 ," The mud carriers.,,,,,,,,,,,,,,,,,,,,,,,,,,,,,,,", u3235 ,m214,,
109865, u3235 ," Yes.,,,,,,,,,,,,,,,,,,,,,,,,,,,,,,,", u3230 ,m214,,
109866, u3230 ," And this is your """"work""""?"",,,,,,,,,,,,,,,,,,,,,,,,,,,,,,,", u3235 ,m214,,
109867, u3235 ," Thank you.,,,,,,,,,,,,,,,,,,,,,,,,,,,,,,,", u3230 ,m214,,
109868, u3230 ," This is magnificent...,,,,,,,,,,,,,,,,,,,,,,,,,,,,,,,", u3235 ,m214,,
109869, u3235 ," We share everything.,,,,,,,,,,,,,,,,,,,,,,,,,,,,,,,", u3230 ,m214,,
109870, u3230 ," You share dreams?  That's incredible.,,,,,,,,,,,,,,,,,,,,,,,,,,,,,,,", u3235 ,m214,,
109871, u3235 ," Every night.,,,,,,,,,,,,,,,,,,,,,,,,,,,,,,,", u3230 ,m214,,
109872, u3230 ," All of you?,,,,,,,,,,,,,,,,,,,,,,,,,,,,,,,", u3235 ,m214,,
109873, u3235 ," We all have that dream.,,,,,,,,,,,,,,,,,,,,,,,,,,,,,,,", u3230 ,m214,,
109874, u3230 ," Yes!,,,,,,,,,,,,,,,,,,,,,,,,,,,,,,,", u3235 ,m214,,
109875, u3235 ," And you saw a shape ahead of you...,,,,,,,,,,,,,,,,,,,,,,,,,,,,,,,", u3230 ,m214,,
109876, u3230 ," Yes.,,,,,,,,,,,,,,,,,,,,,,,,,,,,,,,", u3235 ,m214,,
109877, u3235 ," Then you came to a desert and mountains...,,,,,,,,,,,,,,,,,,,,,,,,,,,,,,,", u3230 ,m214,,
109878, u3230 ," Mara, I had a strange dream last night.  I was here, walking through a forest very much like this, and then..."",,,,,,,,,,,,,,,,,,,,,,,,,,,,,,,", u3230 ,m214,,
109879, u3230 ," Good night.,,,,,,,,,,,,,,,,,,,,,,,,,,,,,,,", u3235 ,m214,,
109880, u3235 ," Good night, then."",,,,,,,,,,,,,,,,,,,,,,,,,,,,,,,", u3230 ,m214,,
109881, u3230 ," Not like this... They don't seem so bright with all the city lights.  I never really noticed them much...,,,,,,,,,,,,,,,,,,,,,,,,,,,,,,,", u3235 ,m214,,
109882, u3235 ," Don't then have stars where you come from?,,,,,,,,,,,,,,,,,,,,,,,,,,,,,,,", u3230 ,m214,,
109883, u3230 ," You can see so many here.,,,,,,,,,,,,,,,,,,,,,,,,,,,,,,,", u3235 ,m214,,
109884, u3235 ," You seem fascinated by the stars.,,,,,,,,,,,,,,,,,,,,,,,,,,,,,,,", u3230 ,m214,,
109885, u3230 ," Thank you...,,,,,,,,,,,,,,,,,,,,,,,,,,,,,,,", u3235 ,m214,,
109886, u3235 ," I'll take you to your machine tomorrow.,,,,,,,,,,,,,,,,,,,,,,,,,,,,,,,", u3230 ,m214,,
109887, u3230 ," I will...,,,,,,,,,,,,,,,,,,,,,,,,,,,,,,,", u3235 ,m214,,
109888, u3235 ," I'm going to sit with Kalen.  Keep the fire burning if you can.,,,,,,,,,,,,,,,,,,,,,,,,,,,,,,,", u3235 ,m214,,
109889, u3235 ," Just a dream.  You should sleep too.  You're still not well.,,,,,,,,,,,,,,,,,,,,,,,,,,,,,,,", u3230 ,m214,,
109890, u3230 ," Is he all right?,,,,,,,,,,,,,,,,,,,,,,,,,,,,,,,", u3230 ,m214,,
109891, u3230 ," For a time it was astounding.  I saw the years spinning by, I was in the years spinning by.  We made such advances.  I don't understand half of them.  There was a machine that talked to me and others that flew through the sky... We must have been incredible thinkers and artists --"",,,,,,,,,,,,,,,,,,,,,,,,,,,,,,,", u3235 ,m214,,
109892, u3235 ," I'll take you tomorrow... You must have seen a lot on your journey.,,,,,,,,,,,,,,,,,,,,,,,,,,,,,,,", u3230 ,m214,,
109893, u3230 ," Yes.  Or forward into the future. I suppose I really should check on the machine, see that it hasn't been damaged..."",,,,,,,,,,,,,,,,,,,,,,,,,,,,,,,", u3235 ,m214,,
109894, u3235 ," I might find the truth rather hard to understand?... Can you go back?,,,,,,,,,,,,,,,,,,,,,,,,,,,,,,,", u3235 ,m214,,
109895, u3235 ," Why would you do that?,,,,,,,,,,,,,,,,,,,,,,,,,,,,,,,", u3230 ,m214,,
109896, u3230 ," Why not?,,,,,,,,,,,,,,,,,,,,,,,,,,,,,,,", u3235 ,m214,,
109897, u3235 ," Why?,,,,,,,,,,,,,,,,,,,,,,,,,,,,,,,", u3230 ,m214,,
109898, u3230 ," More than 800,000 years."",,,,,,,,,,,,,,,,,,,,,,,,,,,,,,,", u3235 ,m214,,
109899, u3235 ," How long ago?,,,,,,,,,,,,,,,,,,,,,,,,,,,,,,,", u3230 ,m214,,
109900, u3230 ," Allowed me to travel from my time to yours.,,,,,,,,,,,,,,,,,,,,,,,,,,,,,,,", u3235 ,m214,,
109901, u3235 ," That machine --,,,,,,,,,,,,,,,,,,,,,,,,,,,,,,,", u3230 ,m214,,
109902, u3230 ," I know it's hard to believe, but it's true."",,,,,,,,,,,,,,,,,,,,,,,,,,,,,,,", u3235 ,m214,,
109903, u3235 ," Oh, that explains everything."",,,,,,,,,,,,,,,,,,,,,,,,,,,,,,,", u3235 ,m214,,
109904, u3235 ," Then you can speak slowly.,,,,,,,,,,,,,,,,,,,,,,,,,,,,,,,", u3230 ,m214,,
109905, u3230 ," You might find the truth rather hard to understand.,,,,,,,,,,,,,,,,,,,,,,,,,,,,,,,", u3235 ,m214,,
109906, u3235 ," We don't have anything like this. Or the machine where Kalen found you.  And I doubt they do beyond the valley... Now where do you come from?,,,,,,,,,,,,,,,,,,,,,,,,,,,,,,,", u3230 ,m214,,
109907, u3230 ," What makes you say that?,,,,,,,,,,,,,,,,,,,,,,,,,,,,,,,", u3235 ,m214,,
109908, u3235 ," You're not from beyond the valley.,,,,,,,,,,,,,,,,,,,,,,,,,,,,,,,", u3230 ,m214,,
109909, u3230 ," It's hard for me to imagine a better place.  Where I come from there's so much... frenzy.  Day and night.  It seems we're all running faster and faster...  ... All in identical bowler hats.,,,,,,,,,,,,,,,,,,,,,,,,,,,,,,,", u3235 ,m214,,
109910, u3235 ," He's gone to a better place.,,,,,,,,,,,,,,,,,,,,,,,,,,,,,,,", u3230 ,m214,,
109911, u3230 ," Your husband is dead?,,,,,,,,,,,,,,,,,,,,,,,,,,,,,,,", u3235 ,m214,,
109912, u3235 ," Kalen will tire you out if you let him.  He's always been curious. His father was firm with him but... it's just his way.,,,,,,,,,,,,,,,,,,,,,,,,,,,,,,,", u3235 ,m214,,
109913, u3235 ," Mm.,,,,,,,,,,,,,,,,,,,,,,,,,,,,,,,", u3230 ,m214,,
109914, u3230 ," His curiosity is amazing.,,,,,,,,,,,,,,,,,,,,,,,,,,,,,,,", u3230 ,m214,,
109915, u3230 ," Some.  But I mean we aren't all so... handsome.,,,,,,,,,,,,,,,,,,,,,,,,,,,,,,,", u3235 ,m214,,
109916, u3235 ," Is there a lot of illness?,,,,,,,,,,,,,,,,,,,,,,,,,,,,,,,", u3230 ,m214,,
109917, u3230 ," Thank you.,,,,,,,,,,,,,,,,,,,,,,,,,,,,,,,", u3235 ,m214,,
109918, u3235 ," Yes.,,,,,,,,,,,,,,,,,,,,,,,,,,,,,,,", u3230 ,m214,,
109919, u3230 ," Well it seems like a long time -- but it wasn't really.  It's rather hard to explain.,,,,,,,,,,,,,,,,,,,,,,,,,,,,,,,", u3235 ,m214,,
109920, u3235 ," How long did you travel?,,,,,,,,,,,,,,,,,,,,,,,,,,,,,,,", u3230 ,m214,,
109921, u3230 ," Yes...,,,,,,,,,,,,,,,,,,,,,,,,,,,,,,,", u3235 ,m214,,
109922, u3235 ," You're up!  You must be feeling better --,,,,,,,,,,,,,,,,,,,,,,,,,,,,,,,", u3230 ,m214,,
109923, u3230 ," That'll be all.,,,,,,,,,,,,,,,,,,,,,,,,,,,,,,,", u3237 ,m214,,
109924, u3237 ," May I get you some --,,,,,,,,,,,,,,,,,,,,,,,,,,,,,,,", u3230 ,m214,,
109925, u3230 ," All right, Mrs. Watchit.  You can go."",,,,,,,,,,,,,,,,,,,,,,,,,,,,,,,", u3230 ,m214,,
109926, u3230 ," Tell him to go away --,,,,,,,,,,,,,,,,,,,,,,,,,,,,,,,", u3237 ,m214,,
109927, u3237 ," Yes, sir, he --"",,,,,,,,,,,,,,,,,,,,,,,,,,,,,,,", u3230 ,m214,,
109928, u3230 ," Here?,,,,,,,,,,,,,,,,,,,,,,,,,,,,,,,", u3237 ,m214,,
109929, u3237 ," Sir, Mr. Philby is here."",,,,,,,,,,,,,,,,,,,,,,,,,,,,,,,", u3230 ,m214,,
109930, u3230 ," Ouch -- all right, wish me luck."",,,,,,,,,,,,,,,,,,,,,,,,,,,,,,,", u3237 ,m214,,
109931, u3237 ," Oh, I'm already swooning."",,,,,,,,,,,,,,,,,,,,,,,,,,,,,,,", u3230 ,m214,,
109932, u3230 ," Then if Emma turns me down will you marry me?,,,,,,,,,,,,,,,,,,,,,,,,,,,,,,,", u3237 ,m214,,
109933, u3237 ," Now that's more like it.  You look a proper gentlemen for once.,,,,,,,,,,,,,,,,,,,,,,,,,,,,,,,", u3230 ,m214,,
109934, u3230 ," What's the matter with -- ?  -- What would I do without you, Mrs. Watchit?"",,,,,,,,,,,,,,,,,,,,,,,,,,,,,,,", u3237 ,m214,,
109935, u3237 ," I have it, but don't you think for one moment I'll be letting you go out in that filthy coat -- now go upstairs and change.  I've laid out your green coat."",,,,,,,,,,,,,,,,,,,,,,,,,,,,,,,", u3230 ,m214,,
109936, u3230 ," Don't torture me -- do you have it?,,,,,,,,,,,,,,,,,,,,,,,,,,,,,,,", u3237 ,m214,,
109937, u3237 ," Hello, Mr. Philby."",,,,,,,,,,,,,,,,,,,,,,,,,,,,,,,", u3230 ,m214,,
109938, u3230 ," Do you have it?!,,,,,,,,,,,,,,,,,,,,,,,,,,,,,,,", u3237 ,m214,,
109939, u3237 ," Oh huzzah, the master's home."",,,,,,,,,,,,,,,,,,,,,,,,,,,,,,,", u3231 ,m214,,
109940, u3231 ," Very good.  Now if you will excuse us for a moment.,,,,,,,,,,,,,,,,,,,,,,,,,,,,,,,", u3230 ,m214,,
109941, u3230 ," Yes, sir."",,,,,,,,,,,,,,,,,,,,,,,,,,,,,,,", u3230 ,m214,,
109942, u3230 ," Because it's a new way of seeing the world!  Of seeing our place in it!,,,,,,,,,,,,,,,,,,,,,,,,,,,,,,,", u3231 ,m214,,
109943, u3231 ," Abstract mathematics, relativity of dimensions, geometrical """"durations"""" -- even allowing for the uses of speculation, what is the point?"",,,,,,,,,,,,,,,,,,,,,,,,,,,,,,,", u3230 ,m214,,
109944, u3230 ," My equations are not parlor-tricks!,,,,,,,,,,,,,,,,,,,,,,,,,,,,,,,", u3231 ,m214,,
109945, u3231 ," The advances you speak of were the result of countless years of study and empirical experimentation, a careful evolutionary process, not chalkboard parlor-tricks."",,,,,,,,,,,,,,,,,,,,,,,,,,,,,,,", u3230 ,m214,,
109946, u3230 ," With respect, sir, would we have the telegraph without fantasy? Would we have radium and X-rays without someone first dreaming we could?"",,,,,,,,,,,,,,,,,,,,,,,,,,,,,,,", u3230 ,m214,,
109947, u3230 ," Sir --,,,,,,,,,,,,,,,,,,,,,,,,,,,,,,,", u3231 ,m214,,
109948, u3231 ," Animal husbandry is science, Dr. Hartdegen.  I have been breeding these fowl for fourteen years.  I have filled a library with information on their feeding patterns, social behavior and breeding.  Empirical, exacting, quantifiable records."",,,,,,,,,,,,,,,,,,,,,,,,,,,,,,,", u3230 ,m214,,
109949, u3230 ," No, sir --"",,,,,,,,,,,,,,,,,,,,,,,,,,,,,,,", u3231 ,m214,,
109950, u3231 ," No, Dr. Hartdegen, they are not just chickens and roosters.  They are science.  Perhaps they aren't """"inspiring"""" to you.  Perhaps they don't """"challenge"""" you --"",,,,,,,,,,,,,,,,,,,,,,,,,,,,,,,", u3230 ,m214,,
109951, u3230 ," And roosters.,,,,,,,,,,,,,,,,,,,,,,,,,,,,,,,", u3231 ,m214,,
109952, u3231 ," Do they?,,,,,,,,,,,,,,,,,,,,,,,,,,,,,,,", u3230 ,m214,,
109953, u3230 ," Sir, that curriculum is forty years out of date.  The students today are looking toward the new century -- they want to be challenged and inspired, not spoon-fed dusty old equations that have been proved a thousand times.  They want to explore."",,,,,,,,,,,,,,,,,,,,,,,,,,,,,,,", u3230 ,m214,,
109954, u3230 ," Because the assigned curriculum is boring.,,,,,,,,,,,,,,,,,,,,,,,,,,,,,,,", u3231 ,m214,,
109955, u3231 ," Might I ask why?,,,,,,,,,,,,,,,,,,,,,,,,,,,,,,,", u3230 ,m214,,
109956, u3230 ," Well... perhaps I have """"deviated"""" the tiniest bit."",,,,,,,,,,,,,,,,,,,,,,,,,,,,,,,", u3231 ,m214,,
109957, u3231 ," But I know that none of my faculty would ever deviate from the assigned curriculum.,,,,,,,,,,,,,,,,,,,,,,,,,,,,,,,", u3230 ,m214,,
109958, u3230 ," Imagine that.,,,,,,,,,,,,,,,,,,,,,,,,,,,,,,,", u3231 ,m214,,
109959, u3231 ," Well, just as I thought.  Surely it's all been a terrible mistake. This parent actually suggested that your freshman course in applied mathematics has somehow become a seminar on theoretical physics!"",,,,,,,,,,,,,,,,,,,,,,,,,,,,,,,", u3230 ,m214,,
109960, u3230 ," Exactly correct, sir."",,,,,,,,,,,,,,,,,,,,,,,,,,,,,,,", u3231 ,m214,,
109961, u3231 ," As I recall the syllabus the name of your tutorial is """"Applied Mathematics and Engineering"""", am I correct?"",,,,,,,,,,,,,,,,,,,,,,,,,,,,,,,", u3230 ,m214,,
109962, u3230 ," I see.,,,,,,,,,,,,,,,,,,,,,,,,,,,,,,,", u3231 ,m214,,
109963, u3231 ," Dr. Philby, Dr. Hartdegen.  I received the most extraordinary letter last week.  From a parent. We are always pleased to receive letters from parents.  They are our employers, after all.  This gentleman's son is in your class, Dr. Hartdegen."",,,,,,,,,,,,,,,,,,,,,,,,,,,,,,,", u3234 ,m214,,
109964, u3234 ," We can't change the day and the night, Alexander.  This is the world."",,,,,,,,,,,,,,,,,,,,,,,,,,,,,,,", u3230 ,m214,,
109965, u3230 ," You won't even try?,,,,,,,,,,,,,,,,,,,,,,,,,,,,,,,", u3234 ,m214,,
109966, u3234 ," We are what we are.,,,,,,,,,,,,,,,,,,,,,,,,,,,,,,,", u3230 ,m214,,
109967, u3230 ," Then it's time to change that --,,,,,,,,,,,,,,,,,,,,,,,,,,,,,,,", u3234 ,m214,,
109968, u3234 ," This is out life, Alexander.  It's a hard life but it is how we have always lived."",,,,,,,,,,,,,,,,,,,,,,,,,,,,,,,", u3230 ,m214,,
109969, u3230 ," My God!  How can you just do nothing!?  They're your friends, your family.  You all knew Mara. You ate with her and worked with her... Your work in the valley, what is that for if not to --"",,,,,,,,,,,,,,,,,,,,,,,,,,,,,,,", u3234 ,m214,,
109970, u3234 ," We choose to believe it.,,,,,,,,,,,,,,,,,,,,,,,,,,,,,,,", u3230 ,m214,,
109971, u3230 ," You know that's not true.,,,,,,,,,,,,,,,,,,,,,,,,,,,,,,,", u3234 ,m214,,
109972, u3234 ," They've gone to a better place.,,,,,,,,,,,,,,,,,,,,,,,,,,,,,,,", u3230 ,m214,,
109973, u3230 ," What do you mean?!,,,,,,,,,,,,,,,,,,,,,,,,,,,,,,,", u3234 ,m214,,
109974, u3234 ," Alexander, I know you're trying to help.  But they don't come back."",,,,,,,,,,,,,,,,,,,,,,,,,,,,,,,", u3230 ,m214,,
109975, u3230 ," We have to go after them, find where -- !"",,,,,,,,,,,,,,,,,,,,,,,,,,,,,,,", u3234 ,m214,,
109976, u3234 ," We don't know.,,,,,,,,,,,,,,,,,,,,,,,,,,,,,,,", u3230 ,m214,,
109977, u3230 ," Where do they take them?!,,,,,,,,,,,,,,,,,,,,,,,,,,,,,,,", u3230 ,m214,,
109978, u3230 ," I suppose so.,,,,,,,,,,,,,,,,,,,,,,,,,,,,,,,", u3234 ,m214,,
109979, u3234 ," Good morning, Alexander.  Feeling up to some work?"",,,,,,,,,,,,,,,,,,,,,,,,,,,,,,,", u3234 ,m214,,
109980, u3234 ," Of course.  You're just tired. Mara, will you look after Alexander tonight?"",,,,,,,,,,,,,,,,,,,,,,,,,,,,,,,", u3230 ,m214,,
109981, u3230 ," I'm sorry, I didn't mean to..."",,,,,,,,,,,,,,,,,,,,,,,,,,,,,,,", u3234 ,m214,,
109982, u3234 ," My father has gone to a better place.,,,,,,,,,,,,,,,,,,,,,,,,,,,,,,,", u3230 ,m214,,
109983, u3230 ," No, I mean someone considerably older.  Your father perhaps?"",,,,,,,,,,,,,,,,,,,,,,,,,,,,,,,", u3234 ,m214,,
109984, u3234 ," I am the oldest.,,,,,,,,,,,,,,,,,,,,,,,,,,,,,,,", u3230 ,m214,,
109985, u3230 ," Yes.  I hope you won't take this the wrong way but is there someone older I could talk to?  An elder or patriarch of some kind?,,,,,,,,,,,,,,,,,,,,,,,,,,,,,,,", u3234 ,m214,,
109986, u3234 ," New Yorkers.,,,,,,,,,,,,,,,,,,,,,,,,,,,,,,,", u3230 ,m214,,
109987, u3230 ," To live in.  There's a lot of us... beyond the valley.,,,,,,,,,,,,,,,,,,,,,,,,,,,,,,,", u3234 ,m214,,
109988, u3234 ," Why?,,,,,,,,,,,,,,,,,,,,,,,,,,,,,,,", u3230 ,m214,,
109989, u3230 ," Oh, very different.  But not entirely... I mean we have lots of, um, trees and such.  But not everywhere.  And more roads.  And buildings."",,,,,,,,,,,,,,,,,,,,,,,,,,,,,,,", u3230 ,m214,,
109990, u3230 ," I took a different route.,,,,,,,,,,,,,,,,,,,,,,,,,,,,,,,", u3234 ,m214,,
109991, u3234 ," He said he traveled for two months.,,,,,,,,,,,,,,,,,,,,,,,,,,,,,,,", u3230 ,m214,,
109992, u3230 ," No...,,,,,,,,,,,,,,,,,,,,,,,,,,,,,,,", u3234 ,m214,,
109993, u3234 ," We had another visitor from beyond the valley about four years ago. His name was Moren.  Do you know him?,,,,,,,,,,,,,,,,,,,,,,,,,,,,,,,", u3234 ,m214,,
109994, u3234 ," New Yorkers.,,,,,,,,,,,,,,,,,,,,,,,,,,,,,,,", u3230 ,m214,,
109995, u3230 ," Well, I guess you'd call us... New Yorkers."",,,,,,,,,,,,,,,,,,,,,,,,,,,,,,,", u3234 ,m214,,
109996, u3234 ," What are your people called?,,,,,,,,,,,,,,,,,,,,,,,,,,,,,,,", u3230 ,m214,,
109997, u3230 ," """"Eloi""""?"",,,,,,,,,,,,,,,,,,,,,,,,,,,,,,,", u3234 ,m214,,
109998, u3234 ," Well, we're happy you're here. Come inside."",,,,,,,,,,,,,,,,,,,,,,,,,,,,,,,", u3230 ,m214,,
109999, u3230 ," I did...,,,,,,,,,,,,,,,,,,,,,,,,,,,,,,,", u3234 ,m214,,
110000, u3234 ," And hungry, I'd say.  You had such a long journey."",,,,,,,,,,,,,,,,,,,,,,,,,,,,,,,", u3231 ,m214,,
110001, u3231 ," Now you are upsetting my fowl. Please go.,,,,,,,,,,,,,,,,,,,,,,,,,,,,,,,", u3239 ,m214,,
110002, u3239 ," Yes, sir."",,,,,,,,,,,,,,,,,,,,,,,,,,,,,,,", u3231 ,m214,,
110003, u3231 ," You supported his application, Dr. Philby.  You are his senior, advisor.  I depend upon you to restrain his... excesses.  Any repetition of the behavior I witnessed in his classroom today and there will be consequences for you both."",,,,,,,,,,,,,,,,,,,,,,,,,,,,,,,", u3239 ,m214,,
110004, u3239 ," If I might explain, sir --"",,,,,,,,,,,,,,,,,,,,,,,,,,,,,,,", u3231 ,m214,,
110005, u3231 ," Young man, we have a way of doing things here.  Radical theorizing is not acceptable.  Have I made myself understood?"",,,,,,,,,,,,,,,,,,,,,,,,,,,,,,,", u3239 ,m214,,
110006, u3239 ," Sir, if I may --"",,,,,,,,,,,,,,,,,,,,,,,,,,,,,,,", u3239 ,m214,,
110007, u3239 ," Dean Fulton...,,,,,,,,,,,,,,,,,,,,,,,,,,,,,,,", u3231 ,m214,,
110008, u3231 ," My fowl have polluted the yard.,,,,,,,,,,,,,,,,,,,,,,,,,,,,,,,", u3235 ,m214,,
110009, u3235 ," Kalen, look at me.  There's no one here but us.  You see... I'm here, you're here, Alexander's here. There are no Morlocks.  It was just a dream..."",,,,,,,,,,,,,,,,,,,,,,,,,,,,,,,", u3233 ,m214,,
110010, u3233 ," They're inside --,,,,,,,,,,,,,,,,,,,,,,,,,,,,,,,", u3235 ,m214,,
110011, u3235 ," No, you're safe --"",,,,,,,,,,,,,,,,,,,,,,,,,,,,,,,", u3233 ,m214,,
110012, u3233 ," They're here!  They're inside the house -- !,,,,,,,,,,,,,,,,,,,,,,,,,,,,,,,", u3235 ,m214,,
110013, u3235 ," Kalen, it's all right, I'm here --"",,,,,,,,,,,,,,,,,,,,,,,,,,,,,,,", u3233 ,m214,,
110014, u3233 ," You'll tell me more tomorrow?,,,,,,,,,,,,,,,,,,,,,,,,,,,,,,,", u3235 ,m214,,
110015, u3235 ," Kalen, right now you need to go up to bed.  You're exhausting Alexander."",,,,,,,,,,,,,,,,,,,,,,,,,,,,,,,", u3233 ,m214,,
110016, u3233 ," I want to see your home.  Will you take me?,,,,,,,,,,,,,,,,,,,,,,,,,,,,,,,", u3233 ,m214,,
110017, u3233 ," I am.  Are you a climber?,,,,,,,,,,,,,,,,,,,,,,,,,,,,,,,", u3235 ,m214,,
110018, u3235 ," We'll see about that.,,,,,,,,,,,,,,,,,,,,,,,,,,,,,,,", u3235 ,m214,,
110019, u3235 ," What's it like where you come from?,,,,,,,,,,,,,,,,,,,,,,,,,,,,,,,", u3233 ,m214,,
110020, u3233 ," What did you do at night?,,,,,,,,,,,,,,,,,,,,,,,,,,,,,,,", u3235 ,m214,,
110021, u3235 ," That's quite enough, Kalen."",,,,,,,,,,,,,,,,,,,,,,,,,,,,,,,", u3233 ,m214,,
110022, u3233 ," I found you.  I saved your life. You were bleeding all over the place!,,,,,,,,,,,,,,,,,,,,,,,,,,,,,,,", u3235 ,m214,,
110023, u3235 ," Kalen...,,,,,,,,,,,,,,,,,,,,,,,,,,,,,,,", u3233 ,m214,,
110024, u3233 ," How did you get hurt?,,,,,,,,,,,,,,,,,,,,,,,,,,,,,,,", u3237 ,m214,,
110025, u3237 ," Goodnight, Mr. Philby."",,,,,,,,,,,,,,,,,,,,,,,,,,,,,,,", u3239 ,m214,,
110026, u3239 ," I have no doubt of that.  I'll come by in the morning and we'll arrange it.  Goodnight, Mrs. Watchit."",,,,,,,,,,,,,,,,,,,,,,,,,,,,,,,", u3237 ,m214,,
110027, u3237 ," I think I might be.  But there'll be some changes made.  I run a tight house.,,,,,,,,,,,,,,,,,,,,,,,,,,,,,,,", u3239 ,m214,,
110028, u3239 ," I'm glad he's gone.  Maybe he's finally found a place where he can be happy.,,,,,,,,,,,,,,,,,,,,,,,,,,,,,,,", u3237 ,m214,,
110029, u3237 ," Sir?,,,,,,,,,,,,,,,,,,,,,,,,,,,,,,,", u3237 ,m214,,
110030, u3237 ," No, sir."",,,,,,,,,,,,,,,,,,,,,,,,,,,,,,,", u3239 ,m214,,
110031, u3239 ," And you've no idea where he went?,,,,,,,,,,,,,,,,,,,,,,,,,,,,,,,", u3237 ,m214,,
110032, u3237 ," I don't know what to tell you, sir. He's been gone this whole week."",,,,,,,,,,,,,,,,,,,,,,,,,,,,,,,", u3237 ,m214,,
110033, u3237 ," For our sake, I hope not."",,,,,,,,,,,,,,,,,,,,,,,,,,,,,,,", u3239 ,m214,,
110034, u3239 ," I wonder if that poor girl has any idea what she's in for?,,,,,,,,,,,,,,,,,,,,,,,,,,,,,,,", u3237 ,m214,,
110035, u3237 ," Must be all the exercise I get scampering up and down these stairs like a wee lamb.,,,,,,,,,,,,,,,,,,,,,,,,,,,,,,,", u3239 ,m214,,
110036, u3239 ," Hello, Mrs. Watchit.  You're looking in the pink."",,,,,,,,,,,,,,,,,,,,,,,,,,,,,,,", u3237 ,m214,,
