,User_id,text,sec_user,movies_name,relationship,attachment
110512, u3266 ," Go fuck yourself.,,,,,,,,,,,,,,,,,,,,,,,,,,,,,,,", u3255 ,m216,,
110513, u3255 ," What?,,,,,,,,,,,,,,,,,,,,,,,,,,,,,,,", u3266 ,m216,,
110514, u3266 ," Darryl.,,,,,,,,,,,,,,,,,,,,,,,,,,,,,,,", u3255 ,m216,,
110515, u3255 ," No you won't.  You'll be back today. Now!  You get your ass back here, Thelma, now, Goddamnit.  Thelma, do you understand me?"",,,,,,,,,,,,,,,,,,,,,,,,,,,,,,,", u3266 ,m216,,
110516, u3266 ," ... only for one day and we'll be back tomorrow night.,,,,,,,,,,,,,,,,,,,,,,,,,,,,,,,", u3255 ,m216,,
110517, u3255 ," See ya.,,,,,,,,,,,,,,,,,,,,,,,,,,,,,,,", u3266 ,m216,,
110518, u3266 ," 'Bye, honey.  I won't wait up."",,,,,,,,,,,,,,,,,,,,,,,,,,,,,,,", u3255 ,m216,,
110519, u3255 ," Well then, it's a good thing you're not regional manager and I am."",,,,,,,,,,,,,,,,,,,,,,,,,,,,,,,", u3266 ,m216,,
110520, u3266 ," Funny how so many people wanna buy carpet on a Friday night.  You'd almost think they's want to forget about it for the weekend.,,,,,,,,,,,,,,,,,,,,,,,,,,,,,,,", u3255 ,m216,,
110521, u3255 ," No, Thelma, I don't give a shit what we have for dinner.  I may not even make it home for dinner.  You know how Fridays are."",,,,,,,,,,,,,,,,,,,,,,,,,,,,,,,", u3266 ,m216,,
110522, u3266 ," You want anything special for dinner?,,,,,,,,,,,,,,,,,,,,,,,,,,,,,,,", u3255 ,m216,,
110523, u3255 ," What?!,,,,,,,,,,,,,,,,,,,,,,,,,,,,,,,", u3266 ,m216,,
110524, u3266 ," Hon?,,,,,,,,,,,,,,,,,,,,,,,,,,,,,,,", u3255 ,m216,,
110525, u3255 ," Uh-huh.,,,,,,,,,,,,,,,,,,,,,,,,,,,,,,,", u3266 ,m216,,
110526, u3266 ," Have a good day at work today.,,,,,,,,,,,,,,,,,,,,,,,,,,,,,,,", u3255 ,m216,,
110527, u3255 ," What.,,,,,,,,,,,,,,,,,,,,,,,,,,,,,,,", u3266 ,m216,,
110528, u3266 ," Hon.,,,,,,,,,,,,,,,,,,,,,,,,,,,,,,,", u3266 ,m216,,
110529, u3266 ," I'm sorry, Doll, I just didn't want you to be late."",,,,,,,,,,,,,,,,,,,,,,,,,,,,,,,", u3255 ,m216,,
110530, u3255 ," Damnit, Thelma, don't holler like that!  Haven't I told you I can't stand it when you holler in the morning."",,,,,,,,,,,,,,,,,,,,,,,,,,,,,,,", u3256 ,m216,,
110531, u3256 ," I gotta go to Little Rock.,,,,,,,,,,,,,,,,,,,,,,,,,,,,,,,", u3265 ,m216,,
110532, u3265 ," In the leg.,,,,,,,,,,,,,,,,,,,,,,,,,,,,,,,", u3256 ,m216,,
110533, u3256 ," That's what everybody says.  Only problem is nobody's husband was unaccounted for that night... Could you shoot Eddie in the face?  At point blank range?,,,,,,,,,,,,,,,,,,,,,,,,,,,,,,,", u3265 ,m216,,
110534, u3265 ," Honey.  Nothing's impossible.  You just don't shoot someone like that for no reason.  Maybe he was askin' for it.  Anyway, somebody's husband probably got ol' Harlan."",,,,,,,,,,,,,,,,,,,,,,,,,,,,,,,", u3256 ,m216,,
110535, u3256 ," Yeah, I could too.  But... I don't know why I'm even asking you this. It's just... we can't place anybody at the scene but these two gals that everybody swears is sweet as pie. I don't know.  I keep hearing words -- impossible -- inconceivable.  If just one person would say..."",,,,,,,,,,,,,,,,,,,,,,,,,,,,,,,", u3265 ,m216,,
110536, u3265 ," Well, maybe if they were trying to hurt you or one of the kids.  I'm sure I could shoot someone if they tried to hurt one of the children."",,,,,,,,,,,,,,,,,,,,,,,,,,,,,,,", u3256 ,m216,,
110537, u3256 ," On what?,,,,,,,,,,,,,,,,,,,,,,,,,,,,,,,", u3265 ,m216,,
110538, u3265 ," I don't know, honey.  I guess it would depend."",,,,,,,,,,,,,,,,,,,,,,,,,,,,,,,", u3256 ,m216,,
110539, u3256 ," I'm asking you seriously, Sarah, a stranger?"",,,,,,,,,,,,,,,,,,,,,,,,,,,,,,,", u3265 ,m216,,
110540, u3265 ," Because he's an inconsiderate asshole.,,,,,,,,,,,,,,,,,,,,,,,,,,,,,,,", u3256 ,m216,,
110541, u3256 ," Why?,,,,,,,,,,,,,,,,,,,,,,,,,,,,,,,", u3265 ,m216,,
110542, u3265 ," I could shoot your cousin Eddie.,,,,,,,,,,,,,,,,,,,,,,,,,,,,,,,", u3256 ,m216,,
110543, u3256 ," Do you think you could ever think of a set of circumstances that would just cause you to haul off and shoot someone?,,,,,,,,,,,,,,,,,,,,,,,,,,,,,,,", u3265 ,m216,,
110544, u3265 ," What?,,,,,,,,,,,,,,,,,,,,,,,,,,,,,,,", u3256 ,m216,,
110545, u3256 ," Do you think you could ever shoot someone?,,,,,,,,,,,,,,,,,,,,,,,,,,,,,,,", u3265 ,m216,,
110546, u3265 ," Yes, baby?"",,,,,,,,,,,,,,,,,,,,,,,,,,,,,,,", u3256 ,m216,,
110547, u3256 ," Honey?,,,,,,,,,,,,,,,,,,,,,,,,,,,,,,,", u3256 ,m216,,
110548, u3256 ," There's two girls out there that had a chance, they had a chance...!  And you blew it for 'em.  Now they've gotten in some serious trouble, some very serious trouble and for at least part of it, I'm gonna hold you personally responsible for anything that happens to them.  I've got no feelin' for you.  But I may be the only person in the world who gives a rat's ass what happens to them and you're either gonna tell me every damn thing you know, so there's a small chance I can actually do them some good, or I'm gonna be all over you like a fly on shit for the rest of your natural life.  Your misery is gonna be my goddamn mission in life.  That's a sincere promise."",,,,,,,,,,,,,,,,,,,,,,,,,,,,,,,", u3258 ,m216,,
110549, u3258 ," How do you know I took it?  How do you know they didn't just give it to me?,,,,,,,,,,,,,,,,,,,,,,,,,,,,,,,", u3256 ,m216,,
110550, u3256 ," You know what?  You're starting to irritate me.,,,,,,,,,,,,,,,,,,,,,,,,,,,,,,,", u3258 ,m216,,
110551, u3258 ," Now that you mention it, they might have been a little bit jumpy."",,,,,,,,,,,,,,,,,,,,,,,,,,,,,,,", u3256 ,m216,,
110552, u3256 ," Did either of them ever indicate that they might be running from the Law?,,,,,,,,,,,,,,,,,,,,,,,,,,,,,,,", u3258 ,m216,,
110553, u3258 ," You might say we had a meeting of the minds, yes."",,,,,,,,,,,,,,,,,,,,,,,,,,,,,,,", u3256 ,m216,,
110554, u3256 ," He said he took it to a motel in Oklahoma City.  He also says that at that time he met a man.  He identified you through a series of mug shots.  He also told us that you and Mrs. Dickinson seemed """"close."""" Is that true?"",,,,,,,,,,,,,,,,,,,,,,,,,,,,,,,", u3258 ,m216,,
110555, u3258 ," Umm, yes.  She was driving."",,,,,,,,,,,,,,,,,,,,,,,,,,,,,,,", u3256 ,m216,,
110556, u3256 ," We spoke with a gentlemen today who says he personally delivered very close to that same amount to a Miss Louise Sawyer.  Do you know her too?,,,,,,,,,,,,,,,,,,,,,,,,,,,,,,,", u3256 ,m216,,
110557, u3256 ," Well, son, she's doin' a damn sight better 'n you right now."",,,,,,,,,,,,,,,,,,,,,,,,,,,,,,,", u3258 ,m216,,
110558, u3258 ," Alright!  She did good!  Didn't she?,,,,,,,,,,,,,,,,,,,,,,,,,,,,,,,", u3258 ,m216,,
110559, u3258 ," Aw, God."",,,,,,,,,,,,,,,,,,,,,,,,,,,,,,,", u3256 ,m216,,
110560, u3256 ," That's Thelma Dickinson's husband.,,,,,,,,,,,,,,,,,,,,,,,,,,,,,,,", u3258 ,m216,,
110561, u3258 ," Who's the nut?,,,,,,,,,,,,,,,,,,,,,,,,,,,,,,,", u3256 ,m216,,
110562, u3256 ," Alright, Lena.  Go on home.  We might have to call you in for some more questioning."",,,,,,,,,,,,,,,,,,,,,,,,,,,,,,,", u3260 ,m216,,
110563, u3260 ," It's a nightclub, not a drive-in, Hal.  I don't follow the customers to the parking lot."",,,,,,,,,,,,,,,,,,,,,,,,,,,,,,,", u3256 ,m216,,
110564, u3256 ," You didn't happen to notice what kind of car they were driving?,,,,,,,,,,,,,,,,,,,,,,,,,,,,,,,", u3260 ,m216,,
110565, u3260 ," Well, if I had to guess, I'd say it was some ol' gal, some ol' gal's husband.  But it wasn't either one of those two.  The tall one, the redhead, she left me a huge tip."",,,,,,,,,,,,,,,,,,,,,,,,,,,,,,,", u3256 ,m216,,
110566, u3256 ," Lena, just cut the bullshit, will ya?  Do have any ideas or don't ya? I been standin' in this stupid parkin' lot all goddamn night, and I still got to go file a report before I can go home in time to get back up again!"",,,,,,,,,,,,,,,,,,,,,,,,,,,,,,,", u3260 ,m216,,
110567, u3260 ," Has anybody asked his wife?  She's the one I hope did it.,,,,,,,,,,,,,,,,,,,,,,,,,,,,,,,", u3256 ,m216,,
110568, u3256 ," Who do you think did it?,,,,,,,,,,,,,,,,,,,,,,,,,,,,,,,", u3260 ,m216,,
110569, u3260 ," If waitin' tables in a bar don't make you an expert on human nature, then nothin' will, and I could've told you that Harlan Puckett would end up buyin' it in a parkin' lot. I'm just surprised it didn't happen before now."",,,,,,,,,,,,,,,,,,,,,,,,,,,,,,,", u3256 ,m216,,
110570, u3256 ," Well, you're not exactly an expert witness, but what makes you so sure?"",,,,,,,,,,,,,,,,,,,,,,,,,,,,,,,", u3260 ,m216,,
110571, u3260 ," Hal, I've told you about twenty times, yes, I could identify 'em, but neither one of them was the type to pull something like this."",,,,,,,,,,,,,,,,,,,,,,,,,,,,,,,", u3256 ,m216,,
110572, u3256 ," Could you identify 'em, if ya saw 'em again?"",,,,,,,,,,,,,,,,,,,,,,,,,,,,,,,", u3256 ,m216,,
110573, u3256 ," Louise, I'll do anything.  I know what's makin' you run.  I know what happened to you in Texas."",,,,,,,,,,,,,,,,,,,,,,,,,,,,,,,", u3261 ,m216,,
110574, u3261 ," You know, certain words and phrases just keep floating through my mind, things like incarceration, cavity search, life imprisonment, death by electrocution, that sort of thing. So, come out alive?  I don't know. Let us think about that."",,,,,,,,,,,,,,,,,,,,,,,,,,,,,,,", u3256 ,m216,,
110575, u3256 ," You want to come on in?,,,,,,,,,,,,,,,,,,,,,,,,,,,,,,,", u3261 ,m216,,
110576, u3261 ," No!,,,,,,,,,,,,,,,,,,,,,,,,,,,,,,,", u3256 ,m216,,
110577, u3256 ," I do believe you.  That's what I want everybody to believe.  Trouble is, it doesn't look like an accident and you're not here to tell me about it... I need you to help me here."",,,,,,,,,,,,,,,,,,,,,,,,,,,,,,,", u3261 ,m216,,
110578, u3261 ," Would you believe me if I told you this whole thing is an accident?,,,,,,,,,,,,,,,,,,,,,,,,,,,,,,,", u3256 ,m216,,
110579, u3256 ," You're gettin' in deeper every moment you're gone.,,,,,,,,,,,,,,,,,,,,,,,,,,,,,,,", u3261 ,m216,,
110580, u3261 ," Well, we're not in the middle of nowhere, but we can see it from here."",,,,,,,,,,,,,,,,,,,,,,,,,,,,,,,", u3256 ,m216,,
110581, u3256 ," You're still with us though.  You're somewhere on the face of the earth?,,,,,,,,,,,,,,,,,,,,,,,,,,,,,,,", u3261 ,m216,,
110582, u3261 ," Weird.  Got some kind of snowball effect goin' here or somethin'.,,,,,,,,,,,,,,,,,,,,,,,,,,,,,,,", u3256 ,m216,,
110583, u3256 ," How are things goin' out there?,,,,,,,,,,,,,,,,,,,,,,,,,,,,,,,", u3261 ,m216,,
110584, u3261 ," Hey.,,,,,,,,,,,,,,,,,,,,,,,,,,,,,,,", u3261 ,m216,,
110585, u3261 ," Sure.  Maybe over coffee sometime. I'll buy.,,,,,,,,,,,,,,,,,,,,,,,,,,,,,,,", u3256 ,m216,,
110586, u3256 ," Good.  You wanna tell me what happened?,,,,,,,,,,,,,,,,,,,,,,,,,,,,,,,", u3261 ,m216,,
110587, u3261 ," We're both fine.,,,,,,,,,,,,,,,,,,,,,,,,,,,,,,,", u3261 ,m216,,
110588, u3261 ," Yes, sir.  I know."",,,,,,,,,,,,,,,,,,,,,,,,,,,,,,,", u3256 ,m216,,
110589, u3256 ," You girls are in some hot water.,,,,,,,,,,,,,,,,,,,,,,,,,,,,,,,", u3261 ,m216,,
110590, u3261 ," I've been better.,,,,,,,,,,,,,,,,,,,,,,,,,,,,,,,", u3262 ,m216,,
110591, u3262 ," Somebody's butt is gonna bar-b-que.,,,,,,,,,,,,,,,,,,,,,,,,,,,,,,,", u3256 ,m216,,
110592, u3256 ," I have no problem with that.,,,,,,,,,,,,,,,,,,,,,,,,,,,,,,,", u3262 ,m216,,
110593, u3262 ," Why don't we go ahead and let the bureau in on this.,,,,,,,,,,,,,,,,,,,,,,,,,,,,,,,", u3256 ,m216,,
110594, u3256 ," That's certainly possible.,,,,,,,,,,,,,,,,,,,,,,,,,,,,,,,", u3262 ,m216,,
110595, u3262 ," Is there any reason to believe they've left the state?,,,,,,,,,,,,,,,,,,,,,,,,,,,,,,,", u3256 ,m216,,
110596, u3256 ," Alright.,,,,,,,,,,,,,,,,,,,,,,,,,,,,,,,", u3262 ,m216,,
110597, u3262 ," Well, you'd best get something. Even if they didn't do it, it times out that they most likely witnessed it.  I want somebody to at least talk to 'em.  Put out an APB with a description and see what we get back."",,,,,,,,,,,,,,,,,,,,,,,,,,,,,,,", u3256 ,m216,,
110598, u3256 ," All we know is there were two women in a green T-Bird convertible that turned left out of the parking lot, going real fast.  We're trying to get a make on the car, but nothin' yet.  So far, we got nothin'."",,,,,,,,,,,,,,,,,,,,,,,,,,,,,,,", u3259 ,m216,,
110599, u3259 ," Oh, great."",,,,,,,,,,,,,,,,,,,,,,,,,,,,,,,", u3256 ,m216,,
110600, u3256 ," Armed robber.,,,,,,,,,,,,,,,,,,,,,,,,,,,,,,,", u3259 ,m216,,
110601, u3259 ," It's him.,,,,,,,,,,,,,,,,,,,,,,,,,,,,,,,", u3256 ,m216,,
110602, u3256 ," Is this the guy you saw them with?,,,,,,,,,,,,,,,,,,,,,,,,,,,,,,,", u3259 ,m216,,
110603, u3259 ," I know!  I'd tell you if I knew! Goddamn!  I know something happened, or she wouldn't have left.  I'm trying to remember everything!  Find that fucking kid.  He probably knows something."",,,,,,,,,,,,,,,,,,,,,,,,,,,,,,,", u3256 ,m216,,
110604, u3256 ," This is serious, son.  A man is dead."",,,,,,,,,,,,,,,,,,,,,,,,,,,,,,,", u3259 ,m216,,
110605, u3259 ," Just some young guy.  Around twenty years old.  Dark hair.,,,,,,,,,,,,,,,,,,,,,,,,,,,,,,,", u3256 ,m216,,
110606, u3256 ," Tell us about him.,,,,,,,,,,,,,,,,,,,,,,,,,,,,,,,", u3259 ,m216,,
110607, u3259 ," I swear to God, she wouldn't tell me one thing!  Christ!  You oughta try to find that kid that was with 'em."",,,,,,,,,,,,,,,,,,,,,,,,,,,,,,,", u3263 ,m216,,
110608, u3263 ," Get a hold of yourself!  You are way out of your jurisdiction, now come on!  Calm down!  Don't make me sorry I let you come!"",,,,,,,,,,,,,,,,,,,,,,,,,,,,,,,", u3256 ,m216,,
110609, u3256 ," I'm sorry to bother you, I know you're real busy right now, but how many times, Max?  How many times has that woman gotta be fucked over? You could lift one finger and save her ass and you won't even do that?"",,,,,,,,,,,,,,,,,,,,,,,,,,,,,,,", u3263 ,m216,,
110610, u3263 ," The women are armed, Hal.  This is standard.  Now you stay calm here. These boys know what they're doin'."",,,,,,,,,,,,,,,,,,,,,,,,,,,,,,,", u3256 ,m216,,
110611, u3256 ," Hey!  Don't let them shoot those girls.  This is too much.  They got guns pointed at 'em!,,,,,,,,,,,,,,,,,,,,,,,,,,,,,,,", u3256 ,m216,,
110612, u3256 ," It don't matter.  Brains will only get you so far and luck always runs out.,,,,,,,,,,,,,,,,,,,,,,,,,,,,,,,", u3263 ,m216,,
110613, u3263 ," We don't have a whole lotta choice, do we?  I can't figure out if they're real smart or just really, really lucky."",,,,,,,,,,,,,,,,,,,,,,,,,,,,,,,", u3256 ,m216,,
110614, u3256 ," He's got nothin' to gain by lyin'.  Nothin' at all.  He already got all their money.  I just don't know what we're dealin' with here. Anyway, it went out again last night on Nationwide Teletype.  Let's just wait it out a little longer.  She said she was gonna call back.  Let's just sit tight."",,,,,,,,,,,,,,,,,,,,,,,,,,,,,,,", u3263 ,m216,,
110615, u3263 ," It's just not working like this.  We gotta do something.  It'd be one thing if these girls were hardened criminals, but Jesus, Hal, this is makin' us look bad.  I don't know... maybe they're not movin'.  Maybe that little creep lied."",,,,,,,,,,,,,,,,,,,,,,,,,,,,,,,", u3263 ,m216,,
110616, u3263 ," Oh, definitely."",,,,,,,,,,,,,,,,,,,,,,,,,,,,,,,", u3256 ,m216,,
110617, u3256 ," Now, for one thing, you violated your parole two days out.  And you know Judge Hainey.  He hates this sort of thing.  Once he gets wind of this, he's gonna blow sky high.  And then when he finds out that you're a possible accessory to murder and armed robbery, well, I think we can safely place your ass back in the slammer for at least the remaining eight, don't you?"",,,,,,,,,,,,,,,,,,,,,,,,,,,,,,,", u3256 ,m216,,
110618, u3256 ," My Lord.,,,,,,,,,,,,,,,,,,,,,,,,,,,,,,,", u3263 ,m216,,
110619, u3263 ," Good God.,,,,,,,,,,,,,,,,,,,,,,,,,,,,,,,", u3256 ,m216,,
110620, u3256 ," The important thing is not to let on that you know anything.  We want to try and find out where they are. Now I don't want to get too personal, but do you have a good relationship with your wife?  Are you close with her?"",,,,,,,,,,,,,,,,,,,,,,,,,,,,,,,", u3263 ,m216,,
110621, u3263 ," We're going to leave someone here at the house in the event that she calls in.  Someone will be here until we find them.,,,,,,,,,,,,,,,,,,,,,,,,,,,,,,,", u3263 ,m216,,
110622, u3263 ," Right.  Where are they?,,,,,,,,,,,,,,,,,,,,,,,,,,,,,,,", u3256 ,m216,,
110623, u3256 ," A .38.,,,,,,,,,,,,,,,,,,,,,,,,,,,,,,,", u3263 ,m216,,
110624, u3263 ," What kind of gun was it?,,,,,,,,,,,,,,,,,,,,,,,,,,,,,,,", u3257 ,m216,,
110625, u3257 ," Shut up.,,,,,,,,,,,,,,,,,,,,,,,,,,,,,,,", u3266 ,m216,,
110626, u3266 ," Don't hurt me.  Harlan.  Please.,,,,,,,,,,,,,,,,,,,,,,,,,,,,,,,", u3257 ,m216,,
110627, u3257 ," Louise is alright.,,,,,,,,,,,,,,,,,,,,,,,,,,,,,,,", u3266 ,m216,,
110628, u3266 ," Stop it!  Goddamnit, I mean it! Louise is gonna wonder where I am. Let go!"",,,,,,,,,,,,,,,,,,,,,,,,,,,,,,,", u3257 ,m216,,
110629, u3257 ," You're beautiful.  It's okay.  I won't hurt you.  It's okay.,,,,,,,,,,,,,,,,,,,,,,,,,,,,,,,", u3257 ,m216,,
110630, u3257 ," It's okay.  I'm married, too."",,,,,,,,,,,,,,,,,,,,,,,,,,,,,,,", u3266 ,m216,,
110631, u3266 ," Don't.  I'm married.  I don't feel good.  I've been sick.,,,,,,,,,,,,,,,,,,,,,,,,,,,,,,,", u3257 ,m216,,
110632, u3257 ," Yeah, you're startin' to feel pretty good to me, too."",,,,,,,,,,,,,,,,,,,,,,,,,,,,,,,", u3266 ,m216,,
110633, u3266 ," I guess I'm startin' to feel a little better.,,,,,,,,,,,,,,,,,,,,,,,,,,,,,,,", u3266 ,m216,,
110634, u3266 ," I'm spinning.,,,,,,,,,,,,,,,,,,,,,,,,,,,,,,,", u3257 ,m216,,
110635, u3257 ," What for?,,,,,,,,,,,,,,,,,,,,,,,,,,,,,,,", u3266 ,m216,,
110636, u3266 ," Stop.,,,,,,,,,,,,,,,,,,,,,,,,,,,,,,,", u3257 ,m216,,
110637, u3257 ," What's wrong?,,,,,,,,,,,,,,,,,,,,,,,,,,,,,,,", u3266 ,m216,,
110638, u3266 ," Oh shit.,,,,,,,,,,,,,,,,,,,,,,,,,,,,,,,", u3257 ,m216,,
110639, u3257 ," You do?  Is he a funny uncle? 'Cause if he is, then he and I got somethin' in common."",,,,,,,,,,,,,,,,,,,,,,,,,,,,,,,", u3266 ,m216,,
110640, u3266 ," Your name's Harlan?  I got an uncle named Harlan!,,,,,,,,,,,,,,,,,,,,,,,,,,,,,,,", u3258 ,m216,,
110641, u3258 ," You're a little angle, you are."",,,,,,,,,,,,,,,,,,,,,,,,,,,,,,,", u3266 ,m216,,
110642, u3266 ," You're kinda the best thing that's happened to me in a long time.,,,,,,,,,,,,,,,,,,,,,,,,,,,,,,,", u3266 ,m216,,
110643, u3266 ," And smooth, boy, you are smooth."",,,,,,,,,,,,,,,,,,,,,,,,,,,,,,,", u3258 ,m216,,
110644, u3258 ," I may be the outlaw, but you're the one stealin' my heart."",,,,,,,,,,,,,,,,,,,,,,,,,,,,,,,", u3266 ,m216,,
110645, u3266 ," God.  You're a real live outlaw!,,,,,,,,,,,,,,,,,,,,,,,,,,,,,,,", u3258 ,m216,,
110646, u3258 ," I've always believed if done right, armed robbery doesn't have to be a totally unpleasant experience."",,,,,,,,,,,,,,,,,,,,,,,,,,,,,,,", u3258 ,m216,,
110647, u3258 ," Well, first you pick your place, see, then I'd just sit back and watch it for awhile.  Ya gotta wait for just the right moment, which is something you know instinctively, that can't be taught.  Then I'd waltz on in..."",,,,,,,,,,,,,,,,,,,,,,,,,,,,,,,", u3266 ,m216,,
110648, u3266 ," Tell me.,,,,,,,,,,,,,,,,,,,,,,,,,,,,,,,", u3258 ,m216,,
110649, u3258 ," Naw, honey, that would be burglary. I never got arrested for burglary. Burglary's for chicken shits.  If you're gonna rob someone, ya just have to go right on up to 'em and do it.  Just take the money.  That's robbery.  That's a whole 'nother deal."",,,,,,,,,,,,,,,,,,,,,,,,,,,,,,,", u3266 ,m216,,
110650, u3266 ," No, I mean how would you do it?  Do you just sneak in real fast or hide out till the store closes or what?"",,,,,,,,,,,,,,,,,,,,,,,,,,,,,,,", u3258 ,m216,,
110651, u3258 ," Well, I was just down on my luck and it seemed like somethin' I was good at so I..."",,,,,,,,,,,,,,,,,,,,,,,,,,,,,,,", u3266 ,m216,,
110652, u3266 ," How?,,,,,,,,,,,,,,,,,,,,,,,,,,,,,,,", u3258 ,m216,,
110653, u3258 ," Well, I robbed a gas station once, and I robbed a couple of liquor stores, and some convenience stores. And that's it."",,,,,,,,,,,,,,,,,,,,,,,,,,,,,,,", u3266 ,m216,,
110654, u3266 ," What?,,,,,,,,,,,,,,,,,,,,,,,,,,,,,,,", u3258 ,m216,,
110655, u3258 ," Nope.  I've never robbed a bank.,,,,,,,,,,,,,,,,,,,,,,,,,,,,,,,", u3266 ,m216,,
110656, u3266 ," You're a bank robber?,,,,,,,,,,,,,,,,,,,,,,,,,,,,,,,", u3258 ,m216,,
110657, u3258 ," I'm a robber.,,,,,,,,,,,,,,,,,,,,,,,,,,,,,,,", u3266 ,m216,,
110658, u3266 ," What did ya do?,,,,,,,,,,,,,,,,,,,,,,,,,,,,,,,", u3258 ,m216,,
110659, u3258 ," Well, not anymore, Thelma, except for bustin' parole, I haven't done one wrong thing."",,,,,,,,,,,,,,,,,,,,,,,,,,,,,,,", u3266 ,m216,,
110660, u3266 ," What?!  Parole officer?  You mean you're a criminal?,,,,,,,,,,,,,,,,,,,,,,,,,,,,,,,", u3258 ,m216,,
110661, u3258 ," I'm just some guy.  A guy whose parole officer is probably having a shit fit right about now.,,,,,,,,,,,,,,,,,,,,,,,,,,,,,,,", u3266 ,m216,,
110662, u3266 ," J.D.!  Just tell me.  I know you're not some schoolboy.  Now come on, nobody ever tells me shit."",,,,,,,,,,,,,,,,,,,,,,,,,,,,,,,", u3258 ,m216,,
110663, u3258 ," I am the great and powerful Oz...,,,,,,,,,,,,,,,,,,,,,,,,,,,,,,,", u3258 ,m216,,
110664, u3258 ," That's lonely for you, I guess.  I always think of motel rooms as lonely."",,,,,,,,,,,,,,,,,,,,,,,,,,,,,,,", u3266 ,m216,,
110665, u3266 ," She's off with Jimmy, that's her boyfriend."",,,,,,,,,,,,,,,,,,,,,,,,,,,,,,,", u3258 ,m216,,
110666, u3258 ," Oh.  I... where's Louise?,,,,,,,,,,,,,,,,,,,,,,,,,,,,,,,", u3266 ,m216,,
110667, u3266 ," Well, you wanna use the shower?"",,,,,,,,,,,,,,,,,,,,,,,,,,,,,,,", u3258 ,m216,,
110668, u3258 ," That sounds nice.,,,,,,,,,,,,,,,,,,,,,,,,,,,,,,,", u3266 ,m216,,
110669, u3266 ," I don't know.  Nothin'.  Took a shower.,,,,,,,,,,,,,,,,,,,,,,,,,,,,,,,", u3258 ,m216,,
110670, u3258 ," I don't know.  Nowhere.  What are you doin'?,,,,,,,,,,,,,,,,,,,,,,,,,,,,,,,", u3266 ,m216,,
110671, u3266 ," Wait...!  Um, where ya going?"",,,,,,,,,,,,,,,,,,,,,,,,,,,,,,,", u3258 ,m216,,
110672, u3258 ," Well, I guess I'd better..."",,,,,,,,,,,,,,,,,,,,,,,,,,,,,,,", u3258 ,m216,,
110673, u3258 ," Thelma?  It's me.,,,,,,,,,,,,,,,,,,,,,,,,,,,,,,,", u3266 ,m216,,
110674, u3266 ," Louise, is that you?"",,,,,,,,,,,,,,,,,,,,,,,,,,,,,,,", u3258 ,m216,,
110675, u3258 ," Yup.  Thanks for the ride.  You all take care.,,,,,,,,,,,,,,,,,,,,,,,,,,,,,,,", u3266 ,m216,,
110676, u3266 ," This is J.D.  He's a student.  We're just givin' him a ride to... to here.  Louise said we could bring him here and then he'd have to go. And that's what he's doin'.  He's goin'.  Aren't you, J.D.?"",,,,,,,,,,,,,,,,,,,,,,,,,,,,,,,", u3266 ,m216,,
110677, u3266 ," It's okay.  He is an asshole.  Most of the time I just let it slide.,,,,,,,,,,,,,,,,,,,,,,,,,,,,,,,", u3258 ,m216,,
110678, u3258 ," Well, if you don't mind me sayin' so, he sounds like a real asshole."",,,,,,,,,,,,,,,,,,,,,,,,,,,,,,,", u3266 ,m216,,
110679, u3266 ," Twenty-four isn't young.  I'd already been goin' out with him ten years when we got married.  I've never been with anybody but Darryl.,,,,,,,,,,,,,,,,,,,,,,,,,,,,,,,", u3258 ,m216,,
110680, u3258 ," Did you get married real young?,,,,,,,,,,,,,,,,,,,,,,,,,,,,,,,", u3266 ,m216,,
110681, u3266 ," Darryl, that's my husband, he says he's not ready.  He's still too much of a kid himself.  He prides himself on being infantile."",,,,,,,,,,,,,,,,,,,,,,,,,,,,,,,", u3258 ,m216,,
110682, u3258 ," So how come you don't have any kids?,,,,,,,,,,,,,,,,,,,,,,,,,,,,,,,", u3258 ,m216,,
110683, u3258 ," Human nature.  I'm majoring in behavioral science.,,,,,,,,,,,,,,,,,,,,,,,,,,,,,,,", u3266 ,m216,,
110684, u3266 ," So J.D., what are you studying in school?"",,,,,,,,,,,,,,,,,,,,,,,,,,,,,,,", u3266 ,m216,,
110685, u3266 ," A regular outlaw.,,,,,,,,,,,,,,,,,,,,,,,,,,,,,,,", u3259 ,m216,,
110686, u3259 ," I always knew that.,,,,,,,,,,,,,,,,,,,,,,,,,,,,,,,", u3266 ,m216,,
110687, u3266 ," Don't mind me, Jimmy, I'm just a wild woman."",,,,,,,,,,,,,,,,,,,,,,,,,,,,,,,", u3259 ,m216,,
110688, u3259 ," Well, come on, gal, I got you a room.  You can go on in and take a nice cold shower."",,,,,,,,,,,,,,,,,,,,,,,,,,,,,,,", u3259 ,m216,,
110689, u3259 ," Who's your friend?,,,,,,,,,,,,,,,,,,,,,,,,,,,,,,,", u3266 ,m216,,
110690, u3266 ," Good answer.  Same goes double for me.,,,,,,,,,,,,,,,,,,,,,,,,,,,,,,,", u3259 ,m216,,
110691, u3259 ," Ask me no questions, I'll tell you no lies."",,,,,,,,,,,,,,,,,,,,,,,,,,,,,,,", u3266 ,m216,,
110692, u3266 ," Jimmy!  Hello, stranger.  What in the world are you doin' here?"",,,,,,,,,,,,,,,,,,,,,,,,,,,,,,,", u3259 ,m216,,
110693, u3259 ," I'm choking on it.,,,,,,,,,,,,,,,,,,,,,,,,,,,,,,,", u3261 ,m216,,
110694, u3261 ," Damn, Jimmy, did you take a pill that makes you say all the right stuff?"",,,,,,,,,,,,,,,,,,,,,,,,,,,,,,,", u3259 ,m216,,
110695, u3259 ," Don't worry darlin'.  I'll say I never found you.  I'll say anything you want.  We'll find a way to get you out of this, whatever it is."",,,,,,,,,,,,,,,,,,,,,,,,,,,,,,,", u3261 ,m216,,
110696, u3261 ," Believe me, the last thing I want is for you to get punished."",,,,,,,,,,,,,,,,,,,,,,,,,,,,,,,", u3259 ,m216,,
110697, u3259 ," Are you just doin' this to punish me?,,,,,,,,,,,,,,,,,,,,,,,,,,,,,,,", u3261 ,m216,,
110698, u3261 ," I don't know.  It doesn't even matter anymore.  I just want you to be happy... It's not that I don't love you either.  But Jimmy, your timing couldn't be worse."",,,,,,,,,,,,,,,,,,,,,,,,,,,,,,,", u3259 ,m216,,
110699, u3259 ," I'm the one... I never made it work. I just... It's not that I don't love you.  It's not that.  I just never thought I'd be thirty-six years old and I never thought... I don't know what I thought.  What do you want, darlin'.  What do you want me to do."",,,,,,,,,,,,,,,,,,,,,,,,,,,,,,,", u3259 ,m216,,
110700, u3259 ," 'Cause, Louise.  I don't want to lose you.  And for some reason I get the feelin' you're about to split. Permanently."",,,,,,,,,,,,,,,,,,,,,,,,,,,,,,,", u3261 ,m216,,
110701, u3261 ," Why now, Jimmy?"",,,,,,,,,,,,,,,,,,,,,,,,,,,,,,,", u3259 ,m216,,
110702, u3259 ," So whaddya think.  I mean... I could... uh... get a job.  Of some kind.  I mean you've been tellin' me that for years, right?"",,,,,,,,,,,,,,,,,,,,,,,,,,,,,,,", u3259 ,m216,,
110703, u3259 ," You didn't see that one comin', did ya?"",,,,,,,,,,,,,,,,,,,,,,,,,,,,,,,", u3261 ,m216,,
110704, u3261 ," Jimmy... it's beautiful!,,,,,,,,,,,,,,,,,,,,,,,,,,,,,,,", u3259 ,m216,,
110705, u3259 ," Will you at least see how it fits?,,,,,,,,,,,,,,,,,,,,,,,,,,,,,,,", u3261 ,m216,,
110706, u3261 ," Maybe.,,,,,,,,,,,,,,,,,,,,,,,,,,,,,,,", u3259 ,m216,,
110707, u3259 ," Can I just ask you one other thing?,,,,,,,,,,,,,,,,,,,,,,,,,,,,,,,", u3259 ,m216,,
110708, u3259 ," Alright, alright.  I'm sorry."",,,,,,,,,,,,,,,,,,,,,,,,,,,,,,,", u3261 ,m216,,
110709, u3261 ," Stop it!  Stop it, Jimmy, or I'll leave right now.  I'm not kiddin'!"",,,,,,,,,,,,,,,,,,,,,,,,,,,,,,,", u3259 ,m216,,
110710, u3259 ," Then what?!  What, goddamnit, Louise!  Where the fuck are you going?  Are you just leaving for fucking ever?  What, did you fuckin' murder somebody or what?!"",,,,,,,,,,,,,,,,,,,,,,,,,,,,,,,", u3261 ,m216,,
110711, u3261 ," It's nothin' like that.,,,,,,,,,,,,,,,,,,,,,,,,,,,,,,,", u3259 ,m216,,
110712, u3259 ," Does it have something to do with another guy?  Are you in love with him?,,,,,,,,,,,,,,,,,,,,,,,,,,,,,,,", u3261 ,m216,,
110713, u3261 ," Maybe.,,,,,,,,,,,,,,,,,,,,,,,,,,,,,,,", u3259 ,m216,,
110714, u3259 ," Okay, peaches, okay.  But can I ask you one thing?"",,,,,,,,,,,,,,,,,,,,,,,,,,,,,,,", u3259 ,m216,,
110715, u3259 ," Okay, okay, just tell me what's the trouble."",,,,,,,,,,,,,,,,,,,,,,,,,,,,,,,", u3261 ,m216,,
110716, u3261 ," Jimmy, my daddy's still alive and it kind of gives me the creeps when you do that..."",,,,,,,,,,,,,,,,,,,,,,,,,,,,,,,", u3259 ,m216,,
110717, u3259 ," Now, my little coconut, what seems to be the trouble here?  Tell Daddy everything."",,,,,,,,,,,,,,,,,,,,,,,,,,,,,,,", u3261 ,m216,,
110718, u3261 ," It's me.,,,,,,,,,,,,,,,,,,,,,,,,,,,,,,,", u3259 ,m216,,
110719, u3259 ," Who is it?,,,,,,,,,,,,,,,,,,,,,,,,,,,,,,,", u3261 ,m216,,
110720, u3261 ," Hello...,,,,,,,,,,,,,,,,,,,,,,,,,,,,,,,", u3259 ,m216,,
110721, u3259 ," Can we get another room?  Just put it on my credit card.,,,,,,,,,,,,,,,,,,,,,,,,,,,,,,,", u3261 ,m216,,
110722, u3261 ," Oh my God!  Jimmy!  You... Oh my God!  What are you doin' here?,,,,,,,,,,,,,,,,,,,,,,,,,,,,,,,", u3259 ,m216,,
110723, u3259 ," Hey, peaches."",,,,,,,,,,,,,,,,,,,,,,,,,,,,,,,", u3259 ,m216,,
110724, u3259 ," That's the code word.  I miss you, peaches."",,,,,,,,,,,,,,,,,,,,,,,,,,,,,,,", u3261 ,m216,,
110725, u3261 ," What?,,,,,,,,,,,,,,,,,,,,,,,,,,,,,,,", u3259 ,m216,,
110726, u3259 ," Peaches.,,,,,,,,,,,,,,,,,,,,,,,,,,,,,,,", u3261 ,m216,,
110727, u3261 ," And what's the mysterious code word?,,,,,,,,,,,,,,,,,,,,,,,,,,,,,,,", u3259 ,m216,,
110728, u3259 ," It's a place called Shaw's Siesta Motel.  The address is 1921 North East 23.  It's under your name.,,,,,,,,,,,,,,,,,,,,,,,,,,,,,,,", u3261 ,m216,,
110729, u3261 ," Good.  That was good.  Where do I go?,,,,,,,,,,,,,,,,,,,,,,,,,,,,,,,", u3259 ,m216,,
110730, u3259 ," No, honey.  I told him I was buyin' a car.  What is it for?"",,,,,,,,,,,,,,,,,,,,,,,,,,,,,,,", u3261 ,m216,,
110731, u3261 ," You didn't say what it was for, did you?"",,,,,,,,,,,,,,,,,,,,,,,,,,,,,,,", u3259 ,m216,,
110732, u3259 ," Friend of mine, owns a club.  Dickie Randall.  You'd know him if you saw him.  His brother was in your class. Terry."",,,,,,,,,,,,,,,,,,,,,,,,,,,,,,,", u3261 ,m216,,
110733, u3261 ," Who did it?,,,,,,,,,,,,,,,,,,,,,,,,,,,,,,,", u3259 ,m216,,
110734, u3259 ," I got it.  I was afraid I'd missed you.  I almost couldn't get a check cashed.  It's Saturday.,,,,,,,,,,,,,,,,,,,,,,,,,,,,,,,", u3261 ,m216,,
110735, u3261 ," Is that how you answer the phone?,,,,,,,,,,,,,,,,,,,,,,,,,,,,,,,", u3261 ,m216,,
110736, u3261 ," Okay.,,,,,,,,,,,,,,,,,,,,,,,,,,,,,,,", u3259 ,m216,,
110737, u3259 ," I know.  Call me back.  Louise, I love you, okay?"",,,,,,,,,,,,,,,,,,,,,,,,,,,,,,,", u3261 ,m216,,
110738, u3261 ," Okay.  I'll call you back.  In an hour.  Don't tell Darryl.,,,,,,,,,,,,,,,,,,,,,,,,,,,,,,,", u3259 ,m216,,
110739, u3259 ," Call me back.,,,,,,,,,,,,,,,,,,,,,,,,,,,,,,,", u3261 ,m216,,
110740, u3261 ," Tell me now.,,,,,,,,,,,,,,,,,,,,,,,,,,,,,,,", u3259 ,m216,,
110741, u3259 ," No, for that much money I have to tell them exactly which office.  I know, I've had to have money wired to me on the road.  And there has to be a code word or they won't give it to you.  I'll have to tell you the code."",,,,,,,,,,,,,,,,,,,,,,,,,,,,,,,", u3261 ,m216,,
110742, u3261 ," Can't it go to any office?,,,,,,,,,,,,,,,,,,,,,,,,,,,,,,,", u3259 ,m216,,
110743, u3259 ," Louise, let me call you back after I wire it, so you'll know which office to go to."",,,,,,,,,,,,,,,,,,,,,,,,,,,,,,,", u3261 ,m216,,
110744, u3261 ," Not yet.,,,,,,,,,,,,,,,,,,,,,,,,,,,,,,,", u3259 ,m216,,
110745, u3259 ," You're in Oklahoma?!,,,,,,,,,,,,,,,,,,,,,,,,,,,,,,,", u3261 ,m216,,
110746, u3261 ," Wire it to the Western Union in Oklahoma City,"",,,,,,,,,,,,,,,,,,,,,,,,,,,,,,,", u3259 ,m216,,
110747, u3259 ," Christ, sure... yes!"",,,,,,,,,,,,,,,,,,,,,,,,,,,,,,,", u3261 ,m216,,
110748, u3261 ," Do you love me?,,,,,,,,,,,,,,,,,,,,,,,,,,,,,,,", u3259 ,m216,,
110749, u3259 ," Of course.  Of course!  Where?  Can't I bring it to you?  For God's sake, baby, please, just tell me what's happened, what could possibly be so bad?"",,,,,,,,,,,,,,,,,,,,,,,,,,,,,,,", u3261 ,m216,,
110750, u3261 ," Something real bad has happened and I can't tell you what, just that it's bad and I did it and I can't undo it.  Can you help me?"",,,,,,,,,,,,,,,,,,,,,,,,,,,,,,,", u3259 ,m216,,
110751, u3259 ," What the fuck is going on?,,,,,,,,,,,,,,,,,,,,,,,,,,,,,,,", u3261 ,m216,,
110752, u3261 ," I have a savings account with about sixty-seven hundred dollars in it. Now I know you won't be able to get it out, but I'm good for it.  I need that money.  Can you wire me the sixty-seven hundred dollars and I'll pay you back?  Please, I'm desperate."",,,,,,,,,,,,,,,,,,,,,,,,,,,,,,,", u3261 ,m216,,
110753, u3261 ," Fishing.  Look, Jimmy... I need you to help me.  This is serious.  I'm in trouble and I need you to help me.  Can you do that?"",,,,,,,,,,,,,,,,,,,,,,,,,,,,,,,", u3259 ,m216,,
110754, u3259 ," Where'd y'all go?,,,,,,,,,,,,,,,,,,,,,,,,,,,,,,,", u3259 ,m216,,
110755, u3259 ," Louise, just tell me what the hell is going on here!  I come back, nobody knows where you are.  Is Thelma with you?  Darryl's been callin' here every half-hour sayin' he's gonna kill you both when you get back, he's goin' nuts.  I don't envy her if she is."",,,,,,,,,,,,,,,,,,,,,,,,,,,,,,,", u3261 ,m216,,
110756, u3261 ," No, I'm out of town.  I'm in... I'm in real deep shit, Jimmy.  Deep shit Arkansas."",,,,,,,,,,,,,,,,,,,,,,,,,,,,,,,", u3259 ,m216,,
110757, u3259 ," Are you in town?  This sounds long distance.,,,,,,,,,,,,,,,,,,,,,,,,,,,,,,,", u3261 ,m216,,
110758, u3261 ," I am funny.  I'm real funny.,,,,,,,,,,,,,,,,,,,,,,,,,,,,,,,", u3259 ,m216,,
110759, u3259 ," Louise, honey... Where are you?  You sound funny."",,,,,,,,,,,,,,,,,,,,,,,,,,,,,,,", u3261 ,m216,,
110760, u3261 ," Hi.  I'm okay.  How are you?  Long time no see.,,,,,,,,,,,,,,,,,,,,,,,,,,,,,,,", u3259 ,m216,,
110761, u3259 ," Louise!  Where are you?  Are you alright?  Honey...,,,,,,,,,,,,,,,,,,,,,,,,,,,,,,,", u3264 ,m216,,
110762, u3264 ," As far as I'm concerned, yes, ma'am, you are."",,,,,,,,,,,,,,,,,,,,,,,,,,,,,,,", u3261 ,m216,,
110763, u3261 ," Am I in trouble?,,,,,,,,,,,,,,,,,,,,,,,,,,,,,,,", u3264 ,m216,,
110764, u3264 ," Front.,,,,,,,,,,,,,,,,,,,,,,,,,,,,,,,", u3261 ,m216,,
110765, u3261 ," In the back?,,,,,,,,,,,,,,,,,,,,,,,,,,,,,,,", u3264 ,m216,,
110766, u3264 ," You wanna come with me, please? Walk around and get in the car, please."",,,,,,,,,,,,,,,,,,,,,,,,,,,,,,,", u3261 ,m216,,
110767, u3261 ," Yes.,,,,,,,,,,,,,,,,,,,,,,,,,,,,,,,", u3264 ,m216,,
110768, u3264 ," Is this your car?,,,,,,,,,,,,,,,,,,,,,,,,,,,,,,,", u3261 ,m216,,
110769, u3261 ," Oh yeah.,,,,,,,,,,,,,,,,,,,,,,,,,,,,,,,", u3264 ,m216,,
110770, u3264 ," You wanna take it out of your wallet, please?"",,,,,,,,,,,,,,,,,,,,,,,,,,,,,,,", u3264 ,m216,,
110771, u3264 ," You wanna let me see your license, please?"",,,,,,,,,,,,,,,,,,,,,,,,,,,,,,,", u3261 ,m216,,
110772, u3261 ," Hello, Officer.  Is there a problem?"",,,,,,,,,,,,,,,,,,,,,,,,,,,,,,,", u3261 ,m216,,
110773, u3261 ," You, too, sweetie, the best."",,,,,,,,,,,,,,,,,,,,,,,,,,,,,,,", u3266 ,m216,,
110774, u3266 ," You're a good friend.,,,,,,,,,,,,,,,,,,,,,,,,,,,,,,,", u3261 ,m216,,
110775, u3261 ," Go?,,,,,,,,,,,,,,,,,,,,,,,,,,,,,,,", u3266 ,m216,,
110776, u3266 ," Go.,,,,,,,,,,,,,,,,,,,,,,,,,,,,,,,", u3261 ,m216,,
110777, u3261 ," What are you talkin' about?,,,,,,,,,,,,,,,,,,,,,,,,,,,,,,,", u3266 ,m216,,
110778, u3266 ," Then let's not get caught.,,,,,,,,,,,,,,,,,,,,,,,,,,,,,,,", u3261 ,m216,,
110779, u3261 ," We're not giving up, Thelma."",,,,,,,,,,,,,,,,,,,,,,,,,,,,,,,", u3266 ,m216,,
110780, u3266 ," Now what?,,,,,,,,,,,,,,,,,,,,,,,,,,,,,,,", u3261 ,m216,,
110781, u3261 ," All this for us?,,,,,,,,,,,,,,,,,,,,,,,,,,,,,,,", u3266 ,m216,,
110782, u3266 ," God!  It looks like the Army!,,,,,,,,,,,,,,,,,,,,,,,,,,,,,,,", u3261 ,m216,,
110783, u3261 ," It's grand!,,,,,,,,,,,,,,,,,,,,,,,,,,,,,,,", u3266 ,m216,,
110784, u3266 ," Isn't it beautiful?!!,,,,,,,,,,,,,,,,,,,,,,,,,,,,,,,", u3261 ,m216,,
110785, u3261 ," It's the Goddamn Grand Canyon!,,,,,,,,,,,,,,,,,,,,,,,,,,,,,,,", u3266 ,m216,,
110786, u3266 ," What in the hell is it?!,,,,,,,,,,,,,,,,,,,,,,,,,,,,,,,", u3266 ,m216,,
110787, u3266 ," Way up ahead!,,,,,,,,,,,,,,,,,,,,,,,,,,,,,,,", u3261 ,m216,,
110788, u3261 ," Where?!,,,,,,,,,,,,,,,,,,,,,,,,,,,,,,,", u3266 ,m216,,
110789, u3266 ," What in the hell is that up there?,,,,,,,,,,,,,,,,,,,,,,,,,,,,,,,", u3261 ,m216,,
110790, u3261 ," What?!,,,,,,,,,,,,,,,,,,,,,,,,,,,,,,,", u3266 ,m216,,
110791, u3266 ," Louise!,,,,,,,,,,,,,,,,,,,,,,,,,,,,,,,", u3261 ,m216,,
110792, u3261 ," How do you stay so positive?,,,,,,,,,,,,,,,,,,,,,,,,,,,,,,,", u3266 ,m216,,
110793, u3266 ," I guess everything we've got to lose is already gone anyway.,,,,,,,,,,,,,,,,,,,,,,,,,,,,,,,", u3261 ,m216,,
110794, u3261 ," Unbearable, I'd imagine."",,,,,,,,,,,,,,,,,,,,,,,,,,,,,,,", u3266 ,m216,,
110795, u3266 ," I guess everything from here on in is going to be pretty shitty.,,,,,,,,,,,,,,,,,,,,,,,,,,,,,,,", u3261 ,m216,,
110796, u3261 ," No... You've always been crazy. This is just the first chance you've had to really express yourself.,,,,,,,,,,,,,,,,,,,,,,,,,,,,,,,", u3266 ,m216,,
110797, u3266 ," I guess I went a little crazy, huh?"",,,,,,,,,,,,,,,,,,,,,,,,,,,,,,,", u3261 ,m216,,
110798, u3261 ," You too, sweetie, the best."",,,,,,,,,,,,,,,,,,,,,,,,,,,,,,,", u3266 ,m216,,
110799, u3266 ," You're a good friend.,,,,,,,,,,,,,,,,,,,,,,,,,,,,,,,", u3261 ,m216,,
110800, u3261 ," You're crazy.,,,,,,,,,,,,,,,,,,,,,,,,,,,,,,,", u3266 ,m216,,
110801, u3266 ," Louise... no matter what happens, I'm glad I came with you."",,,,,,,,,,,,,,,,,,,,,,,,,,,,,,,", u3261 ,m216,,
110802, u3261 ," There's one thing you oughta understand by now, Thelma, it's not your fault."",,,,,,,,,,,,,,,,,,,,,,,,,,,,,,,", u3266 ,m216,,
110803, u3266 ," I know this whole thing was my fault.  I know it is.,,,,,,,,,,,,,,,,,,,,,,,,,,,,,,,", u3261 ,m216,,
110804, u3261 ," They'll probably catch us when we have to stop for gas!,,,,,,,,,,,,,,,,,,,,,,,,,,,,,,,", u3266 ,m216,,
110805, u3266 ," Why?,,,,,,,,,,,,,,,,,,,,,,,,,,,,,,,", u3261 ,m216,,
110806, u3261 ," We probably shoulda filled up the car before we blew up that truck.,,,,,,,,,,,,,,,,,,,,,,,,,,,,,,,", u3266 ,m216,,
110807, u3266 ," Oh.,,,,,,,,,,,,,,,,,,,,,,,,,,,,,,,", u3261 ,m216,,
110808, u3261 ," What?!  What d'you think?!,,,,,,,,,,,,,,,,,,,,,,,,,,,,,,,", u3266 ,m216,,
110809, u3266 ," What?!,,,,,,,,,,,,,,,,,,,,,,,,,,,,,,,", u3261 ,m216,,
110810, u3261 ," Shit!,,,,,,,,,,,,,,,,,,,,,,,,,,,,,,,", u3266 ,m216,,
110811, u3266 ," Did you see that guy?!  He was right in the middle of the road!,,,,,,,,,,,,,,,,,,,,,,,,,,,,,,,", u3261 ,m216,,
110812, u3261 ," Shit!,,,,,,,,,,,,,,,,,,,,,,,,,,,,,,,", u3266 ,m216,,
110813, u3266 ," How long do you think that'll take?,,,,,,,,,,,,,,,,,,,,,,,,,,,,,,,", u3261 ,m216,,
110814, u3261 ," About two hundred and fifty miles.,,,,,,,,,,,,,,,,,,,,,,,,,,,,,,,", u3266 ,m216,,
110815, u3266 ," How far are we from Mexico?,,,,,,,,,,,,,,,,,,,,,,,,,,,,,,,", u3261 ,m216,,
110816, u3261 ," Yeah, right.  We're not gonna get caught."",,,,,,,,,,,,,,,,,,,,,,,,,,,,,,,", u3266 ,m216,,
110817, u3266 ," I guess we shoulda made some kinda plan for what to do if we get caught.,,,,,,,,,,,,,,,,,,,,,,,,,,,,,,,", u3266 ,m216,,
110818, u3266 ," Yup.,,,,,,,,,,,,,,,,,,,,,,,,,,,,,,,", u3261 ,m216,,
110819, u3261 ," We've gone insane.,,,,,,,,,,,,,,,,,,,,,,,,,,,,,,,", u3266 ,m216,,
110820, u3266 ," What?,,,,,,,,,,,,,,,,,,,,,,,,,,,,,,,", u3261 ,m216,,
110821, u3261 ," You know what's happened, don't you?"",,,,,,,,,,,,,,,,,,,,,,,,,,,,,,,", u3261 ,m216,,
110822, u3261 ," Texas... You were right about what happened to me there.,,,,,,,,,,,,,,,,,,,,,,,,,,,,,,,", u3266 ,m216,,
110823, u3266 ," Hey.  Where'd you learn to shoot like that?,,,,,,,,,,,,,,,,,,,,,,,,,,,,,,,", u3266 ,m216,,
110824, u3266 ," Does that mean suck my dick?,,,,,,,,,,,,,,,,,,,,,,,,,,,,,,,", u3261 ,m216,,
110825, u3261 ," And, oh my God, that other thing, that pointing to your lap?  What's that supposed to mean exactly?  Does that mean pull over, I want to show you what a big fat slob I am or..."",,,,,,,,,,,,,,,,,,,,,,,,,,,,,,,", u3266 ,m216,,
110826, u3266 ," I mean really!  That business with your tongue.  What is that?  That's disgusting!,,,,,,,,,,,,,,,,,,,,,,,,,,,,,,,", u3266 ,m216,,
110827, u3266 ," Pass him!,,,,,,,,,,,,,,,,,,,,,,,,,,,,,,,", u3261 ,m216,,
110828, u3261 ," It's him.  He's got California plates.  It's the same guy.,,,,,,,,,,,,,,,,,,,,,,,,,,,,,,,", u3266 ,m216,,
110829, u3266 ," Oh my God!  Louise!  Look!  Look! See if that's him!,,,,,,,,,,,,,,,,,,,,,,,,,,,,,,,", u3266 ,m216,,
110830, u3266 ," You're drivin'.,,,,,,,,,,,,,,,,,,,,,,,,,,,,,,,", u3261 ,m216,,
110831, u3261 ," We should head a little further in. There's not that many roads in this state.  I want to try to hit Mexico somewhere not so close to New Mexico.  They probably wanna kill us in New Mexico.,,,,,,,,,,,,,,,,,,,,,,,,,,,,,,,", u3261 ,m216,,
110832, u3261 ," It would have to be pretty damn good.,,,,,,,,,,,,,,,,,,,,,,,,,,,,,,,", u3266 ,m216,,
110833, u3266 ," It'd have to be pretty good.,,,,,,,,,,,,,,,,,,,,,,,,,,,,,,,", u3261 ,m216,,
110834, u3261 ," Yes!  Yes!  Now what kind of deal do you think that cop can come up with to beat that?,,,,,,,,,,,,,,,,,,,,,,,,,,,,,,,", u3266 ,m216,,
110835, u3266 ," I wanna get a job.  I wanna work at Club Med.,,,,,,,,,,,,,,,,,,,,,,,,,,,,,,,", u3261 ,m216,,
110836, u3261 ," We can live in a hacienda.,,,,,,,,,,,,,,,,,,,,,,,,,,,,,,,", u3266 ,m216,,
110837, u3266 ," We can change our names.,,,,,,,,,,,,,,,,,,,,,,,,,,,,,,,", u3261 ,m216,,
110838, u3261 ," We'll be drinkin' margaritas by the sea, Mamasita."",,,,,,,,,,,,,,,,,,,,,,,,,,,,,,,", u3266 ,m216,,
110839, u3266 ," Wide awake.  I don't remember ever feelin' this awake.  Everything looks different.  You know what I mean.  I know you know what I mean. Everything looks new.  Do you feel like that?  Like you've got something to look forward to?,,,,,,,,,,,,,,,,,,,,,,,,,,,,,,,", u3261 ,m216,,
110840, u3261 ," Good.,,,,,,,,,,,,,,,,,,,,,,,,,,,,,,,", u3266 ,m216,,
110841, u3266 ," Me too.  I feel awake.,,,,,,,,,,,,,,,,,,,,,,,,,,,,,,,", u3261 ,m216,,
110842, u3261 ," You could call it that.  My eyes are open.,,,,,,,,,,,,,,,,,,,,,,,,,,,,,,,", u3266 ,m216,,
110843, u3266 ," You awake?,,,,,,,,,,,,,,,,,,,,,,,,,,,,,,,", u3261 ,m216,,
110844, u3261 ," Well, let me know when you figure it out."",,,,,,,,,,,,,,,,,,,,,,,,,,,,,,,", u3266 ,m216,,
110845, u3266 ," No.,,,,,,,,,,,,,,,,,,,,,,,,,,,,,,,", u3261 ,m216,,
110846, u3261 ," Sure... You know how to hotwire a car?,,,,,,,,,,,,,,,,,,,,,,,,,,,,,,,", u3266 ,m216,,
110847, u3266 ," Louise, do you think we should change cars, get another car?"",,,,,,,,,,,,,,,,,,,,,,,,,,,,,,,", u3266 ,m216,,
110848, u3266 ," Gosh, didn't he say anything positive at all?"",,,,,,,,,,,,,,,,,,,,,,,,,,,,,,,", u3261 ,m216,,
110849, u3261 ," And we have to decide whether we want to come out of this dead or alive.,,,,,,,,,,,,,,,,,,,,,,,,,,,,,,,", u3266 ,m216,,
110850, u3266 ," Eeuww.,,,,,,,,,,,,,,,,,,,,,,,,,,,,,,,", u3261 ,m216,,
110851, u3261 ," He said they're charging us with murder.,,,,,,,,,,,,,,,,,,,,,,,,,,,,,,,", u3261 ,m216,,
110852, u3261 ," I know.  I know what you mean.  I don't wanna end up on the damn Geraldo Show.,,,,,,,,,,,,,,,,,,,,,,,,,,,,,,,", u3266 ,m216,,
110853, u3266 ," But I don't know... something's crossed over in me and I can't go back.  I mean, I just couldn't live..."",,,,,,,,,,,,,,,,,,,,,,,,,,,,,,,", u3261 ,m216,,
110854, u3261 ," Thelma, that is not an option."",,,,,,,,,,,,,,,,,,,,,,,,,,,,,,,", u3266 ,m216,,
110855, u3266 ," I can understand if you're thinkin' about it.  I mean, in a way, you've got something to go back for.  I mean Jimmy and everything."",,,,,,,,,,,,,,,,,,,,,,,,,,,,,,,", u3261 ,m216,,
110856, u3261 ," No, Thelma.  I'm not gonna make any deals."",,,,,,,,,,,,,,,,,,,,,,,,,,,,,,,", u3266 ,m216,,
110857, u3266 ," You're not gonna make some deal with that guy, are you?  I mean, I just wanna know."",,,,,,,,,,,,,,,,,,,,,,,,,,,,,,,", u3261 ,m216,,
110858, u3261 ," What do you mean?,,,,,,,,,,,,,,,,,,,,,,,,,,,,,,,", u3266 ,m216,,
110859, u3266 ," You're not gonna give up on me, are ya?"",,,,,,,,,,,,,,,,,,,,,,,,,,,,,,,", u3261 ,m216,,
110860, u3261 ," Yes, Thelma?"",,,,,,,,,,,,,,,,,,,,,,,,,,,,,,,", u3266 ,m216,,
110861, u3266 ," Louise?,,,,,,,,,,,,,,,,,,,,,,,,,,,,,,,", u3261 ,m216,,
110862, u3261 ," Whatever.,,,,,,,,,,,,,,,,,,,,,,,,,,,,,,,", u3266 ,m216,,
110863, u3266 ," No, Louise, you said the first part. I said all the rest."",,,,,,,,,,,,,,,,,,,,,,,,,,,,,,,", u3261 ,m216,,
110864, u3261 ," I said all that?,,,,,,,,,,,,,,,,,,,,,,,,,,,,,,,", u3266 ,m216,,
110865, u3266 ," That guy was hurtin' me.  And if you hadn't come out when you did, he'd a hurt me a lot worse.  And probably nothin' woulda happened to him. 'Cause everybody did see me dancin' with him all night.  And they woulda made out like I asked for it.  And my life woulda been ruined a whole lot worse than it is now.  At least now I'm havin' fun.  And I'm not sorry the son of a bitch is dead. I'm only sorry that it was you that did it and not me.  And if I haven't, I wanna take this time to thank you, Louise.  Thank you for savin' my ass."",,,,,,,,,,,,,,,,,,,,,,,,,,,,,,,", u3261 ,m216,,
110866, u3261 ," What?,,,,,,,,,,,,,,,,,,,,,,,,,,,,,,,", u3266 ,m216,,
110867, u3266 ," Nobody would believe us.  We'd still get in trouble.  We'd still have our lives ruined.  And you know what else?,,,,,,,,,,,,,,,,,,,,,,,,,,,,,,,", u3261 ,m216,,
110868, u3261 ," What'd I say again?,,,,,,,,,,,,,,,,,,,,,,,,,,,,,,,", u3266 ,m216,,
110869, u3266 ," You know why.  You already said.,,,,,,,,,,,,,,,,,,,,,,,,,,,,,,,", u3261 ,m216,,
110870, u3261 ," I think I've really fucked up.  I think I've got us in a situation where we could both get killed.  Why didn't we just go straight to the police.,,,,,,,,,,,,,,,,,,,,,,,,,,,,,,,", u3266 ,m216,,
110871, u3266 ," Are you alright?,,,,,,,,,,,,,,,,,,,,,,,,,,,,,,,", u3261 ,m216,,
110872, u3261 ," Shit.  I'm gettin' tired.,,,,,,,,,,,,,,,,,,,,,,,,,,,,,,,", u3261 ,m216,,
110873, u3261 ," Yeah.,,,,,,,,,,,,,,,,,,,,,,,,,,,,,,,", u3266 ,m216,,
110874, u3266 ," Yeah, you want it?"",,,,,,,,,,,,,,,,,,,,,,,,,,,,,,,", u3261 ,m216,,
110875, u3261 ," You do?,,,,,,,,,,,,,,,,,,,,,,,,,,,,,,,", u3266 ,m216,,
110876, u3266 ," Okay, okay... I've got some tequila. You want some tequila?"",,,,,,,,,,,,,,,,,,,,,,,,,,,,,,,", u3261 ,m216,,
110877, u3261 ," And I don't want any more Wild Turkey, either.  It's burning a hole in my stomach."",,,,,,,,,,,,,,,,,,,,,,,,,,,,,,,", u3261 ,m216,,
110878, u3261 ," I don't care what the damn pioneers ate.  You just keep that shit away from me, now I mean it."",,,,,,,,,,,,,,,,,,,,,,,,,,,,,,,", u3266 ,m216,,
110879, u3266 ," It's good.  It's what the pioneers ate.,,,,,,,,,,,,,,,,,,,,,,,,,,,,,,,", u3261 ,m216,,
110880, u3261 ," I don't want to see any more beef jerky.  I mean the next beef jerky you hand me is going out the window. It's drivin' me crazy.  The whole car smells like it.,,,,,,,,,,,,,,,,,,,,,,,,,,,,,,,", u3266 ,m216,,
110881, u3266 ," Just asking.,,,,,,,,,,,,,,,,,,,,,,,,,,,,,,,", u3261 ,m216,,
110882, u3261 ," Well, I figure if you take a state policeman, shoot up his car, take his gun and lock him in the trunk, it's best to just get on out of the state if you can."",,,,,,,,,,,,,,,,,,,,,,,,,,,,,,,", u3261 ,m216,,
110883, u3261 ," Yes.,,,,,,,,,,,,,,,,,,,,,,,,,,,,,,,", u3266 ,m216,,
110884, u3266 ," Louise... are we still going to Mexico?,,,,,,,,,,,,,,,,,,,,,,,,,,,,,,,", u3261 ,m216,,
110885, u3261 ," I believe you.,,,,,,,,,,,,,,,,,,,,,,,,,,,,,,,", u3266 ,m216,,
110886, u3266 ," I know it's crazy, Louise, but I just feel like I've got a knack for this shit."",,,,,,,,,,,,,,,,,,,,,,,,,,,,,,,", u3266 ,m216,,
110887, u3266 ," Hit it.,,,,,,,,,,,,,,,,,,,,,,,,,,,,,,,", u3261 ,m216,,
110888, u3261 ," Ready?,,,,,,,,,,,,,,,,,,,,,,,,,,,,,,,", u3261 ,m216,,
110889, u3261 ," Sorry!,,,,,,,,,,,,,,,,,,,,,,,,,,,,,,,", u3266 ,m216,,
110890, u3266 ," Sorry!,,,,,,,,,,,,,,,,,,,,,,,,,,,,,,,", u3266 ,m216,,
110891, u3266 ," Shoot the radio!,,,,,,,,,,,,,,,,,,,,,,,,,,,,,,,", u3261 ,m216,,
110892, u3261 ," What?,,,,,,,,,,,,,,,,,,,,,,,,,,,,,,,", u3266 ,m216,,
110893, u3266 ," I swear, before yesterday, neither one of us would have ever pulled a stunt like this.  But if you ever met my husband, you'd know why I just can... You wanna step out of the car, please?  You wanna put your hands on your head, please?  Louise, shoot the radio."",,,,,,,,,,,,,,,,,,,,,,,,,,,,,,,", u3261 ,m216,,
110894, u3261 ," I am really sorry about this.,,,,,,,,,,,,,,,,,,,,,,,,,,,,,,,", u3261 ,m216,,
110895, u3261 ," About how fast was I going?,,,,,,,,,,,,,,,,,,,,,,,,,,,,,,,", u3266 ,m216,,
110896, u3266 ," I told you to slow down.  Hell, Officer, I told her to slow down."",,,,,,,,,,,,,,,,,,,,,,,,,,,,,,,", u3266 ,m216,,
110897, u3266 ," Please, God, please don't let us get caught.  Please, please, please..."",,,,,,,,,,,,,,,,,,,,,,,,,,,,,,,", u3261 ,m216,,
110898, u3261 ," I don't know!  Shit!  Let's just play it by ear.  He may not know. He may just give me a ticket.,,,,,,,,,,,,,,,,,,,,,,,,,,,,,,,", u3266 ,m216,,
110899, u3266 ," What do we do?  What do you want to do?!,,,,,,,,,,,,,,,,,,,,,,,,,,,,,,,", u3266 ,m216,,
110900, u3266 ," Okay, Louise... It's okay."",,,,,,,,,,,,,,,,,,,,,,,,,,,,,,,", u3261 ,m216,,
110901, u3261 ," I'm warning you, Thelma.  You better drop it right now!  I don't want to talk about it!"",,,,,,,,,,,,,,,,,,,,,,,,,,,,,,,", u3266 ,m216,,
110902, u3266 ," ... in Texas... didn't it?  That's what happened... Oh my God.,,,,,,,,,,,,,,,,,,,,,,,,,,,,,,,", u3261 ,m216,,
110903, u3261 ," I don't want to talk about it! Thelma, I'm not kidding!  Don't you even..."",,,,,,,,,,,,,,,,,,,,,,,,,,,,,,,", u3266 ,m216,,
110904, u3266 ," Suck my dick... Boom!!,,,,,,,,,,,,,,,,,,,,,,,,,,,,,,,", u3261 ,m216,,
110905, u3261 ," Thelma!,,,,,,,,,,,,,,,,,,,,,,,,,,,,,,,", u3266 ,m216,,
110906, u3266 ," Boy, he wasn't expectin' that!"",,,,,,,,,,,,,,,,,,,,,,,,,,,,,,,", u3261 ,m216,,
110907, u3261 ," Now, Thelma, that is not..."",,,,,,,,,,,,,,,,,,,,,,,,,,,,,,,", u3266 ,m216,,
110908, u3266 ," Just the look on his face when you...  ... it's not funny.,,,,,,,,,,,,,,,,,,,,,,,,,,,,,,,", u3261 ,m216,,
110909, u3261 ," What?!  What about him?!,,,,,,,,,,,,,,,,,,,,,,,,,,,,,,,", u3266 ,m216,,
110910, u3266 ," Harlan.,,,,,,,,,,,,,,,,,,,,,,,,,,,,,,,", u3261 ,m216,,
110911, u3261 ," What?!,,,,,,,,,,,,,,,,,,,,,,,,,,,,,,,", u3261 ,m216,,
110912, u3261 ," What?  What's not funny, Thelma!"",,,,,,,,,,,,,,,,,,,,,,,,,,,,,,,", u3266 ,m216,,
110913, u3266 ," Nothing.  It's not funny.,,,,,,,,,,,,,,,,,,,,,,,,,,,,,,,", u3261 ,m216,,
110914, u3261 ," What?,,,,,,,,,,,,,,,,,,,,,,,,,,,,,,,", u3266 ,m216,,
110915, u3266 ," We should have just ignored him.,,,,,,,,,,,,,,,,,,,,,,,,,,,,,,,", u3261 ,m216,,
110916, u3261 ," Oh, Christ.  I hate this guy."",,,,,,,,,,,,,,,,,,,,,,,,,,,,,,,", u3266 ,m216,,
110917, u3266 ," Just ignore him.,,,,,,,,,,,,,,,,,,,,,,,,,,,,,,,", u3261 ,m216,,
110918, u3261 ," Look!  Look who it is, Thelma.  I'll be darned.  What's he doin' way out here."",,,,,,,,,,,,,,,,,,,,,,,,,,,,,,,", u3261 ,m216,,
110919, u3261 ," Well, you got it now."",,,,,,,,,,,,,,,,,,,,,,,,,,,,,,,", u3266 ,m216,,
110920, u3266 ," I always wanted to travel.  I just never got the opportunity.,,,,,,,,,,,,,,,,,,,,,,,,,,,,,,,", u3261 ,m216,,
110921, u3261 ," Gosh.  It sure is.,,,,,,,,,,,,,,,,,,,,,,,,,,,,,,,", u3266 ,m216,,
110922, u3266 ," This is so beautiful.,,,,,,,,,,,,,,,,,,,,,,,,,,,,,,,", u3266 ,m216,,
110923, u3266 ," Always lookin' on the bright side, aren't ya?"",,,,,,,,,,,,,,,,,,,,,,,,,,,,,,,", u3261 ,m216,,
110924, u3261 ," Well, now, maybe you won't have to."",,,,,,,,,,,,,,,,,,,,,,,,,,,,,,,", u3266 ,m216,,
110925, u3266 ," I mean, look how different he looks just since high school.  It's bad enough I have to get old, but doin' it with Darryl around is only gonna make it worse.  I mean, I don't think he's gonna be very nice about it."",,,,,,,,,,,,,,,,,,,,,,,,,,,,,,,", u3261 ,m216,,
110926, u3261 ," I can see that.,,,,,,,,,,,,,,,,,,,,,,,,,,,,,,,", u3266 ,m216,,
110927, u3266 ," Well, to be honest, the idea of getting old with Darryl was kinda startin' to get to me."",,,,,,,,,,,,,,,,,,,,,,,,,,,,,,,", u3261 ,m216,,
110928, u3261 ," Yeah.  Those.  That always put the fear of God in me.  What about you?,,,,,,,,,,,,,,,,,,,,,,,,,,,,,,,", u3266 ,m216,,
110929, u3266 ," Oh yeah.  You mean Peek-a-poos.,,,,,,,,,,,,,,,,,,,,,,,,,,,,,,,", u3261 ,m216,,
110930, u3261 ," Those, too, but you know those little hairy ones?  Those flat-faced little fuckers with those ugly goddamned teeth?"",,,,,,,,,,,,,,,,,,,,,,,,,,,,,,,", u3266 ,m216,,
110931, u3266 ," Like a Chihuahua?,,,,,,,,,,,,,,,,,,,,,,,,,,,,,,,", u3261 ,m216,,
110932, u3261 ," You know those little dogs you see people with?,,,,,,,,,,,,,,,,,,,,,,,,,,,,,,,", u3266 ,m216,,
110933, u3266 ," What little dogs?,,,,,,,,,,,,,,,,,,,,,,,,,,,,,,,", u3261 ,m216,,
110934, u3261 ," I guess I always thought the worst thing that could happen would be to end up old and alone in some crummy apartment with one of those little dogs.,,,,,,,,,,,,,,,,,,,,,,,,,,,,,,,", u3266 ,m216,,
110935, u3266 ," Before.,,,,,,,,,,,,,,,,,,,,,,,,,,,,,,,", u3261 ,m216,,
110936, u3261 ," You mean now or before?,,,,,,,,,,,,,,,,,,,,,,,,,,,,,,,", u3266 ,m216,,
110937, u3266 ," Of all the things in the world that scare you, what's the worst thing that scares you the most?"",,,,,,,,,,,,,,,,,,,,,,,,,,,,,,,", u3261 ,m216,,
110938, u3261 ," Yeah.,,,,,,,,,,,,,,,,,,,,,,,,,,,,,,,", u3266 ,m216,,
110939, u3266 ," Can I ask you kind of a weird question?,,,,,,,,,,,,,,,,,,,,,,,,,,,,,,,", u3266 ,m216,,
110940, u3266 ," I'm not suggestin' that!  I'm not goin' back.  No matter what happens. So don't worry about me.,,,,,,,,,,,,,,,,,,,,,,,,,,,,,,,", u3261 ,m216,,
110941, u3261 ," Oh, I don't know, Thelma.  I guess maybe we could turn ourselves in and spend our lives trading cigarettes for mascara so we can look nice when our families come to visit us on Saturdays.  Maybe we could have children with the prison guards."",,,,,,,,,,,,,,,,,,,,,,,,,,,,,,,", u3266 ,m216,,
110942, u3266 ," Whaddo we do?,,,,,,,,,,,,,,,,,,,,,,,,,,,,,,,", u3261 ,m216,,
110943, u3261 ," Now what what?,,,,,,,,,,,,,,,,,,,,,,,,,,,,,,,", u3266 ,m216,,
110944, u3266 ," Now what?,,,,,,,,,,,,,,,,,,,,,,,,,,,,,,,", u3266 ,m216,,
110945, u3266 ," I always wanted to see New Mexico.,,,,,,,,,,,,,,,,,,,,,,,,,,,,,,,", u3261 ,m216,,
110946, u3261 ," Oklahoma, Thelma.  We're crossing into New Mexico."",,,,,,,,,,,,,,,,,,,,,,,,,,,,,,,", u3266 ,m216,,
110947, u3266 ," Idaho?,,,,,,,,,,,,,,,,,,,,,,,,,,,,,,,", u3261 ,m216,,
110948, u3261 ," Just past Boise City.,,,,,,,,,,,,,,,,,,,,,,,,,,,,,,,", u3266 ,m216,,
110949, u3266 ," Louise?  Where are we?,,,,,,,,,,,,,,,,,,,,,,,,,,,,,,,", u3266 ,m216,,
110950, u3266 ," You're right.,,,,,,,,,,,,,,,,,,,,,,,,,,,,,,,", u3261 ,m216,,
110951, u3261 ," Just stop talkin' to people, Thelma! Stop bein' so open!  We're fugitives now.  Let's behave that way!"",,,,,,,,,,,,,,,,,,,,,,,,,,,,,,,", u3261 ,m216,,
110952, u3261 ," Why not?!  What's he got to lose? Other than my life's savings, that is.  Shit!"",,,,,,,,,,,,,,,,,,,,,,,,,,,,,,,", u3266 ,m216,,
110953, u3266 ," I just told him if he ever gets to Mexico to look us up.  I asked him not to tell.  I didn't think he would tell anybody.,,,,,,,,,,,,,,,,,,,,,,,,,,,,,,,", u3261 ,m216,,
110954, u3261 ," You told that thievin' little shit where we were goin'?!,,,,,,,,,,,,,,,,,,,,,,,,,,,,,,,", u3266 ,m216,,
110955, u3266 ," I... I...,,,,,,,,,,,,,,,,,,,,,,,,,,,,,,,", u3261 ,m216,,
110956, u3261 ," How'd they find out we're going to Mexico, Thelma, how they know that?"",,,,,,,,,,,,,,,,,,,,,,,,,,,,,,,", u3266 ,m216,,
110957, u3266 ," What.,,,,,,,,,,,,,,,,,,,,,,,,,,,,,,,", u3261 ,m216,,
110958, u3261 ," That J.D. kid is a little shit.,,,,,,,,,,,,,,,,,,,,,,,,,,,,,,,", u3266 ,m216,,
110959, u3266 ," Let's get it over with.,,,,,,,,,,,,,,,,,,,,,,,,,,,,,,,", u3261 ,m216,,
110960, u3261 ," Fill her up.  There's a phone right over there.,,,,,,,,,,,,,,,,,,,,,,,,,,,,,,,", u3266 ,m216,,
110961, u3266 ," Alright, Louise!"",,,,,,,,,,,,,,,,,,,,,,,,,,,,,,,", u3261 ,m216,,
110962, u3261 ," Besides, what do we say about the robbery?  No excuse for that.  No such thing as justifiable robbery."",,,,,,,,,,,,,,,,,,,,,,,,,,,,,,,", u3261 ,m216,,
110963, u3261 ," No physical evidence.  We can't prove he did it.  We probably can't even prove he touched you by now.,,,,,,,,,,,,,,,,,,,,,,,,,,,,,,,", u3266 ,m216,,
110964, u3266 ," Why not?!,,,,,,,,,,,,,,,,,,,,,,,,,,,,,,,", u3261 ,m216,,
110965, u3261 ," It won't work.,,,,,,,,,,,,,,,,,,,,,,,,,,,,,,,", u3266 ,m216,,
110966, u3266 ," They don't know that!  It was just you and me there.  I'll say he raped me and you had to shoot him!  I mean, it's almost the truth!"",,,,,,,,,,,,,,,,,,,,,,,,,,,,,,,", u3261 ,m216,,
110967, u3261 ," But it wasn't!  We got away!  We were walkin' away!,,,,,,,,,,,,,,,,,,,,,,,,,,,,,,,", u3266 ,m216,,
110968, u3266 ," Murder one!  God, Louise, can't we even say it was self-defense?"",,,,,,,,,,,,,,,,,,,,,,,,,,,,,,,", u3261 ,m216,,
110969, u3261 ," Oh, come on!  Murder one and armed robbery, Thelma!"",,,,,,,,,,,,,,,,,,,,,,,,,,,,,,,", u3266 ,m216,,
110970, u3266 ," Jeez, Louise, tapped the phone?  You think so?"",,,,,,,,,,,,,,,,,,,,,,,,,,,,,,,", u3261 ,m216,,
110971, u3261 ," To find out if he knows anything. If you think he does, you gotta hang up because it means the police have told him and the phone is probably tapped."",,,,,,,,,,,,,,,,,,,,,,,,,,,,,,,", u3266 ,m216,,
110972, u3266 ," What for?,,,,,,,,,,,,,,,,,,,,,,,,,,,,,,,", u3261 ,m216,,
110973, u3261 ," I want you to call Darryl.,,,,,,,,,,,,,,,,,,,,,,,,,,,,,,,", u3266 ,m216,,
110974, u3266 ," Yeah.,,,,,,,,,,,,,,,,,,,,,,,,,,,,,,,", u3261 ,m216,,
110975, u3261 ," Thelma.,,,,,,,,,,,,,,,,,,,,,,,,,,,,,,,", u3261 ,m216,,
110976, u3261 ," They think we like it.  Maybe they think it turns us on.,,,,,,,,,,,,,,,,,,,,,,,,,,,,,,,", u3266 ,m216,,
110977, u3266 ," Ugh!!  Why do they have to do that?,,,,,,,,,,,,,,,,,,,,,,,,,,,,,,,", u3261 ,m216,,
110978, u3261 ," Litterbug.,,,,,,,,,,,,,,,,,,,,,,,,,,,,,,,", u3266 ,m216,,
110979, u3266 ," Try to.,,,,,,,,,,,,,,,,,,,,,,,,,,,,,,,", u3261 ,m216,,
110980, u3261 ," So what's the plan, Thelma?  You just gonna stay drunk?"",,,,,,,,,,,,,,,,,,,,,,,,,,,,,,,", u3266 ,m216,,
110981, u3266 ," Yes!  I believe I am!,,,,,,,,,,,,,,,,,,,,,,,,,,,,,,,", u3261 ,m216,,
110982, u3261 ," You're disturbed.,,,,,,,,,,,,,,,,,,,,,,,,,,,,,,,", u3266 ,m216,,
110983, u3266 ," Maybe.  Maybe.  The call of the wild!,,,,,,,,,,,,,,,,,,,,,,,,,,,,,,,", u3261 ,m216,,
110984, u3261 ," You think you've found your calling?,,,,,,,,,,,,,,,,,,,,,,,,,,,,,,,", u3266 ,m216,,
110985, u3266 ," Oooooweee!!  You shoulda seen me! Like I'd been doin' it all my life! Nobody would ever believe it.,,,,,,,,,,,,,,,,,,,,,,,,,,,,,,,", u3261 ,m216,,
110986, u3261 ," No we shouldn't, but I want to put some distance between us and the scene of our last Goddamn crime!"",,,,,,,,,,,,,,,,,,,,,,,,,,,,,,,", u3266 ,m216,,
110987, u3266 ," Are you sure we should be driving like this?  In broad daylight and everything?,,,,,,,,,,,,,,,,,,,,,,,,,,,,,,,", u3261 ,m216,,
110988, u3261 ," For the first time in my life, I wish this car wasn't green."",,,,,,,,,,,,,,,,,,,,,,,,,,,,,,,", u3266 ,m216,,
110989, u3266 ," Lemme see the map.,,,,,,,,,,,,,,,,,,,,,,,,,,,,,,,", u3261 ,m216,,
110990, u3261 ," Holy shit.,,,,,,,,,,,,,,,,,,,,,,,,,,,,,,,", u3266 ,m216,,
110991, u3266 ," Well, I just..."",,,,,,,,,,,,,,,,,,,,,,,,,,,,,,,", u3261 ,m216,,
110992, u3261 ," Okay.  Shit, Thelma!  What'd you do? I mean, what did you say?"",,,,,,,,,,,,,,,,,,,,,,,,,,,,,,,", u3266 ,m216,,
110993, u3266 ," Now you get a grip, Louise!  Just drive us to Goddamn Mexico, will ya!"",,,,,,,,,,,,,,,,,,,,,,,,,,,,,,,", u3261 ,m216,,
110994, u3261 ," Oh shit, Thelma!!  Shit!  Shit! Shit!"",,,,,,,,,,,,,,,,,,,,,,,,,,,,,,,", u3266 ,m216,,
110995, u3266 ," I'm sorry.  Well, we need the money. Now we have it."",,,,,,,,,,,,,,,,,,,,,,,,,,,,,,,", u3261 ,m216,,
110996, u3261 ," What happened?,,,,,,,,,,,,,,,,,,,,,,,,,,,,,,,", u3266 ,m216,,
110997, u3266 ," Drive!  Drive away!,,,,,,,,,,,,,,,,,,,,,,,,,,,,,,,", u3261 ,m216,,
110998, u3261 ," No.,,,,,,,,,,,,,,,,,,,,,,,,,,,,,,,", u3266 ,m216,,
110999, u3266 ," Don't worry about it.  You want anything?,,,,,,,,,,,,,,,,,,,,,,,,,,,,,,,", u3261 ,m216,,
111000, u3261 ," Eighty-eight dollars ain't gonna make a dent, baby girl."",,,,,,,,,,,,,,,,,,,,,,,,,,,,,,,", u3261 ,m216,,
111001, u3261 ," You left that guy alone in the room?,,,,,,,,,,,,,,,,,,,,,,,,,,,,,,,", u3266 ,m216,,
111002, u3266 ," Taking a shower.,,,,,,,,,,,,,,,,,,,,,,,,,,,,,,,", u3261 ,m216,,
111003, u3261 ," I'm sorry.  I am happy.  I'm very happy for you.  I'm glad you had a good time.  It's about time.  Where is he now?,,,,,,,,,,,,,,,,,,,,,,,,,,,,,,,", u3266 ,m216,,
111004, u3266 ," You know, Louise, you're supposed to be my best friend.  You could at least be a little bit happy for me. You could at least pretend to be slightly happy that for once in my life I have a sexual experience that isn't completely disgusting."",,,,,,,,,,,,,,,,,,,,,,,,,,,,,,,", u3261 ,m216,,
111005, u3261 ," Thelma, please get a hold of yourself.  You're making a spectacle."",,,,,,,,,,,,,,,,,,,,,,,,,,,,,,,", u3266 ,m216,,
111006, u3266 ," I mean I finally understand what all the fuss is about.   This is just a whole 'nother ball game!,,,,,,,,,,,,,,,,,,,,,,,,,,,,,,,", u3261 ,m216,,
111007, u3261 ," Oh, Thelma.  Oh, no."",,,,,,,,,,,,,,,,,,,,,,,,,,,,,,,", u3261 ,m216,,
111008, u3261 ," I don't think I wanna hear what you're gonna tell me.,,,,,,,,,,,,,,,,,,,,,,,,,,,,,,,", u3266 ,m216,,
111009, u3266 ," Well, I'm not on drugs.  But I might be crazy."",,,,,,,,,,,,,,,,,,,,,,,,,,,,,,,", u3261 ,m216,,
111010, u3261 ," Yes, now that you mention it.  You seem crazy.  Like you're on drugs."",,,,,,,,,,,,,,,,,,,,,,,,,,,,,,,", u3266 ,m216,,
111011, u3266 ," Nothing.  Why?  Do I seem different?,,,,,,,,,,,,,,,,,,,,,,,,,,,,,,,", u3261 ,m216,,
111012, u3261 ," What's wrong with you?,,,,,,,,,,,,,,,,,,,,,,,,,,,,,,,", u3266 ,m216,,
111013, u3266 ," Nothing.  It got messed up.,,,,,,,,,,,,,,,,,,,,,,,,,,,,,,,", u3261 ,m216,,
111014, u3261 ," What happened to your hair?,,,,,,,,,,,,,,,,,,,,,,,,,,,,,,,", u3261 ,m216,,
111015, u3261 ," Have another drink, Thelma."",,,,,,,,,,,,,,,,,,,,,,,,,,,,,,,", u3266 ,m216,,
111016, u3266 ," You're a vision, Louise, a goddamn vision of loveliness, you always are."",,,,,,,,,,,,,,,,,,,,,,,,,,,,,,,", u3261 ,m216,,
111017, u3261 ," How do I look?,,,,,,,,,,,,,,,,,,,,,,,,,,,,,,,", u3266 ,m216,,
111018, u3266 ," I won't wait up.,,,,,,,,,,,,,,,,,,,,,,,,,,,,,,,", u3261 ,m216,,
111019, u3261 ," Put a lid on it, Thelma!  It's hard enough as it is.  Just let me get this part over with.  Now stay here and guard the money.  If there's any problem I'm in room 115."",,,,,,,,,,,,,,,,,,,,,,,,,,,,,,,", u3266 ,m216,,
111020, u3266 ," Well boy, he's got his work cut out for him now, don't he?"",,,,,,,,,,,,,,,,,,,,,,,,,,,,,,,", u3261 ,m216,,
111021, u3261 ," I didn't ask him to come!  It's like I said, Thelma, he just loves the chase."",,,,,,,,,,,,,,,,,,,,,,,,,,,,,,,", u3266 ,m216,,
111022, u3266 ," You are so sweet to that guy, you really are.  Imagine not wanting to drag him into this.  He is a lucky man."",,,,,,,,,,,,,,,,,,,,,,,,,,,,,,,", u3261 ,m216,,
111023, u3261 ," Nothing.  I'm not gonna tell him a thing.  The least I can do is not make him an accessory any more than he already is.,,,,,,,,,,,,,,,,,,,,,,,,,,,,,,,", u3266 ,m216,,
111024, u3266 ," So what are you gonna tell him?,,,,,,,,,,,,,,,,,,,,,,,,,,,,,,,", u3266 ,m216,,
111025, u3266 ," I heard that.,,,,,,,,,,,,,,,,,,,,,,,,,,,,,,,", u3261 ,m216,,
111026, u3261 ," He's always got it bad as long as I'm running in the other direction. Don't be fooled, he's no different than any other guy.  He knows how to chase and that's it.  Once he's caught you, he don't know what to do.  So he runs away."",,,,,,,,,,,,,,,,,,,,,,,,,,,,,,,", u3266 ,m216,,
111027, u3266 ," I don't care what you say about him. The boy has got it bad.,,,,,,,,,,,,,,,,,,,,,,,,,,,,,,,", u3261 ,m216,,
111028, u3261 ," Thelma kinda took to him.,,,,,,,,,,,,,,,,,,,,,,,,,,,,,,,", u3266 ,m216,,
111029, u3266 ," Yup.  That's him goin'.  I love to watch him go.,,,,,,,,,,,,,,,,,,,,,,,,,,,,,,,", u3261 ,m216,,
111030, u3261 ," He's a real piece o' work.  I wish you could meet him.,,,,,,,,,,,,,,,,,,,,,,,,,,,,,,,", u3266 ,m216,,
111031, u3266 ," She thinks he's a pig.,,,,,,,,,,,,,,,,,,,,,,,,,,,,,,,", u3261 ,m216,,
111032, u3261 ," That's puttin' it mildly.,,,,,,,,,,,,,,,,,,,,,,,,,,,,,,,", u3266 ,m216,,
111033, u3266 ," Louise and Darryl don't get along.,,,,,,,,,,,,,,,,,,,,,,,,,,,,,,,", u3261 ,m216,,
111034, u3261 ," He's got a lot to be proud of.,,,,,,,,,,,,,,,,,,,,,,,,,,,,,,,", u3266 ,m216,,
111035, u3266 ," No, Louise.  How come you never said what happened?"",,,,,,,,,,,,,,,,,,,,,,,,,,,,,,,", u3261 ,m216,,
111036, u3261 ," Thelma!  I'm not gonna talk about this!  Now find another way or give me the goddamn map and I will!  You understand?,,,,,,,,,,,,,,,,,,,,,,,,,,,,,,,", u3266 ,m216,,
111037, u3266 ," I know, Louise, but we're running for our lives!  Don't you think you could make an exception just this once?!  I mean, look at the map. The only thing between Oklahoma and Mexico is Texas!"",,,,,,,,,,,,,,,,,,,,,,,,,,,,,,,", u3261 ,m216,,
111038, u3261 ," You know how I feel about Texas... We're not going that way.,,,,,,,,,,,,,,,,,,,,,,,,,,,,,,,", u3266 ,m216,,
111039, u3266 ," Wait.  What?  You want to go to Mexico from Oklahoma and you don't want to go through Texas?,,,,,,,,,,,,,,,,,,,,,,,,,,,,,,,", u3261 ,m216,,
111040, u3261 ," I don't want to go that way.  Find a way that we don't have to go through Texas.,,,,,,,,,,,,,,,,,,,,,,,,,,,,,,,", u3266 ,m216,,
111041, u3266 ," Well, it looks like we can get on this road 81 that heads down towards Dallas, then cut over to..."",,,,,,,,,,,,,,,,,,,,,,,,,,,,,,,", u3261 ,m216,,
111042, u3261 ," I'm sorry.  I'm just not in the mood for company right now.  Here.  Take this map.  I need you to find all the secondary roads to Mexico from Oklahoma City.  I think we should stay off the interstates.  We're too conspicuous.,,,,,,,,,,,,,,,,,,,,,,,,,,,,,,,", u3266 ,m216,,
111043, u3266 ," I just don't see what it would hurt just to give somebody a ride.  Did you see his butt?  Darryl doesn't have a cute butt.  You could park a car in the shadow of his ass.,,,,,,,,,,,,,,,,,,,,,,,,,,,,,,,", u3266 ,m216,,
111044, u3266 ," He said """"Okay, Thelma.  I just wanted to know you were alright.  I hope you're havin' a good time.  You sure deserve one after puttin' up with me all the time.  I love you, honey."""""",,,,,,,,,,,,,,,,,,,,,,,,,,,,,,,", u3261 ,m216,,
111045, u3261 ," What did Darryl say?,,,,,,,,,,,,,,,,,,,,,,,,,,,,,,,", u3266 ,m216,,
111046, u3266 ," I wish we could've brought him with us.,,,,,,,,,,,,,,,,,,,,,,,,,,,,,,,", u3266 ,m216,,
111047, u3266 ," Louise.,,,,,,,,,,,,,,,,,,,,,,,,,,,,,,,", u3261 ,m216,,
111048, u3261 ," It's probably not a good idea.,,,,,,,,,,,,,,,,,,,,,,,,,,,,,,,", u3266 ,m216,,
111049, u3266 ," Louise, this young man is on his way back to school and needs a ride, and I thought since..."",,,,,,,,,,,,,,,,,,,,,,,,,,,,,,,", u3261 ,m216,,
111050, u3261 ," I don't know.  I won't be.,,,,,,,,,,,,,,,,,,,,,,,,,,,,,,,", u3266 ,m216,,
111051, u3266 ," Will I be?,,,,,,,,,,,,,,,,,,,,,,,,,,,,,,,", u3261 ,m216,,
111052, u3261 ," Call him.  Don't tell him anything. Tell him you're having a wonderful time and you'll be home tomorrow night.,,,,,,,,,,,,,,,,,,,,,,,,,,,,,,,", u3266 ,m216,,
111053, u3266 ," Call him?,,,,,,,,,,,,,,,,,,,,,,,,,,,,,,,", u3261 ,m216,,
111054, u3261 ," Don't you fall apart on me. Goddamnit, Thelma.  Every time we get in trouble, you go blank or plead insanity or some such shit, and this time... Not this time. Everything's changed now... Now you can do whatever you want, but I'm going to Mexico.  I'm going.  Are you coming with me?"",,,,,,,,,,,,,,,,,,,,,,,,,,,,,,,", u3266 ,m216,,
111055, u3266 ," I... I don't know.  I don't know what you're askin' me.,,,,,,,,,,,,,,,,,,,,,,,,,,,,,,,", u3261 ,m216,,
111056, u3261 ," Thelma, I'm going to Mexico.  I think I can make it in two and a half days, but I'm going to have to haul ass.  Are you up to this?  I mean, I have to know.  This isn't a game.  I'm in deep shit.  I gotta know what you're gonna do."",,,,,,,,,,,,,,,,,,,,,,,,,,,,,,,", u3266 ,m216,,
111057, u3266 ," But you think he fools around.,,,,,,,,,,,,,,,,,,,,,,,,,,,,,,,", u3261 ,m216,,
111058, u3261 ," I don't think Darryl is mature enough to conduct an affair.,,,,,,,,,,,,,,,,,,,,,,,,,,,,,,,", u3266 ,m216,,
111059, u3266 ," Do you think Darryl's having an affair?,,,,,,,,,,,,,,,,,,,,,,,,,,,,,,,", u3261 ,m216,,
111060, u3261 ," I've been tellin' you that for the last ten years.,,,,,,,,,,,,,,,,,,,,,,,,,,,,,,,", u3266 ,m216,,
111061, u3266 ," I called the asshole at 4:00 in the morning and he wasn't even home.  I don't know what he's got to be mad about.  I'm the one who should be mad.,,,,,,,,,,,,,,,,,,,,,,,,,,,,,,,", u3261 ,m216,,
111062, u3261 ," No, I didn't tell him.  And that's something we gotta get straight. Darryl's been callin', mad as a hornet, makin' all kinds of noise. When you talk to him, you cannot say anything about this.  You gotta make sure everything sounds normal."",,,,,,,,,,,,,,,,,,,,,,,,,,,,,,,", u3266 ,m216,,
111063, u3266 ," You talked to him?!  Is he mad?  Did you tell him?,,,,,,,,,,,,,,,,,,,,,,,,,,,,,,,", u3261 ,m216,,
111064, u3261 ," Oklahoma City.  Jimmy's gonna wire me some money, and then..."",,,,,,,,,,,,,,,,,,,,,,,,,,,,,,,", u3266 ,m216,,
111065, u3266 ," Don't get mad, Louise, but where are we going?"",,,,,,,,,,,,,,,,,,,,,,,,,,,,,,,", u3261 ,m216,,
111066, u3261 ," I think better when I drive.,,,,,,,,,,,,,,,,,,,,,,,,,,,,,,,", u3266 ,m216,,
111067, u3266 ," Did you finish thinking?,,,,,,,,,,,,,,,,,,,,,,,,,,,,,,,", u3261 ,m216,,
111068, u3261 ," Most people just cause me trouble, but that car always gets me out of it."",,,,,,,,,,,,,,,,,,,,,,,,,,,,,,,", u3266 ,m216,,
111069, u3266 ," My stuff's in the trunk!  God!  You care more about that car than you do about most people.,,,,,,,,,,,,,,,,,,,,,,,,,,,,,,,", u3261 ,m216,,
111070, u3261 ," You're not touchin' that car.,,,,,,,,,,,,,,,,,,,,,,,,,,,,,,,", u3266 ,m216,,
111071, u3266 ," Give me the keys.,,,,,,,,,,,,,,,,,,,,,,,,,,,,,,,", u3261 ,m216,,
111072, u3261 ," Well, what's the big rush, Thelma? If we just give 'em some time, they'll come to us...!  Oh Christ. I'm just not ready to go to jail yet.  Why don't you go out to the pool or something and I'll figure it out..."",,,,,,,,,,,,,,,,,,,,,,,,,,,,,,,", u3266 ,m216,,
111073, u3266 ," I suggested we go to the police, but you didn't like that; so, frankly, Louise, I'm all out of ideas."",,,,,,,,,,,,,,,,,,,,,,,,,,,,,,,", u3261 ,m216,,
111074, u3261 ," You could help me try and figure it out!  I gotta figure out what to do, and you could try and help me."",,,,,,,,,,,,,,,,,,,,,,,,,,,,,,,", u3266 ,m216,,
111075, u3266 ," Actin' like what?!  How am I supposed to act?  'Scuse me for not knowing what to do after you blow somebody's head off!,,,,,,,,,,,,,,,,,,,,,,,,,,,,,,,", u3261 ,m216,,
111076, u3261 ," Why are you actin' like this?,,,,,,,,,,,,,,,,,,,,,,,,,,,,,,,", u3266 ,m216,,
111077, u3266 ," What do you mean?,,,,,,,,,,,,,,,,,,,,,,,,,,,,,,,", u3261 ,m216,,
111078, u3261 ," Just what the hell is wrong with you?,,,,,,,,,,,,,,,,,,,,,,,,,,,,,,,", u3266 ,m216,,
111079, u3266 ," Well, when you figure it out, wake me up."",,,,,,,,,,,,,,,,,,,,,,,,,,,,,,,", u3261 ,m216,,
111080, u3261 ," Oh, I don't know.  I'm just nervous. I gotta figure out what to do."",,,,,,,,,,,,,,,,,,,,,,,,,,,,,,,", u3261 ,m216,,
111081, u3261 ," Hmmm.  We gotta get some money.,,,,,,,,,,,,,,,,,,,,,,,,,,,,,,,", u3266 ,m216,,
111082, u3266 ," I'm cash poor.,,,,,,,,,,,,,,,,,,,,,,,,,,,,,,,", u3266 ,m216,,
111083, u3266 ," What?  Oh, I don't know.  Let me look."",,,,,,,,,,,,,,,,,,,,,,,,,,,,,,,", u3261 ,m216,,
111084, u3261 ," We're gonna go to the next town and stop.  We'll get a motel room.  I can rest for a while and then figure out how to get some money.  We're gonna need money.  Thelma.  How much money do you have with you?,,,,,,,,,,,,,,,,,,,,,,,,,,,,,,,", u3266 ,m216,,
111085, u3266 ," So this is all my fault, is it."",,,,,,,,,,,,,,,,,,,,,,,,,,,,,,,", u3261 ,m216,,
111086, u3261 ," It means shut up, Thelma."",,,,,,,,,,,,,,,,,,,,,,,,,,,,,,,", u3266 ,m216,,
111087, u3266 ," Just what is that supposed to mean?,,,,,,,,,,,,,,,,,,,,,,,,,,,,,,,", u3261 ,m216,,
111088, u3261 ," If you weren't so concerned with having a good time, we wouldn't be here right now."",,,,,,,,,,,,,,,,,,,,,,,,,,,,,,,", u3266 ,m216,,
111089, u3266 ," Our next move?  I'll say one thing, Louise.  This is some vacation.  I sure am having a good time.  This is real fun."",,,,,,,,,,,,,,,,,,,,,,,,,,,,,,,", u3261 ,m216,,
111090, u3261 ," We have to think this through.  We have to be smart.  Now is not the time to panic.  If we panic now, we're done for.  Nobody saw it. Nobody knows it was us.  We're still okay.  Now all we have to do is just figure out our next move."",,,,,,,,,,,,,,,,,,,,,,,,,,,,,,,", u3261 ,m216,,
111091, u3261 ," It means you don't talk to anybody. You don't draw attention to yourself in any way.  Do you understand that?,,,,,,,,,,,,,,,,,,,,,,,,,,,,,,,", u3266 ,m216,,
111092, u3266 ," Yes.,,,,,,,,,,,,,,,,,,,,,,,,,,,,,,,", u3261 ,m216,,
111093, u3261 ," We gotta be inconspicuous.  Do you know what that means?,,,,,,,,,,,,,,,,,,,,,,,,,,,,,,,", u3261 ,m216,,
111094, u3261 ," Only about a hundred people saw you cheek to goddamn cheek with him all night, Thelma!  Who's gonna believe that?!  We just don't live in that kind of world.  Pull over!"",,,,,,,,,,,,,,,,,,,,,,,,,,,,,,,", u3266 ,m216,,
111095, u3266 ," All of it.  That he tried to rape me.,,,,,,,,,,,,,,,,,,,,,,,,,,,,,,,", u3261 ,m216,,
111096, u3261 ," Which part?,,,,,,,,,,,,,,,,,,,,,,,,,,,,,,,", u3266 ,m216,,
111097, u3266 ," I don't know.  Just tell 'em what happened.,,,,,,,,,,,,,,,,,,,,,,,,,,,,,,,", u3261 ,m216,,
111098, u3261 ," Tell them what?!  What, Thelma? What do you think we should tell them?"",,,,,,,,,,,,,,,,,,,,,,,,,,,,,,,", u3266 ,m216,,
111099, u3266 ," Shouldn't we go to the cops?  I mean, I think we should tell the police."",,,,,,,,,,,,,,,,,,,,,,,,,,,,,,,", u3261 ,m216,,
111100, u3261 ," I don't know, Thelma!  I don't know! Just shut up a minute so I can think."",,,,,,,,,,,,,,,,,,,,,,,,,,,,,,,", u3266 ,m216,,
111101, u3266 ," Louise.  Where are we going?,,,,,,,,,,,,,,,,,,,,,,,,,,,,,,,", u3261 ,m216,,
111102, u3261 ," West.  Left.,,,,,,,,,,,,,,,,,,,,,,,,,,,,,,,", u3266 ,m216,,
111103, u3266 ," Shit!  I... I, which way?"",,,,,,,,,,,,,,,,,,,,,,,,,,,,,,,", u3261 ,m216,,
111104, u3261 ," Get the car!,,,,,,,,,,,,,,,,,,,,,,,,,,,,,,,", u3266 ,m216,,
111105, u3266 ," Jesus Christ!  Louise, you shot him."",,,,,,,,,,,,,,,,,,,,,,,,,,,,,,,", u3261 ,m216,,
111106, u3261 ," Get the car.,,,,,,,,,,,,,,,,,,,,,,,,,,,,,,,", u3266 ,m216,,
111107, u3266 ," Oh my God.,,,,,,,,,,,,,,,,,,,,,,,,,,,,,,,", u3266 ,m216,,
111108, u3266 ," Ready when you are.,,,,,,,,,,,,,,,,,,,,,,,,,,,,,,,", u3261 ,m216,,
111109, u3261 ," Thelma, I'm gonna hit the little girls' room, and then we gotta hit the road."",,,,,,,,,,,,,,,,,,,,,,,,,,,,,,,", u3266 ,m216,,
111110, u3266 ," In the meantime, you said we were gonna have some fun.  So let's have some!"",,,,,,,,,,,,,,,,,,,,,,,,,,,,,,,", u3261 ,m216,,
111111, u3261 ," Exactly.,,,,,,,,,,,,,,,,,,,,,,,,,,,,,,,", u3261 ,m216,,
111112, u3261 ," Why don't you ditch that loser husband of yours?,,,,,,,,,,,,,,,,,,,,,,,,,,,,,,,", u3266 ,m216,,
111113, u3266 ," Why don't you tell him to just to get lost once and for all?,,,,,,,,,,,,,,,,,,,,,,,,,,,,,,,", u3261 ,m216,,
111114, u3261 ," I wonder if Jimmy's gotten back.,,,,,,,,,,,,,,,,,,,,,,,,,,,,,,,", u3266 ,m216,,
111115, u3266 ," I'm sorry, Louise.  I know you're all upset.  It's just I'm so excited to be out of the house, I guess.  I wonder if Darryl's home yet."",,,,,,,,,,,,,,,,,,,,,,,,,,,,,,,", u3261 ,m216,,
111116, u3261 ," Givin' him a taste of his own medicine.  Asshole.,,,,,,,,,,,,,,,,,,,,,,,,,,,,,,,", u3266 ,m216,,
111117, u3266 ," So, Jimmy still hasn't called yet?"",,,,,,,,,,,,,,,,,,,,,,,,,,,,,,,", u3266 ,m216,,
111118, u3266 ," Well, just relax, will ya.  You're makin' me nervous."",,,,,,,,,,,,,,,,,,,,,,,,,,,,,,,", u3261 ,m216,,
111119, u3261 ," Maybe.,,,,,,,,,,,,,,,,,,,,,,,,,,,,,,,", u3266 ,m216,,
111120, u3266 ," So what if he was?  It's all your years of waitin' tables has made you jaded, that's all."",,,,,,,,,,,,,,,,,,,,,,,,,,,,,,,", u3261 ,m216,,
111121, u3261 ," Can't you tell when somebody's hittin' on you?,,,,,,,,,,,,,,,,,,,,,,,,,,,,,,,", u3266 ,m216,,
111122, u3266 ," Jeez, Louise, that wasn't very nice."",,,,,,,,,,,,,,,,,,,,,,,,,,,,,,,", u3266 ,m216,,
111123, u3266 ," Yeah!,,,,,,,,,,,,,,,,,,,,,,,,,,,,,,,", u3261 ,m216,,
111124, u3261 ," Alright...  I changed my mind.  I'll have a margarita with and a shot of Cuervo on the side, please."",,,,,,,,,,,,,,,,,,,,,,,,,,,,,,,", u3266 ,m216,,
111125, u3266 ," Well, I've had it up to my ass with sedate!  You said you and me was gonna get outta town and, for once, just really let our hair down. Well, darlin,' look out 'cause my hair is comin' down!"",,,,,,,,,,,,,,,,,,,,,,,,,,,,,,,", u3261 ,m216,,
111126, u3261 ," I just haven't seen you like this in a while.  I'm used to seeing you more sedate.,,,,,,,,,,,,,,,,,,,,,,,,,,,,,,,", u3266 ,m216,,
111127, u3266 ," Tell me somethin'.  Is this my vacation or isn't it?  I mean, God, you're as bad as Darryl."",,,,,,,,,,,,,,,,,,,,,,,,,,,,,,,", u3261 ,m216,,
111128, u3261 ," Thelma!,,,,,,,,,,,,,,,,,,,,,,,,,,,,,,,", u3266 ,m216,,
111129, u3266 ," Isn't this fun?,,,,,,,,,,,,,,,,,,,,,,,,,,,,,,,", u3261 ,m216,,
111130, u3261 ," I haven't seen a place like this since I left Texas.,,,,,,,,,,,,,,,,,,,,,,,,,,,,,,,", u3266 ,m216,,
111131, u3266 ," Then what difference does it make if we stop?  Come on.  I never get to do stuff like this.,,,,,,,,,,,,,,,,,,,,,,,,,,,,,,,", u3261 ,m216,,
111132, u3261 ," We've not gonna get to the cabin till after dark as it is, Thelma."",,,,,,,,,,,,,,,,,,,,,,,,,,,,,,,", u3266 ,m216,,
111133, u3266 ," I'll never make it... Can't we stop just for a few minutes...,,,,,,,,,,,,,,,,,,,,,,,,,,,,,,,", u3261 ,m216,,
111134, u3261 ," Another hour of so.  We've got enough food for a month.,,,,,,,,,,,,,,,,,,,,,,,,,,,,,,,", u3266 ,m216,,
111135, u3266 ," How much longer is it gonna be?  I'm hungry.,,,,,,,,,,,,,,,,,,,,,,,,,,,,,,,", u3266 ,m216,,
111136, u3266 ," Well, he has never let me go.  He never lets me do one goddamn thing that's any fun.  All he wants me to do is hang around the house the whole time while he's out doing God only knows what."",,,,,,,,,,,,,,,,,,,,,,,,,,,,,,,", u3261 ,m216,,
111137, u3261 ," Aw, shit, Thelma, he's gonna kill you."",,,,,,,,,,,,,,,,,,,,,,,,,,,,,,,", u3266 ,m216,,
111138, u3266 ," 'Cause I didn't ask him.,,,,,,,,,,,,,,,,,,,,,,,,,,,,,,,", u3261 ,m216,,
111139, u3261 ," How come he let you go?,,,,,,,,,,,,,,,,,,,,,,,,,,,,,,,", u3266 ,m216,,
111140, u3266 ," I've never had the chance to go out of town without Darryl.,,,,,,,,,,,,,,,,,,,,,,,,,,,,,,,", u3261 ,m216,,
111141, u3261 ," It's Bob's, the day manager's.  He's gettin' a divorce, so his wife's gettin' this place, so he's just lettin' all his friends use it till he has to turn over the keys."",,,,,,,,,,,,,,,,,,,,,,,,,,,,,,,", u3266 ,m216,,
111142, u3266 ," Whose place is this again?,,,,,,,,,,,,,,,,,,,,,,,,,,,,,,,", u3266 ,m216,,
111143, u3266 ," We'd have to.  That thing barely makes it down the driveway.,,,,,,,,,,,,,,,,,,,,,,,,,,,,,,,", u3261 ,m216,,
111144, u3261 ," Oh yeah, sure, Thelma, that lantern will come in real handy.  Maybe we could tow your car behind, in case he steals the spark plugs."",,,,,,,,,,,,,,,,,,,,,,,,,,,,,,,", u3266 ,m216,,
111145, u3266 ," In case there's some escaped psycho killer on the loose, who cuts the electricity off and tries to come in and kill us."",,,,,,,,,,,,,,,,,,,,,,,,,,,,,,,", u3261 ,m216,,
111146, u3261 ," In case of what?,,,,,,,,,,,,,,,,,,,,,,,,,,,,,,,", u3266 ,m216,,
111147, u3266 ," I wanna take it anyway.  Just in case.,,,,,,,,,,,,,,,,,,,,,,,,,,,,,,,", u3261 ,m216,,
111148, u3261 ," We don't need the lantern.  The place has electricity.,,,,,,,,,,,,,,,,,,,,,,,,,,,,,,,", u3261 ,m216,,
111149, u3261 ," Neither do I, Thelma, but Darryl does it, how hard can it be?  I'll see you later.  Be ready."",,,,,,,,,,,,,,,,,,,,,,,,,,,,,,,", u3266 ,m216,,
111150, u3266 ," I don't know how to fish, Louise."",,,,,,,,,,,,,,,,,,,,,,,,,,,,,,,", u3261 ,m216,,
111151, u3261 ," And steal Darryl's fishin' stuff.,,,,,,,,,,,,,,,,,,,,,,,,,,,,,,,", u3266 ,m216,,
111152, u3266 ," Okay.  I will, too."",,,,,,,,,,,,,,,,,,,,,,,,,,,,,,,", u3261 ,m216,,
111153, u3261 ," I don't know.  Warm stuff, I guess. It's the mountains.  I guess it gets cold at night.  I'm just gonna bring everything."",,,,,,,,,,,,,,,,,,,,,,,,,,,,,,,", u3266 ,m216,,
111154, u3266 ," What kind of stuff do I bring?,,,,,,,,,,,,,,,,,,,,,,,,,,,,,,,", u3261 ,m216,,
111155, u3261 ," You're kiddin'!  Alright!  I'll be there around two or three.,,,,,,,,,,,,,,,,,,,,,,,,,,,,,,,", u3266 ,m216,,
111156, u3266 ," What time are you gonna pick me up?,,,,,,,,,,,,,,,,,,,,,,,,,,,,,,,", u3261 ,m216,,
111157, u3261 ," Not this weekend, sweetie, she's runnin' away with me.  Hi.  What'd he say?"",,,,,,,,,,,,,,,,,,,,,,,,,,,,,,,", u3266 ,m216,,
111158, u3266 ," I'll call you right back.,,,,,,,,,,,,,,,,,,,,,,,,,,,,,,,", u3261 ,m216,,
111159, u3261 ," No, I'm callin' from the Playboy Mansion."",,,,,,,,,,,,,,,,,,,,,,,,,,,,,,,", u3266 ,m216,,
111160, u3266 ," He already thinks you're out of your mind, Louise, that don't carry much weight with Darryl.  Are you at work?"",,,,,,,,,,,,,,,,,,,,,,,,,,,,,,,", u3261 ,m216,,
111161, u3261 ," You mean you haven't asked him yet? For Christ sake, Thelma, is he your husband or your father?  It's just two days.  For God's sake, Thelma. Don't be a child.  Just tell him you're goin' with me, for cryin' out loud.  Tell him I'm havin' a nervous breakdown."",,,,,,,,,,,,,,,,,,,,,,,,,,,,,,,", u3266 ,m216,,
111162, u3266 ," Well, wait now.  I still have to ask Darryl if I can go."",,,,,,,,,,,,,,,,,,,,,,,,,,,,,,,", u3267 ,m216,,
111163, u3267 ," Fuck you.,,,,,,,,,,,,,,,,,,,,,,,,,,,,,,,", u3261 ,m216,,
111164, u3261 ," Are you going to apologize or not?,,,,,,,,,,,,,,,,,,,,,,,,,,,,,,,", u3267 ,m216,,
111165, u3267 ," Fuck that.,,,,,,,,,,,,,,,,,,,,,,,,,,,,,,,", u3261 ,m216,,
111166, u3261 ," Say you're sorry.,,,,,,,,,,,,,,,,,,,,,,,,,,,,,,,", u3267 ,m216,,
111167, u3267 ," I'm not apologizing for shit!,,,,,,,,,,,,,,,,,,,,,,,,,,,,,,,", u3261 ,m216,,
111168, u3261 ," You got that right.,,,,,,,,,,,,,,,,,,,,,,,,,,,,,,,", u3267 ,m216,,
111169, u3267 ," You women are crazy!,,,,,,,,,,,,,,,,,,,,,,,,,,,,,,,", u3261 ,m216,,
111170, u3261 ," You know good and damn well what I'm talkin' about.,,,,,,,,,,,,,,,,,,,,,,,,,,,,,,,", u3267 ,m216,,
111171, u3267 ," What?  What are you talkin' about?,,,,,,,,,,,,,,,,,,,,,,,,,,,,,,,", u3267 ,m216,,
111172, u3267 ," Yeah.  I been seein' you, too."",,,,,,,,,,,,,,,,,,,,,,,,,,,,,,,", u3261 ,m216,,
111173, u3261 ," We been seein' you all along the way.,,,,,,,,,,,,,,,,,,,,,,,,,,,,,,,", u3266 ,m216,,
111174, u3266 ," Damn.  I hate that!  I hate bein' called a beaver, don't you?"",,,,,,,,,,,,,,,,,,,,,,,,,,,,,,,", u3267 ,m216,,
111175, u3267 ," Yeah... sure did.,,,,,,,,,,,,,,,,,,,,,,,,,,,,,,,", u3266 ,m216,,
111176, u3266 ," You probably even called us beavers on your CB radio, didn't you?"",,,,,,,,,,,,,,,,,,,,,,,,,,,,,,,", u3267 ,m216,,
111177, u3267 ," Oh, Jesus!"",,,,,,,,,,,,,,,,,,,,,,,,,,,,,,,", u3267 ,m216,,
111178, u3267 ," Fresno.,,,,,,,,,,,,,,,,,,,,,,,,,,,,,,,", u3266 ,m216,,
111179, u3266 ," Where you goin'?,,,,,,,,,,,,,,,,,,,,,,,,,,,,,,,", u3267 ,m216,,
111180, u3267 ," Grrrreat!,,,,,,,,,,,,,,,,,,,,,,,,,,,,,,,", u3266 ,m216,,
111181, u3266 ," We're fine!  How are you?,,,,,,,,,,,,,,,,,,,,,,,,,,,,,,,", u3267 ,m216,,
111182, u3267 ," Hi there!  You alright?,,,,,,,,,,,,,,,,,,,,,,,,,,,,,,,", u3266 ,m216,,
111183, u3266 ," Hi!,,,,,,,,,,,,,,,,,,,,,,,,,,,,,,,", u3267 ,m216,,
