,User_id,text,sec_user,movies_name,relationship,attachment
112289, u3308 ," Don't have one, Carl. I have a number, man. Just like the numbers on those treasury checks. You stole from your own country, Carl. Shame on you."",,,,,,,,,,,,,,,,,,,,,,,,,,,,,,,", u3300 ,m219,,
112290, u3300 ," Jesus Christ, Larry, what the fu-- Larry. That's not even your name, is it? What's your real name, you fucking scumbag?"",,,,,,,,,,,,,,,,,,,,,,,,,,,,,,,", u3308 ,m219,,
112291, u3308 ," We are one-dimensional, boring peddlers of fine carpet, Carl."",,,,,,,,,,,,,,,,,,,,,,,,,,,,,,,", u3300 ,m219,,
112292, u3300 ," Rug samples.,,,,,,,,,,,,,,,,,,,,,,,,,,,,,,,", u3308 ,m219,,
112293, u3308 ," Anyone stops us going in, we're with the Bowen-Hamilton Textile Company. We have rug samples."",,,,,,,,,,,,,,,,,,,,,,,,,,,,,,,", u3308 ,m219,,
112294, u3308 ," Breathe, Carl. Four, nice, deep ones."",,,,,,,,,,,,,,,,,,,,,,,,,,,,,,,", u3300 ,m219,,
112295, u3300 ," Heroes ain't supposed to shake. I'm shakin', man, look at me."",,,,,,,,,,,,,,,,,,,,,,,,,,,,,,,", u3308 ,m219,,
112296, u3308 ," You're my hero, Carl."",,,,,,,,,,,,,,,,,,,,,,,,,,,,,,,", u3300 ,m219,,
112297, u3300 ," Yeah.,,,,,,,,,,,,,,,,,,,,,,,,,,,,,,,", u3300 ,m219,,
112298, u3300 ," Don't get too attached.,,,,,,,,,,,,,,,,,,,,,,,,,,,,,,,", u3308 ,m219,,
112299, u3308 ," Hey. Nice tie.,,,,,,,,,,,,,,,,,,,,,,,,,,,,,,,", u3300 ,m219,,
112300, u3300 ," Hey.,,,,,,,,,,,,,,,,,,,,,,,,,,,,,,,", u3308 ,m219,,
112301, u3308 ," They can lead us to Jimmy. Just let them go. We're tightening the net on him. We know he's on the reservation.,,,,,,,,,,,,,,,,,,,,,,,,,,,,,,,", u3301 ,m219,,
112302, u3301 ," They're going to kill me next. That's what I hear. These new Indians are destroying everything. Our people are a quiet people.,,,,,,,,,,,,,,,,,,,,,,,,,,,,,,,", u3301 ,m219,,
112303, u3301 ," Our police are afraid of them. Please get them out of here.,,,,,,,,,,,,,,,,,,,,,,,,,,,,,,,", u3308 ,m219,,
112304, u3308 ," Mr. Clear Moon.,,,,,,,,,,,,,,,,,,,,,,,,,,,,,,,", u3308 ,m219,,
112305, u3308 ," Oh, I'm set, Sir. I'm set."",,,,,,,,,,,,,,,,,,,,,,,,,,,,,,,", u3301 ,m219,,
112306, u3301 ," Are you hungry? I have some nice raw kidney in the truck.,,,,,,,,,,,,,,,,,,,,,,,,,,,,,,,", u3308 ,m219,,
112307, u3308 ," I see.,,,,,,,,,,,,,,,,,,,,,,,,,,,,,,,", u3301 ,m219,,
112308, u3301 ," Yes. Rooms thirteen and fourteen are on Indian land.,,,,,,,,,,,,,,,,,,,,,,,,,,,,,,,", u3308 ,m219,,
112309, u3308 ," I thought we were staying on the reservation.,,,,,,,,,,,,,,,,,,,,,,,,,,,,,,,", u3302 ,m219,,
112310, u3302 ," The only good Indian is a dead Indian, does that old adage still hold true out here?"",,,,,,,,,,,,,,,,,,,,,,,,,,,,,,,", u3304 ,m219,,
112311, u3304 ," You know how in your big cities, you got your niggers and you got your Puerto Ricans? Well out here we got Indians. That's just the way it is."",,,,,,,,,,,,,,,,,,,,,,,,,,,,,,,", u3304 ,m219,,
112312, u3304 ," Again. Figures, man."",,,,,,,,,,,,,,,,,,,,,,,,,,,,,,,", u3302 ,m219,,
112313, u3302 ," A murder. On the reservation.,,,,,,,,,,,,,,,,,,,,,,,,,,,,,,,", u3304 ,m219,,
112314, u3304 ," FBI? What you investigatin'?,,,,,,,,,,,,,,,,,,,,,,,,,,,,,,,", u3302 ,m219,,
112315, u3302 ," Brooks, what's a perceptive fellow like you, doing in a joint like this? Let me buy you a glass of some of that Russian shit you like."",,,,,,,,,,,,,,,,,,,,,,,,,,,,,,,", u3304 ,m219,,
112316, u3304 ," Hey, Brooks, come over here. I want you to meet a coupla fellas from Denver."",,,,,,,,,,,,,,,,,,,,,,,,,,,,,,,", u3302 ,m219,,
112317, u3302 ," Now keep that between us, Dennis, cuz I don't know what kinda Johnny Law they got here."",,,,,,,,,,,,,,,,,,,,,,,,,,,,,,,", u3302 ,m219,,
112318, u3302 ," -- don't """"man"""" me, Jimmy. Where's the key?"",,,,,,,,,,,,,,,,,,,,,,,,,,,,,,,", u3305 ,m219,,
112319, u3305 ," You think I killed him? Cuz he was an apple? Well, let me tell you something about Leo, Man --"",,,,,,,,,,,,,,,,,,,,,,,,,,,,,,,", u3302 ,m219,,
112320, u3302 ," Your good friend Leo Fast Elk.,,,,,,,,,,,,,,,,,,,,,,,,,,,,,,,", u3305 ,m219,,
112321, u3305 ," What's this about?,,,,,,,,,,,,,,,,,,,,,,,,,,,,,,,", u3305 ,m219,,
112322, u3305 ," That's right. What are you doing here? This is a religious ceremony you're desecrating.,,,,,,,,,,,,,,,,,,,,,,,,,,,,,,,", u3302 ,m219,,
112323, u3302 ," James Looks Twice?,,,,,,,,,,,,,,,,,,,,,,,,,,,,,,,", u3305 ,m219,,
112324, u3305 ," What are you doing?,,,,,,,,,,,,,,,,,,,,,,,,,,,,,,,", u3302 ,m219,,
112325, u3302 ," Different culture. Hard to penetrate. The Indians don't like white cops poking around. And that's why we're in a position where we have to bring in an American Indian agent.,,,,,,,,,,,,,,,,,,,,,,,,,,,,,,,", u3309 ,m219,,
112326, u3309 ," The main problem is, Ray, these people are extremely distrustful of outsiders, non-Indians. Relations have not been amicable."",,,,,,,,,,,,,,,,,,,,,,,,,,,,,,,", u3302 ,m219,,
112327, u3302 ," It's not the first. There's been several. And our field office in Rapid City is getting a lot of heat... none of the investigations have turned up jack shit.,,,,,,,,,,,,,,,,,,,,,,,,,,,,,,,", u3309 ,m219,,
112328, u3309 ," Ray, there's been a homicide out in an area known as The Badlands. Indian Reservation."",,,,,,,,,,,,,,,,,,,,,,,,,,,,,,,", u3302 ,m219,,
112329, u3302 ," Sioux Indian, right?"",,,,,,,,,,,,,,,,,,,,,,,,,,,,,,,", u3309 ,m219,,
112330, u3309 ," Interesting bloodline you have, Ray.  French, Scots-Irish, Italian, ...and one-eighth American Indian."",,,,,,,,,,,,,,,,,,,,,,,,,,,,,,,", u3302 ,m219,,
112331, u3302 ," Oh, yeah -- right."",,,,,,,,,,,,,,,,,,,,,,,,,,,,,,,", u3309 ,m219,,
112332, u3309 ," Levoi, Cooch. Raymond Levoi, Criminal Division."",,,,,,,,,,,,,,,,,,,,,,,,,,,,,,,", u3303 ,m219,,
112333, u3303 ," His mother needs a piece of his hair. It's for the Keeping of the Souls Ceremony.  Has to be kept for four days.,,,,,,,,,,,,,,,,,,,,,,,,,,,,,,,", u3302 ,m219,,
112334, u3302 ," What the hell you doing?!,,,,,,,,,,,,,,,,,,,,,,,,,,,,,,,", u3302 ,m219,,
112335, u3302 ," Goodbye.,,,,,,,,,,,,,,,,,,,,,,,,,,,,,,,", u3303 ,m219,,
112336, u3303 ," -- violation of the Major Crimes Act on an Indian Reservation is within the jurisdiction of the Federal Bureau of Instigation. I know that.,,,,,,,,,,,,,,,,,,,,,,,,,,,,,,,", u3302 ,m219,,
112337, u3302 ," -- did you understand me when I said that --,,,,,,,,,,,,,,,,,,,,,,,,,,,,,,,", u3303 ,m219,,
112338, u3303 ," Respect the dead, Hoss. Because when --"",,,,,,,,,,,,,,,,,,,,,,,,,,,,,,,", u3303 ,m219,,
112339, u3303 ," You ain't gonna cut his hands off and send 'em to Washinton, are ya? They done that to one of our girls once. Leo did quillwork, he's gonna need his hands."",,,,,,,,,,,,,,,,,,,,,,,,,,,,,,,", u3302 ,m219,,
112340, u3302 ," Somebody must be doing something somewhere in your jurisdiction, Officer Crow Foot."",,,,,,,,,,,,,,,,,,,,,,,,,,,,,,,", u3302 ,m219,,
112341, u3302 ," Good. Thank you.,,,,,,,,,,,,,,,,,,,,,,,,,,,,,,,", u3303 ,m219,,
112342, u3303 ," -- an Indian Reservation is within the jurisdiction of the Federal Bureau of Intimidation. I know that.,,,,,,,,,,,,,,,,,,,,,,,,,,,,,,,", u3303 ,m219,,
112343, u3303 ," Tell him, Ray."",,,,,,,,,,,,,,,,,,,,,,,,,,,,,,,", u3302 ,m219,,
112344, u3302 ," What journey?,,,,,,,,,,,,,,,,,,,,,,,,,,,,,,,", u3303 ,m219,,
112345, u3303 ," Leo's gotta get to burial, Brother. He's gotta make the journey."",,,,,,,,,,,,,,,,,,,,,,,,,,,,,,,", u3302 ,m219,,
112346, u3302 ," No. No, that's Ray, here. Ray, uh...  Ray... Little Weasel."",,,,,,,,,,,,,,,,,,,,,,,,,,,,,,,", u3303 ,m219,,
112347, u3303 ," We got the wire ya was comin'. You're the Indian official, yeah?"",,,,,,,,,,,,,,,,,,,,,,,,,,,,,,,", u3302 ,m219,,
112348, u3302 ," You're a wise-ass. Ray check his wallet.,,,,,,,,,,,,,,,,,,,,,,,,,,,,,,,", u3303 ,m219,,
112349, u3303 ," I'm a full blood Oglala Sioux, born and raised on this reservation."",,,,,,,,,,,,,,,,,,,,,,,,,,,,,,,", u3302 ,m219,,
112350, u3302 ," I know where I am. I'm on federal land, doing a federal investigation, and if you don't wanna cooperate you can take a ride in a federal car, and spend the rest of the day in a little room, answering federal questions. It's your call. Who are you?"",,,,,,,,,,,,,,,,,,,,,,,,,,,,,,,", u3303 ,m219,,
112351, u3303 ," I think maybe you guys got off the wrong exit, yeah? This is the Bear Creek Indian Reservation."",,,,,,,,,,,,,,,,,,,,,,,,,,,,,,,", u3302 ,m219,,
112352, u3302 ," Who are you?,,,,,,,,,,,,,,,,,,,,,,,,,,,,,,,", u3303 ,m219,,
112353, u3303 ," It ain't Geronimo.,,,,,,,,,,,,,,,,,,,,,,,,,,,,,,,", u3302 ,m219,,
112354, u3302 ," Nice piece. You come back here to cover your tracks, Geronimo? What's your name?"",,,,,,,,,,,,,,,,,,,,,,,,,,,,,,,", u3303 ,m219,,
112355, u3303 ," Leo's been out here too long, man. I'm taking him to ceremonial burial."",,,,,,,,,,,,,,,,,,,,,,,,,,,,,,,", u3302 ,m219,,
112356, u3302 ," Taking ol' Leo somewhere?,,,,,,,,,,,,,,,,,,,,,,,,,,,,,,,", u3308 ,m219,,
112357, u3308 ," Let the press through.,,,,,,,,,,,,,,,,,,,,,,,,,,,,,,,", u3302 ,m219,,
112358, u3302 ," Ray...,,,,,,,,,,,,,,,,,,,,,,,,,,,,,,,", u3308 ,m219,,
112359, u3308 ," No way, Cooch."",,,,,,,,,,,,,,,,,,,,,,,,,,,,,,,", u3302 ,m219,,
112360, u3302 ," Come on, Ray. Come forward."",,,,,,,,,,,,,,,,,,,,,,,,,,,,,,,", u3302 ,m219,,
112361, u3302 ," No. We neutralized enemies of the United States. Anti-American radicals who have killed federal officers out here!,,,,,,,,,,,,,,,,,,,,,,,,,,,,,,,", u3308 ,m219,,
112362, u3308 ," We neutralized anybody with a voice. Leo, Jimmy... Eagle Bear. Anyone who was standing in the way of the land. Is that it?"",,,,,,,,,,,,,,,,,,,,,,,,,,,,,,,", u3302 ,m219,,
112363, u3302 ," We were sworn in on the Constitution to protect federal matters, Ray. I don't know about uranium, I don't know about Red Dog Table -- all I know is we did our job. It's over."",,,,,,,,,,,,,,,,,,,,,,,,,,,,,,,", u3308 ,m219,,
112364, u3308 ," -- if they mine uranium there, these people will have no place left to go..."",,,,,,,,,,,,,,,,,,,,,,,,,,,,,,,", u3302 ,m219,,
112365, u3302 ," This was a Selective Operations Unit, Agent Levoi. There is classified information pertaining to our national security. You don't question that, you don't go digging into that shit -- that's insubordination. Jesus Christ --"",,,,,,,,,,,,,,,,,,,,,,,,,,,,,,,", u3308 ,m219,,
112366, u3308 ," What is it? It's genocide, that's what it is. It's a Pay Zone for some U.S. corporation and a Dead Zone for the people here. Uranium, Cooch."",,,,,,,,,,,,,,,,,,,,,,,,,,,,,,,", u3302 ,m219,,
112367, u3302 ," -- what the hell is Red Deer Table?,,,,,,,,,,,,,,,,,,,,,,,,,,,,,,,", u3308 ,m219,,
112368, u3308 ," You didn't tell me about Red Deer Table --,,,,,,,,,,,,,,,,,,,,,,,,,,,,,,,", u3302 ,m219,,
112369, u3302 ," You ever put your hands on me again and you'll be doing the books for a baitshop in the fucking Everglades, Mister."",,,,,,,,,,,,,,,,,,,,,,,,,,,,,,,", u3302 ,m219,,
112370, u3302 ," Cuz I want New York.,,,,,,,,,,,,,,,,,,,,,,,,,,,,,,,", u3308 ,m219,,
112371, u3308 ," Why?,,,,,,,,,,,,,,,,,,,,,,,,,,,,,,,", u3302 ,m219,,
112372, u3302 ," Listen: when we get back tomorrow, you're gonna find Tully laying a promotion on you. S.A.C. He wants to prove that his yuppie agents are making good. He's offering you New York. Tell him you want Atlanta."",,,,,,,,,,,,,,,,,,,,,,,,,,,,,,,", u3302 ,m219,,
112373, u3302 ," -- never mind Eagle Bear. We've got Jimmy nailed. Let's go!,,,,,,,,,,,,,,,,,,,,,,,,,,,,,,,", u3308 ,m219,,
112374, u3308 ," Sorry, Cooch. I lost Eagle Bear --"",,,,,,,,,,,,,,,,,,,,,,,,,,,,,,,", u3302 ,m219,,
112375, u3302 ," Never turn your radio off! I thought I was gonna find you scalped! Damn it!,,,,,,,,,,,,,,,,,,,,,,,,,,,,,,,", u3308 ,m219,,
112376, u3308 ," Yeah. I... I fell asleep. I can't believe it. I --,,,,,,,,,,,,,,,,,,,,,,,,,,,,,,,", u3302 ,m219,,
112377, u3302 ," Jesus, you alright?"",,,,,,,,,,,,,,,,,,,,,,,,,,,,,,,", u3302 ,m219,,
112378, u3302 ," The Little Walking River. You're right. This is part of it. So whoever sunk this car didn't compensate for drought. Goddamn.,,,,,,,,,,,,,,,,,,,,,,,,,,,,,,,", u3308 ,m219,,
112379, u3308 ," And it was full of water when I drove by here three days ago. Full. I mean... a river.,,,,,,,,,,,,,,,,,,,,,,,,,,,,,,,", u3308 ,m219,,
112380, u3308 ," Yes.,,,,,,,,,,,,,,,,,,,,,,,,,,,,,,,", u3302 ,m219,,
112381, u3302 ," Tread matches. It's the car.,,,,,,,,,,,,,,,,,,,,,,,,,,,,,,,", u3308 ,m219,,
112382, u3308 ," -- Cooch. Woh. Stop.,,,,,,,,,,,,,,,,,,,,,,,,,,,,,,,", u3302 ,m219,,
112383, u3302 ," Well, she's running now, too. These fucking people like to run, don't --"",,,,,,,,,,,,,,,,,,,,,,,,,,,,,,,", u3308 ,m219,,
112384, u3308 ," Eagle's claws and a bear's balls that's what her profile says.,,,,,,,,,,,,,,,,,,,,,,,,,,,,,,,", u3302 ,m219,,
112385, u3302 ," She's that subtle?,,,,,,,,,,,,,,,,,,,,,,,,,,,,,,,", u3308 ,m219,,
112386, u3308 ," It may have been Maggie's way of saying """"get off my ass."""""",,,,,,,,,,,,,,,,,,,,,,,,,,,,,,,", u3302 ,m219,,
112387, u3302 ," He's out there. He's out there playing Sitting Bull with us. I want the motherfucker so bad I'm getting a bleeding ulcer.,,,,,,,,,,,,,,,,,,,,,,,,,,,,,,,", u3308 ,m219,,
112388, u3308 ," All I could think of was... not here. I don't wanna eat it on an Indian Reservation, three thousand miles from home."",,,,,,,,,,,,,,,,,,,,,,,,,,,,,,,", u3302 ,m219,,
112389, u3302 ," Bastards...,,,,,,,,,,,,,,,,,,,,,,,,,,,,,,,", u3302 ,m219,,
112390, u3302 ," And get rid of the dog.,,,,,,,,,,,,,,,,,,,,,,,,,,,,,,,", u3308 ,m219,,
112391, u3308 ," Thanks, Cooch."",,,,,,,,,,,,,,,,,,,,,,,,,,,,,,,", u3302 ,m219,,
112392, u3302 ," I'll sleep around a little.,,,,,,,,,,,,,,,,,,,,,,,,,,,,,,,", u3302 ,m219,,
112393, u3302 ," Yeah, alright, alright -- fuck you -- give a yuppie a badge and he wants to take over the world. Go get a tail on Eagle Bear, and stay with her. Cuz Jimmy's gonna show. And I want you to make the collar."",,,,,,,,,,,,,,,,,,,,,,,,,,,,,,,", u3308 ,m219,,
112394, u3308 ," Alright. Alright...,,,,,,,,,,,,,,,,,,,,,,,,,,,,,,,", u3302 ,m219,,
112395, u3302 ," Ray. I never get into bed with somebody unless I know for sure. Just the way I was raised.,,,,,,,,,,,,,,,,,,,,,,,,,,,,,,,", u3308 ,m219,,
112396, u3308 ," I just wanna make sure no one else gets done in that way because we were in bed with the wrong doer.,,,,,,,,,,,,,,,,,,,,,,,,,,,,,,,", u3302 ,m219,,
112397, u3302 ," Your first homicide, that's gonna happen, Ray..."",,,,,,,,,,,,,,,,,,,,,,,,,,,,,,,", u3308 ,m219,,
112398, u3308 ," I'm not trying to pull against you, Cooch. I've just been having nightmares about the way Leo was killed."",,,,,,,,,,,,,,,,,,,,,,,,,,,,,,,", u3302 ,m219,,
112399, u3302 ," You weren't sent here to go off on your own detail, Ray. You were sent here to assist in a Selective Operations Unit. These regional agents are inept -- that's why they were sent out here to The Graveyard, to Indian Country. I need you behind me, Ray. Not pulling against me."",,,,,,,,,,,,,,,,,,,,,,,,,,,,,,,", u3308 ,m219,,
112400, u3308 ," -- I know. I fed it, and I can't get rid of --"",,,,,,,,,,,,,,,,,,,,,,,,,,,,,,,", u3302 ,m219,,
112401, u3302 ," Today. And now you -- there's a dog in the van --,,,,,,,,,,,,,,,,,,,,,,,,,,,,,,,", u3308 ,m219,,
112402, u3308 ," When did we get that?,,,,,,,,,,,,,,,,,,,,,,,,,,,,,,,", u3302 ,m219,,
112403, u3302 ," Genetic ditto on evidence found at the site with evidence you found in his belongings. An incontrovertible motive. And definite footprints on Jimmy Looks Twice at Maisy Blue Legs house.,,,,,,,,,,,,,,,,,,,,,,,,,,,,,,,", u3308 ,m219,,
112404, u3308 ," Whoever dusted Leo, dusted him from the driver's seat of a moving car then drove those eight miles to the Badlands. Jimmy Looks Twice has never been behind the wheel of a car. It's a known fact out here that he's petrified of driving. His parents were killed in a car wreck."",,,,,,,,,,,,,,,,,,,,,,,,,,,,,,,", u3302 ,m219,,
112405, u3302 ," The right man? Talk to me, Ray."",,,,,,,,,,,,,,,,,,,,,,,,,,,,,,,", u3302 ,m219,,
112406, u3302 ," A long way from home. You be careful out there.,,,,,,,,,,,,,,,,,,,,,,,,,,,,,,,", u3308 ,m219,,
112407, u3308 ," Cooch.  Where the fuck did they send us?,,,,,,,,,,,,,,,,,,,,,,,,,,,,,,,", u3302 ,m219,,
112408, u3302 ," Jesus, I don't know. You tell me. You're the Indian."",,,,,,,,,,,,,,,,,,,,,,,,,,,,,,,", u3308 ,m219,,
112409, u3308 ," Cooch. What's the Fort Laramie Treaty?,,,,,,,,,,,,,,,,,,,,,,,,,,,,,,,", u3302 ,m219,,
112410, u3302 ," Her oil pan is shot.,,,,,,,,,,,,,,,,,,,,,,,,,,,,,,,", u3302 ,m219,,
112411, u3302 ," Her own people start to suspect her, it creates discord from within. The Warriors don't know who to trust, they start infighting, and Jimmy loses his support."",,,,,,,,,,,,,,,,,,,,,,,,,,,,,,,", u3308 ,m219,,
112412, u3308 ," Why we setting Eagle Bear up as an informant?,,,,,,,,,,,,,,,,,,,,,,,,,,,,,,,", u3302 ,m219,,
112413, u3302 ," That's good goddamn work, Ray. Let the salmon run. Let 'em run Upriver."",,,,,,,,,,,,,,,,,,,,,,,,,,,,,,,", u3308 ,m219,,
112414, u3308 ," I gave it back to her.,,,,,,,,,,,,,,,,,,,,,,,,,,,,,,,", u3302 ,m219,,
112415, u3302 ," Let's see it.,,,,,,,,,,,,,,,,,,,,,,,,,,,,,,,", u3308 ,m219,,
112416, u3308 ," She took something from the house. What she called a medicine bundle. Most likely Jimmy's.,,,,,,,,,,,,,,,,,,,,,,,,,,,,,,,", u3308 ,m219,,
112417, u3308 ," She talks a lot of shit. We're not doing our job. Jimmy's innocent. """"What's the FBI really doing here."""" Some shit about the Fort Laramie Treaty."",,,,,,,,,,,,,,,,,,,,,,,,,,,,,,,", u3302 ,m219,,
112418, u3302 ," What'd she say?,,,,,,,,,,,,,,,,,,,,,,,,,,,,,,,", u3308 ,m219,,
112419, u3308 ," Alright. Alright.,,,,,,,,,,,,,,,,,,,,,,,,,,,,,,,", u3302 ,m219,,
112420, u3302 ," Easy, Cowboy. No vendettas on my ship. Now: remember what I told you about Nam? Watch the grass, watch the trees, watch the shit house, be on your toes, and if we get committed, don't hesitate to empty that sucker."",,,,,,,,,,,,,,,,,,,,,,,,,,,,,,,", u3308 ,m219,,
112421, u3308 ," I'd just like five minutes alone with the motherfucker who hung that flag upside down.,,,,,,,,,,,,,,,,,,,,,,,,,,,,,,,", u3302 ,m219,,
112422, u3302 ," Jimmy Looks Twice put Leo's head through a glass door of the tribal offices three months ago. And threatened him several times since. President Clear Moon and the regional FBI feel he made good on that threat.,,,,,,,,,,,,,,,,,,,,,,,,,,,,,,,", u3308 ,m219,,
112423, u3308 ," They obviously wanted it to be known that they offed Leo. Some kind of statement.,,,,,,,,,,,,,,,,,,,,,,,,,,,,,,,", u3302 ,m219,,
112424, u3302 ," That's right.,,,,,,,,,,,,,,,,,,,,,,,,,,,,,,,", u3308 ,m219,,
112425, u3308 ," White eagle feather through the circle. That's their symbol.,,,,,,,,,,,,,,,,,,,,,,,,,,,,,,,", u3302 ,m219,,
112426, u3302 ," One of the leaders of the Warriors of All Red Nations. Militant organization.,,,,,,,,,,,,,,,,,,,,,,,,,,,,,,,", u3308 ,m219,,
112427, u3308 ," Who is he?,,,,,,,,,,,,,,,,,,,,,,,,,,,,,,,", u3308 ,m219,,
112428, u3308 ," Cooch. You're my hero.,,,,,,,,,,,,,,,,,,,,,,,,,,,,,,,", u3302 ,m219,,
112429, u3302 ," Meet me at base. Over.,,,,,,,,,,,,,,,,,,,,,,,,,,,,,,,", u3302 ,m219,,
112430, u3302 ," I've got the doer. I know who he is.,,,,,,,,,,,,,,,,,,,,,,,,,,,,,,,", u3308 ,m219,,
112431, u3308 ," Go ahead.,,,,,,,,,,,,,,,,,,,,,,,,,,,,,,,", u3302 ,m219,,
112432, u3302 ," I got one up on ya.,,,,,,,,,,,,,,,,,,,,,,,,,,,,,,,", u3308 ,m219,,
112433, u3308 ," How'd you know?,,,,,,,,,,,,,,,,,,,,,,,,,,,,,,,", u3302 ,m219,,
112434, u3302 ," Maisy Blue Legs place?,,,,,,,,,,,,,,,,,,,,,,,,,,,,,,,", u3302 ,m219,,
112435, u3302 ," Good.,,,,,,,,,,,,,,,,,,,,,,,,,,,,,,,", u3308 ,m219,,
112436, u3308 ," Couldn't sleep.,,,,,,,,,,,,,,,,,,,,,,,,,,,,,,,", u3308 ,m219,,
112437, u3308 ," I already did.,,,,,,,,,,,,,,,,,,,,,,,,,,,,,,,", u3302 ,m219,,
112438, u3302 ," Get the plate numbers off everyone of these cars.,,,,,,,,,,,,,,,,,,,,,,,,,,,,,,,", u3308 ,m219,,
112439, u3308 ," Water. Worth killing for out here, I'd think."",,,,,,,,,,,,,,,,,,,,,,,,,,,,,,,", u3308 ,m219,,
112440, u3308 ," Ray Levoi, Sir. Pleasure."",,,,,,,,,,,,,,,,,,,,,,,,,,,,,,,", u3302 ,m219,,
112441, u3302 ," No. That's Ray here. Ray...,,,,,,,,,,,,,,,,,,,,,,,,,,,,,,,", u3308 ,m219,,
112442, u3308 ," Beats the hell outta me.,,,,,,,,,,,,,,,,,,,,,,,,,,,,,,,", u3302 ,m219,,
112443, u3302 ," Keeping of the souls. Do they still burn their dead or something?,,,,,,,,,,,,,,,,,,,,,,,,,,,,,,,", u3302 ,m219,,
112444, u3302 ," I think Leo's retired from quillwork for the moment.,,,,,,,,,,,,,,,,,,,,,,,,,,,,,,,", u3308 ,m219,,
112445, u3308 ," Leo's gonna need his hands, Cooch. He does quillwork."",,,,,,,,,,,,,,,,,,,,,,,,,,,,,,,", u3302 ,m219,,
112446, u3302 ," We'll have to give Leo a refund. Because he's gotta go to the M.E. In case you don't know, Officer, violation of the Major Crimes Act on --"",,,,,,,,,,,,,,,,,,,,,,,,,,,,,,,", u3308 ,m219,,
112447, u3308 ," Leo has to take the journey, Cooch."",,,,,,,,,,,,,,,,,,,,,,,,,,,,,,,", u3308 ,m219,,
112448, u3308 ," -- a fucking cop.,,,,,,,,,,,,,,,,,,,,,,,,,,,,,,,", u3302 ,m219,,
112449, u3302 ," Who the fuck is he?,,,,,,,,,,,,,,,,,,,,,,,,,,,,,,,", u3308 ,m219,,
112450, u3308 ," I did.,,,,,,,,,,,,,,,,,,,,,,,,,,,,,,,", u3302 ,m219,,
112451, u3302 ," Check him out, Ray."",,,,,,,,,,,,,,,,,,,,,,,,,,,,,,,", u3308 ,m219,,
112452, u3308 ," This is a restricted area.,,,,,,,,,,,,,,,,,,,,,,,,,,,,,,,", u3302 ,m219,,
112453, u3302 ," Ray.,,,,,,,,,,,,,,,,,,,,,,,,,,,,,,,", u3308 ,m219,,
112454, u3308 ," Somebody was serious about doing this guy, that's for sure."",,,,,,,,,,,,,,,,,,,,,,,,,,,,,,,", u3302 ,m219,,
112455, u3302 ," That's what it looks like, doesn't it? But that's what a ten gauge, choke-bored, shotgun will look like when it hits your lower back from five feet away."",,,,,,,,,,,,,,,,,,,,,,,,,,,,,,,", u3308 ,m219,,
112456, u3308 ," Six rounds. 357.,,,,,,,,,,,,,,,,,,,,,,,,,,,,,,,", u3302 ,m219,,
112457, u3302 ," No. I consulted it. We're going into Indian Country, I wanna know what kind of individual is covering my ass. Don't you?"",,,,,,,,,,,,,,,,,,,,,,,,,,,,,,,", u3308 ,m219,,
112458, u3308 ," You crashed my file?,,,,,,,,,,,,,,,,,,,,,,,,,,,,,,,", u3302 ,m219,,
112459, u3302 ," Hey, hey, hey. J. Edgar would've loved you. He'd love anybody who joined the bureau to, what was it? """"To enforce the laws of my country and protect her interests""""?"",,,,,,,,,,,,,,,,,,,,,,,,,,,,,,,", u3302 ,m219,,
112460, u3302 ," Airborne. That's where they used to get us agents from. Now we get 'em from Carnegie-Melon, Ivy League. Accountants and computer whiz-kids. Yuppies with guns.  That's scary shit."",,,,,,,,,,,,,,,,,,,,,,,,,,,,,,,", u3308 ,m219,,
112461, u3308 ," Were you in Nam?,,,,,,,,,,,,,,,,,,,,,,,,,,,,,,,", u3302 ,m219,,
112462, u3302 ," The agents who have worked out here say its like going into Nam. Unfamiliar terrain, foreign language, foreign customs... and you never know when you might walk into a few rounds. They hold a lot of old anger for the white man out here."",,,,,,,,,,,,,,,,,,,,,,,,,,,,,,,", u3308 ,m219,,
112463, u3308 ," Jesus...,,,,,,,,,,,,,,,,,,,,,,,,,,,,,,,", u3302 ,m219,,
112464, u3302 ," Those are two agents who went into a reservation a few years ago to serve a warrant. They were executed at close range. That one there is a police officer killed by the Mohawks up in Canada more recently.,,,,,,,,,,,,,,,,,,,,,,,,,,,,,,,", u3302 ,m219,,
112465, u3302 ," Seven.,,,,,,,,,,,,,,,,,,,,,,,,,,,,,,,", u3308 ,m219,,
112466, u3308 ," I didn't know him, Sir. He passed away when I was six."",,,,,,,,,,,,,,,,,,,,,,,,,,,,,,,", u3302 ,m219,,
112467, u3302 ," No, Ray. You're gonna have to blame that on your grandmother."",,,,,,,,,,,,,,,,,,,,,,,,,,,,,,,", u3308 ,m219,,
112468, u3308 ," South Dakota...  Did I do something unsatisfactory, Sir?"",,,,,,,,,,,,,,,,,,,,,,,,,,,,,,,", u3303 ,m219,,
112469, u3303 ," If you ever need a place to come back to and listen to the trees a little... we'll be here.,,,,,,,,,,,,,,,,,,,,,,,,,,,,,,,", u3308 ,m219,,
112470, u3308 ," You take care.,,,,,,,,,,,,,,,,,,,,,,,,,,,,,,,", u3303 ,m219,,
112471, u3303 ," You didn't have another vision...,,,,,,,,,,,,,,,,,,,,,,,,,,,,,,,", u3308 ,m219,,
112472, u3308 ," I'll have to see what the visions say about that one.,,,,,,,,,,,,,,,,,,,,,,,,,,,,,,,", u3308 ,m219,,
112473, u3308 ," Some Indian time?,,,,,,,,,,,,,,,,,,,,,,,,,,,,,,,", u3303 ,m219,,
112474, u3303 ," You bought her some time, Kola. Ain't never gonna be over... but you bought her some time."",,,,,,,,,,,,,,,,,,,,,,,,,,,,,,,", u3308 ,m219,,
112475, u3308 ," What about the water...,,,,,,,,,,,,,,,,,,,,,,,,,,,,,,,", u3308 ,m219,,
112476, u3308 ," We're in there. We're in there --,,,,,,,,,,,,,,,,,,,,,,,,,,,,,,,", u3303 ,m219,,
112477, u3303 ," That's it. The Stronghold. Get us in there, we got a chance."",,,,,,,,,,,,,,,,,,,,,,,,,,,,,,,", u3308 ,m219,,
112478, u3308 ," We're going for The Stronghold.,,,,,,,,,,,,,,,,,,,,,,,,,,,,,,,", u3303 ,m219,,
112479, u3303 ," They got us sealed. What are we gonna do?,,,,,,,,,,,,,,,,,,,,,,,,,,,,,,,", u3303 ,m219,,
112480, u3303 ," He hasn't left this place in twenty years. They got him.,,,,,,,,,,,,,,,,,,,,,,,,,,,,,,,", u3308 ,m219,,
112481, u3308 ," He's gone.,,,,,,,,,,,,,,,,,,,,,,,,,,,,,,,", u3308 ,m219,,
112482, u3308 ," Bullshit, let's get outta here,"",,,,,,,,,,,,,,,,,,,,,,,,,,,,,,,", u3303 ,m219,,
112483, u3303 ," Hoka Hey. It's a good day to die.,,,,,,,,,,,,,,,,,,,,,,,,,,,,,,,", u3308 ,m219,,
112484, u3308 ," I know. Come on. We gotta get off the reservation or we're dead.,,,,,,,,,,,,,,,,,,,,,,,,,,,,,,,", u3303 ,m219,,
112485, u3303 ," Ain't no Council Fire, Brother. Clear Moon..."",,,,,,,,,,,,,,,,,,,,,,,,,,,,,,,", u3303 ,m219,,
112486, u3303 ," Ray.,,,,,,,,,,,,,,,,,,,,,,,,,,,,,,,", u3308 ,m219,,
112487, u3308 ," You go to the council fire. I'm going back in.,,,,,,,,,,,,,,,,,,,,,,,,,,,,,,,", u3303 ,m219,,
112488, u3303 ," Ray. Ray, don't let go now, Man. Ray..."",,,,,,,,,,,,,,,,,,,,,,,,,,,,,,,", u3308 ,m219,,
112489, u3308 ," He's looking at a few hundred years in Leavenworth. He's not gonna come out without a fight.,,,,,,,,,,,,,,,,,,,,,,,,,,,,,,,", u3303 ,m219,,
112490, u3303 ," I thought it was a rare case of a brother getting a break in the courts. We did an honorin' song for him and everything.,,,,,,,,,,,,,,,,,,,,,,,,,,,,,,,", u3308 ,m219,,
112491, u3308 ," What we need... is Richard Yellow Bird.,,,,,,,,,,,,,,,,,,,,,,,,,,,,,,,", u3303 ,m219,,
112492, u3303 ," Alright. Shit's comin' down. He's callin' council fire. All the old chiefs and the warriors, too. I gotta be at Grandpa's place in two hours. We need to get the tribe together. We need to block this thing."",,,,,,,,,,,,,,,,,,,,,,,,,,,,,,,", u3303 ,m219,,
112493, u3303 ," Yeah. It's time to beat the drum. You better wait here. He don't trust the white man.,,,,,,,,,,,,,,,,,,,,,,,,,,,,,,,", u3308 ,m219,,
112494, u3308 ," This Clear Moon's house?,,,,,,,,,,,,,,,,,,,,,,,,,,,,,,,", u3308 ,m219,,
112495, u3308 ," Listen to the water... the river keeps goin' down then rising again.,,,,,,,,,,,,,,,,,,,,,,,,,,,,,,,", u3303 ,m219,,
112496, u3303 ," So they took care of Leo.,,,,,,,,,,,,,,,,,,,,,,,,,,,,,,,", u3308 ,m219,,
112497, u3308 ," Leo knew about it. Tried to tell Jimmy, get the Warriors involved."",,,,,,,,,,,,,,,,,,,,,,,,,,,,,,,", u3303 ,m219,,
112498, u3303 ," We're standin' on broken treaty ground, Ray. This ain't supposed to be here. It'll poison the water."",,,,,,,,,,,,,,,,,,,,,,,,,,,,,,,", u3308 ,m219,,
112499, u3308 ," That's what we're doing here. National interest. National security. Only this time it's not gold. It's uranium.,,,,,,,,,,,,,,,,,,,,,,,,,,,,,,,", u3303 ,m219,,
112500, u3303 ," What?,,,,,,,,,,,,,,,,,,,,,,,,,,,,,,,", u3308 ,m219,,
112501, u3308 ," 1868...,,,,,,,,,,,,,,,,,,,,,,,,,,,,,,,", u3303 ,m219,,
112502, u3303 ," Uranium. Test holes. Somebody came in from the Nebraska side, and did some shotgun testin'. They're gettin' ready to suck this baby dry."",,,,,,,,,,,,,,,,,,,,,,,,,,,,,,,", u3308 ,m219,,
112503, u3308 ," Jesus. Oil?,,,,,,,,,,,,,,,,,,,,,,,,,,,,,,,", u3303 ,m219,,
112504, u3303 ," Ain't prayer flags, that's for sure."",,,,,,,,,,,,,,,,,,,,,,,,,,,,,,,", u3308 ,m219,,
112505, u3308 ," What's that?,,,,,,,,,,,,,,,,,,,,,,,,,,,,,,,", u3303 ,m219,,
112506, u3303 ," Stop.,,,,,,,,,,,,,,,,,,,,,,,,,,,,,,,", u3308 ,m219,,
112507, u3308 ," What the hell do you want me to do?!,,,,,,,,,,,,,,,,,,,,,,,,,,,,,,,", u3303 ,m219,,
112508, u3303 ," Bullshit. You had a vision. You got sign from the old ones.,,,,,,,,,,,,,,,,,,,,,,,,,,,,,,,", u3308 ,m219,,
112509, u3308 ," Yeah. Fitful dreams.,,,,,,,,,,,,,,,,,,,,,,,,,,,,,,,", u3303 ,m219,,
112510, u3303 ," Maybe it was just a dream. Ya know, just one of them, what do ya call 'em, fitful dreams?"",,,,,,,,,,,,,,,,,,,,,,,,,,,,,,,", u3308 ,m219,,
112511, u3308 ," We've driven a long way. Where is this place?,,,,,,,,,,,,,,,,,,,,,,,,,,,,,,,", u3303 ,m219,,
112512, u3303 ," I'm a full-blood Oglala.,,,,,,,,,,,,,,,,,,,,,,,,,,,,,,,", u3308 ,m219,,
112513, u3308 ," Sorry.,,,,,,,,,,,,,,,,,,,,,,,,,,,,,,,", u3303 ,m219,,
112514, u3303 ," You had a vision. You had yourself a vision. A man waits a long time for a vision. Might go his whole lifetime and never get one. And along comes some instant Indian with a Mastercard and brand-new shoes, has himself a vision."",,,,,,,,,,,,,,,,,,,,,,,,,,,,,,,", u3303 ,m219,,
112515, u3303 ," Nothin'. Forget it.,,,,,,,,,,,,,,,,,,,,,,,,,,,,,,,", u3308 ,m219,,
112516, u3308 ," What do you mean?,,,,,,,,,,,,,,,,,,,,,,,,,,,,,,,", u3303 ,m219,,
112517, u3303 ," Sonuvabuck! What's with you, Man? Who are you?"",,,,,,,,,,,,,,,,,,,,,,,,,,,,,,,", u3308 ,m219,,
112518, u3308 ," Well, it was just a dream, I --"",,,,,,,,,,,,,,,,,,,,,,,,,,,,,,,", u3303 ,m219,,
112519, u3303 ," You were running with the old ones. At The Knee. Heavy duty.,,,,,,,,,,,,,,,,,,,,,,,,,,,,,,,", u3308 ,m219,,
112520, u3308 ," At Wounded Knee. I mean, that's where I was, and that's where the dream was. Why?"",,,,,,,,,,,,,,,,,,,,,,,,,,,,,,,", u3303 ,m219,,
112521, u3303 ," Where was this?,,,,,,,,,,,,,,,,,,,,,,,,,,,,,,,", u3308 ,m219,,
112522, u3308 ," Just before we caught Jimmy... I had a dream that I was being chased. And I was running with other people. Old- fashion Indian people. I got shot in the back. Like Leo.,,,,,,,,,,,,,,,,,,,,,,,,,,,,,,,", u3303 ,m219,,
112523, u3303 ," Oh yeah. Dreams. Sometimes durin' sickness. Vision quest. Sweat Lodge. Ya never know when.,,,,,,,,,,,,,,,,,,,,,,,,,,,,,,,", u3308 ,m219,,
112524, u3308 ," Do they come in dreams, these visions?"",,,,,,,,,,,,,,,,,,,,,,,,,,,,,,,", u3308 ,m219,,
112525, u3308 ," No. So we can do what the old man said. Red Deer Table, Walter. We have to go."",,,,,,,,,,,,,,,,,,,,,,,,,,,,,,,", u3303 ,m219,,
112526, u3303 ," Why? So you can get rid of me, too?"",,,,,,,,,,,,,,,,,,,,,,,,,,,,,,,", u3308 ,m219,,
112527, u3308 ," Crow Horse, listen. You have to come with me."",,,,,,,,,,,,,,,,,,,,,,,,,,,,,,,", u3303 ,m219,,
112528, u3303 ," You got Jimmy. Let her go.,,,,,,,,,,,,,,,,,,,,,,,,,,,,,,,", u3308 ,m219,,
112529, u3308 ," Nowhere. I'm trying to find her.,,,,,,,,,,,,,,,,,,,,,,,,,,,,,,,", u3303 ,m219,,
112530, u3303 ," Where's Maggie? Where'd ya take her.,,,,,,,,,,,,,,,,,,,,,,,,,,,,,,,", u3308 ,m219,,
112531, u3308 ," Crow Horse, listen --"",,,,,,,,,,,,,,,,,,,,,,,,,,,,,,,", u3303 ,m219,,
112532, u3303 ," Five-hundred year old turtleshell rattle...,,,,,,,,,,,,,,,,,,,,,,,,,,,,,,,", u3308 ,m219,,
112533, u3308 ," No. I was sent here cuz I'm Indian. And a good cop.,,,,,,,,,,,,,,,,,,,,,,,,,,,,,,,", u3303 ,m219,,
112534, u3303 ," You think you was sent here cuz you're a good cop?,,,,,,,,,,,,,,,,,,,,,,,,,,,,,,,", u3303 ,m219,,
112535, u3303 ," I can't, Hoss. I don't talk to FBI's."",,,,,,,,,,,,,,,,,,,,,,,,,,,,,,,", u3308 ,m219,,
112536, u3308 ," Next time I'll be ready. You get the word to who ever it is.,,,,,,,,,,,,,,,,,,,,,,,,,,,,,,,", u3303 ,m219,,
112537, u3303 ," Yeah. Jimmy's prints are there. But they cross over Benjamin Black Star's prints. And he wasn't there until six o'clock the mornin' after to get eggs from the chickens. So Jimmy wasn't there til the next day. Follow?,,,,,,,,,,,,,,,,,,,,,,,,,,,,,,,", u3308 ,m219,,
112538, u3308 ," They found prints at Blue Legs' place.,,,,,,,,,,,,,,,,,,,,,,,,,,,,,,,", u3303 ,m219,,
112539, u3303 ," Still after Jimmy?,,,,,,,,,,,,,,,,,,,,,,,,,,,,,,,", u3308 ,m219,,
112540, u3308 ," And I don't give a goddamn about whether you wear a badge or not, Crow Horse, but I didn't cut you."",,,,,,,,,,,,,,,,,,,,,,,,,,,,,,,", u3303 ,m219,,
112541, u3303 ," You tell me. You tell me who went to the B.I.A. -- Bureau of Indian Annihilation and said I was messin' with your case, man. I don't give a goddamn about your case."",,,,,,,,,,,,,,,,,,,,,,,,,,,,,,,", u3308 ,m219,,
112542, u3308 ," What are you talking about?,,,,,,,,,,,,,,,,,,,,,,,,,,,,,,,", u3303 ,m219,,
112543, u3303 ," Not no more.,,,,,,,,,,,,,,,,,,,,,,,,,,,,,,,", u3308 ,m219,,
112544, u3308 ," Cuz you're a cop.,,,,,,,,,,,,,,,,,,,,,,,,,,,,,,,", u3303 ,m219,,
112545, u3303 ," Cuz I'm a skin?,,,,,,,,,,,,,,,,,,,,,,,,,,,,,,,", u3308 ,m219,,
112546, u3308 ," Cut the shit. You shouldn't be in here, Man."",,,,,,,,,,,,,,,,,,,,,,,,,,,,,,,", u3303 ,m219,,
112547, u3303 ," You're right about the old man. His power's long dried up. He's supposed to be a medicine man but he won't go see the people. He says we changed, and we don't listen. Well, he don't go out and talk no more. I haven't had a drink in three years but I just turned my sobriety chip into that man behind the bar, and this Hoss is gettin' watered."",,,,,,,,,,,,,,,,,,,,,,,,,,,,,,,", u3308 ,m219,,
112548, u3308 ," Jesus Christ. You're hammered. What are you doing?,,,,,,,,,,,,,,,,,,,,,,,,,,,,,,,", u3303 ,m219,,
112549, u3303 ," Agent Little Weasel, Federal Bura of your Imagination."",,,,,,,,,,,,,,,,,,,,,,,,,,,,,,,", u3303 ,m219,,
112550, u3303 ," Likewise.,,,,,,,,,,,,,,,,,,,,,,,,,,,,,,,", u3308 ,m219,,
112551, u3308 ," Take care of yourself, Walter."",,,,,,,,,,,,,,,,,,,,,,,,,,,,,,,", u3303 ,m219,,
112552, u3303 ," You ain't no Indian. You're a Sal Mineo Indian.,,,,,,,,,,,,,,,,,,,,,,,,,,,,,,,", u3308 ,m219,,
112553, u3308 ," I can't be dicking around here. That's all I'm saying. I don't carry crystals, I don't wanna come back in another life. I just wanna do my job, and do it right, and get the fuck outta here."",,,,,,,,,,,,,,,,,,,,,,,,,,,,,,,", u3303 ,m219,,
112554, u3303 ," What's real to you? Wall Street? Capital Hill? Now they are myths.,,,,,,,,,,,,,,,,,,,,,,,,,,,,,,,", u3308 ,m219,,
112555, u3308 ," It's not real.,,,,,,,,,,,,,,,,,,,,,,,,,,,,,,,", u3303 ,m219,,
112556, u3303 ," What you call myths, we call our history."",,,,,,,,,,,,,,,,,,,,,,,,,,,,,,,", u3308 ,m219,,
112557, u3308 ," Not Native American myths and legends. I'm with the FBI, Walter, remember? Not National Geographic."",,,,,,,,,,,,,,,,,,,,,,,,,,,,,,,", u3303 ,m219,,
112558, u3303 ," What'd you expect to hear?,,,,,,,,,,,,,,,,,,,,,,,,,,,,,,,", u3308 ,m219,,
112559, u3308 ," -- no. No offense to the old man. I appreciate you trying to help. But I put my ass on the line coming out here, man."",,,,,,,,,,,,,,,,,,,,,,,,,,,,,,,", u3303 ,m219,,
112560, u3303 ," Ray --,,,,,,,,,,,,,,,,,,,,,,,,,,,,,,,", u3308 ,m219,,
112561, u3308 ," Walter. When I fill out my 302, do I say that evil spirits are killing everybody on the reservation?"",,,,,,,,,,,,,,,,,,,,,,,,,,,,,,,", u3303 ,m219,,
112562, u3303 ," Heavy, heavy duty. Taku Wakan. Wanagi Spirits. It's one of those few places we'd never go to as kids. Still don't. Some of the old people say Crazy Horse is buried back there. We have to go Ray. Together. Like his vision."",,,,,,,,,,,,,,,,,,,,,,,,,,,,,,,", u3308 ,m219,,
112563, u3308 ," Don't tell me: heavy duty.,,,,,,,,,,,,,,,,,,,,,,,,,,,,,,,", u3303 ,m219,,
112564, u3303 ," Red Deer Table, Ray."",,,,,,,,,,,,,,,,,,,,,,,,,,,,,,,", u3303 ,m219,,
112565, u3303 ," A what?,,,,,,,,,,,,,,,,,,,,,,,,,,,,,,,", u3308 ,m219,,
112566, u3308 ," I can't do that,  It's a Rolex."",,,,,,,,,,,,,,,,,,,,,,,,,,,,,,,", u3303 ,m219,,
112567, u3303 ," Grandpa traded with me.  Goodbye.,,,,,,,,,,,,,,,,,,,,,,,,,,,,,,,", u3308 ,m219,,
112568, u3308 ," Hey. Hey, those are my sunglasses you're wearing."",,,,,,,,,,,,,,,,,,,,,,,,,,,,,,,", u3303 ,m219,,
112569, u3303 ," Go catch Jimmy, Ray. Really. He's gettin' away. Go ahead, go get him. I'm late."",,,,,,,,,,,,,,,,,,,,,,,,,,,,,,,", u3308 ,m219,,
112570, u3308 ," The old man? He's gonna tell you who killed Leo?,,,,,,,,,,,,,,,,,,,,,,,,,,,,,,,", u3303 ,m219,,
112571, u3303 ," You want solid? That one, single, print he left in the Badlands -- the one the FBI missed and then stepped all over -- it belongs to a man who walks heels first. Like a white man. Jimmy has a serious Ind'n walk -- ball of the foot first. The man who murdered Leo walked like a Wasi'cu."",,,,,,,,,,,,,,,,,,,,,,,,,,,,,,,", u3308 ,m219,,
112572, u3308 ," That's not solid.,,,,,,,,,,,,,,,,,,,,,,,,,,,,,,,", u3303 ,m219,,
112573, u3303 ," The connection is, it did a head number on him. He's petrified of cars. Won't drive. I've known him all my life, and he's never gotten behind the wheel of a vehicle. He rides passenger and he rides horses, and that's it. The man that shot Leo down was behind the wheel of a moving car."",,,,,,,,,,,,,,,,,,,,,,,,,,,,,,,", u3308 ,m219,,
112574, u3308 ," I don't see the connection.,,,,,,,,,,,,,,,,,,,,,,,,,,,,,,,", u3303 ,m219,,
112575, u3303 ," Was-te. 'Cept for one thing. Jimmy Looks Twice was nowhere near there. Ya see, when Jimmy was twelve years old, his mother and father was killed in a car wreck right down there near Elk Mountain."",,,,,,,,,,,,,,,,,,,,,,,,,,,,,,,", u3308 ,m219,,
112576, u3308 ," -- Leo Fast Elk was sitting in the outhouse at Maisy Blue Legs when a car pulled into the yard. He came out, approached the vehicle then saw that the man behind the wheel was Jimmy. He tried to get back into the trailer, but the car came highballing at him. He started running for the open grass. With the car moving, Jimmy hung his shotgun out the window, took aim -- missed once, hitting the shitter -- fired again, and severed Leo's spine. Leo fell, rolled, and came to a stop in the grass. And some chicken feed. Stale chicken feed with four days mold.  Electromagnetic printing."",,,,,,,,,,,,,,,,,,,,,,,,,,,,,,,", u3303 ,m219,,
112577, u3303 ," So did this one. Wambli is a rare and sacred creature. When someone finds a dead one, the feathers get around the res. We share everything. A lot of power in the eagle feathers. But you think that's bullshit too, don't --"",,,,,,,,,,,,,,,,,,,,,,,,,,,,,,,", u3308 ,m219,,
112578, u3308 ," She's your sister?,,,,,,,,,,,,,,,,,,,,,,,,,,,,,,,", u3303 ,m219,,
112579, u3303 ," Jimmy didn't do it, Ray. I checked it out. You can stop taggin' my sister."",,,,,,,,,,,,,,,,,,,,,,,,,,,,,,,", u3308 ,m219,,
112580, u3308 ," I see. Forgive my cultural ignorance.,,,,,,,,,,,,,,,,,,,,,,,,,,,,,,,", u3303 ,m219,,
112581, u3303 ," Don't be mad. That was just an old traditional gesture that means hello, how are you."",,,,,,,,,,,,,,,,,,,,,,,,,,,,,,,", u3303 ,m219,,
112582, u3303 ," Go back to your DNA finger-printin'.,,,,,,,,,,,,,,,,,,,,,,,,,,,,,,,", u3308 ,m219,,
112583, u3308 ," Listen to the water. Listen to the owl. He also said, don't trust the fucking Cookie Monster."",,,,,,,,,,,,,,,,,,,,,,,,,,,,,,,", u3303 ,m219,,
112584, u3303 ," He also said """"listen to the water."""""",,,,,,,,,,,,,,,,,,,,,,,,,,,,,,,", u3308 ,m219,,
112585, u3308 ," The owl told him about Leo. That's incredible. I guess we just broke the back of this investigation, didn't we? Evidence doesn't get any harder than that -- not for my money. Is there anyway we can seduce this owl into Federal Court?"",,,,,,,,,,,,,,,,,,,,,,,,,,,,,,,", u3303 ,m219,,
112586, u3303 ," The owl is a messenger. When one shows itself to a Sioux... it means someone's gonna die. The owl told him about Leo.,,,,,,,,,,,,,,,,,,,,,,,,,,,,,,,", u3308 ,m219,,
112587, u3308 ," So what?,,,,,,,,,,,,,,,,,,,,,,,,,,,,,,,", u3303 ,m219,,
112588, u3303 ," He saw an owl.,,,,,,,,,,,,,,,,,,,,,,,,,,,,,,,", u3308 ,m219,,
112589, u3308 ," And...,,,,,,,,,,,,,,,,,,,,,,,,,,,,,,,", u3303 ,m219,,
112590, u3303 ," The old man saw an owl. Over there in the dry wash. Last week.,,,,,,,,,,,,,,,,,,,,,,,,,,,,,,,", u3308 ,m219,,
112591, u3308 ," Because he was talking to me.,,,,,,,,,,,,,,,,,,,,,,,,,,,,,,,", u3303 ,m219,,
112592, u3303 ," Why should I tell you.,,,,,,,,,,,,,,,,,,,,,,,,,,,,,,,", u3308 ,m219,,
112593, u3308 ," What was he saying?,,,,,,,,,,,,,,,,,,,,,,,,,,,,,,,", u3308 ,m219,,
112594, u3308 ," He just did the Gettysburg Address in Sioux. What did he say?,,,,,,,,,,,,,,,,,,,,,,,,,,,,,,,", u3303 ,m219,,
112595, u3303 ," He said he doesn't know.,,,,,,,,,,,,,,,,,,,,,,,,,,,,,,,", u3308 ,m219,,
112596, u3308 ," What did he say?,,,,,,,,,,,,,,,,,,,,,,,,,,,,,,,", u3303 ,m219,,
112597, u3303 ," Sacred herbs. Tobacco. Don't worry, we don't smoke no Mexican agriculture in The Pipe. That's a white man's myth. This is a sacrament."",,,,,,,,,,,,,,,,,,,,,,,,,,,,,,,", u3308 ,m219,,
112598, u3308 ," What's he smoke in that?,,,,,,,,,,,,,,,,,,,,,,,,,,,,,,,", u3303 ,m219,,
112599, u3303 ," He says he saw you in a vision some time ago.,,,,,,,,,,,,,,,,,,,,,,,,,,,,,,,", u3308 ,m219,,
112600, u3308 ," He knows me?,,,,,,,,,,,,,,,,,,,,,,,,,,,,,,,", u3303 ,m219,,
112601, u3303 ," But he is not unhappy with you because he knows you.,,,,,,,,,,,,,,,,,,,,,,,,,,,,,,,", u3303 ,m219,,
112602, u3303 ," He wants to know if you ever watch the Cookie Monster. He says the Cookie Monster is not to be trusted -- a trickster.,,,,,,,,,,,,,,,,,,,,,,,,,,,,,,,", u3308 ,m219,,
112603, u3308 ," What did he say?,,,,,,,,,,,,,,,,,,,,,,,,,,,,,,,", u3303 ,m219,,
112604, u3303 ," Good question. Hardly sees anybody anymore. Hasn't left this place in twenty years. Did you bring some tobacco?,,,,,,,,,,,,,,,,,,,,,,,,,,,,,,,", u3308 ,m219,,
112605, u3308 ," Why does he wanna see me?,,,,,,,,,,,,,,,,,,,,,,,,,,,,,,,", u3308 ,m219,,
112606, u3308 ," Medicine. As in medicine man?,,,,,,,,,,,,,,,,,,,,,,,,,,,,,,,", u3303 ,m219,,
112607, u3303 ," Grandpa Samuel Reaches. Heavy duty medicine.,,,,,,,,,,,,,,,,,,,,,,,,,,,,,,,", u3308 ,m219,,
112608, u3308 ," Let's go.,,,,,,,,,,,,,,,,,,,,,,,,,,,,,,,", u3303 ,m219,,
112609, u3303 ," He sent me to find ya. He says he's got information.,,,,,,,,,,,,,,,,,,,,,,,,,,,,,,,", u3303 ,m219,,
112610, u3303 ," They're sayin' that nobody's gonna talk to you cuz they don't give away one of their own. But they did say there's somebody way across the Little Walking River who wants to talk to you.,,,,,,,,,,,,,,,,,,,,,,,,,,,,,,,", u3308 ,m219,,
112611, u3308 ," Is that right? What are the trees saying today?,,,,,,,,,,,,,,,,,,,,,,,,,,,,,,,", u3303 ,m219,,
112612, u3303 ," You're an easy man to track, Ray. Ya walk like a penguin with a hard-on."",,,,,,,,,,,,,,,,,,,,,,,,,,,,,,,", u3303 ,m219,,
112613, u3303 ," Easy. Easy... I'm goin'.,,,,,,,,,,,,,,,,,,,,,,,,,,,,,,,", u3308 ,m219,,
112614, u3308 ," Thank God. Now listen to me, asshole. I'm giving you a break. But if my partner finds out you're here, you're gonna be reading rat tracks in Sioux Falls Maximum Security."",,,,,,,,,,,,,,,,,,,,,,,,,,,,,,,", u3303 ,m219,,
112615, u3303 ," To us Indians, our spiritual relatives are as close as family. I've got seven mothers on this reservation. Sisters. Brothers. You ain't one of them."",,,,,,,,,,,,,,,,,,,,,,,,,,,,,,,", u3308 ,m219,,
112616, u3308 ," His spiritual mother...,,,,,,,,,,,,,,,,,,,,,,,,,,,,,,,", u3303 ,m219,,
112617, u3303 ," I'm talkin' his spiritual mother. Maisy Blue Legs.,,,,,,,,,,,,,,,,,,,,,,,,,,,,,,,", u3308 ,m219,,
112618, u3308 ," -- his mother never lived here. She was from up in North Dakota.,,,,,,,,,,,,,,,,,,,,,,,,,,,,,,,", u3303 ,m219,,
112619, u3303 ," Go back to the M.E., take a look inside Leo's exit wounds and tell me how chicken feed got in there. Trust me, there ain't chickens in the Badlands. His mother's place is --"",,,,,,,,,,,,,,,,,,,,,,,,,,,,,,,", u3308 ,m219,,
112620, u3308 ," Maybe you're not aware of this, Crow Horse, but I just flew in from a place called the Twentieth Century where we have such things as electrostatic tracking methods, psycholingusitics, DNA fingerprinting; I don't have to crawl around with the scorpions and talk to the fucking trees to get answers. Leo was killed right here."",,,,,,,,,,,,,,,,,,,,,,,,,,,,,,,", u3303 ,m219,,
112621, u3303 ," You got no know-how. About Indian Way. Or about Jack Shit for that matter.,,,,,,,,,,,,,,,,,,,,,,,,,,,,,,,", u3308 ,m219,,
112622, u3308 ," You've got no jurisdiction.,,,,,,,,,,,,,,,,,,,,,,,,,,,,,,,", u3303 ,m219,,
112623, u3303 ," No, this is the home of the Oglala Sioux and I want the dog-fucker who killed Leo. Whether you get him or I get him, I just want him. Shit's been goin' on too long."",,,,,,,,,,,,,,,,,,,,,,,,,,,,,,,", u3308 ,m219,,
112624, u3308 ," Is that right? Well, listen to this: drag your ass. This is a restricted area."",,,,,,,,,,,,,,,,,,,,,,,,,,,,,,,", u3303 ,m219,,
112625, u3303 ," No. Not just a track. You gotta listen to the trees, man. To the leaves. To this sand, you FBI's kicked all up. You gotta listen to the earth."",,,,,,,,,,,,,,,,,,,,,,,,,,,,,,,", u3308 ,m219,,
112626, u3308 ," You're trying to tell me you can read all that from a track?,,,,,,,,,,,,,,,,,,,,,,,,,,,,,,,", u3303 ,m219,,
112627, u3303 ," -- Well, maybe two-seventeen."",,,,,,,,,,,,,,,,,,,,,,,,,,,,,,,", u3308 ,m219,,
112628, u3308 ," Bullshit.,,,,,,,,,,,,,,,,,,,,,,,,,,,,,,,", u3303 ,m219,,
112629, u3303 ," Big sonuvabuck. Based on the depth of that print, pressure releases... I'd say he goes two-ten, two-fifteen --"",,,,,,,,,,,,,,,,,,,,,,,,,,,,,,,", u3303 ,m219,,
112630, u3303 ," -- Leo wasn't killed here. He was dumped here. Out of a vehicle. Bald tread. Muffler held on with baling wire.,,,,,,,,,,,,,,,,,,,,,,,,,,,,,,,", u3308 ,m219,,
112631, u3308 ," Hey.  Hey, you, listen up --"",,,,,,,,,,,,,,,,,,,,,,,,,,,,,,,", u3303 ,m219,,
112632, u3303 ," You're steppin' on sign.,,,,,,,,,,,,,,,,,,,,,,,,,,,,,,,", u3308 ,m219,,
112633, u3308 ," What?!,,,,,,,,,,,,,,,,,,,,,,,,,,,,,,,", u3303 ,m219,,
112634, u3303 ," Watch out!,,,,,,,,,,,,,,,,,,,,,,,,,,,,,,,", u3308 ,m219,,
112635, u3308 ," What are you --,,,,,,,,,,,,,,,,,,,,,,,,,,,,,,,", u3308 ,m219,,
112636, u3308 ," After we've completed our investigation.,,,,,,,,,,,,,,,,,,,,,,,,,,,,,,,", u3303 ,m219,,
112637, u3303 ," I said when can Leo be taken to ceremony?,,,,,,,,,,,,,,,,,,,,,,,,,,,,,,,", u3308 ,m219,,
112638, u3308 ," Great.,,,,,,,,,,,,,,,,,,,,,,,,,,,,,,,", u3306 ,m219,,
112639, u3306 ," Wa-shee is like... a dumpling. Like tallow we put in stew. I think he was calling you chubby boy.,,,,,,,,,,,,,,,,,,,,,,,,,,,,,,,", u3308 ,m219,,
112640, u3308 ," What?,,,,,,,,,,,,,,,,,,,,,,,,,,,,,,,", u3308 ,m219,,
112641, u3308 ," NO.  My father never told anybody he had Indian blood. But he still used a few Indian words around the house. He called me Washee. Said it meant... good boy.,,,,,,,,,,,,,,,,,,,,,,,,,,,,,,,", u3306 ,m219,,
112642, u3306 ," Your relatives must've taught you something.,,,,,,,,,,,,,,,,,,,,,,,,,,,,,,,", u3306 ,m219,,
112643, u3306 ," You forced an innocent man to run like an animal. You've tried to poison my people's hearts against me with your manipulation, with letters I never wrote... you've been watching me eat, work, raise my family... wash myself in the river. And now you're here, arresting me at a sacred place.  In your eyes, that's power."",,,,,,,,,,,,,,,,,,,,,,,,,,,,,,,", u3308 ,m219,,
112644, u3308 ," I desecrated it?,,,,,,,,,,,,,,,,,,,,,,,,,,,,,,,", u3306 ,m219,,
112645, u3306 ," -- You desecrated it, it had to be burned."",,,,,,,,,,,,,,,,,,,,,,,,,,,,,,,", u3308 ,m219,,
112646, u3308 ," You burned an American flag today. And left it for me...,,,,,,,,,,,,,,,,,,,,,,,,,,,,,,,", u3308 ,m219,,
112647, u3308 ," Move it, Magdelana."",,,,,,,,,,,,,,,,,,,,,,,,,,,,,,,", u3306 ,m219,,
112648, u3306 ," Grandpa Reaches says you come from heavy Indian blood. I used to think Grandpa was gettin' senile. Now I know he is.,,,,,,,,,,,,,,,,,,,,,,,,,,,,,,,", u3308 ,m219,,
112649, u3308 ," When you see Jimmy, tell him the sooner he turns himself back into a human being and gives himself in... the sooner we back off this reservation. Okay?"",,,,,,,,,,,,,,,,,,,,,,,,,,,,,,,", u3306 ,m219,,
112650, u3306 ," Thank you.,,,,,,,,,,,,,,,,,,,,,,,,,,,,,,,", u3306 ,m219,,
112651, u3306 ," I'm from Minneapolis. Fifth Street. I did four years at Dartmouth before I ever set foot on this res. So I know about the other world, Ray."",,,,,,,,,,,,,,,,,,,,,,,,,,,,,,,", u3308 ,m219,,
112652, u3308 ," Look. You and I can stand here in a culture clash til the sun comes up, talking about what's right and what's wrong. You're from the reservation. It's a different world."",,,,,,,,,,,,,,,,,,,,,,,,,,,,,,,", u3306 ,m219,,
112653, u3306 ," Try the Fort Laramie Treaty. All over again.,,,,,,,,,,,,,,,,,,,,,,,,,,,,,,,", u3308 ,m219,,
112654, u3308 ," A Fugitive Alert for a murder suspect. Before somebody else gets a shotgun blast in the spine.,,,,,,,,,,,,,,,,,,,,,,,,,,,,,,,", u3306 ,m219,,
112655, u3306 ," You're the FBI. That's your job, isn't it? Ya know how many of our Warrior brothers got killed out here? I never saw any investigating then. Why now? What's going down here?"",,,,,,,,,,,,,,,,,,,,,,,,,,,,,,,", u3308 ,m219,,
112656, u3308 ," Who did?,,,,,,,,,,,,,,,,,,,,,,,,,,,,,,,", u3306 ,m219,,
112657, u3306 ," -- Leo was an apple, that's right. Red on the outside, white on the inside. And Jimmy hated him. Kicked his ass a coupla times. But he didn't kill him."",,,,,,,,,,,,,,,,,,,,,,,,,,,,,,,", u3308 ,m219,,
112658, u3308 ," He tried to kill him twice before. That's a good place to start don't ya think? Leo was on the other side, wasn't he?"",,,,,,,,,,,,,,,,,,,,,,,,,,,,,,,", u3306 ,m219,,
112659, u3306 ," Jimmy didn't kill Leo. Why do you wanna do this?,,,,,,,,,,,,,,,,,,,,,,,,,,,,,,,", u3308 ,m219,,
112660, u3308 ," Is that like an hereditary thing, Magdelana, or can one take classes?"",,,,,,,,,,,,,,,,,,,,,,,,,,,,,,,", u3306 ,m219,,
112661, u3306 ," You're not gonna catch him. He can shape-shift into different animals. Bear. Elk. Porcupine.,,,,,,,,,,,,,,,,,,,,,,,,,,,,,,,", u3308 ,m219,,
112662, u3308 ," This Jimmy's?,,,,,,,,,,,,,,,,,,,,,,,,,,,,,,,", u3308 ,m219,,
112663, u3308 ," That's right. Turn around.,,,,,,,,,,,,,,,,,,,,,,,,,,,,,,,", u3306 ,m219,,
112664, u3306 ," You're the Indian FBI.,,,,,,,,,,,,,,,,,,,,,,,,,,,,,,,", u3307 ,m219,,
112665, u3307 ," Yellow Bird committed suicide at three o'clock this morning. Some gung-ho agent from D.C. pushed him into a corner. You're playing a losing game. Pull over.,,,,,,,,,,,,,,,,,,,,,,,,,,,,,,,", u3308 ,m219,,
112666, u3308 ," Yellow bird... is gonna sing.,,,,,,,,,,,,,,,,,,,,,,,,,,,,,,,", u3308 ,m219,,
112667, u3308 ," I'm on my way back in. Over.,,,,,,,,,,,,,,,,,,,,,,,,,,,,,,,", u3307 ,m219,,
112668, u3307 ," What are you doing on the reservation?,,,,,,,,,,,,,,,,,,,,,,,,,,,,,,,", u3307 ,m219,,
112669, u3307 ," Ray. What's your 20?,,,,,,,,,,,,,,,,,,,,,,,,,,,,,,,", u3308 ,m219,,
112670, u3308 ," X21. Come back.,,,,,,,,,,,,,,,,,,,,,,,,,,,,,,,", u3307 ,m219,,
112671, u3307 ," They took it down, set fire to it, and threw it on the doorstep of room 13 at the Buffalo Butte Motel. Your room."",,,,,,,,,,,,,,,,,,,,,,,,,,,,,,,", u3308 ,m219,,
112672, u3308 ," Good.,,,,,,,,,,,,,,,,,,,,,,,,,,,,,,,", u3307 ,m219,,
112673, u3307 ," Remember that upside down flag back at Jimmy's house? Somebody took it down.,,,,,,,,,,,,,,,,,,,,,,,,,,,,,,,", u3308 ,m219,,
112674, u3308 ," I read, Cooch."",,,,,,,,,,,,,,,,,,,,,,,,,,,,,,,", u3307 ,m219,,
112675, u3307 ," Ray. X22.,,,,,,,,,,,,,,,,,,,,,,,,,,,,,,,", u3308 ,m219,,
112676, u3308 ," Never mind.,,,,,,,,,,,,,,,,,,,,,,,,,,,,,,,", u3307 ,m219,,
112677, u3307 ," Come back?,,,,,,,,,,,,,,,,,,,,,,,,,,,,,,,", u3308 ,m219,,
112678, u3308 ," No plates. No registration. Serial numbers removed. And all prints washed off by the river. That's great. This is turning out to be a walk in the park, do you know that?"",,,,,,,,,,,,,,,,,,,,,,,,,,,,,,,", u3307 ,m219,,
112679, u3307 ," Okay, Ray. I'm coming in. If he starts to leave the area, move in. And hold him. Over."",,,,,,,,,,,,,,,,,,,,,,,,,,,,,,,", u3308 ,m219,,
112680, u3308 ," I have a pick-up truck. No plates. Subject -- Indian -- entering suspect's house. Over.,,,,,,,,,,,,,,,,,,,,,,,,,,,,,,,", u3307 ,m219,,
112681, u3307 ," Go ahead, Ray."",,,,,,,,,,,,,,,,,,,,,,,,,,,,,,,", u3308 ,m219,,
112682, u3308 ," X22. Read.,,,,,,,,,,,,,,,,,,,,,,,,,,,,,,,", u3308 ,m219,,
112683, u3308 ," Black Tail District, X22. You ready for this? Leo wasn't killed in the Badlands. I... I found the location."",,,,,,,,,,,,,,,,,,,,,,,,,,,,,,,", u3307 ,m219,,
112684, u3307 ," X21, give me a 20."",,,,,,,,,,,,,,,,,,,,,,,,,,,,,,,", u3309 ,m219,,
112685, u3309 ," -- your father was part Sioux.,,,,,,,,,,,,,,,,,,,,,,,,,,,,,,,", u3308 ,m219,,
112686, u3308 ," Woh, excuse me, Sir... I see what you're saying... I've got a little Indian blood, that's true. But --  I am not an... an Indian. I can't just go in and --"",,,,,,,,,,,,,,,,,,,,,,,,,,,,,,,", u3309 ,m219,,
112687, u3309 ," With an Indian representative out there, we hope to keep hostilities dormant; this is a COINTELPRO, Selective Operations Unit, and it'll be easier on Agent Couture if you can gain the people's trust and maybe --"",,,,,,,,,,,,,,,,,,,,,,,,,,,,,,,", u3309 ,m219,,
112688, u3309 ," -- yes, Teton Sioux. Father's side."",,,,,,,,,,,,,,,,,,,,,,,,,,,,,,,", u3308 ,m219,,
112689, u3308 ," I'm not that sure. Yeah, I think --"",,,,,,,,,,,,,,,,,,,,,,,,,,,,,,,", u3308 ,m219,,
112690, u3308 ," No. No, no. Thank you."",,,,,,,,,,,,,,,,,,,,,,,,,,,,,,,", u3309 ,m219,,
112691, u3309 ," Do you want a coffee?,,,,,,,,,,,,,,,,,,,,,,,,,,,,,,,", u3308 ,m219,,
112692, u3308 ," Mister Tully.,,,,,,,,,,,,,,,,,,,,,,,,,,,,,,,", u3309 ,m219,,
112693, u3309 ," Ray...,,,,,,,,,,,,,,,,,,,,,,,,,,,,,,,", u3310 ,m219,,
112694, u3310 ," All I know... is I did what I did... and I ain't in solitary, gettin' pumped up with downer, gettin' beat to shit. But I tell you what, Suit. Take me back. Cuz I can't take this shit no more."",,,,,,,,,,,,,,,,,,,,,,,,,,,,,,,", u3308 ,m219,,
112695, u3308 ," Keep talking, Yellow Bird..."",,,,,,,,,,,,,,,,,,,,,,,,,,,,,,,", u3310 ,m219,,
112696, u3310 ," Red Deer Table! What's with you, man?"",,,,,,,,,,,,,,,,,,,,,,,,,,,,,,,", u3308 ,m219,,
112697, u3308 ," What's Tashka Sha, speak English, speak English!"",,,,,,,,,,,,,,,,,,,,,,,,,,,,,,,", u3310 ,m219,,
112698, u3310 ," I took him out before he got the chance. He didn't say nothin' about Tashka Sha. And now his spirit is in the dirt. Forever.,,,,,,,,,,,,,,,,,,,,,,,,,,,,,,,", u3308 ,m219,,
112699, u3308 ," Leo knew something heavy and was trying to tell Jimmy. But you must not know how serious it was or you would have delivered. Do you realize what Leo could have told Jimmy?! Do you?!,,,,,,,,,,,,,,,,,,,,,,,,,,,,,,,", u3310 ,m219,,
112700, u3310 ," What do you know about spirits? You ain't no In'dn.,,,,,,,,,,,,,,,,,,,,,,,,,,,,,,,", u3308 ,m219,,
112701, u3308 ," You turned Leo over on his face. But the coyotes must've turned him back over, man, cuz his spirit is out. It's out, and it knows."",,,,,,,,,,,,,,,,,,,,,,,,,,,,,,,", u3310 ,m219,,
112702, u3310 ," Miles. Three other suits. That's all I know 'em as -- suits. Were you there?,,,,,,,,,,,,,,,,,,,,,,,,,,,,,,,", u3308 ,m219,,
112703, u3308 ," The men who came to see you at Leavenworth. The one's who made the arrangement... who were they? Maybe I can talk to them.,,,,,,,,,,,,,,,,,,,,,,,,,,,,,,,", u3310 ,m219,,
112704, u3310 ," I blew his back out with a buffalo gun, that's how I know! Now you're gonna say I didn't, so you can throw me back in solitary?"",,,,,,,,,,,,,,,,,,,,,,,,,,,,,,,", u3308 ,m219,,
112705, u3308 ," How the hell do you know?,,,,,,,,,,,,,,,,,,,,,,,,,,,,,,,", u3310 ,m219,,
112706, u3310 ," No way. No fuckin' way.,,,,,,,,,,,,,,,,,,,,,,,,,,,,,,,", u3308 ,m219,,
112707, u3308 ," Leo Fast Elk... is alive.,,,,,,,,,,,,,,,,,,,,,,,,,,,,,,,", u3310 ,m219,,
112708, u3310 ," What the fuck, man? What do you people want? I did what you wasi'cu's told me to do."",,,,,,,,,,,,,,,,,,,,,,,,,,,,,,,", u3308 ,m219,,
112709, u3308 ," They sent me here, Richard because they said you didn't hold up your end of the arrangement, and I have to transport you back to Leavenworth."",,,,,,,,,,,,,,,,,,,,,,,,,,,,,,,", u3310 ,m219,,
112710, u3310 ," They said I'd never see FBI again, and I'm livin' with you fuckers. I don't feed ya information on the Warriors, it's back to the pen. I don't do this, back to the pen. Your word against my word. Against a con Indian's word. I really got a chance, man, right?"",,,,,,,,,,,,,,,,,,,,,,,,,,,,,,,", u3308 ,m219,,
112711, u3308 ," Get up!,,,,,,,,,,,,,,,,,,,,,,,,,,,,,,,", u3310 ,m219,,
112712, u3310 ," I get thrown in solitary until I don't know my own fuckin' name, and then you people tell me I can beat nine years if I help you. I helped you!"",,,,,,,,,,,,,,,,,,,,,,,,,,,,,,,", u3308 ,m219,,
112713, u3308 ," Get up out of the chair, and walk toward the backdoor, Richard."",,,,,,,,,,,,,,,,,,,,,,,,,,,,,,,", u3310 ,m219,,
112714, u3310 ," What's with you people? Why do ya have to fuck with my head all the time? I came through, man."",,,,,,,,,,,,,,,,,,,,,,,,,,,,,,,", u3308 ,m219,,
112715, u3308 ," Get up out of the chair, Richard."",,,,,,,,,,,,,,,,,,,,,,,,,,,,,,,", u3310 ,m219,,
112716, u3310 ," What the fuck you talkin' about?,,,,,,,,,,,,,,,,,,,,,,,,,,,,,,,", u3308 ,m219,,
112717, u3308 ," Not for long, Richard. You got early parole under the stipulation that you would help us in a situation, and you didn't deliver."",,,,,,,,,,,,,,,,,,,,,,,,,,,,,,,", u3308 ,m219,,
112718, u3308 ," Yes, Washington sent me, Richard. They sent me here because this whole thing has been fucked. Do you know what I mean when I say this whole thing has been fucked, Richard?"",,,,,,,,,,,,,,,,,,,,,,,,,,,,,,,", u3310 ,m219,,
112719, u3310 ," Washington sent ya. I know that.,,,,,,,,,,,,,,,,,,,,,,,,,,,,,,,", u3308 ,m219,,
112720, u3308 ," No. Can't say that I have, Richard. Richard do you know why I'm here?"",,,,,,,,,,,,,,,,,,,,,,,,,,,,,,,", u3310 ,m219,,
112721, u3310 ," You ever try solitary confinement?,,,,,,,,,,,,,,,,,,,,,,,,,,,,,,,", u3308 ,m219,,
112722, u3308 ," Leavenworth a tough joint?,,,,,,,,,,,,,,,,,,,,,,,,,,,,,,,", u3310 ,m219,,
112723, u3310 ," No, that was Leavenworth. This --  was Sioux Falls. What ya want?"",,,,,,,,,,,,,,,,,,,,,,,,,,,,,,,", u3308 ,m219,,
112724, u3308 ," At Sioux Falls Pen?,,,,,,,,,,,,,,,,,,,,,,,,,,,,,,,", u3310 ,m219,,
112725, u3310 ," Since I got a iron pipe put across my knees, man. Fight with three wasi'cus, ya know."",,,,,,,,,,,,,,,,,,,,,,,,,,,,,,,", u3308 ,m219,,
112726, u3308 ," Must be a bitch getting around in that wheelchair. How long you been in it?,,,,,,,,,,,,,,,,,,,,,,,,,,,,,,,", u3310 ,m219,,
112727, u3310 ," What ya want?,,,,,,,,,,,,,,,,,,,,,,,,,,,,,,,", u3308 ,m219,,
