,User_id,text,sec_user,movies_name,relationship,attachment
114195, u3357 ," Too fine, Badalato. The bad news is, you're gonna live."",,,,,,,,,,,,,,,,,,,,,,,,,,,,,,,", u3354 ,m223,,
114196, u3354 ," I don' need a hospital... I feel fine.,,,,,,,,,,,,,,,,,,,,,,,,,,,,,,,", u3357 ,m223,,
114197, u3357 ," That-a-boy. Hospital.,,,,,,,,,,,,,,,,,,,,,,,,,,,,,,,", u3354 ,m223,,
114198, u3354 ," ...Where're we goin'?,,,,,,,,,,,,,,,,,,,,,,,,,,,,,,,", u3354 ,m223,,
114199, u3354 ," I'm dead. We're both dead.,,,,,,,,,,,,,,,,,,,,,,,,,,,,,,,", u3357 ,m223,,
114200, u3357 ," Demerol? What the fuck is your problem, man? You wanna die?"",,,,,,,,,,,,,,,,,,,,,,,,,,,,,,,", u3357 ,m223,,
114201, u3357 ," And one good guy.,,,,,,,,,,,,,,,,,,,,,,,,,,,,,,,", u3354 ,m223,,
114202, u3354 ," Our own Colombian Connection... For three years... Three years of ball breaking detective work. And we put a lotta bad guys behind bars.,,,,,,,,,,,,,,,,,,,,,,,,,,,,,,,", u3357 ,m223,,
114203, u3357 ," He was your snitch.,,,,,,,,,,,,,,,,,,,,,,,,,,,,,,,", u3354 ,m223,,
114204, u3354 ," ...we had to lick his boots clean.,,,,,,,,,,,,,,,,,,,,,,,,,,,,,,,", u3357 ,m223,,
114205, u3357 ," I know about Esparza.,,,,,,,,,,,,,,,,,,,,,,,,,,,,,,,", u3354 ,m223,,
114206, u3354 ," You're fishing. You don't know shit.,,,,,,,,,,,,,,,,,,,,,,,,,,,,,,,", u3354 ,m223,,
114207, u3354 ," Please... I need to sleep...,,,,,,,,,,,,,,,,,,,,,,,,,,,,,,,", u3357 ,m223,,
114208, u3357 ," From Chinatown... Which is right up the street from the morgue! Where did you go with the body? What did you do with it?,,,,,,,,,,,,,,,,,,,,,,,,,,,,,,,", u3357 ,m223,,
114209, u3357 ," An hour after you picked it up!,,,,,,,,,,,,,,,,,,,,,,,,,,,,,,,", u3354 ,m223,,
114210, u3354 ," I brought it... to the coroner.,,,,,,,,,,,,,,,,,,,,,,,,,,,,,,,", u3357 ,m223,,
114211, u3357 ," In other words, seven times out of a hundred, you're wrong!"",,,,,,,,,,,,,,,,,,,,,,,,,,,,,,,", u3355 ,m223,,
114212, u3355 ," Absolutely not. No more than seven percent.,,,,,,,,,,,,,,,,,,,,,,,,,,,,,,,", u3357 ,m223,,
114213, u3357 ," Isn't there a ten to fifteen-percent margin of error?,,,,,,,,,,,,,,,,,,,,,,,,,,,,,,,", u3355 ,m223,,
114214, u3355 ," It most certainly is.,,,,,,,,,,,,,,,,,,,,,,,,,,,,,,,", u3357 ,m223,,
114215, u3357 ," Forensic ballistics isn't an exact science, is it?"",,,,,,,,,,,,,,,,,,,,,,,,,,,,,,,", u3355 ,m223,,
114216, u3355 ," No it is not, Mr. Dowd."",,,,,,,,,,,,,,,,,,,,,,,,,,,,,,,", u3357 ,m223,,
114217, u3357 ," Or this -- is this a significant difference?,,,,,,,,,,,,,,,,,,,,,,,,,,,,,,,", u3355 ,m223,,
114218, u3355 ," Absolutely.,,,,,,,,,,,,,,,,,,,,,,,,,,,,,,,", u3357 ,m223,,
114219, u3357 ," You would have the court believe that these two bullets were fired from the same gun?,,,,,,,,,,,,,,,,,,,,,,,,,,,,,,,", u3355 ,m223,,
114220, u3355 ," Correct.,,,,,,,,,,,,,,,,,,,,,,,,,,,,,,,", u3357 ,m223,,
114221, u3357 ," And the one on the right is the bullet you test-fired from Shu's gun?,,,,,,,,,,,,,,,,,,,,,,,,,,,,,,,", u3355 ,m223,,
114222, u3355 ," True.,,,,,,,,,,,,,,,,,,,,,,,,,,,,,,,", u3357 ,m223,,
114223, u3357 ," The photo on the left shows the bullet that killed Jimmy Chin, true?"",,,,,,,,,,,,,,,,,,,,,,,,,,,,,,,", u3356 ,m223,,
114224, u3356 ," Bellevue. Straight up First --,,,,,,,,,,,,,,,,,,,,,,,,,,,,,,,", u3357 ,m223,,
114225, u3357 ," Where's the nearest hospital?,,,,,,,,,,,,,,,,,,,,,,,,,,,,,,,", u3356 ,m223,,
114226, u3356 ," Don't hurt him.,,,,,,,,,,,,,,,,,,,,,,,,,,,,,,,", u3357 ,m223,,
114227, u3357 ," Let go of my hair.,,,,,,,,,,,,,,,,,,,,,,,,,,,,,,,", u3356 ,m223,,
114228, u3356 ," Gimme back my bottle.,,,,,,,,,,,,,,,,,,,,,,,,,,,,,,,", u3356 ,m223,,
114229, u3356 ," The hell you do. At this hour?,,,,,,,,,,,,,,,,,,,,,,,,,,,,,,,", u3357 ,m223,,
114230, u3357 ," I have to talk to your brother.,,,,,,,,,,,,,,,,,,,,,,,,,,,,,,,", u3356 ,m223,,
114231, u3356 ," Ms. Vin's sister.,,,,,,,,,,,,,,,,,,,,,,,,,,,,,,,", u3357 ,m223,,
114232, u3357 ," I would like to put Shu's alleged crime in a context, your Honor. And we do have the foremost expert on prison and street gangs right here in this room... If it please the court, I'd like to call Mr. Reynard."",,,,,,,,,,,,,,,,,,,,,,,,,,,,,,,", u3361 ,m223,,
114233, u3361 ," -- Then you don't wish to call any witnesses, Mr. Dowd?"",,,,,,,,,,,,,,,,,,,,,,,,,,,,,,,", u3357 ,m223,,
114234, u3357 ," I suppose I could find an inmate who'd say that Shu boasted about Chinatown just to survive in the joint -- though he didn't really do it...,,,,,,,,,,,,,,,,,,,,,,,,,,,,,,,", u3361 ,m223,,
114235, u3361 ," Well then, does the defense have any witnesses?"",,,,,,,,,,,,,,,,,,,,,,,,,,,,,,,", u3357 ,m223,,
114236, u3357 ," Your Honor: I imagine that, no matter how careful my questioning, Mr. Ortega would, in his well-intentioned way, dig my client's hole even deeper."",,,,,,,,,,,,,,,,,,,,,,,,,,,,,,,", u3361 ,m223,,
114237, u3361 ," Good morning, Mr. Dowd. Do you think you might be up to cross-examining Mr. Ortega this morning?"",,,,,,,,,,,,,,,,,,,,,,,,,,,,,,,", u3361 ,m223,,
114238, u3361 ," The testimony will remain in the record. Do you wish to cross-examine?,,,,,,,,,,,,,,,,,,,,,,,,,,,,,,,", u3357 ,m223,,
114239, u3357 ," I move that the witness's testimony be stricken. He has clearly been terrorized by the prosecution, he's --"",,,,,,,,,,,,,,,,,,,,,,,,,,,,,,,", u3361 ,m223,,
114240, u3361 ," Sustained.,,,,,,,,,,,,,,,,,,,,,,,,,,,,,,,", u3357 ,m223,,
114241, u3357 ," Objection.,,,,,,,,,,,,,,,,,,,,,,,,,,,,,,,", u3361 ,m223,,
114242, u3361 ," Complain to the Bar Commission.,,,,,,,,,,,,,,,,,,,,,,,,,,,,,,,", u3357 ,m223,,
114243, u3357 ," Your Honor, that's not fair -- !"",,,,,,,,,,,,,,,,,,,,,,,,,,,,,,,", u3361 ,m223,,
114244, u3361 ," So noted.,,,,,,,,,,,,,,,,,,,,,,,,,,,,,,,", u3357 ,m223,,
114245, u3357 ," -- With objection!,,,,,,,,,,,,,,,,,,,,,,,,,,,,,,,", u3361 ,m223,,
114246, u3361 ," I will allow the witness to testify. With the understanding that your questions are confined to the area of Mr. Kim's modus operandi.,,,,,,,,,,,,,,,,,,,,,,,,,,,,,,,", u3361 ,m223,,
114247, u3361 ," Sustained.,,,,,,,,,,,,,,,,,,,,,,,,,,,,,,,", u3357 ,m223,,
114248, u3357 ," Objection, your Honor! The fact that the witness is currently a patient is immaterial!"",,,,,,,,,,,,,,,,,,,,,,,,,,,,,,,", u3358 ,m223,,
114249, u3358 ," Shut your sewer mouth!,,,,,,,,,,,,,,,,,,,,,,,,,,,,,,,", u3357 ,m223,,
114250, u3357 ," Hey -- the fact you popped Jimmy Chin in broad daylight proves it wasn't premeditated. Jury'll sympathize -- dude was banging your wife, right?"",,,,,,,,,,,,,,,,,,,,,,,,,,,,,,,", u3358 ,m223,,
114251, u3358 ," Let's snuff this lowlife!,,,,,,,,,,,,,,,,,,,,,,,,,,,,,,,", u3357 ,m223,,
114252, u3357 ," What, """"everything""""? You shot a corpse. I don't give a shit about that -- !"",,,,,,,,,,,,,,,,,,,,,,,,,,,,,,,", u3358 ,m223,,
114253, u3358 ," If you'd had the sense to ask for my help, I might've helped you. But you've probably scared Chuckie Roeder off for good, I have a whole bunch of jumpy employees to handle and you're both going to be on your way. Now."",,,,,,,,,,,,,,,,,,,,,,,,,,,,,,,", u3357 ,m223,,
114254, u3357 ," Dowd. Eddie Dowd.,,,,,,,,,,,,,,,,,,,,,,,,,,,,,,,", u3358 ,m223,,
114255, u3358 ," """"Art's Supplies"""" is founded on trust, Mister --"",,,,,,,,,,,,,,,,,,,,,,,,,,,,,,,", u3358 ,m223,,
114256, u3358 ," I did five years in Attica. Lot of cons helped me in the joint. But I never got help from any lawyer... I built this business for guys like me who couldn't get a break anywhere else. """"Art's Supplies"""" is for ex- cons. Not lawyers."",,,,,,,,,,,,,,,,,,,,,,,,,,,,,,,", u3357 ,m223,,
114257, u3357 ," """"We""""?"",,,,,,,,,,,,,,,,,,,,,,,,,,,,,,,", u3358 ,m223,,
114258, u3358 ," -- I don't care who you are. You could've been killed. Every man and woman in here has done hard prison time. And we look out for each other.,,,,,,,,,,,,,,,,,,,,,,,,,,,,,,,", u3357 ,m223,,
114259, u3357 ," Look, I'm a lawyer and --"",,,,,,,,,,,,,,,,,,,,,,,,,,,,,,,", u3357 ,m223,,
114260, u3357 ," Do you see a toilet here you think is really me?,,,,,,,,,,,,,,,,,,,,,,,,,,,,,,,", u3358 ,m223,,
114261, u3358 ," I noticed.,,,,,,,,,,,,,,,,,,,,,,,,,,,,,,,", u3357 ,m223,,
114262, u3357 ," I'm a lawyer. The firm is thinking about renovating. Everything dates back to the Sixties.,,,,,,,,,,,,,,,,,,,,,,,,,,,,,,,", u3358 ,m223,,
114263, u3358 ," You can't come back here... Anything happens to you I'm liable.,,,,,,,,,,,,,,,,,,,,,,,,,,,,,,,", u3357 ,m223,,
114264, u3357 ," Not necessarily...,,,,,,,,,,,,,,,,,,,,,,,,,,,,,,,", u3359 ,m223,,
114265, u3359 ," Haven't heard that one before, Ed.  But I guess I'll be hearing it again."",,,,,,,,,,,,,,,,,,,,,,,,,,,,,,,", u3359 ,m223,,
114266, u3359 ," Can't I take a simple piss without --,,,,,,,,,,,,,,,,,,,,,,,,,,,,,,,", u3357 ,m223,,
114267, u3357 ," We don't prosecute people because in the abstract they might be weak. Judge Brandeis said it best: Entrapment is a """"dirty business!"""""",,,,,,,,,,,,,,,,,,,,,,,,,,,,,,,", u3359 ,m223,,
114268, u3359 ," What about entrapment?,,,,,,,,,,,,,,,,,,,,,,,,,,,,,,,", u3357 ,m223,,
114269, u3357 ," No it's not the only issue. There's another issue, for the jury. What about entrapment?"",,,,,,,,,,,,,,,,,,,,,,,,,,,,,,,", u3357 ,m223,,
114270, u3357 ," Yeah, well I had reasonable cause to believe the judge might've heard of the Fourth Amendment."",,,,,,,,,,,,,,,,,,,,,,,,,,,,,,,", u3359 ,m223,,
114271, u3359 ," I had a minute before the Mapp hearing -- but I couldn't get you on the phone, Eddie..."",,,,,,,,,,,,,,,,,,,,,,,,,,,,,,,", u3357 ,m223,,
114272, u3357 ," Clyde, you wait here.  Glenn, got a minute?"",,,,,,,,,,,,,,,,,,,,,,,,,,,,,,,", u3357 ,m223,,
114273, u3357 ," No further questions.,,,,,,,,,,,,,,,,,,,,,,,,,,,,,,,", u3364 ,m223,,
114274, u3364 ," Not the whole time, of course. I --"",,,,,,,,,,,,,,,,,,,,,,,,,,,,,,,", u3357 ,m223,,
114275, u3357 ," Ah.,,,,,,,,,,,,,,,,,,,,,,,,,,,,,,,", u3364 ,m223,,
114276, u3364 ," I didn't take my eyes off it!,,,,,,,,,,,,,,,,,,,,,,,,,,,,,,,", u3357 ,m223,,
114277, u3357 ," How can you remember that?,,,,,,,,,,,,,,,,,,,,,,,,,,,,,,,", u3364 ,m223,,
114278, u3364 ," I can see the hammer still, it was cocked..."",,,,,,,,,,,,,,,,,,,,,,,,,,,,,,,", u3357 ,m223,,
114279, u3357 ," You can't remember that -- !,,,,,,,,,,,,,,,,,,,,,,,,,,,,,,,", u3364 ,m223,,
114280, u3364 ," It was silver, with a stubby barrel... snub-nosed, I think they call it... It wasn't automatic, it had one of those... cylinders..."",,,,,,,,,,,,,,,,,,,,,,,,,,,,,,,", u3357 ,m223,,
114281, u3357 ," Oh really?,,,,,,,,,,,,,,,,,,,,,,,,,,,,,,,", u3364 ,m223,,
114282, u3364 ," I can describe it.,,,,,,,,,,,,,,,,,,,,,,,,,,,,,,,", u3357 ,m223,,
114283, u3357 ," Come now. Did you see the gun?,,,,,,,,,,,,,,,,,,,,,,,,,,,,,,,", u3369 ,m223,,
114284, u3369 ," You fucking swear to shut up!,,,,,,,,,,,,,,,,,,,,,,,,,,,,,,,", u3357 ,m223,,
114285, u3357 ," No. No...,,,,,,,,,,,,,,,,,,,,,,,,,,,,,,,", u3369 ,m223,,
114286, u3369 ," You see that? You wanna be like that?,,,,,,,,,,,,,,,,,,,,,,,,,,,,,,,", u3357 ,m223,,
114287, u3357 ," Your Honor, the witness' response was non-responsive... I ask you to strike it from the record...!"",,,,,,,,,,,,,,,,,,,,,,,,,,,,,,,", u3369 ,m223,,
114288, u3369 ," Kim's prints were all over it -- He admitted it was his gun, f'r godsake!"",,,,,,,,,,,,,,,,,,,,,,,,,,,,,,,", u3357 ,m223,,
114289, u3357 ," Not at all --,,,,,,,,,,,,,,,,,,,,,,,,,,,,,,,", u3369 ,m223,,
114290, u3369 ," You're implying that I planted a gun?,,,,,,,,,,,,,,,,,,,,,,,,,,,,,,,", u3357 ,m223,,
114291, u3357 ," Didn't this """"information"""" come from the Joe Boys themselves -- did they not all but hand you Shu Kai Kim, a Korean, an outsider?"",,,,,,,,,,,,,,,,,,,,,,,,,,,,,,,", u3369 ,m223,,
114292, u3369 ," We had information bearing on Mr. Kim's desire to gain admission into the Joe Boys by assassinating a member of a rival gang.,,,,,,,,,,,,,,,,,,,,,,,,,,,,,,,", u3357 ,m223,,
114293, u3357 ," A """"description""""? What, Asian male 18 to 30, black hair, brown eyes?"",,,,,,,,,,,,,,,,,,,,,,,,,,,,,,,", u3369 ,m223,,
114294, u3369 ," We had a description of the suspect.,,,,,,,,,,,,,,,,,,,,,,,,,,,,,,,", u3357 ,m223,,
114295, u3357 ," Exactly what information led you to arrest my client just two-and-a-half hours after the shooting took place?,,,,,,,,,,,,,,,,,,,,,,,,,,,,,,,", u3367 ,m223,,
114296, u3367 ," ... An hour.  That's why I thought the morgue was on the other side of town.,,,,,,,,,,,,,,,,,,,,,,,,,,,,,,,", u3357 ,m223,,
114297, u3357 ," How long did it take Badalato to drive Jimmy Chin's body from Chinatown to the morgue?,,,,,,,,,,,,,,,,,,,,,,,,,,,,,,,", u3357 ,m223,,
114298, u3357 ," Least we'd already be at the Morgue.,,,,,,,,,,,,,,,,,,,,,,,,,,,,,,,", u3367 ,m223,,
114299, u3367 ," ...Jesus!,,,,,,,,,,,,,,,,,,,,,,,,,,,,,,,", u3357 ,m223,,
114300, u3357 ," Everyone else was wrong and the one fucking lunatic was right!,,,,,,,,,,,,,,,,,,,,,,,,,,,,,,,", u3367 ,m223,,
114301, u3367 ," """"The killer wasn't Chinese""""... Cecil Stipe was right. .!"",,,,,,,,,,,,,,,,,,,,,,,,,,,,,,,", u3367 ,m223,,
114302, u3367 ," Christ... Shu is innocent.,,,,,,,,,,,,,,,,,,,,,,,,,,,,,,,", u3357 ,m223,,
114303, u3357 ," They could've been brothers. It's why the eyewitnesses picked Shu.,,,,,,,,,,,,,,,,,,,,,,,,,,,,,,,", u3357 ,m223,,
114304, u3357 ," I've seen this picture before.,,,,,,,,,,,,,,,,,,,,,,,,,,,,,,,", u3367 ,m223,,
114305, u3367 ," -- What?,,,,,,,,,,,,,,,,,,,,,,,,,,,,,,,", u3367 ,m223,,
114306, u3367 ," I followed her from the courthouse.,,,,,,,,,,,,,,,,,,,,,,,,,,,,,,,", u3357 ,m223,,
114307, u3357 ," You phoned up Art Esparza's wife?,,,,,,,,,,,,,,,,,,,,,,,,,,,,,,,", u3367 ,m223,,
114308, u3367 ," I think he hired Shu to kill Jimmy Chin... It wasn't a Chinatown gang hit -- Jimmy Chin and Art's wife were lovers! She just about told me...!,,,,,,,,,,,,,,,,,,,,,,,,,,,,,,,", u3357 ,m223,,
114309, u3357 ," What's Art Esparza?,,,,,,,,,,,,,,,,,,,,,,,,,,,,,,,", u3367 ,m223,,
114310, u3367 ," Eddie -- it's Art Esparza!,,,,,,,,,,,,,,,,,,,,,,,,,,,,,,,", u3357 ,m223,,
114311, u3357 ," -- Roger -- ?,,,,,,,,,,,,,,,,,,,,,,,,,,,,,,,", u3367 ,m223,,
114312, u3367 ," Let's get a cab.,,,,,,,,,,,,,,,,,,,,,,,,,,,,,,,", u3357 ,m223,,
114313, u3357 ," I've got a meeting in Chinatown.,,,,,,,,,,,,,,,,,,,,,,,,,,,,,,,", u3367 ,m223,,
114314, u3367 ," I am. Eddie -- we've got nothing.,,,,,,,,,,,,,,,,,,,,,,,,,,,,,,,", u3357 ,m223,,
114315, u3357 ," I'm not that desperate.,,,,,,,,,,,,,,,,,,,,,,,,,,,,,,,", u3367 ,m223,,
114316, u3367 ," But Roeder's dead. Ballistics says it's Shu! We don't have one witness -- unless we put Cecil Stipe on the stand...,,,,,,,,,,,,,,,,,,,,,,,,,,,,,,,", u3357 ,m223,,
114317, u3357 ," That's not gonna happen. I'm gonna create reasonable doubt. Buckle your seatbelt and watch me work.,,,,,,,,,,,,,,,,,,,,,,,,,,,,,,,", u3367 ,m223,,
114318, u3367 ," You're carrying that around like it was a picture of your girlfriend!  I don't want to see your heart broken when this case crashes and burns!,,,,,,,,,,,,,,,,,,,,,,,,,,,,,,,", u3357 ,m223,,
114319, u3357 ," You know how I know? 'Cause Reynard says he's guilty, and Reynard's full of shit! Look --"",,,,,,,,,,,,,,,,,,,,,,,,,,,,,,,", u3367 ,m223,,
114320, u3367 ," -- Eddie...,,,,,,,,,,,,,,,,,,,,,,,,,,,,,,,", u3357 ,m223,,
114321, u3357 ," Hey -- you believe what you want. Shu Kai Kim is innocent.,,,,,,,,,,,,,,,,,,,,,,,,,,,,,,,", u3367 ,m223,,
114322, u3367 ," Eddie... it's one thing to compare Clyde Gruner to Jesus Christ. It's even okay to claim that Shu Kai Kim is just slightly holier than the Pope... as long as you don't really believe it!,,,,,,,,,,,,,,,,,,,,,,,,,,,,,,,", u3357 ,m223,,
114323, u3357 ," That's why I hate experts.,,,,,,,,,,,,,,,,,,,,,,,,,,,,,,,", u3367 ,m223,,
114324, u3367 ," I've heard from the last ballistics expert on the list. It's an even ten who say Shu's gun killed Jimmy Chin!,,,,,,,,,,,,,,,,,,,,,,,,,,,,,,,", u3357 ,m223,,
114325, u3357 ," But what?,,,,,,,,,,,,,,,,,,,,,,,,,,,,,,,", u3367 ,m223,,
114326, u3367 ," Well, I mean, Roeder's gone, now... A dead end. Believe me, I'm sorry too, but..."",,,,,,,,,,,,,,,,,,,,,,,,,,,,,,,", u3357 ,m223,,
114327, u3357 ," ...What do you mean?,,,,,,,,,,,,,,,,,,,,,,,,,,,,,,,", u3367 ,m223,,
114328, u3367 ," So what're we gonna do?,,,,,,,,,,,,,,,,,,,,,,,,,,,,,,,", u3357 ,m223,,
114329, u3357 ," You sneaked a peek at the Rolodex.  Nice.,,,,,,,,,,,,,,,,,,,,,,,,,,,,,,,", u3367 ,m223,,
114330, u3367 ," Chuckie's address. I sneaked a peek at the Rolodex.,,,,,,,,,,,,,,,,,,,,,,,,,,,,,,,", u3357 ,m223,,
114331, u3357 ," -- What?,,,,,,,,,,,,,,,,,,,,,,,,,,,,,,,", u3367 ,m223,,
114332, u3367 ," 1530 Rivington Street.,,,,,,,,,,,,,,,,,,,,,,,,,,,,,,,", u3357 ,m223,,
114333, u3357 ," Goddam it... the little punk bests me again, I get thrown down and lectured at and where the hell were you?"",,,,,,,,,,,,,,,,,,,,,,,,,,,,,,,", u3367 ,m223,,
114334, u3367 ," Roger Baron.,,,,,,,,,,,,,,,,,,,,,,,,,,,,,,,", u3357 ,m223,,
114335, u3357 ," Eddie Dowd.,,,,,,,,,,,,,,,,,,,,,,,,,,,,,,,", u3367 ,m223,,
114336, u3367 ," A spinal injury, in the line of duty. It was in Kitty's report..."",,,,,,,,,,,,,,,,,,,,,,,,,,,,,,,", u3357 ,m223,,
114337, u3357 ," A fucking wheelchair?,,,,,,,,,,,,,,,,,,,,,,,,,,,,,,,", u3357 ,m223,,
114338, u3357 ," George is a fucking burnout case. I didn't want him on the stand anyway. Get more names from Billy.,,,,,,,,,,,,,,,,,,,,,,,,,,,,,,,", u3367 ,m223,,
114339, u3367 ," Uh, Eddie? The, um, ballistics guy, George...? He called, and...  His tests show that Shu's gun fired the bullet that killed Jimmy Chin."",,,,,,,,,,,,,,,,,,,,,,,,,,,,,,,", u3357 ,m223,,
114340, u3357 ," Hey, Clyde Gruner sold these guys a pound of crystal meth at cost. We're Clyde's buddies, it's cool.  Next exit."",,,,,,,,,,,,,,,,,,,,,,,,,,,,,,,", u3367 ,m223,,
114341, u3367 ," I feel much better now.,,,,,,,,,,,,,,,,,,,,,,,,,,,,,,,", u3357 ,m223,,
114342, u3357 ," So an upstanding member of the Aryan Warriors wouldn't paint them on. They take those teardrops seriously -- they're badges of courage, of honor. Only their most vicious killer elite get to wear them...!"",,,,,,,,,,,,,,,,,,,,,,,,,,,,,,,", u3367 ,m223,,
114343, u3367 ," -- Yeah?,,,,,,,,,,,,,,,,,,,,,,,,,,,,,,,", u3357 ,m223,,
114344, u3357 ," There's no one else to talk to. The tattoos were phony!,,,,,,,,,,,,,,,,,,,,,,,,,,,,,,,", u3367 ,m223,,
114345, u3367 ," I didn't ask for a closing argument.,,,,,,,,,,,,,,,,,,,,,,,,,,,,,,,", u3357 ,m223,,
114346, u3357 ," They're just frightened, fucked-up losers that prison fucked up worse."",,,,,,,,,,,,,,,,,,,,,,,,,,,,,,,", u3367 ,m223,,
114347, u3367 ," -- You found his mugshot?,,,,,,,,,,,,,,,,,,,,,,,,,,,,,,,", u3357 ,m223,,
114348, u3357 ," His name is Chuckie Roeder. But something's very weird.,,,,,,,,,,,,,,,,,,,,,,,,,,,,,,,", u3357 ,m223,,
114349, u3357 ," Saving it for the Sunday Times.,,,,,,,,,,,,,,,,,,,,,,,,,,,,,,,", u3367 ,m223,,
114350, u3367 ," Shoulda told the one about Shu being the bastard child of Mother Theresa.,,,,,,,,,,,,,,,,,,,,,,,,,,,,,,,", u3357 ,m223,,
114351, u3357 ," """"Have to""""? No..."",,,,,,,,,,,,,,,,,,,,,,,,,,,,,,,", u3367 ,m223,,
114352, u3367 ," Do you have to do that?,,,,,,,,,,,,,,,,,,,,,,,,,,,,,,,", u3357 ,m223,,
114353, u3357 ," """"Cecil Stipe."""" Find it."",,,,,,,,,,,,,,,,,,,,,,,,,,,,,,,", u3367 ,m223,,
114354, u3367 ," What, the lunatic who --"",,,,,,,,,,,,,,,,,,,,,,,,,,,,,,,", u3357 ,m223,,
114355, u3357 ," That DD-5.,,,,,,,,,,,,,,,,,,,,,,,,,,,,,,,", u3357 ,m223,,
114356, u3357 ," """"Cecil Stipe""""? Have we seen any affadavit with that name?"",,,,,,,,,,,,,,,,,,,,,,,,,,,,,,,", u3367 ,m223,,
114357, u3367 ," -- Listen: """"November 5, 1980. Cecil Stipe walked into 5th Precinct. Says he witnessed Chin shooting, saw suspect's picture in Post. Says Shu Kai Kim wrong man."""""",,,,,,,,,,,,,,,,,,,,,,,,,,,,,,,", u3357 ,m223,,
114358, u3357 ," A Complaint Follow-Up form.,,,,,,,,,,,,,,,,,,,,,,,,,,,,,,,", u3367 ,m223,,
114359, u3367 ," Eddie... What's a DD-5?,,,,,,,,,,,,,,,,,,,,,,,,,,,,,,,", u3367 ,m223,,
114360, u3367 ," Eddie... I don't know about this...,,,,,,,,,,,,,,,,,,,,,,,,,,,,,,,", u3357 ,m223,,
114361, u3357 ," When did you start working for the goddam D.A.?,,,,,,,,,,,,,,,,,,,,,,,,,,,,,,,", u3367 ,m223,,
114362, u3367 ," ...Are you sure we want that?,,,,,,,,,,,,,,,,,,,,,,,,,,,,,,,", u3357 ,m223,,
114363, u3357 ," Easy? No... We have to find some piece of evidence that got buried, to reopen the sucker."",,,,,,,,,,,,,,,,,,,,,,,,,,,,,,,", u3367 ,m223,,
114364, u3367 ," -- Easy as that, huh?"",,,,,,,,,,,,,,,,,,,,,,,,,,,,,,,", u3357 ,m223,,
114365, u3357 ," I don't know but it makes one hell of an opening statement.,,,,,,,,,,,,,,,,,,,,,,,,,,,,,,,", u3367 ,m223,,
114366, u3367 ," You really think that's what happened?,,,,,,,,,,,,,,,,,,,,,,,,,,,,,,,", u3357 ,m223,,
114367, u3357 ," Some gang punk gets wasted in front of the tourists. The mayor pressures the cops. The cops pressure the rival gang -- the Joe Boys. The Joes give up Shu Kai Kim -- the schmuck kid from Korea who's been pestering 'em to get in.,,,,,,,,,,,,,,,,,,,,,,,,,,,,,,,", u3357 ,m223,,
114368, u3357 ," Eight years ago. The Chinatown hit.,,,,,,,,,,,,,,,,,,,,,,,,,,,,,,,", u3367 ,m223,,
114369, u3367 ," What other case?,,,,,,,,,,,,,,,,,,,,,,,,,,,,,,,", u3357 ,m223,,
114370, u3357 ," We're taking the other case.,,,,,,,,,,,,,,,,,,,,,,,,,,,,,,,", u3367 ,m223,,
114371, u3367 ," I feel like I've been mugged... Guy scared the shit out of me. You made your point, Eddie... I'm relieved we're not taking the case."",,,,,,,,,,,,,,,,,,,,,,,,,,,,,,,", u3357 ,m223,,
114372, u3357 ," With two knives taped to his hands? Forget it, Rog."",,,,,,,,,,,,,,,,,,,,,,,,,,,,,,,", u3367 ,m223,,
114373, u3367 ," ...So what would we claim? He stabbed Duane Lindeman in self-defense?,,,,,,,,,,,,,,,,,,,,,,,,,,,,,,,", u3357 ,m223,,
114374, u3357 ," -- Remember?,,,,,,,,,,,,,,,,,,,,,,,,,,,,,,,", u3367 ,m223,,
114375, u3367 ," At the trial, you said you were at your apartment that night. Alone."",,,,,,,,,,,,,,,,,,,,,,,,,,,,,,,", u3357 ,m223,,
114376, u3357 ," -- The Nazi he knifed?,,,,,,,,,,,,,,,,,,,,,,,,,,,,,,,", u3367 ,m223,,
114377, u3367 ," Kim denied it. But he admitted the gun was his, and he got life. Seems to have been an okay prisoner for eight years, til the... incident with Duane Lindeman."",,,,,,,,,,,,,,,,,,,,,,,,,,,,,,,", u3357 ,m223,,
114378, u3357 ," Chinatown street gang.,,,,,,,,,,,,,,,,,,,,,,,,,,,,,,,", u3367 ,m223,,
114379, u3367 ," Kim got busted at 19 for burglary. At 20 he was convicted in the shooting death of a young Chinese gang lord... The prosecution claimed Kim did it to get into """"the Joe Boys""""?"",,,,,,,,,,,,,,,,,,,,,,,,,,,,,,,", u3357 ,m223,,
114380, u3357 ," Ossining Correctional Facility. Sing Sing. Everybody's innocent there, man... Just ask 'em..."",,,,,,,,,,,,,,,,,,,,,,,,,,,,,,,", u3367 ,m223,,
114381, u3367 ," Where?,,,,,,,,,,,,,,,,,,,,,,,,,,,,,,,", u3367 ,m223,,
114382, u3367 ," Look -- I'm tired, I'll see you in the morning, Eddie."",,,,,,,,,,,,,,,,,,,,,,,,,,,,,,,", u3357 ,m223,,
114383, u3357 ," Ten years is a long time.,,,,,,,,,,,,,,,,,,,,,,,,,,,,,,,", u3357 ,m223,,
114384, u3357 ," Hey. You plan to be a criminal defense attorney, know this going in: Everybody's guilty."",,,,,,,,,,,,,,,,,,,,,,,,,,,,,,,", u3367 ,m223,,
114385, u3367 ," Don't tell me where to work. I moved to New York to work for Edward Dowd. But I can't believe that Edward Dowd has nothing better to do these days than invoke exalted legal issues to get off guilty little --,,,,,,,,,,,,,,,,,,,,,,,,,,,,,,,", u3357 ,m223,,
114386, u3357 ," So go take your job on Wall Street.,,,,,,,,,,,,,,,,,,,,,,,,,,,,,,,", u3367 ,m223,,
114387, u3367 ," -- a speed manufacturer --,,,,,,,,,,,,,,,,,,,,,,,,,,,,,,,", u3357 ,m223,,
114388, u3357 ," I'm not a kid anymore, I can't be all over the map --"",,,,,,,,,,,,,,,,,,,,,,,,,,,,,,,", u3367 ,m223,,
114389, u3367 ," -- an angel dust dealer --,,,,,,,,,,,,,,,,,,,,,,,,,,,,,,,", u3357 ,m223,,
114390, u3357 ," I specialize, Roger..."",,,,,,,,,,,,,,,,,,,,,,,,,,,,,,,", u3367 ,m223,,
114391, u3367 ," It's just... I leave behind friends, family, a coupla good job offers in Chicago and in three dizzying weeks I've helped acquit a coke dealer, a speed dealer --"",,,,,,,,,,,,,,,,,,,,,,,,,,,,,,,", u3357 ,m223,,
114392, u3357 ," Damn right I'm right.,,,,,,,,,,,,,,,,,,,,,,,,,,,,,,,", u3367 ,m223,,
114393, u3367 ," Right. You're right.,,,,,,,,,,,,,,,,,,,,,,,,,,,,,,,", u3357 ,m223,,
114394, u3357 ," ...through use of informants, eavesdropping, unreasonable search and seizure...!"",,,,,,,,,,,,,,,,,,,,,,,,,,,,,,,", u3367 ,m223,,
114395, u3367 ," Of course.,,,,,,,,,,,,,,,,,,,,,,,,,,,,,,,", u3357 ,m223,,
114396, u3357 ," I don't venerate drug dealers, Roger. To the contrary."",,,,,,,,,,,,,,,,,,,,,,,,,,,,,,,", u3367 ,m223,,
114397, u3367 ," Right, I forgot... We're pledged to protect every mid-level drug dealer in the Tri-state area.  It's an awesome responsibility."",,,,,,,,,,,,,,,,,,,,,,,,,,,,,,,", u3357 ,m223,,
114398, u3357 ," We have a full caseload, Rog."",,,,,,,,,,,,,,,,,,,,,,,,,,,,,,,", u3357 ,m223,,
114399, u3357 ," And I call your testimony hearsay. I have no more questions for you.,,,,,,,,,,,,,,,,,,,,,,,,,,,,,,,", u3360 ,m223,,
114400, u3360 ," They're Chinamen who speak English. We call them informants.,,,,,,,,,,,,,,,,,,,,,,,,,,,,,,,", u3360 ,m223,,
114401, u3360 ," Neither.,,,,,,,,,,,,,,,,,,,,,,,,,,,,,,,", u3357 ,m223,,
114402, u3357 ," Pardon... Which dialect do you speak?,,,,,,,,,,,,,,,,,,,,,,,,,,,,,,,", u3360 ,m223,,
114403, u3360 ," -- Me? Neither.,,,,,,,,,,,,,,,,,,,,,,,,,,,,,,,", u3357 ,m223,,
114404, u3357 ," Do you speak Cantonese, Mandarin, or both?"",,,,,,,,,,,,,,,,,,,,,,,,,,,,,,,", u3360 ,m223,,
114405, u3360 ," ...For ten years, now."",,,,,,,,,,,,,,,,,,,,,,,,,,,,,,,", u3357 ,m223,,
114406, u3357 ," You're the police expert in Chinatown gangs?,,,,,,,,,,,,,,,,,,,,,,,,,,,,,,,", u3357 ,m223,,
114407, u3357 ," Screw you too, Kitty."",,,,,,,,,,,,,,,,,,,,,,,,,,,,,,,", u3362 ,m223,,
114408, u3362 ," I need sleep. Some of us are mere mortals.,,,,,,,,,,,,,,,,,,,,,,,,,,,,,,,", u3357 ,m223,,
114409, u3357 ," I don't need sleep!,,,,,,,,,,,,,,,,,,,,,,,,,,,,,,,", u3362 ,m223,,
114410, u3362 ," Eddie... go home. Get some sleep.,,,,,,,,,,,,,,,,,,,,,,,,,,,,,,,", u3357 ,m223,,
114411, u3357 ," EXACTLY!,,,,,,,,,,,,,,,,,,,,,,,,,,,,,,,", u3362 ,m223,,
114412, u3362 ," Eddie... A guilty client's not the end of the world...,,,,,,,,,,,,,,,,,,,,,,,,,,,,,,,", u3357 ,m223,,
114413, u3357 ," Nothing has. But that's all changing.,,,,,,,,,,,,,,,,,,,,,,,,,,,,,,,", u3362 ,m223,,
114414, u3362 ," Eddie this is silly... are we supposed to pretend nothing's happened in the last ten years and --,,,,,,,,,,,,,,,,,,,,,,,,,,,,,,,", u3362 ,m223,,
114415, u3362 ," Eddie, if I wanted to make love with you again, I'd do it sober."",,,,,,,,,,,,,,,,,,,,,,,,,,,,,,,", u3357 ,m223,,
114416, u3357 ," You do.,,,,,,,,,,,,,,,,,,,,,,,,,,,,,,,", u3362 ,m223,,
114417, u3362 ," You don't drink """"booze""""."",,,,,,,,,,,,,,,,,,,,,,,,,,,,,,,", u3357 ,m223,,
114418, u3357 ," Got any booze in the house?,,,,,,,,,,,,,,,,,,,,,,,,,,,,,,,", u3362 ,m223,,
114419, u3362 ," Right.,,,,,,,,,,,,,,,,,,,,,,,,,,,,,,,", u3357 ,m223,,
114420, u3357 ," I haven't paid you.,,,,,,,,,,,,,,,,,,,,,,,,,,,,,,,", u3362 ,m223,,
114421, u3362 ," I'm a professional, Eddie. Getting paid is all the thanks I require."",,,,,,,,,,,,,,,,,,,,,,,,,,,,,,,", u3357 ,m223,,
114422, u3357 ," I haven't thanked you for your work, Kitty. You're doing good work."",,,,,,,,,,,,,,,,,,,,,,,,,,,,,,,", u3362 ,m223,,
114423, u3362 ," A number of them are dead, three are in prison, one's a waiter... Two -- you'll enjoy this -- two are actually members of the Chamber of Commerce."",,,,,,,,,,,,,,,,,,,,,,,,,,,,,,,", u3357 ,m223,,
114424, u3357 ," The Joe Boys in 1980...!,,,,,,,,,,,,,,,,,,,,,,,,,,,,,,,", u3362 ,m223,,
114425, u3362 ," Eddie, these things take time. Particularly at this hour..."",,,,,,,,,,,,,,,,,,,,,,,,,,,,,,,", u3357 ,m223,,
114426, u3357 ," -- Find him?,,,,,,,,,,,,,,,,,,,,,,,,,,,,,,,", u3357 ,m223,,
114427, u3357 ," I don't have time to read every word in every report, I'm too busy getting killed in court... Meantime my crackerjack investigator can't find the goddam art supplies store where Chuckie-fucking-Roeder works!"",,,,,,,,,,,,,,,,,,,,,,,,,,,,,,,", u3362 ,m223,,
114428, u3362 ," I didn't put him in a wheelchair. Reynard did. He can get around without one -- it's all in my report.,,,,,,,,,,,,,,,,,,,,,,,,,,,,,,,", u3357 ,m223,,
114429, u3357 ," A fucking wheelchair?,,,,,,,,,,,,,,,,,,,,,,,,,,,,,,,", u3357 ,m223,,
114430, u3357 ," Have you considered that Chuckie Roeder's not calling himself Chuckie Roeder these days? Get his mugshot from one of the many law officers who've got hotpants for you... then canvass those art supplies places. We're gonna win this one, Kitty, but ya gotta believe..."",,,,,,,,,,,,,,,,,,,,,,,,,,,,,,,", u3362 ,m223,,
114431, u3362 ," I've phoned every art supply retailer and wholesaler in the Tri-state area. No one's heard of Chuckie Roeder.,,,,,,,,,,,,,,,,,,,,,,,,,,,,,,,", u3357 ,m223,,
114432, u3357 ," But I like that theory. And since I'm not putting Twerp Professor on the stand, and since I don't have a better theory, I'm sticking with that theory. Meantime I want pictures of the Joes. What'll you bet there was a guy in the gang looked enough like Shu to fool the eyewitnesses!"",,,,,,,,,,,,,,,,,,,,,,,,,,,,,,,", u3362 ,m223,,
114433, u3362 ," So there goes your theory about the Joes giving up Shu to protect their trigger man.,,,,,,,,,,,,,,,,,,,,,,,,,,,,,,,", u3357 ,m223,,
114434, u3357 ," I lied.,,,,,,,,,,,,,,,,,,,,,,,,,,,,,,,", u3362 ,m223,,
114435, u3362 ," """"...are close to naming the man they believe actually killed Jimmy Chin""""?"",,,,,,,,,,,,,,,,,,,,,,,,,,,,,,,", u3357 ,m223,,
114436, u3357 ," I embroidered.,,,,,,,,,,,,,,,,,,,,,,,,,,,,,,,", u3362 ,m223,,
114437, u3362 ," """"Dowd also reports that his team of private investigators...""""?"",,,,,,,,,,,,,,,,,,,,,,,,,,,,,,,", u3357 ,m223,,
114438, u3357 ," I embellished.,,,,,,,,,,,,,,,,,,,,,,,,,,,,,,,", u3362 ,m223,,
114439, u3362 ," I was never politically correct enough for Comrade Dowd.,,,,,,,,,,,,,,,,,,,,,,,,,,,,,,,", u3357 ,m223,,
114440, u3357 ," Start looking into the Joe Boys -- who assigned the hits in 1980, what rank generally did the hits...  Your extensive law enforcement contacts should be of some use."",,,,,,,,,,,,,,,,,,,,,,,,,,,,,,,", u3362 ,m223,,
114441, u3362 ," I'm kicking myself, Eddie... Right out of here."",,,,,,,,,,,,,,,,,,,,,,,,,,,,,,,", u3357 ,m223,,
114442, u3357 ," Forget it. You've blown your chance to participate in this case, Kitty."",,,,,,,,,,,,,,,,,,,,,,,,,,,,,,,", u3362 ,m223,,
114443, u3362 ," Just which Constitutional amendment protects our right to peddle PCP?,,,,,,,,,,,,,,,,,,,,,,,,,,,,,,,", u3357 ,m223,,
114444, u3357 ," Kitty, where exactly do you place the microphone to catch the most incriminating moans?"",,,,,,,,,,,,,,,,,,,,,,,,,,,,,,,", u3362 ,m223,,
114445, u3362 ," Beats getting paid in twenties by slimedogs selling angel dust to high school seniors.,,,,,,,,,,,,,,,,,,,,,,,,,,,,,,,", u3357 ,m223,,
114446, u3357 ," Lemme guess. Some corporate V.P.'s banging his secretary over lunch and you have to focus your camera and plug in your little tape recorder.,,,,,,,,,,,,,,,,,,,,,,,,,,,,,,,", u3362 ,m223,,
114447, u3362 ," Eddie, I'm not working on this case. You boys have fun."",,,,,,,,,,,,,,,,,,,,,,,,,,,,,,,", u3357 ,m223,,
114448, u3357 ," Stipe was just one of four eyewitnesses who came forward, Kitty. Y'oughta start looking for the others..."",,,,,,,,,,,,,,,,,,,,,,,,,,,,,,,", u3357 ,m223,,
114449, u3357 ," It hasn't been that long.,,,,,,,,,,,,,,,,,,,,,,,,,,,,,,,", u3362 ,m223,,
114450, u3362 ," You're doing a murder case?,,,,,,,,,,,,,,,,,,,,,,,,,,,,,,,", u3357 ,m223,,
114451, u3357 ," Murder witness.,,,,,,,,,,,,,,,,,,,,,,,,,,,,,,,", u3357 ,m223,,
114452, u3357 ," For awhile we had this dream we were innocent. That was our bond... but then we woke up. And now I'd like to hear everything.,,,,,,,,,,,,,,,,,,,,,,,,,,,,,,,", u3368 ,m223,,
114453, u3368 ," When you leave this place you're going out to dinner or a movie or get laid. Where's our bond? I'm going back to my cell and wait to die. So tell me: Where's our bond?,,,,,,,,,,,,,,,,,,,,,,,,,,,,,,,", u3357 ,m223,,
114454, u3357 ," By trusting me. Shit, man..."",,,,,,,,,,,,,,,,,,,,,,,,,,,,,,,", u3368 ,m223,,
114455, u3368 ," -- How could I help you?,,,,,,,,,,,,,,,,,,,,,,,,,,,,,,,", u3357 ,m223,,
114456, u3357 ," Jimmy Chin? Was that self-defense too?,,,,,,,,,,,,,,,,,,,,,,,,,,,,,,,", u3368 ,m223,,
114457, u3368 ," It was self-defense.,,,,,,,,,,,,,,,,,,,,,,,,,,,,,,,", u3357 ,m223,,
114458, u3357 ," I didn't need to know that a man I'm defending on a gang-murder rap is a prison soldier who kills over drugs?,,,,,,,,,,,,,,,,,,,,,,,,,,,,,,,", u3368 ,m223,,
114459, u3368 ," When I joined up I took an oath of secrecy. I told you what you needed to know.,,,,,,,,,,,,,,,,,,,,,,,,,,,,,,,", u3357 ,m223,,
114460, u3357 ," Quite a bit you didn't tell me.,,,,,,,,,,,,,,,,,,,,,,,,,,,,,,,", u3368 ,m223,,
114461, u3368 ," It's okay, Eddie."",,,,,,,,,,,,,,,,,,,,,,,,,,,,,,,", u3357 ,m223,,
114462, u3357 ," ...I'm dying out there.,,,,,,,,,,,,,,,,,,,,,,,,,,,,,,,", u3357 ,m223,,
114463, u3357 ," """"No,"""" what?"",,,,,,,,,,,,,,,,,,,,,,,,,,,,,,,", u3368 ,m223,,
114464, u3368 ," No.,,,,,,,,,,,,,,,,,,,,,,,,,,,,,,,", u3357 ,m223,,
114465, u3357 ," Well I know that you're innocent, Shu -- even if you forgot."",,,,,,,,,,,,,,,,,,,,,,,,,,,,,,,", u3368 ,m223,,
114466, u3368 ," I don't know shit, man! Goddammit --"",,,,,,,,,,,,,,,,,,,,,,,,,,,,,,,", u3357 ,m223,,
114467, u3357 ," You can't. So tell me what you do know -- say it!,,,,,,,,,,,,,,,,,,,,,,,,,,,,,,,", u3368 ,m223,,
114468, u3368 ," How can I tell you what I don't know!,,,,,,,,,,,,,,,,,,,,,,,,,,,,,,,", u3357 ,m223,,
114469, u3357 ," No. You tell me, Shu."",,,,,,,,,,,,,,,,,,,,,,,,,,,,,,,", u3368 ,m223,,
114470, u3368 ," You tell me, man."",,,,,,,,,,,,,,,,,,,,,,,,,,,,,,,", u3357 ,m223,,
114471, u3357 ," What went down?,,,,,,,,,,,,,,,,,,,,,,,,,,,,,,,", u3368 ,m223,,
114472, u3368 ," About Chinatown. What went down.,,,,,,,,,,,,,,,,,,,,,,,,,,,,,,,", u3357 ,m223,,
114473, u3357 ," -- About what?,,,,,,,,,,,,,,,,,,,,,,,,,,,,,,,", u3368 ,m223,,
114474, u3368 ," I don't know. The truth, maybe."",,,,,,,,,,,,,,,,,,,,,,,,,,,,,,,", u3357 ,m223,,
114475, u3357 ," Afraid of what?,,,,,,,,,,,,,,,,,,,,,,,,,,,,,,,", u3368 ,m223,,
114476, u3368 ," Maybe... because someone's afraid.,,,,,,,,,,,,,,,,,,,,,,,,,,,,,,,", u3357 ,m223,,
114477, u3357 ," But why?,,,,,,,,,,,,,,,,,,,,,,,,,,,,,,,", u3368 ,m223,,
114478, u3368 ," I guess he... wanted you to think he was... somebody he wasn't.,,,,,,,,,,,,,,,,,,,,,,,,,,,,,,,", u3357 ,m223,,
114479, u3357 ," But why would a guy would do that? Paint black teardrops on his face?,,,,,,,,,,,,,,,,,,,,,,,,,,,,,,,", u3368 ,m223,,
114480, u3368 ," """"Painted""""?"",,,,,,,,,,,,,,,,,,,,,,,,,,,,,,,", u3357 ,m223,,
114481, u3357 ," An Aryan Warrior with black teardrops painted on his face.,,,,,,,,,,,,,,,,,,,,,,,,,,,,,,,", u3357 ,m223,,
114482, u3357 ," ...Okay...,,,,,,,,,,,,,,,,,,,,,,,,,,,,,,,", u3368 ,m223,,
114483, u3368 ," I killed the motherfucker.,,,,,,,,,,,,,,,,,,,,,,,,,,,,,,,", u3357 ,m223,,
114484, u3357 ," Exactly what happened then?,,,,,,,,,,,,,,,,,,,,,,,,,,,,,,,", u3368 ,m223,,
114485, u3368 ," Racist asshole came at me.,,,,,,,,,,,,,,,,,,,,,,,,,,,,,,,", u3357 ,m223,,
114486, u3357 ," Want to tell me what went down here?,,,,,,,,,,,,,,,,,,,,,,,,,,,,,,,", u3368 ,m223,,
114487, u3368 ," Figures.,,,,,,,,,,,,,,,,,,,,,,,,,,,,,,,", u3357 ,m223,,
114488, u3357 ," That's right.,,,,,,,,,,,,,,,,,,,,,,,,,,,,,,,", u3368 ,m223,,
114489, u3368 ," My mother find you?,,,,,,,,,,,,,,,,,,,,,,,,,,,,,,,", u3357 ,m223,,
114490, u3357 ," Mr. Rabin has no right to --,,,,,,,,,,,,,,,,,,,,,,,,,,,,,,,", u3370 ,m223,,
114491, u3370 ," I'd l-like to answer the question.,,,,,,,,,,,,,,,,,,,,,,,,,,,,,,,", u3357 ,m223,,
114492, u3357 ," Thank you, Mr. Stipe."",,,,,,,,,,,,,,,,,,,,,,,,,,,,,,,", u3370 ,m223,,
114493, u3370 ," No, s-sir."",,,,,,,,,,,,,,,,,,,,,,,,,,,,,,,", u3357 ,m223,,
114494, u3357 ," Did the police make any attempt to phone you, to follow up?"",,,,,,,,,,,,,,,,,,,,,,,,,,,,,,,", u3370 ,m223,,
114495, u3370 ," Y-yes, sir."",,,,,,,,,,,,,,,,,,,,,,,,,,,,,,,", u3357 ,m223,,
114496, u3357 ," ...You told the Desk Sergeant you were certain Mr. Kim wasn't the killer?  You left your telephone number?,,,,,,,,,,,,,,,,,,,,,,,,,,,,,,,", u3370 ,m223,,
114497, u3370 ," I always t-tell the truth.  That's why I'm here.,,,,,,,,,,,,,,,,,,,,,,,,,,,,,,,", u3357 ,m223,,
114498, u3357 ," When the D.A. hears I filed the writ, he'll send someone here, maybe claiming to be a journalist. That person will ask you lots of questions. Just be truthful, Cecil, okay? To all of us?"",,,,,,,,,,,,,,,,,,,,,,,,,,,,,,,", u3370 ,m223,,
114499, u3370 ," They g-got the wrong g-guy.,,,,,,,,,,,,,,,,,,,,,,,,,,,,,,,", u3357 ,m223,,
114500, u3357 ," Are you willing to testify that the man you saw shoot Jimmy Chin was not the man the cops arrested?,,,,,,,,,,,,,,,,,,,,,,,,,,,,,,,", u3357 ,m223,,
114501, u3357 ," Good. Now we're going to take an affadavit from you, but only concerning the facts of the Chinatown shooting. We honestly don't give a shit about the Kennedy assassination."",,,,,,,,,,,,,,,,,,,,,,,,,,,,,,,", u3370 ,m223,,
114502, u3370 ," I did two tours in 'Nam...,,,,,,,,,,,,,,,,,,,,,,,,,,,,,,,", u3370 ,m223,,
114503, u3370 ," Hey, Chinese people have this energy field that vibrates at a particular frequency."",,,,,,,,,,,,,,,,,,,,,,,,,,,,,,,", u3357 ,m223,,
114504, u3357 ," Oh come on, Cecil."",,,,,,,,,,,,,,,,,,,,,,,,,,,,,,,", u3357 ,m223,,
114505, u3357 ," See-cil. I'm Eddie Dowd, this is Roger Baron. We're lawyers."",,,,,,,,,,,,,,,,,,,,,,,,,,,,,,,", u3370 ,m223,,
114506, u3370 ," See-cil.,,,,,,,,,,,,,,,,,,,,,,,,,,,,,,,", u3357 ,m223,,
114507, u3357 ," 'lo, Cecil."",,,,,,,,,,,,,,,,,,,,,,,,,,,,,,,", u3357 ,m223,,
114508, u3357 ," No? Then what did he say?,,,,,,,,,,,,,,,,,,,,,,,,,,,,,,,", u3366 ,m223,,
114509, u3366 ," No.,,,,,,,,,,,,,,,,,,,,,,,,,,,,,,,", u3357 ,m223,,
114510, u3357 ," I hope so, Mr. Reynard."",,,,,,,,,,,,,,,,,,,,,,,,,,,,,,,", u3366 ,m223,,
114511, u3366 ," I think you're a dangerous man, Mr. Dowd."",,,,,,,,,,,,,,,,,,,,,,,,,,,,,,,", u3357 ,m223,,
114512, u3357 ," Isn't it true that without Esparza, you had no investigation?"",,,,,,,,,,,,,,,,,,,,,,,,,,,,,,,", u3366 ,m223,,
114513, u3366 ," You're trespassing into the area of witness protection, Mr. Dowd. Such showboating puts lives at risk."",,,,,,,,,,,,,,,,,,,,,,,,,,,,,,,", u3357 ,m223,,
114514, u3357 ," I didn't say he was an informant. But since you mentioned it, wasn't Esparza your primary informant?"",,,,,,,,,,,,,,,,,,,,,,,,,,,,,,,", u3366 ,m223,,
114515, u3366 ," I can't be expected to remember the name of every informant eight years after the fact.,,,,,,,,,,,,,,,,,,,,,,,,,,,,,,,", u3357 ,m223,,
114516, u3357 ," -- But you just said you were personally involved with all the principals of the investigation.,,,,,,,,,,,,,,,,,,,,,,,,,,,,,,,", u3366 ,m223,,
114517, u3366 ," I don't think I know that name.,,,,,,,,,,,,,,,,,,,,,,,,,,,,,,,", u3357 ,m223,,
114518, u3357 ," And who was Arturo Esparza?,,,,,,,,,,,,,,,,,,,,,,,,,,,,,,,", u3366 ,m223,,
114519, u3366 ," In those days, they often worked as a team."",,,,,,,,,,,,,,,,,,,,,,,,,,,,,,,", u3357 ,m223,,
114520, u3357 ," The same three detectives on the Jimmy Chin case.,,,,,,,,,,,,,,,,,,,,,,,,,,,,,,,", u3366 ,m223,,
114521, u3366 ," Lou Sklaroff, Vin Badalato, Dave Montell."",,,,,,,,,,,,,,,,,,,,,,,,,,,,,,,", u3357 ,m223,,
114522, u3357 ," And who were the detectives who assisted you, Mr. Reynard?"",,,,,,,,,,,,,,,,,,,,,,,,,,,,,,,", u3366 ,m223,,
114523, u3366 ," Mr. Dowd, I was personally involved with all phases -- and principals -- of the investigation."",,,,,,,,,,,,,,,,,,,,,,,,,,,,,,,", u3357 ,m223,,
114524, u3357 ," Did you do any hands-on work or did you just supervise, from on high?"",,,,,,,,,,,,,,,,,,,,,,,,,,,,,,,", u3366 ,m223,,
114525, u3366 ," If I were sitting where I normally sit, I would say """"Calls for speculation."""""",,,,,,,,,,,,,,,,,,,,,,,,,,,,,,,", u3357 ,m223,,
114526, u3357 ," Didn't this investigation, with its attendant publicity, catapult you into the office you now hold?"",,,,,,,,,,,,,,,,,,,,,,,,,,,,,,,", u3366 ,m223,,
114527, u3366 ," Yes, Mr. Dowd."",,,,,,,,,,,,,,,,,,,,,,,,,,,,,,,", u3357 ,m223,,
114528, u3357 ," I'd need a continuance. Three weeks at least.,,,,,,,,,,,,,,,,,,,,,,,,,,,,,,,", u3366 ,m223,,
114529, u3366 ," -- Can't Mr. Dowd find his own expert witness, your Honor?"",,,,,,,,,,,,,,,,,,,,,,,,,,,,,,,", u3366 ,m223,,
114530, u3366 ," -- in a context.,,,,,,,,,,,,,,,,,,,,,,,,,,,,,,,", u3357 ,m223,,
114531, u3357 ," -- alleged crime --,,,,,,,,,,,,,,,,,,,,,,,,,,,,,,,", u3366 ,m223,,
114532, u3366 ," Your Honor, I know as much about these gangs as anyone; I'm well aware of the secrecy in which their machinations are cloaked... I assure you this witness offers the court a rare opportunity to place the defendant's crime --"",,,,,,,,,,,,,,,,,,,,,,,,,,,,,,,", u3357 ,m223,,
114533, u3357 ," The great personal sacrifices endured by Mr. Reynard have no bearing on the legal issues, your Honor -- !"",,,,,,,,,,,,,,,,,,,,,,,,,,,,,,,", u3366 ,m223,,
114534, u3366 ," The witness is recalcitrant, your Honor -- I had to personally make a body attachment this morning -- it took two Marshalls to drag him here!"",,,,,,,,,,,,,,,,,,,,,,,,,,,,,,,", u3366 ,m223,,
114535, u3366 ," The witness will substantiate Mr. Kim's modus operandi. It's circumstantial evidence in the case at hand!,,,,,,,,,,,,,,,,,,,,,,,,,,,,,,,", u3357 ,m223,,
114536, u3357 ," -- Objection, your Honor! This case has no connection with any subsequent act my client may be charged with!"",,,,,,,,,,,,,,,,,,,,,,,,,,,,,,,", u3366 ,m223,,
114537, u3366 ," We just discovered him, your Honor! His appearance is critical to a fair presentation of our case! He is an inmate at Ossining Correctional and --"",,,,,,,,,,,,,,,,,,,,,,,,,,,,,,,", u3357 ,m223,,
114538, u3357 ," Your Honor, that's trial by ambush!"",,,,,,,,,,,,,,,,,,,,,,,,,,,,,,,", u3366 ,m223,,
114539, u3366 ," Objection.,,,,,,,,,,,,,,,,,,,,,,,,,,,,,,,", u3357 ,m223,,
114540, u3357 ," To the best of your recollection, were you sober when you performed the tests?"",,,,,,,,,,,,,,,,,,,,,,,,,,,,,,,", u3366 ,m223,,
114541, u3366 ," Badgering.,,,,,,,,,,,,,,,,,,,,,,,,,,,,,,,", u3357 ,m223,,
114542, u3357 ," You don't speak any Chinese dialects? Then you get your intelligence from snitches?,,,,,,,,,,,,,,,,,,,,,,,,,,,,,,,", u3366 ,m223,,
114543, u3366 ," Calls for speculation.,,,,,,,,,,,,,,,,,,,,,,,,,,,,,,,", u3357 ,m223,,
114544, u3357 ," Isn't it unusual for a man who's just committed a murder in plain sight to bring the weapon back to his apartment?,,,,,,,,,,,,,,,,,,,,,,,,,,,,,,,", u3366 ,m223,,
114545, u3366 ," Argumentative.,,,,,,,,,,,,,,,,,,,,,,,,,,,,,,,", u3357 ,m223,,
114546, u3357 ," Isn't it a standard trick to pack a line-up with men who resemble each other but look different than the suspect, so the suspect will stand out for the eyewitnesses?"",,,,,,,,,,,,,,,,,,,,,,,,,,,,,,,", u3366 ,m223,,
114547, u3366 ," Objection. The witness is not an expert in racial classification.,,,,,,,,,,,,,,,,,,,,,,,,,,,,,,,", u3357 ,m223,,
114548, u3357 ," Isn't it a fact that the """"six other Asian men"""" in the line-up were all of the classic Mongoloid type, whereas Shu has the distinct facial bone structure of a Korean?"",,,,,,,,,,,,,,,,,,,,,,,,,,,,,,,", u3357 ,m223,,
114549, u3357 ," That's big of you, Bob."",,,,,,,,,,,,,,,,,,,,,,,,,,,,,,,", u3366 ,m223,,
114550, u3366 ," I'll prosecute anyone who fucks up. If that makes me look racist, it's a trade-off I'll live with, Ed."",,,,,,,,,,,,,,,,,,,,,,,,,,,,,,,", u3366 ,m223,,
114551, u3366 ," No, Mr. Dowd, you'll see me in court. I'm prosecuting this case."",,,,,,,,,,,,,,,,,,,,,,,,,,,,,,,", u3357 ,m223,,
114552, u3357 ," But I'm a quick study. Tell your Deputy D.A. -- Rabin? -- that I'll see him in court.,,,,,,,,,,,,,,,,,,,,,,,,,,,,,,,", u3366 ,m223,,
114553, u3366 ," But now you've strayed from your area of expertise -- dope -- into street assassins. A subject on which you're dangerously ignorant.,,,,,,,,,,,,,,,,,,,,,,,,,,,,,,,", u3357 ,m223,,
114554, u3357 ," You know you're very tense, Mr. Reynard. Y'oughta take a week off, fly the wife and kids to Oahu."",,,,,,,,,,,,,,,,,,,,,,,,,,,,,,,", u3366 ,m223,,
114555, u3366 ," You're pissing me off again, Ed."",,,,,,,,,,,,,,,,,,,,,,,,,,,,,,,", u3357 ,m223,,
114556, u3357 ," I never joke about waiving a client's Sixth Amendment right to trial.,,,,,,,,,,,,,,,,,,,,,,,,,,,,,,,", u3366 ,m223,,
114557, u3366 ," We reconvict, your man's looking at 25 years on two counts, served consecutively. So what I'd like to ask, Ed, is: Are you joking?"",,,,,,,,,,,,,,,,,,,,,,,,,,,,,,,", u3357 ,m223,,
114558, u3357 ," That's right.,,,,,,,,,,,,,,,,,,,,,,,,,,,,,,,", u3366 ,m223,,
114559, u3366 ," I see: He'd walk out next month.,,,,,,,,,,,,,,,,,,,,,,,,,,,,,,,", u3366 ,m223,,
114560, u3366 ," You're my only problem, Ed. What does it take to make you go away?"",,,,,,,,,,,,,,,,,,,,,,,,,,,,,,,", u3357 ,m223,,
114561, u3357 ," Please don't bullshit me, Mr. Reynard. You've got witness problems, you've got proof problems..."",,,,,,,,,,,,,,,,,,,,,,,,,,,,,,,", u3366 ,m223,,
114562, u3366 ," Friday's the drop-dead date on the offer.,,,,,,,,,,,,,,,,,,,,,,,,,,,,,,,", u3357 ,m223,,
114563, u3357 ," What am I looking for? You're the one talking deal.,,,,,,,,,,,,,,,,,,,,,,,,,,,,,,,", u3366 ,m223,,
114564, u3366 ," Yes, but that's not the issue. What's on your wish list, Ed? Pleading Kim out to first degree man on both homicides, with an agreed sentence of 15 to life running concurrent? Come on... What're you looking for here?"",,,,,,,,,,,,,,,,,,,,,,,,,,,,,,,", u3357 ,m223,,
114565, u3357 ," Are you implying that my motives are less than sincere?,,,,,,,,,,,,,,,,,,,,,,,,,,,,,,,", u3366 ,m223,,
114566, u3366 ," Now maybe you got this case reopened because you see yourself as a thorn in society's side, or you want to walk into any restaurant in Chinatown and get free dumplings..."",,,,,,,,,,,,,,,,,,,,,,,,,,,,,,,", u3357 ,m223,,
114567, u3357 ," I'd have that checked, Mr. Reynard."",,,,,,,,,,,,,,,,,,,,,,,,,,,,,,,", u3366 ,m223,,
114568, u3366 ," Back in the Seventies I spent years putting away gangsters in a Colombian syndicate called """"the Ochoa"""". These guys are very dangerous, Ed. When I hear that a small-time dope lawyer is conniving to spring one of these guys, I see red."",,,,,,,,,,,,,,,,,,,,,,,,,,,,,,,", u3366 ,m223,,
114569, u3366 ," Your client is guilty. Don't dick around with me.,,,,,,,,,,,,,,,,,,,,,,,,,,,,,,,", u3357 ,m223,,
114570, u3357 ," I'm sorry if I've ruined your day, Mr. Reynard. But my client's had a rough eight years behind bars and --"",,,,,,,,,,,,,,,,,,,,,,,,,,,,,,,", u3366 ,m223,,
114571, u3366 ," Let's not drag the Constitution into this.,,,,,,,,,,,,,,,,,,,,,,,,,,,,,,,", u3357 ,m223,,
114572, u3357 ," It's in the area of narcotics, Mr. Reynard, that the government tramples on the Fourth Amendment."",,,,,,,,,,,,,,,,,,,,,,,,,,,,,,,", u3366 ,m223,,
114573, u3366 ," My staff tells me it's been mostly drug pushers... I said that can't be the same Edward Dowd.,,,,,,,,,,,,,,,,,,,,,,,,,,,,,,,", u3357 ,m223,,
114574, u3357 ," This and that.,,,,,,,,,,,,,,,,,,,,,,,,,,,,,,,", u3366 ,m223,,
114575, u3366 ," You won't remember this, but in '72 I was one of several prosecutors assigned to the Black Panther-Police Shootout.  We had a whole team, and you walked into court by yourself and kicked our collective butt.  So what've you been up to since then?"",,,,,,,,,,,,,,,,,,,,,,,,,,,,,,,", u3357 ,m223,,
114576, u3357 ," Shu Kai Kim.,,,,,,,,,,,,,,,,,,,,,,,,,,,,,,,", u3366 ,m223,,
114577, u3366 ," Of course you know Dean Rabin, one of my Assistant D.A.s. Dean generally handles nuisance cases like the... what's the man's name?"",,,,,,,,,,,,,,,,,,,,,,,,,,,,,,,", u3366 ,m223,,
114578, u3366 ," Don Reynard.,,,,,,,,,,,,,,,,,,,,,,,,,,,,,,,", u3357 ,m223,,
114579, u3357 ," Edward T. Dowd.,,,,,,,,,,,,,,,,,,,,,,,,,,,,,,,", u3362 ,m223,,
114580, u3362 ," No -- leave him be. It's better for everyone.,,,,,,,,,,,,,,,,,,,,,,,,,,,,,,,", u3367 ,m223,,
114581, u3367 ," Shouldn't one of us...?,,,,,,,,,,,,,,,,,,,,,,,,,,,,,,,", u3362 ,m223,,
114582, u3362 ," It's okay. It was always like that.,,,,,,,,,,,,,,,,,,,,,,,,,,,,,,,", u3362 ,m223,,
114583, u3362 ," But they've still got Laura Gordon -- and she was the closest, about 20 feet from the killer."",,,,,,,,,,,,,,,,,,,,,,,,,,,,,,,", u3367 ,m223,,
114584, u3367 ," -- Every word.,,,,,,,,,,,,,,,,,,,,,,,,,,,,,,,", u3362 ,m223,,
114585, u3362 ," You getting this?,,,,,,,,,,,,,,,,,,,,,,,,,,,,,,,", u3362 ,m223,,
114586, u3362 ," So what'd this guy do? Snitch off a dealer?,,,,,,,,,,,,,,,,,,,,,,,,,,,,,,,", u3367 ,m223,,
114587, u3367 ," I'll take odds on Cecil Number Two.,,,,,,,,,,,,,,,,,,,,,,,,,,,,,,,", u3362 ,m223,,
114588, u3362 ," My skip-trace turned up two Cecil Stipes. One's in Butte, Montana. Other's at Riverhead Veterans Psychiatric."",,,,,,,,,,,,,,,,,,,,,,,,,,,,,,,", u3367 ,m223,,
114589, u3367 ," -- Eddie told you?,,,,,,,,,,,,,,,,,,,,,,,,,,,,,,,", u3362 ,m223,,
114590, u3362 ," You read Eddie's Chase Manhattan Bombing summation in the Leftist Law anthology?,,,,,,,,,,,,,,,,,,,,,,,,,,,,,,,", u3363 ,m223,,
114591, u3363 ," You mustn't talk to Art. You mustn't tell Art that I was at the trial. Do you hear me?,,,,,,,,,,,,,,,,,,,,,,,,,,,,,,,", u3367 ,m223,,
114592, u3367 ," -- Roger --,,,,,,,,,,,,,,,,,,,,,,,,,,,,,,,", u3363 ,m223,,
114593, u3363 ," Look. Mister --,,,,,,,,,,,,,,,,,,,,,,,,,,,,,,,", u3367 ,m223,,
114594, u3367 ," Chuckie OD'd, Mrs. Esparza. He's dead."",,,,,,,,,,,,,,,,,,,,,,,,,,,,,,,", u3363 ,m223,,
114595, u3363 ," -- Why don't you ask Chuckie?,,,,,,,,,,,,,,,,,,,,,,,,,,,,,,,", u3367 ,m223,,
114596, u3367 ," Then it was your idea to have Chuckie Roeder scare Eddie off the case?,,,,,,,,,,,,,,,,,,,,,,,,,,,,,,,", u3363 ,m223,,
114597, u3363 ," That's right.,,,,,,,,,,,,,,,,,,,,,,,,,,,,,,,", u3367 ,m223,,
114598, u3367 ," ...And you were at the trial to... to see that justice was done?,,,,,,,,,,,,,,,,,,,,,,,,,,,,,,,", u3363 ,m223,,
114599, u3363 ," I knew Jimmy Chin. The boy who was shot. Okay?,,,,,,,,,,,,,,,,,,,,,,,,,,,,,,,", u3367 ,m223,,
114600, u3367 ," I followed you here from court.,,,,,,,,,,,,,,,,,,,,,,,,,,,,,,,", u3363 ,m223,,
114601, u3363 ," -- What trial?,,,,,,,,,,,,,,,,,,,,,,,,,,,,,,,", u3367 ,m223,,
114602, u3367 ," What were you... Why were you at Shu's trial this afternoon?,,,,,,,,,,,,,,,,,,,,,,,,,,,,,,,", u3367 ,m223,,
114603, u3367 ," I'm Roger Baron. I work with Edward Dowd.,,,,,,,,,,,,,,,,,,,,,,,,,,,,,,,", u3363 ,m223,,
114604, u3363 ," What do you want?,,,,,,,,,,,,,,,,,,,,,,,,,,,,,,,", u3366 ,m223,,
114605, u3366 ," You mean to say Mr. Kim told you that he murdered Jimmy Chin?,,,,,,,,,,,,,,,,,,,,,,,,,,,,,,,", u3365 ,m223,,
114606, u3365 ," Chinatown. Sounded pretty cold...,,,,,,,,,,,,,,,,,,,,,,,,,,,,,,,", u3366 ,m223,,
114607, u3366 ," And why was an exception made?,,,,,,,,,,,,,,,,,,,,,,,,,,,,,,,", u3365 ,m223,,
114608, u3365 ," Shu's the only one I know of...,,,,,,,,,,,,,,,,,,,,,,,,,,,,,,,", u3366 ,m223,,
114609, u3366 ," Isn't it unusual for an Asian to be accepted into a Cuban prison gang?,,,,,,,,,,,,,,,,,,,,,,,,,,,,,,,", u3365 ,m223,,
114610, u3365 ," Soldado.,,,,,,,,,,,,,,,,,,,,,,,,,,,,,,,", u3366 ,m223,,
114611, u3366 ," Mr. Ortega, what is Shu Kai Kim's rank within La Compania?"",,,,,,,,,,,,,,,,,,,,,,,,,,,,,,,", u3365 ,m223,,
114612, u3365 ," That's right.,,,,,,,,,,,,,,,,,,,,,,,,,,,,,,,", u3366 ,m223,,
114613, u3366 ," By """"takes care of,"""" you mean """"kills""""."",,,,,,,,,,,,,,,,,,,,,,,,,,,,,,,", u3365 ,m223,,
114614, u3365 ," ...A soldado, he takes care of it."",,,,,,,,,,,,,,,,,,,,,,,,,,,,,,,", u3366 ,m223,,
114615, u3366 ," If a member of the Aryan Brothers tries to cut in on your distribution?,,,,,,,,,,,,,,,,,,,,,,,,,,,,,,,", u3365 ,m223,,
114616, u3365 ," Cigarettes, candy bars...  PCP, crack..."",,,,,,,,,,,,,,,,,,,,,,,,,,,,,,,", u3366 ,m223,,
114617, u3366 ," """"Materiel""""? What do you mean by that?"",,,,,,,,,,,,,,,,,,,,,,,,,,,,,,,", u3365 ,m223,,
114618, u3365 ," A soldado, he runs messages and materiel between the regiments..."",,,,,,,,,,,,,,,,,,,,,,,,,,,,,,,", u3366 ,m223,,
114619, u3366 ," And what does a soldado -- a soldier -- do?,,,,,,,,,,,,,,,,,,,,,,,,,,,,,,,", u3365 ,m223,,
114620, u3365 ," I'm a soldado in the G-Wing Regiment.,,,,,,,,,,,,,,,,,,,,,,,,,,,,,,,", u3366 ,m223,,
114621, u3366 ," """"Name, rank and serial,"""" Mr. Ortega. Let's not hide behind the Fifth."",,,,,,,,,,,,,,,,,,,,,,,,,,,,,,,", u3366 ,m223,,
114622, u3366 ," What is your rank within La Compania?,,,,,,,,,,,,,,,,,,,,,,,,,,,,,,,", u3365 ,m223,,
114623, u3365 ," Yeah, we do some of that."",,,,,,,,,,,,,,,,,,,,,,,,,,,,,,,", u3366 ,m223,,
114624, u3366 ," Do the rival gangs compete for control of the prison drug trade?,,,,,,,,,,,,,,,,,,,,,,,,,,,,,,,", u3365 ,m223,,
114625, u3365 ," I would tend to plead the Fifth.,,,,,,,,,,,,,,,,,,,,,,,,,,,,,,,", u3366 ,m223,,
114626, u3366 ," For control of the prison drug trade?,,,,,,,,,,,,,,,,,,,,,,,,,,,,,,,", u3365 ,m223,,
114627, u3365 ," Fighting the Aryan Warriors and the Black Guerrillas, basically."",,,,,,,,,,,,,,,,,,,,,,,,,,,,,,,", u3366 ,m223,,
114628, u3366 ," And its purpose?,,,,,,,,,,,,,,,,,,,,,,,,,,,,,,,", u3365 ,m223,,
114629, u3365 ," A Cubano army, basically... inside and outside prisons."",,,,,,,,,,,,,,,,,,,,,,,,,,,,,,,", u3366 ,m223,,
114630, u3366 ," Mr. Ortega... What is """"La Compania""""?"",,,,,,,,,,,,,,,,,,,,,,,,,,,,,,,", u3365 ,m223,,
114631, u3365 ," Five years.,,,,,,,,,,,,,,,,,,,,,,,,,,,,,,,", u3365 ,m223,,
114632, u3365 ," I would tend to plead the Fifth.,,,,,,,,,,,,,,,,,,,,,,,,,,,,,,,", u3366 ,m223,,
114633, u3366 ," Mr. Ortega, you've known the defendant at Ossining Correctional for how long?"",,,,,,,,,,,,,,,,,,,,,,,,,,,,,,,", u3370 ,m223,,
114634, u3370 ," And you b-believe that.,,,,,,,,,,,,,,,,,,,,,,,,,,,,,,,", u3367 ,m223,,
114635, u3367 ," The phone company was broken up.,,,,,,,,,,,,,,,,,,,,,,,,,,,,,,,", u3370 ,m223,,
114636, u3370 ," Telephone.  I suppose you don't know the phone company killed Kennedy because he was trying to b-break it up -- and they'll never let that happen. They control everything: what you say in the mouthpiece is never exactly what comes out the other end, and --"",,,,,,,,,,,,,,,,,,,,,,,,,,,,,,,", u3367 ,m223,,
114637, u3367 ," CIA?,,,,,,,,,,,,,,,,,,,,,,,,,,,,,,,", u3370 ,m223,,
114638, u3370 ," No! They g-got the wrong guy! I saw it! The killer wasn't Chinese.,,,,,,,,,,,,,,,,,,,,,,,,,,,,,,,", u3367 ,m223,,
114639, u3367 ," I think what Eddie wants to say is --,,,,,,,,,,,,,,,,,,,,,,,,,,,,,,,", u3370 ,m223,,
114640, u3370 ," That guy they arrested -- he was the wrong g-guy.,,,,,,,,,,,,,,,,,,,,,,,,,,,,,,,", u3367 ,m223,,
114641, u3367 ," Mr. Stipe. A young man named Jimmy Chin was shot to death eight years ago, in Chinatown. Do you remember talking to the police?"",,,,,,,,,,,,,,,,,,,,,,,,,,,,,,,", u3370 ,m223,,
114642, u3370 ," You're a l-lawyer?  I... I haven't had my meds, or m-my vital signs t-taken yet. I..."",,,,,,,,,,,,,,,,,,,,,,,,,,,,,,,", u3367 ,m223,,
