,User_id,text,sec_user,movies_name,relationship,attachment
119292, u3527 ," No way that could just be seawater.,,,,,,,,,,,,,,,,,,,,,,,,,,,,,,,", u3520 ,m232,,
119293, u3520 ," You done impressing yourself, ace?"",,,,,,,,,,,,,,,,,,,,,,,,,,,,,,,", u3520 ,m232,,
119294, u3520 ," Well, you know Lindsey, too damn aggressive-- Son of a--!!"",,,,,,,,,,,,,,,,,,,,,,,,,,,,,,,", u3527 ,m232,,
119295, u3527 ," She went front-office on you.  Tighten that for me, right there.  That's it."",,,,,,,,,,,,,,,,,,,,,,,,,,,,,,,", u3520 ,m232,,
119296, u3520 ," It was alright for a while, you know.  But then she got promoted to project engineer on this thing, couple years ago."",,,,,,,,,,,,,,,,,,,,,,,,,,,,,,,", u3527 ,m232,,
119297, u3527 ," Okay, good reason.  Then what?"",,,,,,,,,,,,,,,,,,,,,,,,,,,,,,,", u3520 ,m232,,
119298, u3520 ," We were due to go back out on the same ship. Six months of tests.  If you were married you got a state-room.  Otherwise it was bunks.,,,,,,,,,,,,,,,,,,,,,,,,,,,,,,,", u3527 ,m232,,
119299, u3527 ," Doesn't mean you had to marry her.,,,,,,,,,,,,,,,,,,,,,,,,,,,,,,,", u3520 ,m232,,
119300, u3520 ," There we were, side by side, on the same ship, for two months.  I'm tool-pusher and we're testing this automated derrick of hers.  So, we get back on the beach and... we're living together."",,,,,,,,,,,,,,,,,,,,,,,,,,,,,,,", u3527 ,m232,,
119301, u3527 ," Gimme a three-eighths socket on a long extension.  So there you were--,,,,,,,,,,,,,,,,,,,,,,,,,,,,,,,", u3520 ,m232,,
119302, u3520 ," Where're you?,,,,,,,,,,,,,,,,,,,,,,,,,,,,,,,", u3527 ,m232,,
119303, u3527 ," Right through the brainpan.  Deader'n dogshit, boss."",,,,,,,,,,,,,,,,,,,,,,,,,,,,,,,", u3527 ,m232,,
119304, u3527 ," Piece of cake, baby."",,,,,,,,,,,,,,,,,,,,,,,,,,,,,,,", u3520 ,m232,,
119305, u3520 ," This ain't no drill, slick.  Make me proud."",,,,,,,,,,,,,,,,,,,,,,,,,,,,,,,", u3527 ,m232,,
119306, u3527 ," I told him we had to get the umbilical unhooked ASAP.,,,,,,,,,,,,,,,,,,,,,,,,,,,,,,,", u3520 ,m232,,
119307, u3520 ," Goddamnit!  D'you tell him we need it right now?,,,,,,,,,,,,,,,,,,,,,,,,,,,,,,,", u3528 ,m232,,
119308, u3528 ," What is that?  You drop your dive light?,,,,,,,,,,,,,,,,,,,,,,,,,,,,,,,", u3520 ,m232,,
119309, u3520 ," Nice shot, Lins."",,,,,,,,,,,,,,,,,,,,,,,,,,,,,,,", u3520 ,m232,,
119310, u3520 ," Forget it, Sonny.  They're gone."",,,,,,,,,,,,,,,,,,,,,,,,,,,,,,,", u3528 ,m232,,
119311, u3528 ," Benthic Explorer, Benthic Explorer.  Do you read, over?  This is Deepcore--"",,,,,,,,,,,,,,,,,,,,,,,,,,,,,,,", u3520 ,m232,,
119312, u3520 ," Yeah, yeah... yeah.  It's turning."",,,,,,,,,,,,,,,,,,,,,,,,,,,,,,,", u3528 ,m232,,
119313, u3528 ," You got it?!  You got it?,,,,,,,,,,,,,,,,,,,,,,,,,,,,,,,", u3528 ,m232,,
119314, u3528 ," I'm alright, I'm dealing."",,,,,,,,,,,,,,,,,,,,,,,,,,,,,,,", u3520 ,m232,,
119315, u3520 ," How you guys doing?,,,,,,,,,,,,,,,,,,,,,,,,,,,,,,,", u3520 ,m232,,
119316, u3520 ," We're being asked to cooperate in a matter of national security.  Now you know exactly as much as I do.  So just get your gear off and get up to control.  There's some kind of briefing in ten minutes.,,,,,,,,,,,,,,,,,,,,,,,,,,,,,,,", u3528 ,m232,,
119317, u3528 ," She-hit.,,,,,,,,,,,,,,,,,,,,,,,,,,,,,,,", u3524 ,m232,,
119318, u3524 ," Figured I was dead, there, when I seen that angel comin' toward me."",,,,,,,,,,,,,,,,,,,,,,,,,,,,,,,", u3520 ,m232,,
119319, u3520 ," Thanks.  How you feeling, big guy?"",,,,,,,,,,,,,,,,,,,,,,,,,,,,,,,", u3524 ,m232,,
119320, u3524 ," Yeah, okay.  Okay."",,,,,,,,,,,,,,,,,,,,,,,,,,,,,,,", u3520 ,m232,,
119321, u3520 ," Okay, Jammer.  No problem.  You stay right here. I have to go there to the end... you'll see my lights.  We'll stay in voice contact.  Just hold onto the rope.  Five more minutes.  Okay?"",,,,,,,,,,,,,,,,,,,,,,,,,,,,,,,", u3524 ,m232,,
119322, u3524 ," No!  I'm okay now.  I just don't... I can't go any further in.,,,,,,,,,,,,,,,,,,,,,,,,,,,,,,,", u3520 ,m232,,
119323, u3520 ," I'm taking you back out.,,,,,,,,,,,,,,,,,,,,,,,,,,,,,,,", u3524 ,m232,,
119324, u3524 ," I... they're all dead, Bud.  They're all dead. I thought... some of them... you know..."",,,,,,,,,,,,,,,,,,,,,,,,,,,,,,,", u3520 ,m232,,
119325, u3520 ," Deep and slow, big guy.  Deep and slow.  Just breathe easy."",,,,,,,,,,,,,,,,,,,,,,,,,,,,,,,", u3520 ,m232,,
119326, u3520 ," Hey, you okay?"",,,,,,,,,,,,,,,,,,,,,,,,,,,,,,,", u3524 ,m232,,
119327, u3524 ," Lord Almighty.,,,,,,,,,,,,,,,,,,,,,,,,,,,,,,,", u3520 ,m232,,
119328, u3520 ," Missile compartment.  Those are the launch tubes.,,,,,,,,,,,,,,,,,,,,,,,,,,,,,,,", u3524 ,m232,,
119329, u3524 ," Where are we?,,,,,,,,,,,,,,,,,,,,,,,,,,,,,,,", u3524 ,m232,,
119330, u3524 ," How deep's the drop-off here?,,,,,,,,,,,,,,,,,,,,,,,,,,,,,,,", u3520 ,m232,,
119331, u3520 ," Okay so far.,,,,,,,,,,,,,,,,,,,,,,,,,,,,,,,", u3520 ,m232,,
119332, u3520 ," Folks, I've just been told to shut down the hole and prepare to move the rig."",,,,,,,,,,,,,,,,,,,,,,,,,,,,,,,", u3524 ,m232,,
119333, u3524 ," What's goin' on, Boss?"",,,,,,,,,,,,,,,,,,,,,,,,,,,,,,,", u3520 ,m232,,
119334, u3520 ," Kirkhill?  That guy doesn't know his butt from a rathole.  Hey, Perry!"",,,,,,,,,,,,,,,,,,,,,,,,,,,,,,,", u3524 ,m232,,
119335, u3524 ," Bud!  Hippy's on the bitch-box.  It's a call from topside.  That new company man.,,,,,,,,,,,,,,,,,,,,,,,,,,,,,,,", u3520 ,m232,,
119336, u3520 ," Hello, Mrs. Brigman."",,,,,,,,,,,,,,,,,,,,,,,,,,,,,,,", u3525 ,m232,,
119337, u3525 ," Hello, Brigman."",,,,,,,,,,,,,,,,,,,,,,,,,,,,,,,", u3520 ,m232,,
119338, u3520 ," Who then?,,,,,,,,,,,,,,,,,,,,,,,,,,,,,,,", u3525 ,m232,,
119339, u3525 ," No, Bud, no... not you."",,,,,,,,,,,,,,,,,,,,,,,,,,,,,,,", u3525 ,m232,,
119340, u3525 ," I've been better.  Next time it's your turn, okay?"",,,,,,,,,,,,,,,,,,,,,,,,,,,,,,,", u3520 ,m232,,
119341, u3520 ," 'Course is worked.  You're never wrong, are you? How d'you feel."",,,,,,,,,,,,,,,,,,,,,,,,,,,,,,,", u3525 ,m232,,
119342, u3525 ," Hi, tough guy.  I guess it worked, huh?"",,,,,,,,,,,,,,,,,,,,,,,,,,,,,,,", u3520 ,m232,,
119343, u3520 ," Hi, lady."",,,,,,,,,,,,,,,,,,,,,,,,,,,,,,,", u3525 ,m232,,
119344, u3525 ," Hey... big boys don't cry, remember?"",,,,,,,,,,,,,,,,,,,,,,,,,,,,,,,", u3525 ,m232,,
119345, u3525 ," Tell me later.,,,,,,,,,,,,,,,,,,,,,,,,,,,,,,,", u3520 ,m232,,
119346, u3520 ," Oh God, Lins... I--"",,,,,,,,,,,,,,,,,,,,,,,,,,,,,,,", u3525 ,m232,,
119347, u3525 ," It's the only way, Bud.  Now trust me."",,,,,,,,,,,,,,,,,,,,,,,,,,,,,,,", u3520 ,m232,,
119348, u3520 ," It is insane.,,,,,,,,,,,,,,,,,,,,,,,,,,,,,,,", u3520 ,m232,,
119349, u3520 ," WHAT KIND OF PLAN IS THAT!??,,,,,,,,,,,,,,,,,,,,,,,,,,,,,,,", u3525 ,m232,,
119350, u3525 ," I drown, you tow me back to the rig--"",,,,,,,,,,,,,,,,,,,,,,,,,,,,,,,", u3520 ,m232,,
119351, u3520 ," What's the plan?,,,,,,,,,,,,,,,,,,,,,,,,,,,,,,,", u3525 ,m232,,
119352, u3525 ," Listen... will you listen to me for a second!? You're for the suit on and you're a better swimmer than me.  Right?  So I got a plan...,,,,,,,,,,,,,,,,,,,,,,,,,,,,,,,", u3520 ,m232,,
119353, u3520 ," FUCK LOGIC!!,,,,,,,,,,,,,,,,,,,,,,,,,,,,,,,", u3525 ,m232,,
119354, u3525 ," NO!!  Now be logical, Bud, you're--"",,,,,,,,,,,,,,,,,,,,,,,,,,,,,,,", u3520 ,m232,,
119355, u3520 ," Lindsey, just put the thing on and shut up--"",,,,,,,,,,,,,,,,,,,,,,,,,,,,,,,", u3525 ,m232,,
119356, u3525 ," No way!  Forget it.  Not an option.,,,,,,,,,,,,,,,,,,,,,,,,,,,,,,,", u3520 ,m232,,
119357, u3520 ," Don't argue, goddamnit, just--"",,,,,,,,,,,,,,,,,,,,,,,,,,,,,,,", u3525 ,m232,,
119358, u3525 ," What, you growing gills all of a sudden?  You got it on, keep it on."",,,,,,,,,,,,,,,,,,,,,,,,,,,,,,,", u3520 ,m232,,
119359, u3520 ," Alright, put this on."",,,,,,,,,,,,,,,,,,,,,,,,,,,,,,,", u3520 ,m232,,
119360, u3520 ," Seven, eight minute swim each way... not enough time.  Look at this...  Time I get back you'll be--"",,,,,,,,,,,,,,,,,,,,,,,,,,,,,,,", u3525 ,m232,,
119361, u3525 ," Okay, look, you swim to the rig and come back with another suit."",,,,,,,,,,,,,,,,,,,,,,,,,,,,,,,", u3525 ,m232,,
119362, u3525 ," Aaargh!!  I'm freezing!,,,,,,,,,,,,,,,,,,,,,,,,,,,,,,,", u3520 ,m232,,
119363, u3520 ," I know!  I know!  But we better come up with something.,,,,,,,,,,,,,,,,,,,,,,,,,,,,,,,", u3525 ,m232,,
119364, u3525 ," We've only got one suit.,,,,,,,,,,,,,,,,,,,,,,,,,,,,,,,", u3520 ,m232,,
119365, u3520 ," I don't know how!,,,,,,,,,,,,,,,,,,,,,,,,,,,,,,,", u3525 ,m232,,
119366, u3525 ," How?,,,,,,,,,,,,,,,,,,,,,,,,,,,,,,,", u3520 ,m232,,
119367, u3520 ," Okay... okay.  We gotta get you out of here.,,,,,,,,,,,,,,,,,,,,,,,,,,,,,,,", u3525 ,m232,,
119368, u3525 ," Calm down, Bud."",,,,,,,,,,,,,,,,,,,,,,,,,,,,,,,", u3520 ,m232,,
119369, u3520 ," Son of a bitch!,,,,,,,,,,,,,,,,,,,,,,,,,,,,,,,", u3525 ,m232,,
119370, u3525 ," I don't know, look around."",,,,,,,,,,,,,,,,,,,,,,,,,,,,,,,", u3520 ,m232,,
119371, u3520 ," Can't get to it.  Have to pull this panel off. You go any tools?,,,,,,,,,,,,,,,,,,,,,,,,,,,,,,,", u3520 ,m232,,
119372, u3520 ," Somewhere behind this panel.  Hold this.,,,,,,,,,,,,,,,,,,,,,,,,,,,,,,,", u3525 ,m232,,
119373, u3525 ," You see where it's coming in?,,,,,,,,,,,,,,,,,,,,,,,,,,,,,,,", u3520 ,m232,,
119374, u3520 ," Yeah, but it's gonna take them a while to find us.  We better get this flooding stopped."",,,,,,,,,,,,,,,,,,,,,,,,,,,,,,,", u3525 ,m232,,
119375, u3525 ," They'll come out after us.,,,,,,,,,,,,,,,,,,,,,,,,,,,,,,,", u3520 ,m232,,
119376, u3520 ," Good hundred yards, I'd say."",,,,,,,,,,,,,,,,,,,,,,,,,,,,,,,", u3520 ,m232,,
119377, u3520 ," Wonderful.  There's some light from somewhere...,,,,,,,,,,,,,,,,,,,,,,,,,,,,,,,", u3525 ,m232,,
119378, u3525 ," Well, that's that."",,,,,,,,,,,,,,,,,,,,,,,,,,,,,,,", u3525 ,m232,,
119379, u3525 ," Deepcore, this is Cab One.  We need assistance, over.  Deepcore, this--"",,,,,,,,,,,,,,,,,,,,,,,,,,,,,,,", u3520 ,m232,,
119380, u3520 ," Try again.,,,,,,,,,,,,,,,,,,,,,,,,,,,,,,,", u3525 ,m232,,
119381, u3525 ," You noticed.,,,,,,,,,,,,,,,,,,,,,,,,,,,,,,,", u3520 ,m232,,
119382, u3520 ," It's flooding like a son of the bitch.,,,,,,,,,,,,,,,,,,,,,,,,,,,,,,,", u3525 ,m232,,
119383, u3525 ," Yeah.  So sue me.,,,,,,,,,,,,,,,,,,,,,,,,,,,,,,,", u3520 ,m232,,
119384, u3520 ," You totaled it, huh?"",,,,,,,,,,,,,,,,,,,,,,,,,,,,,,,", u3525 ,m232,,
119385, u3525 ," Not in this thing.,,,,,,,,,,,,,,,,,,,,,,,,,,,,,,,", u3520 ,m232,,
119386, u3520 ," Not good enough.  We still gotta catch Big Geek.,,,,,,,,,,,,,,,,,,,,,,,,,,,,,,,", u3525 ,m232,,
119387, u3525 ," You did okay, back there.  I was fairly impressed."",,,,,,,,,,,,,,,,,,,,,,,,,,,,,,,", u3520 ,m232,,
119388, u3520 ," Can we negotiate later?  There's Big Geek.,,,,,,,,,,,,,,,,,,,,,,,,,,,,,,,", u3525 ,m232,,
119389, u3525 ," You owe me one, Virgil."",,,,,,,,,,,,,,,,,,,,,,,,,,,,,,,", u3520 ,m232,,
119390, u3520 ," Then I guess you better wish me luck, huh?"",,,,,,,,,,,,,,,,,,,,,,,,,,,,,,,", u3525 ,m232,,
119391, u3525 ," Bud, that water's only a couple degrees above freezing."",,,,,,,,,,,,,,,,,,,,,,,,,,,,,,,", u3520 ,m232,,
119392, u3520 ," Okay, I'm gonna free-swim to hatch six... get inside, get the door open from the other side."",,,,,,,,,,,,,,,,,,,,,,,,,,,,,,,", u3525 ,m232,,
119393, u3525 ," Now what?,,,,,,,,,,,,,,,,,,,,,,,,,,,,,,,", u3520 ,m232,,
119394, u3520 ," He's jammed the mechanism.,,,,,,,,,,,,,,,,,,,,,,,,,,,,,,,", u3520 ,m232,,
119395, u3520 ," Maybe their whole technology is based on that. Controlling water.,,,,,,,,,,,,,,,,,,,,,,,,,,,,,,,", u3525 ,m232,,
119396, u3525 ," They must've learned how to control water... I mean at a molecular level.  They can plasticize it, polymerize it... whatever.  Put it under intelligent control."",,,,,,,,,,,,,,,,,,,,,,,,,,,,,,,", u3525 ,m232,,
119397, u3525 ," It's trying to communicate.,,,,,,,,,,,,,,,,,,,,,,,,,,,,,,,", u3520 ,m232,,
119398, u3520 ," I think it likes you.,,,,,,,,,,,,,,,,,,,,,,,,,,,,,,,", u3520 ,m232,,
119399, u3520 ," Look, the guy's operating on his own, cut off from chain of command.  He's exhibiting symptoms of pressure-induced psychosis.  And he's got a nuclear weapon.  So, as a personal favor to me... will you put your tongue in neutral for a while?"",,,,,,,,,,,,,,,,,,,,,,,,,,,,,,,", u3525 ,m232,,
119400, u3525 ," He's got the shakes?,,,,,,,,,,,,,,,,,,,,,,,,,,,,,,,", u3520 ,m232,,
119401, u3520 ," Chill out, Lindsey!!"",,,,,,,,,,,,,,,,,,,,,,,,,,,,,,,", u3525 ,m232,,
119402, u3525 ," You dumb jarhead motherf--,,,,,,,,,,,,,,,,,,,,,,,,,,,,,,,", u3520 ,m232,,
119403, u3520 ," Lindsey!  Wait a second--,,,,,,,,,,,,,,,,,,,,,,,,,,,,,,,", u3525 ,m232,,
119404, u3525 ," Look, goddamnit, if you won't do something about it, I will."",,,,,,,,,,,,,,,,,,,,,,,,,,,,,,,", u3525 ,m232,,
119405, u3525 ," We all see what we want to see... Coffey looks and he sees Russians, he sees hate and fear. Bud, you have to look with better eyes than that."",,,,,,,,,,,,,,,,,,,,,,,,,,,,,,,", u3520 ,m232,,
119406, u3520 ," How can I go on a feeling?  You think Coffey's going to go on you 'feeling'?,,,,,,,,,,,,,,,,,,,,,,,,,,,,,,,", u3525 ,m232,,
119407, u3525 ," It was a machine, but it seems almost alive. Like a... dance of light.  Bud, you have to trust me... please.  I don't think they mean us harm.  I don't know how I know that, it's just a feeling."",,,,,,,,,,,,,,,,,,,,,,,,,,,,,,,", u3525 ,m232,,
119408, u3525 ," Bud, this is me, Lindsey.  Okay?  You know me better than anybody in the world.  Now watch my lips... I saw these things.  I touched one of them.  And it wasn't some clunky steel can like we would build... it glided.  It was the most beautiful thing I've ever seen."",,,,,,,,,,,,,,,,,,,,,,,,,,,,,,,", u3520 ,m232,,
119409, u3520 ," No.,,,,,,,,,,,,,,,,,,,,,,,,,,,,,,,", u3525 ,m232,,
119410, u3525 ," I need you to believe me, Bud.  Look at me.  Do I seem stressed out?  Any of the symptoms of pressure sickness, any tremors, slurred speech?"",,,,,,,,,,,,,,,,,,,,,,,,,,,,,,,", u3520 ,m232,,
119411, u3520 ," God, you are the most stubborn woman I ever knew."",,,,,,,,,,,,,,,,,,,,,,,,,,,,,,,", u3525 ,m232,,
119412, u3525 ," I saw something!  I'm not going to go back there and say I didn't see it when I did.  I'm sorry.,,,,,,,,,,,,,,,,,,,,,,,,,,,,,,,", u3520 ,m232,,
119413, u3520 ," All I'm saying is when you're hanging on by your fingernails, you don't go waving you arms around."",,,,,,,,,,,,,,,,,,,,,,,,,,,,,,,", u3525 ,m232,,
119414, u3525 ," Who's hysterical?  Nobody's hysterical!,,,,,,,,,,,,,,,,,,,,,,,,,,,,,,,", u3520 ,m232,,
119415, u3520 ," Look.  I'm just trying to hold this situation together.  I can't allow you to cause this kind of hysteria--,,,,,,,,,,,,,,,,,,,,,,,,,,,,,,,", u3525 ,m232,,
119416, u3525 ," Bud, something really important is happening here."",,,,,,,,,,,,,,,,,,,,,,,,,,,,,,,", u3520 ,m232,,
119417, u3520 ," Jesus, Lindsey--"",,,,,,,,,,,,,,,,,,,,,,,,,,,,,,,", u3525 ,m232,,
119418, u3525 ," I'm telling you what is there.  You're just not hearing.  The impulses somehow aren't getting from you ears to your brainpan.  There's something down there.  Something not... us.,,,,,,,,,,,,,,,,,,,,,,,,,,,,,,,", u3520 ,m232,,
119419, u3520 ," If you say so.  It could be anything.,,,,,,,,,,,,,,,,,,,,,,,,,,,,,,,", u3525 ,m232,,
119420, u3525 ," Come on, you guys... look, this is the little one right here.  You can see how it's kind of zigging around."",,,,,,,,,,,,,,,,,,,,,,,,,,,,,,,", u3525 ,m232,,
119421, u3525 ," Yeah?  Well I'm not.,,,,,,,,,,,,,,,,,,,,,,,,,,,,,,,", u3520 ,m232,,
119422, u3520 ," Hey, Lins...  I'm glad your here."",,,,,,,,,,,,,,,,,,,,,,,,,,,,,,,", u3525 ,m232,,
119423, u3525 ," I can extend that.  There's some storage tanks outboard on the wrecked module.  I'll have to go outside to tie onto them.,,,,,,,,,,,,,,,,,,,,,,,,,,,,,,,", u3520 ,m232,,
119424, u3520 ," The storm's gonna last longer than 12 hours.,,,,,,,,,,,,,,,,,,,,,,,,,,,,,,,", u3525 ,m232,,
119425, u3525 ," Brace yourself.  We've got about 12 hours worth if we close off the sections we're not using.,,,,,,,,,,,,,,,,,,,,,,,,,,,,,,,", u3520 ,m232,,
119426, u3520 ," What about O-2?,,,,,,,,,,,,,,,,,,,,,,,,,,,,,,,", u3525 ,m232,,
119427, u3525 ," Thanks.  No, I can handle it.  Bud... there won't be enough to run the heaters.  In a couple hours this place is going to be as cold as a meat locker."",,,,,,,,,,,,,,,,,,,,,,,,,,,,,,,", u3520 ,m232,,
119428, u3520 ," Need some help?,,,,,,,,,,,,,,,,,,,,,,,,,,,,,,,", u3525 ,m232,,
119429, u3525 ," I can get power to this module and sub-bay if I remote these busses.  I've gotta get past the mains, which are a total melt-down."",,,,,,,,,,,,,,,,,,,,,,,,,,,,,,,", u3520 ,m232,,
119430, u3520 ," What's the scoop, ace?"",,,,,,,,,,,,,,,,,,,,,,,,,,,,,,,", u3525 ,m232,,
119431, u3525 ," Cute, Virgil."",,,,,,,,,,,,,,,,,,,,,,,,,,,,,,,", u3520 ,m232,,
119432, u3520 ," Hippy, just relax.  You're making the women nervous."",,,,,,,,,,,,,,,,,,,,,,,,,,,,,,,", u3525 ,m232,,
119433, u3525 ," I don't know.  I DON'T KNOW!,,,,,,,,,,,,,,,,,,,,,,,,,,,,,,,", u3520 ,m232,,
119434, u3520 ," What do you think he saw?,,,,,,,,,,,,,,,,,,,,,,,,,,,,,,,", u3525 ,m232,,
119435, u3525 ," But what did he see that made him panic?,,,,,,,,,,,,,,,,,,,,,,,,,,,,,,,", u3520 ,m232,,
119436, u3520 ," His mixture got screwed up.  He panicked and pranged his regulator.,,,,,,,,,,,,,,,,,,,,,,,,,,,,,,,", u3525 ,m232,,
119437, u3525 ," Jammer saw something in there, something that scared the hell out him--"",,,,,,,,,,,,,,,,,,,,,,,,,,,,,,,", u3520 ,m232,,
119438, u3520 ," Whose then?  Lindsey?  Talk to me...,,,,,,,,,,,,,,,,,,,,,,,,,,,,,,,", u3525 ,m232,,
119439, u3525 ," No.,,,,,,,,,,,,,,,,,,,,,,,,,,,,,,,", u3520 ,m232,,
119440, u3520 ," But you think it's something else.  What?  One of ours?,,,,,,,,,,,,,,,,,,,,,,,,,,,,,,,", u3525 ,m232,,
119441, u3525 ," I don't know what I saw.  Okay?  Coffey wants to call it a Russian submersible, fine.  It's a Russian submersible.  No problem."",,,,,,,,,,,,,,,,,,,,,,,,,,,,,,,", u3520 ,m232,,
119442, u3520 ," Fine.  Be that way.,,,,,,,,,,,,,,,,,,,,,,,,,,,,,,,", u3525 ,m232,,
119443, u3525 ," No.  Look, forget it.  I don't want to talk about it."",,,,,,,,,,,,,,,,,,,,,,,,,,,,,,,", u3520 ,m232,,
119444, u3520 ," Did you get anything on the cameras.  Video or anything?,,,,,,,,,,,,,,,,,,,,,,,,,,,,,,,", u3525 ,m232,,
119445, u3525 ," You're right, Bud.  It was just that simple. Aren't you clever?  You should get your own show... Ask Dr. Bud, advice to the lovelorn from three hundred fathoms."",,,,,,,,,,,,,,,,,,,,,,,,,,,,,,,", u3520 ,m232,,
119446, u3520 ," I'll tell you what happened... you woke up one day and realized the guy never made you laugh.,,,,,,,,,,,,,,,,,,,,,,,,,,,,,,,", u3525 ,m232,,
119447, u3525 ," Bud, why are you doing this?  It's not part of you life any more."",,,,,,,,,,,,,,,,,,,,,,,,,,,,,,,", u3520 ,m232,,
119448, u3520 ," What happened?,,,,,,,,,,,,,,,,,,,,,,,,,,,,,,,", u3525 ,m232,,
119449, u3525 ," No, I haven't seen him in a few weeks."",,,,,,,,,,,,,,,,,,,,,,,,,,,,,,,", u3520 ,m232,,
119450, u3520 ," So what about """"Michael"""" then... Mr. Brooks Brothers... Mr. BMW.  You still seeing him?"",,,,,,,,,,,,,,,,,,,,,,,,,,,,,,,", u3525 ,m232,,
119451, u3525 ," Do you always have to call him that?  The Suit? It makes you sound like such a hick.  His name is Michael.,,,,,,,,,,,,,,,,,,,,,,,,,,,,,,,", u3520 ,m232,,
119452, u3520 ," Yeah, what's-his-name wouldn't like it.  The Suit."",,,,,,,,,,,,,,,,,,,,,,,,,,,,,,,", u3525 ,m232,,
119453, u3525 ," I haven't worn mine in months.,,,,,,,,,,,,,,,,,,,,,,,,,,,,,,,", u3520 ,m232,,
119454, u3520 ," I don't know.  Divorce ain't final.  Forgot to take it off.,,,,,,,,,,,,,,,,,,,,,,,,,,,,,,,", u3525 ,m232,,
119455, u3525 ," What are you still wearing that for?,,,,,,,,,,,,,,,,,,,,,,,,,,,,,,,", u3520 ,m232,,
119456, u3520 ," Oh, yeah, right... and you only had three years with me."",,,,,,,,,,,,,,,,,,,,,,,,,,,,,,,", u3525 ,m232,,
119457, u3525 ," I was worried about the rig.  I've got over four years invested in this project.,,,,,,,,,,,,,,,,,,,,,,,,,,,,,,,", u3520 ,m232,,
119458, u3520 ," No, I think you were.  Come on, admit it."",,,,,,,,,,,,,,,,,,,,,,,,,,,,,,,", u3525 ,m232,,
119459, u3525 ," That must be it.,,,,,,,,,,,,,,,,,,,,,,,,,,,,,,,", u3520 ,m232,,
119460, u3520 ," I think you were worried about me.,,,,,,,,,,,,,,,,,,,,,,,,,,,,,,,", u3525 ,m232,,
119461, u3525 ," Not particularly.  Jeez, look where this is set! Morons."",,,,,,,,,,,,,,,,,,,,,,,,,,,,,,,", u3520 ,m232,,
119462, u3520 ," You wanna know what I think?,,,,,,,,,,,,,,,,,,,,,,,,,,,,,,,", u3520 ,m232,,
119463, u3520 ," Wow, you're right!  Us poor dumb ol' boys might've had to think for ourselves.  Coulda been a disaster."",,,,,,,,,,,,,,,,,,,,,,,,,,,,,,,", u3525 ,m232,,
119464, u3525 ," You need me.  Nobody knows the systems on this rig better than I do.  What is something was to go wrong after the Explorer clears off?  What would have you done?,,,,,,,,,,,,,,,,,,,,,,,,,,,,,,,", u3525 ,m232,,
119465, u3525 ," Look, I didn't come down here to fight."",,,,,,,,,,,,,,,,,,,,,,,,,,,,,,,", u3520 ,m232,,
119466, u3520 ," I can't believe you were dumb enough to come down.  Now you're stuck here for the storm... dumb, hot-rod... dumb."",,,,,,,,,,,,,,,,,,,,,,,,,,,,,,,", u3520 ,m232,,
119467, u3520 ," Who else?,,,,,,,,,,,,,,,,,,,,,,,,,,,,,,,", u3525 ,m232,,
119468, u3525 ," Not even when it meant something.  Is that One Night up in Flatbed?,,,,,,,,,,,,,,,,,,,,,,,,,,,,,,,", u3520 ,m232,,
119469, u3520 ," You never did like being called that, did you?"",,,,,,,,,,,,,,,,,,,,,,,,,,,,,,,", u3525 ,m232,,
119470, u3525 ," Not for long.,,,,,,,,,,,,,,,,,,,,,,,,,,,,,,,", u3520 ,m232,,
119471, u3520 ," Well, well.  Mrs. Brigman."",,,,,,,,,,,,,,,,,,,,,,,,,,,,,,,", u3525 ,m232,,
119472, u3525 ," Virgil, you wiener!  You never could stand up to fight.  You--"",,,,,,,,,,,,,,,,,,,,,,,,,,,,,,,", u3520 ,m232,,
119473, u3520 ," I'm switching off now.,,,,,,,,,,,,,,,,,,,,,,,,,,,,,,,", u3525 ,m232,,
119474, u3525 ," You wimp.  I had a lot riding on this.  They bought you... more like least rented you cheap--,,,,,,,,,,,,,,,,,,,,,,,,,,,,,,,", u3520 ,m232,,
119475, u3520 ," Yup, a Benthic Petroleum paid for it.  So as long as they're hold the pink slip, I go where they tell me."",,,,,,,,,,,,,,,,,,,,,,,,,,,,,,,", u3525 ,m232,,
119476, u3525 ," My rig.  I designed the damn thing.,,,,,,,,,,,,,,,,,,,,,,,,,,,,,,,", u3520 ,m232,,
119477, u3520 ," Your rig?,,,,,,,,,,,,,,,,,,,,,,,,,,,,,,,", u3525 ,m232,,
119478, u3525 ," We were that close to proving a submersible drilling platform could work.  We had over seven thousand feet of hole down for Chrissake.  I can't believe you let them grab my rig!,,,,,,,,,,,,,,,,,,,,,,,,,,,,,,,", u3520 ,m232,,
119479, u3520 ," Wasn't up to me.,,,,,,,,,,,,,,,,,,,,,,,,,,,,,,,", u3525 ,m232,,
119480, u3525 ," I was, but I managed to bum a ride on the last flight out here.  Only here isn't where I left it, is it, Bud?"",,,,,,,,,,,,,,,,,,,,,,,,,,,,,,,", u3520 ,m232,,
119481, u3520 ," Hi, Lins.  I thought you were in Houston."",,,,,,,,,,,,,,,,,,,,,,,,,,,,,,,", u3525 ,m232,,
119482, u3525 ," I can't believe you let them do this!,,,,,,,,,,,,,,,,,,,,,,,,,,,,,,,", u3522 ,m232,,
119483, u3522 ," No.,,,,,,,,,,,,,,,,,,,,,,,,,,,,,,,", u3520 ,m232,,
119484, u3520 ," Did you find Wilhite?,,,,,,,,,,,,,,,,,,,,,,,,,,,,,,,", u3522 ,m232,,
119485, u3522 ," Monk, Schoenick... secure the package."",,,,,,,,,,,,,,,,,,,,,,,,,,,,,,,", u3520 ,m232,,
119486, u3520 ," Coffey, we're a little pressed for time."",,,,,,,,,,,,,,,,,,,,,,,,,,,,,,,", u3520 ,m232,,
119487, u3520 ," Let's go, guys."",,,,,,,,,,,,,,,,,,,,,,,,,,,,,,,", u3522 ,m232,,
119488, u3522 ," We'll go in through that large breach.,,,,,,,,,,,,,,,,,,,,,,,,,,,,,,,", u3522 ,m232,,
119489, u3522 ," I'm not interested in your way of doing things. Just get your team ready to dive.,,,,,,,,,,,,,,,,,,,,,,,,,,,,,,,", u3520 ,m232,,
119490, u3520 ," Hey, you come on my rig, you don't talk to me, you start ordering my guys around.  It won't work.  You gotta know how to handle these people... we have a certain way of doing things here."",,,,,,,,,,,,,,,,,,,,,,,,,,,,,,,", u3522 ,m232,,
119491, u3522 ," I can't afford slack, Brigman."",,,,,,,,,,,,,,,,,,,,,,,,,,,,,,,", u3520 ,m232,,
119492, u3520 ," Look, it's three AM.  These guys are running on bad coffee and four hours sleep.  You better start cutting them some slack."",,,,,,,,,,,,,,,,,,,,,,,,,,,,,,,", u3520 ,m232,,
119493, u3520 ," Okay... Hippy's not going... McWhirter, you can run Little Geek."",,,,,,,,,,,,,,,,,,,,,,,,,,,,,,,", u3522 ,m232,,
119494, u3522 ," We'll take reading as we go.  If the reactor's breached or the warheads have released radioactive debris, we'll back away.  Simple."",,,,,,,,,,,,,,,,,,,,,,,,,,,,,,,", u3520 ,m232,,
119495, u3520 ," All right.  Do it!,,,,,,,,,,,,,,,,,,,,,,,,,,,,,,,", u3523 ,m232,,
119496, u3523 ," Yeah!  I mean, I don't know... it looks right."",,,,,,,,,,,,,,,,,,,,,,,,,,,,,,,", u3520 ,m232,,
119497, u3520 ," Is that it?  Is this right?,,,,,,,,,,,,,,,,,,,,,,,,,,,,,,,", u3520 ,m232,,
119498, u3520 ," Meet me in the moonpool.  Move fast.,,,,,,,,,,,,,,,,,,,,,,,,,,,,,,,", u3523 ,m232,,
119499, u3523 ," Got it. Over.,,,,,,,,,,,,,,,,,,,,,,,,,,,,,,,", u3520 ,m232,,
119500, u3520 ," Go to the infirmary... get the cart .. oxygen... de-fib kit... adrenaline in a... ten cc syringe... and some... heating blankets. You got all that?,,,,,,,,,,,,,,,,,,,,,,,,,,,,,,,", u3523 ,m232,,
119501, u3523 ," Yeah.  The dude's in bad shape... you see his hands?,,,,,,,,,,,,,,,,,,,,,,,,,,,,,,,", u3520 ,m232,,
119502, u3520 ," Lins, stay away from that guy.  I mean it."",,,,,,,,,,,,,,,,,,,,,,,,,,,,,,,", u3523 ,m232,,
119503, u3523 ," It's gotta be, like, an emergency plan to keep it away from the Russians... Hotwire one of the nukes with some kinda detonator, put it back in the sub, and fry the whole thing, slicker'n snot. Oh, uh... hi, Lins."",,,,,,,,,,,,,,,,,,,,,,,,,,,,,,,", u3520 ,m232,,
119504, u3520 ," Why bring it here?,,,,,,,,,,,,,,,,,,,,,,,,,,,,,,,", u3523 ,m232,,
119505, u3523 ," Come on, man.  What else could it be?"",,,,,,,,,,,,,,,,,,,,,,,,,,,,,,,", u3520 ,m232,,
119506, u3520 ," Yeah, for now.  Our first priority's to get something to breathe."",,,,,,,,,,,,,,,,,,,,,,,,,,,,,,,", u3523 ,m232,,
119507, u3523 ," Do we just leave him there?,,,,,,,,,,,,,,,,,,,,,,,,,,,,,,,", u3520 ,m232,,
119508, u3520 ," That's it then.  Finler, McWhirter, Dietz, and Perry.  Jesus."",,,,,,,,,,,,,,,,,,,,,,,,,,,,,,,", u3523 ,m232,,
119509, u3523 ," That's Perry.,,,,,,,,,,,,,,,,,,,,,,,,,,,,,,,", u3523 ,m232,,
119510, u3523 ," Everything is.,,,,,,,,,,,,,,,,,,,,,,,,,,,,,,,", u3520 ,m232,,
119511, u3520 ," Hippy, you think everything's a conspiracy."",,,,,,,,,,,,,,,,,,,,,,,,,,,,,,,", u3523 ,m232,,
119512, u3523 ," No, I mean it.  Those SEALs aren't telling us diddly.  Something's going on."",,,,,,,,,,,,,,,,,,,,,,,,,,,,,,,", u3523 ,m232,,
119513, u3523 ," Now we're right in the middle of this big-time international incident.  Like the Cuban Missile Crisis or something.,,,,,,,,,,,,,,,,,,,,,,,,,,,,,,,", u3520 ,m232,,
119514, u3520 ," What's the matter with you?,,,,,,,,,,,,,,,,,,,,,,,,,,,,,,,", u3523 ,m232,,
119515, u3523 ," Check.  Then I just hang with these guys, right?"",,,,,,,,,,,,,,,,,,,,,,,,,,,,,,,", u3520 ,m232,,
119516, u3520 ," Just get around so your lights are on the hatch.,,,,,,,,,,,,,,,,,,,,,,,,,,,,,,,", u3523 ,m232,,
119517, u3523 ," Yeah, well you never should have married her then."",,,,,,,,,,,,,,,,,,,,,,,,,,,,,,,", u3520 ,m232,,
119518, u3520 ," God, I hate that bitch."",,,,,,,,,,,,,,,,,,,,,,,,,,,,,,,", u3523 ,m232,,
119519, u3523 ," Virgil?,,,,,,,,,,,,,,,,,,,,,,,,,,,,,,,", u3521 ,m232,,
119520, u3521 ," I can't... make it... podner.,,,,,,,,,,,,,,,,,,,,,,,,,,,,,,,", u3520 ,m232,,
119521, u3520 ," Hafta... go on to... the moonpool.  Only way.,,,,,,,,,,,,,,,,,,,,,,,,,,,,,,,", u3520 ,m232,,
119522, u3520 ," Take the first watch in sonar.  Hippy, you handle the exterior surveillance.  One Night, see if you can get that transmitter working for me, okay?"",,,,,,,,,,,,,,,,,,,,,,,,,,,,,,,", u3521 ,m232,,
119523, u3521 ," Yuh?,,,,,,,,,,,,,,,,,,,,,,,,,,,,,,,", u3520 ,m232,,
119524, u3520 ," 'Fish'?,,,,,,,,,,,,,,,,,,,,,,,,,,,,,,,", u3521 ,m232,,
119525, u3521 ," It's his mixture!  Too much oxygen!,,,,,,,,,,,,,,,,,,,,,,,,,,,,,,,", u3520 ,m232,,
119526, u3520 ," He's convulsing!,,,,,,,,,,,,,,,,,,,,,,,,,,,,,,,", u3520 ,m232,,
119527, u3520 ," We're here now.  Let's get her done.,,,,,,,,,,,,,,,,,,,,,,,,,,,,,,,", u3521 ,m232,,
119528, u3521 ," Triple time sounds like a lotta money, Bud.  It ain't.  I'm sorry..."",,,,,,,,,,,,,,,,,,,,,,,,,,,,,,,", u3521 ,m232,,
119529, u3521 ," That's cause we love freezin' our butts off out here sooo much, boss."",,,,,,,,,,,,,,,,,,,,,,,,,,,,,,,", u3520 ,m232,,
119530, u3520 ," Hey, you guys are milking that job."",,,,,,,,,,,,,,,,,,,,,,,,,,,,,,,", u3521 ,m232,,
119531, u3521 ," Out blood oughta be fizzin' like a warm, shook- up Coke."",,,,,,,,,,,,,,,,,,,,,,,,,,,,,,,", u3525 ,m232,,
119532, u3525 ," We should be dead.  We didn't decompress.,,,,,,,,,,,,,,,,,,,,,,,,,,,,,,,", u3521 ,m232,,
119533, u3521 ," Happy as hogs in a waller down there, prob'ly."",,,,,,,,,,,,,,,,,,,,,,,,,,,,,,,", u3525 ,m232,,
119534, u3525 ," I think they're from 'you know'.  Some place that has similar conditions... cold, intense pressure.  No light."",,,,,,,,,,,,,,,,,,,,,,,,,,,,,,,", u3525 ,m232,,
119535, u3525 ," Not us.  Not human.  Get it?  Something non- human, but intelligent..."",,,,,,,,,,,,,,,,,,,,,,,,,,,,,,,", u3521 ,m232,,
119536, u3521 ," Y'all could be more specific.,,,,,,,,,,,,,,,,,,,,,,,,,,,,,,,", u3521 ,m232,,
119537, u3521 ," Missed what?,,,,,,,,,,,,,,,,,,,,,,,,,,,,,,,", u3525 ,m232,,
119538, u3525 ," You better not say you missed that.,,,,,,,,,,,,,,,,,,,,,,,,,,,,,,,", u3521 ,m232,,
119539, u3521 ," You watch yourself.,,,,,,,,,,,,,,,,,,,,,,,,,,,,,,,", u3525 ,m232,,
119540, u3525 ," Cat, you tie onto this manifold.  There's some tanks on the other side; I'm gonna go check them out."",,,,,,,,,,,,,,,,,,,,,,,,,,,,,,,", u3521 ,m232,,
119541, u3521 ," Okay, here we go.  Start equalizing, y'all."",,,,,,,,,,,,,,,,,,,,,,,,,,,,,,,", u3525 ,m232,,
119542, u3525 ," Couldn't stay away.  You running mixture for us? Good.  Couldn't ask for better.,,,,,,,,,,,,,,,,,,,,,,,,,,,,,,,", u3521 ,m232,,
119543, u3521 ," Howdy, y'all.  Hey, Lindsey!  I'll be damned! You shouldn't be down here sweet thing, ya'll might run ya stockings."",,,,,,,,,,,,,,,,,,,,,,,,,,,,,,,", u3521 ,m232,,
119544, u3521 ," Give me that!!,,,,,,,,,,,,,,,,,,,,,,,,,,,,,,,", u3523 ,m232,,
119545, u3523 ," SHIT!,,,,,,,,,,,,,,,,,,,,,,,,,,,,,,,", u3521 ,m232,,
119546, u3521 ," Just checking is out, huh?  How come?"",,,,,,,,,,,,,,,,,,,,,,,,,,,,,,,", u3523 ,m232,,
119547, u3523 ," That thing was probably their version of Big Geek... like an ROV.,,,,,,,,,,,,,,,,,,,,,,,,,,,,,,,", u3523 ,m232,,
119548, u3523 ," Right on!  Hot rods of the Gods.  Right, Lins? Hey, no really!  It could be NTIs.  The CIA has known about them for years.  They abduct people all the time.  There was this woman I knew in Albuquerque who--"",,,,,,,,,,,,,,,,,,,,,,,,,,,,,,,", u3521 ,m232,,
119549, u3521 ," Are we talkin' little space friend here?,,,,,,,,,,,,,,,,,,,,,,,,,,,,,,,", u3523 ,m232,,
119550, u3523 ," Turn it up, bozo."",,,,,,,,,,,,,,,,,,,,,,,,,,,,,,,", u3521 ,m232,,
119551, u3521 ," Quiet!  Quiet!,,,,,,,,,,,,,,,,,,,,,,,,,,,,,,,", u3523 ,m232,,
119552, u3523 ," What good's the money if your dick drops off in six months?,,,,,,,,,,,,,,,,,,,,,,,,,,,,,,,", u3521 ,m232,,
119553, u3521 ," Hippy, you pussy."",,,,,,,,,,,,,,,,,,,,,,,,,,,,,,,", u3523 ,m232,,
119554, u3523 ," Now we get to hear about how he used to be a contender.,,,,,,,,,,,,,,,,,,,,,,,,,,,,,,,", u3521 ,m232,,
119555, u3521 ," Those guys ain't so tough.  I fought plenty of guys tougher'n them.,,,,,,,,,,,,,,,,,,,,,,,,,,,,,,,", u3522 ,m232,,
119556, u3522 ," Mrs. Brigman, you're becoming a serious impediment to this mission.  I believe the stress is affecting you.  Escort her to quarters and have Monk prepare a tranquilizer."",,,,,,,,,,,,,,,,,,,,,,,,,,,,,,,", u3525 ,m232,,
119557, u3525 ," You're right... I don't.  I just need to know that this thing is out of here!  You hear me, Roger Ramjet?"",,,,,,,,,,,,,,,,,,,,,,,,,,,,,,,", u3522 ,m232,,
119558, u3522 ," You don't need to know the details of this mission... you're better off if you don't.,,,,,,,,,,,,,,,,,,,,,,,,,,,,,,,", u3525 ,m232,,
119559, u3525 ," You've got some huevos bringing this... thing... into my rig!  With everything that's been going on up in the world, you bring a nuclear weapon in here?  Does this strike anyone as particularly psychotic, or is it just me?"",,,,,,,,,,,,,,,,,,,,,,,,,,,,,,,", u3525 ,m232,,
119560, u3525 ," Gimme a break!  Coffey, these things live three and a half miles down on the bottom of an abyssal trench!  Trust me... they're not speaking Russian."",,,,,,,,,,,,,,,,,,,,,,,,,,,,,,,", u3522 ,m232,,
119561, u3522 ," I want 'round-the-clock manning of the sonar shack and the exterior cameras.  We need early warning if the Soviet craft try another incursion.,,,,,,,,,,,,,,,,,,,,,,,,,,,,,,,", u3525 ,m232,,
119562, u3525 ," That's 192 warheads... And how powerful are they?,,,,,,,,,,,,,,,,,,,,,,,,,,,,,,,", u3522 ,m232,,
119563, u3522 ," 24 Trident missiles.  Eight MIRVs per missile.,,,,,,,,,,,,,,,,,,,,,,,,,,,,,,,", u3525 ,m232,,
119564, u3525 ," How many are there?,,,,,,,,,,,,,,,,,,,,,,,,,,,,,,,", u3522 ,m232,,
119565, u3522 ," Radiation is nominal.  The warheads must still be intact.,,,,,,,,,,,,,,,,,,,,,,,,,,,,,,,", u3525 ,m232,,
119566, u3525 ," Copy that.,,,,,,,,,,,,,,,,,,,,,,,,,,,,,,,", u3522 ,m232,,
119567, u3522 ," Roger, document as much as you can, but keep moving.  We're on a tight timeline."",,,,,,,,,,,,,,,,,,,,,,,,,,,,,,,", u3525 ,m232,,
119568, u3525 ," Copy that, continuing forward.  You just want me to get shots of everything, right?"",,,,,,,,,,,,,,,,,,,,,,,,,,,,,,,", u3522 ,m232,,
119569, u3522 ," Wilhite, anything?"",,,,,,,,,,,,,,,,,,,,,,,,,,,,,,,", u3525 ,m232,,
119570, u3525 ," Neutron counter's not showing very much.,,,,,,,,,,,,,,,,,,,,,,,,,,,,,,,", u3522 ,m232,,
119571, u3522 ," Cab One, radiation readings?"",,,,,,,,,,,,,,,,,,,,,,,,,,,,,,,", u3525 ,m232,,
119572, u3525 ," The magnetometer is pegged.  Side-scan is showing a big return, but I don't see anything yet.  Are you sure you got the depth right on this?"",,,,,,,,,,,,,,,,,,,,,,,,,,,,,,,", u3522 ,m232,,
119573, u3522 ," Cab One, do you see it yet?"",,,,,,,,,,,,,,,,,,,,,,,,,,,,,,,", u3525 ,m232,,
119574, u3525 ," Oh... chamber runs.  Uh huh, that's good.  Well, hey... you guys know any songs?"",,,,,,,,,,,,,,,,,,,,,,,,,,,,,,,", u3522 ,m232,,
119575, u3522 ," Look, we've all made chamber runs to this depth. We're checked out."",,,,,,,,,,,,,,,,,,,,,,,,,,,,,,,", u3525 ,m232,,
119576, u3525 ," Don't call me that, okay... I hate that.  Alright, from now on we watch each other closely for signs of HPNS..."",,,,,,,,,,,,,,,,,,,,,,,,,,,,,,,", u3522 ,m232,,
119577, u3522 ," We've been fully briefed, Mrs. Brigman."",,,,,,,,,,,,,,,,,,,,,,,,,,,,,,,", u3525 ,m232,,
119578, u3525 ," Get comfortable.  The bad news is we got six hours in this can, blowing down.  The worse news is it's gonna take us three weeks to decompress back to the surface later."",,,,,,,,,,,,,,,,,,,,,,,,,,,,,,,", u3525 ,m232,,
119579, u3525 ," Just hold your water, okay?  So Kirkhill, we gonna do this or we gonna talk about it?"",,,,,,,,,,,,,,,,,,,,,,,,,,,,,,,", u3522 ,m232,,
119580, u3522 ," Lady, we better fish or cut bait."",,,,,,,,,,,,,,,,,,,,,,,,,,,,,,,", u3525 ,m232,,
119581, u3525 ," What kind of luminous things, Bud?"",,,,,,,,,,,,,,,,,,,,,,,,,,,,,,,", u3523 ,m232,,
119582, u3523 ," Uh, oh..."",,,,,,,,,,,,,,,,,,,,,,,,,,,,,,,", u3525 ,m232,,
119583, u3525 ," Shut up, Hippy.  Bud, how you doing?"",,,,,,,,,,,,,,,,,,,,,,,,,,,,,,,", u3523 ,m232,,
119584, u3523 ," 12000 feet.  Jesus, I don't believe he's doing this."",,,,,,,,,,,,,,,,,,,,,,,,,,,,,,,", u3525 ,m232,,
119585, u3525 ," He couldn't be that dumb.  The guy's a trained killer.  Bud's idea of a fight is arm-wrestling One Night over laundry duty.,,,,,,,,,,,,,,,,,,,,,,,,,,,,,,,", u3523 ,m232,,
119586, u3523 ," He can't get to the door... I think he's going to try and take him himself.,,,,,,,,,,,,,,,,,,,,,,,,,,,,,,,", u3523 ,m232,,
119587, u3523 ," That guy's crazier'n a shithouse rat!,,,,,,,,,,,,,,,,,,,,,,,,,,,,,,,", u3525 ,m232,,
119588, u3525 ," Schoenick... your Lieutenant is about to make a real bad career move...,,,,,,,,,,,,,,,,,,,,,,,,,,,,,,,", u3523 ,m232,,
119589, u3523 ," I gotta tell you, that guy scares me a lot more than whatever's down there.  A.J. Squared Away goddamn jarhead robot.  Okay, gimme a couple hours on this."",,,,,,,,,,,,,,,,,,,,,,,,,,,,,,,", u3525 ,m232,,
119590, u3525 ," No.  Just you and me.  We get some proof, then tell them.  Hippy, look... if was can prove to Coffey it's not Russians, maybe he'll ease off the button a little."",,,,,,,,,,,,,,,,,,,,,,,,,,,,,,,", u3525 ,m232,,
119591, u3525 ," Let's go for it.  We could get lucky.,,,,,,,,,,,,,,,,,,,,,,,,,,,,,,,", u3523 ,m232,,
119592, u3523 ," Well, yeah, but the tether off it ain't gonna be fancy.  When he gets down there he'll just sit, like a dumb-shit.  Unless something wanders through view of the camera, you'll get nada."",,,,,,,,,,,,,,,,,,,,,,,,,,,,,,,", u3525 ,m232,,
119593, u3525 ," Look, you can just punch into his little chip where you want him to go, and he goes, right?"",,,,,,,,,,,,,,,,,,,,,,,,,,,,,,,", u3523 ,m232,,
119594, u3523 ," Non-Terrestrial Intelligence.  NTIs.  Yeah, I like that better then UFOs.  Although that works too... Underwater Flying Objects."",,,,,,,,,,,,,,,,,,,,,,,,,,,,,,,", u3525 ,m232,,
119595, u3525 ," A non-terrestrial intelligence.,,,,,,,,,,,,,,,,,,,,,,,,,,,,,,,", u3523 ,m232,,
119596, u3523 ," We got Russian subs creeping around.  Shit! Something goes wrong they could say anything happened down here, man.  Give our folks medals, know what I mean?"",,,,,,,,,,,,,,,,,,,,,,,,,,,,,,,", u3525 ,m232,,
119597, u3525 ," Figured that out for yourself, did you?"",,,,,,,,,,,,,,,,,,,,,,,,,,,,,,,", u3525 ,m232,,
119598, u3525 ," Going over the wall.  Coming to bearing 065. Everybody stay tight and in sight.,,,,,,,,,,,,,,,,,,,,,,,,,,,,,,,", u3523 ,m232,,
119599, u3523 ," 1840... 50... 60... 70...,,,,,,,,,,,,,,,,,,,,,,,,,,,,,,,", u3525 ,m232,,
119600, u3525 ," What's you depth, Cab Three?"",,,,,,,,,,,,,,,,,,,,,,,,,,,,,,,", u3523 ,m232,,
119601, u3523 ," Cab Three, check.  Right behind you."",,,,,,,,,,,,,,,,,,,,,,,,,,,,,,,", u3523 ,m232,,
119602, u3523 ," Gotcha, Cab Three.  Who is that?  That You, Lindsey?"",,,,,,,,,,,,,,,,,,,,,,,,,,,,,,,", u3525 ,m232,,
119603, u3525 ," Deepcore, Deepcore... this is Cab Three on final approach."",,,,,,,,,,,,,,,,,,,,,,,,,,,,,,,", u3526 ,m232,,
119604, u3526 ," What's the timer set for?,,,,,,,,,,,,,,,,,,,,,,,,,,,,,,,", u3523 ,m232,,
119605, u3523 ," You boss is having a full-on meltdown.  Guy's fixing to pull the pin on fifty kilotons and we're all ringside!,,,,,,,,,,,,,,,,,,,,,,,,,,,,,,,", u3523 ,m232,,
119606, u3523 ," It's twitching but it's below the line you said was safe.,,,,,,,,,,,,,,,,,,,,,,,,,,,,,,,", u3526 ,m232,,
119607, u3526 ," Getting a reading?,,,,,,,,,,,,,,,,,,,,,,,,,,,,,,,", u3523 ,m232,,
119608, u3523 ," Perry, stand by on the ROV.  Sorry about this, little buddy.  Better you than me, know what I mean?"",,,,,,,,,,,,,,,,,,,,,,,,,,,,,,,", u3526 ,m232,,
119609, u3526 ," Stand by on the ROV.,,,,,,,,,,,,,,,,,,,,,,,,,,,,,,,", u3526 ,m232,,
119610, u3526 ," Check this out.,,,,,,,,,,,,,,,,,,,,,,,,,,,,,,,", u3523 ,m232,,
119611, u3523 ," Hey!,,,,,,,,,,,,,,,,,,,,,,,,,,,,,,,", u3526 ,m232,,
119612, u3526 ," Deep.  It's classified... you know.  Anyway, you breathe liquid, so you can't be compressed. Pressure doesn't get to you."",,,,,,,,,,,,,,,,,,,,,,,,,,,,,,,", u3523 ,m232,,
119613, u3523 ," How deep?,,,,,,,,,,,,,,,,,,,,,,,,,,,,,,,", u3526 ,m232,,
119614, u3526 ," Fluid breathing system.  We just got them.  We use it if we need to go really deep.,,,,,,,,,,,,,,,,,,,,,,,,,,,,,,,", u3526 ,m232,,
119615, u3526 ," Through three miles of water?   I don't know.,,,,,,,,,,,,,,,,,,,,,,,,,,,,,,,", u3525 ,m232,,
119616, u3525 ," Would we see the flash?,,,,,,,,,,,,,,,,,,,,,,,,,,,,,,,", u3526 ,m232,,
119617, u3526 ," He's hallucinating badly.,,,,,,,,,,,,,,,,,,,,,,,,,,,,,,,", u3525 ,m232,,
119618, u3525 ," What kind of light?,,,,,,,,,,,,,,,,,,,,,,,,,,,,,,,", u3525 ,m232,,
119619, u3525 ," I know how alone you feel... alone in all that cold blackness... but I'm there in the dark with you, Bud you're not alone..."",,,,,,,,,,,,,,,,,,,,,,,,,,,,,,,", u3526 ,m232,,
119620, u3526 ," He can still make it.,,,,,,,,,,,,,,,,,,,,,,,,,,,,,,,", u3525 ,m232,,
119621, u3525 ," Bud, it's the pressure.  Try to concentrate. Concentrate on my voice.  Just listen to my voice."",,,,,,,,,,,,,,,,,,,,,,,,,,,,,,,", u3526 ,m232,,
119622, u3526 ," He's losing it.  Talk to him.  Keep him with us.,,,,,,,,,,,,,,,,,,,,,,,,,,,,,,,", u3525 ,m232,,
119623, u3525 ," Ensign Monk want to know how you feel.,,,,,,,,,,,,,,,,,,,,,,,,,,,,,,,", u3526 ,m232,,
119624, u3526 ," Ask him a pressure effects.  Tremors, vision problems, euphoria."",,,,,,,,,,,,,,,,,,,,,,,,,,,,,,,", u3525 ,m232,,
119625, u3525 ," 8500 feet, Bud.  Everything okay?"",,,,,,,,,,,,,,,,,,,,,,,,,,,,,,,", u3525 ,m232,,
119626, u3525 ," Bud, according to Monk here, you just set a record for the deepest suit dive.  Bet you didn't think you'd be doing this when you got up this morning."",,,,,,,,,,,,,,,,,,,,,,,,,,,,,,,", u3526 ,m232,,
119627, u3526 ," 4800 feet.  It's official.,,,,,,,,,,,,,,,,,,,,,,,,,,,,,,,", u3525 ,m232,,
119628, u3525 ," Very good.  About one person in twenty just can't handle it.  They go buggo.  They're no way to predict who's susceptible, so stay alert."",,,,,,,,,,,,,,,,,,,,,,,,,,,,,,,", u3526 ,m232,,
119629, u3526 ," High-Pressure Nervous Syndrome.  Muscle tremors, usually in the hands first.  Nausea, increased excitability, disorientation."",,,,,,,,,,,,,,,,,,,,,,,,,,,,,,,", u3525 ,m232,,
