,User_id,text,sec_user,movies_name,relationship,attachment
119630, u3529 ," There you go... Must you always spoil everything!,,,,,,,,,,,,,,,,,,,,,,,,,,,,,,,", u3545 ,m233,,
119631, u3545 ," And what about yesterday... at my house... didn't you have any feeling for me, even then?"",,,,,,,,,,,,,,,,,,,,,,,,,,,,,,,", u3529 ,m233,,
119632, u3529 ," I mean, to stay away longer -- two months... a year... three years... Yes, I know, it sounds absurd. And I feel awful. The very idea of losing you makes me want to die... And yet... I... I just don't have the same feeling for you any more."",,,,,,,,,,,,,,,,,,,,,,,,,,,,,,,", u3545 ,m233,,
119633, u3545 ," But you just said that a month was too...,,,,,,,,,,,,,,,,,,,,,,,,,,,,,,,", u3529 ,m233,,
119634, u3529 ," No. It's not enough... I told you before that I would like to get away for a while and be alone.,,,,,,,,,,,,,,,,,,,,,,,,,,,,,,,", u3545 ,m233,,
119635, u3545 ," But why rattle your brains by arguing and talking... Believe me, Anna, words never help at all. They only serve to confuse. I love you, Anna. Isn't I that enough?"",,,,,,,,,,,,,,,,,,,,,,,,,,,,,,,", u3529 ,m233,,
119636, u3529 ," In this case, getting married means nothing. Aren't we already the same as being married? And Corrado and Giulia -- aren't they already the same as being married?"",,,,,,,,,,,,,,,,,,,,,,,,,,,,,,,", u3545 ,m233,,
119637, u3545 ," There will be plenty of time to talk about it later.  We'll  get married  soon.  That way we'll have more time...,,,,,,,,,,,,,,,,,,,,,,,,,,,,,,,", u3529 ,m233,,
119638, u3529 ," But I think we should talk about it. Or are you fully convinced that we too won't understand each other?,,,,,,,,,,,,,,,,,,,,,,,,,,,,,,,", u3545 ,m233,,
119639, u3545 ," So, it will just take you a little longer to get over it."",,,,,,,,,,,,,,,,,,,,,,,,,,,,,,,", u3529 ,m233,,
119640, u3529 ," A little more so this time.,,,,,,,,,,,,,,,,,,,,,,,,,,,,,,,", u3545 ,m233,,
119641, u3545 ," You'll get over it soon. It's the usual anxiety.,,,,,,,,,,,,,,,,,,,,,,,,,,,,,,,", u3529 ,m233,,
119642, u3529 ," Sandro... A month is too long a time. I have become used to being without you.,,,,,,,,,,,,,,,,,,,,,,,,,,,,,,,", u3529 ,m233,,
119643, u3529 ," Wait for what?,,,,,,,,,,,,,,,,,,,,,,,,,,,,,,,", u3545 ,m233,,
119644, u3545 ," Anna... Maybe it would be better to wait a while.,,,,,,,,,,,,,,,,,,,,,,,,,,,,,,,", u3529 ,m233,,
119645, u3529 ," Fine. Can't you see so yourself?,,,,,,,,,,,,,,,,,,,,,,,,,,,,,,,", u3545 ,m233,,
119646, u3545 ," How are you?,,,,,,,,,,,,,,,,,,,,,,,,,,,,,,,", u3545 ,m233,,
119647, u3545 ," What could be more restful than this?...  Excuse me, what is it that you want to try?"",,,,,,,,,,,,,,,,,,,,,,,,,,,,,,,", u3529 ,m233,,
119648, u3529 ," I'd like to find a place where I can get some peace and rest, maybe around here somewhere. I'd like to try..."",,,,,,,,,,,,,,,,,,,,,,,,,,,,,,,", u3545 ,m233,,
119649, u3545 ," What a question... Because I want to be with you, naturally. I hope he doesn't close the deal so he'll leave me alone at least for a few days... Isn't this water wonderful!"",,,,,,,,,,,,,,,,,,,,,,,,,,,,,,,", u3529 ,m233,,
119650, u3529 ," Then how come you're not with him?,,,,,,,,,,,,,,,,,,,,,,,,,,,,,,,", u3545 ,m233,,
119651, u3545 ," I don't know... It depends on Ettore... He's now in the process of negotiating for a contract here in Sicily...,,,,,,,,,,,,,,,,,,,,,,,,,,,,,,,", u3529 ,m233,,
119652, u3529 ," When do you have to go back?,,,,,,,,,,,,,,,,,,,,,,,,,,,,,,,", u3529 ,m233,,
119653, u3529 ," She'll wait.,,,,,,,,,,,,,,,,,,,,,,,,,,,,,,,", u3545 ,m233,,
119654, u3545 ," But your friend is waiting downstairs.,,,,,,,,,,,,,,,,,,,,,,,,,,,,,,,", u3529 ,m233,,
119655, u3529 ," We'll send the raft back to you.,,,,,,,,,,,,,,,,,,,,,,,,,,,,,,,", u3532 ,m233,,
119656, u3532 ," I'm certainly not going to swim across.,,,,,,,,,,,,,,,,,,,,,,,,,,,,,,,", u3529 ,m233,,
119657, u3529 ," Claudia, aren't you coming?"",,,,,,,,,,,,,,,,,,,,,,,,,,,,,,,", u3529 ,m233,,
119658, u3529 ," Then why don't you try it on?,,,,,,,,,,,,,,,,,,,,,,,,,,,,,,,", u3532 ,m233,,
119659, u3532 ," This one is gorgeous.,,,,,,,,,,,,,,,,,,,,,,,,,,,,,,,", u3529 ,m233,,
119660, u3529 ," Which one shall I wear?,,,,,,,,,,,,,,,,,,,,,,,,,,,,,,,", u3532 ,m233,,
119661, u3532 ," I didn't know one could sleep so well on a yacht. It lulls you ...,,,,,,,,,,,,,,,,,,,,,,,,,,,,,,,", u3529 ,m233,,
119662, u3529 ," Yes, fairly well. But I went to bed last night planning to do some thinking about a number of things ... instead, I fell asleep."",,,,,,,,,,,,,,,,,,,,,,,,,,,,,,,", u3532 ,m233,,
119663, u3532 ," Did you sleep well?,,,,,,,,,,,,,,,,,,,,,,,,,,,,,,,", u3532 ,m233,,
119664, u3532 ," What! After giving us such a run around...,,,,,,,,,,,,,,,,,,,,,,,,,,,,,,,", u3529 ,m233,,
119665, u3529 ," You know, I could just as well go without seeing him today."",,,,,,,,,,,,,,,,,,,,,,,,,,,,,,,", u3532 ,m233,,
119666, u3532 ," If I had a man waiting for me for half an hour and whom I hadn't seen for a month ...,,,,,,,,,,,,,,,,,,,,,,,,,,,,,,,", u3529 ,m233,,
119667, u3529 ," I'm thirsty.,,,,,,,,,,,,,,,,,,,,,,,,,,,,,,,", u3532 ,m233,,
119668, u3532 ," But where are you going?,,,,,,,,,,,,,,,,,,,,,,,,,,,,,,,", u3535 ,m233,,
119669, u3535 ," It's the same thing. Goodbye, dear."",,,,,,,,,,,,,,,,,,,,,,,,,,,,,,,", u3529 ,m233,,
119670, u3529 ," Up until now, Dad, I've been the one who hasn't wanted to marry him."",,,,,,,,,,,,,,,,,,,,,,,,,,,,,,,", u3529 ,m233,,
119671, u3529 ," You mean Sandro, don't you?  Well, I beg of you, please, spare me that. Goodbye, Dad."",,,,,,,,,,,,,,,,,,,,,,,,,,,,,,,", u3535 ,m233,,
119672, u3535 ," You already know what they are.,,,,,,,,,,,,,,,,,,,,,,,,,,,,,,,", u3529 ,m233,,
119673, u3529 ," And have you any other truths to tell me?,,,,,,,,,,,,,,,,,,,,,,,,,,,,,,,", u3535 ,m233,,
119674, u3535 ," Because it's true. After thirty years -- not having ever spoken the truth to anyone, I should at least allow myself to do so with my own daughter."",,,,,,,,,,,,,,,,,,,,,,,,,,,,,,,", u3529 ,m233,,
119675, u3529 ," But how could you say such a thing?,,,,,,,,,,,,,,,,,,,,,,,,,,,,,,,", u3535 ,m233,,
119676, u3535 ," To the fact of my retirement, not only as a diplomat but also as a father."",,,,,,,,,,,,,,,,,,,,,,,,,,,,,,,", u3529 ,m233,,
119677, u3529 ," Used to what?,,,,,,,,,,,,,,,,,,,,,,,,,,,,,,,", u3535 ,m233,,
119678, u3535 ," Oh, very well. I'll just spend the weekend alone by myself and take a little rest. I should be used to it by now."",,,,,,,,,,,,,,,,,,,,,,,,,,,,,,,", u3529 ,m233,,
119679, u3529 ," Four or five days.,,,,,,,,,,,,,,,,,,,,,,,,,,,,,,,", u3535 ,m233,,
119680, u3535 ," And how long will you be away?,,,,,,,,,,,,,,,,,,,,,,,,,,,,,,,", u3529 ,m233,,
119681, u3529 ," No, Dad, it isn't."",,,,,,,,,,,,,,,,,,,,,,,,,,,,,,,", u3535 ,m233,,
119682, u3535 ," Isn't it fashionable any more to put on a sailor's cap with the name of the yacht?,,,,,,,,,,,,,,,,,,,,,,,,,,,,,,,", u3540 ,m233,,
119683, u3540 ," Sir, if you have no objections, may we start the search?"",,,,,,,,,,,,,,,,,,,,,,,,,,,,,,,", u3530 ,m233,,
119684, u3530 ," This looks to me like a good sign. Don't you think so? As far as I'm concerned, anyone who reads the Bible could not have committed an act of impropriety. Why... as a matter of fact, I remember when I was in China, many years ago, I happened to be involved in a similar situation, concerning an English woman, the wife of Ambassador Shafford, a good friend of mine. There, too, we found a Bible... And I said at the time that whatever had happened, that clue alone had definitely ruled out the possibility of... suicide. Why, it was logical, I said, that whoever reads the Bible believes in God and therefore...  No? You don't believe it? Well, as a matter of fact, I was right... The woman was found two days later. It was a case of amnesia."",,,,,,,,,,,,,,,,,,,,,,,,,,,,,,,", u3530 ,m233,,
119685, u3530 ," I understand very well. Only I don't want any rash assumptions to be made.,,,,,,,,,,,,,,,,,,,,,,,,,,,,,,,", u3540 ,m233,,
119686, u3540 ," I'm sorry, sir. I didn't mean to put it that way. But, you must understand, sir, that I..."",,,,,,,,,,,,,,,,,,,,,,,,,,,,,,,", u3530 ,m233,,
119687, u3530 ," Allow me to inform you that my daughter is not a fugitive.,,,,,,,,,,,,,,,,,,,,,,,,,,,,,,,", u3540 ,m233,,
119688, u3540 ," Without any doubt, sir. If anything belonging to the girl who has run away is still here on this island..."",,,,,,,,,,,,,,,,,,,,,,,,,,,,,,,", u3530 ,m233,,
119689, u3530 ," I presume by this method that you'll be able to uncover some new clue, either a handkerchief or an article of clothing... In other words, something which your men have not been able to find as yet."",,,,,,,,,,,,,,,,,,,,,,,,,,,,,,,", u3531 ,m233,,
119690, u3531 ," As you wish.,,,,,,,,,,,,,,,,,,,,,,,,,,,,,,,", u3545 ,m233,,
119691, u3545 ," But even here we were supposed to find who knows what... And all we bring back with us is a crate of cigarettes.,,,,,,,,,,,,,,,,,,,,,,,,,,,,,,,", u3531 ,m233,,
119692, u3531 ," But how could we...at a time like this when we just... well, let's at least first have a look around the other islands. Could be that something might turn up there."",,,,,,,,,,,,,,,,,,,,,,,,,,,,,,,", u3545 ,m233,,
119693, u3545 ," Look... I'd like to get back to Lisca Bianca.,,,,,,,,,,,,,,,,,,,,,,,,,,,,,,,", u3531 ,m233,,
119694, u3531 ," It couldn't have come from anywhere else. At least, somewhere from that vicinity... But I really can't understand it. Contraband cigarettes on that island! It's the first time that ever happened."",,,,,,,,,,,,,,,,,,,,,,,,,,,,,,,", u3545 ,m233,,
119695, u3545 ," And you say that came from Lisca Bianca?,,,,,,,,,,,,,,,,,,,,,,,,,,,,,,,", u3531 ,m233,,
119696, u3531 ," These people are contemptible. They have no sense of dignity at all.,,,,,,,,,,,,,,,,,,,,,,,,,,,,,,,", u3531 ,m233,,
119697, u3531 ," It takes about twenty to twenty-two hours for the current to reach here from Lisca Bianca.,,,,,,,,,,,,,,,,,,,,,,,,,,,,,,,", u3545 ,m233,,
119698, u3545 ," It's already two hours... What are we going to do?,,,,,,,,,,,,,,,,,,,,,,,,,,,,,,,", u3533 ,m233,,
119699, u3533 ," What were you and Anna arguing about?... Excuse me for being so indiscreet, but this is serious..."",,,,,,,,,,,,,,,,,,,,,,,,,,,,,,,", u3532 ,m233,,
119700, u3532 ," Maybe you'd better ask him.,,,,,,,,,,,,,,,,,,,,,,,,,,,,,,,", u3533 ,m233,,
119701, u3533 ," Really! Still, it remains to be seen why she invented a shark. What was her purpose in that?"",,,,,,,,,,,,,,,,,,,,,,,,,,,,,,,", u3533 ,m233,,
119702, u3533 ," But Anna wouldn't be staying with the kind of people who live here.,,,,,,,,,,,,,,,,,,,,,,,,,,,,,,,", u3532 ,m233,,
119703, u3532 ," Somebody must live here!,,,,,,,,,,,,,,,,,,,,,,,,,,,,,,,", u3533 ,m233,,
119704, u3533 ," Then why don't we go up and see the ruins?,,,,,,,,,,,,,,,,,,,,,,,,,,,,,,,", u3532 ,m233,,
119705, u3532 ," There's no comparison.,,,,,,,,,,,,,,,,,,,,,,,,,,,,,,,", u3533 ,m233,,
119706, u3533 ," More so than the shark?,,,,,,,,,,,,,,,,,,,,,,,,,,,,,,,", u3532 ,m233,,
119707, u3532 ," I think you're very sweet, Corrado."",,,,,,,,,,,,,,,,,,,,,,,,,,,,,,,", u3533 ,m233,,
119708, u3533 ," That's Patrizia's way of letting us know she's with us.,,,,,,,,,,,,,,,,,,,,,,,,,,,,,,,", u3532 ,m233,,
119709, u3532 ," How wonderful!,,,,,,,,,,,,,,,,,,,,,,,,,,,,,,,", u3532 ,m233,,
119710, u3532 ," All I said was that it sounds like a good idea.,,,,,,,,,,,,,,,,,,,,,,,,,,,,,,,", u3533 ,m233,,
119711, u3533 ," Have you decided?,,,,,,,,,,,,,,,,,,,,,,,,,,,,,,,", u3532 ,m233,,
119712, u3532 ," Well, what?"",,,,,,,,,,,,,,,,,,,,,,,,,,,,,,,", u3533 ,m233,,
119713, u3533 ," Well?,,,,,,,,,,,,,,,,,,,,,,,,,,,,,,,", u3533 ,m233,,
119714, u3533 ," At the ruins. They're very ancient, you know."",,,,,,,,,,,,,,,,,,,,,,,,,,,,,,,", u3532 ,m233,,
119715, u3532 ," At what?,,,,,,,,,,,,,,,,,,,,,,,,,,,,,,,", u3533 ,m233,,
119716, u3533 ," Say, Claudia, wouldn't you like to climb up with me and take a look over there?"",,,,,,,,,,,,,,,,,,,,,,,,,,,,,,,", u3532 ,m233,,
119717, u3532 ," Sounds like the name of a fish -- merluzzo, basiluzzo..."",,,,,,,,,,,,,,,,,,,,,,,,,,,,,,,", u3533 ,m233,,
119718, u3533 ," That must be Basiluzzo.,,,,,,,,,,,,,,,,,,,,,,,,,,,,,,,", u3532 ,m233,,
119719, u3532 ," What is that one over there called?,,,,,,,,,,,,,,,,,,,,,,,,,,,,,,,", u3532 ,m233,,
119720, u3532 ," I deserve it.,,,,,,,,,,,,,,,,,,,,,,,,,,,,,,,", u3545 ,m233,,
119721, u3545 ," I don't love you.,,,,,,,,,,,,,,,,,,,,,,,,,,,,,,,", u3532 ,m233,,
119722, u3532 ," Tell me once more.,,,,,,,,,,,,,,,,,,,,,,,,,,,,,,,", u3545 ,m233,,
119723, u3545 ," I love you.,,,,,,,,,,,,,,,,,,,,,,,,,,,,,,,", u3532 ,m233,,
119724, u3532 ," Good night. Tell me that you love me.,,,,,,,,,,,,,,,,,,,,,,,,,,,,,,,", u3545 ,m233,,
119725, u3545 ," Good night, my love."",,,,,,,,,,,,,,,,,,,,,,,,,,,,,,,", u3532 ,m233,,
119726, u3532 ," Late, very late."",,,,,,,,,,,,,,,,,,,,,,,,,,,,,,,", u3545 ,m233,,
119727, u3545 ," You're that sleepy, eh? What time do expect to get up tomorrow?"",,,,,,,,,,,,,,,,,,,,,,,,,,,,,,,", u3545 ,m233,,
119728, u3545 ," Sleep is something one must learn to overcome. I learned how to do it when I was a child. I never slept. And I had friends who even slept less than I did. The one who went to bed first, paid a penalty. And we really didn't do anything. After seeing a movie, we'd go to a cafe and discuss things for a while... then we'd sit down on a bench somewhere... listen to some drunkard... watch them putting up posters or manifestoes...or look at the sheep passing by... or go for a stroll around the market place... Or else we'd go and wake up some girl in the neighborhood by standing in front of her window and calling out her name..."",,,,,,,,,,,,,,,,,,,,,,,,,,,,,,,", u3532 ,m233,,
119729, u3532 ," I'm too sleepy.,,,,,,,,,,,,,,,,,,,,,,,,,,,,,,,", u3545 ,m233,,
119730, u3545 ," Why?,,,,,,,,,,,,,,,,,,,,,,,,,,,,,,,", u3532 ,m233,,
119731, u3532 ," Sandro, I'm not coming down."",,,,,,,,,,,,,,,,,,,,,,,,,,,,,,,", u3532 ,m233,,
119732, u3532 ," You said you wanted to quit working for Ettore.,,,,,,,,,,,,,,,,,,,,,,,,,,,,,,,", u3545 ,m233,,
119733, u3545 ," Aren't you going to change?,,,,,,,,,,,,,,,,,,,,,,,,,,,,,,,", u3532 ,m233,,
119734, u3532 ," Sandro, listen... Try not to get yourself too involved tomorrow."",,,,,,,,,,,,,,,,,,,,,,,,,,,,,,,", u3545 ,m233,,
119735, u3545 ," I don't doubt it. But at a time like this we're the least suitable persons to be with him. And as far as telephoning him... Who knows where he is?,,,,,,,,,,,,,,,,,,,,,,,,,,,,,,,", u3532 ,m233,,
119736, u3532 ," No, Sandro... We should go. Besides, we haven't been in touch with anybody. Not even with Anna's father. We should have at least sent a wire or telephoned... let's be fair, he must be feeling awfully lonely."",,,,,,,,,,,,,,,,,,,,,,,,,,,,,,,", u3545 ,m233,,
119737, u3545 ," Yes, she started to but I didn't feel like staying to listen to what she had to say. If we had to listen to everybody..."",,,,,,,,,,,,,,,,,,,,,,,,,,,,,,,", u3532 ,m233,,
119738, u3532 ," Did the hotel manager speak to you about that place nearby?,,,,,,,,,,,,,,,,,,,,,,,,,,,,,,,", u3532 ,m233,,
119739, u3532 ," Oh, Sandro... I want everything you do. But..."",,,,,,,,,,,,,,,,,,,,,,,,,,,,,,,", u3545 ,m233,,
119740, u3545 ," I was only joking, really... Can't I make a joke? And now you've got to tell me why you don't want to."",,,,,,,,,,,,,,,,,,,,,,,,,,,,,,,", u3532 ,m233,,
119741, u3532 ," What are you saying?,,,,,,,,,,,,,,,,,,,,,,,,,,,,,,,", u3545 ,m233,,
119742, u3545 ," And aren't you pleased?... That way you'll have a new kind of adventure.,,,,,,,,,,,,,,,,,,,,,,,,,,,,,,,", u3532 ,m233,,
119743, u3532 ," Sandro, wait a moment, just one moment... You seem like an entirely different person ..."",,,,,,,,,,,,,,,,,,,,,,,,,,,,,,,", u3532 ,m233,,
119744, u3532 ," No reason why...,,,,,,,,,,,,,,,,,,,,,,,,,,,,,,,", u3545 ,m233,,
119745, u3545 ," Why?,,,,,,,,,,,,,,,,,,,,,,,,,,,,,,,", u3532 ,m233,,
119746, u3532 ," No, Sandro... Please..."",,,,,,,,,,,,,,,,,,,,,,,,,,,,,,,", u3545 ,m233,,
119747, u3545 ," Nothing.,,,,,,,,,,,,,,,,,,,,,,,,,,,,,,,", u3532 ,m233,,
119748, u3532 ," Sandro ...What's the matter?,,,,,,,,,,,,,,,,,,,,,,,,,,,,,,,", u3532 ,m233,,
119749, u3532 ," Okay. In a few minutes.,,,,,,,,,,,,,,,,,,,,,,,,,,,,,,,", u3545 ,m233,,
119750, u3545 ," Then I'll see you later.,,,,,,,,,,,,,,,,,,,,,,,,,,,,,,,", u3532 ,m233,,
119751, u3532 ," So, you wonder why?"",,,,,,,,,,,,,,,,,,,,,,,,,,,,,,,", u3545 ,m233,,
119752, u3545 ," But you know it already. Why must I tell you?,,,,,,,,,,,,,,,,,,,,,,,,,,,,,,,", u3545 ,m233,,
119753, u3545 ," As soon as you're ready, you can come down and catch up with me. I'll be waiting for you right outside on the square."",,,,,,,,,,,,,,,,,,,,,,,,,,,,,,,", u3532 ,m233,,
119754, u3532 ," And you leave me here all alone... in this hotel room...,,,,,,,,,,,,,,,,,,,,,,,,,,,,,,,", u3532 ,m233,,
119755, u3532 ," Yes, yes, yes, yes... Right away..."",,,,,,,,,,,,,,,,,,,,,,,,,,,,,,,", u3545 ,m233,,
119756, u3545 ," Hurry up now, or it'll begin to get hot outside..."",,,,,,,,,,,,,,,,,,,,,,,,,,,,,,,", u3532 ,m233,,
119757, u3532 ," But why am I so infatuated with you?,,,,,,,,,,,,,,,,,,,,,,,,,,,,,,,", u3532 ,m233,,
119758, u3532 ," So... Oh, how I wish that everything were so much simpler... that people could just come together by the color of their hair or the size of their shoes. What size shoe do you wear? Size 9. That's a very lovely size. But I'm sorry, I wear size 8."",,,,,,,,,,,,,,,,,,,,,,,,,,,,,,,", u3545 ,m233,,
119759, u3545 ," That's why I asked you...,,,,,,,,,,,,,,,,,,,,,,,,,,,,,,,", u3532 ,m233,,
119760, u3532 ," And are you sure you want to marry me? Are you really sure...that you want to marry... me?,,,,,,,,,,,,,,,,,,,,,,,,,,,,,,,", u3545 ,m233,,
119761, u3545 ," You look at me as though I had said something foolish...,,,,,,,,,,,,,,,,,,,,,,,,,,,,,,,", u3532 ,m233,,
119762, u3532 ," What do I say? What can I say? No. At least, not yet. I don't know... I can't even think of it... at a time like this... Oh, but why did you have to ask me?"",,,,,,,,,,,,,,,,,,,,,,,,,,,,,,,", u3545 ,m233,,
119763, u3545 ," Yes. We'll get married. You and I. What do you say?,,,,,,,,,,,,,,,,,,,,,,,,,,,,,,,", u3532 ,m233,,
119764, u3532 ," What! Get married?,,,,,,,,,,,,,,,,,,,,,,,,,,,,,,,", u3545 ,m233,,
119765, u3545 ," Claudia, let's get married?"",,,,,,,,,,,,,,,,,,,,,,,,,,,,,,,", u3545 ,m233,,
119766, u3545 ," I don't know about that. And then, who's interested in beautiful things nowadays?"",,,,,,,,,,,,,,,,,,,,,,,,,,,,,,,", u3532 ,m233,,
119767, u3532 ," I'm sure you'd be able to design some very lovely things.,,,,,,,,,,,,,,,,,,,,,,,,,,,,,,,", u3545 ,m233,,
119768, u3545 ," Why are you looking at me like that?,,,,,,,,,,,,,,,,,,,,,,,,,,,,,,,", u3545 ,m233,,
119769, u3545 ," Once they gave me a job to draw up an estimate for the construction of a school. It took me only a day and a half to finish it, and I got paid six million lire. Ever since then I've been doing estimates for other people's designs."",,,,,,,,,,,,,,,,,,,,,,,,,,,,,,,", u3532 ,m233,,
119770, u3532 ," And why did you drop them?,,,,,,,,,,,,,,,,,,,,,,,,,,,,,,,", u3545 ,m233,,
119771, u3545 ," Really, I've got to stop this business with Ettore... I would like to go back and start working on my own projects again. You know, I had many ideas..."",,,,,,,,,,,,,,,,,,,,,,,,,,,,,,,", u3545 ,m233,,
119772, u3545 ," So, even if I did say them, I was sincere with her, as I am now with you."",,,,,,,,,,,,,,,,,,,,,,,,,,,,,,,", u3532 ,m233,,
119773, u3532 ," But just think -- the very same things you had said to her who knows how many times... maybe even just before we left, while I was waiting outside your place..."",,,,,,,,,,,,,,,,,,,,,,,,,,,,,,,", u3545 ,m233,,
119774, u3545 ," Good. It's better if it were absurd. That would mean nothing much can be done about it.,,,,,,,,,,,,,,,,,,,,,,,,,,,,,,,", u3532 ,m233,,
119775, u3532 ," Because what I'm doing is so ugly ... Because if you told me right now: """"Claudia, I love you,"""" I would believe you..."",,,,,,,,,,,,,,,,,,,,,,,,,,,,,,,", u3545 ,m233,,
119776, u3545 ," Then why do you say them?,,,,,,,,,,,,,,,,,,,,,,,,,,,,,,,", u3532 ,m233,,
119777, u3532 ," Oh no... It doesn't please me at all...,,,,,,,,,,,,,,,,,,,,,,,,,,,,,,,", u3545 ,m233,,
119778, u3545 ," Does it please you to say such things?,,,,,,,,,,,,,,,,,,,,,,,,,,,,,,,", u3532 ,m233,,
119779, u3532 ," Oh, Sandro... I'm so ashamed of myself, so ashamed...I tried to hide myself...I feel so small... I hate myself ..."",,,,,,,,,,,,,,,,,,,,,,,,,,,,,,,", u3545 ,m233,,
119780, u3545 ," What is it, Claudia?"",,,,,,,,,,,,,,,,,,,,,,,,,,,,,,,", u3532 ,m233,,
119781, u3532 ," Don't think that I want to save myself from any embarrassment, from the awkwardness of meeting Anna... It's not that; it's that you can say certain things easier if you're alone. Please, Sandro, do try to understand me... It would look like I was trying to influence you, to force you, to control you... and that makes me feel uncomfortable..."",,,,,,,,,,,,,,,,,,,,,,,,,,,,,,,", u3545 ,m233,,
119782, u3545 ," Are you joking?,,,,,,,,,,,,,,,,,,,,,,,,,,,,,,,", u3532 ,m233,,
119783, u3532 ," Sandro ... maybe it's best that you go in alone.,,,,,,,,,,,,,,,,,,,,,,,,,,,,,,,", u3545 ,m233,,
119784, u3545 ," Who knows why they all left...,,,,,,,,,,,,,,,,,,,,,,,,,,,,,,,", u3532 ,m233,,
119785, u3532 ," Let's get out of here, fast... This is not a town, it's a cemetery."",,,,,,,,,,,,,,,,,,,,,,,,,,,,,,,", u3545 ,m233,,
119786, u3545 ," Yes... but it's all so conflicting... However, there is some slight indication..."",,,,,,,,,,,,,,,,,,,,,,,,,,,,,,,", u3532 ,m233,,
119787, u3532 ," Any news?,,,,,,,,,,,,,,,,,,,,,,,,,,,,,,,", u3545 ,m233,,
119788, u3545 ," But why, Claudia?... Why?"",,,,,,,,,,,,,,,,,,,,,,,,,,,,,,,", u3532 ,m233,,
119789, u3532 ," Promise that you won't try to look for me... you shouldn't try to look for me any more...,,,,,,,,,,,,,,,,,,,,,,,,,,,,,,,", u3532 ,m233,,
119790, u3532 ," No, Sandro, please... I ask you as a favor..."",,,,,,,,,,,,,,,,,,,,,,,,,,,,,,,", u3545 ,m233,,
119791, u3545 ," Claudia, listen to me..."",,,,,,,,,,,,,,,,,,,,,,,,,,,,,,,", u3532 ,m233,,
119792, u3532 ," Me... I... I... Please leave me alone.,,,,,,,,,,,,,,,,,,,,,,,,,,,,,,,", u3545 ,m233,,
119793, u3545 ," And what about you?,,,,,,,,,,,,,,,,,,,,,,,,,,,,,,,", u3532 ,m233,,
119794, u3532 ," No, I'm sure it won't. Move over there. Let's make believe nothing happened. And when we get to the next station, get off."",,,,,,,,,,,,,,,,,,,,,,,,,,,,,,,", u3545 ,m233,,
119795, u3545 ," I think the only way to help ourselves, Claudia, is for us to be together."",,,,,,,,,,,,,,,,,,,,,,,,,,,,,,,", u3532 ,m233,,
119796, u3532 ," But it's so sad. So terribly sad. I'm not used to it, I'm not ready for it... You know... I have never been so upset in my life. Sandro, why don't you help me?"",,,,,,,,,,,,,,,,,,,,,,,,,,,,,,,", u3545 ,m233,,
119797, u3545 ," It takes even less.,,,,,,,,,,,,,,,,,,,,,,,,,,,,,,,", u3532 ,m233,,
119798, u3532 ," For me they are exactly as they were when we met three days ago -- just three days ago... don't you realize? And you and Anna... No, I guess they aren't like that any more. My God, is it possible to forget in such a short time, for things to change so quickly?"",,,,,,,,,,,,,,,,,,,,,,,,,,,,,,,", u3545 ,m233,,
119799, u3545 ," I'm sorry. I didn't want to sound cynical. But isn't it better to look things squarely in the eye?,,,,,,,,,,,,,,,,,,,,,,,,,,,,,,,", u3532 ,m233,,
119800, u3532 ," Oh, Sandro..."",,,,,,,,,,,,,,,,,,,,,,,,,,,,,,,", u3545 ,m233,,
119801, u3545 ," I have no desire to sacrifice myself... It's idiotic to sacrifice oneself... Why?... For whom? If Anna were here I might understand your scruples. But she's not...,,,,,,,,,,,,,,,,,,,,,,,,,,,,,,,", u3532 ,m233,,
119802, u3532 ," But sooner or later we've got to end this relationship. And it's better to do it right now.,,,,,,,,,,,,,,,,,,,,,,,,,,,,,,,", u3545 ,m233,,
119803, u3545 ," I don't know why. I just couldn't help it.,,,,,,,,,,,,,,,,,,,,,,,,,,,,,,,", u3532 ,m233,,
119804, u3532 ," Sandro, I don't want you to come with me, I don't want to see you... How can I make it clear to you?...Why did you come?"",,,,,,,,,,,,,,,,,,,,,,,,,,,,,,,", u3545 ,m233,,
119805, u3545 ," But then when will we see each other?,,,,,,,,,,,,,,,,,,,,,,,,,,,,,,,", u3532 ,m233,,
119806, u3532 ," Yes, you should go."",,,,,,,,,,,,,,,,,,,,,,,,,,,,,,,", u3545 ,m233,,
119807, u3545 ," Yes. I had also thought of going there to talk with them...,,,,,,,,,,,,,,,,,,,,,,,,,,,,,,,", u3532 ,m233,,
119808, u3532 ," Have you read it?... They're asking for anyone with information to get in touch with them.,,,,,,,,,,,,,,,,,,,,,,,,,,,,,,,", u3545 ,m233,,
119809, u3545 ," Then I'll go with you.,,,,,,,,,,,,,,,,,,,,,,,,,,,,,,,", u3532 ,m233,,
119810, u3532 ," Yes.,,,,,,,,,,,,,,,,,,,,,,,,,,,,,,,", u3545 ,m233,,
119811, u3545 ," Where are you going?... To Montaldo's?,,,,,,,,,,,,,,,,,,,,,,,,,,,,,,,", u3545 ,m233,,
119812, u3545 ," Yes, maybe that is better."",,,,,,,,,,,,,,,,,,,,,,,,,,,,,,,", u3532 ,m233,,
119813, u3532 ," I think that you might go and have a look yourself.,,,,,,,,,,,,,,,,,,,,,,,,,,,,,,,", u3532 ,m233,,
119814, u3532 ," I know. I keep asking myself what I could have done to prevent all this from happening.,,,,,,,,,,,,,,,,,,,,,,,,,,,,,,,", u3545 ,m233,,
119815, u3545 ," And yet, she seemed to feel that our love for her -- mine, yours, even her father's, in a certain sense -- weren't enough for her, or didn't mean much to her."",,,,,,,,,,,,,,,,,,,,,,,,,,,,,,,", u3532 ,m233,,
119816, u3532 ," Occasionally, but always with affection."",,,,,,,,,,,,,,,,,,,,,,,,,,,,,,,", u3545 ,m233,,
119817, u3545 ," Has she ever spoken to you about me?,,,,,,,,,,,,,,,,,,,,,,,,,,,,,,,", u3532 ,m233,,
119818, u3532 ," Yes, very much so."",,,,,,,,,,,,,,,,,,,,,,,,,,,,,,,", u3545 ,m233,,
119819, u3545 ," You're very fond of Anna, aren't you?"",,,,,,,,,,,,,,,,,,,,,,,,,,,,,,,", u3532 ,m233,,
119820, u3532 ," I'm sorry about last night. Please forgive me.,,,,,,,,,,,,,,,,,,,,,,,,,,,,,,,", u3545 ,m233,,
119821, u3545 ," Are you feeling better?,,,,,,,,,,,,,,,,,,,,,,,,,,,,,,,", u3532 ,m233,,
119822, u3532 ," Rather than being so occupied with my thoughts, you would have been better off trying to understand what Anna was thinking."",,,,,,,,,,,,,,,,,,,,,,,,,,,,,,,", u3545 ,m233,,
119823, u3545 ," And I suppose it's my fault... Why don't you tell him that too. That's what you believe, isn't it?"",,,,,,,,,,,,,,,,,,,,,,,,,,,,,,,", u3532 ,m233,,
119824, u3532 ," But why don't you tell him?  A girl who was with us has disappeared.,,,,,,,,,,,,,,,,,,,,,,,,,,,,,,,", u3545 ,m233,,
119825, u3545 ," Nothing... nothing at all!,,,,,,,,,,,,,,,,,,,,,,,,,,,,,,,", u3532 ,m233,,
119826, u3532 ," And how do you explain that?,,,,,,,,,,,,,,,,,,,,,,,,,,,,,,,", u3545 ,m233,,
119827, u3545 ," Nothing but the usual argument... The only thing was -- if I remember correctly -- that she said she had a need to be alone.,,,,,,,,,,,,,,,,,,,,,,,,,,,,,,,", u3532 ,m233,,
119828, u3532 ," I... I don't know... I didn't think it was worthwhile... She was laughing over it...,,,,,,,,,,,,,,,,,,,,,,,,,,,,,,,", u3545 ,m233,,
119829, u3545 ," And why do you tell us this only now?,,,,,,,,,,,,,,,,,,,,,,,,,,,,,,,", u3532 ,m233,,
119830, u3532 ," As far as I'm concerned, I think she's alive... Why, even this morning... that business about the shark... it wasn't at all true."",,,,,,,,,,,,,,,,,,,,,,,,,,,,,,,", u3545 ,m233,,
119831, u3545 ," No.,,,,,,,,,,,,,,,,,,,,,,,,,,,,,,,", u3532 ,m233,,
119832, u3532 ," Find anything?,,,,,,,,,,,,,,,,,,,,,,,,,,,,,,,", u3545 ,m233,,
119833, u3545 ," Could be. They're the kind of people who are capable of anything.,,,,,,,,,,,,,,,,,,,,,,,,,,,,,,,", u3532 ,m233,,
119834, u3532 ," I'm beginning to have my doubts. It couldn't be that they're in love?,,,,,,,,,,,,,,,,,,,,,,,,,,,,,,,", u3545 ,m233,,
119835, u3545 ," And why haven't they left each other?,,,,,,,,,,,,,,,,,,,,,,,,,,,,,,,", u3532 ,m233,,
119836, u3532 ," Twelve years ... But why haven't they married?,,,,,,,,,,,,,,,,,,,,,,,,,,,,,,,", u3532 ,m233,,
119837, u3532 ," Oh, no... please... not here.  It looks too dangerous."",,,,,,,,,,,,,,,,,,,,,,,,,,,,,,,", u3545 ,m233,,
119838, u3545 ," Shall we go for a swim?,,,,,,,,,,,,,,,,,,,,,,,,,,,,,,,", u3545 ,m233,,
119839, u3545 ," And that's what I say, too. We could have all been killed."",,,,,,,,,,,,,,,,,,,,,,,,,,,,,,,", u3532 ,m233,,
119840, u3532 ," There's nothing much to laugh at.,,,,,,,,,,,,,,,,,,,,,,,,,,,,,,,", u3545 ,m233,,
119841, u3545 ," But of course... arrogant, haughty... Hasn't Anna ever told you?"",,,,,,,,,,,,,,,,,,,,,,,,,,,,,,,", u3532 ,m233,,
119842, u3532 ," How should I be ... arrogant?,,,,,,,,,,,,,,,,,,,,,,,,,,,,,,,", u3545 ,m233,,
119843, u3545 ," Don't be so humble.,,,,,,,,,,,,,,,,,,,,,,,,,,,,,,,", u3532 ,m233,,
119844, u3532 ," That seems to apply to you also...,,,,,,,,,,,,,,,,,,,,,,,,,,,,,,,", u3545 ,m233,,
119845, u3545 ," I have a feeling that you're not used to being alone.,,,,,,,,,,,,,,,,,,,,,,,,,,,,,,,", u3532 ,m233,,
119846, u3532 ," Yes, you're right. I'm sick and tired of being like that."",,,,,,,,,,,,,,,,,,,,,,,,,,,,,,,", u3543 ,m233,,
119847, u3543 ," You should never wish to get melodramatic over anything.,,,,,,,,,,,,,,,,,,,,,,,,,,,,,,,", u3532 ,m233,,
119848, u3532 ," Just several days ago, the thought of Anna being dead would have made me sick. And now, I don't even cry, I'm afraid she might be alive. Everything is becoming so damned simple and easy, even to deprive one's self of pain and suffering."",,,,,,,,,,,,,,,,,,,,,,,,,,,,,,,", u3543 ,m233,,
119849, u3543 ," Now, listen. For God's sake, try not to let yourself become obsessed with that idea. Go to your room and get back into bed."",,,,,,,,,,,,,,,,,,,,,,,,,,,,,,,", u3543 ,m233,,
119850, u3543 ," But what's gotten into you?... We would have known. Sandro must be out in the garden somewhere, taking a breath of fresh air, or watching the break of dawn. It would be a lovely surprise indeed if he turned out to be the sentimental type."",,,,,,,,,,,,,,,,,,,,,,,,,,,,,,,", u3532 ,m233,,
119851, u3532 ," I'm afraid that Anna has come back. I feel she's back, and that they're together."",,,,,,,,,,,,,,,,,,,,,,,,,,,,,,,", u3543 ,m233,,
119852, u3543 ," More or less, we are all afraid. Especially at night."",,,,,,,,,,,,,,,,,,,,,,,,,,,,,,,", u3532 ,m233,,
119853, u3532 ," Patrizia, I'm afraid."",,,,,,,,,,,,,,,,,,,,,,,,,,,,,,,", u3532 ,m233,,
119854, u3532 ," Would you please see if Sandro is with him? He's not in his room. I'm sorry to disturb you.,,,,,,,,,,,,,,,,,,,,,,,,,,,,,,,", u3543 ,m233,,
119855, u3543 ," I imagine he must be inside sleeping.,,,,,,,,,,,,,,,,,,,,,,,,,,,,,,,", u3532 ,m233,,
119856, u3532 ," Patrizia... Patrizia ... Where's Ettore?,,,,,,,,,,,,,,,,,,,,,,,,,,,,,,,", u3532 ,m233,,
119857, u3532 ," It means being without money.,,,,,,,,,,,,,,,,,,,,,,,,,,,,,,,", u3543 ,m233,,
119858, u3543 ," What do you mean by sensible?,,,,,,,,,,,,,,,,,,,,,,,,,,,,,,,", u3532 ,m233,,
119859, u3532 ," My childhood, instead, was a very sensible one."",,,,,,,,,,,,,,,,,,,,,,,,,,,,,,,", u3543 ,m233,,
119860, u3543 ," You shouldn't always take me seriously. Actually, I'm used to it by now. First my mother and now my husband; both of them are like dynamos."",,,,,,,,,,,,,,,,,,,,,,,,,,,,,,,", u3532 ,m233,,
119861, u3532 ," How do you manage to put up with all this confusion? You always said people bore you.,,,,,,,,,,,,,,,,,,,,,,,,,,,,,,,", u3543 ,m233,,
119862, u3543 ," Quieter? Oh, yes, of course."",,,,,,,,,,,,,,,,,,,,,,,,,,,,,,,", u3532 ,m233,,
119863, u3532 ," Shouldn't we try to find a quieter place?,,,,,,,,,,,,,,,,,,,,,,,,,,,,,,,", u3543 ,m233,,
119864, u3543 ," But then why did you bother changing?,,,,,,,,,,,,,,,,,,,,,,,,,,,,,,,", u3532 ,m233,,
119865, u3532 ," I'm not coming.,,,,,,,,,,,,,,,,,,,,,,,,,,,,,,,", u3543 ,m233,,
119866, u3543 ," No.,,,,,,,,,,,,,,,,,,,,,,,,,,,,,,,", u3532 ,m233,,
119867, u3532 ," Do you consider that a compliment?,,,,,,,,,,,,,,,,,,,,,,,,,,,,,,,", u3543 ,m233,,
119868, u3543 ," You say that just to flatter me.,,,,,,,,,,,,,,,,,,,,,,,,,,,,,,,", u3532 ,m233,,
119869, u3532 ," It's divine!,,,,,,,,,,,,,,,,,,,,,,,,,,,,,,,", u3532 ,m233,,
119870, u3532 ," It was futile. We went all over.,,,,,,,,,,,,,,,,,,,,,,,,,,,,,,,", u3543 ,m233,,
119871, u3543 ," But where did you finally end up?,,,,,,,,,,,,,,,,,,,,,,,,,,,,,,,", u3543 ,m233,,
119872, u3543 ," But aren't you tired? I can just about manage to stand on my feet!  Raimondo!,,,,,,,,,,,,,,,,,,,,,,,,,,,,,,,", u3532 ,m233,,
119873, u3532 ," I just can't leave without first searching those islands, one by one."",,,,,,,,,,,,,,,,,,,,,,,,,,,,,,,", u3543 ,m233,,
119874, u3543 ," To do what?,,,,,,,,,,,,,,,,,,,,,,,,,,,,,,,", u3532 ,m233,,
119875, u3532 ," I'm going with the patrol boat to make a tour around the islands.,,,,,,,,,,,,,,,,,,,,,,,,,,,,,,,", u3532 ,m233,,
119876, u3532 ," Calm?... He doesn't seem so to me... He was awake all night.,,,,,,,,,,,,,,,,,,,,,,,,,,,,,,,", u3543 ,m233,,
119877, u3543 ," What amazes me, is Sandro. He seems so calm."",,,,,,,,,,,,,,,,,,,,,,,,,,,,,,,", u3532 ,m233,,
119878, u3532 ," Not really... It's suffocating in here... Shall we go out?,,,,,,,,,,,,,,,,,,,,,,,,,,,,,,,", u3543 ,m233,,
119879, u3543 ," Have you ever been in love?,,,,,,,,,,,,,,,,,,,,,,,,,,,,,,,", u3532 ,m233,,
119880, u3532 ," One would have to be in love with somebody to know that.,,,,,,,,,,,,,,,,,,,,,,,,,,,,,,,", u3543 ,m233,,
119881, u3543 ," He amuses me. I don't know of anything more amusing. Outside of this jigsaw puzzle. Don't you find it so, Claudia?"",,,,,,,,,,,,,,,,,,,,,,,,,,,,,,,", u3543 ,m233,,
119882, u3543 ," Oh no; quite the contrary. He's really just a child.,,,,,,,,,,,,,,,,,,,,,,,,,,,,,,,", u3532 ,m233,,
119883, u3532 ," I would say he's pretty depraved.,,,,,,,,,,,,,,,,,,,,,,,,,,,,,,,", u3543 ,m233,,
119884, u3543 ," Tell me, Claudia, what do you think of Raimondo?"",,,,,,,,,,,,,,,,,,,,,,,,,,,,,,,", u3532 ,m233,,
119885, u3532 ," Better dead.,,,,,,,,,,,,,,,,,,,,,,,,,,,,,,,", u3543 ,m233,,
119886, u3543 ," Well, with a shark running loose around the place, I for one won't get aboard that raft! They'll have to catch it first. I want to see it right here before my feet, dead or alive."",,,,,,,,,,,,,,,,,,,,,,,,,,,,,,,", u3532 ,m233,,
119887, u3532 ," I think all you have to do, Giulia, is to close the door."",,,,,,,,,,,,,,,,,,,,,,,,,,,,,,,", u3536 ,m233,,
119888, u3536 ," Now what do I have to do to be left in peace?,,,,,,,,,,,,,,,,,,,,,,,,,,,,,,,", u3532 ,m233,,
119889, u3532 ," It couldn't be any clearer.,,,,,,,,,,,,,,,,,,,,,,,,,,,,,,,", u3536 ,m233,,
119890, u3536 ," And tell Corrado, too, that I'm here... if he wants me. You can also tell him that my tiny little heart is beating like mad, and that at this moment, it's the only thing that interests me. Is that clear?"",,,,,,,,,,,,,,,,,,,,,,,,,,,,,,,", u3536 ,m233,,
119891, u3536 ," But why all nudes?,,,,,,,,,,,,,,,,,,,,,,,,,,,,,,,", u3532 ,m233,,
119892, u3532 ," They're all nudes, if I'm not mistaken."",,,,,,,,,,,,,,,,,,,,,,,,,,,,,,,", u3536 ,m233,,
119893, u3536 ," Please, do come... Don't leave me alone with him. He's capable of... I don't know... Have you noticed his eyes?"",,,,,,,,,,,,,,,,,,,,,,,,,,,,,,,", u3532 ,m233,,
119894, u3532 ," But for what reason should I come there?,,,,,,,,,,,,,,,,,,,,,,,,,,,,,,,", u3536 ,m233,,
119895, u3536 ," Please, you come too..."",,,,,,,,,,,,,,,,,,,,,,,,,,,,,,,", u3532 ,m233,,
119896, u3532 ," To the shark.,,,,,,,,,,,,,,,,,,,,,,,,,,,,,,,", u3536 ,m233,,
119897, u3536 ," Who are you talking to?,,,,,,,,,,,,,,,,,,,,,,,,,,,,,,,", u3533 ,m233,,
119898, u3533 ," When one approaches fifty, my dear, he is affected only by the cold."",,,,,,,,,,,,,,,,,,,,,,,,,,,,,,,", u3536 ,m233,,
119899, u3536 ," But how can you carry on a discussion in this heat?,,,,,,,,,,,,,,,,,,,,,,,,,,,,,,,", u3533 ,m233,,
119900, u3533 ," Really! So that you can stuff it with your geraniums.,,,,,,,,,,,,,,,,,,,,,,,,,,,,,,,", u3536 ,m233,,
119901, u3536 ," Corrado, why don't you ask them to give it to us as a gift?"",,,,,,,,,,,,,,,,,,,,,,,,,,,,,,,", u3536 ,m233,,
119902, u3536 ," We, too, you know. It was disastrous. First at Panarea, where there weren't any boats... then at Lipari, where everybody was asleep... And the phone call to Rome..."",,,,,,,,,,,,,,,,,,,,,,,,,,,,,,,", u3533 ,m233,,
119903, u3533 ," What do you think?,,,,,,,,,,,,,,,,,,,,,,,,,,,,,,,", u3536 ,m233,,
119904, u3536 ," How did you spend the night?... In that hut?... And what did you have to eat?,,,,,,,,,,,,,,,,,,,,,,,,,,,,,,,", u3533 ,m233,,
119905, u3533 ," If it rains, I'll buy myself an umbrella."",,,,,,,,,,,,,,,,,,,,,,,,,,,,,,,", u3536 ,m233,,
119906, u3536 ," But why?... What if it starts to rain?,,,,,,,,,,,,,,,,,,,,,,,,,,,,,,,", u3533 ,m233,,
119907, u3533 ," I'll stay here also.,,,,,,,,,,,,,,,,,,,,,,,,,,,,,,,", u3533 ,m233,,
119908, u3533 ," Please, Giulia; must you always emphasize the obvious? I can see for myself that the weather is changing."",,,,,,,,,,,,,,,,,,,,,,,,,,,,,,,", u3536 ,m233,,
119909, u3536 ," Looks like the weather is changing.,,,,,,,,,,,,,,,,,,,,,,,,,,,,,,,", u3533 ,m233,,
119910, u3533 ," Giulia, that remark is not worthy of our twelve years of honest concubinage. I repeat, once and for all, and publicly, that I admire you. Does that please you?"",,,,,,,,,,,,,,,,,,,,,,,,,,,,,,,", u3536 ,m233,,
119911, u3536 ," He never misses a chance to humiliate me, to let me know that he doesn't care about me any more."",,,,,,,,,,,,,,,,,,,,,,,,,,,,,,,", u3533 ,m233,,
119912, u3533 ," But Corrado...  If something is beautiful why shouldn't one say so?,,,,,,,,,,,,,,,,,,,,,,,,,,,,,,,", u3533 ,m233,,
119913, u3533 ," Do you know why? Because if you saw those ruins I'm sure you would have said they were very, very beautiful. You always say """"how beautiful"""" to everything -- whether it's the sea, or a baby, or a cat! You have such a sensitive little heart that it throbs for anything."",,,,,,,,,,,,,,,,,,,,,,,,,,,,,,,", u3536 ,m233,,
119914, u3536 ," Why didn't you ask me to go with you?,,,,,,,,,,,,,,,,,,,,,,,,,,,,,,,", u3533 ,m233,,
119915, u3533 ," Who's moving?,,,,,,,,,,,,,,,,,,,,,,,,,,,,,,,", u3536 ,m233,,
119916, u3536 ," There's a shark in the area. Don't move from where you are!,,,,,,,,,,,,,,,,,,,,,,,,,,,,,,,", u3533 ,m233,,
119917, u3533 ," What happened?,,,,,,,,,,,,,,,,,,,,,,,,,,,,,,,", u3533 ,m233,,
119918, u3533 ," You must know your third grade geography book inside out.,,,,,,,,,,,,,,,,,,,,,,,,,,,,,,,", u3536 ,m233,,
119919, u3536 ," At one time the Aeolian isles were all volcanoes.,,,,,,,,,,,,,,,,,,,,,,,,,,,,,,,", u3533 ,m233,,
119920, u3533 ," I detest comparisons made with oil.,,,,,,,,,,,,,,,,,,,,,,,,,,,,,,,", u3536 ,m233,,
119921, u3536 ," It's as smooth and slick as oil.,,,,,,,,,,,,,,,,,,,,,,,,,,,,,,,", u3545 ,m233,,
119922, u3545 ," I'll go even further and say that her presence here -- I don't want to sound offensive -- could be a great hindrance.,,,,,,,,,,,,,,,,,,,,,,,,,,,,,,,", u3533 ,m233,,
119923, u3533 ," Claudia, I know how you feel, but there are already two of us staying..."",,,,,,,,,,,,,,,,,,,,,,,,,,,,,,,", u3533 ,m233,,
119924, u3533 ," Then let's get started... It's senseless to waste any more time.,,,,,,,,,,,,,,,,,,,,,,,,,,,,,,,", u3545 ,m233,,
119925, u3545 ," Let's try to be practical about this. The best thing to do is for all of you to go to the closest island that has a police station, or something, and report the disappearance. I'll remain here... because... well, I don't know, but it seems to me that something may turn up. Anyway, I just don't feel like leaving."",,,,,,,,,,,,,,,,,,,,,,,,,,,,,,,", u3545 ,m233,,
119926, u3545 ," Me?... I no longer have any interest in building... And, then, where can you find boulders of rock like this in Milan?"",,,,,,,,,,,,,,,,,,,,,,,,,,,,,,,", u3533 ,m233,,
119927, u3533 ," It's really a fact -- there's nothing new under the sun. Now, look here. Look at this structure... a kind of natural shelter. Sandro, that's how you should design your houses."",,,,,,,,,,,,,,,,,,,,,,,,,,,,,,,", u3533 ,m233,,
119928, u3533 ," Well, we're still in Italy, you know!"",,,,,,,,,,,,,,,,,,,,,,,,,,,,,,,", u3545 ,m233,,
119929, u3545 ," There too...,,,,,,,,,,,,,,,,,,,,,,,,,,,,,,,", u3533 ,m233,,
119930, u3533 ," I'm going ashore to take a look around the island. There are some ruins up there...,,,,,,,,,,,,,,,,,,,,,,,,,,,,,,,", u3540 ,m233,,
119931, u3540 ," I think it's possible.,,,,,,,,,,,,,,,,,,,,,,,,,,,,,,,", u3533 ,m233,,
119932, u3533 ," Listen, Marshal... As for there being reasons for going away, anyone of us might have three thousand of them. So you can assume that she had them. What I want to know, is it possible that the smugglers might have taken her aboard?"",,,,,,,,,,,,,,,,,,,,,,,,,,,,,,,", u3540 ,m233,,
119933, u3540 ," But for what reason would she have wanted to go away?,,,,,,,,,,,,,,,,,,,,,,,,,,,,,,,", u3533 ,m233,,
119934, u3533 ," I was saying... it might even be possible that Anna had left with them.,,,,,,,,,,,,,,,,,,,,,,,,,,,,,,,", u3540 ,m233,,
119935, u3540 ," I wonder where they could have unloaded the stuff ... Maybe right here at Lisca.,,,,,,,,,,,,,,,,,,,,,,,,,,,,,,,", u3533 ,m233,,
119936, u3533 ," So... the boat we saw yesterday afternoon might have also been that of these smugglers. Could it be possible, then, that Anna...?"",,,,,,,,,,,,,,,,,,,,,,,,,,,,,,,", u3540 ,m233,,
119937, u3540 ," Up until now those smugglers were operating only around the Palermo area. This will be a nice surprise for the Lieutenant in Milazzo... Call up headquarters. Bring them up to date and have them give you instructions on what to do with this crate.,,,,,,,,,,,,,,,,,,,,,,,,,,,,,,,", u3540 ,m233,,
119938, u3540 ," We'll try again.,,,,,,,,,,,,,,,,,,,,,,,,,,,,,,,", u3533 ,m233,,
119939, u3533 ," And what are we going to do now?,,,,,,,,,,,,,,,,,,,,,,,,,,,,,,,", u3543 ,m233,,
119940, u3543 ," Yes, yes, of course."",,,,,,,,,,,,,,,,,,,,,,,,,,,,,,,", u3534 ,m233,,
119941, u3534 ," And you expect to find him in here? Go and ask Claudia.,,,,,,,,,,,,,,,,,,,,,,,,,,,,,,,", u3543 ,m233,,
119942, u3543 ," Nothing, nothing  at all. I was just looking for Sandro."",,,,,,,,,,,,,,,,,,,,,,,,,,,,,,,", u3534 ,m233,,
119943, u3534 ," What is it?,,,,,,,,,,,,,,,,,,,,,,,,,,,,,,,", u3543 ,m233,,
119944, u3543 ," Ettore...,,,,,,,,,,,,,,,,,,,,,,,,,,,,,,,", u3534 ,m233,,
119945, u3534 ," It wouldn't really do you any harm to skip a meal.,,,,,,,,,,,,,,,,,,,,,,,,,,,,,,,", u3543 ,m233,,
119946, u3543 ," First let the poor thing have something to eat.,,,,,,,,,,,,,,,,,,,,,,,,,,,,,,,", u3543 ,m233,,
119947, u3543 ," This is Claudia, Anna's friend...  You've never met my husband, have you?"",,,,,,,,,,,,,,,,,,,,,,,,,,,,,,,", u3534 ,m233,,
119948, u3534 ," And who is this?,,,,,,,,,,,,,,,,,,,,,,,,,,,,,,,", u3545 ,m233,,
119949, u3545 ," I know we are. But as the years go by, we become even worse. Isn't that so, Corrado?"",,,,,,,,,,,,,,,,,,,,,,,,,,,,,,,", u3536 ,m233,,
119950, u3536 ," You men are all so dreadful!,,,,,,,,,,,,,,,,,,,,,,,,,,,,,,,", u3545 ,m233,,
119951, u3545 ," Giulia, don't you understand that the more involved you become with people, the more difficult it is to speak with them?"",,,,,,,,,,,,,,,,,,,,,,,,,,,,,,,", u3536 ,m233,,
119952, u3536 ," The trouble with you is that nobody can speak to you, that's all."",,,,,,,,,,,,,,,,,,,,,,,,,,,,,,,", u3545 ,m233,,
119953, u3545 ," Ask her.,,,,,,,,,,,,,,,,,,,,,,,,,,,,,,,", u3536 ,m233,,
119954, u3536 ," Where is she going?,,,,,,,,,,,,,,,,,,,,,,,,,,,,,,,", u3536 ,m233,,
119955, u3536 ," What has everybody got against me this morning?,,,,,,,,,,,,,,,,,,,,,,,,,,,,,,,", u3545 ,m233,,
119956, u3545 ," Let's see you dive from the top of those rocks, Giulia. That would be really sensational.  Come on, Giulia ... your life is much too circumscribed."",,,,,,,,,,,,,,,,,,,,,,,,,,,,,,,", u3536 ,m233,,
119957, u3536 ," I appeal to you more?,,,,,,,,,,,,,,,,,,,,,,,,,,,,,,,", u3537 ,m233,,
119958, u3537 ," But I want to paint you. You appeal to me more.,,,,,,,,,,,,,,,,,,,,,,,,,,,,,,,", u3536 ,m233,,
119959, u3536 ," But why me?... Ask Claudia, she's much more beautiful than me."",,,,,,,,,,,,,,,,,,,,,,,,,,,,,,,", u3537 ,m233,,
119960, u3537 ," Answer me, why don't you try posing? I'll paint you a beautiful portrait."",,,,,,,,,,,,,,,,,,,,,,,,,,,,,,,", u3536 ,m233,,
119961, u3536 ," Don't you ever paint men?,,,,,,,,,,,,,,,,,,,,,,,,,,,,,,,", u3536 ,m233,,
119962, u3536 ," Me... Goffredo, you're mad!  He's mad."",,,,,,,,,,,,,,,,,,,,,,,,,,,,,,,", u3537 ,m233,,
119963, u3537 ," Why don't you try?,,,,,,,,,,,,,,,,,,,,,,,,,,,,,,,", u3536 ,m233,,
119964, u3536 ," But how could they pose like that? I couldn't.,,,,,,,,,,,,,,,,,,,,,,,,,,,,,,,", u3537 ,m233,,
119965, u3537 ," It's strange how anxious women are to display themselves. It's almost a natural inclination.,,,,,,,,,,,,,,,,,,,,,,,,,,,,,,,", u3536 ,m233,,
119966, u3536 ," I thought the model was something obsolete nowadays. Didn't you, Claudia?"",,,,,,,,,,,,,,,,,,,,,,,,,,,,,,,", u3537 ,m233,,
119967, u3537 ," Oh, there are as many as one wants."",,,,,,,,,,,,,,,,,,,,,,,,,,,,,,,", u3536 ,m233,,
119968, u3536 ," And where do you find the models?,,,,,,,,,,,,,,,,,,,,,,,,,,,,,,,", u3537 ,m233,,
119969, u3537 ," Because there is no landscape as beautiful as a woman.,,,,,,,,,,,,,,,,,,,,,,,,,,,,,,,", u3536 ,m233,,
119970, u3536 ," Here I am.,,,,,,,,,,,,,,,,,,,,,,,,,,,,,,,", u3537 ,m233,,
119971, u3537 ," Giulia...,,,,,,,,,,,,,,,,,,,,,,,,,,,,,,,", u3537 ,m233,,
119972, u3537 ," Anybody can hold a brush in his hand. All you need is to buy some oils and start painting. Even Rembrandt did the same.,,,,,,,,,,,,,,,,,,,,,,,,,,,,,,,", u3536 ,m233,,
119973, u3536 ," Goffredo is the Princess' nephew. He's eighteen years old, the lucky boy. And, what do you know -- he paints."",,,,,,,,,,,,,,,,,,,,,,,,,,,,,,,", u3547 ,m233,,
119974, u3547 ," I ... I ... wasn't feeling well ... I.. I was sleeping... I don't know anything ... I ... I'm all mixed up and ...,,,,,,,,,,,,,,,,,,,,,,,,,,,,,,,", u3538 ,m233,,
119975, u3538 ," Now look, my men saw it and they also saw you men throwing those crates overboard. What have you got to say about that?"",,,,,,,,,,,,,,,,,,,,,,,,,,,,,,,", u3547 ,m233,,
119976, u3547 ," What other boat?,,,,,,,,,,,,,,,,,,,,,,,,,,,,,,,", u3538 ,m233,,
119977, u3538 ," Now, we're getting somewhere! They're beginning to contradict each other.  Now look here, your friend just swore to me that you weren't able to do any fishing at all because the sea was too rough... And what about the other boat?"",,,,,,,,,,,,,,,,,,,,,,,,,,,,,,,", u3547 ,m233,,
119978, u3547 ," Yes, sir. Three times."",,,,,,,,,,,,,,,,,,,,,,,,,,,,,,,", u3538 ,m233,,
119979, u3538 ," So that's why you've turned to smuggling, eh? You need the money. Now, I can help you. I can see that you get some assistance from the government. But first there's a little formality we've got to take care of. Just a few questions and then we can all go to lunch... Your friend tells me you dropped anchor three times..."",,,,,,,,,,,,,,,,,,,,,,,,,,,,,,,", u3547 ,m233,,
119980, u3547 ," Yes, sir. My sister is sick... and my father, too."",,,,,,,,,,,,,,,,,,,,,,,,,,,,,,,", u3538 ,m233,,
119981, u3538 ," They tell me you have a lot of trouble at home. Is that right?,,,,,,,,,,,,,,,,,,,,,,,,,,,,,,,", u3539 ,m233,,
119982, u3539 ," Ah, no... For me, love comes first. I'm a man, and I know what's what: first love, and then music."",,,,,,,,,,,,,,,,,,,,,,,,,,,,,,,", u3546 ,m233,,
119983, u3546 ," Music, of course. To get a sweetheart, one has to look around, but to get a radio, all you have to do is buy one."",,,,,,,,,,,,,,,,,,,,,,,,,,,,,,,", u3539 ,m233,,
119984, u3539 ," But for you, what comes first: music or love?"",,,,,,,,,,,,,,,,,,,,,,,,,,,,,,,", u3546 ,m233,,
119985, u3546 ," Certainly a radio this small is very practical. It's especially useful for... I don't know... for traveling.,,,,,,,,,,,,,,,,,,,,,,,,,,,,,,,", u3539 ,m233,,
119986, u3539 ," Because this is a Chinese radio.,,,,,,,,,,,,,,,,,,,,,,,,,,,,,,,", u3546 ,m233,,
119987, u3546 ," And why wouldn't we have one like this?,,,,,,,,,,,,,,,,,,,,,,,,,,,,,,,", u3539 ,m233,,
119988, u3539 ," No, not like this one."",,,,,,,,,,,,,,,,,,,,,,,,,,,,,,,", u3546 ,m233,,
119989, u3546 ," We have a radio like this, too."",,,,,,,,,,,,,,,,,,,,,,,,,,,,,,,", u3539 ,m233,,
119990, u3539 ," They told me that you were a very nice girl, that you always mind your business... In other words, things of that sort."",,,,,,,,,,,,,,,,,,,,,,,,,,,,,,,", u3546 ,m233,,
119991, u3546 ," And what did they say about me?,,,,,,,,,,,,,,,,,,,,,,,,,,,,,,,", u3539 ,m233,,
119992, u3539 ," So? That's logical. You see, both being gardeners, they spoke about you to one another."",,,,,,,,,,,,,,,,,,,,,,,,,,,,,,,", u3546 ,m233,,
119993, u3546 ," Then it's impossible for her to know me. In the villa where I'm at, we have a male gardener."",,,,,,,,,,,,,,,,,,,,,,,,,,,,,,,", u3539 ,m233,,
119994, u3539 ," Yes, she takes care of the garden."",,,,,,,,,,,,,,,,,,,,,,,,,,,,,,,", u3546 ,m233,,
119995, u3546 ," And who is she? Does she work in Catania?,,,,,,,,,,,,,,,,,,,,,,,,,,,,,,,", u3539 ,m233,,
119996, u3539 ," I tell you this acquaintance of mine knows you and she has often spoken to me about you.,,,,,,,,,,,,,,,,,,,,,,,,,,,,,,,", u3546 ,m233,,
119997, u3546 ," I work there but I'm really a stranger.,,,,,,,,,,,,,,,,,,,,,,,,,,,,,,,", u3540 ,m233,,
119998, u3540 ," I know, I know. One thing at a time."",,,,,,,,,,,,,,,,,,,,,,,,,,,,,,,", u3545 ,m233,,
119999, u3545 ," Another thing; there's an old man who lives here on the island...,,,,,,,,,,,,,,,,,,,,,,,,,,,,,,,", u3540 ,m233,,
120000, u3540 ," Don't worry, we've got everything."",,,,,,,,,,,,,,,,,,,,,,,,,,,,,,,", u3545 ,m233,,
120001, u3545 ," Look, Marshal, with those deep crevasses, you'll need some rope and ladders..."",,,,,,,,,,,,,,,,,,,,,,,,,,,,,,,", u3540 ,m233,,
120002, u3540 ," Very well. First of all, I'll have them search the waters around the island. I brought two frogmen with me... Meanwhile, we'll take a look up around here."",,,,,,,,,,,,,,,,,,,,,,,,,,,,,,,", u3545 ,m233,,
120003, u3545 ," Unfortunately, no."",,,,,,,,,,,,,,,,,,,,,,,,,,,,,,,", u3540 ,m233,,
120004, u3540 ," Anything new develop?,,,,,,,,,,,,,,,,,,,,,,,,,,,,,,,", u3541 ,m233,,
120005, u3541 ," Don't mention it... Pleased to be of service any time.,,,,,,,,,,,,,,,,,,,,,,,,,,,,,,,", u3545 ,m233,,
120006, u3545 ," Thank you.,,,,,,,,,,,,,,,,,,,,,,,,,,,,,,,", u3541 ,m233,,
120007, u3541 ," There's the Trinacria Hotel... or the Regina, near the municipal building. As for rooming houses, I don't know..."",,,,,,,,,,,,,,,,,,,,,,,,,,,,,,,", u3545 ,m233,,
120008, u3545 ," Then you should also be able to tell me where a young girl might stay in Noto; are there any hotels or rooming houses?,,,,,,,,,,,,,,,,,,,,,,,,,,,,,,,", u3541 ,m233,,
120009, u3541 ," Well...probably at the last stop, which is Noto."",,,,,,,,,,,,,,,,,,,,,,,,,,,,,,,", u3545 ,m233,,
120010, u3545 ," And do you remember where she got off?,,,,,,,,,,,,,,,,,,,,,,,,,,,,,,,", u3541 ,m233,,
120011, u3541 ," I only exchanged a few casual words with her, as one would ordinarily do on a public bus..."",,,,,,,,,,,,,,,,,,,,,,,,,,,,,,,", u3542 ,m233,,
120012, u3542 ," Early? Is four in the morning early for you?,,,,,,,,,,,,,,,,,,,,,,,,,,,,,,,", u3545 ,m233,,
120013, u3545 ," And how come you're up so early?,,,,,,,,,,,,,,,,,,,,,,,,,,,,,,,", u3542 ,m233,,
120014, u3542 ," At this time of the year there are so many boats...,,,,,,,,,,,,,,,,,,,,,,,,,,,,,,,", u3545 ,m233,,
120015, u3545 ," Just a moment ago... didn't you hear the sound of a motor?,,,,,,,,,,,,,,,,,,,,,,,,,,,,,,,", u3542 ,m233,,
120016, u3542 ," What boat?,,,,,,,,,,,,,,,,,,,,,,,,,,,,,,,", u3545 ,m233,,
120017, u3545 ," Whose boat is that?,,,,,,,,,,,,,,,,,,,,,,,,,,,,,,,", u3542 ,m233,,
120018, u3542 ," From Panarea. Why?,,,,,,,,,,,,,,,,,,,,,,,,,,,,,,,", u3545 ,m233,,
120019, u3545 ," But where did you come from?,,,,,,,,,,,,,,,,,,,,,,,,,,,,,,,", u3542 ,m233,,
120020, u3542 ," No. The owners are in Australia.,,,,,,,,,,,,,,,,,,,,,,,,,,,,,,,", u3545 ,m233,,
120021, u3545 ," Are you the owner of this place?,,,,,,,,,,,,,,,,,,,,,,,,,,,,,,,", u3543 ,m233,,
120022, u3543 ," Yes, even I had a mother. She was part Austrian, but she was still my mother. My childhood was like a tennis match; they bounced me back and forth, here and there..."",,,,,,,,,,,,,,,,,,,,,,,,,,,,,,,", u3545 ,m233,,
120023, u3545 ," Your mother?,,,,,,,,,,,,,,,,,,,,,,,,,,,,,,,", u3543 ,m233,,
120024, u3543 ," Oh, no, not at all. And then you know very well that he'll forgive you anything; just as long as you admit to him that you're a worse driver than he is..."",,,,,,,,,,,,,,,,,,,,,,,,,,,,,,,", u3545 ,m233,,
120025, u3545 ," Ettore must be fed up with me by now.,,,,,,,,,,,,,,,,,,,,,,,,,,,,,,,", u3543 ,m233,,
120026, u3543 ," You should have told Ettore. He always manages to get what he wants.,,,,,,,,,,,,,,,,,,,,,,,,,,,,,,,", u3545 ,m233,,
120027, u3545 ," They didn't seem too good.,,,,,,,,,,,,,,,,,,,,,,,,,,,,,,,", u3543 ,m233,,
120028, u3543 ," Did you manage to find good rooms?,,,,,,,,,,,,,,,,,,,,,,,,,,,,,,,", u3545 ,m233,,
120029, u3545 ," Yes, we will."",,,,,,,,,,,,,,,,,,,,,,,,,,,,,,,", u3543 ,m233,,
120030, u3543 ," And here's Sandro.  Why don't you two go upstairs and change?,,,,,,,,,,,,,,,,,,,,,,,,,,,,,,,", u3545 ,m233,,
120031, u3545 ," Good. Then I'll meet you there.,,,,,,,,,,,,,,,,,,,,,,,,,,,,,,,", u3543 ,m233,,
120032, u3543 ," We've decided to go to Montaldo's place. In fact, Ettore should already be there."",,,,,,,,,,,,,,,,,,,,,,,,,,,,,,,", u3545 ,m233,,
120033, u3545 ," I'll go and get my valise.,,,,,,,,,,,,,,,,,,,,,,,,,,,,,,,", u3543 ,m233,,
120034, u3543 ," What do you want us to do? I don't know myself... But we'll do something.,,,,,,,,,,,,,,,,,,,,,,,,,,,,,,,", u3545 ,m233,,
120035, u3545 ," Patrizia, what are you going to do?"",,,,,,,,,,,,,,,,,,,,,,,,,,,,,,,", u3543 ,m233,,
120036, u3543 ," I don't see why I should mind.,,,,,,,,,,,,,,,,,,,,,,,,,,,,,,,", u3545 ,m233,,
120037, u3545 ," Listen, Patrizia... The Marshal says there's a current that passes by here and ends up at another island... I don't know which... He wants to send one of his men over to have a look... One never knows... Do you mind if I ask Raimondo to go with him?"",,,,,,,,,,,,,,,,,,,,,,,,,,,,,,,", u3543 ,m233,,
120038, u3543 ," But you have to  consider all possibilities, Sandro."",,,,,,,,,,,,,,,,,,,,,,,,,,,,,,,", u3545 ,m233,,
120039, u3545 ," Anna is an excellent swimmer. Even with a cramp, she would have managed to reach shore somehow."",,,,,,,,,,,,,,,,,,,,,,,,,,,,,,,", u3543 ,m233,,
120040, u3543 ," Perhaps she wasn't feeling well... Maybe a cramp or something...,,,,,,,,,,,,,,,,,,,,,,,,,,,,,,,", u3543 ,m233,,
120041, u3543 ," Claudia isn't coming with us. Will you please take care of her luggage? Thanks.,,,,,,,,,,,,,,,,,,,,,,,,,,,,,,,", u3544 ,m233,,
120042, u3544 ," Here I am, Patrizia. I'm always here."",,,,,,,,,,,,,,,,,,,,,,,,,,,,,,,", u3543 ,m233,,
120043, u3543 ," Take it easy, Raimondo. Why are you getting so impatient?"",,,,,,,,,,,,,,,,,,,,,,,,,,,,,,,", u3544 ,m233,,
120044, u3544 ," You've made some mistake there with the bushes... that's why you can't finish it.,,,,,,,,,,,,,,,,,,,,,,,,,,,,,,,", u3544 ,m233,,
120045, u3544 ," I know, dammit, I know!  And just think -- if there ever was a woman so right, so perfectly cut out for all kinds of dissipations, degradations, infidelities... of.. . of... of debaucheries, it's her. Well, anyway, she's faithful. Faithful out of laziness... of unwillingness."",,,,,,,,,,,,,,,,,,,,,,,,,,,,,,,", u3543 ,m233,,
120046, u3543 ," You know, I don't love anybody."",,,,,,,,,,,,,,,,,,,,,,,,,,,,,,,", u3544 ,m233,,
120047, u3544 ," Patrizia, don't start in again... I would rather be called depraved. Unless you happen to love children."",,,,,,,,,,,,,,,,,,,,,,,,,,,,,,,", u3544 ,m233,,
120048, u3544 ," If women's breasts were colored, yours would be blue..."",,,,,,,,,,,,,,,,,,,,,,,,,,,,,,,", u3543 ,m233,,
120049, u3543 ," Now, tell the truth, aren't you a bit disappointed?... But I already told you..."",,,,,,,,,,,,,,,,,,,,,,,,,,,,,,,", u3544 ,m233,,
120050, u3544 ," I detest it. But, after all, what can you do... It's the latest...and I try my best to adapt myself."",,,,,,,,,,,,,,,,,,,,,,,,,,,,,,,", u3543 ,m233,,
120051, u3543 ," Raimondo... Do you enjoy fishing underwater?,,,,,,,,,,,,,,,,,,,,,,,,,,,,,,,", u3544 ,m233,,
120052, u3544 ," Lady Patrizia!,,,,,,,,,,,,,,,,,,,,,,,,,,,,,,,", u3543 ,m233,,
120053, u3543 ," Why have we stopped?,,,,,,,,,,,,,,,,,,,,,,,,,,,,,,,", u3545 ,m233,,
120054, u3545 ," Then let's call it a business proposition. Something to round out your salary.,,,,,,,,,,,,,,,,,,,,,,,,,,,,,,,", u3548 ,m233,,
120055, u3548 ," Pardon me, but why must I do you a favor?"",,,,,,,,,,,,,,,,,,,,,,,,,,,,,,,", u3545 ,m233,,
120056, u3545 ," You really must do me this one favor.,,,,,,,,,,,,,,,,,,,,,,,,,,,,,,,", u3548 ,m233,,
120057, u3548 ," Yes, but why do you think our readers would be interested in such news now? Even if I sent it, the editors wouldn't print it."",,,,,,,,,,,,,,,,,,,,,,,,,,,,,,,", u3545 ,m233,,
120058, u3545 ," Yes... of course... But you should also print that in your paper... But right away, tomorrow morning... It's the local Palermo paper, isn't it?... I mean, it's widely read..."",,,,,,,,,,,,,,,,,,,,,,,,,,,,,,,", u3548 ,m233,,
120059, u3548 ," About fifty miles or so. If you want, I'll give you the name of the storekeeper."",,,,,,,,,,,,,,,,,,,,,,,,,,,,,,,", u3545 ,m233,,
120060, u3545 ," Is that far from here?,,,,,,,,,,,,,,,,,,,,,,,,,,,,,,,", u3548 ,m233,,
120061, u3548 ," Who knows?... Another one has it that she entered a store in Troina. This information comes from the storekeeper himself who stated that such and such a girl had bought I don't know what in his store... at Troina.,,,,,,,,,,,,,,,,,,,,,,,,,,,,,,,", u3545 ,m233,,
120062, u3545 ," Is that possible?,,,,,,,,,,,,,,,,,,,,,,,,,,,,,,,", u3548 ,m233,,
120063, u3548 ," As a matter of fact, I've already had several phone calls on that article. One said they had seen the missing girl in an automobile somewhere in Rome. Another one said they saw her on the pier talking with some strange sailors... Could be she secretly left the island by boat..."",,,,,,,,,,,,,,,,,,,,,,,,,,,,,,,", u3545 ,m233,,
120064, u3545 ," Now listen, if I had any information, I wouldn't have come here to ask you. But I see that you, too, lack any information ..."",,,,,,,,,,,,,,,,,,,,,,,,,,,,,,,", u3548 ,m233,,
120065, u3548 ," Oh... I'm sorry I have to rush but I've got to write a story about this thing that just happened... Tell me exactly how it all turned out.,,,,,,,,,,,,,,,,,,,,,,,,,,,,,,,", u3545 ,m233,,
120066, u3545 ," I read one of your articles regarding the disappearance of a girl. I'm that girl's fianc�.,,,,,,,,,,,,,,,,,,,,,,,,,,,,,,,", u3548 ,m233,,
120067, u3548 ," No, I'm not. Why do you think she does all this? It's one of the many ways she can put herself on display. When you bait the trap, the mouse will snap. To tell you the truth,  if it wasn't for the fact that one hundred thousand lire represents my whole month's salary, well... But you had something you wanted to ask me?"",,,,,,,,,,,,,,,,,,,,,,,,,,,,,,,", u3545 ,m233,,
120068, u3545 ," You're kidding!,,,,,,,,,,,,,,,,,,,,,,,,,,,,,,,", u3548 ,m233,,
120069, u3548 ," She costs a hundred thousand lire.,,,,,,,,,,,,,,,,,,,,,,,,,,,,,,,", u3548 ,m233,,
120070, u3548 ," Wait a moment. Can't you see I'm busy?,,,,,,,,,,,,,,,,,,,,,,,,,,,,,,,", u3545 ,m233,,
120071, u3545 ," I would like to ask you something.,,,,,,,,,,,,,,,,,,,,,,,,,,,,,,,", u3548 ,m233,,
120072, u3548 ," Yes. Until proven otherwise.,,,,,,,,,,,,,,,,,,,,,,,,,,,,,,,", u3545 ,m233,,
120073, u3545 ," Zuria?,,,,,,,,,,,,,,,,,,,,,,,,,,,,,,,", u3548 ,m233,,
