,User_id,text,sec_user,movies_name,relationship,attachment
121529, u3579 ," No.  Just some horrible dreams about smothering.  Where are we?,,,,,,,,,,,,,,,,,,,,,,,,,,,,,,,", u3584 ,m236,,
121530, u3584 ," Do you remember the pyramid?,,,,,,,,,,,,,,,,,,,,,,,,,,,,,,,", u3579 ,m236,,
121531, u3579 ," ... I don't know...,,,,,,,,,,,,,,,,,,,,,,,,,,,,,,,", u3584 ,m236,,
121532, u3584 ," Dell, what's the last thing you can remember?"",,,,,,,,,,,,,,,,,,,,,,,,,,,,,,,", u3579 ,m236,,
121533, u3579 ," Not exactly, just feel like somebody's been beating me with rubber hoses for about six years."",,,,,,,,,,,,,,,,,,,,,,,,,,,,,,,", u3584 ,m236,,
121534, u3584 ," Are you in pain?,,,,,,,,,,,,,,,,,,,,,,,,,,,,,,,", u3579 ,m236,,
121535, u3579 ," Not sitting on our butts in here, that's for sure."",,,,,,,,,,,,,,,,,,,,,,,,,,,,,,,", u3584 ,m236,,
121536, u3584 ," There could be a whole city out there and we'd never see it.,,,,,,,,,,,,,,,,,,,,,,,,,,,,,,,", u3584 ,m236,,
121537, u3584 ," Or something will be able to see us.,,,,,,,,,,,,,,,,,,,,,,,,,,,,,,,", u3579 ,m236,,
121538, u3579 ," Good!  Maybe we'll be able to see something then.,,,,,,,,,,,,,,,,,,,,,,,,,,,,,,,", u3579 ,m236,,
121539, u3579 ," Nine hundred meters and dropping. 800.  700.  Hang on gentlemen.,,,,,,,,,,,,,,,,,,,,,,,,,,,,,,,", u3584 ,m236,,
121540, u3584 ," Engines off.,,,,,,,,,,,,,,,,,,,,,,,,,,,,,,,", u3579 ,m236,,
121541, u3579 ," Kill drive engines.,,,,,,,,,,,,,,,,,,,,,,,,,,,,,,,", u3584 ,m236,,
121542, u3584 ," Locked.,,,,,,,,,,,,,,,,,,,,,,,,,,,,,,,", u3584 ,m236,,
121543, u3584 ," Hell, no!  We don't know what's down there on that piece of rock!  It might be dangerous!  What we should do is get on the radio to the exploration authorities... and let them deal with it."",,,,,,,,,,,,,,,,,,,,,,,,,,,,,,,", u3579 ,m236,,
121544, u3579 ," Hell, we're equipped --"",,,,,,,,,,,,,,,,,,,,,,,,,,,,,,,", u3584 ,m236,,
121545, u3584 ," If there is some kind of alien intelligence down on that planetoid, it'd be a serious mistake for us to blunder in unequipped."",,,,,,,,,,,,,,,,,,,,,,,,,,,,,,,", u3579 ,m236,,
121546, u3579 ," I'm not kidding.  You can get one if you have the credit.  Look just like real cows, too."",,,,,,,,,,,,,,,,,,,,,,,,,,,,,,,", u3584 ,m236,,
121547, u3584 ," Cattle ranch!,,,,,,,,,,,,,,,,,,,,,,,,,,,,,,,", u3579 ,m236,,
121548, u3579 ," I'm going to buy a cattle ranch.,,,,,,,,,,,,,,,,,,,,,,,,,,,,,,,", u3579 ,m236,,
121549, u3579 ," Yeah, it's you all right."",,,,,,,,,,,,,,,,,,,,,,,,,,,,,,,", u3584 ,m236,,
121550, u3584 ," I feel like shit...,,,,,,,,,,,,,,,,,,,,,,,,,,,,,,,", u3579 ,m236,,
121551, u3579 ," Is that you, Roby?"",,,,,,,,,,,,,,,,,,,,,,,,,,,,,,,", u3584 ,m236,,
121552, u3584 ," Oh... God... am I cold...,,,,,,,,,,,,,,,,,,,,,,,,,,,,,,,", u3579 ,m236,,
121553, u3579 ," <u>OH GOD IT HURTS SO BAD</u>!,,,,,,,,,,,,,,,,,,,,,,,,,,,,,,,", u3585 ,m236,,
121554, u3585 ," Breathe deeply.,,,,,,,,,,,,,,,,,,,,,,,,,,,,,,,", u3579 ,m236,,
121555, u3579 ," I don't know... I'm getting these <u>CRAMPS</u>!,,,,,,,,,,,,,,,,,,,,,,,,,,,,,,,", u3585 ,m236,,
121556, u3585 ," What's wrong?,,,,,,,,,,,,,,,,,,,,,,,,,,,,,,,", u3585 ,m236,,
121557, u3585 ," I think that's a pretty reasonable request.,,,,,,,,,,,,,,,,,,,,,,,,,,,,,,,", u3579 ,m236,,
121558, u3579 ," I'm really starving; can we get some food before we go into the freezers?,,,,,,,,,,,,,,,,,,,,,,,,,,,,,,,", u3579 ,m236,,
121559, u3579 ," God I'm hungry.,,,,,,,,,,,,,,,,,,,,,,,,,,,,,,,", u3585 ,m236,,
121560, u3585 ," Hell, you're in great shape, you've got your sense of humor back!"",,,,,,,,,,,,,,,,,,,,,,,,,,,,,,,", u3579 ,m236,,
121561, u3579 ," Don't remember nothing.  Can't hardly remember my name.,,,,,,,,,,,,,,,,,,,,,,,,,,,,,,,", u3585 ,m236,,
121562, u3585 ," Don't you remember?,,,,,,,,,,,,,,,,,,,,,,,,,,,,,,,", u3579 ,m236,,
121563, u3579 ," Wretched.  What happened to me?,,,,,,,,,,,,,,,,,,,,,,,,,,,,,,,", u3585 ,m236,,
121564, u3585 ," How do you feel, Dell?"",,,,,,,,,,,,,,,,,,,,,,,,,,,,,,,", u3579 ,m236,,
121565, u3579 ," Yeah, but this is hard work.  Can't talk now."",,,,,,,,,,,,,,,,,,,,,,,,,,,,,,,", u3585 ,m236,,
121566, u3585 ," What was that Dell, I lost you, do you read me?"",,,,,,,,,,,,,,,,,,,,,,,,,,,,,,,", u3579 ,m236,,
121567, u3579 ," Yeah, I'm okay.  Haven't hit bottom yet.  Definitely a column of warm air rising; it keeps the shaft clear of dust."",,,,,,,,,,,,,,,,,,,,,,,,,,,,,,,", u3585 ,m236,,
121568, u3585 ," Are you okay in there?,,,,,,,,,,,,,,,,,,,,,,,,,,,,,,,", u3585 ,m236,,
121569, u3585 ," Take care.,,,,,,,,,,,,,,,,,,,,,,,,,,,,,,,", u3579 ,m236,,
121570, u3579 ," Okay, I'm in the mouth of the chimney now, and I'm starting down."",,,,,,,,,,,,,,,,,,,,,,,,,,,,,,,", u3579 ,m236,,
121571, u3579 ," No, I want to go in."",,,,,,,,,,,,,,,,,,,,,,,,,,,,,,,", u3585 ,m236,,
121572, u3585 ," Dell, you want to come down, we can figure out where to go from here."",,,,,,,,,,,,,,,,,,,,,,,,,,,,,,,", u3585 ,m236,,
121573, u3585 ," Can you see anything in the hole?,,,,,,,,,,,,,,,,,,,,,,,,,,,,,,,", u3579 ,m236,,
121574, u3579 ," No, it's too small, only room enough for one person."",,,,,,,,,,,,,,,,,,,,,,,,,,,,,,,", u3585 ,m236,,
121575, u3585 ," Can we come up?,,,,,,,,,,,,,,,,,,,,,,,,,,,,,,,", u3579 ,m236,,
121576, u3579 ," Sure.,,,,,,,,,,,,,,,,,,,,,,,,,,,,,,,", u3585 ,m236,,
121577, u3585 ," You want to try?,,,,,,,,,,,,,,,,,,,,,,,,,,,,,,,", u3579 ,m236,,
121578, u3579 ," Maybe we can get in by the top.,,,,,,,,,,,,,,,,,,,,,,,,,,,,,,,", u3585 ,m236,,
121579, u3585 ," What is it, I can't --"",,,,,,,,,,,,,,,,,,,,,,,,,,,,,,,", u3579 ,m236,,
121580, u3579 ," I was scanning the horizon to see what I could pick up.  Look there, on that screen."",,,,,,,,,,,,,,,,,,,,,,,,,,,,,,,", u3579 ,m236,,
121581, u3579 ," Take a look.,,,,,,,,,,,,,,,,,,,,,,,,,,,,,,,", u3585 ,m236,,
121582, u3585 ," What is it?,,,,,,,,,,,,,,,,,,,,,,,,,,,,,,,", u3585 ,m236,,
121583, u3585 ," I'm on my way.,,,,,,,,,,,,,,,,,,,,,,,,,,,,,,,", u3579 ,m236,,
121584, u3579 ," Well, the sun just came up again, and it seems the wind's died down. It's as clear as a bell outside. There's something I think you ought to see."",,,,,,,,,,,,,,,,,,,,,,,,,,,,,,,", u3585 ,m236,,
121585, u3585 ," What's up?,,,,,,,,,,,,,,,,,,,,,,,,,,,,,,,", u3579 ,m236,,
121586, u3579 ," Chaz, this is Dell.  Can you come topside for a minute?"",,,,,,,,,,,,,,,,,,,,,,,,,,,,,,,", u3585 ,m236,,
121587, u3585 ," This is Chaz.,,,,,,,,,,,,,,,,,,,,,,,,,,,,,,,", u3579 ,m236,,
121588, u3579 ," But functioning.,,,,,,,,,,,,,,,,,,,,,,,,,,,,,,,", u3585 ,m236,,
121589, u3585 ," Just machinery.,,,,,,,,,,,,,,,,,,,,,,,,,,,,,,,", u3585 ,m236,,
121590, u3585 ," No, you'll follow me."",,,,,,,,,,,,,,,,,,,,,,,,,,,,,,,", u3579 ,m236,,
121591, u3579 ," I'll go first.,,,,,,,,,,,,,,,,,,,,,,,,,,,,,,,", u3585 ,m236,,
121592, u3585 ," Martin, we're going in.  I'm going to hold the conversation to a minimum from here on."",,,,,,,,,,,,,,,,,,,,,,,,,,,,,,,", u3579 ,m236,,
121593, u3579 ," Looks like a derelict.,,,,,,,,,,,,,,,,,,,,,,,,,,,,,,,", u3585 ,m236,,
121594, u3585 ," Appears to be a door hanging open, the entrance is clogged with debris."",,,,,,,,,,,,,,,,,,,,,,,,,,,,,,,", u3579 ,m236,,
121595, u3579 ," Receiving.,,,,,,,,,,,,,,,,,,,,,,,,,,,,,,,", u3585 ,m236,,
121596, u3585 ," I'm sending.  Do you hear me?,,,,,,,,,,,,,,,,,,,,,,,,,,,,,,,", u3585 ,m236,,
121597, u3585 ," Martin, would you run me an atmospheric?"",,,,,,,,,,,,,,,,,,,,,,,,,,,,,,,", u3579 ,m236,,
121598, u3579 ," Close enough to walk to!,,,,,,,,,,,,,,,,,,,,,,,,,,,,,,,", u3579 ,m236,,
121599, u3579 ," Drop begins... now!  Fifteen kilometers and dropping... twelve... ten... eight and slowing.  Five. Three.  Two.  One kilometer and slowing.  Lock tractor beams.,,,,,,,,,,,,,,,,,,,,,,,,,,,,,,,", u3585 ,m236,,
121600, u3585 ," Then take her down.,,,,,,,,,,,,,,,,,,,,,,,,,,,,,,,", u3579 ,m236,,
121601, u3579 ," It's... basalt.  Rock.,,,,,,,,,,,,,,,,,,,,,,,,,,,,,,,", u3585 ,m236,,
121602, u3585 ," Is it solid?,,,,,,,,,,,,,,,,,,,,,,,,,,,,,,,", u3579 ,m236,,
121603, u3579 ," Well, line of sight is impossible due to dust.  Radar gives me noise. Sonar gives me noise.  Infrared -- noise.  Let's try ultraviolet.  There. Flat.  It's totally flat.  A plain."",,,,,,,,,,,,,,,,,,,,,,,,,,,,,,,", u3585 ,m236,,
121604, u3585 ," What's the terrain down there?,,,,,,,,,,,,,,,,,,,,,,,,,,,,,,,", u3579 ,m236,,
121605, u3579 ," Approaching point of origin.  Closing at 20 kilometers, 15 and slowing. Ten.  Five.  Gentlemen, we are directly above the source of the transmission."",,,,,,,,,,,,,,,,,,,,,,,,,,,,,,,", u3579 ,m236,,
121606, u3579 ," Activated.  Vertical drop checked. Correcting course.  On tangential course now, orbiting.  Crossing the terminator.  Entering night side."",,,,,,,,,,,,,,,,,,,,,,,,,,,,,,,", u3585 ,m236,,
121607, u3585 ," Activate lifter quads.,,,,,,,,,,,,,,,,,,,,,,,,,,,,,,,", u3579 ,m236,,
121608, u3579 ," I'll see what I can do.,,,,,,,,,,,,,,,,,,,,,,,,,,,,,,,", u3585 ,m236,,
121609, u3585 ," Dell, I want greater magnification. More surface detail.  I want to see what this place looks like."",,,,,,,,,,,,,,,,,,,,,,,,,,,,,,,", u3579 ,m236,,
121610, u3579 ," There are no commercial lanes out here.  Face it, we're out of range."",,,,,,,,,,,,,,,,,,,,,,,,,,,,,,,", u3585 ,m236,,
121611, u3585 ," Except it will take 75 years to get a reply back.  Don't forget how far we are from the Colonies, Martin."",,,,,,,,,,,,,,,,,,,,,,,,,,,,,,,", u3579 ,m236,,
121612, u3579 ," Point eight six.  We can walk on it.,,,,,,,,,,,,,,,,,,,,,,,,,,,,,,,", u3585 ,m236,,
121613, u3585 ," Gravity?,,,,,,,,,,,,,,,,,,,,,,,,,,,,,,,", u3579 ,m236,,
121614, u3579 ," Yeah.  Two hours.,,,,,,,,,,,,,,,,,,,,,,,,,,,,,,,", u3585 ,m236,,
121615, u3585 ," Any rotation?,,,,,,,,,,,,,,,,,,,,,,,,,,,,,,,", u3579 ,m236,,
121616, u3579 ," That's what I'm going to do.,,,,,,,,,,,,,,,,,,,,,,,,,,,,,,,", u3585 ,m236,,
121617, u3585 ," Can you get it a little closer?,,,,,,,,,,,,,,,,,,,,,,,,,,,,,,,", u3579 ,m236,,
121618, u3579 ," Just short of Zeta II Reticuli.  We haven't even reached the outer rim yet.,,,,,,,,,,,,,,,,,,,,,,,,,,,,,,,", u3585 ,m236,,
121619, u3585 ," Where the hell are we?,,,,,,,,,,,,,,,,,,,,,,,,,,,,,,,", u3579 ,m236,,
121620, u3579 ," I got it.  Oh boy.,,,,,,,,,,,,,,,,,,,,,,,,,,,,,,,", u3585 ,m236,,
121621, u3585 ," Dell, plot our location."",,,,,,,,,,,,,,,,,,,,,,,,,,,,,,,", u3579 ,m236,,
121622, u3579 ," I don't recognize that constellation.,,,,,,,,,,,,,,,,,,,,,,,,,,,,,,,", u3585 ,m236,,
121623, u3585 ," Sandy, scan the whole sky."",,,,,,,,,,,,,,,,,,,,,,,,,,,,,,,", u3579 ,m236,,
121624, u3579 ," Where's Irth?,,,,,,,,,,,,,,,,,,,,,,,,,,,,,,,", u3580 ,m236,,
121625, u3580 ," Yes.  There are two points of salient interest.  Number one: it is highly systematized, indicating intelligent origin.  Number two: certain sounds are inconsistent with the human palate."",,,,,,,,,,,,,,,,,,,,,,,,,,,,,,,", u3585 ,m236,,
121626, u3585 ," Just <u>hold it</u>, <u>hold it</u>!  Computer: have you attempted to analyze the transmission?"",,,,,,,,,,,,,,,,,,,,,,,,,,,,,,,", u3580 ,m236,,
121627, u3580 ," Unknown.,,,,,,,,,,,,,,,,,,,,,,,,,,,,,,,", u3585 ,m236,,
121628, u3585 ," Computer, what language was that?"",,,,,,,,,,,,,,,,,,,,,,,,,,,,,,,", u3585 ,m236,,
121629, u3585 ," Play it for us, please."",,,,,,,,,,,,,,,,,,,,,,,,,,,,,,,", u3580 ,m236,,
121630, u3580 ," I have recorded the transmission.,,,,,,,,,,,,,,,,,,,,,,,,,,,,,,,", u3580 ,m236,,
121631, u3580 ," A voice transmission.,,,,,,,,,,,,,,,,,,,,,,,,,,,,,,,", u3585 ,m236,,
121632, u3585 ," A transmission?,,,,,,,,,,,,,,,,,,,,,,,,,,,,,,,", u3580 ,m236,,
121633, u3580 ," I have intercepted a transmission of unknown origin.,,,,,,,,,,,,,,,,,,,,,,,,,,,,,,,", u3585 ,m236,,
121634, u3585 ," Computer, this is Captain Standard. What conditions are you talking about?"",,,,,,,,,,,,,,,,,,,,,,,,,,,,,,,", u3580 ,m236,,
121635, u3580 ," The reaction has proceeded too far. The core has begun to melt.  Engines will overload in 2 minutes, 35 seconds."",,,,,,,,,,,,,,,,,,,,,,,,,,,,,,,", u3584 ,m236,,
121636, u3584 ," Computer!  I've turned all the cooling units back on!  What's wrong?,,,,,,,,,,,,,,,,,,,,,,,,,,,,,,,", u3584 ,m236,,
121637, u3584 ," Hold it, I can't hear a damn thing!"",,,,,,,,,,,,,,,,,,,,,,,,,,,,,,,", u3580 ,m236,,
121638, u3580 ," I have a temporary sequence on the monitor --,,,,,,,,,,,,,,,,,,,,,,,,,,,,,,,", u3584 ,m236,,
121639, u3584 ," Yes!,,,,,,,,,,,,,,,,,,,,,,,,,,,,,,,", u3580 ,m236,,
121640, u3580 ," It is none of the 678 dialects spoken by technological man.,,,,,,,,,,,,,,,,,,,,,,,,,,,,,,,", u3584 ,m236,,
121641, u3584 ," Unknown!  What do you mean?,,,,,,,,,,,,,,,,,,,,,,,,,,,,,,,", u3580 ,m236,,
121642, u3580 ," I am programmed to do so if certain conditions arise.,,,,,,,,,,,,,,,,,,,,,,,,,,,,,,,", u3584 ,m236,,
121643, u3584 ," What?  <u>Why</u>?,,,,,,,,,,,,,,,,,,,,,,,,,,,,,,,", u3580 ,m236,,
121644, u3580 ," I have interrupted the course of the voyage.,,,,,,,,,,,,,,,,,,,,,,,,,,,,,,,", u3581 ,m236,,
121645, u3581 ," It's still in the ship?,,,,,,,,,,,,,,,,,,,,,,,,,,,,,,,", u3584 ,m236,,
121646, u3584 ," It's monstrous -- it grew, like some horrible tapeworm.  We were completely unprepared."",,,,,,,,,,,,,,,,,,,,,,,,,,,,,,,", u3581 ,m236,,
121647, u3581 ," Dead!,,,,,,,,,,,,,,,,,,,,,,,,,,,,,,,", u3584 ,m236,,
121648, u3584 ," Dead.,,,,,,,,,,,,,,,,,,,,,,,,,,,,,,,", u3581 ,m236,,
121649, u3581 ," What happened?  Where's Sandy?,,,,,,,,,,,,,,,,,,,,,,,,,,,,,,,", u3581 ,m236,,
121650, u3581 ," All over the ship; we'll have to check the charts to know for sure.,,,,,,,,,,,,,,,,,,,,,,,,,,,,,,,", u3584 ,m236,,
121651, u3584 ," Where does that go?,,,,,,,,,,,,,,,,,,,,,,,,,,,,,,,", u3581 ,m236,,
121652, u3581 ," Bulbs burned out, nobody bothered to replace 'em."",,,,,,,,,,,,,,,,,,,,,,,,,,,,,,,", u3584 ,m236,,
121653, u3584 ," What happened to the lights?,,,,,,,,,,,,,,,,,,,,,,,,,,,,,,,", u3581 ,m236,,
121654, u3581 ," That way.,,,,,,,,,,,,,,,,,,,,,,,,,,,,,,,", u3584 ,m236,,
121655, u3584 ," Okay.,,,,,,,,,,,,,,,,,,,,,,,,,,,,,,,", u3581 ,m236,,
121656, u3581 ," Machine's screwed up, I can't tell. Needle's spinning all over the dial."",,,,,,,,,,,,,,,,,,,,,,,,,,,,,,,", u3584 ,m236,,
121657, u3584 ," Where's it coming from?,,,,,,,,,,,,,,,,,,,,,,,,,,,,,,,", u3584 ,m236,,
121658, u3584 ," We have to avoid injuring it.  What we really need is some electric animal prods.,,,,,,,,,,,,,,,,,,,,,,,,,,,,,,,", u3581 ,m236,,
121659, u3581 ," We could cut a section out of that metallite netting.  It won't hold up to that acid, but aside from that it's pretty strong."",,,,,,,,,,,,,,,,,,,,,,,,,,,,,,,", u3581 ,m236,,
121660, u3581 ," Shit...,,,,,,,,,,,,,,,,,,,,,,,,,,,,,,,", u3584 ,m236,,
121661, u3584 ," But we can't kill it.  If we kill it, it will spill all its body acids right through our hull and out into space."",,,,,,,,,,,,,,,,,,,,,,,,,,,,,,,", u3584 ,m236,,
121662, u3584 ," I didn't say it was bad for you, it's just kind of sickening, that's all."",,,,,,,,,,,,,,,,,,,,,,,,,,,,,,,", u3581 ,m236,,
121663, u3581 ," Yes, I know what they make it out of, so what?  It's food now.  <u>You're</u> eating it."",,,,,,,,,,,,,,,,,,,,,,,,,,,,,,,", u3584 ,m236,,
121664, u3584 ," You know what they make this stuff out of?,,,,,,,,,,,,,,,,,,,,,,,,,,,,,,,", u3581 ,m236,,
121665, u3581 ," It grows on you.,,,,,,,,,,,,,,,,,,,,,,,,,,,,,,,", u3584 ,m236,,
121666, u3584 ," You like this shit?,,,,,,,,,,,,,,,,,,,,,,,,,,,,,,,", u3584 ,m236,,
121667, u3584 ," It couldn't translate the whole thing, only three phrases.  I'll just read it to you the way I got it:  """"... HOSTILE... SURVIVAL... ADVISE DO NOT LAND... """"  And that's all it could translate."",,,,,,,,,,,,,,,,,,,,,,,,,,,,,,,", u3581 ,m236,,
121668, u3581 ," What do you mean?,,,,,,,,,,,,,,,,,,,,,,,,,,,,,,,", u3584 ,m236,,
121669, u3584 ," The computer's translated the alien signal, and it's kind of alarming."",,,,,,,,,,,,,,,,,,,,,,,,,,,,,,,", u3581 ,m236,,
121670, u3581 ," Why, what's wrong?"",,,,,,,,,,,,,,,,,,,,,,,,,,,,,,,", u3584 ,m236,,
121671, u3584 ," Jay, we've got a problem.  I was wondering if there was any way you could shortcut the repairs and give us immediate takeoff capability."",,,,,,,,,,,,,,,,,,,,,,,,,,,,,,,", u3581 ,m236,,
121672, u3581 ," Yes?  What is it?,,,,,,,,,,,,,,,,,,,,,,,,,,,,,,,", u3584 ,m236,,
121673, u3584 ," Yeah, okay.  Go ahead."",,,,,,,,,,,,,,,,,,,,,,,,,,,,,,,", u3581 ,m236,,
121674, u3581 ," Sorry to interrupt, but I'm gonna charge up the engines for a minute, okay?"",,,,,,,,,,,,,,,,,,,,,,,,,,,,,,,", u3584 ,m236,,
121675, u3584 ," Not <u>they</u>... <u>he</u>...,,,,,,,,,,,,,,,,,,,,,,,,,,,,,,,", u3581 ,m236,,
121676, u3581 ," What?,,,,,,,,,,,,,,,,,,,,,,,,,,,,,,,", u3584 ,m236,,
121677, u3584 ," <u>He</u> died.,,,,,,,,,,,,,,,,,,,,,,,,,,,,,,,", u3584 ,m236,,
121678, u3584 ," How's it coming on the engines?,,,,,,,,,,,,,,,,,,,,,,,,,,,,,,,", u3581 ,m236,,
121679, u3581 ," Yeah!,,,,,,,,,,,,,,,,,,,,,,,,,,,,,,,", u3584 ,m236,,
121680, u3584 ," Hello, Faust!"",,,,,,,,,,,,,,,,,,,,,,,,,,,,,,,", u3581 ,m236,,
121681, u3581 ," Right.  Talk to you.,,,,,,,,,,,,,,,,,,,,,,,,,,,,,,,", u3584 ,m236,,
121682, u3584 ," Well, get started."",,,,,,,,,,,,,,,,,,,,,,,,,,,,,,,", u3581 ,m236,,
121683, u3581 ," Hard to say.,,,,,,,,,,,,,,,,,,,,,,,,,,,,,,,", u3584 ,m236,,
121684, u3584 ," How long to fix?,,,,,,,,,,,,,,,,,,,,,,,,,,,,,,,", u3584 ,m236,,
121685, u3584 ," Has the hull been breached?,,,,,,,,,,,,,,,,,,,,,,,,,,,,,,,", u3581 ,m236,,
121686, u3581 ," Just a minute, hold it, I'm checking."",,,,,,,,,,,,,,,,,,,,,,,,,,,,,,,", u3582 ,m236,,
121687, u3582 ," Right.,,,,,,,,,,,,,,,,,,,,,,,,,,,,,,,", u3581 ,m236,,
121688, u3581 ," Well, uh... good luck.  I hope you won't need me, but if you do, I'm here."",,,,,,,,,,,,,,,,,,,,,,,,,,,,,,,", u3582 ,m236,,
121689, u3582 ," -- And the cooling unit on the other.,,,,,,,,,,,,,,,,,,,,,,,,,,,,,,,", u3581 ,m236,,
121690, u3581 ," That one section of the ventilator shaft has only two outlets -- you notice?  The food storage room on one end --,,,,,,,,,,,,,,,,,,,,,,,,,,,,,,,", u3581 ,m236,,
121691, u3581 ," The water will still recycle.,,,,,,,,,,,,,,,,,,,,,,,,,,,,,,,", u3582 ,m236,,
121692, u3582 ," And then we run out of food and oxygen.,,,,,,,,,,,,,,,,,,,,,,,,,,,,,,,", u3581 ,m236,,
121693, u3581 ," What was that?  What the Christ was that?,,,,,,,,,,,,,,,,,,,,,,,,,,,,,,,", u3582 ,m236,,
121694, u3582 ," Oh, no.  Oh, no."",,,,,,,,,,,,,,,,,,,,,,,,,,,,,,,", u3581 ,m236,,
121695, u3581 ," Well, we should at least be able to each buy our own planet."",,,,,,,,,,,,,,,,,,,,,,,,,,,,,,,", u3582 ,m236,,
121696, u3582 ," Boy do I feel a lot better.  It's a straight shot back to the Colonies, and then we can start taking bids on the paydirt.  Any bets on the top bid?"",,,,,,,,,,,,,,,,,,,,,,,,,,,,,,,", u3581 ,m236,,
121697, u3581 ," Is it alive?,,,,,,,,,,,,,,,,,,,,,,,,,,,,,,,", u3582 ,m236,,
121698, u3582 ," Oh -- God -- oh --,,,,,,,,,,,,,,,,,,,,,,,,,,,,,,,", u3582 ,m236,,
121699, u3582 ," Don't know -- maybe we'll be real lucky and he just broke his neck.  I knew we shouldn't of come down here.,,,,,,,,,,,,,,,,,,,,,,,,,,,,,,,", u3581 ,m236,,
121700, u3581 ," Hurt!  How?,,,,,,,,,,,,,,,,,,,,,,,,,,,,,,,", u3582 ,m236,,
121701, u3582 ," Don't know -- Broussard got hurt somehow.,,,,,,,,,,,,,,,,,,,,,,,,,,,,,,,", u3581 ,m236,,
121702, u3581 ," What the hell's going on?,,,,,,,,,,,,,,,,,,,,,,,,,,,,,,,", u3585 ,m236,,
121703, u3585 ," And be right back.,,,,,,,,,,,,,,,,,,,,,,,,,,,,,,,", u3581 ,m236,,
121704, u3581 ," Right. ,,,,,,,,,,,,,,,,,,,,,,,,,,,,,,,", u3585 ,m236,,
121705, u3585 ," All right... but do <u>not</u> go below decks.,,,,,,,,,,,,,,,,,,,,,,,,,,,,,,,", u3581 ,m236,,
121706, u3581 ," You just sealed it off; it can't get to that section.,,,,,,,,,,,,,,,,,,,,,,,,,,,,,,,", u3585 ,m236,,
121707, u3585 ," No, I don't want us separated."",,,,,,,,,,,,,,,,,,,,,,,,,,,,,,,", u3581 ,m236,,
121708, u3581 ," There's some more combustible fuel down in the storage lockers next to the lounge.  I'll go get it.,,,,,,,,,,,,,,,,,,,,,,,,,,,,,,,", u3581 ,m236,,
121709, u3581 ," Right.,,,,,,,,,,,,,,,,,,,,,,,,,,,,,,,", u3585 ,m236,,
121710, u3585 ," Meet us on the bridge.  Be careful -- it's <u>huge</u> now.,,,,,,,,,,,,,,,,,,,,,,,,,,,,,,,", u3581 ,m236,,
121711, u3581 ," Hey, are you guys still there? What's going on?"",,,,,,,,,,,,,,,,,,,,,,,,,,,,,,,", u3581 ,m236,,
121712, u3581 ," Poison gas...,,,,,,,,,,,,,,,,,,,,,,,,,,,,,,,", u3585 ,m236,,
121713, u3585 ," So it's trapped in between -- now we have to drive it out.,,,,,,,,,,,,,,,,,,,,,,,,,,,,,,,", u3581 ,m236,,
121714, u3581 ," Well we better do something.,,,,,,,,,,,,,,,,,,,,,,,,,,,,,,,", u3585 ,m236,,
121715, u3585 ," It looks completely different from the first one -- it's more like a worm with legs... and tentacles.,,,,,,,,,,,,,,,,,,,,,,,,,,,,,,,", u3585 ,m236,,
121716, u3585 ," All right -- Roby and Melkonis will go with Faust.  Hunter and I will make up the second team.,,,,,,,,,,,,,,,,,,,,,,,,,,,,,,,", u3581 ,m236,,
121717, u3581 ," It's clear.,,,,,,,,,,,,,,,,,,,,,,,,,,,,,,,", u3585 ,m236,,
121718, u3585 ," I hope not.,,,,,,,,,,,,,,,,,,,,,,,,,,,,,,,", u3581 ,m236,,
121719, u3581 ," Might even incinerate the damn thing.,,,,,,,,,,,,,,,,,,,,,,,,,,,,,,,", u3585 ,m236,,
121720, u3585 ," No, we can't afford to lose that much oxygen.  We're going to have to flush it out."",,,,,,,,,,,,,,,,,,,,,,,,,,,,,,,", u3581 ,m236,,
121721, u3581 ," We could put on our pressure suits and blow all the air out of the ship.  That would kill it.,,,,,,,,,,,,,,,,,,,,,,,,,,,,,,,", u3585 ,m236,,
121722, u3585 ," So does anybody have any suggestions?,,,,,,,,,,,,,,,,,,,,,,,,,,,,,,,", u3581 ,m236,,
121723, u3581 ," I kind of like it.,,,,,,,,,,,,,,,,,,,,,,,,,,,,,,,", u3585 ,m236,,
121724, u3585 ," Oh it's okay.  I've had better cag than this, but I've had worse too, if you know what I mean."",,,,,,,,,,,,,,,,,,,,,,,,,,,,,,,", u3585 ,m236,,
121725, u3585 ," Just hold us together till we're in space, that's all!"",,,,,,,,,,,,,,,,,,,,,,,,,,,,,,,", u3581 ,m236,,
121726, u3581 ," This dust is getting clogged in the intakes again!,,,,,,,,,,,,,,,,,,,,,,,,,,,,,,,", u3581 ,m236,,
121727, u3581 ," The engines are fixed.,,,,,,,,,,,,,,,,,,,,,,,,,,,,,,,", u3585 ,m236,,
121728, u3585 ," What?,,,,,,,,,,,,,,,,,,,,,,,,,,,,,,,", u3581 ,m236,,
121729, u3581 ," Hey, guess what?"",,,,,,,,,,,,,,,,,,,,,,,,,,,,,,,", u3581 ,m236,,
121730, u3581 ," Here, let me try."",,,,,,,,,,,,,,,,,,,,,,,,,,,,,,,", u3585 ,m236,,
121731, u3585 ," It's really on there tight.,,,,,,,,,,,,,,,,,,,,,,,,,,,,,,,", u3581 ,m236,,
121732, u3581 ," Right.,,,,,,,,,,,,,,,,,,,,,,,,,,,,,,,", u3585 ,m236,,
121733, u3585 ," Then why the hell are you sitting around here?,,,,,,,,,,,,,,,,,,,,,,,,,,,,,,,", u3581 ,m236,,
121734, u3581 ," Oh -- I'm not near ready yet.,,,,,,,,,,,,,,,,,,,,,,,,,,,,,,,", u3585 ,m236,,
121735, u3585 ," And when will you be ready to do that?,,,,,,,,,,,,,,,,,,,,,,,,,,,,,,,", u3581 ,m236,,
121736, u3581 ," Well... I'm going to have to blow the engines out...,,,,,,,,,,,,,,,,,,,,,,,,,,,,,,,", u3585 ,m236,,
121737, u3585 ," Jay... how's it coming on the repairs?,,,,,,,,,,,,,,,,,,,,,,,,,,,,,,,", u3585 ,m236,,
121738, u3585 ," Damn it!  How long to fix?,,,,,,,,,,,,,,,,,,,,,,,,,,,,,,,", u3581 ,m236,,
121739, u3581 ," Martin, this is Jay.  The intakes are clogged with dust.  We overheated and burned out a whole cell."",,,,,,,,,,,,,,,,,,,,,,,,,,,,,,,", u3582 ,m236,,
121740, u3582 ," We'd be sitting ducks in the freezers.,,,,,,,,,,,,,,,,,,,,,,,,,,,,,,,", u3583 ,m236,,
121741, u3583 ," We can't go into hypersleep with that thing running around loose.,,,,,,,,,,,,,,,,,,,,,,,,,,,,,,,", u3582 ,m236,,
121742, u3582 ," You can't tell -- that kind of stuff could represent printed circuits...,,,,,,,,,,,,,,,,,,,,,,,,,,,,,,,", u3583 ,m236,,
121743, u3583 ," It's a crude symbolic language -- looks primitive.,,,,,,,,,,,,,,,,,,,,,,,,,,,,,,,", u3583 ,m236,,
121744, u3583 ," Isn't there some way we can get it off him?,,,,,,,,,,,,,,,,,,,,,,,,,,,,,,,", u3582 ,m236,,
121745, u3582 ," It makes me sick to see him like that.,,,,,,,,,,,,,,,,,,,,,,,,,,,,,,,", u3583 ,m236,,
121746, u3583 ," Hell of a defense mechanism.  You don't dare kill it.,,,,,,,,,,,,,,,,,,,,,,,,,,,,,,,", u3582 ,m236,,
121747, u3582 ," But this thing uses it for <u>blood</u>.,,,,,,,,,,,,,,,,,,,,,,,,,,,,,,,", u3583 ,m236,,
121748, u3583 ," I never saw anything like that in my life... except molecular acid.,,,,,,,,,,,,,,,,,,,,,,,,,,,,,,,", u3582 ,m236,,
121749, u3582 ," It's eating a hole in the floor!,,,,,,,,,,,,,,,,,,,,,,,,,,,,,,,", u3583 ,m236,,
121750, u3583 ," God, that smoke's poisonous!"",,,,,,,,,,,,,,,,,,,,,,,,,,,,,,,", u3582 ,m236,,
121751, u3582 ," How about cutting it off?  We can't pull it loose, but we can cut off everything but the bottom layer, where it's stuck to his face."",,,,,,,,,,,,,,,,,,,,,,,,,,,,,,,", u3583 ,m236,,
121752, u3583 ," We don't know what might happen if we tried to kill it.  At least right now it's keeping him alive.,,,,,,,,,,,,,,,,,,,,,,,,,,,,,,,", u3582 ,m236,,
121753, u3582 ," Well, can't we kill it?  I mean, we can't leave the damn thing on him."",,,,,,,,,,,,,,,,,,,,,,,,,,,,,,,", u3583 ,m236,,
121754, u3583 ," We can't expect to understand a life form like this.  We're out of our back yard.  Things are different here.,,,,,,,,,,,,,,,,,,,,,,,,,,,,,,,", u3582 ,m236,,
121755, u3582 ," Yeah, but how?  His nose and mouth are blocked."",,,,,,,,,,,,,,,,,,,,,,,,,,,,,,,", u3583 ,m236,,
121756, u3583 ," Blood's thoroughly oxygenated.,,,,,,,,,,,,,,,,,,,,,,,,,,,,,,,", u3582 ,m236,,
121757, u3582 ," How does he breathe?,,,,,,,,,,,,,,,,,,,,,,,,,,,,,,,", u3583 ,m236,,
121758, u3583 ," <u>He's</u> the only one that knows that.,,,,,,,,,,,,,,,,,,,,,,,,,,,,,,,", u3582 ,m236,,
121759, u3582 ," Where did it come from?,,,,,,,,,,,,,,,,,,,,,,,,,,,,,,,", u3582 ,m236,,
121760, u3582 ," Yeah... well, maybe he should have.  I mean, you brought the goddamn thing in here.  Maybe <u>you</u> deserve to get slapped."",,,,,,,,,,,,,,,,,,,,,,,,,,,,,,,", u3583 ,m236,,
121761, u3583 ," He wouldn't open the lock; he was going to leave us out there.,,,,,,,,,,,,,,,,,,,,,,,,,,,,,,,", u3585 ,m236,,
121762, u3585 ," I can't, the acid will pour out!"",,,,,,,,,,,,,,,,,,,,,,,,,,,,,,,", u3582 ,m236,,
121763, u3582 ," The flamethrower!,,,,,,,,,,,,,,,,,,,,,,,,,,,,,,,", u3585 ,m236,,
121764, u3585 ," Let me go first; you stay behind me.,,,,,,,,,,,,,,,,,,,,,,,,,,,,,,,", u3582 ,m236,,
121765, u3582 ," It must have stopped moving.  I'm not getting anything.,,,,,,,,,,,,,,,,,,,,,,,,,,,,,,,", u3582 ,m236,,
121766, u3582 ," Whoever's doing the herding is gonna have their hands pretty full.  I think somebody should stay by the lifeboat to slam the door on the thing once it's inside, and to serve as... as... "",,,,,,,,,,,,,,,,,,,,,,,,,,,,,,,", u3585 ,m236,,
121767, u3585 ," Well... now we have to herd that thing up here.,,,,,,,,,,,,,,,,,,,,,,,,,,,,,,,", u3582 ,m236,,
121768, u3582 ," What we really need is some red meat in here for bait.,,,,,,,,,,,,,,,,,,,,,,,,,,,,,,,", u3585 ,m236,,
121769, u3585 ," It will be.,,,,,,,,,,,,,,,,,,,,,,,,,,,,,,,", u3585 ,m236,,
121770, u3585 ," No... the risk is too great.  Perhaps after we've destroyed the thing.,,,,,,,,,,,,,,,,,,,,,,,,,,,,,,,", u3582 ,m236,,
121771, u3582 ," Should we go outside and bring him in?,,,,,,,,,,,,,,,,,,,,,,,,,,,,,,,", u3585 ,m236,,
121772, u3585 ," The ship's gravitational attraction must have drawn him back.,,,,,,,,,,,,,,,,,,,,,,,,,,,,,,,", u3585 ,m236,,
121773, u3585 ," Right.  We've got a lot to accomplish.  Let's get moving.,,,,,,,,,,,,,,,,,,,,,,,,,,,,,,,", u3582 ,m236,,
121774, u3582 ," The flamethrower needs more fuel.,,,,,,,,,,,,,,,,,,,,,,,,,,,,,,,", u3585 ,m236,,
121775, u3585 ," You can't say that; I think it's a good plan.,,,,,,,,,,,,,,,,,,,,,,,,,,,,,,,", u3585 ,m236,,
121776, u3585 ," We can load the lifeboat up with explosives and trigger them remotely, once the lifeboat is in space."",,,,,,,,,,,,,,,,,,,,,,,,,,,,,,,", u3582 ,m236,,
121777, u3582 ," Good!  That's good!,,,,,,,,,,,,,,,,,,,,,,,,,,,,,,,", u3585 ,m236,,
121778, u3585 ," If we could just get the <u>creature</u> into the lifeboat, we could launch it into space and blow it up."",,,,,,,,,,,,,,,,,,,,,,,,,,,,,,,", u3585 ,m236,,
121779, u3585 ," It's time for drastic remedies.,,,,,,,,,,,,,,,,,,,,,,,,,,,,,,,", u3582 ,m236,,
121780, u3582 ," <u>How</u>?,,,,,,,,,,,,,,,,,,,,,,,,,,,,,,,", u3585 ,m236,,
121781, u3585 ," I don't buy that.  There's still time to destroy it and get ourselves in the freezers.,,,,,,,,,,,,,,,,,,,,,,,,,,,,,,,", u3582 ,m236,,
121782, u3582 ," Oh no!  We can't fight this thing! There's only six hours of air left -- we're dead men!,,,,,,,,,,,,,,,,,,,,,,,,,,,,,,,", u3585 ,m236,,
121783, u3585 ," Does anybody know what happened?,,,,,,,,,,,,,,,,,,,,,,,,,,,,,,,", u3582 ,m236,,
121784, u3582 ," Oh my God.,,,,,,,,,,,,,,,,,,,,,,,,,,,,,,,", u3585 ,m236,,
121785, u3585 ," We've got six hours left.,,,,,,,,,,,,,,,,,,,,,,,,,,,,,,,", u3582 ,m236,,
121786, u3582 ," Thing is, I'm about out of fuel."",,,,,,,,,,,,,,,,,,,,,,,,,,,,,,,", u3585 ,m236,,
121787, u3585 ," That's right -- we can't kill it on the ship, but we can at least keep it at bay -- and maybe drive it into the air lock."",,,,,,,,,,,,,,,,,,,,,,,,,,,,,,,", u3582 ,m236,,
121788, u3582 ," Listen, it sure didn't like this flamethrower."",,,,,,,,,,,,,,,,,,,,,,,,,,,,,,,", u3582 ,m236,,
121789, u3582 ," At least it can't get up here now.,,,,,,,,,,,,,,,,,,,,,,,,,,,,,,,", u3585 ,m236,,
121790, u3585 ," We'd better seal off the lower maintenance level; at least trap it there. ,,,,,,,,,,,,,,,,,,,,,,,,,,,,,,,", u3585 ,m236,,
121791, u3585 ," Got a better idea?,,,,,,,,,,,,,,,,,,,,,,,,,,,,,,,", u3582 ,m236,,
121792, u3582 ," Sounds like a rough one.,,,,,,,,,,,,,,,,,,,,,,,,,,,,,,,", u3585 ,m236,,
121793, u3585 ," While the rest of us wait down in the cooling unit with the net.,,,,,,,,,,,,,,,,,,,,,,,,,,,,,,,", u3585 ,m236,,
121794, u3585 ," The only other thing I can think of is for somebody to crawl in there and flush it out.,,,,,,,,,,,,,,,,,,,,,,,,,,,,,,,", u3582 ,m236,,
121795, u3582 ," We can't pump poison gas down into the cooling unit!  It'll flood the whole ship!,,,,,,,,,,,,,,,,,,,,,,,,,,,,,,,", u3585 ,m236,,
121796, u3585 ," Don't be an idiot.,,,,,,,,,,,,,,,,,,,,,,,,,,,,,,,", u3582 ,m236,,
121797, u3582 ," Maybe we don't have to.  It's trapped in there.  We could just leave it in there all the way back to Irth.,,,,,,,,,,,,,,,,,,,,,,,,,,,,,,,", u3585 ,m236,,
121798, u3585 ," How do we locate the creature?,,,,,,,,,,,,,,,,,,,,,,,,,,,,,,,", u3582 ,m236,,
121799, u3582 ," Don't worry, it won't damage it, it'll just give it a little incentive."",,,,,,,,,,,,,,,,,,,,,,,,,,,,,,,", u3585 ,m236,,
121800, u3585 ," Good.  Get on it.  But first, I'm issuing a standing order: from this moment forth, every one of us will wear protective garments, including helmets.  Let's get down to the locker and change."",,,,,,,,,,,,,,,,,,,,,,,,,,,,,,,", u3582 ,m236,,
121801, u3582 ," I think I could cobble something together.  A long metal rod with a battery in it.  Give it a hell of a shock.,,,,,,,,,,,,,,,,,,,,,,,,,,,,,,,", u3585 ,m236,,
121802, u3585 ," Good.,,,,,,,,,,,,,,,,,,,,,,,,,,,,,,,", u3582 ,m236,,
121803, u3582 ," The machine will bring his temperature down.  His vital functions are strong.,,,,,,,,,,,,,,,,,,,,,,,,,,,,,,,", u3585 ,m236,,
121804, u3585 ," Can you do anything for him?,,,,,,,,,,,,,,,,,,,,,,,,,,,,,,,", u3582 ,m236,,
121805, u3582 ," Yes.,,,,,,,,,,,,,,,,,,,,,,,,,,,,,,,", u3585 ,m236,,
121806, u3585 ," Still unconscious?,,,,,,,,,,,,,,,,,,,,,,,,,,,,,,,", u3582 ,m236,,
121807, u3582 ," He's running a fever.,,,,,,,,,,,,,,,,,,,,,,,,,,,,,,,", u3585 ,m236,,
121808, u3585 ," How's Broussard?,,,,,,,,,,,,,,,,,,,,,,,,,,,,,,,", u3582 ,m236,,
121809, u3582 ," Yes?,,,,,,,,,,,,,,,,,,,,,,,,,,,,,,,", u3585 ,m236,,
121810, u3585 ," Maybe we can catch it.,,,,,,,,,,,,,,,,,,,,,,,,,,,,,,,", u3582 ,m236,,
121811, u3582 ," Well, what the hell good can we do in here?  We can't grab it -- it might jump on us --"",,,,,,,,,,,,,,,,,,,,,,,,,,,,,,,", u3585 ,m236,,
121812, u3585 ," No, don't open the door.  We don't want it escaping."",,,,,,,,,,,,,,,,,,,,,,,,,,,,,,,", u3585 ,m236,,
121813, u3585 ," The door was closed.  It must still be in here.,,,,,,,,,,,,,,,,,,,,,,,,,,,,,,,", u3582 ,m236,,
121814, u3582 ," Now we're in for it.,,,,,,,,,,,,,,,,,,,,,,,,,,,,,,,", u3585 ,m236,,
121815, u3585 ," Maybe it wasn't always dead.,,,,,,,,,,,,,,,,,,,,,,,,,,,,,,,", u3582 ,m236,,
121816, u3582 ," How could anything be indigenous to this asteroid?  It's dead.,,,,,,,,,,,,,,,,,,,,,,,,,,,,,,,", u3585 ,m236,,
121817, u3585 ," Well, those things out there aren't the same, you know -- the spaceship and the pyramid.  They're from different cultures and different races.  That ship just landed here -- crashed like we did.  The pyramid and the thing from it are indigenous."",,,,,,,,,,,,,,,,,,,,,,,,,,,,,,,", u3582 ,m236,,
121818, u3582 ," What do you mean?,,,,,,,,,,,,,,,,,,,,,,,,,,,,,,,", u3585 ,m236,,
121819, u3585 ," You know, it's fantastic -- the human race has gone this long without ever encountering another advanced life form, and now we run into a veritable zoo."",,,,,,,,,,,,,,,,,,,,,,,,,,,,,,,", u3582 ,m236,,
121820, u3582 ," I'll come with you.,,,,,,,,,,,,,,,,,,,,,,,,,,,,,,,", u3585 ,m236,,
121821, u3585 ," I'll do it.  The rest of you continue.,,,,,,,,,,,,,,,,,,,,,,,,,,,,,,,", u3582 ,m236,,
121822, u3582 ," Careful, don't get under it!"",,,,,,,,,,,,,,,,,,,,,,,,,,,,,,,", u3585 ,m236,,
121823, u3585 ," There.  Should be coming through about there.,,,,,,,,,,,,,,,,,,,,,,,,,,,,,,,", u3585 ,m236,,
121824, u3585 ," Ask him.,,,,,,,,,,,,,,,,,,,,,,,,,,,,,,,", u3582 ,m236,,
121825, u3582 ," Hey now, what is this?"",,,,,,,,,,,,,,,,,,,,,,,,,,,,,,,", u3585 ,m236,,
121826, u3585 ," It wouldn't come.,,,,,,,,,,,,,,,,,,,,,,,,,,,,,,,", u3582 ,m236,,
121827, u3582 ," That thing, God almighty, didn't you try to get it off him?"",,,,,,,,,,,,,,,,,,,,,,,,,,,,,,,", u3585 ,m236,,
121828, u3585 ," Well, how does it feel to be rich men?"",,,,,,,,,,,,,,,,,,,,,,,,,,,,,,,", u3582 ,m236,,
121829, u3582 ," Boy, that's terrific."",,,,,,,,,,,,,,,,,,,,,,,,,,,,,,,", u3585 ,m236,,
121830, u3585 ," It's over, Hunter."",,,,,,,,,,,,,,,,,,,,,,,,,,,,,,,", u3584 ,m236,,
121831, u3584 ," Thanks for the thought. ,,,,,,,,,,,,,,,,,,,,,,,,,,,,,,,", u3582 ,m236,,
121832, u3582 ," If you press the button right now, it will blow the whole nose of the ship off."",,,,,,,,,,,,,,,,,,,,,,,,,,,,,,,", u3584 ,m236,,
121833, u3584 ," Is it armed?,,,,,,,,,,,,,,,,,,,,,,,,,,,,,,,", u3582 ,m236,,
121834, u3582 ," Just keep your finger off the button till she's way away from the ship, that's all."",,,,,,,,,,,,,,,,,,,,,,,,,,,,,,,", u3582 ,m236,,
121835, u3582 ," Hey look, somebody has to have his hands free to lock the creature in the lifeboat!"",,,,,,,,,,,,,,,,,,,,,,,,,,,,,,,", u3584 ,m236,,
121836, u3584 ," Isn't """"bait"""" the word you used?"",,,,,,,,,,,,,,,,,,,,,,,,,,,,,,,", u3584 ,m236,,
121837, u3584 ," I should hope so!  And we'd better make sure it's pretty far from the ship when we blow it.,,,,,,,,,,,,,,,,,,,,,,,,,,,,,,,", u3582 ,m236,,
121838, u3582 ," This should do it.,,,,,,,,,,,,,,,,,,,,,,,,,,,,,,,", u3584 ,m236,,
121839, u3584 ," It's not going to work.,,,,,,,,,,,,,,,,,,,,,,,,,,,,,,,", u3582 ,m236,,
121840, u3582 ," We can use the flamethrower.,,,,,,,,,,,,,,,,,,,,,,,,,,,,,,,", u3584 ,m236,,
121841, u3584 ," I think it's going to be almost impossible to drive it up into the lifeboat.,,,,,,,,,,,,,,,,,,,,,,,,,,,,,,,", u3584 ,m236,,
121842, u3584 ," Our lives are more important. Anyway, we can take a small amount of the most valuable stuff with us on the lifeboat."",,,,,,,,,,,,,,,,,,,,,,,,,,,,,,,", u3582 ,m236,,
121843, u3582 ," What about all the minerals and elements in the cargo hold?  That's the only reason we came out here. We'd have to abandon them all.  We'd be broke.,,,,,,,,,,,,,,,,,,,,,,,,,,,,,,,", u3584 ,m236,,
121844, u3584 ," And the creature with it.  We can make it back to Irth in the lifeboat.,,,,,,,,,,,,,,,,,,,,,,,,,,,,,,,", u3582 ,m236,,
121845, u3582 ," Blow the ship up?,,,,,,,,,,,,,,,,,,,,,,,,,,,,,,,", u3584 ,m236,,
121846, u3584 ," I've got an idea, but you're not going to like it."",,,,,,,,,,,,,,,,,,,,,,,,,,,,,,,", u3582 ,m236,,
121847, u3582 ," We can't kill it on board.  It's huge now and must have tremendous amounts of that acid in its body.,,,,,,,,,,,,,,,,,,,,,,,,,,,,,,,", u3584 ,m236,,
121848, u3584 ," You will notice, though, that there are no more phases.  Only four forms are shown.  After that the pattern repeats."",,,,,,,,,,,,,,,,,,,,,,,,,,,,,,,", u3582 ,m236,,
121849, u3582 ," ... And Broussard got caught in their reproductive cycle.,,,,,,,,,,,,,,,,,,,,,,,,,,,,,,,", u3584 ,m236,,
121850, u3584 ," And right next to it, that oval design with the markings -- it's a dead ringer for the spore casings."",,,,,,,,,,,,,,,,,,,,,,,,,,,,,,,", u3582 ,m236,,
121851, u3582 ," Well... I suppose that star-shaped thing could be the parasite that got on Broussard.  Is that what you mean?,,,,,,,,,,,,,,,,,,,,,,,,,,,,,,,", u3584 ,m236,,
121852, u3584 ," In symbolic form... very stylized... but if you stare at it, you can see some of the different creatures we've been dealing with."",,,,,,,,,,,,,,,,,,,,,,,,,,,,,,,", u3582 ,m236,,
121853, u3582 ," Recognizable!  In that?,,,,,,,,,,,,,,,,,,,,,,,,,,,,,,,", u3582 ,m236,,
121854, u3582 ," We sure need this flamethrower.,,,,,,,,,,,,,,,,,,,,,,,,,,,,,,,", u3584 ,m236,,
121855, u3584 ," Don't count on it.,,,,,,,,,,,,,,,,,,,,,,,,,,,,,,,", u3584 ,m236,,
121856, u3584 ," It was horrible -- horrible.  Like a chicken.,,,,,,,,,,,,,,,,,,,,,,,,,,,,,,,", u3582 ,m236,,
121857, u3582 ," You mean his body was still kicking when it ran off with him?,,,,,,,,,,,,,,,,,,,,,,,,,,,,,,,", u3582 ,m236,,
121858, u3582 ," Listen, hadn't somebody better check on Broussard?"",,,,,,,,,,,,,,,,,,,,,,,,,,,,,,,", u3584 ,m236,,
121859, u3584 ," What common objects?,,,,,,,,,,,,,,,,,,,,,,,,,,,,,,,", u3584 ,m236,,
121860, u3584 ," The same thing must've happened to the creatures on the other ship... except they took one of those jars on board, and opened it there."",,,,,,,,,,,,,,,,,,,,,,,,,,,,,,,", u3582 ,m236,,
121861, u3582 ," That must have been when he got it.,,,,,,,,,,,,,,,,,,,,,,,,,,,,,,,", u3584 ,m236,,
121862, u3584 ," Hey!  what about the film?,,,,,,,,,,,,,,,,,,,,,,,,,,,,,,,", u3582 ,m236,,
121863, u3582 ," This is horrible.,,,,,,,,,,,,,,,,,,,,,,,,,,,,,,,", u3584 ,m236,,
121864, u3584 ," I think it's fizzled out.,,,,,,,,,,,,,,,,,,,,,,,,,,,,,,,", u3582 ,m236,,
121865, u3582 ," What's happening up here?,,,,,,,,,,,,,,,,,,,,,,,,,,,,,,,", u3582 ,m236,,
121866, u3582 ," It doesn't make any sense.  It paralyzes him... puts him into a coma... then keeps him alive.,,,,,,,,,,,,,,,,,,,,,,,,,,,,,,,", u3584 ,m236,,
121867, u3584 ," I think that's how it's getting oxygen to him.,,,,,,,,,,,,,,,,,,,,,,,,,,,,,,,", u3582 ,m236,,
121868, u3582 ," Oh... God...,,,,,,,,,,,,,,,,,,,,,,,,,,,,,,,", u3584 ,m236,,
121869, u3584 ," It's some kind of organ -- it's inserted some kind of tube or something down his throat.,,,,,,,,,,,,,,,,,,,,,,,,,,,,,,,", u3582 ,m236,,
121870, u3582 ," What is it -- I can't tell anything --,,,,,,,,,,,,,,,,,,,,,,,,,,,,,,,", u3584 ,m236,,
121871, u3584 ," Look at that.,,,,,,,,,,,,,,,,,,,,,,,,,,,,,,,", u3584 ,m236,,
121872, u3584 ," I guess I had it coming.  Let's call it settled.,,,,,,,,,,,,,,,,,,,,,,,,,,,,,,,", u3582 ,m236,,
121873, u3582 ," I keep my mouth pretty much shut, but I don't like hitting."",,,,,,,,,,,,,,,,,,,,,,,,,,,,,,,", u3582 ,m236,,
121874, u3582 ," Jay, this is Cleave!  Meet me at the main air lock!"",,,,,,,,,,,,,,,,,,,,,,,,,,,,,,,", u3584 ,m236,,
121875, u3584 ," Oh no.,,,,,,,,,,,,,,,,,,,,,,,,,,,,,,,", u3582 ,m236,,
121876, u3582 ," Three blips!  They're coming this way!,,,,,,,,,,,,,,,,,,,,,,,,,,,,,,,", u3584 ,m236,,
121877, u3584 ," How many?,,,,,,,,,,,,,,,,,,,,,,,,,,,,,,,", u3582 ,m236,,
121878, u3582 ," I've got 'em!  They're back on my screens!,,,,,,,,,,,,,,,,,,,,,,,,,,,,,,,", u3584 ,m236,,
121879, u3584 ," Just can that crap!  I'm in command here till Chaz returns!  And nobody's leaving this ship!,,,,,,,,,,,,,,,,,,,,,,,,,,,,,,,", u3582 ,m236,,
121880, u3582 ," Why, you chickenshit bastard --"",,,,,,,,,,,,,,,,,,,,,,,,,,,,,,,", u3584 ,m236,,
121881, u3584 ," We can't spare the personnel.  We've got minimum takeoff capability right now.  That's why Chaz left us on board.,,,,,,,,,,,,,,,,,,,,,,,,,,,,,,,", u3582 ,m236,,
121882, u3582 ," But they don't know about the translation!  They could be in danger right now.,,,,,,,,,,,,,,,,,,,,,,,,,,,,,,,", u3584 ,m236,,
121883, u3584 ," We're not going anywhere.,,,,,,,,,,,,,,,,,,,,,,,,,,,,,,,", u3582 ,m236,,
121884, u3582 ," What do you mean, no?"",,,,,,,,,,,,,,,,,,,,,,,,,,,,,,,", u3584 ,m236,,
121885, u3584 ," No.,,,,,,,,,,,,,,,,,,,,,,,,,,,,,,,", u3582 ,m236,,
121886, u3582 ," I'm getting nowhere.  The whole area around the pyramid is dead to transmission.  I think we should go after them.,,,,,,,,,,,,,,,,,,,,,,,,,,,,,,,", u3584 ,m236,,
121887, u3584 ," The computer just translated the goddamn message.  It's not an S.O.S. It was a warning.,,,,,,,,,,,,,,,,,,,,,,,,,,,,,,,", u3582 ,m236,,
121888, u3582 ," What?  What was that?,,,,,,,,,,,,,,,,,,,,,,,,,,,,,,,", u3582 ,m236,,
121889, u3582 ," I'm trying.,,,,,,,,,,,,,,,,,,,,,,,,,,,,,,,", u3584 ,m236,,
121890, u3584 ," Can you get them back?,,,,,,,,,,,,,,,,,,,,,,,,,,,,,,,", u3582 ,m236,,
121891, u3582 ," I've completely lost their signal.,,,,,,,,,,,,,,,,,,,,,,,,,,,,,,,", u3584 ,m236,,
121892, u3584 ," Now what's wrong?,,,,,,,,,,,,,,,,,,,,,,,,,,,,,,,", u3585 ,m236,,
121893, u3585 ," And you and I will bag it, and then we'll take it to the ventral air lock, got it?"",,,,,,,,,,,,,,,,,,,,,,,,,,,,,,,", u3583 ,m236,,
121894, u3583 ," Okay.,,,,,,,,,,,,,,,,,,,,,,,,,,,,,,,", u3585 ,m236,,
121895, u3585 ," All right, then -- when it gets to the other side of the door, you sing out, then drop the door.  Okay?"",,,,,,,,,,,,,,,,,,,,,,,,,,,,,,,", u3583 ,m236,,
121896, u3583 ," They're getting pretty close now.,,,,,,,,,,,,,,,,,,,,,,,,,,,,,,,", u3585 ,m236,,
121897, u3585 ," Let's get moving with this net.,,,,,,,,,,,,,,,,,,,,,,,,,,,,,,,", u3583 ,m236,,
121898, u3583 ," They're on the next level up.,,,,,,,,,,,,,,,,,,,,,,,,,,,,,,,", u3585 ,m236,,
121899, u3585 ," Are they close?,,,,,,,,,,,,,,,,,,,,,,,,,,,,,,,", u3583 ,m236,,
121900, u3583 ," I've got Hunter... and something else as well, in front of him."",,,,,,,,,,,,,,,,,,,,,,,,,,,,,,,", u3585 ,m236,,
121901, u3585 ," Come on -- let's go above and see how they're coming with the gear.,,,,,,,,,,,,,,,,,,,,,,,,,,,,,,,", u3583 ,m236,,
121902, u3583 ," We're the new pioneers, Chaz.  We even have our own special diseases."",,,,,,,,,,,,,,,,,,,,,,,,,,,,,,,", u3585 ,m236,,
121903, u3585 ," I can see you're putting your spare time to good use.  Let me tell you something: you keep staring at hyperspace for long enough, they'll be peeling you off a wall.  I've seen it happen."",,,,,,,,,,,,,,,,,,,,,,,,,,,,,,,", u3583 ,m236,,
121904, u3583 ," Time and space have no meaning out here.  We're living in Einsteinian equation.,,,,,,,,,,,,,,,,,,,,,,,,,,,,,,,", u3585 ,m236,,
121905, u3585 ," We came out there, we'll go back.  A long time by the clock, but a short time to us."",,,,,,,,,,,,,,,,,,,,,,,,,,,,,,,", u3583 ,m236,,
121906, u3583 ," We can't even radio for help; the carrier wave wouldn't reach its destination till long after we'd died and turned to dust.  We are utterly, absolutely alone.  Can anybody really visualize such a scale of distances?  Halfway across Creation..."",,,,,,,,,,,,,,,,,,,,,,,,,,,,,,,", u3585 ,m236,,
121907, u3585 ," That's the one about the albatross, right?"",,,,,,,,,,,,,,,,,,,,,,,,,,,,,,,", u3583 ,m236,,
121908, u3583 ," I was thinking of a line from an old poem: """"Water, water everywhere, but not a drop to drink.""""  All that space out there, and we're trapped in this ship."",,,,,,,,,,,,,,,,,,,,,,,,,,,,,,,", u3585 ,m236,,
121909, u3585 ," I thought I'd find you here.,,,,,,,,,,,,,,,,,,,,,,,,,,,,,,,", u3585 ,m236,,
121910, u3585 ," We'll have to trap it somehow.  If we had a really strong piece of net, we could bag it."",,,,,,,,,,,,,,,,,,,,,,,,,,,,,,,", u3583 ,m236,,
121911, u3583 ," And what do we do when we find it?,,,,,,,,,,,,,,,,,,,,,,,,,,,,,,,", u3585 ,m236,,
121912, u3585 ," Room by room, corridor by corridor."",,,,,,,,,,,,,,,,,,,,,,,,,,,,,,,", u3583 ,m236,,
121913, u3583 ," How?,,,,,,,,,,,,,,,,,,,,,,,,,,,,,,,", u3585 ,m236,,
121914, u3585 ," We've got about a week left, right?"",,,,,,,,,,,,,,,,,,,,,,,,,,,,,,,", u3583 ,m236,,
121915, u3583 ," Well, I kind of hate to point it out, but all our supplies are based on us spending a strictly limited amount of time out of suspended animation... and as you know, we used up most of that time in harvesting."",,,,,,,,,,,,,,,,,,,,,,,,,,,,,,,", u3585 ,m236,,
121916, u3585 ," We'll have to catch it and eject it from the ship.,,,,,,,,,,,,,,,,,,,,,,,,,,,,,,,", u3583 ,m236,,
121917, u3583 ," Maybe we could write it together.,,,,,,,,,,,,,,,,,,,,,,,,,,,,,,,", u3585 ,m236,,
121918, u3585 ," The commander normally has first publication rights.,,,,,,,,,,,,,,,,,,,,,,,,,,,,,,,", u3583 ,m236,,
121919, u3583 ," I'm going to write a book about this expedition.  I'm going to call it """"The Snark Log."""""",,,,,,,,,,,,,,,,,,,,,,,,,,,,,,,", u3583 ,m236,,
121920, u3583 ," We're going into the freezers now.,,,,,,,,,,,,,,,,,,,,,,,,,,,,,,,", u3585 ,m236,,
121921, u3585 ," We're going home.  We're in hyperspace.,,,,,,,,,,,,,,,,,,,,,,,,,,,,,,,", u3583 ,m236,,
121922, u3583 ," They're from a dead civilization; they're spores from a tomb.  God knows how long they've been here.,,,,,,,,,,,,,,,,,,,,,,,,,,,,,,,", u3585 ,m236,,
121923, u3585 ," Too primitive.  It's a pre- technological construction.  That slab was engineered by an Iron-Age culture at best.,,,,,,,,,,,,,,,,,,,,,,,,,,,,,,,", u3583 ,m236,,
121924, u3583 ," Primitive pictorial languages are based on common objects in the environment, and this can be used as a starting point for translation..."",,,,,,,,,,,,,,,,,,,,,,,,,,,,,,,", u3585 ,m236,,
121925, u3585 ," That sounds a little fanciful...,,,,,,,,,,,,,,,,,,,,,,,,,,,,,,,", u3585 ,m236,,
121926, u3585 ," It appears to have healed itself.,,,,,,,,,,,,,,,,,,,,,,,,,,,,,,,", u3583 ,m236,,
121927, u3583 ," Is it still dripping?,,,,,,,,,,,,,,,,,,,,,,,,,,,,,,,", u3585 ,m236,,
121928, u3585 ," No, thank God... just missed him."",,,,,,,,,,,,,,,,,,,,,,,,,,,,,,,", u3583 ,m236,,
121929, u3583 ," Reminded me of when I was a kid and the roof leaked -- everybody running for the pots and pans.,,,,,,,,,,,,,,,,,,,,,,,,,,,,,,,", u3585 ,m236,,
121930, u3585 ," We're just plain lucky.  That could have gone right through the hull -- taken <u>weeks</u> to patch it.,,,,,,,,,,,,,,,,,,,,,,,,,,,,,,,", u3583 ,m236,,
121931, u3583 ," Yes, thank heaven."",,,,,,,,,,,,,,,,,,,,,,,,,,,,,,,", u3585 ,m236,,
121932, u3585 ," It's stopped?,,,,,,,,,,,,,,,,,,,,,,,,,,,,,,,", u3585 ,m236,,
121933, u3585 ," Let's let the machine work on him.,,,,,,,,,,,,,,,,,,,,,,,,,,,,,,,", u3583 ,m236,,
121934, u3583 ," It's not coming off -- not without his whole face coming off too.,,,,,,,,,,,,,,,,,,,,,,,,,,,,,,,", u3585 ,m236,,
121935, u3585 ," How the hell should I know?  Come on, give me a hand, let's get him out of there!"",,,,,,,,,,,,,,,,,,,,,,,,,,,,,,,", u3583 ,m236,,
121936, u3583 ," What is it?,,,,,,,,,,,,,,,,,,,,,,,,,,,,,,,", u3585 ,m236,,
121937, u3585 ," It won't come -- it's stuck.,,,,,,,,,,,,,,,,,,,,,,,,,,,,,,,", u3585 ,m236,,
121938, u3585 ," Help me -- I'm going to try to get it off.,,,,,,,,,,,,,,,,,,,,,,,,,,,,,,,", u3583 ,m236,,
121939, u3583 ," Oh God, oh God no."",,,,,,,,,,,,,,,,,,,,,,,,,,,,,,,", u3585 ,m236,,
121940, u3585 ," <u>Don't touch him, watch it</u>!"",,,,,,,,,,,,,,,,,,,,,,,,,,,,,,,", u3583 ,m236,,
121941, u3583 ," <u>What is it</u>?,,,,,,,,,,,,,,,,,,,,,,,,,,,,,,,", u3583 ,m236,,
121942, u3583 ," Can you see anything?,,,,,,,,,,,,,,,,,,,,,,,,,,,,,,,", u3585 ,m236,,
121943, u3585 ," No, it's coming."",,,,,,,,,,,,,,,,,,,,,,,,,,,,,,,", u3583 ,m236,,
121944, u3583 ," Is it still coming up, or is it hooked on something?"",,,,,,,,,,,,,,,,,,,,,,,,,,,,,,,", u3585 ,m236,,
121945, u3585 ," There, it caught!"",,,,,,,,,,,,,,,,,,,,,,,,,,,,,,,", u3583 ,m236,,
121946, u3583 ," Maybe we should just wait a few more minutes.,,,,,,,,,,,,,,,,,,,,,,,,,,,,,,,", u3585 ,m236,,
121947, u3585 ," But what can we do?  He's out of radio contact.,,,,,,,,,,,,,,,,,,,,,,,,,,,,,,,", u3583 ,m236,,
121948, u3583 ," It'll yank him right off his feet if he's not expecting it.  The line could get tangled in something.,,,,,,,,,,,,,,,,,,,,,,,,,,,,,,,", u3585 ,m236,,
121949, u3585 ," Here's his line.  We can haul him out of there if we have to.,,,,,,,,,,,,,,,,,,,,,,,,,,,,,,,", u3583 ,m236,,
121950, u3583 ," Sun will be down in a minute.,,,,,,,,,,,,,,,,,,,,,,,,,,,,,,,", u3585 ,m236,,
121951, u3585 ," If we don't hear from him soon, I think we better go in after him."",,,,,,,,,,,,,,,,,,,,,,,,,,,,,,,", u3583 ,m236,,
121952, u3583 ," I couldn't make it out -- too much interference.,,,,,,,,,,,,,,,,,,,,,,,,,,,,,,,", u3585 ,m236,,
121953, u3585 ," What'd he say?,,,,,,,,,,,,,,,,,,,,,,,,,,,,,,,", u3585 ,m236,,
121954, u3585 ," Can't tell -- these weather conditions could erode anything, fast."",,,,,,,,,,,,,,,,,,,,,,,,,,,,,,,", u3583 ,m236,,
121955, u3583 ," This looks ancient.,,,,,,,,,,,,,,,,,,,,,,,,,,,,,,,", u3583 ,m236,,
121956, u3583 ," That creature sure must have considered it important... using his last strength to draw it...,,,,,,,,,,,,,,,,,,,,,,,,,,,,,,,", u3585 ,m236,,
121957, u3585 ," Doesn't seem much doubt about it, does there?"",,,,,,,,,,,,,,,,,,,,,,,,,,,,,,,", u3585 ,m236,,
121958, u3585 ," Who knows?,,,,,,,,,,,,,,,,,,,,,,,,,,,,,,,", u3583 ,m236,,
121959, u3583 ," Air lock?,,,,,,,,,,,,,,,,,,,,,,,,,,,,,,,", u3583 ,m236,,
121960, u3583 ," We should be almost on top of it.  I just can't quite...,,,,,,,,,,,,,,,,,,,,,,,,,,,,,,,", u3585 ,m236,,
121961, u3585 ," How far?,,,,,,,,,,,,,,,,,,,,,,,,,,,,,,,", u3583 ,m236,,
121962, u3583 ," It's close, real close."",,,,,,,,,,,,,,,,,,,,,,,,,,,,,,,", u3583 ,m236,,
121963, u3583 ," My signal's fading.,,,,,,,,,,,,,,,,,,,,,,,,,,,,,,,", u3585 ,m236,,
121964, u3585 ," What's wrong?,,,,,,,,,,,,,,,,,,,,,,,,,,,,,,,", u3585 ,m236,,
121965, u3585 ," You lead.,,,,,,,,,,,,,,,,,,,,,,,,,,,,,,,", u3583 ,m236,,
121966, u3583 ," That way.,,,,,,,,,,,,,,,,,,,,,,,,,,,,,,,", u3585 ,m236,,
121967, u3585 ," All right.  Now just remember: keep away from those weapons unless I say otherwise.  Martin, do you read me?"",,,,,,,,,,,,,,,,,,,,,,,,,,,,,,,", u3583 ,m236,,
121968, u3583 ," Receiving.,,,,,,,,,,,,,,,,,,,,,,,,,,,,,,,", u3583 ,m236,,
121969, u3583 ," Sorry.  Nothing but that same damn transmission, every 32 seconds.  I've tried every frequency on the spectrum."",,,,,,,,,,,,,,,,,,,,,,,,,,,,,,,", u3585 ,m236,,
121970, u3585 ," Just settle down.  Sandy, you get any response yet?"",,,,,,,,,,,,,,,,,,,,,,,,,,,,,,,", u3583 ,m236,,
121971, u3583 ," Well... this rock rotates every two hours.  The sun should be coming up in about 20 minutes.,,,,,,,,,,,,,,,,,,,,,,,,,,,,,,,", u3585 ,m236,,
121972, u3585 ," Well, we can't go anywhere in this darkness.  How long till dawn?"",,,,,,,,,,,,,,,,,,,,,,,,,,,,,,,", u3585 ,m236,,
121973, u3585 ," Dell -- show me that on a screen.,,,,,,,,,,,,,,,,,,,,,,,,,,,,,,,", u3583 ,m236,,
121974, u3583 ," I've got it.  It's coming from ascension 6 minutes 32 seconds, declination -39 degrees 2 seconds."",,,,,,,,,,,,,,,,,,,,,,,,,,,,,,,", u3585 ,m236,,
121975, u3585 ," Computer, what's the frequency of the transmission?"",,,,,,,,,,,,,,,,,,,,,,,,,,,,,,,", u3583 ,m236,,
121976, u3583 ," What's the frequency?,,,,,,,,,,,,,,,,,,,,,,,,,,,,,,,", u3585 ,m236,,
121977, u3585 ," Sandy, can you home in on that beam?"",,,,,,,,,,,,,,,,,,,,,,,,,,,,,,,", u3583 ,m236,,
121978, u3583 ," First contact...,,,,,,,,,,,,,,,,,,,,,,,,,,,,,,,", u3583 ,m236,,
121979, u3583 ," Feast your eyes.,,,,,,,,,,,,,,,,,,,,,,,,,,,,,,,", u3585 ,m236,,
121980, u3585 ," Sandy, you want to give us some vision?"",,,,,,,,,,,,,,,,,,,,,,,,,,,,,,,", u3584 ,m236,,
121981, u3584 ," Tastes like something you'd feed a chicken to make it lay more eggs.,,,,,,,,,,,,,,,,,,,,,,,,,,,,,,,", u3583 ,m236,,
121982, u3583 ," What's the matter, you don't like this stuff?"",,,,,,,,,,,,,,,,,,,,,,,,,,,,,,,", u3584 ,m236,,
121983, u3584 ," First thing I'm going to do when we get back is eat some biological food.,,,,,,,,,,,,,,,,,,,,,,,,,,,,,,,", u3584 ,m236,,
121984, u3584 ," Couldn't the pyramid have been built here by space travellers?,,,,,,,,,,,,,,,,,,,,,,,,,,,,,,,", u3583 ,m236,,
121985, u3583 ," No.  It's just too small to support fauna as big as the parasites.  If there were a native ecology, it would have to be microscopic."",,,,,,,,,,,,,,,,,,,,,,,,,,,,,,,", u3583 ,m236,,
121986, u3583 ," They never made it off the planet. The parasites won.,,,,,,,,,,,,,,,,,,,,,,,,,,,,,,,", u3584 ,m236,,
121987, u3584 ," Yeah?,,,,,,,,,,,,,,,,,,,,,,,,,,,,,,,", u3583 ,m236,,
121988, u3583 ," We do know that.,,,,,,,,,,,,,,,,,,,,,,,,,,,,,,,", u3584 ,m236,,
121989, u3584 ," About four hours.,,,,,,,,,,,,,,,,,,,,,,,,,,,,,,,", u3583 ,m236,,
121990, u3583 ," These day and night cycles are totally disorienting.  I feel like we've been here for days, but it's only been how long?"",,,,,,,,,,,,,,,,,,,,,,,,,,,,,,,", u3583 ,m236,,
121991, u3583 ," Could be some kind of venom, or poison..."",,,,,,,,,,,,,,,,,,,,,,,,,,,,,,,", u3584 ,m236,,
121992, u3584 ," That tube must be depositing it in him.,,,,,,,,,,,,,,,,,,,,,,,,,,,,,,,", u3583 ,m236,,
121993, u3583 ," It appears to be a heavy fluid of some sort... it blocks the X-rays...,,,,,,,,,,,,,,,,,,,,,,,,,,,,,,,", u3584 ,m236,,
121994, u3584 ," Close...,,,,,,,,,,,,,,,,,,,,,,,,,,,,,,,", u3583 ,m236,,
121995, u3583 ," Source of transmission is to the northeast... about 300 meters.,,,,,,,,,,,,,,,,,,,,,,,,,,,,,,,", u3584 ,m236,,
121996, u3584 ," Just a second.  Those aren't water vapor clouds; they have no moisture content.,,,,,,,,,,,,,,,,,,,,,,,,,,,,,,,", u3583 ,m236,,
121997, u3583 ," My God, it's stormy for a piece of rock that size!"",,,,,,,,,,,,,,,,,,,,,,,,,,,,,,,", u3584 ,m236,,
121998, u3584 ," Look --,,,,,,,,,,,,,,,,,,,,,,,,,,,,,,,", u3583 ,m236,,
121999, u3583 ," Men have waited centuries to contact another form of intelligent life in the universe.  This is an opportunity which may never come again.,,,,,,,,,,,,,,,,,,,,,,,,,,,,,,,", u3585 ,m236,,
122000, u3585 ," Kill me...,,,,,,,,,,,,,,,,,,,,,,,,,,,,,,,", u3584 ,m236,,
122001, u3584 ," What can I do?,,,,,,,,,,,,,,,,,,,,,,,,,,,,,,,", u3585 ,m236,,
122002, u3585 ," No good... it's eaten too much of me...,,,,,,,,,,,,,,,,,,,,,,,,,,,,,,,", u3584 ,m236,,
122003, u3584 ," But I can save you -- get you to the Autodoc!,,,,,,,,,,,,,,,,,,,,,,,,,,,,,,,", u3585 ,m236,,
122004, u3585 ," No... don't...,,,,,,,,,,,,,,,,,,,,,,,,,,,,,,,", u3584 ,m236,,
122005, u3584 ," I'll get you out of there.,,,,,,,,,,,,,,,,,,,,,,,,,,,,,,,", u3585 ,m236,,
122006, u3585 ," That was Melkonis... it ate Hunter...,,,,,,,,,,,,,,,,,,,,,,,,,,,,,,,", u3585 ,m236,,
122007, u3585 ," Look...,,,,,,,,,,,,,,,,,,,,,,,,,,,,,,,", u3584 ,m236,,
122008, u3584 ," What did it do to you?,,,,,,,,,,,,,,,,,,,,,,,,,,,,,,,", u3585 ,m236,,
122009, u3585 ," Kill me...,,,,,,,,,,,,,,,,,,,,,,,,,,,,,,,", u3584 ,m236,,
122010, u3584 ," Kablooey.,,,,,,,,,,,,,,,,,,,,,,,,,,,,,,,", u3585 ,m236,,
122011, u3585 ," And you stand aside while we drive it in, then shut the hatch, launch the boat, and --"",,,,,,,,,,,,,,,,,,,,,,,,,,,,,,,", u3584 ,m236,,
122012, u3584 ," And you'll let me know when you've got it coming this way...,,,,,,,,,,,,,,,,,,,,,,,,,,,,,,,", u3585 ,m236,,
122013, u3585 ," All right, Martin, we'll be in touch with you on the communicator."",,,,,,,,,,,,,,,,,,,,,,,,,,,,,,,", u3584 ,m236,,
122014, u3584 ," Who gets the privilege?,,,,,,,,,,,,,,,,,,,,,,,,,,,,,,,", u3585 ,m236,,
122015, u3585 ," Yes, and maybe launch the boat and blow it too... if the others are injured."",,,,,,,,,,,,,,,,,,,,,,,,,,,,,,,", u3585 ,m236,,
122016, u3585 ," Now.  If we can get it into the boat, we won't have to blow it up -- we can just eject it into space."",,,,,,,,,,,,,,,,,,,,,,,,,,,,,,,", u3584 ,m236,,
122017, u3584 ," So what do we do?  Do we ignore it and finish loading the explosives into the boat -- or do we flush it out now?,,,,,,,,,,,,,,,,,,,,,,,,,,,,,,,", u3585 ,m236,,
122018, u3585 ," It's stable; it doesn't hurt to drop it.,,,,,,,,,,,,,,,,,,,,,,,,,,,,,,,", u3584 ,m236,,
122019, u3584 ," <u>Hey watch it</u>!,,,,,,,,,,,,,,,,,,,,,,,,,,,,,,,", u3585 ,m236,,
122020, u3585 ," Here, carry these."",,,,,,,,,,,,,,,,,,,,,,,,,,,,,,,", u3584 ,m236,,
122021, u3584 ," You know, it's funny -- this stuff we went to so much trouble to dig up -- this treasure, the paydirt -- it'll make it back to Irth just fine -- even if we're not with it."",,,,,,,,,,,,,,,,,,,,,,,,,,,,,,,", u3585 ,m236,,
122022, u3585 ," But the idea's good, if we could just turn it around somehow."",,,,,,,,,,,,,,,,,,,,,,,,,,,,,,,", u3584 ,m236,,
122023, u3584 ," Yeah... I forgot.,,,,,,,,,,,,,,,,,,,,,,,,,,,,,,,", u3585 ,m236,,
122024, u3585 ," No, it won't work and I just realized why.  There's only one hypersleep freezer on the lifeboat. Only one of us could survive."",,,,,,,,,,,,,,,,,,,,,,,,,,,,,,,", u3584 ,m236,,
122025, u3584 ," Doesn't matter -- we're already at light speed.  And when we get back to the Colonies, they'll pick us up in the network."",,,,,,,,,,,,,,,,,,,,,,,,,,,,,,,", u3585 ,m236,,
122026, u3585 ," But the lifeboat can't accelerate to light speed.,,,,,,,,,,,,,,,,,,,,,,,,,,,,,,,", u3584 ,m236,,
122027, u3584 ," Right... but it'll take a few minutes for the engines to overheat and melt down the core.  In the meantime, we get in the lifeboat and leave the ship."",,,,,,,,,,,,,,,,,,,,,,,,,,,,,,,", u3585 ,m236,,
122028, u3585 ," That'll blow the ship up.,,,,,,,,,,,,,,,,,,,,,,,,,,,,,,,", u3584 ,m236,,
122029, u3584 ," Okay.  First we shut down all the cooling systems on the stardrive engines.,,,,,,,,,,,,,,,,,,,,,,,,,,,,,,,", u3585 ,m236,,
122030, u3585 ," Let's hear it.,,,,,,,,,,,,,,,,,,,,,,,,,,,,,,,", u3585 ,m236,,
122031, u3585 ," That kind of remark is pointless. Now come on -- I want to hear every suggestion you can come up with, no matter how wild."",,,,,,,,,,,,,,,,,,,,,,,,,,,,,,,", u3584 ,m236,,
122032, u3584 ," It was time for that a couple days ago.,,,,,,,,,,,,,,,,,,,,,,,,,,,,,,,", u3584 ,m236,,
122033, u3584 ," No such luck.  I saw it running down one of the corridors.,,,,,,,,,,,,,,,,,,,,,,,,,,,,,,,", u3585 ,m236,,
122034, u3585 ," At least we're rid of the damn monster.  It must have been the first thing sucked out of the ship.,,,,,,,,,,,,,,,,,,,,,,,,,,,,,,,", u3584 ,m236,,
122035, u3584 ," Poor kitty; puss puss puss.,,,,,,,,,,,,,,,,,,,,,,,,,,,,,,,", u3584 ,m236,,
122036, u3584 ," No, I had to seal off a whole section.  We'd lose too much of our remaining air if we opened the connecting door."",,,,,,,,,,,,,,,,,,,,,,,,,,,,,,,", u3585 ,m236,,
122037, u3585 ," Can we get to him?,,,,,,,,,,,,,,,,,,,,,,,,,,,,,,,", u3584 ,m236,,
122038, u3584 ," I saw it.  Faust got himself jammed in the air lock door.  His body held it open.,,,,,,,,,,,,,,,,,,,,,,,,,,,,,,,", u3584 ,m236,,
122039, u3584 ," ... More spores coming.,,,,,,,,,,,,,,,,,,,,,,,,,,,,,,,", u3585 ,m236,,
122040, u3585 ," Which presumably means...,,,,,,,,,,,,,,,,,,,,,,,,,,,,,,,", u3585 ,m236,,
122041, u3585 ," Then that tomb... must have been some kind of fertility temple... where they stored their eggs, and maybe held mating rituals..."",,,,,,,,,,,,,,,,,,,,,,,,,,,,,,,", u3584 ,m236,,
122042, u3584 ," This is all the same creature.  We're seeing the different stages in its life-cycle.,,,,,,,,,,,,,,,,,,,,,,,,,,,,,,,", u3584 ,m236,,
122043, u3584 ," So the next step should be --,,,,,,,,,,,,,,,,,,,,,,,,,,,,,,,", u3585 ,m236,,
122044, u3585 ," That next thing there -- six legs, tentacles -- that's the thing we saw in the food locker."",,,,,,,,,,,,,,,,,,,,,,,,,,,,,,,", u3584 ,m236,,
122045, u3584 ," I know it looks like a senseless jumble, but if you look closely, there are recognizable forms."",,,,,,,,,,,,,,,,,,,,,,,,,,,,,,,", u3585 ,m236,,
122046, u3585 ," Well... yes... there's a pattern... but it's meaningless to me.,,,,,,,,,,,,,,,,,,,,,,,,,,,,,,,", u3584 ,m236,,
122047, u3584 ," Can you make out any pattern in all that?,,,,,,,,,,,,,,,,,,,,,,,,,,,,,,,", u3584 ,m236,,
122048, u3584 ," Nothing.,,,,,,,,,,,,,,,,,,,,,,,,,,,,,,,", u3585 ,m236,,
122049, u3585 ," What's that supposed to mean?,,,,,,,,,,,,,,,,,,,,,,,,,,,,,,,", u3584 ,m236,,
122050, u3584 ," Two down, four to go."",,,,,,,,,,,,,,,,,,,,,,,,,,,,,,,", u3584 ,m236,,
122051, u3584 ," By eating our food supplies.,,,,,,,,,,,,,,,,,,,,,,,,,,,,,,,", u3585 ,m236,,
122052, u3585 ," How did it get so <u>big</u>?,,,,,,,,,,,,,,,,,,,,,,,,,,,,,,,", u3585 ,m236,,
122053, u3585 ," Right now let's keep it closed.,,,,,,,,,,,,,,,,,,,,,,,,,,,,,,,", u3584 ,m236,,
122054, u3584 ," That's a flip-flop gate to channel the air, but we can use it to trap the thing."",,,,,,,,,,,,,,,,,,,,,,,,,,,,,,,", u3585 ,m236,,
122055, u3585 ," Let's be democratic.,,,,,,,,,,,,,,,,,,,,,,,,,,,,,,,", u3584 ,m236,,
122056, u3584 ," So the only question left is: who gets to crawl down the airshaft?,,,,,,,,,,,,,,,,,,,,,,,,,,,,,,,", u3585 ,m236,,
122057, u3585 ," The man would need protection, obviously -- as well as some way to drive the thing before him."",,,,,,,,,,,,,,,,,,,,,,,,,,,,,,,", u3584 ,m236,,
122058, u3584 ," Are you <u>crazy</u>?,,,,,,,,,,,,,,,,,,,,,,,,,,,,,,,", u3585 ,m236,,
122059, u3585 ," What do you think?  Now we go in.,,,,,,,,,,,,,,,,,,,,,,,,,,,,,,,", u3584 ,m236,,
122060, u3584 ," Now what?,,,,,,,,,,,,,,,,,,,,,,,,,,,,,,,", u3585 ,m236,,
122061, u3585 ," Go ahead, Jay."",,,,,,,,,,,,,,,,,,,,,,,,,,,,,,,", u3584 ,m236,,
122062, u3584 ," This stuff's deadly -- I hope we know what we're doing.,,,,,,,,,,,,,,,,,,,,,,,,,,,,,,,", u3584 ,m236,,
122063, u3584 ," You win.,,,,,,,,,,,,,,,,,,,,,,,,,,,,,,,", u3585 ,m236,,
122064, u3585 ," Once we kill the thing we won't need the food any more -- we can go straight into hypersleep.  Also, it sounds like that thing is already doing a pretty good job on our supplies; it may be fouling them all."",,,,,,,,,,,,,,,,,,,,,,,,,,,,,,,", u3584 ,m236,,
122065, u3584 ," Hey, wait a minute!  That's all our food supplies in there!  We can't pump poison gas all over them!"",,,,,,,,,,,,,,,,,,,,,,,,,,,,,,,", u3585 ,m236,,
122066, u3585 ," I guess we open the door and net it.,,,,,,,,,,,,,,,,,,,,,,,,,,,,,,,", u3584 ,m236,,
122067, u3584 ," Now what?,,,,,,,,,,,,,,,,,,,,,,,,,,,,,,,", u3585 ,m236,,
122068, u3585 ," It started crashing around right after we locked it in.,,,,,,,,,,,,,,,,,,,,,,,,,,,,,,,", u3584 ,m236,,
122069, u3584 ," What's it doing, having a seizure?"",,,,,,,,,,,,,,,,,,,,,,,,,,,,,,,", u3584 ,m236,,
122070, u3584 ," We're coming!,,,,,,,,,,,,,,,,,,,,,,,,,,,,,,,", u3585 ,m236,,
122071, u3585 ," Food-storage room!,,,,,,,,,,,,,,,,,,,,,,,,,,,,,,,", u3584 ,m236,,
122072, u3584 ," Where are you?,,,,,,,,,,,,,,,,,,,,,,,,,,,,,,,", u3585 ,m236,,
122073, u3585 ," We've got it up here!  It's trapped! Get up here fast!,,,,,,,,,,,,,,,,,,,,,,,,,,,,,,,", u3584 ,m236,,
122074, u3584 ," Yes!,,,,,,,,,,,,,,,,,,,,,,,,,,,,,,,", u3584 ,m236,,
122075, u3584 ," Even simple.,,,,,,,,,,,,,,,,,,,,,,,,,,,,,,,", u3585 ,m236,,
122076, u3585 ," These will be very useful.  At least we won't have to go digging around in closets with our bare hands.  All right, here's the battle plan: we're going to break into two teams and start systematically covering the ship.  Whoever finds it first, catches it in the net and ejects it from the nearest airlock.  Clear?"",,,,,,,,,,,,,,,,,,,,,,,,,,,,,,,", u3584 ,m236,,
122077, u3584 ," But if we <u>haven't</u> caught it in a week, then we have to go into the freezers anyway."",,,,,,,,,,,,,,,,,,,,,,,,,,,,,,,", u3585 ,m236,,
122078, u3585 ," All right, so that's what we've got. A week.  It's plenty of time."",,,,,,,,,,,,,,,,,,,,,,,,,,,,,,,", u3584 ,m236,,
122079, u3584 ," We won't need it then.,,,,,,,,,,,,,,,,,,,,,,,,,,,,,,,", u3585 ,m236,,
122080, u3585 ," That's okay, he can remain in hypersleep until they're ready to treat him."",,,,,,,,,,,,,,,,,,,,,,,,,,,,,,,", u3584 ,m236,,
122081, u3584 ," We'll have to go into quarantine, maybe for quite a while."",,,,,,,,,,,,,,,,,,,,,,,,,,,,,,,", u3585 ,m236,,
122082, u3585 ," I think the best thing to do with Broussard is to just freeze him as he is.  It'll arrest the progress of his disease, and he can get complete medical attention when we get back to the Colonies."",,,,,,,,,,,,,,,,,,,,,,,,,,,,,,,", u3585 ,m236,,
122083, u3585 ," Quit complaining; we're in space.,,,,,,,,,,,,,,,,,,,,,,,,,,,,,,,", u3584 ,m236,,
122084, u3584 ," That's the part that always makes me feel like I'm gonna puke -- when we accelerate into light speed.,,,,,,,,,,,,,,,,,,,,,,,,,,,,,,,", u3584 ,m236,,
122085, u3584 ," With great pleasure.,,,,,,,,,,,,,,,,,,,,,,,,,,,,,,,", u3585 ,m236,,
122086, u3585 ," You bet we made it.  Martin, set course for Irth and accelerate us into stardrive."",,,,,,,,,,,,,,,,,,,,,,,,,,,,,,,", u3584 ,m236,,
122087, u3584 ," We made it!  Damn, we made it!"",,,,,,,,,,,,,,,,,,,,,,,,,,,,,,,", u3585 ,m236,,
122088, u3585 ," Let's take her into an escape orbit.,,,,,,,,,,,,,,,,,,,,,,,,,,,,,,,", u3584 ,m236,,
122089, u3584 ," Engaged.,,,,,,,,,,,,,,,,,,,,,,,,,,,,,,,", u3584 ,m236,,
122090, u3584 ," Up one kilometer, Jay."",,,,,,,,,,,,,,,,,,,,,,,,,,,,,,,", u3585 ,m236,,
122091, u3585 ," Take us up.,,,,,,,,,,,,,,,,,,,,,,,,,,,,,,,", u3585 ,m236,,
122092, u3585 ," They seem native to the planet.  It's got an atmosphere and a dense gravity.  It's dead now, but once it must have been fertile."",,,,,,,,,,,,,,,,,,,,,,,,,,,,,,,", u3584 ,m236,,
122093, u3584 ," Where did the parasites come from?,,,,,,,,,,,,,,,,,,,,,,,,,,,,,,,", u3584 ,m236,,
122094, u3584 ," If we knew exactly what happened to the beings on the other ship --,,,,,,,,,,,,,,,,,,,,,,,,,,,,,,,", u3585 ,m236,,
122095, u3585 ," I can't lean on Faust any harder -- he's been working non-stop on the engines.,,,,,,,,,,,,,,,,,,,,,,,,,,,,,,,", u3584 ,m236,,
122096, u3584 ," Look, I'm not trying to rub anybody's nose in anything.  The important thing is just to get away from here as fast as possible."",,,,,,,,,,,,,,,,,,,,,,,,,,,,,,,", u3585 ,m236,,
122097, u3585 ," I'm sorry to say it looks like you were right in the first place, Martin.  We never should have landed here."",,,,,,,,,,,,,,,,,,,,,,,,,,,,,,,", u3584 ,m236,,
122098, u3584 ," Is that its mouth?,,,,,,,,,,,,,,,,,,,,,,,,,,,,,,,", u3585 ,m236,,
122099, u3585 ," Look at these suckers -- no wonder we couldn't get it off him.,,,,,,,,,,,,,,,,,,,,,,,,,,,,,,,", u3584 ,m236,,
122100, u3584 ," Broussard had film in his datastick, didn't he?  We can see what happened to him."",,,,,,,,,,,,,,,,,,,,,,,,,,,,,,,", u3585 ,m236,,
122101, u3585 ," What film?,,,,,,,,,,,,,,,,,,,,,,,,,,,,,,,", u3585 ,m236,,
122102, u3585 ," He went into the pyramid alone.  We lost radio contact with him.  When we pulled him out, it was on his face. It won't come off, not without injuring him."",,,,,,,,,,,,,,,,,,,,,,,,,,,,,,,", u3584 ,m236,,
122103, u3584 ," Would somebody fill me in?,,,,,,,,,,,,,,,,,,,,,,,,,,,,,,,", u3585 ,m236,,
122104, u3585 ," Good.,,,,,,,,,,,,,,,,,,,,,,,,,,,,,,,", u3584 ,m236,,
122105, u3584 ," I understand why you did that.,,,,,,,,,,,,,,,,,,,,,,,,,,,,,,,", u3585 ,m236,,
122106, u3585 ," Martin, this is an order!  Open the door!"",,,,,,,,,,,,,,,,,,,,,,,,,,,,,,,", u3584 ,m236,,
122107, u3584 ," Chaz, listen to me -- we've broken every rule of quarantine.  If we bring an organism on board, we won't have a single layer of defense left."",,,,,,,,,,,,,,,,,,,,,,,,,,,,,,,", u3585 ,m236,,
122108, u3585 ," We can't leave him out here, open the door."",,,,,,,,,,,,,,,,,,,,,,,,,,,,,,,", u3584 ,m236,,
122109, u3584 ," Chaz, if it's an organism, and we let it in, the ship will be infected."",,,,,,,,,,,,,,,,,,,,,,,,,,,,,,,", u3585 ,m236,,
122110, u3585 ," You hear me, Martin?  Open the outer door."",,,,,,,,,,,,,,,,,,,,,,,,,,,,,,,", u3585 ,m236,,
122111, u3585 ," It's some kind of organism, it's attached itself to him.  Let us in."",,,,,,,,,,,,,,,,,,,,,,,,,,,,,,,", u3584 ,m236,,
122112, u3584 ," Chaz -- what happened to Broussard?,,,,,,,,,,,,,,,,,,,,,,,,,,,,,,,", u3585 ,m236,,
122113, u3585 ," We're coming up now, open the outer lock door."",,,,,,,,,,,,,,,,,,,,,,,,,,,,,,,", u3584 ,m236,,
122114, u3584 ," Here, Chaz."",,,,,,,,,,,,,,,,,,,,,,,,,,,,,,,", u3585 ,m236,,
122115, u3585 ," Can't talk now; Broussard's injured. We'll need some help getting him into the ship.,,,,,,,,,,,,,,,,,,,,,,,,,,,,,,,", u3584 ,m236,,
122116, u3584 ," Thank Christ!  We lost you!  Listen, there's been a new development --"",,,,,,,,,,,,,,,,,,,,,,,,,,,,,,,", u3585 ,m236,,
122117, u3585 ," Yeah, we hear you!  We're coming back!"",,,,,,,,,,,,,,,,,,,,,,,,,,,,,,,", u3584 ,m236,,
122118, u3584 ," Hey, can you guys hear me?"",,,,,,,,,,,,,,,,,,,,,,,,,,,,,,,", u3585 ,m236,,
122119, u3585 ," Tell you what, Martin.  As soon as the engine's fixed --"",,,,,,,,,,,,,,,,,,,,,,,,,,,,,,,", u3584 ,m236,,
122120, u3584 ," This ship is full of cat hair.,,,,,,,,,,,,,,,,,,,,,,,,,,,,,,,", u3584 ,m236,,
122121, u3584 ," But why draw it on the wall?,,,,,,,,,,,,,,,,,,,,,,,,,,,,,,,", u3585 ,m236,,
122122, u3585 ," Well... it's obviously intentional... some kind of attempt at communication... maybe it's a symbol that means something to them...,,,,,,,,,,,,,,,,,,,,,,,,,,,,,,,", u3584 ,m236,,
122123, u3584 ," What would you say that was supposed to mean?,,,,,,,,,,,,,,,,,,,,,,,,,,,,,,,", u3585 ,m236,,
122124, u3585 ," I've always respected your opinion, Martin.  If something worries you, it worries me."",,,,,,,,,,,,,,,,,,,,,,,,,,,,,,,", u3584 ,m236,,
122125, u3584 ," Oh well... you know me.,,,,,,,,,,,,,,,,,,,,,,,,,,,,,,,", u3585 ,m236,,
122126, u3585 ," Still worried?,,,,,,,,,,,,,,,,,,,,,,,,,,,,,,,", u3584 ,m236,,
122127, u3584 ," I don't even know what I'm looking for.,,,,,,,,,,,,,,,,,,,,,,,,,,,,,,,", u3585 ,m236,,
122128, u3585 ," Find anything we missed?,,,,,,,,,,,,,,,,,,,,,,,,,,,,,,,", u3584 ,m236,,
122129, u3584 ," What killed it?,,,,,,,,,,,,,,,,,,,,,,,,,,,,,,,", u3585 ,m236,,
122130, u3585 ," But?,,,,,,,,,,,,,,,,,,,,,,,,,,,,,,,", u3584 ,m236,,
122131, u3584 ," I agree.  This is the single most important discovery in history.,,,,,,,,,,,,,,,,,,,,,,,,,,,,,,,", u3585 ,m236,,
122132, u3585 ," Martin?,,,,,,,,,,,,,,,,,,,,,,,,,,,,,,,", u3585 ,m236,,
122133, u3585 ," It appears to be some sort of spacecraft.  We're going to approach it.,,,,,,,,,,,,,,,,,,,,,,,,,,,,,,,", u3584 ,m236,,
122134, u3584 ," Found what?,,,,,,,,,,,,,,,,,,,,,,,,,,,,,,,", u3585 ,m236,,
122135, u3585 ," Martin, uh, we've found it."",,,,,,,,,,,,,,,,,,,,,,,,,,,,,,,", u3585 ,m236,,
122136, u3585 ," Good.  I'm getting you clear too. Let's just keep the line open.,,,,,,,,,,,,,,,,,,,,,,,,,,,,,,,", u3584 ,m236,,
122137, u3584 ," Okay, Chaz, I hear you.  I've got you on my board."",,,,,,,,,,,,,,,,,,,,,,,,,,,,,,,", u3585 ,m236,,
122138, u3585 ," Well, we won't need pressure suits, but breathing masks are called for. Sandy -- can you rig up some kind of portable unit that we can use to follow that transmission to its source?"",,,,,,,,,,,,,,,,,,,,,,,,,,,,,,,", u3584 ,m236,,
122139, u3584 ," Yeah, rock particles.  Dust."",,,,,,,,,,,,,,,,,,,,,,,,,,,,,,,", u3585 ,m236,,
122140, u3585 ," Anything else?,,,,,,,,,,,,,,,,,,,,,,,,,,,,,,,", u3584 ,m236,,
122141, u3584 ," Not a one.  It's dead.,,,,,,,,,,,,,,,,,,,,,,,,,,,,,,,", u3585 ,m236,,
122142, u3585 ," Any microorganisms?,,,,,,,,,,,,,,,,,,,,,,,,,,,,,,,", u3584 ,m236,,
122143, u3584 ," Zero.  Dry as a bone.,,,,,,,,,,,,,,,,,,,,,,,,,,,,,,,", u3585 ,m236,,
122144, u3585 ," Good!  Moisture content?,,,,,,,,,,,,,,,,,,,,,,,,,,,,,,,", u3584 ,m236,,
122145, u3584 ," Ten to the fourth dynes per square centimeter.,,,,,,,,,,,,,,,,,,,,,,,,,,,,,,,", u3585 ,m236,,
122146, u3585 ," Nontoxic... but unbreathable. Pressure?,,,,,,,,,,,,,,,,,,,,,,,,,,,,,,,", u3584 ,m236,,
122147, u3584 ," 10% argon, 85% nitrogen, 5% neon... and some trace elements."",,,,,,,,,,,,,,,,,,,,,,,,,,,,,,,", u3585 ,m236,,
122148, u3585 ," Sandy... how far are we from the source of the transmission?,,,,,,,,,,,,,,,,,,,,,,,,,,,,,,,", u3584 ,m236,,
122149, u3584 ," Yeah, okay. "",,,,,,,,,,,,,,,,,,,,,,,,,,,,,,,", u3584 ,m236,,
122150, u3584 ," Engine room, what happened?"",,,,,,,,,,,,,,,,,,,,,,,,,,,,,,,", u3585 ,m236,,
122151, u3585 ," What the hell happened?,,,,,,,,,,,,,,,,,,,,,,,,,,,,,,,", u3585 ,m236,,
122152, u3585 ," Turn on navigation lights.,,,,,,,,,,,,,,,,,,,,,,,,,,,,,,,", u3584 ,m236,,
122153, u3584 ," Atmospheric turbulence.  Dust storm.,,,,,,,,,,,,,,,,,,,,,,,,,,,,,,,", u3584 ,m236,,
122154, u3584 ," No -- that's atmosphere.  Cloud layer.,,,,,,,,,,,,,,,,,,,,,,,,,,,,,,,", u3585 ,m236,,
122155, u3585 ," It's out of focus.,,,,,,,,,,,,,,,,,,,,,,,,,,,,,,,", u3585 ,m236,,
122156, u3585 ," Well, it's finally happened."",,,,,,,,,,,,,,,,,,,,,,,,,,,,,,,", u3584 ,m236,,
122157, u3584 ," Oh my God.,,,,,,,,,,,,,,,,,,,,,,,,,,,,,,,", u3584 ,m236,,
122158, u3584 ," Computer, you have signalled a priority three message.  What is the message?"",,,,,,,,,,,,,,,,,,,,,,,,,,,,,,,", u3585 ,m236,,
122159, u3585 ," Let's hear it.,,,,,,,,,,,,,,,,,,,,,,,,,,,,,,,", u3584 ,m236,,
122160, u3584 ," Chaz, I've got something here on my security alert.  A high priority from the computer..."",,,,,,,,,,,,,,,,,,,,,,,,,,,,,,,", u3585 ,m236,,
122161, u3585 ," This is Chaz speaking.  Sorry, but we are not home.  Our present location seems to be only halfway to Irth. Remain at your posts and stand by. That is all."",,,,,,,,,,,,,,,,,,,,,,,,,,,,,,,", u3585 ,m236,,
122162, u3585 ," Sandy, contact traffic control."",,,,,,,,,,,,,,,,,,,,,,,,,,,,,,,", u3584 ,m236,,
122163, u3584 ," Where are we?,,,,,,,,,,,,,,,,,,,,,,,,,,,,,,,", u3584 ,m236,,
122164, u3584 ," Right.  Fire up all systems.,,,,,,,,,,,,,,,,,,,,,,,,,,,,,,,", u3585 ,m236,,
122165, u3585 ," All right, tycoons, let's stop spending our credit and start worrying about the job at hand."",,,,,,,,,,,,,,,,,,,,,,,,,,,,,,,", u3584 ,m236,,
