,User_id,text,sec_user,movies_name,relationship,attachment
123636, u3635 ," So I guess you could say that we screwed up, but we weren't wrong."",,,,,,,,,,,,,,,,,,,,,,,,,,,,,,,", u3611 ,m239,,
123637, u3611 ," I finally got through to Sloan--it was all a misunderstanding that we had: he would have told the Grand Jury about Haldeman, he was ready to, only nobody on the Grand Jury asked him the goddamn question."",,,,,,,,,,,,,,,,,,,,,,,,,,,,,,,", u3635 ,m239,,
123638, u3635 ," Goddamnit!--,,,,,,,,,,,,,,,,,,,,,,,,,,,,,,,", u3611 ,m239,,
123639, u3611 ," You overslept?,,,,,,,,,,,,,,,,,,,,,,,,,,,,,,,", u3635 ,m239,,
123640, u3635 ," Only everything...,,,,,,,,,,,,,,,,,,,,,,,,,,,,,,,", u3611 ,m239,,
123641, u3611 ," What was the mistake? Do you think it's been rigged, all along the way, leading us on so they could slip it to us when it mattered? They couldn't have set us up better; after all these months our credibility's gone, you know what that means?"",,,,,,,,,,,,,,,,,,,,,,,,,,,,,,,", u3635 ,m239,,
123642, u3635 ," Hmm?,,,,,,,,,,,,,,,,,,,,,,,,,,,,,,,", u3611 ,m239,,
123643, u3611 ," Woodward?,,,,,,,,,,,,,,,,,,,,,,,,,,,,,,,", u3635 ,m239,,
123644, u3635 ," --We got twenty minutes to deadline--,,,,,,,,,,,,,,,,,,,,,,,,,,,,,,,", u3611 ,m239,,
123645, u3611 ," I know a guy in the Justice Department who was around the Grand Jury. ,,,,,,,,,,,,,,,,,,,,,,,,,,,,,,,", u3635 ,m239,,
123646, u3635 ," --Deep Throat won't confirm--I never thought he was scared of anyone, but he's scared of Haldeman."",,,,,,,,,,,,,,,,,,,,,,,,,,,,,,,", u3611 ,m239,,
123647, u3611 ," How many fucking sources they think we got?--,,,,,,,,,,,,,,,,,,,,,,,,,,,,,,,", u3611 ,m239,,
123648, u3611 ," --and the FBI confirms--what more do you need?--,,,,,,,,,,,,,,,,,,,,,,,,,,,,,,,", u3635 ,m239,,
123649, u3635 ," --Sloan told the Grand Jury--he answered everything they asked him-- that means there's a record somewhere--,,,,,,,,,,,,,,,,,,,,,,,,,,,,,,,", u3635 ,m239,,
123650, u3635 ," --he said John Haldeman, not Bob Haldeman--"",,,,,,,,,,,,,,,,,,,,,,,,,,,,,,,", u3611 ,m239,,
123651, u3611 ," --Jesus--,,,,,,,,,,,,,,,,,,,,,,,,,,,,,,,", u3635 ,m239,,
123652, u3635 ," Maybe we are...,,,,,,,,,,,,,,,,,,,,,,,,,,,,,,,", u3611 ,m239,,
123653, u3611 ," I wish we were investigating Attila the Hun.,,,,,,,,,,,,,,,,,,,,,,,,,,,,,,,", u3635 ,m239,,
123654, u3635 ," Same as Magruder, I don't like it when they turn out to be human."",,,,,,,,,,,,,,,,,,,,,,,,,,,,,,,", u3611 ,m239,,
123655, u3611 ," What's the matter?,,,,,,,,,,,,,,,,,,,,,,,,,,,,,,,", u3635 ,m239,,
123656, u3635 ," It's nothing personal, though. "",,,,,,,,,,,,,,,,,,,,,,,,,,,,,,,", u3611 ,m239,,
123657, u3611 ," Well, we are trying to ruin his life."",,,,,,,,,,,,,,,,,,,,,,,,,,,,,,,", u3635 ,m239,,
123658, u3635 ," What if I went up and introduced myself--think he'd slug me?,,,,,,,,,,,,,,,,,,,,,,,,,,,,,,,", u3611 ,m239,,
123659, u3611 ," Nah.  Maybe.,,,,,,,,,,,,,,,,,,,,,,,,,,,,,,,", u3635 ,m239,,
123660, u3635 ," Haldeman.,,,,,,,,,,,,,,,,,,,,,,,,,,,,,,,", u3611 ,m239,,
123661, u3611 ," Who?,,,,,,,,,,,,,,,,,,,,,,,,,,,,,,,", u3635 ,m239,,
123662, u3635 ," I think that's him.,,,,,,,,,,,,,,,,,,,,,,,,,,,,,,,", u3635 ,m239,,
123663, u3635 ," --we're working on the last guy now and we're going all the way--that fifth man was Haldeman.,,,,,,,,,,,,,,,,,,,,,,,,,,,,,,,", u3611 ,m239,,
123664, u3611 ," --Mitchell, Stans, Magruder, Kalmbach--"",,,,,,,,,,,,,,,,,,,,,,,,,,,,,,,", u3635 ,m239,,
123665, u3635 ," --That cash fund that financed the sabotaging of the Democrats--five guys had control--,,,,,,,,,,,,,,,,,,,,,,,,,,,,,,,", u3635 ,m239,,
123666, u3635 ," We're inside the White House now.,,,,,,,,,,,,,,,,,,,,,,,,,,,,,,,", u3611 ,m239,,
123667, u3611 ," He'll give us a sworn statement.,,,,,,,,,,,,,,,,,,,,,,,,,,,,,,,", u3635 ,m239,,
123668, u3635 ," Could have won him a fraternity paddle with a White House seal.  God knows it worked.,,,,,,,,,,,,,,,,,,,,,,,,,,,,,,,", u3611 ,m239,,
123669, u3611 ," You think this was Clawsen's initiation?,,,,,,,,,,,,,,,,,,,,,,,,,,,,,,,", u3635 ,m239,,
123670, u3635 ," It makes a crazy kind of sense-- remember that initiation rite they have at the White House? Each new member of the President's staff has to prove his guts by getting an enemy of Nixon.,,,,,,,,,,,,,,,,,,,,,,,,,,,,,,,", u3611 ,m239,,
123671, u3611 ," You think we're being set up?--Christ, Deep Throat tells you last night that the letter came from inside the White House and up traipses Marilyn naming names."",,,,,,,,,,,,,,,,,,,,,,,,,,,,,,,", u3635 ,m239,,
123672, u3635 ," You asking would I have been one of the President's men?  I would have been.,,,,,,,,,,,,,,,,,,,,,,,,,,,,,,,", u3611 ,m239,,
123673, u3611 ," What would you have done?,,,,,,,,,,,,,,,,,,,,,,,,,,,,,,,", u3611 ,m239,,
123674, u3611 ," --'cause I only know four chords--,,,,,,,,,,,,,,,,,,,,,,,,,,,,,,,", u3635 ,m239,,
123675, u3635 ," California, Illinois, Florida, New Hampshire--all the major Democratic primary states.  Why does everything you play sound the same?"",,,,,,,,,,,,,,,,,,,,,,,,,,,,,,,", u3611 ,m239,,
123676, u3611 ," Segovia begged me for me secret but I said, """"No, Andres, you'll have to try and make it without me."""""",,,,,,,,,,,,,,,,,,,,,,,,,,,,,,,", u3635 ,m239,,
123677, u3635 ," Segretti criss-crossed the country over ten times in six months--and never stayed anyplace over a night or two.  Switch to another station, huh? You're driving me crazy with that."",,,,,,,,,,,,,,,,,,,,,,,,,,,,,,,", u3635 ,m239,,
123678, u3635 ," If he self-destructed.,,,,,,,,,,,,,,,,,,,,,,,,,,,,,,,", u3611 ,m239,,
123679, u3611 ," --because a year before, the Republicans weren't ahead, not in the polls, Muskie was running ahead of Nixon then. Before he self- destructed."",,,,,,,,,,,,,,,,,,,,,,,,,,,,,,,", u3635 ,m239,,
123680, u3635 ," So maybe Watergate wasn't really about Watergate--maybe that was just a piece--,,,,,,,,,,,,,,,,,,,,,,,,,,,,,,,", u3611 ,m239,,
123681, u3611 ," Now the reason no one believed the Republicans is because there wasn't any reason, they were so far ahead. But Segretti was talking to these other lawyers a year before the break- in."",,,,,,,,,,,,,,,,,,,,,,,,,,,,,,,", u3635 ,m239,,
123682, u3635 ," The burglary was done by Cubans or Democrats or Republicans.,,,,,,,,,,,,,,,,,,,,,,,,,,,,,,,", u3611 ,m239,,
123683, u3611 ," Dwight Chapin, Nixon's appointments chief--he knew Segretti in school. Maybe I'm crazy, but this is the first time any of this starts to make sense. What were the three theories?"",,,,,,,,,,,,,,,,,,,,,,,,,,,,,,,", u3635 ,m239,,
123684, u3635 ," --Haldeman I know, who else?"",,,,,,,,,,,,,,,,,,,,,,,,,,,,,,,", u3611 ,m239,,
123685, u3611 ," That's what we've got to find out, but Segretti went to Southern Cal. and so did a bunch of Nixon men--"",,,,,,,,,,,,,,,,,,,,,,,,,,,,,,,", u3635 ,m239,,
123686, u3635 ," How high up, which Republicans?"",,,,,,,,,,,,,,,,,,,,,,,,,,,,,,,", u3611 ,m239,,
123687, u3611 ," --for the first time I'm beginning to feel like a fucking reporter-- Woodward, I got a tip. A guy called me up with a tip--  --someone named Donald Segretti contacted a bunch of lawyers and asked them if they'd like to go to work with him screwing up the Democrats, dirty tricks, shit like that. The FBI knows about Segretti-- Howard Hunt made a bunch of phone calls to him--they interrogated him, but on account of Segretti wasn't involved with the break-in, they didn't follow through. But Segretti did a lot of traveling--he called these lawyers from different places, and he told them the Republicans knew what he was doing."",,,,,,,,,,,,,,,,,,,,,,,,,,,,,,,", u3635 ,m239,,
123688, u3635 ," --I haven't said anything--,,,,,,,,,,,,,,,,,,,,,,,,,,,,,,,", u3611 ,m239,,
123689, u3611 ," --I want you to shut up and listen to me--,,,,,,,,,,,,,,,,,,,,,,,,,,,,,,,", u3635 ,m239,,
123690, u3635 ," Then he's got an ax.  Call him anyway.,,,,,,,,,,,,,,,,,,,,,,,,,,,,,,,", u3611 ,m239,,
123691, u3611 ," --almost every source we've used has been Republican, this guy's a card- carrying Democrat."",,,,,,,,,,,,,,,,,,,,,,,,,,,,,,,", u3635 ,m239,,
123692, u3635 ," --has he got an ax?--,,,,,,,,,,,,,,,,,,,,,,,,,,,,,,,", u3611 ,m239,,
123693, u3611 ," --I know a lawyer at Justice--,,,,,,,,,,,,,,,,,,,,,,,,,,,,,,,", u3635 ,m239,,
123694, u3635 ," --shit, who do we know?--"",,,,,,,,,,,,,,,,,,,,,,,,,,,,,,,", u3611 ,m239,,
123695, u3611 ," --if we could name the guys got the reports, we'd be ahead again--"",,,,,,,,,,,,,,,,,,,,,,,,,,,,,,,", u3635 ,m239,,
123696, u3635 ," --I know, I know--"",,,,,,,,,,,,,,,,,,,,,,,,,,,,,,,", u3611 ,m239,,
123697, u3611 ," --we gotta top the Times--,,,,,,,,,,,,,,,,,,,,,,,,,,,,,,,", u3635 ,m239,,
123698, u3635 ," --shit--,,,,,,,,,,,,,,,,,,,,,,,,,,,,,,,", u3611 ,m239,,
123699, u3611 ," Goddamnit--,,,,,,,,,,,,,,,,,,,,,,,,,,,,,,,", u3635 ,m239,,
123700, u3635 ," --just that a lot of reports were sent to CREEP, but he doesn't name who, not here anyway--"",,,,,,,,,,,,,,,,,,,,,,,,,,,,,,,", u3611 ,m239,,
123701, u3611 ," --the lookout in the Motor Inn?--  --he say anything we don't know?--,,,,,,,,,,,,,,,,,,,,,,,,,,,,,,,", u3635 ,m239,,
123702, u3635 ," --The L.A. Times has a huge interview with Baldwin--,,,,,,,,,,,,,,,,,,,,,,,,,,,,,,,", u3635 ,m239,,
123703, u3635 ," We'd like to wait til we have all five before we print it.,,,,,,,,,,,,,,,,,,,,,,,,,,,,,,,", u3611 ,m239,,
123704, u3611 ," Look--five men controlled that slush fund as CREEP--three of them we've got, Mitchell, Stans, Magruder, and we're pretty sure of Kalmbach."",,,,,,,,,,,,,,,,,,,,,,,,,,,,,,,", u3611 ,m239,,
123705, u3611 ," --Colson.,,,,,,,,,,,,,,,,,,,,,,,,,,,,,,,", u3635 ,m239,,
123706, u3635 ," --there had to be a White House overseer--,,,,,,,,,,,,,,,,,,,,,,,,,,,,,,,", u3611 ,m239,,
123707, u3611 ," Nothing--I just found out that Jeb Magruder from CREEP is a bigger bike freak than I am.  I never like it when the other guy's human...,,,,,,,,,,,,,,,,,,,,,,,,,,,,,,,", u3635 ,m239,,
123708, u3635 ," Think Sloan's back?  What's wrong?,,,,,,,,,,,,,,,,,,,,,,,,,,,,,,,", u3611 ,m239,,
123709, u3611 ," And I'll just shitkick in my usual way.,,,,,,,,,,,,,,,,,,,,,,,,,,,,,,,", u3635 ,m239,,
123710, u3635 ," You want me to be the bastard.,,,,,,,,,,,,,,,,,,,,,,,,,,,,,,,", u3611 ,m239,,
123711, u3611 ," He's another Ivy Leaguer so he'll probably expect you to be understanding--might surprise him if you're not.,,,,,,,,,,,,,,,,,,,,,,,,,,,,,,,", u3635 ,m239,,
123712, u3635 ," You mean, who's going to play the mean M.P. and who's going to be the nice one?  Whichever."",,,,,,,,,,,,,,,,,,,,,,,,,,,,,,,", u3611 ,m239,,
123713, u3611 ," How do you want to handle Sloan?,,,,,,,,,,,,,,,,,,,,,,,,,,,,,,,", u3635 ,m239,,
123714, u3635 ," That happens to people.  OK, go on."",,,,,,,,,,,,,,,,,,,,,,,,,,,,,,,", u3611 ,m239,,
123715, u3611 ," --she was really paranoid, the bookkeeper."",,,,,,,,,,,,,,,,,,,,,,,,,,,,,,,", u3635 ,m239,,
123716, u3635 ," --we will--,,,,,,,,,,,,,,,,,,,,,,,,,,,,,,,", u3611 ,m239,,
123717, u3611 ," It goes very high--we've got to find out where--,,,,,,,,,,,,,,,,,,,,,,,,,,,,,,,", u3635 ,m239,,
123718, u3635 ," Then tomorrow's grand jury indictments will just be bullshit.,,,,,,,,,,,,,,,,,,,,,,,,,,,,,,,", u3611 ,m239,,
123719, u3611 ," --we've got to find out who the five guys are--the five with access to the slush fund--they were aware of the break-in.,,,,,,,,,,,,,,,,,,,,,,,,,,,,,,,", u3635 ,m239,,
123720, u3635 ," Go on, go on--"",,,,,,,,,,,,,,,,,,,,,,,,,,,,,,,", u3611 ,m239,,
123721, u3611 ," I  couldn't believe what she told me. Eight cups of coffee worth.,,,,,,,,,,,,,,,,,,,,,,,,,,,,,,,", u3611 ,m239,,
123722, u3611 ," You voted for him.,,,,,,,,,,,,,,,,,,,,,,,,,,,,,,,", u3635 ,m239,,
123723, u3635 ," Did he just say what I think he said?,,,,,,,,,,,,,,,,,,,,,,,,,,,,,,,", u3635 ,m239,,
123724, u3635 ," Nixon.,,,,,,,,,,,,,,,,,,,,,,,,,,,,,,,", u3611 ,m239,,
123725, u3611 ," '68.,,,,,,,,,,,,,,,,,,,,,,,,,,,,,,,", u3635 ,m239,,
123726, u3635 ," When?,,,,,,,,,,,,,,,,,,,,,,,,,,,,,,,", u3611 ,m239,,
123727, u3611 ," Who'd you vote for?,,,,,,,,,,,,,,,,,,,,,,,,,,,,,,,", u3635 ,m239,,
123728, u3635 ," Sure.,,,,,,,,,,,,,,,,,,,,,,,,,,,,,,,", u3611 ,m239,,
123729, u3611 ," Republican?,,,,,,,,,,,,,,,,,,,,,,,,,,,,,,,", u3635 ,m239,,
123730, u3635 ," And I'm a Republican.,,,,,,,,,,,,,,,,,,,,,,,,,,,,,,,", u3611 ,m239,,
123731, u3611 ," I hate both parties.,,,,,,,,,,,,,,,,,,,,,,,,,,,,,,,", u3611 ,m239,,
123732, u3611 ," We appreciate your position--really.,,,,,,,,,,,,,,,,,,,,,,,,,,,,,,,", u3635 ,m239,,
123733, u3635 ," --you believe in the President, you wouldn't ever want to do anything disloyal."",,,,,,,,,,,,,,,,,,,,,,,,,,,,,,,", u3611 ,m239,,
123734, u3611 ," We understand your problem--,,,,,,,,,,,,,,,,,,,,,,,,,,,,,,,", u3635 ,m239,,
123735, u3635 ," It's safe, try it, you'll see."",,,,,,,,,,,,,,,,,,,,,,,,,,,,,,,", u3611 ,m239,,
123736, u3611 ," We never reveal our sources, which is why you can talk to us."",,,,,,,,,,,,,,,,,,,,,,,,,,,,,,,", u3611 ,m239,,
123737, u3611 ," I just wish we knew when someone would talk to us, that's all."",,,,,,,,,,,,,,,,,,,,,,,,,,,,,,,", u3635 ,m239,,
123738, u3635 ," And that something's got to be more than just Hunt, Liddy, and the five burglars--those indictments are gonna be bullshit when they come down. What else do we know?"",,,,,,,,,,,,,,,,,,,,,,,,,,,,,,,", u3611 ,m239,,
123739, u3611 ," We know there's got to be something or they wouldn't be so panicked.,,,,,,,,,,,,,,,,,,,,,,,,,,,,,,,", u3635 ,m239,,
123740, u3635 ," Anything you've got.,,,,,,,,,,,,,,,,,,,,,,,,,,,,,,,", u3611 ,m239,,
123741, u3611 ," Facts or theory?,,,,,,,,,,,,,,,,,,,,,,,,,,,,,,,", u3635 ,m239,,
123742, u3635 ," It's not us, they were scared before we got there.  What do we know?"",,,,,,,,,,,,,,,,,,,,,,,,,,,,,,,", u3611 ,m239,,
123743, u3611 ," I never scared anyone before.,,,,,,,,,,,,,,,,,,,,,,,,,,,,,,,", u3635 ,m239,,
123744, u3635 ," This is terrific work, if you like rejection."",,,,,,,,,,,,,,,,,,,,,,,,,,,,,,,", u3611 ,m239,,
123745, u3611 ," My first day as a copy boy I was sixteen and wearing my only grown-up suit--it was cream colored. At 2:30 the head copy boy comes running up to me and says, """"My God, haven't you washed the carbon paper yet? If it's not washed by three, it'll never by dry for tomorrow.""""  And I said, """"Am I supposed to do that?"""" and he said, """"Absolutely, it's crucial."""" So I run around and grab all the carbon paper from all the desks and take it to the men's room. I'm standing there washing it and it's splashing all over me and the editor comes in to take a leak, and he says, """"What the fuck do you think you're doing?"""" And I said, """"It's 2:30. I'm washing the carbon paper.""""  Just wanted you to know I've done dumber things than get us lost, that's all."",,,,,,,,,,,,,,,,,,,,,,,,,,,,,,,", u3635 ,m239,,
123746, u3635 ," You're not a kid anymore.,,,,,,,,,,,,,,,,,,,,,,,,,,,,,,,", u3611 ,m239,,
123747, u3611 ," I don't get it... this really was my turf...,,,,,,,,,,,,,,,,,,,,,,,,,,,,,,,", u3611 ,m239,,
123748, u3611 ," Alphabetically, on the CREEP phone list, Miss Helen Abbott of South George Street."",,,,,,,,,,,,,,,,,,,,,,,,,,,,,,,", u3635 ,m239,,
123749, u3635 ," Who's first?,,,,,,,,,,,,,,,,,,,,,,,,,,,,,,,", u3635 ,m239,,
123750, u3635 ," It was there. I just don't get it; a CREEP secretary being scared, that's one thing. But what does the wife of one of the most powerful men in America have to be afraid of...?"",,,,,,,,,,,,,,,,,,,,,,,,,,,,,,,", u3611 ,m239,,
123751, u3611 ," Were you eyebrow reading?,,,,,,,,,,,,,,,,,,,,,,,,,,,,,,,", u3635 ,m239,,
123752, u3635 ," --she was panicked, Carl--every time I mentioned Watergate, you could tell."",,,,,,,,,,,,,,,,,,,,,,,,,,,,,,,", u3611 ,m239,,
123753, u3611 ," And?--And?--,,,,,,,,,,,,,,,,,,,,,,,,,,,,,,,", u3635 ,m239,,
123754, u3635 ," For the paper, no; for us, plenty.  I waited a long time and finally this big guy--I guess a bodyguard-- he left and I knocked and she remembered me, we talked awhile."",,,,,,,,,,,,,,,,,,,,,,,,,,,,,,,", u3611 ,m239,,
123755, u3611 ," See her?  Get anything?,,,,,,,,,,,,,,,,,,,,,,,,,,,,,,,", u3635 ,m239,,
123756, u3635 ," --you do?--with access to records?,,,,,,,,,,,,,,,,,,,,,,,,,,,,,,,", u3611 ,m239,,
123757, u3611 ," Christ, and I even know somebody at the phone company--"",,,,,,,,,,,,,,,,,,,,,,,,,,,,,,,", u3635 ,m239,,
123758, u3635 ," Why didn't we get that?,,,,,,,,,,,,,,,,,,,,,,,,,,,,,,,", u3611 ,m239,,
123759, u3611 ," ---fifteen or more phone calls from the burglars in Miami to Gordon Liddy at CREEP--,,,,,,,,,,,,,,,,,,,,,,,,,,,,,,,", u3635 ,m239,,
123760, u3635 ," --fifteen phone calls--,,,,,,,,,,,,,,,,,,,,,,,,,,,,,,,", u3611 ,m239,,
123761, u3611 ," --I'm trying--,,,,,,,,,,,,,,,,,,,,,,,,,,,,,,,", u3635 ,m239,,
123762, u3635 ," --see?--,,,,,,,,,,,,,,,,,,,,,,,,,,,,,,,", u3611 ,m239,,
123763, u3611 ," Goddamnit--,,,,,,,,,,,,,,,,,,,,,,,,,,,,,,,", u3635 ,m239,,
123764, u3635 ," The fucking New York Times.,,,,,,,,,,,,,,,,,,,,,,,,,,,,,,,", u3611 ,m239,,
123765, u3611 ," What's that?,,,,,,,,,,,,,,,,,,,,,,,,,,,,,,,", u3611 ,m239,,
123766, u3611 ," And you haven't called him?--,,,,,,,,,,,,,,,,,,,,,,,,,,,,,,,", u3635 ,m239,,
123767, u3635 ," I met a Presidential aide once at a social occasion.,,,,,,,,,,,,,,,,,,,,,,,,,,,,,,,", u3611 ,m239,,
123768, u3611 ," That was fun.  What now?,,,,,,,,,,,,,,,,,,,,,,,,,,,,,,,", u3611 ,m239,,
123769, u3611 ," About the past year.,,,,,,,,,,,,,,,,,,,,,,,,,,,,,,,", u3635 ,m239,,
123770, u3635 ," July of '71.,,,,,,,,,,,,,,,,,,,,,,,,,,,,,,,", u3611 ,m239,,
123771, u3611 ," We need a sympathetic face.,,,,,,,,,,,,,,,,,,,,,,,,,,,,,,,", u3635 ,m239,,
123772, u3635 ," You think they are confidential? I don't know anything about how this town works, I haven't lived here a year yet."",,,,,,,,,,,,,,,,,,,,,,,,,,,,,,,", u3611 ,m239,,
123773, u3611 ," It makes sense; Hunt worked for the C.I.A. and the White House was paranoid about Teddy Kennedy.,,,,,,,,,,,,,,,,,,,,,,,,,,,,,,,", u3635 ,m239,,
123774, u3635 ," --a spy, you mean?"",,,,,,,,,,,,,,,,,,,,,,,,,,,,,,,", u3611 ,m239,,
123775, u3611 ," Maybe a political operative of some sort--,,,,,,,,,,,,,,,,,,,,,,,,,,,,,,,", u3635 ,m239,,
123776, u3635 ," --Hunt doesn't seem like your ordinary consultant.,,,,,,,,,,,,,,,,,,,,,,,,,,,,,,,", u3611 ,m239,,
123777, u3611 ," --what do you think?--,,,,,,,,,,,,,,,,,,,,,,,,,,,,,,,", u3611 ,m239,,
123778, u3611 ," I lived here all my life, I got a million contacts, but they're all bus boys and bellhops."",,,,,,,,,,,,,,,,,,,,,,,,,,,,,,,", u3635 ,m239,,
123779, u3635 ," What do you think he meant, this particular incident? Were there others? How would we find out? You know anyone important?"",,,,,,,,,,,,,,,,,,,,,,,,,,,,,,,", u3611 ,m239,,
123780, u3611 ," Hmm.,,,,,,,,,,,,,,,,,,,,,,,,,,,,,,,", u3635 ,m239,,
123781, u3635 ," Hey?,,,,,,,,,,,,,,,,,,,,,,,,,,,,,,,", u3635 ,m239,,
123782, u3635 ," Right. Nixon didn't get where he got by being dumb--  --listen, that was a Watergate question--"",,,,,,,,,,,,,,,,,,,,,,,,,,,,,,,", u3611 ,m239,,
123783, u3611 ," What, though?  It can't be the Republicans--he'd never allow something as stupid as this, not when he's gonna slaughter McGovern anyway."",,,,,,,,,,,,,,,,,,,,,,,,,,,,,,,", u3635 ,m239,,
123784, u3635 ," And McCord was carrying an application for college press credentials for the Democratic convention.  The Times has got to be full of it-- it can't be crazy Cubans.,,,,,,,,,,,,,,,,,,,,,,,,,,,,,,,", u3611 ,m239,,
123785, u3611 ," Well, Barker tried to get blueprints of the Miami Convention Center and the air-conditioning system."",,,,,,,,,,,,,,,,,,,,,,,,,,,,,,,", u3635 ,m239,,
123786, u3635 ," --I'm not interested in theory. What do we know? For example, Hunt's disappeared."",,,,,,,,,,,,,,,,,,,,,,,,,,,,,,,", u3611 ,m239,,
123787, u3611 ," Let me lay a little theory on you--,,,,,,,,,,,,,,,,,,,,,,,,,,,,,,,", u3635 ,m239,,
123788, u3635 ," All right, what do we know?"",,,,,,,,,,,,,,,,,,,,,,,,,,,,,,,", u3635 ,m239,,
123789, u3635 ," I was sure trying.,,,,,,,,,,,,,,,,,,,,,,,,,,,,,,,", u3611 ,m239,,
123790, u3611 ," Forget it, the main thing--  --did you call me a failure?"",,,,,,,,,,,,,,,,,,,,,,,,,,,,,,,", u3635 ,m239,,
123791, u3635 ," It's OK; I'm sorry I called you a failure.,,,,,,,,,,,,,,,,,,,,,,,,,,,,,,,", u3611 ,m239,,
123792, u3611 ," You heard?  They put us both on the break-in thing. Simons liked the way we worked together.  Listen, I'm sorry I said your story was bullshit."",,,,,,,,,,,,,,,,,,,,,,,,,,,,,,,", u3635 ,m239,,
123793, u3635 ," Fuck you, Carl."",,,,,,,,,,,,,,,,,,,,,,,,,,,,,,,", u3611 ,m239,,
123794, u3611 ," Yeah?,,,,,,,,,,,,,,,,,,,,,,,,,,,,,,,", u3635 ,m239,,
123795, u3635 ," Carl?,,,,,,,,,,,,,,,,,,,,,,,,,,,,,,,", u3611 ,m239,,
123796, u3611 ," Mainly it has to do with your choice of words.,,,,,,,,,,,,,,,,,,,,,,,,,,,,,,,", u3635 ,m239,,
123797, u3635 ," What is it about my writing that's so rotten?,,,,,,,,,,,,,,,,,,,,,,,,,,,,,,,", u3611 ,m239,,
123798, u3611 ," --read 'em both and you'll see--,,,,,,,,,,,,,,,,,,,,,,,,,,,,,,,", u3635 ,m239,,
123799, u3635 ," --no way--,,,,,,,,,,,,,,,,,,,,,,,,,,,,,,,", u3611 ,m239,,
123800, u3611 ," --mine's better--,,,,,,,,,,,,,,,,,,,,,,,,,,,,,,,", u3635 ,m239,,
123801, u3635 ," --I'm smart enough to know my story was solid--,,,,,,,,,,,,,,,,,,,,,,,,,,,,,,,", u3611 ,m239,,
123802, u3611 ," --they're all the same, all those Ivy League places--they teach you about striped ties and suddenly you're smart--"",,,,,,,,,,,,,,,,,,,,,,,,,,,,,,,", u3635 ,m239,,
123803, u3635 ," --Bradlee went to Harvard--,,,,,,,,,,,,,,,,,,,,,,,,,,,,,,,", u3611 ,m239,,
123804, u3611 ," --you only got the job because both you and Bradlee went to Yale--,,,,,,,,,,,,,,,,,,,,,,,,,,,,,,,", u3635 ,m239,,
123805, u3635 ," --and you've had some fucking meteoric rise, that's for sure--by the time you turn forty you might be the head of the Montana bureau--"",,,,,,,,,,,,,,,,,,,,,,,,,,,,,,,", u3611 ,m239,,
123806, u3611 ," --what have you been here, nine months?--I been in this business since I was sixteen--"",,,,,,,,,,,,,,,,,,,,,,,,,,,,,,,", u3635 ,m239,,
123807, u3635 ," --I have to stand here and listen to the staff correspondent from Virginia?--,,,,,,,,,,,,,,,,,,,,,,,,,,,,,,,", u3611 ,m239,,
123808, u3611 ," --it was bullshit the way it was--,,,,,,,,,,,,,,,,,,,,,,,,,,,,,,,", u3635 ,m239,,
123809, u3635 ," --it was fine the way it was--,,,,,,,,,,,,,,,,,,,,,,,,,,,,,,,", u3611 ,m239,,
123810, u3611 ," --I sure couldn't hurt it, could I?--"",,,,,,,,,,,,,,,,,,,,,,,,,,,,,,,", u3635 ,m239,,
123811, u3635 ," What the hell were you doing rewriting my story--,,,,,,,,,,,,,,,,,,,,,,,,,,,,,,,", u3626 ,m239,,
123812, u3626 ," Oh.,,,,,,,,,,,,,,,,,,,,,,,,,,,,,,,", u3611 ,m239,,
123813, u3611 ," Night.,,,,,,,,,,,,,,,,,,,,,,,,,,,,,,,", u3626 ,m239,,
123814, u3626 ," Morning or night?,,,,,,,,,,,,,,,,,,,,,,,,,,,,,,,", u3611 ,m239,,
123815, u3611 ," 11:30.,,,,,,,,,,,,,,,,,,,,,,,,,,,,,,,", u3626 ,m239,,
123816, u3626 ," --what time is it?,,,,,,,,,,,,,,,,,,,,,,,,,,,,,,,", u3611 ,m239,,
123817, u3611 ," Sir, I'd like to ask you a few--"",,,,,,,,,,,,,,,,,,,,,,,,,,,,,,,", u3626 ,m239,,
123818, u3626 ," --all that crap, you're putting it in the paper? It's all been denied. You tell your publisher--tell Katie Graham she's gonna get her tit caught in a big fat wringer if that's published. Good Christ! That's the most sickening thing I ever heard."",,,,,,,,,,,,,,,,,,,,,,,,,,,,,,,", u3611 ,m239,,
123819, u3611 ," --to become President Nixon's campaign manager on March 1, Mitchell personally approved withdrawals from the fund--"",,,,,,,,,,,,,,,,,,,,,,,,,,,,,,,", u3626 ,m239,,
123820, u3626 ," --jeeeeeeeeesus--,,,,,,,,,,,,,,,,,,,,,,,,,,,,,,,", u3611 ,m239,,
123821, u3611 ," --almost a year before he left the Justice Department--,,,,,,,,,,,,,,,,,,,,,,,,,,,,,,,", u3626 ,m239,,
123822, u3626 ," --jeeeeeeesus--,,,,,,,,,,,,,,,,,,,,,,,,,,,,,,,", u3611 ,m239,,
123823, u3611 ," --according to sources involved in the Watergate investigation. Beginning in the spring of 1971--,,,,,,,,,,,,,,,,,,,,,,,,,,,,,,,", u3626 ,m239,,
123824, u3626 ," --jeeeeeeesus--,,,,,,,,,,,,,,,,,,,,,,,,,,,,,,,", u3611 ,m239,,
123825, u3611 ," --fund that was used to gather information against the Democrats--,,,,,,,,,,,,,,,,,,,,,,,,,,,,,,,", u3626 ,m239,,
123826, u3626 ," --jeeeeeeesus--,,,,,,,,,,,,,,,,,,,,,,,,,,,,,,,", u3611 ,m239,,
123827, u3611 ," John N. Mitchell, while serving as US Attorney General, personally controlled a secret cash fund that--"",,,,,,,,,,,,,,,,,,,,,,,,,,,,,,,", u3626 ,m239,,
123828, u3626 ," What does it say?,,,,,,,,,,,,,,,,,,,,,,,,,,,,,,,", u3611 ,m239,,
123829, u3611 ," This?  Naw...,,,,,,,,,,,,,,,,,,,,,,,,,,,,,,,", u3617 ,m239,,
123830, u3617 ," I never could figure just who this Dahlberg was.  Think it might be anything?,,,,,,,,,,,,,,,,,,,,,,,,,,,,,,,", u3611 ,m239,,
123831, u3611 ," --yeah, that was in The Times this morning."",,,,,,,,,,,,,,,,,,,,,,,,,,,,,,,", u3617 ,m239,,
123832, u3617 ," The rest is Barker's bank records. It's mostly the eighty-nine thousand in Mexican cashier's checks--,,,,,,,,,,,,,,,,,,,,,,,,,,,,,,,", u3611 ,m239,,
123833, u3611 ," The telephone calls... we know about that.,,,,,,,,,,,,,,,,,,,,,,,,,,,,,,,", u3617 ,m239,,
123834, u3617 ," I'll never get out of here in time.,,,,,,,,,,,,,,,,,,,,,,,,,,,,,,,", u3611 ,m239,,
123835, u3611 ," Whatever.,,,,,,,,,,,,,,,,,,,,,,,,,,,,,,,", u3617 ,m239,,
123836, u3617 ," You want Barker's phone stuff or his money stuff?,,,,,,,,,,,,,,,,,,,,,,,,,,,,,,,", u3611 ,m239,,
123837, u3611 ," I'm on deadline.,,,,,,,,,,,,,,,,,,,,,,,,,,,,,,,", u3617 ,m239,,
123838, u3617 ," Listen, I've got a dinner--can't we do this tomorrow?"",,,,,,,,,,,,,,,,,,,,,,,,,,,,,,,", u3611 ,m239,,
123839, u3611 ," Look, you've been jerking my chain all day. If there's some reason you can't talk to me--like the fact that you've already leaked everything to The New York Times--just say so."",,,,,,,,,,,,,,,,,,,,,,,,,,,,,,,", u3611 ,m239,,
123840, u3611 ," Good. Just tell him I was here, that I'm sorry I missed him--"",,,,,,,,,,,,,,,,,,,,,,,,,,,,,,,", u3630 ,m239,,
123841, u3630 ," Well of course.,,,,,,,,,,,,,,,,,,,,,,,,,,,,,,,", u3611 ,m239,,
123842, u3611 ," Mr. Dardis does call in every so often?,,,,,,,,,,,,,,,,,,,,,,,,,,,,,,,", u3630 ,m239,,
123843, u3630 ," He is not in the car.  Sorry.,,,,,,,,,,,,,,,,,,,,,,,,,,,,,,,", u3611 ,m239,,
123844, u3611 ," Could you reach Mr. Dardis by car radio?,,,,,,,,,,,,,,,,,,,,,,,,,,,,,,,", u3630 ,m239,,
123845, u3630 ," I told you, he had to go out on a case."",,,,,,,,,,,,,,,,,,,,,,,,,,,,,,,", u3611 ,m239,,
123846, u3611 ," I called him from Washington. He's the one who asked me to be here at eleven in the morning.,,,,,,,,,,,,,,,,,,,,,,,,,,,,,,,", u3630 ,m239,,
123847, u3630 ," And you will.  But not now.,,,,,,,,,,,,,,,,,,,,,,,,,,,,,,,", u3611 ,m239,,
123848, u3611 ," I'd really like to see Mr. Dardis.,,,,,,,,,,,,,,,,,,,,,,,,,,,,,,,", u3630 ,m239,,
123849, u3630 ," I'm so glad.,,,,,,,,,,,,,,,,,,,,,,,,,,,,,,,", u3611 ,m239,,
123850, u3611 ," Hi, it's me. I'm still here."",,,,,,,,,,,,,,,,,,,,,,,,,,,,,,,", u3630 ,m239,,
123851, u3630 ," Sure. I remember seeing a book about Chappaquiddick on his desk and he was always getting material out of the White House Library and the Library of Congress and--,,,,,,,,,,,,,,,,,,,,,,,,,,,,,,,", u3611 ,m239,,
123852, u3611 ," --Teddy Kennedy?,,,,,,,,,,,,,,,,,,,,,,,,,,,,,,,", u3630 ,m239,,
123853, u3630 ," Oh, the scuttlebutt for awhile was he was investigating Kennedy--"",,,,,,,,,,,,,,,,,,,,,,,,,,,,,,,", u3611 ,m239,,
123854, u3611 ," Any idea what he did?,,,,,,,,,,,,,,,,,,,,,,,,,,,,,,,", u3630 ,m239,,
123855, u3630 ," Sure. Him I liked, he was a very nice person. Secretive too, traveled all over, but a decent man."",,,,,,,,,,,,,,,,,,,,,,,,,,,,,,,", u3611 ,m239,,
123856, u3611 ," --Howard Hunt?,,,,,,,,,,,,,,,,,,,,,,,,,,,,,,,", u3630 ,m239,,
123857, u3630 ," Sorry.  Now if it was Hunt you were interested in--,,,,,,,,,,,,,,,,,,,,,,,,,,,,,,,", u3611 ,m239,,
123858, u3611 ," At USC, you had a word the this-- screwing up the opposition you all did it at college and called it ratfucking.  Ever wonder if Nixon might turn out to be the biggest ratfucker of them all?"",,,,,,,,,,,,,,,,,,,,,,,,,,,,,,,", u3631 ,m239,,
123859, u3631 ," Can't help you.,,,,,,,,,,,,,,,,,,,,,,,,,,,,,,,", u3611 ,m239,,
123860, u3611 ," It gets interesting if it was Haldeman, because our word is that when Chapin says something, he's gotten the OK from Haldeman, and when Haldeman says something, he's gotten the OK from the President."",,,,,,,,,,,,,,,,,,,,,,,,,,,,,,,", u3631 ,m239,,
123861, u3631 ," I don't know anything about Haldeman, except, Dwight's frightened of him-- everybody's frightened of him--Christ, I wish I'd never gotten messed around with this--all I wanna do is sit in the sun; sit, swim, see some girls."",,,,,,,,,,,,,,,,,,,,,,,,,,,,,,,", u3611 ,m239,,
123862, u3611 ," On the orders of Haldeman?,,,,,,,,,,,,,,,,,,,,,,,,,,,,,,,", u3631 ,m239,,
123863, u3631 ," Sure--off the record.,,,,,,,,,,,,,,,,,,,,,,,,,,,,,,,", u3611 ,m239,,
123864, u3611 ," Chapin did contact you then?,,,,,,,,,,,,,,,,,,,,,,,,,,,,,,,", u3631 ,m239,,
123865, u3631 ," None of it was my idea, Carl--I didn't go looking for the job."",,,,,,,,,,,,,,,,,,,,,,,,,,,,,,,", u3631 ,m239,,
123866, u3631 ," When you guys print it in the paper, then I'll know.  I'm a lawyer, and I'll probably go to jail, and be disbarred, and what did I do that was so awful?"",,,,,,,,,,,,,,,,,,,,,,,,,,,,,,,", u3611 ,m239,,
123867, u3611 ," But you know who did.,,,,,,,,,,,,,,,,,,,,,,,,,,,,,,,", u3631 ,m239,,
123868, u3631 ," I didn't.,,,,,,,,,,,,,,,,,,,,,,,,,,,,,,,", u3611 ,m239,,
123869, u3611 ," You wrote the Canuck letter--the one where you claimed Muskie slurred the Canadians.,,,,,,,,,,,,,,,,,,,,,,,,,,,,,,,", u3631 ,m239,,
123870, u3631 ," Sometimes it got up to a quarter maybe--  --off the record.,,,,,,,,,,,,,,,,,,,,,,,,,,,,,,,", u3611 ,m239,,
123871, u3611 ," During the Florida primary, you wrote a letter on Muskie stationery saying Scoop Jackson had a bastard child. You wrote another that said Hubert Humphrey was out with call girls."",,,,,,,,,,,,,,,,,,,,,,,,,,,,,,,", u3631 ,m239,,
123872, u3631 ," Oh, maybe nickel and dime stuff."",,,,,,,,,,,,,,,,,,,,,,,,,,,,,,,", u3611 ,m239,,
123873, u3611 ," Tell that to Muskie.,,,,,,,,,,,,,,,,,,,,,,,,,,,,,,,", u3631 ,m239,,
123874, u3631 ," I didn't do anything wrong.,,,,,,,,,,,,,,,,,,,,,,,,,,,,,,,", u3611 ,m239,,
123875, u3611 ," Do you feel much about the things you did?,,,,,,,,,,,,,,,,,,,,,,,,,,,,,,,", u3611 ,m239,,
123876, u3611 ," When did he hire you?,,,,,,,,,,,,,,,,,,,,,,,,,,,,,,,", u3631 ,m239,,
123877, u3631 ," I know where Dwight works.,,,,,,,,,,,,,,,,,,,,,,,,,,,,,,,", u3611 ,m239,,
123878, u3611 ," By """"they"""" you mean the White House, don't you?  Your buddy from USC, Dwight Chapin-- he works for the White House."",,,,,,,,,,,,,,,,,,,,,,,,,,,,,,,", u3611 ,m239,,
123879, u3611 ," By """"they"""" you mean...?"",,,,,,,,,,,,,,,,,,,,,,,,,,,,,,,", u3631 ,m239,,
123880, u3631 ," They never told me anything except my own role--I had to find out the rest in the papers.,,,,,,,,,,,,,,,,,,,,,,,,,,,,,,,", u3611 ,m239,,
123881, u3611 ," Listen--we know you're involved in this--we're going to get the story, why not help?"",,,,,,,,,,,,,,,,,,,,,,,,,,,,,,,", u3631 ,m239,,
123882, u3631 ," I've got a lot of energy.,,,,,,,,,,,,,,,,,,,,,,,,,,,,,,,", u3611 ,m239,,
123883, u3611 ," According to what we've been able to verify, you've been busy."",,,,,,,,,,,,,,,,,,,,,,,,,,,,,,,", u3611 ,m239,,
123884, u3611 ," Mind if I try?,,,,,,,,,,,,,,,,,,,,,,,,,,,,,,,", u3631 ,m239,,
123885, u3631 ," You can't.,,,,,,,,,,,,,,,,,,,,,,,,,,,,,,,", u3611 ,m239,,
123886, u3611 ," I'm Carl Bernstein.  My paper sent me out to see if I couldn't persuade you to go on the record.,,,,,,,,,,,,,,,,,,,,,,,,,,,,,,,", u3631 ,m239,,
123887, u3631 ," That's right.,,,,,,,,,,,,,,,,,,,,,,,,,,,,,,,", u3611 ,m239,,
123888, u3611 ," Donald Segretti?,,,,,,,,,,,,,,,,,,,,,,,,,,,,,,,", u3629 ,m239,,
123889, u3629 ," And?--,,,,,,,,,,,,,,,,,,,,,,,,,,,,,,,", u3611 ,m239,,
123890, u3611 ," --he was going to go into law practice with Segretti.,,,,,,,,,,,,,,,,,,,,,,,,,,,,,,,", u3611 ,m239,,
123891, u3611 ," We've just been talking to Young--,,,,,,,,,,,,,,,,,,,,,,,,,,,,,,,", u3629 ,m239,,
123892, u3629 ," Speak.,,,,,,,,,,,,,,,,,,,,,,,,,,,,,,,", u3611 ,m239,,
123893, u3611 ," --yes--,,,,,,,,,,,,,,,,,,,,,,,,,,,,,,,", u3629 ,m239,,
123894, u3629 ," --you got more than one source?--,,,,,,,,,,,,,,,,,,,,,,,,,,,,,,,", u3629 ,m239,,
123895, u3629 ," You're the fella who forgot he rented a Hertz car, do I have to tell you they didn't forget to send us the bill?"",,,,,,,,,,,,,,,,,,,,,,,,,,,,,,,", u3611 ,m239,,
123896, u3611 ," Down to Miami and back--how much damage can I do?,,,,,,,,,,,,,,,,,,,,,,,,,,,,,,,", u3629 ,m239,,
123897, u3629 ," --""""I think it might be helpful if you'd send me to Toronto."""" That was your spiel then. """"The Lifestyles of Deserters.""""  I'm still waiting for it."",,,,,,,,,,,,,,,,,,,,,,,,,,,,,,,", u3611 ,m239,,
123898, u3611 ," --that was awhile ago--,,,,,,,,,,,,,,,,,,,,,,,,,,,,,,,", u3629 ,m239,,
123899, u3629 ," I'm the one sent you to Toronto, Bernstein--"",,,,,,,,,,,,,,,,,,,,,,,,,,,,,,,", u3611 ,m239,,
123900, u3611 ," I think it might be helpful if you'd send me to Miami.,,,,,,,,,,,,,,,,,,,,,,,,,,,,,,,", u3629 ,m239,,
123901, u3629 ," --so?,,,,,,,,,,,,,,,,,,,,,,,,,,,,,,,", u3611 ,m239,,
123902, u3611 ," Harry, I just talked to a Miami investigator about Barker--"",,,,,,,,,,,,,,,,,,,,,,,,,,,,,,,", u3613 ,m239,,
123903, u3613 ," --what about you?--,,,,,,,,,,,,,,,,,,,,,,,,,,,,,,,", u3611 ,m239,,
123904, u3611 ," Absolutely--,,,,,,,,,,,,,,,,,,,,,,,,,,,,,,,", u3613 ,m239,,
123905, u3613 ," --Bernstein, are you sure on this story?"",,,,,,,,,,,,,,,,,,,,,,,,,,,,,,,", u3613 ,m239,,
123906, u3613 ," I could care less about where it happened; what happened is what counts.  Put him on.  Ken, I'm sorry, it was Goddamn Beirut and they were having a crisis, what's up, kid?  Slow down, Ken, you sound frazzled.  A wife and a family and a cat and a dog, right, Ken.  Ken, I would never print that you were in Marilyn's apartment at night-- unless, of course, you force me to."",,,,,,,,,,,,,,,,,,,,,,,,,,,,,,,", u3611 ,m239,,
123907, u3611 ," --if he did it or just said he did it, God knows."",,,,,,,,,,,,,,,,,,,,,,,,,,,,,,,", u3613 ,m239,,
123908, u3613 ," --it makes the break-in real--it's a major goddamn story--  --I'm not going to kick ass over this, but I'd like you to know I hate getting beat, I just hate it-- don't forget that I hate it--"",,,,,,,,,,,,,,,,,,,,,,,,,,,,,,,", u3611 ,m239,,
123909, u3611 ," --there's nothing new in it--,,,,,,,,,,,,,,,,,,,,,,,,,,,,,,,", u3613 ,m239,,
123910, u3613 ," --it would have been nice to have had this, I sure would have liked to have had this--"",,,,,,,,,,,,,,,,,,,,,,,,,,,,,,,", u3611 ,m239,,
123911, u3611 ," --what?--,,,,,,,,,,,,,,,,,,,,,,,,,,,,,,,", u3613 ,m239,,
123912, u3613 ," I thought you guys were supposed to be working on this story--  --you think I like being aced out?,,,,,,,,,,,,,,,,,,,,,,,,,,,,,,,", u3613 ,m239,,
123913, u3613 ," If they ever start calling us goddamn liars--  --it's time to start circling the wagons.,,,,,,,,,,,,,,,,,,,,,,,,,,,,,,,", u3611 ,m239,,
123914, u3611 ," What's a real denial?,,,,,,,,,,,,,,,,,,,,,,,,,,,,,,,", u3613 ,m239,,
123915, u3613 ," --Deep Throat?--,,,,,,,,,,,,,,,,,,,,,,,,,,,,,,,", u3611 ,m239,,
123916, u3611 ," --and we got a guy in Justice--,,,,,,,,,,,,,,,,,,,,,,,,,,,,,,,", u3613 ,m239,,
123917, u3613 ," --goddamnit, when's somebody gonna go on the record on this story--"",,,,,,,,,,,,,,,,,,,,,,,,,,,,,,,", u3611 ,m239,,
123918, u3611 ," --no--,,,,,,,,,,,,,,,,,,,,,,,,,,,,,,,", u3611 ,m239,,
123919, u3611 ," Nobody's perfect.  I'm glad you're out of it, Hannah-- you're a terrific reporter and I turned you into a bookkeeper."",,,,,,,,,,,,,,,,,,,,,,,,,,,,,,,", u3620 ,m239,,
123920, u3620 ," You're a sex junkie, you know that, Carl?"",,,,,,,,,,,,,,,,,,,,,,,,,,,,,,,", u3611 ,m239,,
123921, u3611 ," There's always a later plane.,,,,,,,,,,,,,,,,,,,,,,,,,,,,,,,", u3620 ,m239,,
123922, u3620 ," I thought you had to get to Miami.,,,,,,,,,,,,,,,,,,,,,,,,,,,,,,,", u3611 ,m239,,
123923, u3611 ," It's right under that pile.,,,,,,,,,,,,,,,,,,,,,,,,,,,,,,,", u3620 ,m239,,
123924, u3620 ," Give me your checkbook then.,,,,,,,,,,,,,,,,,,,,,,,,,,,,,,,", u3611 ,m239,,
123925, u3611 ," I think.,,,,,,,,,,,,,,,,,,,,,,,,,,,,,,,", u3620 ,m239,,
123926, u3620 ," You're two months behind--you got enough to cover?,,,,,,,,,,,,,,,,,,,,,,,,,,,,,,,", u3611 ,m239,,
123927, u3611 ," Five hundred; six maybe.,,,,,,,,,,,,,,,,,,,,,,,,,,,,,,,", u3620 ,m239,,
123928, u3620 ," Lot of pressure at the Star.  Carl, when we got married, you were four thousand dollars in debt; when we split, you were solvent. That may prove to be the outstanding single achievement of my life, and now look at this.  How much did the damn bike cost?"",,,,,,,,,,,,,,,,,,,,,,,,,,,,,,,", u3611 ,m239,,
123929, u3611 ," Hey... very tense.,,,,,,,,,,,,,,,,,,,,,,,,,,,,,,,", u3620 ,m239,,
123930, u3620 ," Carl, it's a jungle.  I suggest you either pay this immediately or lay in a large supply of candles.  You'd give a stranger the shirt off your back--except it wouldn't be paid for."",,,,,,,,,,,,,,,,,,,,,,,,,,,,,,,", u3611 ,m239,,
123931, u3611 ," Oh, they're here.  I'm keeping much better records now, Hannah.  See? "",,,,,,,,,,,,,,,,,,,,,,,,,,,,,,,", u3620 ,m239,,
123932, u3620 ," Where are your bills, Carl?"",,,,,,,,,,,,,,,,,,,,,,,,,,,,,,,", u3611 ,m239,,
123933, u3611 ," Hannah, I never would have bothered you but I'm off to Miami and they're gonna take away my ten speed unless I get it straightened out fast."",,,,,,,,,,,,,,,,,,,,,,,,,,,,,,,", u3623 ,m239,,
123934, u3623 ," We're a long way from high school, Carl...  ...and I'm scared."",,,,,,,,,,,,,,,,,,,,,,,,,,,,,,,", u3611 ,m239,,
123935, u3611 ," Hey, easy..."",,,,,,,,,,,,,,,,,,,,,,,,,,,,,,,", u3623 ,m239,,
123936, u3623 ," I don't know what they'd do to me.,,,,,,,,,,,,,,,,,,,,,,,,,,,,,,,", u3611 ,m239,,
123937, u3611 ," If you don't like it down there, why don't you quit?"",,,,,,,,,,,,,,,,,,,,,,,,,,,,,,,", u3623 ,m239,,
123938, u3623 ," You don't believe me? Well, I was working the weekend of the break-in and my God, all the executives were running around like crazy--you had to practically wait in line to use the shredding machine--and when the FBI came to investigate, they never even asked me about it."",,,,,,,,,,,,,,,,,,,,,,,,,,,,,,,", u3611 ,m239,,
123939, u3611 ," FBI too?,,,,,,,,,,,,,,,,,,,,,,,,,,,,,,,", u3623 ,m239,,
123940, u3623 ," This girlfriend of mine at the Committee, the other day she went back to the D.A. to tell the things the FBI didn't ask her. That night, her boss, he knew what she'd done. They control everything; that's how they know it all."",,,,,,,,,,,,,,,,,,,,,,,,,,,,,,,", u3611 ,m239,,
123941, u3611 ," --you don't really think you're being followed?,,,,,,,,,,,,,,,,,,,,,,,,,,,,,,,", u3623 ,m239,,
123942, u3623 ," Anyplace really public, they'd know about it--they know everything at the Committee, Carl--"",,,,,,,,,,,,,,,,,,,,,,,,,,,,,,,", u3611 ,m239,,
123943, u3611 ," This is practically a high school reunion for us, Jane--I would have sprung for a classier place."",,,,,,,,,,,,,,,,,,,,,,,,,,,,,,,", u3611 ,m239,,
123944, u3611 ," Think Sloan's being set up as a fall guy for John Mitchell? Sometimes it looks that way.,,,,,,,,,,,,,,,,,,,,,,,,,,,,,,,", u3612 ,m239,,
123945, u3612 ," It was all so crazy--the day after the break-in he gave us a speech, bouncing up and down on his heels in that loony way of his--Gordon told us not to let Jim McCord ruin everything--don't let one bad apple spoil the barrel, he said. You just know that when Gordon Liddy's calling someone a bad apple, something's wrong somewhere.  ...It's all so rotten... and getting worse... and all I care about is Hugh Sloan. His wife was going to leave him if he didn't stand up and do what was right. And he quit. He quit because he saw it and didn't want any part of it."",,,,,,,,,,,,,,,,,,,,,,,,,,,,,,,", u3611 ,m239,,
123946, u3611 ," Gordon Liddy, you mean?"",,,,,,,,,,,,,,,,,,,,,,,,,,,,,,,", u3612 ,m239,,
123947, u3612 ," --omigod, there was so much of it, six million came in one two-day period-- six million cash, we couldn't find enough places to put it. I thought it was all legal, I guess I did, til after the break-in, when I remembered Gordon got so much of it."",,,,,,,,,,,,,,,,,,,,,,,,,,,,,,,", u3611 ,m239,,
123948, u3611 ," It's awfully hot--  --and you haven't finished telling me about the money--,,,,,,,,,,,,,,,,,,,,,,,,,,,,,,,", u3611 ,m239,,
123949, u3611 ," Sloan knew which five, didn't he? "",,,,,,,,,,,,,,,,,,,,,,,,,,,,,,,", u3612 ,m239,,
123950, u3612 ," There were a group of them--I think five, I don't know their names."",,,,,,,,,,,,,,,,,,,,,,,,,,,,,,,", u3611 ,m239,,
123951, u3611 ," Who were they?,,,,,,,,,,,,,,,,,,,,,,,,,,,,,,,", u3612 ,m239,,
123952, u3612 ," The ones who could disburse the money.,,,,,,,,,,,,,,,,,,,,,,,,,,,,,,,", u3611 ,m239,,
123953, u3611 ," Which people?,,,,,,,,,,,,,,,,,,,,,,,,,,,,,,,", u3612 ,m239,,
123954, u3612 ," I can't be positive that it was used for the break-in but people sure are worried.,,,,,,,,,,,,,,,,,,,,,,,,,,,,,,,", u3611 ,m239,,
123955, u3611 ," Could buy a lot of steaks, 350,000 dollars."",,,,,,,,,,,,,,,,,,,,,,,,,,,,,,,", u3612 ,m239,,
123956, u3612 ," A lot of it was. I just thought it was sort of an all-purpose political fund--you know, for taking fat cats to dinner, things like that."",,,,,,,,,,,,,,,,,,,,,,,,,,,,,,,", u3611 ,m239,,
123957, u3611 ," --it was all in hundreds, wasn't it?"",,,,,,,,,,,,,,,,,,,,,,,,,,,,,,,", u3612 ,m239,,
123958, u3612 ," There are too many people watching me--they know I know a lot--,,,,,,,,,,,,,,,,,,,,,,,,,,,,,,,", u3611 ,m239,,
123959, u3611 ," It's obvious you want to talk to someone--well, I'm someone."",,,,,,,,,,,,,,,,,,,,,,,,,,,,,,,", u3612 ,m239,,
123960, u3612 ," ...No... never in so many words...,,,,,,,,,,,,,,,,,,,,,,,,,,,,,,,", u3611 ,m239,,
123961, u3611 ," I was just curious--you don't do it well, so I wondered. Have you been threatened, if you told the truth, is that it?"",,,,,,,,,,,,,,,,,,,,,,,,,,,,,,,", u3611 ,m239,,
123962, u3611 ," --right, right, I've got to go.  Why did you lie just then?"",,,,,,,,,,,,,,,,,,,,,,,,,,,,,,,", u3612 ,m239,,
123963, u3612 ," One minute but then--,,,,,,,,,,,,,,,,,,,,,,,,,,,,,,,", u3612 ,m239,,
123964, u3612 ," I never worked for Sloan or Stans.,,,,,,,,,,,,,,,,,,,,,,,,,,,,,,,", u3611 ,m239,,
123965, u3611 ," You were Hugh Sloan's bookkeeper when he worked for Maurice Stans at Finance, and we were sort of wondering, did you go work for Stans immediately after Sloan quit or was there a time lapse?"",,,,,,,,,,,,,,,,,,,,,,,,,,,,,,,", u3612 ,m239,,
123966, u3612 ," I'm relaxed--light your cigarette.,,,,,,,,,,,,,,,,,,,,,,,,,,,,,,,", u3611 ,m239,,
123967, u3611 ," We don't tell anyone that. Which is why you can talk to us. And if we can't verify what you say someplace else, we don't print it. That's another reason you can relax."",,,,,,,,,,,,,,,,,,,,,,,,,,,,,,,", u3612 ,m239,,
123968, u3612 ," All those articles you people write-- where do you find that stuff?,,,,,,,,,,,,,,,,,,,,,,,,,,,,,,,", u3611 ,m239,,
123969, u3611 ," But I want you to know that I understand why you're afraid--a lot of good people down there at the Committee are afraid. I'm really sorry for what you're being put through.,,,,,,,,,,,,,,,,,,,,,,,,,,,,,,,", u3611 ,m239,,
123970, u3611 ," Just let me get a match.,,,,,,,,,,,,,,,,,,,,,,,,,,,,,,,", u3612 ,m239,,
123971, u3612 ," You've really got to go.,,,,,,,,,,,,,,,,,,,,,,,,,,,,,,,", u3611 ,m239,,
123972, u3611 ," Irwin? I really feel bad, doing something like this--you know that, don't you?"",,,,,,,,,,,,,,,,,,,,,,,,,,,,,,,", u3622 ,m239,,
123973, u3622 ," A Miami D.A. The guy doing the investigating is named Martin Dardis. ,,,,,,,,,,,,,,,,,,,,,,,,,,,,,,,", u3611 ,m239,,
123974, u3611 ," Who by?,,,,,,,,,,,,,,,,,,,,,,,,,,,,,,,", u3622 ,m239,,
123975, u3622 ," It was accurate, but I can't get a fuller listing for you--all Barker's phone records have been subpoenaed."",,,,,,,,,,,,,,,,,,,,,,,,,,,,,,,", u3611 ,m239,,
123976, u3611 ," Just tell me about the goddamn article.,,,,,,,,,,,,,,,,,,,,,,,,,,,,,,,", u3622 ,m239,,
123977, u3622 ," And that makes anything you do OK, is that it?"",,,,,,,,,,,,,,,,,,,,,,,,,,,,,,,", u3611 ,m239,,
123978, u3611 ," Something maybe big.,,,,,,,,,,,,,,,,,,,,,,,,,,,,,,,", u3622 ,m239,,
123979, u3622 ," My big civil rights buddy--  --boy, if John Mitchell was after your phone records, would you be screaming.  What're you onto?"",,,,,,,,,,,,,,,,,,,,,,,,,,,,,,,", u3611 ,m239,,
123980, u3611 ," No games, Irwin; give."",,,,,,,,,,,,,,,,,,,,,,,,,,,,,,,", u3622 ,m239,,
123981, u3622 ," What do you want to know?,,,,,,,,,,,,,,,,,,,,,,,,,,,,,,,", u3611 ,m239,,
123982, u3611 ," So tell me about the Times article.,,,,,,,,,,,,,,,,,,,,,,,,,,,,,,,", u3622 ,m239,,
123983, u3622 ," 'Cause I'm not calling out from the phone company anymore--  --I think the place is bugged.,,,,,,,,,,,,,,,,,,,,,,,,,,,,,,,", u3611 ,m239,,
123984, u3611 ," Why couldn't you have just dialed me from the office, Irwin?"",,,,,,,,,,,,,,,,,,,,,,,,,,,,,,,", u3633 ,m239,,
123985, u3633 ," --let me put it this way: I'd have no problem if you did.,,,,,,,,,,,,,,,,,,,,,,,,,,,,,,,", u3611 ,m239,,
123986, u3611 ," --if we wrote a story that said Haldeman controlled the fund?--,,,,,,,,,,,,,,,,,,,,,,,,,,,,,,,", u3633 ,m239,,
123987, u3633 ," I'm not your source on that.,,,,,,,,,,,,,,,,,,,,,,,,,,,,,,,", u3611 ,m239,,
123988, u3611 ," --that leaves Haldeman, period."",,,,,,,,,,,,,,,,,,,,,,,,,,,,,,,", u3611 ,m239,,
123989, u3611 ," --it's gotta be Haldeman--someone from the White House had to be involved--,,,,,,,,,,,,,,,,,,,,,,,,,,,,,,,", u3633 ,m239,,
123990, u3633 ," --I'm not your source on that--,,,,,,,,,,,,,,,,,,,,,,,,,,,,,,,", u3633 ,m239,,
123991, u3633 ," --my wife just had the baby, my in- laws are arriving, I'm trying to get the house in some kind of shape."",,,,,,,,,,,,,,,,,,,,,,,,,,,,,,,", u3611 ,m239,,
123992, u3611 ," --this'll only take one second--,,,,,,,,,,,,,,,,,,,,,,,,,,,,,,,", u3633 ,m239,,
123993, u3633 ," I really can't talk now--,,,,,,,,,,,,,,,,,,,,,,,,,,,,,,,", u3633 ,m239,,
123994, u3633 ," We're moving.  I've been looking for a job but it's been... hard. My name's been in the papers too much. Sometimes I wonder if reporters understand how much pain they can inflict in just one sentence. I'm not thinking of myself. But my wife, my parents, it's been very rough on them."",,,,,,,,,,,,,,,,,,,,,,,,,,,,,,,", u3611 ,m239,,
123995, u3611 ," What happens when the baby comes?,,,,,,,,,,,,,,,,,,,,,,,,,,,,,,,", u3633 ,m239,,
123996, u3633 ," Routine--I'd just call John Mitchell over at the Justice Department and he'd say """"go ahead, give out the money."""""",,,,,,,,,,,,,,,,,,,,,,,,,,,,,,,", u3611 ,m239,,
123997, u3611 ," Ordinarily, though, what was the procedure?"",,,,,,,,,,,,,,,,,,,,,,,,,,,,,,,", u3633 ,m239,,
123998, u3633 ," Then Barker withdrew the 25 thousand in hundred dollar bills and gave it back to Liddy who gave it back to me and I put it in the office safe which was crammed.,,,,,,,,,,,,,,,,,,,,,,,,,,,,,,,", u3611 ,m239,,
123999, u3611 ," Right.,,,,,,,,,,,,,,,,,,,,,,,,,,,,,,,", u3611 ,m239,,
124000, u3611 ," Kalmbach--Nixon's personal lawyer.,,,,,,,,,,,,,,,,,,,,,,,,,,,,,,,", u3633 ,m239,,
124001, u3633 ," I will not talk about the other two.,,,,,,,,,,,,,,,,,,,,,,,,,,,,,,,", u3611 ,m239,,
124002, u3611 ," But they both worked at the White House?,,,,,,,,,,,,,,,,,,,,,,,,,,,,,,,", u3633 ,m239,,
124003, u3633 ," Well, they sure didn't ask us to come forward and tell the truth."",,,,,,,,,,,,,,,,,,,,,,,,,,,,,,,", u3611 ,m239,,
124004, u3611 ," To cover up?,,,,,,,,,,,,,,,,,,,,,,,,,,,,,,,", u3633 ,m239,,
124005, u3633 ," We were never told flat out """"Don't talk."""" But the message was clear."",,,,,,,,,,,,,,,,,,,,,,,,,,,,,,,", u3611 ,m239,,
124006, u3611 ," Because people at the Committee were told to lie to the prosecutors?,,,,,,,,,,,,,,,,,,,,,,,,,,,,,,,", u3633 ,m239,,
124007, u3633 ," That's another of the things I'm not so sure of.,,,,,,,,,,,,,,,,,,,,,,,,,,,,,,,", u3611 ,m239,,
124008, u3611 ," Do you think the truth will come out at the trial?,,,,,,,,,,,,,,,,,,,,,,,,,,,,,,,", u3633 ,m239,,
124009, u3633 ," Try and understand this. I'm a decent Republican. I believe in Richard Nixon. I worked in the White House four years--so did my wife. What happened on June 17 I don't think the President knew anything about. Some of his men I'm not so sure of.,,,,,,,,,,,,,,,,,,,,,,,,,,,,,,,", u3633 ,m239,,
124010, u3633 ," --they're worse. That's why I quit.,,,,,,,,,,,,,,,,,,,,,,,,,,,,,,,", u3611 ,m239,,
124011, u3611 ," --then again, maybe things are even worse than we've written--"",,,,,,,,,,,,,,,,,,,,,,,,,,,,,,,", u3613 ,m239,,
124012, u3613 ," My non-denial denial.,,,,,,,,,,,,,,,,,,,,,,,,,,,,,,,", u3632 ,m239,,
124013, u3632 ," What's this?,,,,,,,,,,,,,,,,,,,,,,,,,,,,,,,", u3632 ,m239,,
124014, u3632 ," --you double-checked both sources?--,,,,,,,,,,,,,,,,,,,,,,,,,,,,,,,", u3613 ,m239,,
124015, u3613 ," --well shit, we oughtta be tense-- we're about to accuse Mr. Haldeman who only happens to be the second most important man in America of conducting a criminal conspiracy from inside the White House--  --it would be nice if we were right--"",,,,,,,,,,,,,,,,,,,,,,,,,,,,,,,", u3632 ,m239,,
124016, u3632 ," --Christ, I wish I knew if we should print this--"",,,,,,,,,,,,,,,,,,,,,,,,,,,,,,,", u3613 ,m239,,
124017, u3613 ," --I don't know, I don't know, it feels thin--"",,,,,,,,,,,,,,,,,,,,,,,,,,,,,,,", u3613 ,m239,,
124018, u3613 ," --all non-denial denials--we're dirty guys and they doubt we were ever virgins but they don't say the story is inaccurate.,,,,,,,,,,,,,,,,,,,,,,,,,,,,,,,", u3632 ,m239,,
124019, u3632 ," Same kind of crap--,,,,,,,,,,,,,,,,,,,,,,,,,,,,,,,", u3632 ,m239,,
124020, u3632 ," And we'll all have to go to work for a living.,,,,,,,,,,,,,,,,,,,,,,,,,,,,,,,", u3613 ,m239,,
124021, u3613 ," Then it's our asses, isn't it?"",,,,,,,,,,,,,,,,,,,,,,,,,,,,,,,", u3619 ,m239,,
124022, u3619 ," The FBI thinks it's possible--the Democrats need a campaign issue, corruption's always a good one.  Get off the story, Ben--or put some people on McGovern's finances; fair is fair, even in our business."",,,,,,,,,,,,,,,,,,,,,,,,,,,,,,,", u3613 ,m239,,
124023, u3613 ," You saying the Democrats bugged themselves?,,,,,,,,,,,,,,,,,,,,,,,,,,,,,,,", u3619 ,m239,,
124024, u3619 ," Look--why would the Republicans do it? --my God, McGovern is self- destructing before our eyes--just like Muskie did, Humphrey, the bunch of 'em.  Why would the burglars have put the tape around the door instead of up and down unless they wanted to get caught? Why did they take a walkie- talkie and then turn it off, unless they wanted to get caught? Why would they use McCord--the only direct contact to the Republicans?"",,,,,,,,,,,,,,,,,,,,,,,,,,,,,,,", u3619 ,m239,,
124025, u3619 ," Ben, Jesus, there are over two thousand reporters in this town, are there five on Watergate? Where did we suddenly get all this wisdom?"",,,,,,,,,,,,,,,,,,,,,,,,,,,,,,,", u3613 ,m239,,
124026, u3613 ," It will, it just hasn't bottomed out yet, give it time."",,,,,,,,,,,,,,,,,,,,,,,,,,,,,,,", u3619 ,m239,,
124027, u3619 ," It's not that we're using unnamed sources that bothers me, or that everything we print the White House denies, or that almost no other papers are reprinting our stuff."",,,,,,,,,,,,,,,,,,,,,,,,,,,,,,,", u3613 ,m239,,
124028, u3613 ," Go on.,,,,,,,,,,,,,,,,,,,,,,,,,,,,,,,", u3619 ,m239,,
124029, u3619 ," I don't think either Metropolitan or National should cover the story.  I don't think we should cover the story, period."",,,,,,,,,,,,,,,,,,,,,,,,,,,,,,,", u3635 ,m239,,
124030, u3635 ," Mitchell started the cover-up early, everyone is involved in the cover- up, all the way to the top. The whole U.S. intelligence community is mixed in with the covert activities. The extent of it is incredible.  And people's lives are in danger, maybe including ours."",,,,,,,,,,,,,,,,,,,,,,,,,,,,,,,", u3613 ,m239,,
124031, u3613 ," Anything else from Mr. Throat?,,,,,,,,,,,,,,,,,,,,,,,,,,,,,,,", u3635 ,m239,,
124032, u3635 ," Electronic surveillance.,,,,,,,,,,,,,,,,,,,,,,,,,,,,,,,", u3613 ,m239,,
124033, u3613 ," We can't talk inside either?,,,,,,,,,,,,,,,,,,,,,,,,,,,,,,,", u3613 ,m239,,
124034, u3613 ," --I'm not sure, it still feels thin-- "",,,,,,,,,,,,,,,,,,,,,,,,,,,,,,,", u3635 ,m239,,
124035, u3635 ," --I'm sure--,,,,,,,,,,,,,,,,,,,,,,,,,,,,,,,", u3635 ,m239,,
124036, u3635 ," --he went to her apartment and he told her--,,,,,,,,,,,,,,,,,,,,,,,,,,,,,,,", u3613 ,m239,,
124037, u3613 ," --what do you think?--,,,,,,,,,,,,,,,,,,,,,,,,,,,,,,,", u3635 ,m239,,
124038, u3635 ," --his dialing finger must be falling off--,,,,,,,,,,,,,,,,,,,,,,,,,,,,,,,", u3613 ,m239,,
124039, u3613 ," I got Clawsen on hold--,,,,,,,,,,,,,,,,,,,,,,,,,,,,,,,", u3613 ,m239,,
124040, u3613 ," OK.  You're about to write a story that says that the former Attorney General-- the man who represented law in America-- is a crook.  Just be right, huh?"",,,,,,,,,,,,,,,,,,,,,,,,,,,,,,,", u3635 ,m239,,
124041, u3635 ," --I saw him. He verifies.,,,,,,,,,,,,,,,,,,,,,,,,,,,,,,,", u3635 ,m239,,
124042, u3635 ," He approved the payments to Liddy while he was still Attorney General--,,,,,,,,,,,,,,,,,,,,,,,,,,,,,,,", u3613 ,m239,,
124043, u3613 ," This is a daily paper, we'll explain it tomorrow.  You're certain on Mitchell?"",,,,,,,,,,,,,,,,,,,,,,,,,,,,,,,", u3613 ,m239,,
124044, u3613 ," Is he on the level of Assistant to the President or not?,,,,,,,,,,,,,,,,,,,,,,,,,,,,,,,", u3635 ,m239,,
124045, u3635 ," I don't know titles.,,,,,,,,,,,,,,,,,,,,,,,,,,,,,,,", u3613 ,m239,,
124046, u3613 ," Just tell me his title.,,,,,,,,,,,,,,,,,,,,,,,,,,,,,,,", u3635 ,m239,,
124047, u3635 ," You asking me to disclose my source?,,,,,,,,,,,,,,,,,,,,,,,,,,,,,,,", u3613 ,m239,,
124048, u3613 ," How senior?,,,,,,,,,,,,,,,,,,,,,,,,,,,,,,,", u3635 ,m239,,
124049, u3635 ," I was told by this guy at the White House that Hunt was investigating Teddy Kennedy.,,,,,,,,,,,,,,,,,,,,,,,,,,,,,,,", u3614 ,m239,,
124050, u3614 ," You don't mind getting on people's nerves, do you?"",,,,,,,,,,,,,,,,,,,,,,,,,,,,,,,", u3635 ,m239,,
124051, u3635 ," I have nothing more to say.,,,,,,,,,,,,,,,,,,,,,,,,,,,,,,,", u3614 ,m239,,
124052, u3614 ," Are you implying you don't believe me?,,,,,,,,,,,,,,,,,,,,,,,,,,,,,,,", u3635 ,m239,,
124053, u3635 ," It was really nice of you to come, since you'd only met him once."",,,,,,,,,,,,,,,,,,,,,,,,,,,,,,,", u3614 ,m239,,
124054, u3614 ," Barker's wife called me at three this morning; her husband apparently had told her to call if he hadn't called her by then.,,,,,,,,,,,,,,,,,,,,,,,,,,,,,,,", u3635 ,m239,,
124055, u3635 ," A Miami social occasion?  Mr. Rafferty told me the Cubans were from Miami.,,,,,,,,,,,,,,,,,,,,,,,,,,,,,,,", u3614 ,m239,,
124056, u3614 ," --I met one of the defendants, Mr. Barker, at a social occasion once--  --I have nothing more to say."",,,,,,,,,,,,,,,,,,,,,,,,,,,,,,,", u3635 ,m239,,
124057, u3635 ," You're a lawyer and you're here--,,,,,,,,,,,,,,,,,,,,,,,,,,,,,,,", u3614 ,m239,,
124058, u3614 ," They are not my clients.,,,,,,,,,,,,,,,,,,,,,,,,,,,,,,,", u3635 ,m239,,
124059, u3635 ," Your clients were arrested with a walkie-talkie; they didn't need that to talk among themselves.,,,,,,,,,,,,,,,,,,,,,,,,,,,,,,,", u3614 ,m239,,
124060, u3614 ," There is no reason to assume other people were involved.,,,,,,,,,,,,,,,,,,,,,,,,,,,,,,,", u3635 ,m239,,
124061, u3635 ," Did you know to come because one of the other men involved in the break- in called you?,,,,,,,,,,,,,,,,,,,,,,,,,,,,,,,", u3635 ,m239,,
124062, u3635 ," Well, they never would have been assigned if anyone had known the burglars had arranged for their own counsel. And that could only mean the burglars didn't arrange for their own counsel--they never even made a phone call.  So if they didn't ask for you to be here, how did you know to come?"",,,,,,,,,,,,,,,,,,,,,,,,,,,,,,,", u3614 ,m239,,
124063, u3614 ," So?,,,,,,,,,,,,,,,,,,,,,,,,,,,,,,,", u3635 ,m239,,
124064, u3635 ," Probably you're right, but a little while ago, I was talking to a couple of lawyers who'd been assigned to represent the burglars."",,,,,,,,,,,,,,,,,,,,,,,,,,,,,,,", u3614 ,m239,,
124065, u3614 ," I assure you, there's nothing mysterious involved."",,,,,,,,,,,,,,,,,,,,,,,,,,,,,,,", u3635 ,m239,,
124066, u3635 ," What I don't understand is how you got here.,,,,,,,,,,,,,,,,,,,,,,,,,,,,,,,", u3635 ,m239,,
124067, u3635 ," --you have nothing more to say, I understand that."",,,,,,,,,,,,,,,,,,,,,,,,,,,,,,,", u3614 ,m239,,
124068, u3614 ," Look, I told you inside--"",,,,,,,,,,,,,,,,,,,,,,,,,,,,,,,", u3635 ,m239,,
124069, u3635 ," Mr. Rafferty was very helpful. Four Cuban-Americans and this other man, James McCord."",,,,,,,,,,,,,,,,,,,,,,,,,,,,,,,", u3614 ,m239,,
124070, u3614 ," Clearly, I am here, but only as an individual, I'm not the attorney of record.  Mr. Rafferty has that position. Whatever you want, you'll have to get from him, I have nothing more to say."",,,,,,,,,,,,,,,,,,,,,,,,,,,,,,,", u3635 ,m239,,
124071, u3635 ," Douglas Caddy, the attorney of record, when questioned about his presence in the courtroom, denied he was in the courtroom, """"I'm not here,"""" Mr. Caddy said."",,,,,,,,,,,,,,,,,,,,,,,,,,,,,,,", u3635 ,m239,,
124072, u3635 ," OK.,,,,,,,,,,,,,,,,,,,,,,,,,,,,,,,", u3614 ,m239,,
124073, u3614 ," --I'm not here.,,,,,,,,,,,,,,,,,,,,,,,,,,,,,,,", u3635 ,m239,,
124074, u3635 ," Mr. Caddy? My name's Bob Woodward, I'm from the Post and I wanted to ask about how you happened to come on this case--"",,,,,,,,,,,,,,,,,,,,,,,,,,,,,,,", u3615 ,m239,,
124075, u3615 ," --I've completely forgotten where it was, except I know it wasn't her apartment."",,,,,,,,,,,,,,,,,,,,,,,,,,,,,,,", u3635 ,m239,,
124076, u3635 ," Well, was it in a bar, her apartment, some restaurant--"",,,,,,,,,,,,,,,,,,,,,,,,,,,,,,,", u3615 ,m239,,
124077, u3615 ," Where?  What do you mean, where?"",,,,,,,,,,,,,,,,,,,,,,,,,,,,,,,", u3635 ,m239,,
124078, u3635 ," Sorry, Ken; listen, one last thing: where did your talk with Berger happen?"",,,,,,,,,,,,,,,,,,,,,,,,,,,,,,,", u3615 ,m239,,
124079, u3615 ," That's a bullshit question, that's a question straight out of Wichita, Kansas."",,,,,,,,,,,,,,,,,,,,,,,,,,,,,,,", u3635 ,m239,,
124080, u3635 ," She's an awfully good reporter--I can't remember her getting too much wrong before, can you?"",,,,,,,,,,,,,,,,,,,,,,,,,,,,,,,", u3615 ,m239,,
124081, u3615 ," Absolutely--Marilyn's gotten it totally wrong--,,,,,,,,,,,,,,,,,,,,,,,,,,,,,,,", u3635 ,m239,,
124082, u3635 ," You claiming it was all a misunderstanding, Ken?"",,,,,,,,,,,,,,,,,,,,,,,,,,,,,,,", u3635 ,m239,,
124083, u3635 ," That checks out with our finding, thank you, Mr. Dahlberg."",,,,,,,,,,,,,,,,,,,,,,,,,,,,,,,", u3616 ,m239,,
124084, u3616 ," I don't know; I really don't. The last time I saw it was when I was in Washington. I gave it to the Finance department of the Committee to Re- Elect the President. How it got to that burglar, your guess is as good as mine."",,,,,,,,,,,,,,,,,,,,,,,,,,,,,,,", u3635 ,m239,,
124085, u3635 ," I see. And how do you think it reached Miami?,,,,,,,,,,,,,,,,,,,,,,,,,,,,,,,", u3616 ,m239,,
124086, u3616 ," That twenty-five thousand dollars is money I collected for Nixon in this year's campaign.,,,,,,,,,,,,,,,,,,,,,,,,,,,,,,,", u3616 ,m239,,
124087, u3616 ," I'm a proper citizen, I'm a decent man, I don't do anything that isn't decent or proper.  I know I shouldn't tell you this..."",,,,,,,,,,,,,,,,,,,,,,,,,,,,,,,", u3635 ,m239,,
124088, u3635 ," Yes, sir."",,,,,,,,,,,,,,,,,,,,,,,,,,,,,,,", u3616 ,m239,,
124089, u3616 ," ...you're definitely doing a story...?,,,,,,,,,,,,,,,,,,,,,,,,,,,,,,,", u3635 ,m239,,
124090, u3635 ," The twenty-five thousand dollar one.  The one with your name on it.  In Bernard Barker's Florida account.  Bernard Barker, the Watergate burglar--"",,,,,,,,,,,,,,,,,,,,,,,,,,,,,,,", u3616 ,m239,,
124091, u3616 ," ...check...?,,,,,,,,,,,,,,,,,,,,,,,,,,,,,,,", u3635 ,m239,,
124092, u3635 ," --this should take only a minute, Mr. Dahlberg, but we're doing a follow- up on the break-in--  --and I was kind of curious about your check."",,,,,,,,,,,,,,,,,,,,,,,,,,,,,,,", u3618 ,m239,,
124093, u3618 ," You'll have to find that out, won't you?--"",,,,,,,,,,,,,,,,,,,,,,,,,,,,,,,", u3635 ,m239,,
124094, u3635 ," We know that--and if we were wrong, we're resigning--were we wrong?"",,,,,,,,,,,,,,,,,,,,,,,,,,,,,,,", u3618 ,m239,,
124095, u3618 ," --you've done worse than let Haldeman slip away, you've got people feeling sorry for him--I didn't think that was possible. A conspiracy like this-- the rope has to tighten slowly around everyone's neck. You build from the outer edges and you go step by step. If you shoot too high and miss, then everybody feels more secure. You've put the investigation back months."",,,,,,,,,,,,,,,,,,,,,,,,,,,,,,,", u3635 ,m239,,
124096, u3635 ," --I know, I know, the pressure's off the White House and it's all back on the Post--"",,,,,,,,,,,,,,,,,,,,,,,,,,,,,,,", u3618 ,m239,,
124097, u3618 ," I was being cautious.  You can safely say more then fifty...,,,,,,,,,,,,,,,,,,,,,,,,,,,,,,,", u3635 ,m239,,
124098, u3635 ," Fifty ratfuckers directed by the White House to destroy the Democrats?,,,,,,,,,,,,,,,,,,,,,,,,,,,,,,,", u3618 ,m239,,
124099, u3618 ," Yes, yes, everything. There were over fifty people employed by the White House and CREEP to ratfuck-- some of what they did is beyond belief."",,,,,,,,,,,,,,,,,,,,,,,,,,,,,,,", u3635 ,m239,,
124100, u3635 ," And Justice and FBI know all this?,,,,,,,,,,,,,,,,,,,,,,,,,,,,,,,", u3618 ,m239,,
124101, u3618 ," Nationwide--my God, they were frightened of Muskie and look who got destroyed--they wanted to run against McGovern, and look who they're running against. They bugged, they followed people, false press leaks, fake letters, they canceled Democratic campaign rallies, they investigated Democratic private lives, they planted spies, stole documents, on and on-- don't tell me you think this was all the work of little Don Segretti."",,,,,,,,,,,,,,,,,,,,,,,,,,,,,,,", u3635 ,m239,,
124102, u3635 ," How grand?,,,,,,,,,,,,,,,,,,,,,,,,,,,,,,,", u3618 ,m239,,
124103, u3618 ," --don't you miss the grand scheme too.,,,,,,,,,,,,,,,,,,,,,,,,,,,,,,,", u3635 ,m239,,
124104, u3635 ," --the Canuck letter--was that a White House operation--,,,,,,,,,,,,,,,,,,,,,,,,,,,,,,,", u3618 ,m239,,
124105, u3618 ," Follow every lead--every lead goes somewhere--,,,,,,,,,,,,,,,,,,,,,,,,,,,,,,,", u3635 ,m239,,
124106, u3635 ," There were more then.,,,,,,,,,,,,,,,,,,,,,,,,,,,,,,,", u3618 ,m239,,
124107, u3618 ," --don't concentrate on Segretti or you'll miss the overall scheme too.,,,,,,,,,,,,,,,,,,,,,,,,,,,,,,,", u3635 ,m239,,
124108, u3635 ," Talk about Segretti--,,,,,,,,,,,,,,,,,,,,,,,,,,,,,,,", u3618 ,m239,,
124109, u3618 ," Total manipulation. I suppose you could say they wanted to subvert the Constitution, but they don't think along philosophical lines."",,,,,,,,,,,,,,,,,,,,,,,,,,,,,,,", u3635 ,m239,,
124110, u3635 ," Why did they do all this for Chrissakes?--what were they after?,,,,,,,,,,,,,,,,,,,,,,,,,,,,,,,", u3618 ,m239,,
124111, u3618 ," You get nothing from me about Haldeman?,,,,,,,,,,,,,,,,,,,,,,,,,,,,,,,", u3635 ,m239,,
124112, u3635 ," Haldeman too?,,,,,,,,,,,,,,,,,,,,,,,,,,,,,,,", u3618 ,m239,,
124113, u3618 ," Of course--my God, you think something this big just happens? The break-in and the cover up, of course Mitchell knew, but no more than Ehrlichman."",,,,,,,,,,,,,,,,,,,,,,,,,,,,,,,", u3635 ,m239,,
124114, u3635 ," Mitchell knew then.,,,,,,,,,,,,,,,,,,,,,,,,,,,,,,,", u3618 ,m239,,
124115, u3618 ," Someone with authority I'd imagine, wouldn't you?  Don't you know what you're onto? Come on."",,,,,,,,,,,,,,,,,,,,,,,,,,,,,,,", u3635 ,m239,,
124116, u3635 ," Why didn't they?--who told them not to?,,,,,,,,,,,,,,,,,,,,,,,,,,,,,,,", u3618 ,m239,,
124117, u3618 ," They know, but they focused on the burglary--if it didn't deal with the break-in, they didn't pursue it."",,,,,,,,,,,,,,,,,,,,,,,,,,,,,,,", u3635 ,m239,,
124118, u3635 ," Do Justice and the FBI know what we know, and why the hell haven't they done anything about it?"",,,,,,,,,,,,,,,,,,,,,,,,,,,,,,,", u3618 ,m239,,
124119, u3618 ," I hope you noticed how coolly I behaved under the threat of discovery.,,,,,,,,,,,,,,,,,,,,,,,,,,,,,,,", u3618 ,m239,,
124120, u3618 ," Did you change cabs?  It didn't work, something moved there--"",,,,,,,,,,,,,,,,,,,,,,,,,,,,,,,", u3635 ,m239,,
124121, u3635 ," What?,,,,,,,,,,,,,,,,,,,,,,,,,,,,,,,", u3635 ,m239,,
124122, u3635 ," The slush fund at CREEP financed the ratfucking, we've almost got that nailed down, so--"",,,,,,,,,,,,,,,,,,,,,,,,,,,,,,,", u3618 ,m239,,
124123, u3618 ," You'll have to find that out, won't you."",,,,,,,,,,,,,,,,,,,,,,,,,,,,,,,", u3635 ,m239,,
124124, u3635 ," Who?--be specific. How high up?,,,,,,,,,,,,,,,,,,,,,,,,,,,,,,,", u3618 ,m239,,
124125, u3618 ," Yes, the little ratfuckers are now running our government."",,,,,,,,,,,,,,,,,,,,,,,,,,,,,,,", u3635 ,m239,,
124126, u3635 ," I know what it means--Segretti wouldn't go on the record, but if he would, we know he'd implicate Chapin. And that would put us inside the White House."",,,,,,,,,,,,,,,,,,,,,,,,,,,,,,,", u3618 ,m239,,
124127, u3618 ," In my day, it was simply called the double cross. I believe the CIA refers to it as Mindfuck. In our context, it simply means infiltration of the Democrats."",,,,,,,,,,,,,,,,,,,,,,,,,,,,,,,", u3635 ,m239,,
124128, u3635 ," Ratfucking.,,,,,,,,,,,,,,,,,,,,,,,,,,,,,,,", u3618 ,m239,,
124129, u3618 ," My turn to keep you waiting.  What's the topic for tonight?,,,,,,,,,,,,,,,,,,,,,,,,,,,,,,,", u3618 ,m239,,
124130, u3618 ," Talk? Once, at a gathering, he put his hand over a candle. And he kept it there. He kept it right in the flame until his flesh seared. A woman who was watching asked, """"What's the trick?"""" And he replied. """"The trick is not minding."""""",,,,,,,,,,,,,,,,,,,,,,,,,,,,,,,", u3635 ,m239,,
124131, u3635 ," Liddy--you think there's a chance he'll talk?,,,,,,,,,,,,,,,,,,,,,,,,,,,,,,,", u3618 ,m239,,
124132, u3618 ," What I know, you'll have to find out on your own."",,,,,,,,,,,,,,,,,,,,,,,,,,,,,,,", u3635 ,m239,,
124133, u3635 ," What's the whole thing about--do you know?,,,,,,,,,,,,,,,,,,,,,,,,,,,,,,,", u3618 ,m239,,
124134, u3618 ," --melodramatic?  Things are past that--remember, these are men with switchblade mentalities who run the world as if it were Dodge City."",,,,,,,,,,,,,,,,,,,,,,,,,,,,,,,", u3635 ,m239,,
124135, u3635 ," I did everything you said, but it all seemed--"",,,,,,,,,,,,,,,,,,,,,,,,,,,,,,,", u3618 ,m239,,
124136, u3618 ," You changed cabs? You're sure no one followed you?,,,,,,,,,,,,,,,,,,,,,,,,,,,,,,,", u3635 ,m239,,
124137, u3635 ," This man Gordon Liddy--he's going to be tried along with Hunt and the five burglars--we know he knows a lot, we just don't know what."",,,,,,,,,,,,,,,,,,,,,,,,,,,,,,,", u3618 ,m239,,
124138, u3618 ," Go on.,,,,,,,,,,,,,,,,,,,,,,,,,,,,,,,", u3635 ,m239,,
124139, u3635 ," To where?,,,,,,,,,,,,,,,,,,,,,,,,,,,,,,,", u3618 ,m239,,
124140, u3618 ," Follow the money. Always follow the money.,,,,,,,,,,,,,,,,,,,,,,,,,,,,,,,", u3635 ,m239,,
124141, u3635 ," John Mitchell resigned as head of CREEP to spend more time with his family. That doesn't exactly have the ring of truth.  Howard Hunt's been found--there was talk that his lawyer had 25 thousand in cash in a paper bag.,,,,,,,,,,,,,,,,,,,,,,,,,,,,,,,", u3618 ,m239,,
124142, u3618 ," Because the press stinks too--history on the run, that's all you're interested in.  You come up with anything?"",,,,,,,,,,,,,,,,,,,,,,,,,,,,,,,", u3635 ,m239,,
124143, u3635 ," If you don't like them, why won't you be more concrete with me?"",,,,,,,,,,,,,,,,,,,,,,,,,,,,,,,", u3618 ,m239,,
124144, u3618 ," Then there must be something, mustn't there. Look, forget the myths the media's created about the White House-- the truth is, these are not very bright guys, and things got out of hand."",,,,,,,,,,,,,,,,,,,,,,,,,,,,,,,", u3635 ,m239,,
124145, u3635 ," I don't know maybe sixteen, eighteen hours a day--we've got sources at Justice, the FBI, but it's still drying up."",,,,,,,,,,,,,,,,,,,,,,,,,,,,,,,", u3618 ,m239,,
124146, u3618 ," You thought I'd help out on specifics?  I'll confirm what you get, try to keep you on the right track, but that's all.  Are you guys really working?  How much?"",,,,,,,,,,,,,,,,,,,,,,,,,,,,,,,", u3635 ,m239,,
124147, u3635 ," Nothing, that's the problem--the story's gone underground."",,,,,,,,,,,,,,,,,,,,,,,,,,,,,,,", u3618 ,m239,,
124148, u3618 ," I saw the flag signal--what's up?,,,,,,,,,,,,,,,,,,,,,,,,,,,,,,,", u3621 ,m239,,
124149, u3621 ," Good God!,,,,,,,,,,,,,,,,,,,,,,,,,,,,,,,", u3635 ,m239,,
124150, u3635 ," I was just kind of wondering why your name and phone number were in the address books of two of the men arrested at Watergate?,,,,,,,,,,,,,,,,,,,,,,,,,,,,,,,", u3621 ,m239,,
124151, u3621 ," --yes, yes, what is it?"",,,,,,,,,,,,,,,,,,,,,,,,,,,,,,,", u3635 ,m239,,
124152, u3635 ," Hi, I'm Bob Woodward of the Post and--"",,,,,,,,,,,,,,,,,,,,,,,,,,,,,,,", u3621 ,m239,,
124153, u3621 ," Howard Hunt here.,,,,,,,,,,,,,,,,,,,,,,,,,,,,,,,", u3635 ,m239,,
124154, u3635 ," Hello, I'm Bob Woodward of the Washing Post and...  Mullen and Company Public Relations? Could you tell me when you expect Mr. Hunt?  He is?"",,,,,,,,,,,,,,,,,,,,,,,,,,,,,,,", u3625 ,m239,,
124155, u3625 ," The C.I.A.,,,,,,,,,,,,,,,,,,,,,,,,,,,,,,,", u3624 ,m239,,
124156, u3624 ," Where?,,,,,,,,,,,,,,,,,,,,,,,,,,,,,,,", u3625 ,m239,,
124157, u3625 ," ...Central... Intelligence... Agency...,,,,,,,,,,,,,,,,,,,,,,,,,,,,,,,", u3624 ,m239,,
124158, u3624 ," Where in government?,,,,,,,,,,,,,,,,,,,,,,,,,,,,,,,", u3625 ,m239,,
124159, u3625 ," Government. Recently retired.,,,,,,,,,,,,,,,,,,,,,,,,,,,,,,,", u3624 ,m239,,
124160, u3624 ," Where?,,,,,,,,,,,,,,,,,,,,,,,,,,,,,,,", u3625 ,m239,,
124161, u3625 ," Security consultant.,,,,,,,,,,,,,,,,,,,,,,,,,,,,,,,", u3624 ,m239,,
124162, u3624 ," And what is your occupation, Mr. McCord?"",,,,,,,,,,,,,,,,,,,,,,,,,,,,,,,", u3624 ,m239,,
124163, u3624 ," Will you step forward, sir. "",,,,,,,,,,,,,,,,,,,,,,,,,,,,,,,", u3625 ,m239,,
124164, u3625 ," James McCord.,,,,,,,,,,,,,,,,,,,,,,,,,,,,,,,", u3624 ,m239,,
124165, u3624 ," Your name, please."",,,,,,,,,,,,,,,,,,,,,,,,,,,,,,,", u3635 ,m239,,
124166, u3635 ," Nobody ever had too much.,,,,,,,,,,,,,,,,,,,,,,,,,,,,,,,", u3627 ,m239,,
124167, u3627 ," We're going to need lots of good luck, aren't we?"",,,,,,,,,,,,,,,,,,,,,,,,,,,,,,,", u3627 ,m239,,
124168, u3627 ," I really want to know.,,,,,,,,,,,,,,,,,,,,,,,,,,,,,,,", u3635 ,m239,,
124169, u3635 ," I would, if you really ever wanted to know."",,,,,,,,,,,,,,,,,,,,,,,,,,,,,,,", u3627 ,m239,,
124170, u3627 ," You've never told anyone who he is?  But you'd have to tell me if I asked you.  Tell me.,,,,,,,,,,,,,,,,,,,,,,,,,,,,,,,", u3635 ,m239,,
124171, u3635 ," It is.,,,,,,,,,,,,,,,,,,,,,,,,,,,,,,,", u3627 ,m239,,
124172, u3627 ," But it's possible.,,,,,,,,,,,,,,,,,,,,,,,,,,,,,,,", u3635 ,m239,,
124173, u3635 ," I couldn't say.,,,,,,,,,,,,,,,,,,,,,,,,,,,,,,,", u3627 ,m239,,
124174, u3627 ," And the underground garage one.  Would I know him?,,,,,,,,,,,,,,,,,,,,,,,,,,,,,,,", u3635 ,m239,,
124175, u3635 ," Some Justice Department lawyers and an FBI man, and some people from the Committee to Re-Elect, yes ma'am."",,,,,,,,,,,,,,,,,,,,,,,,,,,,,,,", u3627 ,m239,,
124176, u3627 ," Never? Please don't tell me never.  Ben says you've found some wonderful sources.,,,,,,,,,,,,,,,,,,,,,,,,,,,,,,,", u3635 ,m239,,
124177, u3635 ," It may never come out.,,,,,,,,,,,,,,,,,,,,,,,,,,,,,,,", u3627 ,m239,,
124178, u3627 ," When will you be, do you think?-- when are we going to know it all?"",,,,,,,,,,,,,,,,,,,,,,,,,,,,,,,", u3635 ,m239,,
124179, u3635 ," No.,,,,,,,,,,,,,,,,,,,,,,,,,,,,,,,", u3627 ,m239,,
124180, u3627 ," Are you sure?,,,,,,,,,,,,,,,,,,,,,,,,,,,,,,,", u3635 ,m239,,
124181, u3635 ," I think so.,,,,,,,,,,,,,,,,,,,,,,,,,,,,,,,", u3627 ,m239,,
124182, u3627 ," You know, the paper was my father's and my husband's when they were alive and I was thinking back a year or two ago when Ben called me and said he wanted to publish the Pentagon Papers the next day. The Times had already been stopped from publishing anymore of them and all my legal counsel said """"don't, don't"""" and I was frightened but I knew if I said no, I'd lose the whole fifth floor. So we published, and that night, after I'd told Ben to go ahead, I woke up in the darkness and I thought, """"Oh my Lord, what am I doing to this newspaper?""""  I woke up again last night with that same question.  Are we right on this story?"",,,,,,,,,,,,,,,,,,,,,,,,,,,,,,,", u3635 ,m239,,
124183, u3635 ," --I'm Woodward.,,,,,,,,,,,,,,,,,,,,,,,,,,,,,,,", u3627 ,m239,,
124184, u3627 ," I'm so glad you could come, Mr.--"",,,,,,,,,,,,,,,,,,,,,,,,,,,,,,,", u3628 ,m239,,
124185, u3628 ," --well, what if your boys get it wrong--"",,,,,,,,,,,,,,,,,,,,,,,,,,,,,,,", u3629 ,m239,,
124186, u3629 ," --absolutely--and that's all they do, sit sit sit--every once in a while, they call up a Senator, some reporting--"",,,,,,,,,,,,,,,,,,,,,,,,,,,,,,,", u3628 ,m239,,
124187, u3628 ," --well, I've got some pretty experienced fellas sitting around, wouldn't you say so?--"",,,,,,,,,,,,,,,,,,,,,,,,,,,,,,,", u3629 ,m239,,
124188, u3629 ," Ask him what he's really saying--he means take the story away from Woodstein and give it to his people at the National Desk--,,,,,,,,,,,,,,,,,,,,,,,,,,,,,,,", u3628 ,m239,,
124189, u3628 ," --this White House guy, a good one, a pro, came up and asked what is this Watergate compulsion with you guys and I said, well, we think it's important and he said, if it's so goddamn important, who the hell are Woodward and Bernstein?"",,,,,,,,,,,,,,,,,,,,,,,,,,,,,,,", u3629 ,m239,,
124190, u3629 ," --correction--when you were drinking your lunch at the bar of the Sans Souci--,,,,,,,,,,,,,,,,,,,,,,,,,,,,,,,", u3629 ,m239,,
124191, u3629 ," --quit equivocating, say what you mean--  --our story got Government Accounting to start an audit on CREEP's finances--"",,,,,,,,,,,,,,,,,,,,,,,,,,,,,,,", u3628 ,m239,,
124192, u3628 ," --nobody gives a shit about the Dahlberg repercussions--,,,,,,,,,,,,,,,,,,,,,,,,,,,,,,,", u3629 ,m239,,
124193, u3629 ," --you are ignoring the importance of the Dahlberg repercussions--,,,,,,,,,,,,,,,,,,,,,,,,,,,,,,,", u3635 ,m239,,
124194, u3635 ," --well, Sloan--"",,,,,,,,,,,,,,,,,,,,,,,,,,,,,,,", u3629 ,m239,,
124195, u3629 ," --who you got?--,,,,,,,,,,,,,,,,,,,,,,,,,,,,,,,", u3629 ,m239,,
124196, u3629 ," I think we got a White House consultant linked to the bugging.,,,,,,,,,,,,,,,,,,,,,,,,,,,,,,,", u3635 ,m239,,
124197, u3635 ," I never asked them about Watergate. I only said what were Hunt's duties at the White House. They volunteered that he was innocent when nobody asked was he guilty.,,,,,,,,,,,,,,,,,,,,,,,,,,,,,,,", u3629 ,m239,,
124198, u3629 ," So?,,,,,,,,,,,,,,,,,,,,,,,,,,,,,,,", u3635 ,m239,,
124199, u3635 ," Hunt is Colson's man--  --that's Charles Colson, Nixon's special counsel--  --they both went to Brown University--  --Hunt worked for the C.I.A. till '70, and this is on deep background, the FBI thinks he's involved with the break-in."",,,,,,,,,,,,,,,,,,,,,,,,,,,,,,,", u3629 ,m239,,
124200, u3629 ," Whaddya got, whaddya got?"",,,,,,,,,,,,,,,,,,,,,,,,,,,,,,,", u3629 ,m239,,
124201, u3629 ," Just that on his office wall there's a cartoon with a caption reading, """"When you've got them by the balls, their hearts and minds will follow."""""",,,,,,,,,,,,,,,,,,,,,,,,,,,,,,,", u3635 ,m239,,
124202, u3635 ," Thanks, Harry.  Know anything about Colson?"",,,,,,,,,,,,,,,,,,,,,,,,,,,,,,,", u3629 ,m239,,
124203, u3629 ," The second most powerful man is Robert Haldeman. Just below him are a trio: Mr. Erlichman is Haldeman's friend, and they protect the President from everybody which is why they are referred to as either The German Shepherds or the Berlin Wall. Mr. Mitchell we've already discussed. Mr. Colson is the President's special counsel."",,,,,,,,,,,,,,,,,,,,,,,,,,,,,,,", u3629 ,m239,,
124204, u3629 ," The most powerful man in America is President Nixon, probably you've heard his name."",,,,,,,,,,,,,,,,,,,,,,,,,,,,,,,", u3635 ,m239,,
124205, u3635 ," Who's Colson, Harry?"",,,,,,,,,,,,,,,,,,,,,,,,,,,,,,,", u3629 ,m239,,
124206, u3629 ," I would liken your query to being in Russia half a century ago and asking someone, """"I understand who Lenin is and Trotsky I got too, but who's this yokel Stalin?"""""",,,,,,,,,,,,,,,,,,,,,,,,,,,,,,,", u3635 ,m239,,
124207, u3635 ," Who's Charles Colson?,,,,,,,,,,,,,,,,,,,,,,,,,,,,,,,", u3629 ,m239,,
124208, u3629 ," I can't sell hints to Simons--  --you called everyone you know?  Call someone you don't know.,,,,,,,,,,,,,,,,,,,,,,,,,,,,,,,", u3635 ,m239,,
124209, u3635 ," Lotsa hints--,,,,,,,,,,,,,,,,,,,,,,,,,,,,,,,", u3629 ,m239,,
124210, u3629 ," What'd you get on W.House?,,,,,,,,,,,,,,,,,,,,,,,,,,,,,,,", u3629 ,m239,,
124211, u3629 ," As a rough rule of thumb, as far as I can throw Bronco Nagurski, that's how much I trust John Mitchell..."",,,,,,,,,,,,,,,,,,,,,,,,,,,,,,,", u3635 ,m239,,
124212, u3635 ," You can't believe that.,,,,,,,,,,,,,,,,,,,,,,,,,,,,,,,", u3629 ,m239,,
124213, u3629 ," Mr. John Mitchell, the head of CREEP, says it means nothing.  """"...This man and the other people involved were not operating on either our behalf or with our consent. These is no place in our campaign or in the electoral process for this type of activity, and we will not forget it or condone it."""""",,,,,,,,,,,,,,,,,,,,,,,,,,,,,,,", u3635 ,m239,,
124214, u3635 ," The head of security for the reelection of a Republican President got caught bugging the national offices of the Democrats? What the hell does that mean?,,,,,,,,,,,,,,,,,,,,,,,,,,,,,,,", u3629 ,m239,,
124215, u3629 ," Then how come the Associated Press were the ones found out that Mr. McCord is security coordinator for the Committee to Re-elect the President, otherwise known as CREEP?"",,,,,,,,,,,,,,,,,,,,,,,,,,,,,,,", u3635 ,m239,,
124216, u3635 ," I did all right on McCord.,,,,,,,,,,,,,,,,,,,,,,,,,,,,,,,", u3629 ,m239,,
124217, u3629 ," OK, get on this W.House guy and do a better job then you did on McCord."",,,,,,,,,,,,,,,,,,,,,,,,,,,,,,,", u3629 ,m239,,
124218, u3629 ," Don't know; who the hell's Howard Hunt?  It's probably nothing but check it out. Just go easy, it could be crazy Cubans."",,,,,,,,,,,,,,,,,,,,,,,,,,,,,,,", u3635 ,m239,,
124219, u3635 ," That's everything Bachinski had, I think it's worth following up."",,,,,,,,,,,,,,,,,,,,,,,,,,,,,,,", u3629 ,m239,,
124220, u3629 ," ...go on, go on..."",,,,,,,,,,,,,,,,,,,,,,,,,,,,,,,", u3629 ,m239,,
124221, u3629 ," Two o'clock, work the phones 'til you go."",,,,,,,,,,,,,,,,,,,,,,,,,,,,,,,", u3635 ,m239,,
124222, u3635 ," Preliminary hearing at Superior Courthouse?,,,,,,,,,,,,,,,,,,,,,,,,,,,,,,,", u3629 ,m239,,
124223, u3629 ," As usual, that keen mind of yours has pegged the situation perfectly.  Except  it wasn't local Democratic Headquarters, it was National Democratic Headquarters--  --and  these weren't just any idiots, these were special idiots, seeing as when they were arrested at 2:30 this morning, they were all wearing business suits and Playtex gloves and were carrying--  --a walkie-talkie, forty rolls of film, cameras, lock picks, pen-sized tear gas guns, plus various bugging devices.  Not to mention over two thousand dollars, mostly in sequenced hundred dollar bills."",,,,,,,,,,,,,,,,,,,,,,,,,,,,,,,", u3635 ,m239,,
124224, u3635 ," You call me in on my day off because some idiots have broken into local Democratic Headquarters--tell me, Harry, why should I be smiling?"",,,,,,,,,,,,,,,,,,,,,,,,,,,,,,,", u3629 ,m239,,
124225, u3629 ," Where's that cheery face we've come to know and love?,,,,,,,,,,,,,,,,,,,,,,,,,,,,,,,", u3629 ,m239,,
124226, u3629 ," One Senator just gave a speech slurring us 57 times in 20 minutes.,,,,,,,,,,,,,,,,,,,,,,,,,,,,,,,", u3632 ,m239,,
124227, u3632 ," More denunciations?,,,,,,,,,,,,,,,,,,,,,,,,,,,,,,,", u3629 ,m239,,
124228, u3629 ," --maybe I'm tense--,,,,,,,,,,,,,,,,,,,,,,,,,,,,,,,", u3632 ,m239,,
124229, u3632 ," --Harry, weren't you just arguing the opposite way?--"",,,,,,,,,,,,,,,,,,,,,,,,,,,,,,,", u3629 ,m239,,
124230, u3629 ," --listen, I love this country, you think I want to bring it down?--I'm not some goddamn zany, I was a hawk--"",,,,,,,,,,,,,,,,,,,,,,,,,,,,,,,", u3632 ,m239,,
124231, u3632 ," --go over your sources again--,,,,,,,,,,,,,,,,,,,,,,,,,,,,,,,", u3629 ,m239,,
124232, u3629 ," --listen, we didn't make them do these things--once they did, it's our job to report it--"",,,,,,,,,,,,,,,,,,,,,,,,,,,,,,,", u3629 ,m239,,
124233, u3629 ," --political, personal, sexual, anything at all against Mitchell?--"",,,,,,,,,,,,,,,,,,,,,,,,,,,,,,,", u3632 ,m239,,
124234, u3632 ," --has any of them got an ax?--,,,,,,,,,,,,,,,,,,,,,,,,,,,,,,,", u3629 ,m239,,
124235, u3629 ," I know, I did, but damnit Howard--  For the first time since I've known him, I think he's really humping..."",,,,,,,,,,,,,,,,,,,,,,,,,,,,,,,", u3632 ,m239,,
124236, u3632 ," I don't get it--you were the one who wanted to fire him.,,,,,,,,,,,,,,,,,,,,,,,,,,,,,,,", u3629 ,m239,,
124237, u3629 ," That was awhile ago.,,,,,,,,,,,,,,,,,,,,,,,,,,,,,,,", u3632 ,m239,,
124238, u3632 ," --remember Toronto, Harry."",,,,,,,,,,,,,,,,,,,,,,,,,,,,,,,", u3629 ,m239,,
124239, u3629 ," Howard--,,,,,,,,,,,,,,,,,,,,,,,,,,,,,,,", u3632 ,m239,,
124240, u3632 ," Anyone but Bernstein.,,,,,,,,,,,,,,,,,,,,,,,,,,,,,,,", u3629 ,m239,,
124241, u3629 ," I can predict the next words you're gonna say: """"anyone but Bernstein.""""  I want to send a reporter to Miami."",,,,,,,,,,,,,,,,,,,,,,,,,,,,,,,", u3632 ,m239,,
124242, u3632 ," Let me see what you get, but don't jump--The New York Times thinks it's crazy Cubans."",,,,,,,,,,,,,,,,,,,,,,,,,,,,,,,", u3629 ,m239,,
124243, u3629 ," Could develop.,,,,,,,,,,,,,,,,,,,,,,,,,,,,,,,", u3632 ,m239,,
124244, u3632 ," --in other words, you got nothing, you're thumbsucking."",,,,,,,,,,,,,,,,,,,,,,,,,,,,,,,", u3629 ,m239,,
124245, u3629 ," Woodward's onto a new wrinkle with the break-in thing--absolute page one stuff--,,,,,,,,,,,,,,,,,,,,,,,,,,,,,,,", u3632 ,m239,,
124246, u3632 ," Anything?,,,,,,,,,,,,,,,,,,,,,,,,,,,,,,,", u3635 ,m239,,
124247, u3635 ," He just did.,,,,,,,,,,,,,,,,,,,,,,,,,,,,,,,", u3632 ,m239,,
124248, u3632 ," --well and good, but when will he say it on the record."",,,,,,,,,,,,,,,,,,,,,,,,,,,,,,,", u3635 ,m239,,
124249, u3635 ," --and he says Chapin hired Segretti--,,,,,,,,,,,,,,,,,,,,,,,,,,,,,,,", u3635 ,m239,,
124250, u3635 ," Larry Young, a California lawyer--"",,,,,,,,,,,,,,,,,,,,,,,,,,,,,,,", u3632 ,m239,,
124251, u3632 ," --which Young?,,,,,,,,,,,,,,,,,,,,,,,,,,,,,,,", u3632 ,m239,,
124252, u3632 ," I don't know, but I don't think that's unreasonable either, do you?"",,,,,,,,,,,,,,,,,,,,,,,,,,,,,,,", u3635 ,m239,,
124253, u3635 ," You think she wants us to ease up on the story?,,,,,,,,,,,,,,,,,,,,,,,,,,,,,,,", u3632 ,m239,,
124254, u3632 ," Maybe to fire you--since you two started on this story, the Post stock has dropped, what, 50 percent?  And the word is some Nixon people are challenging her TV licenses. I'm not saying she's going on relief, but I don't think it's unreasonable for her to want to meet you."",,,,,,,,,,,,,,,,,,,,,,,,,,,,,,,", u3635 ,m239,,
124255, u3635 ," What do you think Mrs. Graham wants to see me for?,,,,,,,,,,,,,,,,,,,,,,,,,,,,,,,", u3632 ,m239,,
124256, u3632 ," --can we use their names?--,,,,,,,,,,,,,,,,,,,,,,,,,,,,,,,", u3635 ,m239,,
124257, u3635 ," --no--,,,,,,,,,,,,,,,,,,,,,,,,,,,,,,,", u3635 ,m239,,
124258, u3635 ," Absolutely.,,,,,,,,,,,,,,,,,,,,,,,,,,,,,,,", u3632 ,m239,,
124259, u3632 ," Isn't that what you'd expect them to say?,,,,,,,,,,,,,,,,,,,,,,,,,,,,,,,", u3635 ,m239,,
124260, u3635 ," According to White House personnel, Hunt definitely works there as a consultant for Colson. But when I called the White House Press office, they said he hadn't worked there for three months. Then the P.R. guy said the weirdest thing to me.  """"I am convinced that neither Mr. Colson nor anyone else at the White House had any knowledge of, or participation in, this deplorable incident at the Democratic National Committee."""""",,,,,,,,,,,,,,,,,,,,,,,,,,,,,,,", u3632 ,m239,,
124261, u3632 ," What else have you got?,,,,,,,,,,,,,,,,,,,,,,,,,,,,,,,", u3633 ,m239,,
124262, u3633 ," Of course--everything they asked--,,,,,,,,,,,,,,,,,,,,,,,,,,,,,,,", u3635 ,m239,,
124263, u3635 ," --look, when the Watergate grand jury questioned you, did you name names?"",,,,,,,,,,,,,,,,,,,,,,,,,,,,,,,", u3633 ,m239,,
124264, u3633 ," No, none of those."",,,,,,,,,,,,,,,,,,,,,,,,,,,,,,,", u3635 ,m239,,
124265, u3635 ," --and it wasn't Ehrlichman or Colson or the President.,,,,,,,,,,,,,,,,,,,,,,,,,,,,,,,", u3633 ,m239,,
124266, u3633 ," A girl. Melissa.,,,,,,,,,,,,,,,,,,,,,,,,,,,,,,,", u3635 ,m239,,
124267, u3635 ," A boy or a girl?,,,,,,,,,,,,,,,,,,,,,,,,,,,,,,,", u3633 ,m239,,
124268, u3633 ," Well, when Liddy came and asked for money for what turned out to be the break-in funds, I went to the safe and gave him--out of this whole fortune--I happened to give him the same hundreds he gave me--banks have to keep track of hundreds. If the money had been in fifties, or if I'd grabbed a different stack, there probably wouldn't have been any Watergate story."",,,,,,,,,,,,,,,,,,,,,,,,,,,,,,,", u3635 ,m239,,
124269, u3635 ," Go on.,,,,,,,,,,,,,,,,,,,,,,,,,,,,,,,", u3633 ,m239,,
124270, u3633 ," Badly.  You don't realize how close all this came to staying undiscovered--I gave Liddy the Dahlberg check and he gave it to Barker who took it to Miami and deposited it.,,,,,,,,,,,,,,,,,,,,,,,,,,,,,,,", u3635 ,m239,,
124271, u3635 ," One thing I'm not completely clear on--when you gave out the money to Liddy, how did that work?"",,,,,,,,,,,,,,,,,,,,,,,,,,,,,,,", u3633 ,m239,,
124272, u3633 ," I can't say anything, I'm sorry. "",,,,,,,,,,,,,,,,,,,,,,,,,,,,,,,", u3633 ,m239,,
124273, u3633 ," I won't talk about the other two.,,,,,,,,,,,,,,,,,,,,,,,,,,,,,,,", u3635 ,m239,,
124274, u3635 ," Haldeman.  Right?,,,,,,,,,,,,,,,,,,,,,,,,,,,,,,,", u3633 ,m239,,
124275, u3633 ," Colson's too smart to get directly involved with something like that.,,,,,,,,,,,,,,,,,,,,,,,,,,,,,,,", u3635 ,m239,,
124276, u3635 ," We're not sure we've got all the guys who could order you, but we know there were five. "",,,,,,,,,,,,,,,,,,,,,,,,,,,,,,,", u3633 ,m239,,
124277, u3633 ," When so ordered.,,,,,,,,,,,,,,,,,,,,,,,,,,,,,,,", u3635 ,m239,,
124278, u3635 ," And as treasurer, you could release those funds?"",,,,,,,,,,,,,,,,,,,,,,,,,,,,,,,", u3633 ,m239,,
124279, u3633 ," No. It was closer to seven hundred thousand.,,,,,,,,,,,,,,,,,,,,,,,,,,,,,,,", u3635 ,m239,,
124280, u3635 ," The report on the cash in Maurice Stans' safe, the three hundred fifty thousand, that's true?"",,,,,,,,,,,,,,,,,,,,,,,,,,,,,,,", u3633 ,m239,,
124281, u3633 ," As opposed to the Committee? The Committee's not an independent operation. Everything is cleared with the White House. I don't think that the FBI or the prosecutors understand that.,,,,,,,,,,,,,,,,,,,,,,,,,,,,,,,", u3635 ,m239,,
124282, u3635 ," Does """"they"""" mean the White House?"",,,,,,,,,,,,,,,,,,,,,,,,,,,,,,,", u3635 ,m239,,
124283, u3635 ," You handed out the money. Maybe there's a legitimate explanation for the way it was done--,,,,,,,,,,,,,,,,,,,,,,,,,,,,,,,", u3633 ,m239,,
124284, u3633 ," I'd like to talk to you, I really would, but my lawyers say I shouldn't until after the Watergate trial."",,,,,,,,,,,,,,,,,,,,,,,,,,,,,,,", u3633 ,m239,,
124285, u3633 ," My wife told me to expect you.  As you know, I haven't talked to the press."",,,,,,,,,,,,,,,,,,,,,,,,,,,,,,,", u3635 ,m239,,
124286, u3635 ," Mr. Sloan?,,,,,,,,,,,,,,,,,,,,,,,,,,,,,,,", u3634 ,m239,,
124287, u3634 ," I'm not Miss Abbott.,,,,,,,,,,,,,,,,,,,,,,,,,,,,,,,", u3635 ,m239,,
124288, u3635 ," You work there, Miss Abbott."",,,,,,,,,,,,,,,,,,,,,,,,,,,,,,,", u3634 ,m239,,
124289, u3634 ," The what to what?,,,,,,,,,,,,,,,,,,,,,,,,,,,,,,,", u3635 ,m239,,
124290, u3635 ," No, I'm a reporter. I wanted to talk to you about the Committee to Re- Elect."",,,,,,,,,,,,,,,,,,,,,,,,,,,,,,,", u3634 ,m239,,
124291, u3634 ," --I already get the Post. I don't need another subscription.,,,,,,,,,,,,,,,,,,,,,,,,,,,,,,,", u3635 ,m239,,
124292, u3635 ," Hi. I'm Bob Woodward of the Washington Post and I hate to bother you at home--,,,,,,,,,,,,,,,,,,,,,,,,,,,,,,,", u3634 ,m239,,
