,User_id,text,sec_user,movies_name,relationship,attachment
11236, u390 ," Check out the other guy's buns.,,,,,,,,,,,,,,,,,,,,,,,,,,,,,,,", u404 ,m24,,
11237, u404 ," Look at that guy. What a hunk.,,,,,,,,,,,,,,,,,,,,,,,,,,,,,,,", u390 ,m24,,
11238, u390 ," Deb, I want to throw you a shower."",,,,,,,,,,,,,,,,,,,,,,,,,,,,,,,", u404 ,m24,,
11239, u404 ," I'm totally blown away. You're getting married. It seems like only yesterday I showed you how to have oral sex.,,,,,,,,,,,,,,,,,,,,,,,,,,,,,,,", u404 ,m24,,
11240, u404 ," Really -- you went with him for two years.,,,,,,,,,,,,,,,,,,,,,,,,,,,,,,,", u390 ,m24,,
11241, u390 ," Does Cole know about this?,,,,,,,,,,,,,,,,,,,,,,,,,,,,,,,", u404 ,m24,,
11242, u404 ," ...Really?,,,,,,,,,,,,,,,,,,,,,,,,,,,,,,,", u390 ,m24,,
11243, u390 ," Debbie's marrying Rick.,,,,,,,,,,,,,,,,,,,,,,,,,,,,,,,", u404 ,m24,,
11244, u404 ," What's happening?,,,,,,,,,,,,,,,,,,,,,,,,,,,,,,,", u393 ,m24,,
11245, u393 ," Right in here. The big show starts in one minute.,,,,,,,,,,,,,,,,,,,,,,,,,,,,,,,", u390 ,m24,,
11246, u390 ," Deb, we're pretending to be hookers."",,,,,,,,,,,,,,,,,,,,,,,,,,,,,,,", u393 ,m24,,
11247, u393 ," I feel like I'm spying on Rick.,,,,,,,,,,,,,,,,,,,,,,,,,,,,,,,", u390 ,m24,,
11248, u390 ," That's what we're going to find out...,,,,,,,,,,,,,,,,,,,,,,,,,,,,,,,", u390 ,m24,,
11249, u390 ," Nah. Everything's cool... I took care of 'em. ,,,,,,,,,,,,,,,,,,,,,,,,,,,,,,,", u393 ,m24,,
11250, u393 ," You're kidding.,,,,,,,,,,,,,,,,,,,,,,,,,,,,,,,", u390 ,m24,,
11251, u390 ," I forgot to tell you. Yesterday I found a bunch of pornos in the back seat of O'Neill's car.,,,,,,,,,,,,,,,,,,,,,,,,,,,,,,,", u393 ,m24,,
11252, u393 ," What do you mean?,,,,,,,,,,,,,,,,,,,,,,,,,,,,,,,", u390 ,m24,,
11253, u390 ," They'll probably get drunk, and watch dirty movies. But don't worry about the dirty movies."",,,,,,,,,,,,,,,,,,,,,,,,,,,,,,,", u393 ,m24,,
11254, u393 ," What do you think's gonna go on at the guys' party?,,,,,,,,,,,,,,,,,,,,,,,,,,,,,,,", u393 ,m24,,
11255, u393 ," No. As far as they're concerned the only good Rick is a dead Rick. But I don't care... it's my decision.,,,,,,,,,,,,,,,,,,,,,,,,,,,,,,,", u390 ,m24,,
11256, u390 ," He's not gonna be happy. And your parents can't be too thrilled either.,,,,,,,,,,,,,,,,,,,,,,,,,,,,,,,", u393 ,m24,,
11257, u393 ," He still thinks I'm going with him. I'm going to break the news to him tomorrow.,,,,,,,,,,,,,,,,,,,,,,,,,,,,,,,", u390 ,m24,,
11258, u390 ," O'Neill just tole me. It's sooo great... I don't believe it.,,,,,,,,,,,,,,,,,,,,,,,,,,,,,,,", u393 ,m24,,
11259, u393 ," Bobbie, what are you talking about?"",,,,,,,,,,,,,,,,,,,,,,,,,,,,,,,", u390 ,m24,,
11260, u390 ," Debbie... I don't believe it. I'm so excited.,,,,,,,,,,,,,,,,,,,,,,,,,,,,,,,", u391 ,m24,,
11261, u391 ," Women!,,,,,,,,,,,,,,,,,,,,,,,,,,,,,,,", u403 ,m24,,
11262, u403 ," I don't get it, but at least Gary's got the real stuff coming up here in a few minutes."",,,,,,,,,,,,,,,,,,,,,,,,,,,,,,,", u391 ,m24,,
11263, u391 ," Sex is my one thing. I'm good at it.,,,,,,,,,,,,,,,,,,,,,,,,,,,,,,,", u403 ,m24,,
11264, u403 ," Chulo, one thing at a time."",,,,,,,,,,,,,,,,,,,,,,,,,,,,,,,", u391 ,m24,,
11265, u391 ," Where's the women, man? We gotta have women."",,,,,,,,,,,,,,,,,,,,,,,,,,,,,,,", u403 ,m24,,
11266, u403 ," Yeah. Right. All the things that make life worth living.,,,,,,,,,,,,,,,,,,,,,,,,,,,,,,,", u391 ,m24,,
11267, u391 ," Yeah, man. Let's throw a bachelor party with drugs, booze and broads."",,,,,,,,,,,,,,,,,,,,,,,,,,,,,,,", u391 ,m24,,
11268, u391 ," You're kidding.,,,,,,,,,,,,,,,,,,,,,,,,,,,,,,,", u403 ,m24,,
11269, u403 ," What?,,,,,,,,,,,,,,,,,,,,,,,,,,,,,,,", u391 ,m24,,
11270, u391 ," Yeah. What is it?,,,,,,,,,,,,,,,,,,,,,,,,,,,,,,,", u403 ,m24,,
11271, u403 ," Rick's got an important announcement to make.,,,,,,,,,,,,,,,,,,,,,,,,,,,,,,,", u391 ,m24,,
11272, u391 ," I'm glad you guys came by... What's the occasion?,,,,,,,,,,,,,,,,,,,,,,,,,,,,,,,", u391 ,m24,,
11273, u391 ," Hey, man, congratulations!"",,,,,,,,,,,,,,,,,,,,,,,,,,,,,,,", u406 ,m24,,
11274, u406 ," Yes, gentlemen. Saturday after next, I lose my amateur standing and turn pro."",,,,,,,,,,,,,,,,,,,,,,,,,,,,,,,", u406 ,m24,,
11275, u406 ," Okay... This is it... I'm getting married.,,,,,,,,,,,,,,,,,,,,,,,,,,,,,,,", u391 ,m24,,
11276, u391 ," Man, you're losing your audience."",,,,,,,,,,,,,,,,,,,,,,,,,,,,,,,", u391 ,m24,,
11277, u391 ," Too bad, man, that blows my chance to be Ambassador to France."",,,,,,,,,,,,,,,,,,,,,,,,,,,,,,,", u406 ,m24,,
11278, u406 ," I've decided not to run for President.,,,,,,,,,,,,,,,,,,,,,,,,,,,,,,,", u391 ,m24,,
11279, u391 ," Great. I'll go with you. Wait a second. Hey, Raul! Move that car, will you?"",,,,,,,,,,,,,,,,,,,,,,,,,,,,,,,", u406 ,m24,,
11280, u406 ," We're going for a little liquid refreshment.,,,,,,,,,,,,,,,,,,,,,,,,,,,,,,,", u391 ,m24,,
11281, u391 ," Hey, you guys, what's going on?"",,,,,,,,,,,,,,,,,,,,,,,,,,,,,,,", u391 ,m24,,
11282, u391 ," I'd like to jerk and press those babies.,,,,,,,,,,,,,,,,,,,,,,,,,,,,,,,", u407 ,m24,,
11283, u407 ," Denmark makes great Nautilus equipment.,,,,,,,,,,,,,,,,,,,,,,,,,,,,,,,", u391 ,m24,,
11284, u391 ," When do the girls get to the party?,,,,,,,,,,,,,,,,,,,,,,,,,,,,,,,", u407 ,m24,,
11285, u407 ," All right!,,,,,,,,,,,,,,,,,,,,,,,,,,,,,,,", u391 ,m24,,
11286, u391 ," What time are we supposed to get to the hotel?,,,,,,,,,,,,,,,,,,,,,,,,,,,,,,,", u407 ,m24,,
11287, u407 ," I hope so. Hundred bucks apiece is a lot of dinero.,,,,,,,,,,,,,,,,,,,,,,,,,,,,,,,", u391 ,m24,,
11288, u391 ," Yeah, man, he's got us a great room at the hotel and lots of chicks."",,,,,,,,,,,,,,,,,,,,,,,,,,,,,,,", u407 ,m24,,
11289, u407 ," You sure Gary's got this whole party deal together?,,,,,,,,,,,,,,,,,,,,,,,,,,,,,,,", u406 ,m24,,
11290, u406 ," Fan out and look for them.,,,,,,,,,,,,,,,,,,,,,,,,,,,,,,,", u392 ,m24,,
11291, u392 ," He and Debbie stand outside the theater, which is a multi-plex cinema. Fourteen movie theaters under one roof. Prominent is a sign which reads: """"24 HOUR 3D FESTIVAL!"""" Cole drags Debbie into one of the theaters. The gang runs up to the theaters."",,,,,,,,,,,,,,,,,,,,,,,,,,,,,,,", u392 ,m24,,
11292, u392 ," She's mine!,,,,,,,,,,,,,,,,,,,,,,,,,,,,,,,", u406 ,m24,,
11293, u406 ," Cole, what the hell are you doing?"",,,,,,,,,,,,,,,,,,,,,,,,,,,,,,,", u392 ,m24,,
11294, u392 ," You've had it. I'm gonna get you.,,,,,,,,,,,,,,,,,,,,,,,,,,,,,,,", u406 ,m24,,
11295, u406 ," Cole, when was the last time you had a lobotomy?"",,,,,,,,,,,,,,,,,,,,,,,,,,,,,,,", u392 ,m24,,
11296, u392 ," Rick... Debbie is mine. She'll always be.,,,,,,,,,,,,,,,,,,,,,,,,,,,,,,,", u392 ,m24,,
11297, u392 ," Shit!,,,,,,,,,,,,,,,,,,,,,,,,,,,,,,,", u406 ,m24,,
11298, u406 ," Maybe it had something to do.,,,,,,,,,,,,,,,,,,,,,,,,,,,,,,,", u392 ,m24,,
11299, u392 ," Shit, shit, shit, shit. My car's gone!"",,,,,,,,,,,,,,,,,,,,,,,,,,,,,,,", u406 ,m24,,
11300, u406 ," So does Debbie.,,,,,,,,,,,,,,,,,,,,,,,,,,,,,,,", u392 ,m24,,
11301, u392 ," Low mileage... Handles like a dream.,,,,,,,,,,,,,,,,,,,,,,,,,,,,,,,", u406 ,m24,,
11302, u406 ," Gee, guys, what should I do? The car or Debbie?"",,,,,,,,,,,,,,,,,,,,,,,,,,,,,,,", u392 ,m24,,
11303, u392 ," I mean it. The car is yours. Dump Debbie.,,,,,,,,,,,,,,,,,,,,,,,,,,,,,,,", u406 ,m24,,
11304, u406 ," The car for Debbie?,,,,,,,,,,,,,,,,,,,,,,,,,,,,,,,", u392 ,m24,,
11305, u392 ," I'll trade you my Porsche for Debbie. An even swap.,,,,,,,,,,,,,,,,,,,,,,,,,,,,,,,", u406 ,m24,,
11306, u406 ," I'm very happy for you two.,,,,,,,,,,,,,,,,,,,,,,,,,,,,,,,", u392 ,m24,,
11307, u392 ," I love that car.,,,,,,,,,,,,,,,,,,,,,,,,,,,,,,,", u406 ,m24,,
11308, u406 ," The best.,,,,,,,,,,,,,,,,,,,,,,,,,,,,,,,", u392 ,m24,,
11309, u392 ," Great car.,,,,,,,,,,,,,,,,,,,,,,,,,,,,,,,", u392 ,m24,,
11310, u392 ," See that down there? That's my most prized possession. My new Porsche.,,,,,,,,,,,,,,,,,,,,,,,,,,,,,,,", u406 ,m24,,
11311, u406 ," Ooh, be still, my heart."",,,,,,,,,,,,,,,,,,,,,,,,,,,,,,,", u392 ,m24,,
11312, u392 ," I'm ready to make you another deal.,,,,,,,,,,,,,,,,,,,,,,,,,,,,,,,", u406 ,m24,,
11313, u406 ," Oh, come on, just a little."",,,,,,,,,,,,,,,,,,,,,,,,,,,,,,,", u392 ,m24,,
11314, u392 ," I don't want any trouble.,,,,,,,,,,,,,,,,,,,,,,,,,,,,,,,", u406 ,m24,,
11315, u406 ," Ah, Cole.  I don't remember ordering an asshole from room service."",,,,,,,,,,,,,,,,,,,,,,,,,,,,,,,", u392 ,m24,,
11316, u392 ," Rick, I want to talk to you."",,,,,,,,,,,,,,,,,,,,,,,,,,,,,,,", u406 ,m24,,
11317, u406 ," Thank you. We'll all keep that in mind. 'Bye now.,,,,,,,,,,,,,,,,,,,,,,,,,,,,,,,", u392 ,m24,,
11318, u392 ," He's gonna hurt you, Debbie. He'll never be true to you the way I would."",,,,,,,,,,,,,,,,,,,,,,,,,,,,,,,", u406 ,m24,,
11319, u406 ," Thanks, Dad.  Cole, go away."",,,,,,,,,,,,,,,,,,,,,,,,,,,,,,,", u406 ,m24,,
11320, u406 ," What is this person's story here?,,,,,,,,,,,,,,,,,,,,,,,,,,,,,,,", u392 ,m24,,
11321, u392 ," Michelin tires... brand new. A set of Sears Best metric tools...,,,,,,,,,,,,,,,,,,,,,,,,,,,,,,,", u406 ,m24,,
11322, u406 ," I'm marrying Debbie.,,,,,,,,,,,,,,,,,,,,,,,,,,,,,,,", u392 ,m24,,
11323, u392 ," Okay, ten thousand plus a G.E. toaster oven, a Litton microwave, a Cuisinart..."",,,,,,,,,,,,,,,,,,,,,,,,,,,,,,,", u406 ,m24,,
11324, u406 ," Not interested.,,,,,,,,,,,,,,,,,,,,,,,,,,,,,,,", u392 ,m24,,
11325, u392 ," Seventy-five hundred.,,,,,,,,,,,,,,,,,,,,,,,,,,,,,,,", u406 ,m24,,
11326, u406 ," No.,,,,,,,,,,,,,,,,,,,,,,,,,,,,,,,", u392 ,m24,,
11327, u392 ," Five thousand dollars.,,,,,,,,,,,,,,,,,,,,,,,,,,,,,,,", u406 ,m24,,
11328, u406 ," What's Debbie's blue book value right now?,,,,,,,,,,,,,,,,,,,,,,,,,,,,,,,", u392 ,m24,,
11329, u392 ," You dump her and I'll give you cash.,,,,,,,,,,,,,,,,,,,,,,,,,,,,,,,", u406 ,m24,,
11330, u406 ," Cole...,,,,,,,,,,,,,,,,,,,,,,,,,,,,,,,", u392 ,m24,,
11331, u392 ," I want Debbie.,,,,,,,,,,,,,,,,,,,,,,,,,,,,,,,", u406 ,m24,,
11332, u406 ," Cole. Don't you know it's bad luck to see the groom before the wedding?,,,,,,,,,,,,,,,,,,,,,,,,,,,,,,,", u406 ,m24,,
11333, u406 ," Bond... James Bond.,,,,,,,,,,,,,,,,,,,,,,,,,,,,,,,", u392 ,m24,,
11334, u392 ," And...,,,,,,,,,,,,,,,,,,,,,,,,,,,,,,,", u392 ,m24,,
11335, u392 ," Not so good. He wouldn't listen to reason. He stole my car... my Porsche... I can't find it anywhere...,,,,,,,,,,,,,,,,,,,,,,,,,,,,,,,", u400 ,m24,,
11336, u400 ," Fine. How's everything going?,,,,,,,,,,,,,,,,,,,,,,,,,,,,,,,", u392 ,m24,,
11337, u392 ," Yes I did.,,,,,,,,,,,,,,,,,,,,,,,,,,,,,,,", u400 ,m24,,
11338, u400 ," Yes, son, did you find out where the bachelor party is?"",,,,,,,,,,,,,,,,,,,,,,,,,,,,,,,", u392 ,m24,,
11339, u392 ," Mr. Thomerson.,,,,,,,,,,,,,,,,,,,,,,,,,,,,,,,", u400 ,m24,,
11340, u400 ," Hello?,,,,,,,,,,,,,,,,,,,,,,,,,,,,,,,", u392 ,m24,,
11341, u392 ," Yes, sir."",,,,,,,,,,,,,,,,,,,,,,,,,,,,,,,", u401 ,m24,,
11342, u401 ," All right, I'll go up there and take care of this myself.  You look awful, son. Go find yourself some clothes."",,,,,,,,,,,,,,,,,,,,,,,,,,,,,,,", u392 ,m24,,
11343, u392 ," 1002.,,,,,,,,,,,,,,,,,,,,,,,,,,,,,,,", u401 ,m24,,
11344, u401 ," Take hold of yourself. What room are they in?,,,,,,,,,,,,,,,,,,,,,,,,,,,,,,,", u392 ,m24,,
11345, u392 ," The bachelor party's upstairs. They made me get naked. They hung me from the window so high up it was so scary I fell down...,,,,,,,,,,,,,,,,,,,,,,,,,,,,,,,", u401 ,m24,,
11346, u401 ," Cole, my God, boy, what are you doing here? What happened?"",,,,,,,,,,,,,,,,,,,,,,,,,,,,,,,", u401 ,m24,,
11347, u401 ," Sorry, I can't hear you. Some pin head's yelling...  Shut up, I'm talking here.  Now look, I want you to go back and I don't care what you do. Stop that marriage."",,,,,,,,,,,,,,,,,,,,,,,,,,,,,,,", u392 ,m24,,
11348, u392 ," Right.  Hey, shut up. Okay, sir."",,,,,,,,,,,,,,,,,,,,,,,,,,,,,,,", u401 ,m24,,
11349, u401 ," Well, tell the asshole to shut up."",,,,,,,,,,,,,,,,,,,,,,,,,,,,,,,", u392 ,m24,,
11350, u392 ," Some fat slob in the next booth is making a lot of noise.,,,,,,,,,,,,,,,,,,,,,,,,,,,,,,,", u392 ,m24,,
11351, u392 ," What? I'm sorry, sir, I can't hear you."",,,,,,,,,,,,,,,,,,,,,,,,,,,,,,,", u401 ,m24,,
11352, u401 ," So, he's playing hard ball. Well, two can play that game.  Go after him. Stop at nothing. You hear me?"",,,,,,,,,,,,,,,,,,,,,,,,,,,,,,,", u401 ,m24,,
11353, u401 ," Keep me informed.,,,,,,,,,,,,,,,,,,,,,,,,,,,,,,,", u392 ,m24,,
11354, u392 ," Thanks for the advise, sir."",,,,,,,,,,,,,,,,,,,,,,,,,,,,,,,", u401 ,m24,,
11355, u401 ," If it were me, I'd reason with him first. Then, if that failed...  ...I'd take more persuasive action."",,,,,,,,,,,,,,,,,,,,,,,,,,,,,,,", u392 ,m24,,
11356, u392 ," But how can I do that?,,,,,,,,,,,,,,,,,,,,,,,,,,,,,,,", u401 ,m24,,
11357, u401 ," It's not her mind you need to change. It's Disneyland head in there.,,,,,,,,,,,,,,,,,,,,,,,,,,,,,,,", u392 ,m24,,
11358, u392 ," I've tried to change her mind.,,,,,,,,,,,,,,,,,,,,,,,,,,,,,,,", u401 ,m24,,
11359, u401 ," Cole, I don't want you to give up on her."",,,,,,,,,,,,,,,,,,,,,,,,,,,,,,,", u392 ,m24,,
11360, u392 ," Yes, sir, I am."",,,,,,,,,,,,,,,,,,,,,,,,,,,,,,,", u401 ,m24,,
11361, u401 ," I know you're as unhappy as I am about Debbie's marriage to Rick.,,,,,,,,,,,,,,,,,,,,,,,,,,,,,,,", u392 ,m24,,
11362, u392 ," Thank you, sir."",,,,,,,,,,,,,,,,,,,,,,,,,,,,,,,", u401 ,m24,,
11363, u401 ," Nice shot.,,,,,,,,,,,,,,,,,,,,,,,,,,,,,,,", u392 ,m24,,
11364, u392 ," Sure have...,,,,,,,,,,,,,,,,,,,,,,,,,,,,,,,", u401 ,m24,,
11365, u401 ," So, Cole, you been practicing your game?"",,,,,,,,,,,,,,,,,,,,,,,,,,,,,,,", u401 ,m24,,
11366, u401 ," Not at all. We're just finishing lunch.,,,,,,,,,,,,,,,,,,,,,,,,,,,,,,,", u392 ,m24,,
11367, u392 ," Hi, everybody. Am I late?"",,,,,,,,,,,,,,,,,,,,,,,,,,,,,,,", u392 ,m24,,
11368, u392 ," I understand, Deb. 'Bye... be happy."",,,,,,,,,,,,,,,,,,,,,,,,,,,,,,,", u393 ,m24,,
11369, u393 ," I'm going now, Cole."",,,,,,,,,,,,,,,,,,,,,,,,,,,,,,,", u392 ,m24,,
11370, u392 ," That's all right, Deb. Go be happy and smile a lot, Deb. Do it for me."",,,,,,,,,,,,,,,,,,,,,,,,,,,,,,,", u393 ,m24,,
11371, u393 ," Cole, I'm sorry, I..."",,,,,,,,,,,,,,,,,,,,,,,,,,,,,,,", u392 ,m24,,
11372, u392 ," You know how that makes me feel, Deb? Wanta know how that makes me feel?  Angry, Deb.  Yesss, that's the word, angry. But if he makes you happy, you go right ahead. I want you to be happy, Deb.  No matter what, no matter how angry it makes me, no matter how much it hurts. Be happy, Deb. Be oh, so very, very happy."",,,,,,,,,,,,,,,,,,,,,,,,,,,,,,,", u393 ,m24,,
11373, u393 ," I'm not. I just thought I should tell you myself before you heard it somewhere else.,,,,,,,,,,,,,,,,,,,,,,,,,,,,,,,", u392 ,m24,,
11374, u392 ," You're marrying him? Then why are you coming back to me?,,,,,,,,,,,,,,,,,,,,,,,,,,,,,,,", u393 ,m24,,
11375, u393 ," Cole, I'm marrying Rick."",,,,,,,,,,,,,,,,,,,,,,,,,,,,,,,", u392 ,m24,,
11376, u392 ," You know, when you dumped me for that wimp, I thought, Cole, she'll be back. God wants the two of you to be together, and sure enough..."",,,,,,,,,,,,,,,,,,,,,,,,,,,,,,,", u393 ,m24,,
11377, u393 ," Cole, listen to me... I've got to tell you..."",,,,,,,,,,,,,,,,,,,,,,,,,,,,,,,", u392 ,m24,,
11378, u392 ," It's all right, I forgive you. I'm not the vengeful type. We'll forget what happened. Why don't we take a trip together? Maybe kill a few lions in Kenya over Christmas."",,,,,,,,,,,,,,,,,,,,,,,,,,,,,,,", u393 ,m24,,
11379, u393 ," No, Cole, I..."",,,,,,,,,,,,,,,,,,,,,,,,,,,,,,,", u392 ,m24,,
11380, u392 ," Finally realized Rick's a jerk, huh?"",,,,,,,,,,,,,,,,,,,,,,,,,,,,,,,", u393 ,m24,,
11381, u393 ," Cole, we've got to talk."",,,,,,,,,,,,,,,,,,,,,,,,,,,,,,,", u392 ,m24,,
11382, u392 ," Over here, Deb... in the Smokehouse."",,,,,,,,,,,,,,,,,,,,,,,,,,,,,,,", u393 ,m24,,
11383, u393 ," Cole?,,,,,,,,,,,,,,,,,,,,,,,,,,,,,,,", u393 ,m24,,
11384, u393 ," You're so romantic...,,,,,,,,,,,,,,,,,,,,,,,,,,,,,,,", u406 ,m24,,
11385, u406 ," This has been quite a night. Here's a thought. Why don't we go home and give our private parts a workout?,,,,,,,,,,,,,,,,,,,,,,,,,,,,,,,", u393 ,m24,,
11386, u393 ," Yeah.,,,,,,,,,,,,,,,,,,,,,,,,,,,,,,,", u406 ,m24,,
11387, u406 ," Are you okay?,,,,,,,,,,,,,,,,,,,,,,,,,,,,,,,", u406 ,m24,,
11388, u406 ," You're on.,,,,,,,,,,,,,,,,,,,,,,,,,,,,,,,", u393 ,m24,,
11389, u393 ," Let's get naked.,,,,,,,,,,,,,,,,,,,,,,,,,,,,,,,", u406 ,m24,,
11390, u406 ," Great. Now, what do you want to do about it?"",,,,,,,,,,,,,,,,,,,,,,,,,,,,,,,", u393 ,m24,,
11391, u393 ," Yes...,,,,,,,,,,,,,,,,,,,,,,,,,,,,,,,", u406 ,m24,,
11392, u406 ," See? And these are not just ordinary party-goers -- there are professionals in this crowd -- I didn't want any of them. You... You're what I want. Understand?,,,,,,,,,,,,,,,,,,,,,,,,,,,,,,,", u406 ,m24,,
11393, u406 ," You don't believe me? Okay, fine."",,,,,,,,,,,,,,,,,,,,,,,,,,,,,,,", u393 ,m24,,
11394, u393 ," I don't believe you.,,,,,,,,,,,,,,,,,,,,,,,,,,,,,,,", u406 ,m24,,
11395, u406 ," I am committed. I love you.,,,,,,,,,,,,,,,,,,,,,,,,,,,,,,,", u393 ,m24,,
11396, u393 ," And I want to be with someone who understands the meaning of the word commitment.,,,,,,,,,,,,,,,,,,,,,,,,,,,,,,,", u406 ,m24,,
11397, u406 ," I don't want that. I want to be with you.,,,,,,,,,,,,,,,,,,,,,,,,,,,,,,,", u393 ,m24,,
11398, u393 ," The marriage is off. Now you can screw around with your friends for the rest of your life.,,,,,,,,,,,,,,,,,,,,,,,,,,,,,,,", u406 ,m24,,
11399, u406 ," Debbie, I'm telling you, I didn't do anything, hardly."",,,,,,,,,,,,,,,,,,,,,,,,,,,,,,,", u393 ,m24,,
11400, u393 ," Let go of me!,,,,,,,,,,,,,,,,,,,,,,,,,,,,,,,", u393 ,m24,,
11401, u393 ," Rick, you're lying!"",,,,,,,,,,,,,,,,,,,,,,,,,,,,,,,", u406 ,m24,,
11402, u406 ," C'mon, I knew it was you."",,,,,,,,,,,,,,,,,,,,,,,,,,,,,,,", u393 ,m24,,
11403, u393 ," I can't trust you!,,,,,,,,,,,,,,,,,,,,,,,,,,,,,,,", u393 ,m24,,
11404, u393 ," Why don't you get undressed.,,,,,,,,,,,,,,,,,,,,,,,,,,,,,,,", u406 ,m24,,
11405, u406 ," How wonderful. A seeing eye hooker.,,,,,,,,,,,,,,,,,,,,,,,,,,,,,,,", u393 ,m24,,
11406, u393 ," Don't turn on the lights, sugar.  I'll lead you around."",,,,,,,,,,,,,,,,,,,,,,,,,,,,,,,", u393 ,m24,,
11407, u393 ," I love you.,,,,,,,,,,,,,,,,,,,,,,,,,,,,,,,", u406 ,m24,,
11408, u406 ," Anything you say, ma'am. Have a fun shower. Use soap."",,,,,,,,,,,,,,,,,,,,,,,,,,,,,,,", u393 ,m24,,
11409, u393 ," Have a good time. Don't make it too late.,,,,,,,,,,,,,,,,,,,,,,,,,,,,,,,", u406 ,m24,,
11410, u406 ," Well, if I go back on my word, I'll kill her."",,,,,,,,,,,,,,,,,,,,,,,,,,,,,,,", u393 ,m24,,
11411, u393 ," Your mother's not dead.,,,,,,,,,,,,,,,,,,,,,,,,,,,,,,,", u406 ,m24,,
11412, u406 ," Okay, I promise... I swear on my mother's grave."",,,,,,,,,,,,,,,,,,,,,,,,,,,,,,,", u393 ,m24,,
11413, u393 ," You're really pissing me off.,,,,,,,,,,,,,,,,,,,,,,,,,,,,,,,", u406 ,m24,,
11414, u406 ," Did I promise that? I don't remember that...,,,,,,,,,,,,,,,,,,,,,,,,,,,,,,,", u393 ,m24,,
11415, u393 ," Remember, you promised... no screwing around."",,,,,,,,,,,,,,,,,,,,,,,,,,,,,,,", u406 ,m24,,
11416, u406 ," Sorry, we got men's business to do. It's no place for a lady."",,,,,,,,,,,,,,,,,,,,,,,,,,,,,,,", u393 ,m24,,
11417, u393 ," Can't I just go with you guys?,,,,,,,,,,,,,,,,,,,,,,,,,,,,,,,", u406 ,m24,,
11418, u406 ," This is it, lady. Last stop."",,,,,,,,,,,,,,,,,,,,,,,,,,,,,,,", u393 ,m24,,
11419, u393 ," Gonna get married...,,,,,,,,,,,,,,,,,,,,,,,,,,,,,,,", u406 ,m24,,
11420, u406 ," Wouldn't think of it. Because tomorrow...  We're going to the chapel and we're...,,,,,,,,,,,,,,,,,,,,,,,,,,,,,,,", u393 ,m24,,
11421, u393 ," You better not have too much joy.,,,,,,,,,,,,,,,,,,,,,,,,,,,,,,,", u406 ,m24,,
11422, u406 ," Well... twenty-four more hours to go and tonight we'll share with our friends and loved ones the joys of those last moments of singleness.,,,,,,,,,,,,,,,,,,,,,,,,,,,,,,,", u406 ,m24,,
11423, u406 ," Now, I want you to lie down and drift off to slumberland."",,,,,,,,,,,,,,,,,,,,,,,,,,,,,,,", u393 ,m24,,
11424, u393 ," Um... that's very relaxing.,,,,,,,,,,,,,,,,,,,,,,,,,,,,,,,", u406 ,m24,,
11425, u406 ," Good...,,,,,,,,,,,,,,,,,,,,,,,,,,,,,,,", u393 ,m24,,
11426, u393 ," That feels so great.,,,,,,,,,,,,,,,,,,,,,,,,,,,,,,,", u406 ,m24,,
11427, u406 ," C'mere.,,,,,,,,,,,,,,,,,,,,,,,,,,,,,,,", u393 ,m24,,
11428, u393 ," Before or After I have my nervous breakfown?,,,,,,,,,,,,,,,,,,,,,,,,,,,,,,,", u406 ,m24,,
11429, u406 ," I think the only think you've left out are our relations with the Soviet Union. Sweetheart, everything's gonna be all right."",,,,,,,,,,,,,,,,,,,,,,,,,,,,,,,", u393 ,m24,,
11430, u393 ," The wedding, my parents, your family, our friends, my job, the future, our relationship, the caterers, my gown, your tuxedo, our honeymoon, the apartment, my shower, your bachelor party..."",,,,,,,,,,,,,,,,,,,,,,,,,,,,,,,", u406 ,m24,,
11431, u406 ," About what?,,,,,,,,,,,,,,,,,,,,,,,,,,,,,,,", u393 ,m24,,
11432, u393 ," I don't know... I just feel scared.,,,,,,,,,,,,,,,,,,,,,,,,,,,,,,,", u406 ,m24,,
11433, u406 ," What's the matter?,,,,,,,,,,,,,,,,,,,,,,,,,,,,,,,", u393 ,m24,,
11434, u393 ," Stop fooling around... I need to talk.,,,,,,,,,,,,,,,,,,,,,,,,,,,,,,,", u406 ,m24,,
11435, u406 ," Oh... I got something for that.,,,,,,,,,,,,,,,,,,,,,,,,,,,,,,,", u393 ,m24,,
11436, u393 ," I can't sleep.,,,,,,,,,,,,,,,,,,,,,,,,,,,,,,,", u406 ,m24,,
11437, u406 ," Huh? Wha...,,,,,,,,,,,,,,,,,,,,,,,,,,,,,,,", u393 ,m24,,
11438, u393 ," Because from what I've heard, it's a tradition and you're a traditional guy."",,,,,,,,,,,,,,,,,,,,,,,,,,,,,,,", u406 ,m24,,
11439, u406 ," Oh, those. Why do you ask?"",,,,,,,,,,,,,,,,,,,,,,,,,,,,,,,", u393 ,m24,,
11440, u393 ," I'm not talking about does. I'm talking about hookers.,,,,,,,,,,,,,,,,,,,,,,,,,,,,,,,", u406 ,m24,,
11441, u406 ," No, sweetheart, it's a stag party. Does stay home."",,,,,,,,,,,,,,,,,,,,,,,,,,,,,,,", u393 ,m24,,
11442, u393 ," Are you going to have women at your party?,,,,,,,,,,,,,,,,,,,,,,,,,,,,,,,", u406 ,m24,,
11443, u406 ," Yes, but looks are deceiving...  Not in this case, however."",,,,,,,,,,,,,,,,,,,,,,,,,,,,,,,", u393 ,m24,,
11444, u393 ," It looks awful.,,,,,,,,,,,,,,,,,,,,,,,,,,,,,,,", u406 ,m24,,
11445, u406 ," Of course. I'm a traditional guy... It's a traditional event.  Well, what do you think?"",,,,,,,,,,,,,,,,,,,,,,,,,,,,,,,", u393 ,m24,,
11446, u393 ," You're going to have a bachelor party?,,,,,,,,,,,,,,,,,,,,,,,,,,,,,,,", u406 ,m24,,
11447, u406 ," Not as much fun as the bachelor party the guys are throwing for me.,,,,,,,,,,,,,,,,,,,,,,,,,,,,,,,", u393 ,m24,,
11448, u393 ," Want to hear something great? Bobbie and Phoebe are throwing me a shower. It's really gonna be fun.,,,,,,,,,,,,,,,,,,,,,,,,,,,,,,,", u406 ,m24,,
11449, u406 ," Don't worry... it's supposed to do this.,,,,,,,,,,,,,,,,,,,,,,,,,,,,,,,", u393 ,m24,,
11450, u393 ," I think your dinner's burning.,,,,,,,,,,,,,,,,,,,,,,,,,,,,,,,", u406 ,m24,,
11451, u406 ," It's either meatloaf, Swiss steak or charred flesh. I won't know till it's finished."",,,,,,,,,,,,,,,,,,,,,,,,,,,,,,,", u393 ,m24,,
11452, u393 ," What are we having?,,,,,,,,,,,,,,,,,,,,,,,,,,,,,,,", u406 ,m24,,
11453, u406 ," But a fabulous cook.,,,,,,,,,,,,,,,,,,,,,,,,,,,,,,,", u393 ,m24,,
11454, u393 ," God, you're a slob."",,,,,,,,,,,,,,,,,,,,,,,,,,,,,,,", u396 ,m24,,
11455, u396 ," I know what I'm doing... Go!,,,,,,,,,,,,,,,,,,,,,,,,,,,,,,,", u393 ,m24,,
11456, u393 ," Ilene, are you crazy?"",,,,,,,,,,,,,,,,,,,,,,,,,,,,,,,", u396 ,m24,,
11457, u396 ," Look, girls -- I'll stay behind and hold them off. The rest of you break for it!"",,,,,,,,,,,,,,,,,,,,,,,,,,,,,,,", u393 ,m24,,
11458, u393 ," Let's go.,,,,,,,,,,,,,,,,,,,,,,,,,,,,,,,", u396 ,m24,,
11459, u396 ," Debbie, men are pigs -- if they can have women, we can have men."",,,,,,,,,,,,,,,,,,,,,,,,,,,,,,,", u393 ,m24,,
11460, u393 ," That doesn't mean it was Rick's party.,,,,,,,,,,,,,,,,,,,,,,,,,,,,,,,", u396 ,m24,,
11461, u396 ," Look, you heard what those hookers said. They were supposed to go to a bachelor party."",,,,,,,,,,,,,,,,,,,,,,,,,,,,,,,", u393 ,m24,,
11462, u393 ," Are you sure this is a good idea?,,,,,,,,,,,,,,,,,,,,,,,,,,,,,,,", u396 ,m24,,
11463, u396 ," Debbie, don't be naive. Men are pigs."",,,,,,,,,,,,,,,,,,,,,,,,,,,,,,,", u393 ,m24,,
11464, u393 ," Ilene, Rick promised..."",,,,,,,,,,,,,,,,,,,,,,,,,,,,,,,", u396 ,m24,,
11465, u396 ," Of course you do. I trusted my ex, Mel, too. Cousin, I can only talk from experience. What do you think they do at these parties, have tea and play scrabble?"",,,,,,,,,,,,,,,,,,,,,,,,,,,,,,,", u393 ,m24,,
11466, u393 ," Ilene, why would I want to do that? I trust Rick."",,,,,,,,,,,,,,,,,,,,,,,,,,,,,,,", u396 ,m24,,
11467, u396 ," If I were you, I'd worry less about the shower and more about Rick's bachelor party."",,,,,,,,,,,,,,,,,,,,,,,,,,,,,,,", u393 ,m24,,
11468, u393 ," I hope those guys are all right.,,,,,,,,,,,,,,,,,,,,,,,,,,,,,,,", u402 ,m24,,
11469, u402 ," I hope Ilene's all right.,,,,,,,,,,,,,,,,,,,,,,,,,,,,,,,", u393 ,m24,,
11470, u393 ," Quiet, Mother."",,,,,,,,,,,,,,,,,,,,,,,,,,,,,,,", u402 ,m24,,
11471, u402 ," What kind of job? I'm a housewife.,,,,,,,,,,,,,,,,,,,,,,,,,,,,,,,", u393 ,m24,,
11472, u393 ," Ilene, we don't really know that."",,,,,,,,,,,,,,,,,,,,,,,,,,,,,,,", u402 ,m24,,
11473, u402 ," A strange wang right in my palm.,,,,,,,,,,,,,,,,,,,,,,,,,,,,,,,", u402 ,m24,,
11474, u402 ," You know your father enjoys his company.,,,,,,,,,,,,,,,,,,,,,,,,,,,,,,,", u393 ,m24,,
11475, u393 ," Why is Cole here?,,,,,,,,,,,,,,,,,,,,,,,,,,,,,,,", u393 ,m24,,
11476, u393 ," Great, Mom."",,,,,,,,,,,,,,,,,,,,,,,,,,,,,,,", u402 ,m24,,
11477, u402 ," I'm using the same caterer for the shower I had for our Christmas party last year.,,,,,,,,,,,,,,,,,,,,,,,,,,,,,,,", u401 ,m24,,
11478, u401 ," Any time, Al."",,,,,,,,,,,,,,,,,,,,,,,,,,,,,,,", u394 ,m24,,
11479, u394 ," Thanks for helping us out, Ed. We appreciate it."",,,,,,,,,,,,,,,,,,,,,,,,,,,,,,,", u394 ,m24,,
11480, u394 ," I think I screwed that one once.,,,,,,,,,,,,,,,,,,,,,,,,,,,,,,,", u401 ,m24,,
11481, u401 ," Great bathing suit.,,,,,,,,,,,,,,,,,,,,,,,,,,,,,,,", u394 ,m24,,
11482, u394 ," Well... hope she'll be very happy.,,,,,,,,,,,,,,,,,,,,,,,,,,,,,,,", u401 ,m24,,
11483, u401 ," A real turd.,,,,,,,,,,,,,,,,,,,,,,,,,,,,,,,", u394 ,m24,,
11484, u394 ," Congratulations on your daughter's wedding. Who's she marrying?,,,,,,,,,,,,,,,,,,,,,,,,,,,,,,,", u401 ,m24,,
11485, u401 ," My pleasure, Al... Always happy to help out in a pinch...  Excuse me. I better call my service... tell them where I am."",,,,,,,,,,,,,,,,,,,,,,,,,,,,,,,", u394 ,m24,,
11486, u394 ," Ed, we're so glad you could come over at the last minute and judge our little beauty pageant."",,,,,,,,,,,,,,,,,,,,,,,,,,,,,,,", u395 ,m24,,
11487, u395 ," That's more like it.,,,,,,,,,,,,,,,,,,,,,,,,,,,,,,,", u397 ,m24,,
11488, u397 ," Give him the works.,,,,,,,,,,,,,,,,,,,,,,,,,,,,,,,", u397 ,m24,,
11489, u397 ," Hey. I'm sorry. You want girls. I'll give you girls.,,,,,,,,,,,,,,,,,,,,,,,,,,,,,,,", u395 ,m24,,
11490, u395 ," This is bad public relations. I was planning to do a lot of business with you. But now I'm going to have to go elsewhere.,,,,,,,,,,,,,,,,,,,,,,,,,,,,,,,", u397 ,m24,,
11491, u397 ," Because I'm pissed off. Now give me your cash.,,,,,,,,,,,,,,,,,,,,,,,,,,,,,,,", u395 ,m24,,
11492, u395 ," Why?,,,,,,,,,,,,,,,,,,,,,,,,,,,,,,,", u397 ,m24,,
11493, u397 ," I've had it, numb nuts... How much money you got?"",,,,,,,,,,,,,,,,,,,,,,,,,,,,,,,", u395 ,m24,,
11494, u395 ," What are you...,,,,,,,,,,,,,,,,,,,,,,,,,,,,,,,", u397 ,m24,,
11495, u397 ," That's it, prick lips."",,,,,,,,,,,,,,,,,,,,,,,,,,,,,,,", u395 ,m24,,
11496, u395 ," Screw you!,,,,,,,,,,,,,,,,,,,,,,,,,,,,,,,", u397 ,m24,,
11497, u397 ," They left an hour ago, pink nuts."",,,,,,,,,,,,,,,,,,,,,,,,,,,,,,,", u395 ,m24,,
11498, u395 ," Your whores never showed up.,,,,,,,,,,,,,,,,,,,,,,,,,,,,,,,", u397 ,m24,,
11499, u397 ," What are you talking about, asshole?"",,,,,,,,,,,,,,,,,,,,,,,,,,,,,,,", u395 ,m24,,
11500, u395 ," Jumbo, where the hell are the women?"",,,,,,,,,,,,,,,,,,,,,,,,,,,,,,,", u395 ,m24,,
11501, u395 ," Okay. Nice to meet you both.,,,,,,,,,,,,,,,,,,,,,,,,,,,,,,,", u397 ,m24,,
11502, u397 ," They'll be up there in a half hour.,,,,,,,,,,,,,,,,,,,,,,,,,,,,,,,", u395 ,m24,,
11503, u395 ," Park View Hotel, Room 1002."",,,,,,,,,,,,,,,,,,,,,,,,,,,,,,,", u397 ,m24,,
11504, u397 ," Let's see your bread.,,,,,,,,,,,,,,,,,,,,,,,,,,,,,,,", u395 ,m24,,
11505, u395 ," So we want your best girls, the cream of your crop."",,,,,,,,,,,,,,,,,,,,,,,,,,,,,,,", u406 ,m24,,
11506, u406 ," This is cause for celebration. She'll probably charge half price for sex from now on.,,,,,,,,,,,,,,,,,,,,,,,,,,,,,,,", u395 ,m24,,
11507, u395 ," Rick, I really think I'm in love."",,,,,,,,,,,,,,,,,,,,,,,,,,,,,,,", u406 ,m24,,
11508, u406 ," Gary, how we doing, big stallion?"",,,,,,,,,,,,,,,,,,,,,,,,,,,,,,,", u406 ,m24,,
11509, u406 ," I didn't know you were into that.,,,,,,,,,,,,,,,,,,,,,,,,,,,,,,,", u395 ,m24,,
11510, u395 ," Yes.,,,,,,,,,,,,,,,,,,,,,,,,,,,,,,,", u406 ,m24,,
11511, u406 ," Hookers beat you up?,,,,,,,,,,,,,,,,,,,,,,,,,,,,,,,", u395 ,m24,,
11512, u395 ," Screw that.,,,,,,,,,,,,,,,,,,,,,,,,,,,,,,,", u406 ,m24,,
11513, u406 ," Looks like the only one who got screwed here was you.,,,,,,,,,,,,,,,,,,,,,,,,,,,,,,,", u395 ,m24,,
11514, u395 ," I'm going to see what the hell happened.,,,,,,,,,,,,,,,,,,,,,,,,,,,,,,,", u406 ,m24,,
11515, u406 ," Guy paints a beautiful picture.,,,,,,,,,,,,,,,,,,,,,,,,,,,,,,,", u395 ,m24,,
11516, u395 ," This place should have been wall to wall tits by now.,,,,,,,,,,,,,,,,,,,,,,,,,,,,,,,", u406 ,m24,,
11517, u406 ," It's true.,,,,,,,,,,,,,,,,,,,,,,,,,,,,,,,", u395 ,m24,,
11518, u395 ," What's going on?,,,,,,,,,,,,,,,,,,,,,,,,,,,,,,,", u406 ,m24,,
11519, u406 ," Give the guy air. Everyone to a neutral corner.,,,,,,,,,,,,,,,,,,,,,,,,,,,,,,,", u395 ,m24,,
11520, u395 ," Let's have a toast.,,,,,,,,,,,,,,,,,,,,,,,,,,,,,,,", u406 ,m24,,
11521, u406 ," Sounds swell... I'm really touched. And my getting married's not gonna change a thing between me and my pals. We're still gonna go bowling on Tuesdays, play cards on Fridays and wear women's clothes on Sunday night. I love you guys... I always will."",,,,,,,,,,,,,,,,,,,,,,,,,,,,,,,", u406 ,m24,,
11522, u406 ," Because I love her. What can I tell you?,,,,,,,,,,,,,,,,,,,,,,,,,,,,,,,", u395 ,m24,,
11523, u395 ," Wait a minute. You been living with Debbie! Why do you want to get married?,,,,,,,,,,,,,,,,,,,,,,,,,,,,,,,", u406 ,m24,,
11524, u406 ," All right, gentlemen, I'm not gonna sugar-coat this thing. I've known you guys since grade school, so I'm gonna give it to you straight from the hip... right from the shoulder... without beating around the bush... Nothing fancy, just the plain, hard facts... tell it like it is."",,,,,,,,,,,,,,,,,,,,,,,,,,,,,,,", u395 ,m24,,
11525, u395 ," Okay... We're all here. Rick, what's the big announcement?"",,,,,,,,,,,,,,,,,,,,,,,,,,,,,,,", u406 ,m24,,
11526, u406 ," Isn't he incredible, gets along with everybody."",,,,,,,,,,,,,,,,,,,,,,,,,,,,,,,", u395 ,m24,,
11527, u395 ," Let's go.,,,,,,,,,,,,,,,,,,,,,,,,,,,,,,,", u395 ,m24,,
11528, u395 ," Screw you...,,,,,,,,,,,,,,,,,,,,,,,,,,,,,,,", u406 ,m24,,
11529, u406 ," Gary, you're quite an animal."",,,,,,,,,,,,,,,,,,,,,,,,,,,,,,,", u395 ,m24,,
11530, u395 ," Screw you... Screw that... Don't jerk me around. You promised me 1500 seats for the Police Concert... 1500, not fifteen!... Screw that... Screw you -- Screw Sting.  Hi, guys."",,,,,,,,,,,,,,,,,,,,,,,,,,,,,,,", u395 ,m24,,
11531, u395 ," Milt?,,,,,,,,,,,,,,,,,,,,,,,,,,,,,,,", u405 ,m24,,
11532, u405 ," Not one minute longer or Milt will come for you.,,,,,,,,,,,,,,,,,,,,,,,,,,,,,,,", u395 ,m24,,
11533, u395 ," Sold. 45 minutes. No problem.,,,,,,,,,,,,,,,,,,,,,,,,,,,,,,,", u405 ,m24,,
11534, u405 ," You are being in luck. Customers in same hotel. I let you have them at cut-rate price for 45 minutes.,,,,,,,,,,,,,,,,,,,,,,,,,,,,,,,", u395 ,m24,,
11535, u395 ," I need them for a bachelor party at the Park View Hotel.,,,,,,,,,,,,,,,,,,,,,,,,,,,,,,,", u405 ,m24,,
11536, u405 ," Big problem now. Soon they go to customers.,,,,,,,,,,,,,,,,,,,,,,,,,,,,,,,", u395 ,m24,,
11537, u395 ," I'll take some.,,,,,,,,,,,,,,,,,,,,,,,,,,,,,,,", u405 ,m24,,
11538, u405 ," That I got. Very good women. They sit on your face, anything you want."",,,,,,,,,,,,,,,,,,,,,,,,,,,,,,,", u395 ,m24,,
11539, u395 ," I want women.,,,,,,,,,,,,,,,,,,,,,,,,,,,,,,,", u405 ,m24,,
11540, u405 ," I'm telling you I am, Joe."",,,,,,,,,,,,,,,,,,,,,,,,,,,,,,,", u395 ,m24,,
11541, u395 ," You're a pimp?,,,,,,,,,,,,,,,,,,,,,,,,,,,,,,,", u405 ,m24,,
11542, u405 ," What can I be doing for you?,,,,,,,,,,,,,,,,,,,,,,,,,,,,,,,", u403 ,m24,,
11543, u403 ," Good.,,,,,,,,,,,,,,,,,,,,,,,,,,,,,,,", u398 ,m24,,
11544, u398 ," That's it.,,,,,,,,,,,,,,,,,,,,,,,,,,,,,,,", u403 ,m24,,
11545, u403 ," Is that all the coke in the place?,,,,,,,,,,,,,,,,,,,,,,,,,,,,,,,", u398 ,m24,,
11546, u398 ," I don't want to talk about it. I love you guys. I love my friends.,,,,,,,,,,,,,,,,,,,,,,,,,,,,,,,", u403 ,m24,,
11547, u403 ," Larry, you and your wife got problems?"",,,,,,,,,,,,,,,,,,,,,,,,,,,,,,,", u398 ,m24,,
11548, u398 ," I hate her. I hate her guts, the bitch."",,,,,,,,,,,,,,,,,,,,,,,,,,,,,,,", u398 ,m24,,
11549, u398 ," Just in love with everybody. It's really a beautiful planet. I love you, Rick. I love you guys. I love everybody."",,,,,,,,,,,,,,,,,,,,,,,,,,,,,,,", u403 ,m24,,
11550, u403 ," So, Larry, how have you been?"",,,,,,,,,,,,,,,,,,,,,,,,,,,,,,,", u406 ,m24,,
11551, u406 ," It's really not all your fault. I was talking to Mike earlier and he had a lot of problems. Personal things, you know. Made some bad investments. At least now he's peaceful..."",,,,,,,,,,,,,,,,,,,,,,,,,,,,,,,", u398 ,m24,,
11552, u398 ," It's my fault. He's dead because... I left those drugs...,,,,,,,,,,,,,,,,,,,,,,,,,,,,,,,", u398 ,m24,,
11553, u398 ," It's Bullwinkle.,,,,,,,,,,,,,,,,,,,,,,,,,,,,,,,", u406 ,m24,,
11554, u406 ," Hi, guys. We brought back a friend."",,,,,,,,,,,,,,,,,,,,,,,,,,,,,,,", u406 ,m24,,
11555, u406 ," No, have fun first. Then laugh. Now, forget about marriage for a while. Go party."",,,,,,,,,,,,,,,,,,,,,,,,,,,,,,,", u398 ,m24,,
11556, u398 ," Ha, ha, ha."",,,,,,,,,,,,,,,,,,,,,,,,,,,,,,,", u406 ,m24,,
11557, u406 ," Well, this is terrific. Now you're gonna have wrists that are smooth and kissable. Just go out there. Forget about everything and laugh it up."",,,,,,,,,,,,,,,,,,,,,,,,,,,,,,,", u398 ,m24,,
11558, u398 ," I couldn't find any razor blades.,,,,,,,,,,,,,,,,,,,,,,,,,,,,,,,", u406 ,m24,,
11559, u406 ," You're trying to kill yourself with an electric razor?,,,,,,,,,,,,,,,,,,,,,,,,,,,,,,,", u398 ,m24,,
11560, u398 ," I'm trying to slash my wrists.,,,,,,,,,,,,,,,,,,,,,,,,,,,,,,,", u406 ,m24,,
11561, u406 ," What the hell are you doing?,,,,,,,,,,,,,,,,,,,,,,,,,,,,,,,", u398 ,m24,,
11562, u398 ," Yeah. I see you're right. C'mon, let's party."",,,,,,,,,,,,,,,,,,,,,,,,,,,,,,,", u406 ,m24,,
11563, u406 ," Really?,,,,,,,,,,,,,,,,,,,,,,,,,,,,,,,", u398 ,m24,,
11564, u398 ," Yeah, I guess so."",,,,,,,,,,,,,,,,,,,,,,,,,,,,,,,", u406 ,m24,,
11565, u406 ," You okay?,,,,,,,,,,,,,,,,,,,,,,,,,,,,,,,", u398 ,m24,,
11566, u398 ," No, she hates me... I want to end everything here... now."",,,,,,,,,,,,,,,,,,,,,,,,,,,,,,,", u406 ,m24,,
11567, u406 ," Lar... sometimes when people are mad they say things they don't mean.,,,,,,,,,,,,,,,,,,,,,,,,,,,,,,,", u406 ,m24,,
11568, u406 ," All right. Now, there's milk and cookies in the refrigerator. Go to bed right after """"Falcon Crest."""""",,,,,,,,,,,,,,,,,,,,,,,,,,,,,,,", u398 ,m24,,
11569, u398 ," I just want to be alone.,,,,,,,,,,,,,,,,,,,,,,,,,,,,,,,", u406 ,m24,,
11570, u406 ," C'mon, Larry. Be good for you."",,,,,,,,,,,,,,,,,,,,,,,,,,,,,,,", u398 ,m24,,
11571, u398 ," Guys, I think I'd rather stay here."",,,,,,,,,,,,,,,,,,,,,,,,,,,,,,,", u406 ,m24,,
11572, u406 ," What do you mean, it changes?"",,,,,,,,,,,,,,,,,,,,,,,,,,,,,,,", u398 ,m24,,
11573, u398 ," She hates me. It's over. You'll see, as soon as you get married, everything changes. You sure you want to go through with it, man?"",,,,,,,,,,,,,,,,,,,,,,,,,,,,,,,", u406 ,m24,,
11574, u406 ," Maybe your marriage should lay off grains for a while.,,,,,,,,,,,,,,,,,,,,,,,,,,,,,,,", u398 ,m24,,
11575, u398 ," My marriage is the worst. All crap. A big pile of shit.,,,,,,,,,,,,,,,,,,,,,,,,,,,,,,,", u398 ,m24,,
11576, u398 ," Right.,,,,,,,,,,,,,,,,,,,,,,,,,,,,,,,", u406 ,m24,,
11577, u406 ," Naw, two on a Quaalude... bad luck."",,,,,,,,,,,,,,,,,,,,,,,,,,,,,,,", u398 ,m24,,
11578, u398 ," You want to share it?,,,,,,,,,,,,,,,,,,,,,,,,,,,,,,,", u406 ,m24,,
11579, u406 ," Your attention, please. May I be the first to say, It's a raid!"",,,,,,,,,,,,,,,,,,,,,,,,,,,,,,,", u399 ,m24,,
11580, u399 ," You're all under arrest. Open up!,,,,,,,,,,,,,,,,,,,,,,,,,,,,,,,", u406 ,m24,,
11581, u406 ," I see what you mean... You're a beautiful guy. And you're doing a damn good job.,,,,,,,,,,,,,,,,,,,,,,,,,,,,,,,", u399 ,m24,,
11582, u399 ," Keep your voices down. This is a respectable establishment. We don't go for any funny business here. Just then a GUY with a Moosehead Beer hat and TWO GUYS in a moose costume pass him and enter the elevator with the boys.,,,,,,,,,,,,,,,,,,,,,,,,,,,,,,,", u406 ,m24,,
11583, u406 ," What do you know, they moved it. Catch you later."",,,,,,,,,,,,,,,,,,,,,,,,,,,,,,,", u399 ,m24,,
11584, u399 ," It's on the tenth floor.,,,,,,,,,,,,,,,,,,,,,,,,,,,,,,,", u406 ,m24,,
11585, u406 ," Yes, you. We're looking for our room... 1002."",,,,,,,,,,,,,,,,,,,,,,,,,,,,,,,", u399 ,m24,,
11586, u399 ," This is the Park View Hotel. I'm the Hotel Manager. Are you looking for someone?,,,,,,,,,,,,,,,,,,,,,,,,,,,,,,,", u406 ,m24,,
11587, u406 ," Are any of those right?,,,,,,,,,,,,,,,,,,,,,,,,,,,,,,,", u406 ,m24,,
11588, u406 ," Of course, sir. That explains it. Leather is a very good source of vitamin E."",,,,,,,,,,,,,,,,,,,,,,,,,,,,,,,", u401 ,m24,,
11589, u401 ," Ebbie. Ger... umph... lable...,,,,,,,,,,,,,,,,,,,,,,,,,,,,,,,", u401 ,m24,,
11590, u401 ," No sob story is going to change my mind.,,,,,,,,,,,,,,,,,,,,,,,,,,,,,,,", u406 ,m24,,
11591, u406 ," The end.,,,,,,,,,,,,,,,,,,,,,,,,,,,,,,,", u406 ,m24,,
11592, u406 ," Oh, no!"",,,,,,,,,,,,,,,,,,,,,,,,,,,,,,,", u401 ,m24,,
11593, u401 ," Rick!,,,,,,,,,,,,,,,,,,,,,,,,,,,,,,,", u406 ,m24,,
11594, u406 ," Welcome, welcome, one and all."",,,,,,,,,,,,,,,,,,,,,,,,,,,,,,,", u401 ,m24,,
11595, u401 ," First, you're a slob. You have to dress for success. Second, your outlook on life..."",,,,,,,,,,,,,,,,,,,,,,,,,,,,,,,", u406 ,m24,,
11596, u406 ," Feel free.,,,,,,,,,,,,,,,,,,,,,,,,,,,,,,,", u401 ,m24,,
11597, u401 ," Let me finish. Debbie's an adult. She can do what she wants. But if you want your marriage to last, you're going to have to change some things about yourself. If I may make some suggestions..."",,,,,,,,,,,,,,,,,,,,,,,,,,,,,,,", u406 ,m24,,
11598, u406 ," Mr. Thomerson, I..."",,,,,,,,,,,,,,,,,,,,,,,,,,,,,,,", u401 ,m24,,
11599, u401 ," Good. I think you're an asshole. No, let me correct that, an immature asshole. Which is fine, except you're marrying my daughter and I'm afraid my grandchildren are going to be little assholes."",,,,,,,,,,,,,,,,,,,,,,,,,,,,,,,", u406 ,m24,,
11600, u406 ," I'd love that.,,,,,,,,,,,,,,,,,,,,,,,,,,,,,,,", u401 ,m24,,
11601, u401 ," Rick, I want to cut through the b.s."",,,,,,,,,,,,,,,,,,,,,,,,,,,,,,,", u406 ,m24,,
11602, u406 ," Well, I have to admit my game's a little rusty, but I love polo. It's unrelenting, a constant challenge to the senses. Really a beautiful experience."",,,,,,,,,,,,,,,,,,,,,,,,,,,,,,,", u406 ,m24,,
11603, u406 ," Can't I just maim it a little?,,,,,,,,,,,,,,,,,,,,,,,,,,,,,,,", u401 ,m24,,
11604, u401 ," Rick, hit the ball easier, son. You don't have to kill it."",,,,,,,,,,,,,,,,,,,,,,,,,,,,,,,", u401 ,m24,,
11605, u401 ," All right, who serves?"",,,,,,,,,,,,,,,,,,,,,,,,,,,,,,,", u406 ,m24,,
11606, u406 ," Oops!,,,,,,,,,,,,,,,,,,,,,,,,,,,,,,,", u402 ,m24,,
11607, u402 ," It's all right...  So have I.,,,,,,,,,,,,,,,,,,,,,,,,,,,,,,,", u401 ,m24,,
11608, u401 ," No, Brett, I..."",,,,,,,,,,,,,,,,,,,,,,,,,,,,,,,", u402 ,m24,,
11609, u402 ," You've been having strange sex...!,,,,,,,,,,,,,,,,,,,,,,,,,,,,,,,", u401 ,m24,,
11610, u401 ," The phone made me do it!,,,,,,,,,,,,,,,,,,,,,,,,,,,,,,,", u402 ,m24,,
11611, u402 ," Ed... you're kinky!,,,,,,,,,,,,,,,,,,,,,,,,,,,,,,,", u402 ,m24,,
11612, u402 ," You can tell a man by his friends.,,,,,,,,,,,,,,,,,,,,,,,,,,,,,,,", u401 ,m24,,
11613, u401 ," The thought of that person marrying my daughter makes me want to upchuck.,,,,,,,,,,,,,,,,,,,,,,,,,,,,,,,", u401 ,m24,,
11614, u401 ," In a second...  And you're irresponsible. Show some initiative, try to better yourself, stop showing off, actions speak louder than words."",,,,,,,,,,,,,,,,,,,,,,,,,,,,,,,", u402 ,m24,,
11615, u402 ," Girls, why don't we go inside for lunch.  Boys, would you mind bringing in that lemonade?"",,,,,,,,,,,,,,,,,,,,,,,,,,,,,,,", u401 ,m24,,
11616, u401 ," No. Let's at least finish the set.,,,,,,,,,,,,,,,,,,,,,,,,,,,,,,,", u402 ,m24,,
11617, u402 ," Er... perhaps we ought to stop now.,,,,,,,,,,,,,,,,,,,,,,,,,,,,,,,", u410 ,m24,,
11618, u410 ," Of course.,,,,,,,,,,,,,,,,,,,,,,,,,,,,,,,", u403 ,m24,,
11619, u403 ," I'm getting one heck of a glare off your dress there. Could you undo a few buttons?,,,,,,,,,,,,,,,,,,,,,,,,,,,,,,,", u403 ,m24,,
11620, u403 ," Then there is a God. Why don't we take that baby picture.,,,,,,,,,,,,,,,,,,,,,,,,,,,,,,,", u410 ,m24,,
11621, u410 ," I'm separated.,,,,,,,,,,,,,,,,,,,,,,,,,,,,,,,", u403 ,m24,,
11622, u403 ," Mrs.?,,,,,,,,,,,,,,,,,,,,,,,,,,,,,,,", u410 ,m24,,
11623, u410 ," Klupner.  Mrs. Klupner.,,,,,,,,,,,,,,,,,,,,,,,,,,,,,,,", u403 ,m24,,
11624, u403 ," How are we doing? My name is O'Neill. And you are...?,,,,,,,,,,,,,,,,,,,,,,,,,,,,,,,", u403 ,m24,,
11625, u403 ," You got it.,,,,,,,,,,,,,,,,,,,,,,,,,,,,,,,", u406 ,m24,,
11626, u406 ," I don't know... Go up to her, make like you don't know her and send her into the other bedroom."",,,,,,,,,,,,,,,,,,,,,,,,,,,,,,,", u403 ,m24,,
11627, u403 ," What's with her costume?,,,,,,,,,,,,,,,,,,,,,,,,,,,,,,,", u406 ,m24,,
11628, u406 ," My Debbie?,,,,,,,,,,,,,,,,,,,,,,,,,,,,,,,", u403 ,m24,,
11629, u403 ," Debbie.,,,,,,,,,,,,,,,,,,,,,,,,,,,,,,,", u406 ,m24,,
11630, u406 ," Who?,,,,,,,,,,,,,,,,,,,,,,,,,,,,,,,", u403 ,m24,,
11631, u403 ," Guess who's here? Another surprise guest.,,,,,,,,,,,,,,,,,,,,,,,,,,,,,,,", u406 ,m24,,
11632, u406 ," I'm saved. Let's party!,,,,,,,,,,,,,,,,,,,,,,,,,,,,,,,", u403 ,m24,,
11633, u403 ," Reach out and snort someone.,,,,,,,,,,,,,,,,,,,,,,,,,,,,,,,", u403 ,m24,,
11634, u403 ," I'll stop him... You stall him.,,,,,,,,,,,,,,,,,,,,,,,,,,,,,,,", u406 ,m24,,
11635, u406 ," What can I do? I'm dead. Debbie's going to go crazy and end the whole thing.,,,,,,,,,,,,,,,,,,,,,,,,,,,,,,,", u403 ,m24,,
11636, u403 ," What are you going to do about it?,,,,,,,,,,,,,,,,,,,,,,,,,,,,,,,", u403 ,m24,,
11637, u403 ," And here's Mike's partner, in more ways than one. A gal who doesn't think happiness ends with primates. The very lovely, Miss Desiree..."",,,,,,,,,,,,,,,,,,,,,,,,,,,,,,,", u406 ,m24,,
11638, u406 ," How about this, a Trojan donkey."",,,,,,,,,,,,,,,,,,,,,,,,,,,,,,,", u406 ,m24,,
11639, u406 ," Who's your friend?,,,,,,,,,,,,,,,,,,,,,,,,,,,,,,,", u403 ,m24,,
11640, u403 ," Hey, you guys..."",,,,,,,,,,,,,,,,,,,,,,,,,,,,,,,", u403 ,m24,,
11641, u403 ," Take care.,,,,,,,,,,,,,,,,,,,,,,,,,,,,,,,", u406 ,m24,,
11642, u406 ," Now, don't get into any trouble."",,,,,,,,,,,,,,,,,,,,,,,,,,,,,,,", u406 ,m24,,
11643, u406 ," C'mon. Get the hookers in a circle. We better put Cochise out of business.,,,,,,,,,,,,,,,,,,,,,,,,,,,,,,,", u403 ,m24,,
11644, u403 ," Very.,,,,,,,,,,,,,,,,,,,,,,,,,,,,,,,", u406 ,m24,,
11645, u406 ," He look familiar?,,,,,,,,,,,,,,,,,,,,,,,,,,,,,,,", u403 ,m24,,
11646, u403 ," Still drawing a blank.,,,,,,,,,,,,,,,,,,,,,,,,,,,,,,,", u406 ,m24,,
11647, u406 ," How 'bout this?,,,,,,,,,,,,,,,,,,,,,,,,,,,,,,,", u403 ,m24,,
11648, u403 ," Got me.,,,,,,,,,,,,,,,,,,,,,,,,,,,,,,,", u406 ,m24,,
11649, u406 ," What's this?,,,,,,,,,,,,,,,,,,,,,,,,,,,,,,,", u403 ,m24,,
11650, u403 ," I don't know.,,,,,,,,,,,,,,,,,,,,,,,,,,,,,,,", u406 ,m24,,
11651, u406 ," Who was that?,,,,,,,,,,,,,,,,,,,,,,,,,,,,,,,", u403 ,m24,,
11652, u403 ," I'm proud of you, lad."",,,,,,,,,,,,,,,,,,,,,,,,,,,,,,,", u406 ,m24,,
11653, u406 ," Put it to you this way -- you're gonna have to pry her out of the bed with a spatula, mister."",,,,,,,,,,,,,,,,,,,,,,,,,,,,,,,", u403 ,m24,,
11654, u403 ," How'd it go?,,,,,,,,,,,,,,,,,,,,,,,,,,,,,,,", u403 ,m24,,
11655, u403 ," That's the old Rick!,,,,,,,,,,,,,,,,,,,,,,,,,,,,,,,", u406 ,m24,,
11656, u406 ," If I'm not out in a half hour, send for the paramedics."",,,,,,,,,,,,,,,,,,,,,,,,,,,,,,,", u403 ,m24,,
11657, u403 ," Right in there, pal."",,,,,,,,,,,,,,,,,,,,,,,,,,,,,,,", u406 ,m24,,
11658, u406 ," Oooooo.,,,,,,,,,,,,,,,,,,,,,,,,,,,,,,,", u403 ,m24,,
11659, u403 ," I got something you can't resist. I have a friend, Tracey. She wants to meet you. She loves to please."",,,,,,,,,,,,,,,,,,,,,,,,,,,,,,,", u406 ,m24,,
11660, u406 ," Get a few drinks into me, we'll dance and see what happens."",,,,,,,,,,,,,,,,,,,,,,,,,,,,,,,", u403 ,m24,,
11661, u403 ," This is your bachelor party. You haven't had sex with anyone yet.,,,,,,,,,,,,,,,,,,,,,,,,,,,,,,,", u406 ,m24,,
11662, u406 ," About what?,,,,,,,,,,,,,,,,,,,,,,,,,,,,,,,", u403 ,m24,,
11663, u403 ," Rick, I'm concerned."",,,,,,,,,,,,,,,,,,,,,,,,,,,,,,,", u406 ,m24,,
11664, u406 ," I don't know. Maybe it's because I love Debbie or maybe it's hard for me to get off in a place that smells like egg salad. I'm not sure.,,,,,,,,,,,,,,,,,,,,,,,,,,,,,,,", u403 ,m24,,
11665, u403 ," I don't get it. Why didn't you go for it just now?,,,,,,,,,,,,,,,,,,,,,,,,,,,,,,,", u403 ,m24,,
11666, u403 ," So long, Father."",,,,,,,,,,,,,,,,,,,,,,,,,,,,,,,", u406 ,m24,,
11667, u406 ," I think you'll enjoy this table.,,,,,,,,,,,,,,,,,,,,,,,,,,,,,,,", u403 ,m24,,
11668, u403 ," The best table in the house.,,,,,,,,,,,,,,,,,,,,,,,,,,,,,,,", u406 ,m24,,
11669, u406 ," Under the table!,,,,,,,,,,,,,,,,,,,,,,,,,,,,,,,", u403 ,m24,,
11670, u403 ," My gift to you.,,,,,,,,,,,,,,,,,,,,,,,,,,,,,,,", u406 ,m24,,
11671, u406 ," What the hell is that?,,,,,,,,,,,,,,,,,,,,,,,,,,,,,,,", u403 ,m24,,
11672, u403 ," C'mon. I insist.,,,,,,,,,,,,,,,,,,,,,,,,,,,,,,,", u406 ,m24,,
11673, u406 ," I'm not really hungry.,,,,,,,,,,,,,,,,,,,,,,,,,,,,,,,", u403 ,m24,,
11674, u403 ," Hey, I'm starved... Let's go get something to eat. We'll bring back food for everybody."",,,,,,,,,,,,,,,,,,,,,,,,,,,,,,,", u406 ,m24,,
11675, u406 ," Don't you love it when old friends stop by?,,,,,,,,,,,,,,,,,,,,,,,,,,,,,,,", u403 ,m24,,
11676, u403 ," This isn't right.,,,,,,,,,,,,,,,,,,,,,,,,,,,,,,,", u406 ,m24,,
11677, u406 ," Excuse me, but this is as arousing as a stroll through the Vatican."",,,,,,,,,,,,,,,,,,,,,,,,,,,,,,,", u403 ,m24,,
11678, u403 ," Then it's on to the real thing.,,,,,,,,,,,,,,,,,,,,,,,,,,,,,,,", u406 ,m24,,
11679, u406 ," Olivier's in that, right?"",,,,,,,,,,,,,,,,,,,,,,,,,,,,,,,", u403 ,m24,,
11680, u403 ," We'll spend an hour with """"Nymphos Without Pants""""..."",,,,,,,,,,,,,,,,,,,,,,,,,,,,,,,", u406 ,m24,,
11681, u406 ," Nothing... Let's get crazy!,,,,,,,,,,,,,,,,,,,,,,,,,,,,,,,", u403 ,m24,,
11682, u403 ," What's the matter?,,,,,,,,,,,,,,,,,,,,,,,,,,,,,,,", u406 ,m24,,
11683, u406 ," Knowing Larry, he probably missed the flight."",,,,,,,,,,,,,,,,,,,,,,,,,,,,,,,", u403 ,m24,,
11684, u403 ," Where the hell is he?,,,,,,,,,,,,,,,,,,,,,,,,,,,,,,,", u406 ,m24,,
11685, u406 ," She probably had sex scheduled for 12:30. O'Neill, let's pick up the guys for a drink... I have major news to announce."",,,,,,,,,,,,,,,,,,,,,,,,,,,,,,,", u403 ,m24,,
11686, u403 ," Where'd she go?,,,,,,,,,,,,,,,,,,,,,,,,,,,,,,,", u406 ,m24,,
11687, u406 ," Great.  I was wondering, how do you guys go to the bathroom in that thing?"",,,,,,,,,,,,,,,,,,,,,,,,,,,,,,,", u409 ,m24,,
11688, u409 ," Oh... it's... er... the guys from the beer convention. We're bringing them to the party.,,,,,,,,,,,,,,,,,,,,,,,,,,,,,,,", u406 ,m24,,
11689, u406 ," Thanks, Stan, you've been a lot of help."",,,,,,,,,,,,,,,,,,,,,,,,,,,,,,,", u409 ,m24,,
11690, u409 ," Well, the first month it's great. The second month things calm down a little. By the third month you're looking through your old girlfriends' phone numbers; by the fourth month you're numb; by the fifth month, hopefully the football season starts."",,,,,,,,,,,,,,,,,,,,,,,,,,,,,,,", u406 ,m24,,
11691, u406 ," Nah, not yet. Look, you're my older brother. I need some advice here. What's the deal with marriage? What can I expect?"",,,,,,,,,,,,,,,,,,,,,,,,,,,,,,,", u409 ,m24,,
11692, u409 ," Thanks a lot, that was the best. You're next."",,,,,,,,,,,,,,,,,,,,,,,,,,,,,,,", u409 ,m24,,
11693, u409 ," Right. Give me the will to live. Let me go first.,,,,,,,,,,,,,,,,,,,,,,,,,,,,,,,", u406 ,m24,,
11694, u406 ," Nah, that's okay. My brother has to look up old people's asses all day long. Let's give him a break."",,,,,,,,,,,,,,,,,,,,,,,,,,,,,,,", u409 ,m24,,
11695, u409 ," Okay, Rick, all finished. I can't wait for that bachelor party... I need the action."",,,,,,,,,,,,,,,,,,,,,,,,,,,,,,,", u406 ,m24,,
11696, u406 ," That's an even trade... a cotton ball for all my blood.,,,,,,,,,,,,,,,,,,,,,,,,,,,,,,,", u406 ,m24,,
11697, u406 ," Stan, you're depressing me... Hey, I didn't know you were going to fill 'er up. Just take a couple of gallons, okay?"",,,,,,,,,,,,,,,,,,,,,,,,,,,,,,,", u409 ,m24,,
11698, u409 ," You won't miss a thing about being single... The wild parties, the different girls every night, running around like a maniac... God, I miss that."",,,,,,,,,,,,,,,,,,,,,,,,,,,,,,,", u406 ,m24,,
11699, u406 ," True, you're a lot handsomer now. Don't you have enough blood already?"",,,,,,,,,,,,,,,,,,,,,,,,,,,,,,,", u409 ,m24,,
11700, u409 ," Rick, marriage will be good for you. It's done wonders for me."",,,,,,,,,,,,,,,,,,,,,,,,,,,,,,,", u406 ,m24,,
11701, u406 ," You always were sneaky, Stan, very sneaky."",,,,,,,,,,,,,,,,,,,,,,,,,,,,,,,", u406 ,m24,,
11702, u406 ," Right... Think it over.,,,,,,,,,,,,,,,,,,,,,,,,,,,,,,,", u408 ,m24,,
11703, u408 ," Get going, Rick... you're late enough as it is."",,,,,,,,,,,,,,,,,,,,,,,,,,,,,,,", u406 ,m24,,
11704, u406 ," Sister, do you ever get lonely after vespers? If you do, why don't you give me a call. I'm in the book."",,,,,,,,,,,,,,,,,,,,,,,,,,,,,,,", u406 ,m24,,
11705, u406 ," You're absolutely right. I should never have stopped to save that drowning infant. I'm just weak, Sister; I'm so weak."",,,,,,,,,,,,,,,,,,,,,,,,,,,,,,,", u408 ,m24,,
11706, u408 ," There can be no excuse for tardiness.,,,,,,,,,,,,,,,,,,,,,,,,,,,,,,,", u406 ,m24,,
11707, u406 ," I know, Sister, but I have a very good excuse."",,,,,,,,,,,,,,,,,,,,,,,,,,,,,,,", u408 ,m24,,
11708, u408 ," You're late again, Rick."",,,,,,,,,,,,,,,,,,,,,,,,,,,,,,,", u409 ,m24,,
11709, u409 ," Yeah. Who'd have thought they'd both be a size 138 regular.,,,,,,,,,,,,,,,,,,,,,,,,,,,,,,,", u407 ,m24,,
11710, u407 ," Can you believe how perfect it fits?,,,,,,,,,,,,,,,,,,,,,,,,,,,,,,,", u409 ,m24,,
11711, u409 ," I'd love to get you in an operating room. Just once.,,,,,,,,,,,,,,,,,,,,,,,,,,,,,,,", u407 ,m24,,
11712, u407 ," Maybe I did... I don't remember.,,,,,,,,,,,,,,,,,,,,,,,,,,,,,,,", u409 ,m24,,
11713, u409 ," What? I thought you told me you had it all figured out.,,,,,,,,,,,,,,,,,,,,,,,,,,,,,,,", u407 ,m24,,
11714, u407 ," I don't know.,,,,,,,,,,,,,,,,,,,,,,,,,,,,,,,", u409 ,m24,,
11715, u409 ," How the hell are we supposed to get this donkey inside?,,,,,,,,,,,,,,,,,,,,,,,,,,,,,,,", u407 ,m24,,
