,User_id,text,sec_user,movies_name,relationship,attachment
12423, u435 ," Yo Black, you looking for trouble."",,,,,,,,,,,,,,,,,,,,,,,,,,,,,,,", u437 ,m27,,
12424, u437 ," You truly are a dancing fool.,,,,,,,,,,,,,,,,,,,,,,,,,,,,,,,", u435 ,m27,,
12425, u435 ," Did he gots to be.,,,,,,,,,,,,,,,,,,,,,,,,,,,,,,,", u437 ,m27,,
12426, u437 ," He gots to be did.,,,,,,,,,,,,,,,,,,,,,,,,,,,,,,,", u437 ,m27,,
12427, u437 ," 1/16, tru' 'dat.  True 'dat."",,,,,,,,,,,,,,,,,,,,,,,,,,,,,,,", u435 ,m27,,
12428, u435 ," We know.  We know.  Yo, check it, my black brothers, we can't let this slide.  Not this injustice. Nah, no way.  Dem' two real coons iz ill."",,,,,,,,,,,,,,,,,,,,,,,,,,,,,,,", u437 ,m27,,
12429, u437 ," Same thing, y'knowwhatI'msayin', y'knowwhatI'msayin'!"",,,,,,,,,,,,,,,,,,,,,,,,,,,,,,,", u437 ,m27,,
12430, u437 ," ...that simpleton is holding back the race.  They got rid of us and keep those two buffoons, Mantan and Sleep 'N Eat, y'knowwhatI'msayin'?"",,,,,,,,,,,,,,,,,,,,,,,,,,,,,,,", u435 ,m27,,
12431, u435 ," ...Benedict Arnold...,,,,,,,,,,,,,,,,,,,,,,,,,,,,,,,", u435 ,m27,,
12432, u435 ," I'm on it.,,,,,,,,,,,,,,,,,,,,,,,,,,,,,,,", u437 ,m27,,
12433, u437 ," Keep trying.,,,,,,,,,,,,,,,,,,,,,,,,,,,,,,,", u437 ,m27,,
12434, u437 ," B-L-A-K it is.,,,,,,,,,,,,,,,,,,,,,,,,,,,,,,,", u435 ,m27,,
12435, u435 ," BLAK OUT.  BLAK LISTED.  BLAK BALL. Need I say more.,,,,,,,,,,,,,,,,,,,,,,,,,,,,,,,", u437 ,m27,,
12436, u437 ," How 'bout...,,,,,,,,,,,,,,,,,,,,,,,,,,,,,,,", u435 ,m27,,
12437, u435 ," Yo, Big Black, we needs a name for this joint."",,,,,,,,,,,,,,,,,,,,,,,,,,,,,,,", u443 ,m27,,
12438, u443 ," Louder.  They can't hear you.,,,,,,,,,,,,,,,,,,,,,,,,,,,,,,,", u436 ,m27,,
12439, u436 ," Let's go niggers!,,,,,,,,,,,,,,,,,,,,,,,,,,,,,,,", u436 ,m27,,
12440, u436 ," Let's go NIGGERS.,,,,,,,,,,,,,,,,,,,,,,,,,,,,,,,", u443 ,m27,,
12441, u443 ," Alright.  Here we go.  Let's go NIGGERS!  LET'S GO NIGGERS!,,,,,,,,,,,,,,,,,,,,,,,,,,,,,,,", u436 ,m27,,
12442, u436 ," YEAH!,,,,,,,,,,,,,,,,,,,,,,,,,,,,,,,", u443 ,m27,,
12443, u443 ," C'mon.  It's easy.  It's the same thing y'all do out at the Yankee game, no different 'cept we changing one word.  Everybody go it?"",,,,,,,,,,,,,,,,,,,,,,,,,,,,,,,", u443 ,m27,,
12444, u443 ," I'm gonna start a chant and I want y'all to follow me.  Let's make our own 2 real coons know you're ready to start the show.,,,,,,,,,,,,,,,,,,,,,,,,,,,,,,,", u436 ,m27,,
12445, u436 ," Yeah!,,,,,,,,,,,,,,,,,,,,,,,,,,,,,,,", u443 ,m27,,
12446, u443 ," My name is Honeycutt and I want to try something different.  Can you do this for me?,,,,,,,,,,,,,,,,,,,,,,,,,,,,,,,", u443 ,m27,,
12447, u443 ," That'swhatI'mtalkin'bout! That'swhatI'mtalkin'bout!  I want to be the first to welcome you to the second taping of Mantan - The New Millennium Minstrel Show.,,,,,,,,,,,,,,,,,,,,,,,,,,,,,,,", u436 ,m27,,
12448, u436 ," Ho!,,,,,,,,,,,,,,,,,,,,,,,,,,,,,,,", u443 ,m27,,
12449, u443 ," Everybody say Ho!,,,,,,,,,,,,,,,,,,,,,,,,,,,,,,,", u452 ,m27,,
12450, u452 ," That's mighty black of you.,,,,,,,,,,,,,,,,,,,,,,,,,,,,,,,", u437 ,m27,,
12451, u437 ," My own sister throwin' me out.  I hope to seeya later when you get ya mind right.  Don't bother letting me out.,,,,,,,,,,,,,,,,,,,,,,,,,,,,,,,", u452 ,m27,,
12452, u452 ," If you think I'm a house nigga then that's your prerogative.  You got your ways to affect change, I have mine.  And I would appreciate it very much if you took ya field nigga ass out of my house."",,,,,,,,,,,,,,,,,,,,,,,,,,,,,,,", u437 ,m27,,
12453, u437 ," There is a name, a term for your kind, the likes of you.  Back in slavery days, you would be classified as a house nigga."",,,,,,,,,,,,,,,,,,,,,,,,,,,,,,,", u452 ,m27,,
12454, u452 ," That'swhatI'msayin'.  I'm not blowin' my young career, brother or no brother, for you or anybody else."",,,,,,,,,,,,,,,,,,,,,,,,,,,,,,,", u437 ,m27,,
12455, u437 ," So are you telling me that you wouldn't even introduce me to Delacroix or set up a meeting?  I'm talking 'bout me, your only brother, ya own flesh and blood, hook a brother up, youknowwhatI'msayin'."",,,,,,,,,,,,,,,,,,,,,,,,,,,,,,,", u452 ,m27,,
12456, u452 ," You don't have the demographics.,,,,,,,,,,,,,,,,,,,,,,,,,,,,,,,", u437 ,m27,,
12457, u437 ," C'mon, why not?  The Monkees had a show.  Look at all that other junk that's on TV.  We got underground cult following."",,,,,,,,,,,,,,,,,,,,,,,,,,,,,,,", u452 ,m27,,
12458, u452 ," What makes you think he would write a show about the Mau-Mau's.,,,,,,,,,,,,,,,,,,,,,,,,,,,,,,,", u437 ,m27,,
12459, u437 ," Yeah, him."",,,,,,,,,,,,,,,,,,,,,,,,,,,,,,,", u452 ,m27,,
12460, u452 ," Delacroix.,,,,,,,,,,,,,,,,,,,,,,,,,,,,,,,", u437 ,m27,,
12461, u437 ," If you were really down you would get us together with that boss of yours.  What's his name again?,,,,,,,,,,,,,,,,,,,,,,,,,,,,,,,", u452 ,m27,,
12462, u452 ," Please.,,,,,,,,,,,,,,,,,,,,,,,,,,,,,,,", u437 ,m27,,
12463, u437 ," We're revolting against the powers that be, that been enslaving the minds and hearts of all people of color.  And we won't stop rapping till we bring about the overthrow of the government of the U.S. of A."",,,,,,,,,,,,,,,,,,,,,,,,,,,,,,,", u452 ,m27,,
12464, u452 ," Who are you revolting against?,,,,,,,,,,,,,,,,,,,,,,,,,,,,,,,", u437 ,m27,,
12465, u437 ," So now I see where you're coming from.  Just because we ain't rapping about Gucci, Timberland, Rolex, Benz, Cristal, ho's and bitches, we're pseudo."",,,,,,,,,,,,,,,,,,,,,,,,,,,,,,,", u452 ,m27,,
12466, u452 ," Hook you up?  The Mau-Mau's?  You must be smoking.  Why in the world would I want to hook up a bunch of red, black and green flag-waving pseudo revolutionairies?"",,,,,,,,,,,,,,,,,,,,,,,,,,,,,,,", u437 ,m27,,
12467, u437 ," My group we need some exposure. Was wondering if you could hook a brother up?,,,,,,,,,,,,,,,,,,,,,,,,,,,,,,,", u452 ,m27,,
12468, u452 ," I order out mostly.  So what do I owe this visit to?,,,,,,,,,,,,,,,,,,,,,,,,,,,,,,,", u437 ,m27,,
12469, u437 ," Damn, Sis, you don't keep no food up in here in dis' piece."",,,,,,,,,,,,,,,,,,,,,,,,,,,,,,,", u437 ,m27,,
12470, u437 ," BIG BLACK is the first name and AFRICA is the last.,,,,,,,,,,,,,,,,,,,,,,,,,,,,,,,", u452 ,m27,,
12471, u452 ," I'm not callin you Big Black Africa. Mommy and Daddy named you Julius.,,,,,,,,,,,,,,,,,,,,,,,,,,,,,,,", u437 ,m27,,
12472, u437 ," Whoa, hold up li'l sis'.  I done told you 'bout that.  Julius ain't my name, you better recognize Hopkins was our slave name.  My true name is..."",,,,,,,,,,,,,,,,,,,,,,,,,,,,,,,", u452 ,m27,,
12473, u452 ," I'm not huggin' you in the middle of the street.  You must be crazy, Julius."",,,,,,,,,,,,,,,,,,,,,,,,,,,,,,,", u437 ,m27,,
12474, u437 ," Give me some?,,,,,,,,,,,,,,,,,,,,,,,,,,,,,,,", u452 ,m27,,
12475, u452 ," Well you did.,,,,,,,,,,,,,,,,,,,,,,,,,,,,,,,", u437 ,m27,,
12476, u437 ," I didn't mean to scare you like that.,,,,,,,,,,,,,,,,,,,,,,,,,,,,,,,", u452 ,m27,,
12477, u452 ," You idiot.  You almost gave me a massive coronary.,,,,,,,,,,,,,,,,,,,,,,,,,,,,,,,", u437 ,m27,,
12478, u437 ," Microphone check.  One.  Two.  One. Two.  One.  Two.  Hold up.  I gots to give my peeps some props. Brothers introduce yourself.,,,,,,,,,,,,,,,,,,,,,,,,,,,,,,,", u439 ,m27,,
12479, u439 ," We're ready when you are.,,,,,,,,,,,,,,,,,,,,,,,,,,,,,,,", u437 ,m27,,
12480, u437 ," We gonna drop some knowledge, wisdom and understanding.  The Mau- Mau's, we be scientists.  We drop science."",,,,,,,,,,,,,,,,,,,,,,,,,,,,,,,", u439 ,m27,,
12481, u439 ," And what are the Mau-Mau's going to do for us today?,,,,,,,,,,,,,,,,,,,,,,,,,,,,,,,", u437 ,m27,,
12482, u437 ," My righteous name is BIG BLACK.,,,,,,,,,,,,,,,,,,,,,,,,,,,,,,,", u439 ,m27,,
12483, u439 ," What's your name?,,,,,,,,,,,,,,,,,,,,,,,,,,,,,,,", u437 ,m27,,
12484, u437 ," The Mau-Mau's are up in dis place. That's right, the Mau-Mau's."",,,,,,,,,,,,,,,,,,,,,,,,,,,,,,,", u453 ,m27,,
12485, u453 ," Ladies and gentlemen, there is no need to go there.  We can all agree to disagree without making threats."",,,,,,,,,,,,,,,,,,,,,,,,,,,,,,,", u437 ,m27,,
12486, u437 ," And another thing, you better stay away from my sister or you better..."",,,,,,,,,,,,,,,,,,,,,,,,,,,,,,,", u437 ,m27,,
12487, u437 ," I'm a revolutionary.,,,,,,,,,,,,,,,,,,,,,,,,,,,,,,,", u453 ,m27,,
12488, u453 ," What do you do?,,,,,,,,,,,,,,,,,,,,,,,,,,,,,,,", u437 ,m27,,
12489, u437 ," What do I do?,,,,,,,,,,,,,,,,,,,,,,,,,,,,,,,", u453 ,m27,,
12490, u453 ," And Big Black from Brooklyn, what do you do?"",,,,,,,,,,,,,,,,,,,,,,,,,,,,,,,", u437 ,m27,,
12491, u437 ," Microphone check, one, two.  One, two.  Yo Tavis, I be lovin' yo show but Mantan you is foul.  Why you perpetrating?  You a sellout."",,,,,,,,,,,,,,,,,,,,,,,,,,,,,,,", u453 ,m27,,
12492, u453 ," Our first caller is Big Black from Brooklyn.  Go 'head.,,,,,,,,,,,,,,,,,,,,,,,,,,,,,,,", u438 ,m27,,
12493, u438 ," I'm so tired of you running that. I always worked hard for you.  You think I'm a leech, a kling-on, I quit."",,,,,,,,,,,,,,,,,,,,,,,,,,,,,,,", u447 ,m27,,
12494, u447 ," Yeah, that's easy for you to do. You never had any talent."",,,,,,,,,,,,,,,,,,,,,,,,,,,,,,,", u438 ,m27,,
12495, u438 ," You can walk away.  We both can.,,,,,,,,,,,,,,,,,,,,,,,,,,,,,,,", u447 ,m27,,
12496, u447 ," Don't shoot me, I'm just the piano players."",,,,,,,,,,,,,,,,,,,,,,,,,,,,,,,", u438 ,m27,,
12497, u438 ," You're in this up till ya neck.,,,,,,,,,,,,,,,,,,,,,,,,,,,,,,,", u447 ,m27,,
12498, u447 ," Damn skippy.,,,,,,,,,,,,,,,,,,,,,,,,,,,,,,,", u438 ,m27,,
12499, u438 ," So that's what you been doing?,,,,,,,,,,,,,,,,,,,,,,,,,,,,,,,", u447 ,m27,,
12500, u447 ," Good.  I've got a broken back from carrying you all these years anyway.,,,,,,,,,,,,,,,,,,,,,,,,,,,,,,,", u438 ,m27,,
12501, u438 ," I'm out.,,,,,,,,,,,,,,,,,,,,,,,,,,,,,,,", u447 ,m27,,
12502, u447 ," Meaning?,,,,,,,,,,,,,,,,,,,,,,,,,,,,,,,", u438 ,m27,,
12503, u438 ," Jim Jones, y'know.  I'm not drinking the Kool-Aid."",,,,,,,,,,,,,,,,,,,,,,,,,,,,,,,", u447 ,m27,,
12504, u447 ," What are you talkin' about?,,,,,,,,,,,,,,,,,,,,,,,,,,,,,,,", u438 ,m27,,
12505, u438 ," I'm not drinking the Kool-Aid.,,,,,,,,,,,,,,,,,,,,,,,,,,,,,,,", u438 ,m27,,
12506, u438 ," Look at my lips.,,,,,,,,,,,,,,,,,,,,,,,,,,,,,,,", u447 ,m27,,
12507, u447 ," Why they gotta make my nose so big?,,,,,,,,,,,,,,,,,,,,,,,,,,,,,,,", u438 ,m27,,
12508, u438 ," In fact, we never knew she had any friends period."",,,,,,,,,,,,,,,,,,,,,,,,,,,,,,,", u447 ,m27,,
12509, u447 ," Sloan never told us she had friends like you.,,,,,,,,,,,,,,,,,,,,,,,,,,,,,,,", u438 ,m27,,
12510, u438 ," Please, have a seat."",,,,,,,,,,,,,,,,,,,,,,,,,,,,,,,", u447 ,m27,,
12511, u447 ," Must be the pressure.,,,,,,,,,,,,,,,,,,,,,,,,,,,,,,,", u438 ,m27,,
12512, u438 ," What's wrong with him?,,,,,,,,,,,,,,,,,,,,,,,,,,,,,,,", u447 ,m27,,
12513, u447 ," You ain't happy about the green light?,,,,,,,,,,,,,,,,,,,,,,,,,,,,,,,", u438 ,m27,,
12514, u438 ," DeLa - what's the matter with you.,,,,,,,,,,,,,,,,,,,,,,,,,,,,,,,", u438 ,m27,,
12515, u438 ," Naw, just jokin'.  That's you. That's you."",,,,,,,,,,,,,,,,,,,,,,,,,,,,,,,", u447 ,m27,,
12516, u447 ," You'd try anything.  I got first dibs.  You get ya own stuff.,,,,,,,,,,,,,,,,,,,,,,,,,,,,,,,", u438 ,m27,,
12517, u438 ," Sloan is all 'dat.  I try her.  I'm a tri-sexual.,,,,,,,,,,,,,,,,,,,,,,,,,,,,,,,", u447 ,m27,,
12518, u447 ," Seconds and thirds, too."",,,,,,,,,,,,,,,,,,,,,,,,,,,,,,,", u438 ,m27,,
12519, u438 ," Moorish.  Ya get a little taste of dat booty, ya wanna get some MORE."",,,,,,,,,,,,,,,,,,,,,,,,,,,,,,,", u447 ,m27,,
12520, u447 ," What's that?,,,,,,,,,,,,,,,,,,,,,,,,,,,,,,,", u438 ,m27,,
12521, u438 ," She's also moorish.,,,,,,,,,,,,,,,,,,,,,,,,,,,,,,,", u447 ,m27,,
12522, u447 ," Certified ladies' man, huh?"",,,,,,,,,,,,,,,,,,,,,,,,,,,,,,,", u438 ,m27,,
12523, u438 ," No shame in ya game.  She got ya nostrils, ya chnoz is wide open. Sloan's what we certified ladies' men call low hanging fruit."",,,,,,,,,,,,,,,,,,,,,,,,,,,,,,,", u447 ,m27,,
12524, u447 ," It's that bad, huh?  It's all over my face."",,,,,,,,,,,,,,,,,,,,,,,,,,,,,,,", u438 ,m27,,
12525, u438 ," Naw, not you.  It can't be.  That hottie Sloan Hopkins."",,,,,,,,,,,,,,,,,,,,,,,,,,,,,,,", u447 ,m27,,
12526, u447 ," I'm not smiling.,,,,,,,,,,,,,,,,,,,,,,,,,,,,,,,", u438 ,m27,,
12527, u438 ," Why are you smiling so?,,,,,,,,,,,,,,,,,,,,,,,,,,,,,,,", u447 ,m27,,
12528, u447 ," You might be right.,,,,,,,,,,,,,,,,,,,,,,,,,,,,,,,", u438 ,m27,,
12529, u438 ," Life is beginning to look up.  It's all good in da neighborhood.,,,,,,,,,,,,,,,,,,,,,,,,,,,,,,,", u439 ,m27,,
12530, u439 ," That can be done.,,,,,,,,,,,,,,,,,,,,,,,,,,,,,,,", u438 ,m27,,
12531, u438 ," We might need some mo' money behind this.,,,,,,,,,,,,,,,,,,,,,,,,,,,,,,,", u439 ,m27,,
12532, u439 ," Gentlemen, the show, our show will be satirical.  You know what that is, don't you?  Trust me on this one."",,,,,,,,,,,,,,,,,,,,,,,,,,,,,,,", u439 ,m27,,
12533, u439 ," And this is Manray.,,,,,,,,,,,,,,,,,,,,,,,,,,,,,,,", u438 ,m27,,
12534, u438 ," Nice to meet you.,,,,,,,,,,,,,,,,,,,,,,,,,,,,,,,", u439 ,m27,,
12535, u439 ," You'll both get an advance and you can stay with me.,,,,,,,,,,,,,,,,,,,,,,,,,,,,,,,", u438 ,m27,,
12536, u438 ," What about in the mean time?  Not the in between time?,,,,,,,,,,,,,,,,,,,,,,,,,,,,,,,", u439 ,m27,,
12537, u439 ," Different.,,,,,,,,,,,,,,,,,,,,,,,,,,,,,,,", u438 ,m27,,
12538, u438 ," What kind of show is this gonna be?,,,,,,,,,,,,,,,,,,,,,,,,,,,,,,,", u439 ,m27,,
12539, u439 ," First things first.  I have to know if Manray is up for this.,,,,,,,,,,,,,,,,,,,,,,,,,,,,,,,", u438 ,m27,,
12540, u438 ," How much?,,,,,,,,,,,,,,,,,,,,,,,,,,,,,,,", u439 ,m27,,
12541, u439 ," I have this concept for a TV pilot. There's no guarantee it will get made but regardless, you'll still make some money."",,,,,,,,,,,,,,,,,,,,,,,,,,,,,,,", u438 ,m27,,
12542, u438 ," Manray needs a job.,,,,,,,,,,,,,,,,,,,,,,,,,,,,,,,", u439 ,m27,,
12543, u439 ," No offense.,,,,,,,,,,,,,,,,,,,,,,,,,,,,,,,", u438 ,m27,,
12544, u438 ," You'd take no offense if we called you DeLa for short?,,,,,,,,,,,,,,,,,,,,,,,,,,,,,,,", u439 ,m27,,
12545, u439 ," Sloan and I have been looking all over for you.,,,,,,,,,,,,,,,,,,,,,,,,,,,,,,,", u438 ,m27,,
12546, u438 ," Y'know what I mean.  Got a gig yet for Manray and I yet?,,,,,,,,,,,,,,,,,,,,,,,,,,,,,,,", u439 ,m27,,
12547, u439 ," De-la-croix.,,,,,,,,,,,,,,,,,,,,,,,,,,,,,,,", u438 ,m27,,
12548, u438 ," Good morning to you, Mr. Delapot."",,,,,,,,,,,,,,,,,,,,,,,,,,,,,,,", u439 ,m27,,
12549, u439 ," Good morning, Cheeba."",,,,,,,,,,,,,,,,,,,,,,,,,,,,,,,", u446 ,m27,,
12550, u446 ," DeLa, I don't know 'bout this."",,,,,,,,,,,,,,,,,,,,,,,,,,,,,,,", u438 ,m27,,
12551, u438 ," That ain't funny.,,,,,,,,,,,,,,,,,,,,,,,,,,,,,,,", u438 ,m27,,
12552, u438 ," We're starving.,,,,,,,,,,,,,,,,,,,,,,,,,,,,,,,", u446 ,m27,,
12553, u446 ," If it's not too much trouble could you order us some food?,,,,,,,,,,,,,,,,,,,,,,,,,,,,,,,", u438 ,m27,,
12554, u438 ," We was coming to see you.,,,,,,,,,,,,,,,,,,,,,,,,,,,,,,,", u446 ,m27,,
12555, u446 ," We got evicted from our home. We've both been on the streets for the last week.,,,,,,,,,,,,,,,,,,,,,,,,,,,,,,,", u438 ,m27,,
12556, u438 ," Are you crazy?  The joint is crawling with cops now.  You wanna go to Rikers?  Go to the hoosegow?,,,,,,,,,,,,,,,,,,,,,,,,,,,,,,,", u446 ,m27,,
12557, u446 ," We ran out without my shoes and the floor.  I gotta get my stuff.  What about our savings?,,,,,,,,,,,,,,,,,,,,,,,,,,,,,,,", u446 ,m27,,
12558, u446 ," I'm tired of waiting.,,,,,,,,,,,,,,,,,,,,,,,,,,,,,,,", u438 ,m27,,
12559, u438 ," Yo, you gotta show some patience. You want me to snap my fingers and presto chango - you're an overnight sensation.  Son, there is no such thing."",,,,,,,,,,,,,,,,,,,,,,,,,,,,,,,", u446 ,m27,,
12560, u446 ," And I'm the feet.,,,,,,,,,,,,,,,,,,,,,,,,,,,,,,,", u438 ,m27,,
12561, u438 ," Chill, I'm the brains behind this outfit."",,,,,,,,,,,,,,,,,,,,,,,,,,,,,,,", u446 ,m27,,
12562, u446 ," Yo, check it.  This is good and all that but one day soon I want to have much Benjamins so I can have a nice crib and pay all my bills. You hear me."",,,,,,,,,,,,,,,,,,,,,,,,,,,,,,,", u438 ,m27,,
12563, u438 ," Ahh, the luxuries of life."",,,,,,,,,,,,,,,,,,,,,,,,,,,,,,,", u438 ,m27,,
12564, u438 ," Did we get our bill yet?,,,,,,,,,,,,,,,,,,,,,,,,,,,,,,,", u446 ,m27,,
12565, u446 ," Hurry up, I wanna watch HBO."",,,,,,,,,,,,,,,,,,,,,,,,,,,,,,,", u438 ,m27,,
12566, u438 ," My world famous, famous world Arroz con pollo will be ready very soon."",,,,,,,,,,,,,,,,,,,,,,,,,,,,,,,", u446 ,m27,,
12567, u446 ," I'm starvin' like Marvin.,,,,,,,,,,,,,,,,,,,,,,,,,,,,,,,", u439 ,m27,,
12568, u439 ," No costume.  No blackface.,,,,,,,,,,,,,,,,,,,,,,,,,,,,,,,", u446 ,m27,,
12569, u446 ," I'm always gonna be that.  But I ain't doing no more buck dancing.,,,,,,,,,,,,,,,,,,,,,,,,,,,,,,,", u439 ,m27,,
12570, u439 ," Manray, I'm very sorry about ya boy Cheeba and Sloan.  Believe me, it gave me no joy pulling ya coattail about her, just lookin' out for a brother.  I feel you, all this stuff happenin' at once but you can't let if affect your work.  You gotta be professional."",,,,,,,,,,,,,,,,,,,,,,,,,,,,,,,", u446 ,m27,,
12571, u446 ," I won't do it anymore.,,,,,,,,,,,,,,,,,,,,,,,,,,,,,,,", u439 ,m27,,
12572, u439 ," How you sound?,,,,,,,,,,,,,,,,,,,,,,,,,,,,,,,", u446 ,m27,,
12573, u446 ," I'm not playin' myself no mo'.,,,,,,,,,,,,,,,,,,,,,,,,,,,,,,,", u439 ,m27,,
12574, u439 ," Mantan!!,,,,,,,,,,,,,,,,,,,,,,,,,,,,,,,", u446 ,m27,,
12575, u446 ," Mantan?,,,,,,,,,,,,,,,,,,,,,,,,,,,,,,,", u439 ,m27,,
12576, u439 ," You have to start getting into your character.,,,,,,,,,,,,,,,,,,,,,,,,,,,,,,,", u446 ,m27,,
12577, u446 ," Why?,,,,,,,,,,,,,,,,,,,,,,,,,,,,,,,", u439 ,m27,,
12578, u439 ," I want you to start using the name Mantan and not Manray if you don't mind.,,,,,,,,,,,,,,,,,,,,,,,,,,,,,,,", u446 ,m27,,
12579, u446 ," Mantan?  I don't even care as long as I'm dancing.  Which reminds me, I need some new kicks."",,,,,,,,,,,,,,,,,,,,,,,,,,,,,,,", u439 ,m27,,
12580, u439 ," You're now Mantan.,,,,,,,,,,,,,,,,,,,,,,,,,,,,,,,", u446 ,m27,,
12581, u446 ," To what?,,,,,,,,,,,,,,,,,,,,,,,,,,,,,,,", u439 ,m27,,
12582, u439 ," I would like to change your name.,,,,,,,,,,,,,,,,,,,,,,,,,,,,,,,", u439 ,m27,,
12583, u439 ," That's right.  Money turns the wheel.,,,,,,,,,,,,,,,,,,,,,,,,,,,,,,,", u446 ,m27,,
12584, u446 ," DeLa, I'm aboard.  As long as I get to hoof and get paid too!!!"",,,,,,,,,,,,,,,,,,,,,,,,,,,,,,,", u439 ,m27,,
12585, u439 ," Trust me.  Of course I still have to pitch it to my boss, but we'll have an answer one way or the other."",,,,,,,,,,,,,,,,,,,,,,,,,,,,,,,", u446 ,m27,,
12586, u446 ," How different?,,,,,,,,,,,,,,,,,,,,,,,,,,,,,,,", u446 ,m27,,
12587, u446 ," Where do I sign?,,,,,,,,,,,,,,,,,,,,,,,,,,,,,,,", u439 ,m27,,
12588, u439 ," Some tap dancing, some singing."",,,,,,,,,,,,,,,,,,,,,,,,,,,,,,,", u446 ,m27,,
12589, u446 ," What do I have to do?,,,,,,,,,,,,,,,,,,,,,,,,,,,,,,,", u439 ,m27,,
12590, u439 ," EUREKA!!,,,,,,,,,,,,,,,,,,,,,,,,,,,,,,,", u446 ,m27,,
12591, u446 ," My tap shoes.,,,,,,,,,,,,,,,,,,,,,,,,,,,,,,,", u446 ,m27,,
12592, u446 ," Well do something about it.,,,,,,,,,,,,,,,,,,,,,,,,,,,,,,,", u439 ,m27,,
12593, u439 ," Manray, Sloan says you're too talented to be dancing on the street."",,,,,,,,,,,,,,,,,,,,,,,,,,,,,,,", u439 ,m27,,
12594, u439 ," Can I finish?  Thank you.  I had a great Aunt, we called her Sister. She went to her grave not believing man had walked on the Moon. "",,,,,,,,,,,,,,,,,,,,,,,,,,,,,,,", u442 ,m27,,
12595, u442 ," Are you trying to excuse our Holocaust?,,,,,,,,,,,,,,,,,,,,,,,,,,,,,,,", u439 ,m27,,
12596, u439 ," Don't you people get it?  We're in the 21st Century.  Slavery was over four hundred years ago.  All that stuff people talked in the old days, it's over.  Folks always crying, white man this, white man that.  Let's all grow up."",,,,,,,,,,,,,,,,,,,,,,,,,,,,,,,", u442 ,m27,,
12597, u442 ," But the line has to be drawn.,,,,,,,,,,,,,,,,,,,,,,,,,,,,,,,", u439 ,m27,,
12598, u439 ," Yes.  And I say yes because who is to judge?  Who is to stand before us and say this is righteous and this is not?  Who?  Who can play God?,,,,,,,,,,,,,,,,,,,,,,,,,,,,,,,", u442 ,m27,,
12599, u442 ," No matter how sexist or racist the material may be?,,,,,,,,,,,,,,,,,,,,,,,,,,,,,,,", u439 ,m27,,
12600, u439 ," Because race has always been a sensitive issue in this country. Gary, I have no problem with people disagreeing with the show, it's when folks start trying to mess with my inherent right as an artist, that's when I get mad.  No one, in any way, shape or form should be censored."",,,,,,,,,,,,,,,,,,,,,,,,,,,,,,,", u442 ,m27,,
12601, u442 ," Our guest today is Pierre Delacroix. He is the creator of the highly controversial TV show MANTAN. Let's get right into it.  You have been called by some in the community a traitor, a sellout, an Uncle Tom. Why does your show generate such feelings?"",,,,,,,,,,,,,,,,,,,,,,,,,,,,,,,", u441 ,m27,,
12602, u441 ," I want to meet her one day, please tell her the great news.  I'm OUT like Vanilla Ice."",,,,,,,,,,,,,,,,,,,,,,,,,,,,,,,", u439 ,m27,,
12603, u439 ," I gots to go, it's my Moms."",,,,,,,,,,,,,,,,,,,,,,,,,,,,,,,", u439 ,m27,,
12604, u439 ," Hello, Mommy, let me get rid of this other call."",,,,,,,,,,,,,,,,,,,,,,,,,,,,,,,", u439 ,m27,,
12605, u439 ," Hold on a sec, I got a call."",,,,,,,,,,,,,,,,,,,,,,,,,,,,,,,", u441 ,m27,,
12606, u441 ," The big mistake was my not believing in your genius earlier.  From the gitgo, from jump street."",,,,,,,,,,,,,,,,,,,,,,,,,,,,,,,", u439 ,m27,,
12607, u439 ," This has to be a big mistake.,,,,,,,,,,,,,,,,,,,,,,,,,,,,,,,", u441 ,m27,,
12608, u441 ," They didn't even view a rough cut, just some scenes we quickly cut together."",,,,,,,,,,,,,,,,,,,,,,,,,,,,,,,", u441 ,m27,,
12609, u441 ," Yo, DeLa, I just got the news from the CNS brass.  They saw some clips from the pilot and they're rushing it onto the air.  Yo, we're a midseason replacement, ordered 12 shows.  We're on in 3 weeks.  Didya hear what I just said, Yo?"",,,,,,,,,,,,,,,,,,,,,,,,,,,,,,,", u441 ,m27,,
12610, u441 ," I seriously doubt that will ever happen.  Didn't I tell you I know your people better than you do. But if by some miracle you're correct, I'm gonna invite them inside my house and we'll have a sit down, discuss it like civil human beings."",,,,,,,,,,,,,,,,,,,,,,,,,,,,,,,", u439 ,m27,,
12611, u439 ," Funnier to who and at who's expense? Dunwitty, when Negroes start to run amok, the boycotts, when the demostrations commence, I'm giving them your home address.  Let's see how you like it when they picket your lawn in Greenwich, Connecticut."",,,,,,,,,,,,,,,,,,,,,,,,,,,,,,,", u441 ,m27,,
12612, u441 ," We just punched it up a bit.  Made it funnier.,,,,,,,,,,,,,,,,,,,,,,,,,,,,,,,", u439 ,m27,,
12613, u439 ," I don't give a good goddamn about Finland, Norway, Sweden or wherever ya blond ass came from."",,,,,,,,,,,,,,,,,,,,,,,,,,,,,,,", u441 ,m27,,
12614, u441 ," Calm down, please."",,,,,,,,,,,,,,,,,,,,,,,,,,,,,,,", u439 ,m27,,
12615, u439 ," I will not be held responsible for these revisions.  These changes are not the way I want to go.  This is an outrage.  This is a sham.  A violation!,,,,,,,,,,,,,,,,,,,,,,,,,,,,,,,", u439 ,m27,,
12616, u439 ," Dunwitty, don't leave."",,,,,,,,,,,,,,,,,,,,,,,,,,,,,,,", u441 ,m27,,
12617, u441 ," I'm gonna leave you two creative geniuses alone.,,,,,,,,,,,,,,,,,,,,,,,,,,,,,,,", u441 ,m27,,
12618, u441 ," Derrick Coleman, he possessed all the talent in the world, coulda, shoulda, been a great ballplayer but alas D.C. didn't want it bad enough.  Delacroix, do you want it? Bad enough to kill for it?  Do you want it that much."",,,,,,,,,,,,,,,,,,,,,,,,,,,,,,,", u439 ,m27,,
12619, u439 ," In the immortal words of Derrick Coleman, WHOOOPDEEDAMNDOO!!!"",,,,,,,,,,,,,,,,,,,,,,,,,,,,,,,", u441 ,m27,,
12620, u441 ," No!!!  Just meet the guy.  That's all I'm asking.  Look, I'll even let you choose your own musical director.  You can have that."",,,,,,,,,,,,,,,,,,,,,,,,,,,,,,,", u439 ,m27,,
12621, u439 ," That's exactly my point.  Has he even directed actors before in anything?,,,,,,,,,,,,,,,,,,,,,,,,,,,,,,,", u441 ,m27,,
12622, u441 ," If Spielburg can direct """"The Color Purple"""" and """"Amistad"""", our whiz kid can direct the Mantan pilot."",,,,,,,,,,,,,,,,,,,,,,,,,,,,,,,", u439 ,m27,,
12623, u439 ," What are his qualifications besides being a white male and directing a hot new sexy freaky Madonna video?,,,,,,,,,,,,,,,,,,,,,,,,,,,,,,,", u441 ,m27,,
12624, u441 ," Probably nuthin', but that's why it's such a sexy way to go. Sometimes an outsider has a fresh new outlook, a different unique perspective.  A black director, y'know what he's gonna do given the subject matter?  With this kid, the possibilities are endless."",,,,,,,,,,,,,,,,,,,,,,,,,,,,,,,", u439 ,m27,,
12625, u439 ," Besides, what does he know about Negroes?"",,,,,,,,,,,,,,,,,,,,,,,,,,,,,,,", u441 ,m27,,
12626, u441 ," I just want you to meet him.  Keep an open mind.,,,,,,,,,,,,,,,,,,,,,,,,,,,,,,,", u439 ,m27,,
12627, u439 ," You're telling me some white boy is gonna direct this pilot?,,,,,,,,,,,,,,,,,,,,,,,,,,,,,,,", u441 ,m27,,
12628, u441 ," I want a hot, young white director. Maybe the kid, that pheenom who just did that hot new sexy Madonna video."",,,,,,,,,,,,,,,,,,,,,,,,,,,,,,,", u439 ,m27,,
12629, u439 ," I was hoping to perhaps direct some episodes myself, if not the pilot soon after."",,,,,,,,,,,,,,,,,,,,,,,,,,,,,,,", u441 ,m27,,
12630, u441 ," To hire someone solely on their ethnicity, gender or religion is not right.  It's un-American.  I will hire someone who is most qualified for this particular job."",,,,,,,,,,,,,,,,,,,,,,,,,,,,,,,", u439 ,m27,,
12631, u439 ," I strongly feel that a Negro should direct this.  This kind of satire is a high wire act in a gale storm. One misstep and we're doing """"Amos and Andy.""""  Only a Negro will have the sensitivity and cultural awareness to navigate this dangerous terrain."",,,,,,,,,,,,,,,,,,,,,,,,,,,,,,,", u441 ,m27,,
12632, u441 ," Sleep 'n Eat, what do you do?"",,,,,,,,,,,,,,,,,,,,,,,,,,,,,,,", u439 ,m27,,
12633, u439 ," We think so.,,,,,,,,,,,,,,,,,,,,,,,,,,,,,,,", u441 ,m27,,
12634, u441 ," That'swhatI'mtalkin''bout. That'swhatI'mtalkin''bout!  He's off the hiz-hook!,,,,,,,,,,,,,,,,,,,,,,,,,,,,,,,", u441 ,m27,,
12635, u441 ," What are you talkin' 'bout?  It's the move.  Stay wid me now.  We're movin' fast.  What does everybody else think about this?,,,,,,,,,,,,,,,,,,,,,,,,,,,,,,,", u439 ,m27,,
12636, u439 ," I don't know about that plantation angle.,,,,,,,,,,,,,,,,,,,,,,,,,,,,,,,", u441 ,m27,,
12637, u441 ," And every week these Alabama porch monkeys will make us cry, make us laugh, make us look at our own humanity.  Make us feel good to be alive."",,,,,,,,,,,,,,,,,,,,,,,,,,,,,,,", u441 ,m27,,
12638, u441 ," Ya first bad move.  Projects been done.  That's one of the problems now, everything, movies, TV, are set in the urban jungle, da hood. That's so tired.  Mantan's Millennium Minstrel Show should be set on a plantation.  In Alabama. "",,,,,,,,,,,,,,,,,,,,,,,,,,,,,,,", u439 ,m27,,
12639, u439 ," In the projects.  Like Eddie Murphy's """"The PJ's."""""",,,,,,,,,,,,,,,,,,,,,,,,,,,,,,,", u441 ,m27,,
12640, u441 ," We gonna hit 'em wid da BOMB DICKEY on dis' one.  What's the setting?,,,,,,,,,,,,,,,,,,,,,,,,,,,,,,,", u439 ,m27,,
12641, u439 ," Do we have characters?  How about Honeycutt, Snowflake, Rastus, Nigger, Jim, Sambo, Jungle Bunny, and how could we forget Aunt Jemima."",,,,,,,,,,,,,,,,,,,,,,,,,,,,,,,", u441 ,m27,,
12642, u441 ," Who are the other characters?,,,,,,,,,,,,,,,,,,,,,,,,,,,,,,,", u439 ,m27,,
12643, u439 ," Mantan right here is a gifted hoofer.  He has educated feet.,,,,,,,,,,,,,,,,,,,,,,,,,,,,,,,", u441 ,m27,,
12644, u441 ," So what.  We would just give the NAACP a donation that would be the end of that.  No such thing as bad publicity.  So what.  Earlier you said singing and dancing.,,,,,,,,,,,,,,,,,,,,,,,,,,,,,,,", u439 ,m27,,
12645, u439 ," Negroes would be in an uproar.,,,,,,,,,,,,,,,,,,,,,,,,,,,,,,,", u441 ,m27,,
12646, u441 ," Let'em try.  I will kill to make this happen.,,,,,,,,,,,,,,,,,,,,,,,,,,,,,,,", u439 ,m27,,
12647, u439 ," Protest finally forced """"Amos and Andy"""" off the air.  Could stop us from ever getting on."",,,,,,,,,,,,,,,,,,,,,,,,,,,,,,,", u441 ,m27,,
12648, u441 ," This could be bigger than """"Amos and Andy."""""",,,,,,,,,,,,,,,,,,,,,,,,,,,,,,,", u439 ,m27,,
12649, u439 ," Yep, you guessed it."",,,,,,,,,,,,,,,,,,,,,,,,,,,,,,,", u441 ,m27,,
12650, u441 ," And Sleep 'n Eat is his comical sidekick?,,,,,,,,,,,,,,,,,,,,,,,,,,,,,,,", u439 ,m27,,
12651, u439 ," Mantan is an uneducated Negro who always by some stroke of unbelievable stupidity makes his best laid plans go haywire.,,,,,,,,,,,,,,,,,,,,,,,,,,,,,,,", u441 ,m27,,
12652, u441 ," Exactly!,,,,,,,,,,,,,,,,,,,,,,,,,,,,,,,", u439 ,m27,,
12653, u439 ," Ignorant, dullwitted, lazy, and unlucky."",,,,,,,,,,,,,,,,,,,,,,,,,,,,,,,", u441 ,m27,,
12654, u441 ," What are there character traits?,,,,,,,,,,,,,,,,,,,,,,,,,,,,,,,", u439 ,m27,,
12655, u439 ," Every week we follow the trials and tribulations of two real coons - Mantan and Sleep 'n Eat.  The Dusky Duo.,,,,,,,,,,,,,,,,,,,,,,,,,,,,,,,", u441 ,m27,,
12656, u441 ," I want you take it there.  All the way to the edge and back.,,,,,,,,,,,,,,,,,,,,,,,,,,,,,,,", u439 ,m27,,
12657, u439 ," Mantan and Sleep 'n Eat.  Two real coons.  I know we're way out there but it's satire.,,,,,,,,,,,,,,,,,,,,,,,,,,,,,,,", u441 ,m27,,
12658, u441 ," That's a great handle.,,,,,,,,,,,,,,,,,,,,,,,,,,,,,,,", u441 ,m27,,
12659, u441 ," Are these our two stars, sitting here in front of my nose?  Which one is Mantan again?"",,,,,,,,,,,,,,,,,,,,,,,,,,,,,,,", u439 ,m27,,
12660, u439 ," I don't know if Whoopi is the way to go.,,,,,,,,,,,,,,,,,,,,,,,,,,,,,,,", u441 ,m27,,
12661, u441 ," Don't worry about that, that's my department.  Now who do we cast? We need a star.  Can Whoopi sing or dance?"",,,,,,,,,,,,,,,,,,,,,,,,,,,,,,,", u439 ,m27,,
12662, u439 ," It will take a lot of courage and backbone on the part of the CNS to get this on the air.  In fact, I would understand fully if the subject matter is deemed too risque, too controversial."",,,,,,,,,,,,,,,,,,,,,,,,,,,,,,,", u441 ,m27,,
12663, u441 ," I'm feelin' dis'!,,,,,,,,,,,,,,,,,,,,,,,,,,,,,,,", u441 ,m27,,
12664, u441 ," I'm lovin' it.  You know how I know? Because I'm getting a boner, my Johnson is hard, no disrespect my sister."",,,,,,,,,,,,,,,,,,,,,,,,,,,,,,,", u439 ,m27,,
12665, u439 ," It is called: MANTAN - THE NEW MILLENNIUM MINSTREL SHOW.,,,,,,,,,,,,,,,,,,,,,,,,,,,,,,,", u441 ,m27,,
12666, u441 ," The name of the show?,,,,,,,,,,,,,,,,,,,,,,,,,,,,,,,", u439 ,m27,,
12667, u439 ," So let's take this great form, this very American tradition of entertainment into the 21st century, into the new millennium."",,,,,,,,,,,,,,,,,,,,,,,,,,,,,,,", u441 ,m27,,
12668, u441 ," Word!!!,,,,,,,,,,,,,,,,,,,,,,,,,,,,,,,", u439 ,m27,,
12669, u439 ," I know you're familiar with minstrel shows.  They came about at the turn of the 19th century.  It was a variety show in which the talent was in blackface - singing, dancing, telling jokes, doing skits. Dunwitty, I ask you when was the last time there was a good variety show on the air.  Carol Burnett? HeeHaw?"",,,,,,,,,,,,,,,,,,,,,,,,,,,,,,,", u441 ,m27,,
12670, u441 ," Go on.  Good so far.,,,,,,,,,,,,,,,,,,,,,,,,,,,,,,,", u439 ,m27,,
12671, u439 ," I've done a lot of soul searching and once again you are right.  In my previous work it's been all surface, superficial.  I have never really dug deep.  Not anymore.  As Mark Twain fully understood satire is the way.  Race has always been a hot button in this country's history and it needs to be pushed harder.  If we are ever to live side by side in peace and harmony. It's about promoting racial healing."",,,,,,,,,,,,,,,,,,,,,,,,,,,,,,,", u441 ,m27,,
12672, u441 ," I'm wid it.,,,,,,,,,,,,,,,,,,,,,,,,,,,,,,,", u439 ,m27,,
12673, u439 ," We're all happy to be here and I'm going to paint a picture for you.,,,,,,,,,,,,,,,,,,,,,,,,,,,,,,,", u439 ,m27,,
12674, u439 ," It's right and tight.  Good morning, let me introduce you to everybody. You know my assistant, Sloan."",,,,,,,,,,,,,,,,,,,,,,,,,,,,,,,", u441 ,m27,,
12675, u441 ," Delacroix, I'm glad you got your mind right."",,,,,,,,,,,,,,,,,,,,,,,,,,,,,,,", u441 ,m27,,
12676, u441 ," Yes!  Yes!  Yes!  I want a show that will make headlines, that will have millions and millions of households tuned in, glued to their televisions every week.  I want advertisers dying to buy on this show.  I'm gonna squeeze this show out of you if it kills you."",,,,,,,,,,,,,,,,,,,,,,,,,,,,,,,", u439 ,m27,,
12677, u439 ," What is it you want from me?  Some plantation follies?  Some sitcom that takes place on a watermelon patch?  Some show that follows four nigger generations of junkies and crackheads?  You want me to go back to the ante bellum days?,,,,,,,,,,,,,,,,,,,,,,,,,,,,,,,", u441 ,m27,,
12678, u441 ," You will or you'll be back at BET so quick you'll never know what hit you.  I need a mid-season replacement and pronto.  It will be on the fast track.,,,,,,,,,,,,,,,,,,,,,,,,,,,,,,,", u439 ,m27,,
12679, u439 ," I'm not sure if I can deliver what you want.,,,,,,,,,,,,,,,,,,,,,,,,,,,,,,,", u441 ,m27,,
12680, u441 ," That's exactly what I think.  I want you to create something that people want to see.  Let's be honest, the majority of the people in the country are deaf, dumb and blind and I'm including 35 million African-Americans.  You know and I know """"niggers"""" set the trend, set the styles.  This is a golden opportunity now.  These idiots have to be led to the water."",,,,,,,,,,,,,,,,,,,,,,,,,,,,,,,", u439 ,m27,,
12681, u439 ," I'm an oreo, a sell out?  Because I don't aspire to do HOMEBOYS FROM OUT OF SPACE, SECRET DIARY OF DESMOND PFEIFFER, A PJ's or some as you might put it, some """"nigger"""" show?  I'm a Tom?  I'm whiter than white and you're blacker than black? Is that what you think?"",,,,,,,,,,,,,,,,,,,,,,,,,,,,,,,", u441 ,m27,,
12682, u441 ," You got your head stuck up your ass with your Harvard education and your pretentious ways.  Brother man, I'm blacker than you.  I'm keepin' it real and you're frontin', trying to be white."",,,,,,,,,,,,,,,,,,,,,,,,,,,,,,,", u439 ,m27,,
12683, u439 ," I've never been given a fair shot.,,,,,,,,,,,,,,,,,,,,,,,,,,,,,,,", u441 ,m27,,
12684, u441 ," Delacroix, wake up, brother man. The reason why they didn't get picked up was because nobody - and I mean NOBODY - niggers and crackers alike wants to see that junk."",,,,,,,,,,,,,,,,,,,,,,,,,,,,,,,", u439 ,m27,,
12685, u439 ," ...to white?  I still feel all of my scripts would make good shows.,,,,,,,,,,,,,,,,,,,,,,,,,,,,,,,", u441 ,m27,,
12686, u441 ," The middle class black family moves into a white suburban enclave.  The middle class black family moves into a small Southern town that is run by the KKK.  The middle class single black father raises his teenage daughter.  The middle class single black father raises his teenage daughter.  The middle class single black mother raises her teenage son.  And so on and so forth.  It's too clean, too antiseptic..."",,,,,,,,,,,,,,,,,,,,,,,,,,,,,,,", u441 ,m27,,
12687, u441 ," I'm telling you it's not.,,,,,,,,,,,,,,,,,,,,,,,,,,,,,,,", u439 ,m27,,
12688, u439 ," I don't agree.  The Negro middle class does exist, and it's rich material for a dramatic series or sitcom."",,,,,,,,,,,,,,,,,,,,,,,,,,,,,,,", u441 ,m27,,
12689, u441 ," The material you've been creating is too white bread.  White people with black faces.  The Huxtable's, Cosby, revolutionary.  But that's dead.  We can't go down that road again."",,,,,,,,,,,,,,,,,,,,,,,,,,,,,,,", u441 ,m27,,
12690, u441 ," NIGGER.  NIGGER.  NIGGER.  NIGGER.,,,,,,,,,,,,,,,,,,,,,,,,,,,,,,,", u439 ,m27,,
12691, u439 ," I would prefer you not use that word in my presence.,,,,,,,,,,,,,,,,,,,,,,,,,,,,,,,", u441 ,m27,,
12692, u441 ," I understand Black culture.  I grew up around black people all my life. If the truth be told I probably know """"niggers"""" better than you, Monsieur Delacroix.  Please don't get offended by my use of the quote-unquote N word.  I got a black wife and three bi-racial children, so I feel I have a right to use that word.  I don't give a damn what Spike says, Tarantino is right.  Nigger is just a word.  If Dirty Ole Bastard can use it every other word so can I."",,,,,,,,,,,,,,,,,,,,,,,,,,,,,,,", u441 ,m27,,
12693, u441 ," Forget it.  I believe you're my most creative person I've got on staff.  You're hip.  You know what's happening.  I got some corny white boys and girls writing for me.,,,,,,,,,,,,,,,,,,,,,,,,,,,,,,,", u439 ,m27,,
12694, u439 ," I understand.  But again, in all honesty I was not informed."",,,,,,,,,,,,,,,,,,,,,,,,,,,,,,,", u441 ,m27,,
12695, u441 ," I'm sorry about my blowup but I have to have a whipping boy every meeting.,,,,,,,,,,,,,,,,,,,,,,,,,,,,,,,", u439 ,m27,,
12696, u439 ," C.P. Time is Colored People's Time. The stereotypical belief that Negroes are always late.  That Negroes have no sense of time - time except when it comes to music or dance.,,,,,,,,,,,,,,,,,,,,,,,,,,,,,,,", u441 ,m27,,
12697, u441 ," Do you know what C.P. Time is?,,,,,,,,,,,,,,,,,,,,,,,,,,,,,,,", u439 ,m27,,
12698, u439 ," I wasn't told about this until Marie informed me as soon as I got off the elevator.,,,,,,,,,,,,,,,,,,,,,,,,,,,,,,,", u441 ,m27,,
12699, u441 ," So are you telling me everyone knew about this get-together except you?,,,,,,,,,,,,,,,,,,,,,,,,,,,,,,,", u439 ,m27,,
12700, u439 ," Four minutes ago.,,,,,,,,,,,,,,,,,,,,,,,,,,,,,,,", u439 ,m27,,
12701, u439 ," I didn't find out about this very important staff meeting until...,,,,,,,,,,,,,,,,,,,,,,,,,,,,,,,", u441 ,m27,,
12702, u441 ," Do you know how much information can be dispensed in one minute alone?,,,,,,,,,,,,,,,,,,,,,,,,,,,,,,,", u441 ,m27,,
12703, u441 ," I'm sorry I'm late.,,,,,,,,,,,,,,,,,,,,,,,,,,,,,,,", u441 ,m27,,
12704, u441 ," ...exactly thirty-two minutes ago.,,,,,,,,,,,,,,,,,,,,,,,,,,,,,,,", u445 ,m27,,
12705, u445 ," Always keep 'em laughing.,,,,,,,,,,,,,,,,,,,,,,,,,,,,,,,", u439 ,m27,,
12706, u439 ," I love you too, Daddy."",,,,,,,,,,,,,,,,,,,,,,,,,,,,,,,", u445 ,m27,,
12707, u445 ," Baby, you treat me so good. Peerless, you're a good son, I love you.  You never gave me no trouble."",,,,,,,,,,,,,,,,,,,,,,,,,,,,,,,", u439 ,m27,,
12708, u439 ," Let's get him over to the bed.,,,,,,,,,,,,,,,,,,,,,,,,,,,,,,,", u445 ,m27,,
12709, u445 ," In life?  I'ma keep on living, having a good drink, got me a good young woman, make a couple of dollars and make people laugh. Haven't I always tol' you all nigga's are entertainers?  The question is what are you gonna do, Peerless?"",,,,,,,,,,,,,,,,,,,,,,,,,,,,,,,", u439 ,m27,,
12710, u439 ," I didn't mean that, in life."",,,,,,,,,,,,,,,,,,,,,,,,,,,,,,,", u445 ,m27,,
12711, u445 ," Three nights Charleston, South Carolina."",,,,,,,,,,,,,,,,,,,,,,,,,,,,,,,", u439 ,m27,,
12712, u439 ," Where do you go from here?,,,,,,,,,,,,,,,,,,,,,,,,,,,,,,,", u445 ,m27,,
12713, u445 ," The truth is never let them seeya sweat.  You do that, that's half the battle."",,,,,,,,,,,,,,,,,,,,,,,,,,,,,,,", u439 ,m27,,
12714, u439 ," Nuthin' I can't handle.,,,,,,,,,,,,,,,,,,,,,,,,,,,,,,,", u445 ,m27,,
12715, u445 ," Dem white boys giving you a hard time?,,,,,,,,,,,,,,,,,,,,,,,,,,,,,,,", u439 ,m27,,
12716, u439 ," The same old, same old.  Trying to get my stuff through."",,,,,,,,,,,,,,,,,,,,,,,,,,,,,,,", u445 ,m27,,
12717, u445 ," Enough about me, what's happening with you?"",,,,,,,,,,,,,,,,,,,,,,,,,,,,,,,", u445 ,m27,,
12718, u445 ," All I know is what happened to me. All that other mess I just file into the """"life's too short"""" category."",,,,,,,,,,,,,,,,,,,,,,,,,,,,,,,", u439 ,m27,,
12719, u439 ," Another one of your conspiracies to hold ya career back?,,,,,,,,,,,,,,,,,,,,,,,,,,,,,,,", u445 ,m27,,
12720, u445 ," That's the only reason, period. They only want one certain kind of black comic."",,,,,,,,,,,,,,,,,,,,,,,,,,,,,,,", u439 ,m27,,
12721, u439 ," Daddy, it can't be just because of that.  There had to be other factors."",,,,,,,,,,,,,,,,,,,,,,,,,,,,,,,", u445 ,m27,,
12722, u445 ," Because I had too much pride.  Too much integrity.  I wouldn't lick nobody's butt.  Some material I refused to do.,,,,,,,,,,,,,,,,,,,,,,,,,,,,,,,", u439 ,m27,,
12723, u439 ," That's what I'm askin'.,,,,,,,,,,,,,,,,,,,,,,,,,,,,,,,", u445 ,m27,,
12724, u445 ," How did I end up at the third rate chittlin' circuit greasy hole in the wall in West Hell, Virginny? Is that what you're asking ya Daddy?"",,,,,,,,,,,,,,,,,,,,,,,,,,,,,,,", u439 ,m27,,
12725, u439 ," How did you end up here?,,,,,,,,,,,,,,,,,,,,,,,,,,,,,,,", u445 ,m27,,
12726, u445 ," I did.  I'm not an alcoholic.  I just like to drink.,,,,,,,,,,,,,,,,,,,,,,,,,,,,,,,", u439 ,m27,,
12727, u439 ," I thought you had promised Mommy you stopped.,,,,,,,,,,,,,,,,,,,,,,,,,,,,,,,", u445 ,m27,,
12728, u445 ," Purely for medicinal purposes.,,,,,,,,,,,,,,,,,,,,,,,,,,,,,,,", u445 ,m27,,
12729, u445 ," My game is still strong.  No Viagra for me, don't need no chemicals. Just my tonic."",,,,,,,,,,,,,,,,,,,,,,,,,,,,,,,", u439 ,m27,,
12730, u439 ," Daddy, she's younger than me."",,,,,,,,,,,,,,,,,,,,,,,,,,,,,,,", u445 ,m27,,
12731, u445 ," Good woman.  I trained her right.,,,,,,,,,,,,,,,,,,,,,,,,,,,,,,,", u439 ,m27,,
12732, u439 ," Pleased to meet you.,,,,,,,,,,,,,,,,,,,,,,,,,,,,,,,", u445 ,m27,,
12733, u445 ," Pull up a chair.  Oh, excuse me, this is my lady DOT."",,,,,,,,,,,,,,,,,,,,,,,,,,,,,,,", u439 ,m27,,
12734, u439 ," It's been a long time.,,,,,,,,,,,,,,,,,,,,,,,,,,,,,,,", u445 ,m27,,
12735, u445 ," Son.  Good to seeya.  Good to seeya.,,,,,,,,,,,,,,,,,,,,,,,,,,,,,,,", u439 ,m27,,
12736, u439 ," It's me, Peerless."",,,,,,,,,,,,,,,,,,,,,,,,,,,,,,,", u445 ,m27,,
12737, u445 ," Go away, unless you got my money."",,,,,,,,,,,,,,,,,,,,,,,,,,,,,,,", u439 ,m27,,
12738, u439 ," I want to speak with you.,,,,,,,,,,,,,,,,,,,,,,,,,,,,,,,", u445 ,m27,,
12739, u445 ," What do you want?,,,,,,,,,,,,,,,,,,,,,,,,,,,,,,,", u440 ,m27,,
12740, u440 ," He did the best way he knew how, Junebug is stubborn just like you."",,,,,,,,,,,,,,,,,,,,,,,,,,,,,,,", u439 ,m27,,
12741, u439 ," He never showed it.,,,,,,,,,,,,,,,,,,,,,,,,,,,,,,,", u440 ,m27,,
12742, u440 ," Your father is proud of you.,,,,,,,,,,,,,,,,,,,,,,,,,,,,,,,", u439 ,m27,,
12743, u439 ," Don't tell him it's from me or he won't take it.,,,,,,,,,,,,,,,,,,,,,,,,,,,,,,,", u440 ,m27,,
12744, u440 ," I was a hostess at this club, your Daddy was performing and I had never laughed so hard in my life. He asked me to come with him.  I quit my job and we've been together ever since."",,,,,,,,,,,,,,,,,,,,,,,,,,,,,,,", u439 ,m27,,
12745, u439 ," So what's up with you?,,,,,,,,,,,,,,,,,,,,,,,,,,,,,,,", u440 ,m27,,
12746, u440 ," The drinking is for the pain.  It doesn't kill it, just dulls it."",,,,,,,,,,,,,,,,,,,,,,,,,,,,,,,", u439 ,m27,,
12747, u439 ," So he drank himself into a stuper?,,,,,,,,,,,,,,,,,,,,,,,,,,,,,,,", u440 ,m27,,
12748, u440 ," Not that often.  He was excited to see you.,,,,,,,,,,,,,,,,,,,,,,,,,,,,,,,", u439 ,m27,,
12749, u439 ," How long has my father been like this?,,,,,,,,,,,,,,,,,,,,,,,,,,,,,,,", u439 ,m27,,
12750, u439 ," Is that so?,,,,,,,,,,,,,,,,,,,,,,,,,,,,,,,", u440 ,m27,,
12751, u440 ," Glad to meet you, too.  You are all your father talks about."",,,,,,,,,,,,,,,,,,,,,,,,,,,,,,,", u439 ,m27,,
12752, u439 ," Give me the gun.,,,,,,,,,,,,,,,,,,,,,,,,,,,,,,,", u452 ,m27,,
12753, u452 ," I told you but you wouldn't listen. You never listened to me.,,,,,,,,,,,,,,,,,,,,,,,,,,,,,,,", u439 ,m27,,
12754, u439 ," I didn't think this was in your studies at NYU.,,,,,,,,,,,,,,,,,,,,,,,,,,,,,,,", u452 ,m27,,
12755, u452 ," Don't make me have to use this.,,,,,,,,,,,,,,,,,,,,,,,,,,,,,,,", u439 ,m27,,
12756, u439 ," And that's how you got me in the first place.,,,,,,,,,,,,,,,,,,,,,,,,,,,,,,,", u452 ,m27,,
12757, u452 ," DeLa, kiss my big black ass."",,,,,,,,,,,,,,,,,,,,,,,,,,,,,,,", u439 ,m27,,
12758, u439 ," Otherwise.  I trust you know the difference.  You're an intelligent woman, finished at NYU."",,,,,,,,,,,,,,,,,,,,,,,,,,,,,,,", u452 ,m27,,
12759, u452 ," Work related or otherwise?,,,,,,,,,,,,,,,,,,,,,,,,,,,,,,,", u439 ,m27,,
12760, u439 ," The first and only time.  A big mistake.  I'm gonna have to ask you not to see Mantan anymore.,,,,,,,,,,,,,,,,,,,,,,,,,,,,,,,", u452 ,m27,,
12761, u452 ," That was a mistake, but I don't regret it."",,,,,,,,,,,,,,,,,,,,,,,,,,,,,,,", u452 ,m27,,
12762, u452 ," That's why it will be so much fun.,,,,,,,,,,,,,,,,,,,,,,,,,,,,,,,", u439 ,m27,,
12763, u439 ," This is crazy.,,,,,,,,,,,,,,,,,,,,,,,,,,,,,,,", u439 ,m27,,
12764, u439 ," You can talk all that mumbo jumbo if you want to but your hands are much bloody.  I know where I made my big mistake.  I have a general rule, never get involved romantically with somebody crazier than you."",,,,,,,,,,,,,,,,,,,,,,,,,,,,,,,", u452 ,m27,,
12765, u452 ," That which has been hidden in darkness is now in the light.  This bucket of blood.,,,,,,,,,,,,,,,,,,,,,,,,,,,,,,,", u439 ,m27,,
12766, u439 ," Light?,,,,,,,,,,,,,,,,,,,,,,,,,,,,,,,", u452 ,m27,,
12767, u452 ," DeLa, you should try it sometime. Come into the light."",,,,,,,,,,,,,,,,,,,,,,,,,,,,,,,", u439 ,m27,,
12768, u439 ," Do you have to be so damn forthright?,,,,,,,,,,,,,,,,,,,,,,,,,,,,,,,", u452 ,m27,,
12769, u452 ," I can't lie to him.  If he asks me something, I tell him what I think."",,,,,,,,,,,,,,,,,,,,,,,,,,,,,,,", u439 ,m27,,
12770, u439 ," Dunwitty and I feel you've been getting too close to him, getting his mind all messed up."",,,,,,,,,,,,,,,,,,,,,,,,,,,,,,,", u452 ,m27,,
12771, u452 ," Please don't go there.,,,,,,,,,,,,,,,,,,,,,,,,,,,,,,,", u439 ,m27,,
12772, u439 ," Oh, is he?  You getting jiggy with Mantan?"",,,,,,,,,,,,,,,,,,,,,,,,,,,,,,,", u452 ,m27,,
12773, u452 ," He's just playing big brother.,,,,,,,,,,,,,,,,,,,,,,,,,,,,,,,", u439 ,m27,,
12774, u439 ," That crazy brother of yours doesn't think so.,,,,,,,,,,,,,,,,,,,,,,,,,,,,,,,", u452 ,m27,,
12775, u452 ," You're the one that put us together. We're friends.,,,,,,,,,,,,,,,,,,,,,,,,,,,,,,,", u439 ,m27,,
12776, u439 ," How long have you and Hambone been hangin' out?,,,,,,,,,,,,,,,,,,,,,,,,,,,,,,,", u452 ,m27,,
12777, u452 ," I don't want to hear it.,,,,,,,,,,,,,,,,,,,,,,,,,,,,,,,", u439 ,m27,,
12778, u439 ," Why'd you do that?,,,,,,,,,,,,,,,,,,,,,,,,,,,,,,,", u452 ,m27,,
12779, u452 ," To me, it shows part of our history in this country, a time when we were considered inferior, sub-human."",,,,,,,,,,,,,,,,,,,,,,,,,,,,,,,", u439 ,m27,,
12780, u439 ," How so?,,,,,,,,,,,,,,,,,,,,,,,,,,,,,,,", u452 ,m27,,
12781, u452 ," It's all good.  You got a hit show, you're gonna need a bank.  Plus, I love these old black collectibles."",,,,,,,,,,,,,,,,,,,,,,,,,,,,,,,", u439 ,m27,,
12782, u439 ," Is that good or bad?,,,,,,,,,,,,,,,,,,,,,,,,,,,,,,,", u452 ,m27,,
12783, u452 ," I thought it was appropiate.,,,,,,,,,,,,,,,,,,,,,,,,,,,,,,,", u439 ,m27,,
12784, u439 ," Thanks.,,,,,,,,,,,,,,,,,,,,,,,,,,,,,,,", u452 ,m27,,
12785, u452 ," This is authentic, not a repro, circa turn of the century."",,,,,,,,,,,,,,,,,,,,,,,,,,,,,,,", u439 ,m27,,
12786, u439 ," The Jolly Nigger Bank.,,,,,,,,,,,,,,,,,,,,,,,,,,,,,,,", u452 ,m27,,
12787, u452 ," No matter what you think, you did come up with something unique. Open it."",,,,,,,,,,,,,,,,,,,,,,,,,,,,,,,", u439 ,m27,,
12788, u439 ," For what?,,,,,,,,,,,,,,,,,,,,,,,,,,,,,,,", u452 ,m27,,
12789, u452 ," A gift.,,,,,,,,,,,,,,,,,,,,,,,,,,,,,,,", u439 ,m27,,
12790, u439 ," What is this?,,,,,,,,,,,,,,,,,,,,,,,,,,,,,,,", u439 ,m27,,
12791, u439 ," A small victory isn't that small when you've been use to losing.,,,,,,,,,,,,,,,,,,,,,,,,,,,,,,,", u452 ,m27,,
12792, u452 ," So you have your small victory, now what?"",,,,,,,,,,,,,,,,,,,,,,,,,,,,,,,", u452 ,m27,,
12793, u452 ," Everybody shut up.,,,,,,,,,,,,,,,,,,,,,,,,,,,,,,,", u439 ,m27,,
12794, u439 ," What would their reaction be?  I hadn't the foggiest.,,,,,,,,,,,,,,,,,,,,,,,,,,,,,,,", u452 ,m27,,
12795, u452 ," I'm sorry, I can't help it.  It's too funny."",,,,,,,,,,,,,,,,,,,,,,,,,,,,,,,", u439 ,m27,,
12796, u439 ," Who's side are you on?,,,,,,,,,,,,,,,,,,,,,,,,,,,,,,,", u439 ,m27,,
12797, u439 ," C'mon.  You were only doing what family is supposed to be doing for family.  You gave your brother a shot.  That's all anybody can ask for, an opportunity, a chance, a shot.  He got his."",,,,,,,,,,,,,,,,,,,,,,,,,,,,,,,", u452 ,m27,,
12798, u452 ," I want to apologize about my brother and the Mau-Mau's.  I should not have imposed them on you.,,,,,,,,,,,,,,,,,,,,,,,,,,,,,,,", u452 ,m27,,
12799, u452 ," The pleasure is mine.,,,,,,,,,,,,,,,,,,,,,,,,,,,,,,,", u439 ,m27,,
12800, u439 ," Same here.,,,,,,,,,,,,,,,,,,,,,,,,,,,,,,,", u452 ,m27,,
12801, u452 ," Just don't lie to me.,,,,,,,,,,,,,,,,,,,,,,,,,,,,,,,", u439 ,m27,,
12802, u439 ," What do you want me to say?,,,,,,,,,,,,,,,,,,,,,,,,,,,,,,,", u452 ,m27,,
12803, u452 ," We both lied to him.,,,,,,,,,,,,,,,,,,,,,,,,,,,,,,,", u452 ,m27,,
12804, u452 ," Let's leave the man in peace so he can get ready.,,,,,,,,,,,,,,,,,,,,,,,,,,,,,,,", u439 ,m27,,
12805, u439 ," Your life will never be the same.,,,,,,,,,,,,,,,,,,,,,,,,,,,,,,,", u452 ,m27,,
12806, u452 ," Break a leg.,,,,,,,,,,,,,,,,,,,,,,,,,,,,,,,", u439 ,m27,,
12807, u439 ," Just want to say good luck.,,,,,,,,,,,,,,,,,,,,,,,,,,,,,,,", u439 ,m27,,
12808, u439 ," I'm gonna slit my wrists.  Cut my throat.  For the love of Joseph.,,,,,,,,,,,,,,,,,,,,,,,,,,,,,,,", u452 ,m27,,
12809, u452 ," You've said that already.,,,,,,,,,,,,,,,,,,,,,,,,,,,,,,,", u452 ,m27,,
12810, u452 ," The big one.,,,,,,,,,,,,,,,,,,,,,,,,,,,,,,,", u439 ,m27,,
12811, u439 ," Which one is your brother?,,,,,,,,,,,,,,,,,,,,,,,,,,,,,,,", u452 ,m27,,
12812, u452 ," This is the group I was telling you about.,,,,,,,,,,,,,,,,,,,,,,,,,,,,,,,", u439 ,m27,,
12813, u439 ," I've never worked with any of you and you've never worked with me so we'll be starting from scratch. I'm a fair person, a straight shooter and I don't hold my tongue. Everybody up in here should know I had nothing to do with you being hired. "",,,,,,,,,,,,,,,,,,,,,,,,,,,,,,,", u452 ,m27,,
12814, u452 ," Hello.,,,,,,,,,,,,,,,,,,,,,,,,,,,,,,,", u439 ,m27,,
12815, u439 ," Good morning, for those of you who don't know me, I'm Pierre Delacroix. I'm running things and this here is my assistant Sloan Hopkins."",,,,,,,,,,,,,,,,,,,,,,,,,,,,,,,", u452 ,m27,,
12816, u452 ," Like I said, all this for some twisted, distorted sense of principal.  Dunwitty, he just tolerates your Negroidal ass, he doesn't respect it."",,,,,,,,,,,,,,,,,,,,,,,,,,,,,,,", u439 ,m27,,
12817, u439 ," I wouldn't bet against it.  My Negroidal ass is stuck between the proverbial rock and a hard place.,,,,,,,,,,,,,,,,,,,,,,,,,,,,,,,", u452 ,m27,,
12818, u452 ," What's the chances of MANTAN being picked up?,,,,,,,,,,,,,,,,,,,,,,,,,,,,,,,", u439 ,m27,,
12819, u439 ," Even if money wasn't an issue, Dunwitty will still go ahead without me and that could be more dangerous."",,,,,,,,,,,,,,,,,,,,,,,,,,,,,,,", u452 ,m27,,
12820, u452 ," Fuck da money.  Why do through all this effort?  Why?  Are you looking for love from Dunwitty?  For respect?  Dunwitty and his likes don't give a goddamn about you.  So now what are you gonna do?,,,,,,,,,,,,,,,,,,,,,,,,,,,,,,,", u439 ,m27,,
12821, u439 ," It was the principle.  Dunwitty had to be enlightened.  I was making a point.  I take pride in my work. Plus, I already told you I wasn't gonna walk away from my money."",,,,,,,,,,,,,,,,,,,,,,,,,,,,,,,", u452 ,m27,,
12822, u452 ," Why did you even come up with that shit if you didn't want it made?,,,,,,,,,,,,,,,,,,,,,,,,,,,,,,,", u439 ,m27,,
12823, u439 ," My problem is MANTAN THE NEW MILLENIUM MINSTREL SHOW.,,,,,,,,,,,,,,,,,,,,,,,,,,,,,,,", u452 ,m27,,
12824, u452 ," What is your problem?,,,,,,,,,,,,,,,,,,,,,,,,,,,,,,,", u439 ,m27,,
12825, u439 ," I feel like somebody hit me upside da head with a sledgehammer.,,,,,,,,,,,,,,,,,,,,,,,,,,,,,,,", u452 ,m27,,
12826, u452 ," You okay?,,,,,,,,,,,,,,,,,,,,,,,,,,,,,,,", u439 ,m27,,
12827, u439 ," This is Cheeba.,,,,,,,,,,,,,,,,,,,,,,,,,,,,,,,", u452 ,m27,,
12828, u452 ," Hello.,,,,,,,,,,,,,,,,,,,,,,,,,,,,,,,", u439 ,m27,,
12829, u439 ," Manray better not be bleeding to death.  I need him.  After we're done he can do whatever he wants to do, until then, he's ours."",,,,,,,,,,,,,,,,,,,,,,,,,,,,,,,", u452 ,m27,,
12830, u452 ," Maybe something happened to them. Maybe they're lying in an alley bleed to death.,,,,,,,,,,,,,,,,,,,,,,,,,,,,,,,", u439 ,m27,,
12831, u439 ," And lose out on my money?  The only way I get paid is if I get fired. And that's what I intend to do.,,,,,,,,,,,,,,,,,,,,,,,,,,,,,,,", u452 ,m27,,
12832, u452 ," Can't you just quit?  Walk away?,,,,,,,,,,,,,,,,,,,,,,,,,,,,,,,", u439 ,m27,,
12833, u439 ," Good.  I'm going to need your support.,,,,,,,,,,,,,,,,,,,,,,,,,,,,,,,", u452 ,m27,,
12834, u452 ," I'm in till the end.,,,,,,,,,,,,,,,,,,,,,,,,,,,,,,,", u439 ,m27,,
12835, u439 ," You getting cold feet?,,,,,,,,,,,,,,,,,,,,,,,,,,,,,,,", u452 ,m27,,
12836, u452 ," Sounds risky to me.,,,,,,,,,,,,,,,,,,,,,,,,,,,,,,,", u439 ,m27,,
12837, u439 ," The point being that him, the networks don't want Black people on television unless they are buffoons."",,,,,,,,,,,,,,,,,,,,,,,,,,,,,,,", u452 ,m27,,
12838, u452 ," What point is that?,,,,,,,,,,,,,,,,,,,,,,,,,,,,,,,", u439 ,m27,,
12839, u439 ," Dunwitty wants a Coon show.  And that's what I'm going to give him, it's going to be so racist, so negative, he won't have the balls to put it on the air.  Hence I'll prove my point."",,,,,,,,,,,,,,,,,,,,,,,,,,,,,,,", u452 ,m27,,
12840, u452 ," You lost me.,,,,,,,,,,,,,,,,,,,,,,,,,,,,,,,", u439 ,m27,,
12841, u439 ," Not yet, but this thing will never get made."",,,,,,,,,,,,,,,,,,,,,,,,,,,,,,,", u452 ,m27,,
12842, u452 ," Do you know how you will use him?,,,,,,,,,,,,,,,,,,,,,,,,,,,,,,,", u439 ,m27,,
12843, u439 ," Manray was under our nose the whole time.,,,,,,,,,,,,,,,,,,,,,,,,,,,,,,,", u452 ,m27,,
12844, u452 ," The idea was out there in the universe.  Now what?,,,,,,,,,,,,,,,,,,,,,,,,,,,,,,,", u439 ,m27,,
12845, u439 ," How can this be?  You and me at the same time, the exact same thought. It's scary."",,,,,,,,,,,,,,,,,,,,,,,,,,,,,,,", u452 ,m27,,
12846, u452 ," It hit me like a ton of bricks.,,,,,,,,,,,,,,,,,,,,,,,,,,,,,,,", u439 ,m27,,
12847, u439 ," How did you know?,,,,,,,,,,,,,,,,,,,,,,,,,,,,,,,", u452 ,m27,,
12848, u452 ," Manray!,,,,,,,,,,,,,,,,,,,,,,,,,,,,,,,", u439 ,m27,,
12849, u439 ," Manray!,,,,,,,,,,,,,,,,,,,,,,,,,,,,,,,", u452 ,m27,,
12850, u452 ," It wasn't my fault.  If I would have known, I would have known."",,,,,,,,,,,,,,,,,,,,,,,,,,,,,,,", u439 ,m27,,
12851, u439 ," What good are you if you don't tell me stuff like this?,,,,,,,,,,,,,,,,,,,,,,,,,,,,,,,", u452 ,m27,,
12852, u452 ," Nobody told me anything.,,,,,,,,,,,,,,,,,,,,,,,,,,,,,,,", u439 ,m27,,
12853, u439 ," Why didn't you tell me about this staff meeting?,,,,,,,,,,,,,,,,,,,,,,,,,,,,,,,", u452 ,m27,,
12854, u452 ," How was it?,,,,,,,,,,,,,,,,,,,,,,,,,,,,,,,", u448 ,m27,,
12855, u448 ," I've always liked the format of Rowan and Martin's """"LAUGH-IN."""""",,,,,,,,,,,,,,,,,,,,,,,,,,,,,,,", u439 ,m27,,
12856, u439 ," David, I appreciate your comments. Anybody got an ideas?  Everybody just talk out loud."",,,,,,,,,,,,,,,,,,,,,,,,,,,,,,,", u439 ,m27,,
12857, u439 ," This thing was rigged, the deck was stacked, the fix was in.  Could Don King be near?  Good thing Sloan had my back.  She's my rock.  This was going to be a whole lot of work."",,,,,,,,,,,,,,,,,,,,,,,,,,,,,,,", u439 ,m27,,
12858, u439 ," Oh, is that what I'm doing?"",,,,,,,,,,,,,,,,,,,,,,,,,,,,,,,", u448 ,m27,,
12859, u448 ," I perfectly understand where you're coming from.  As a minority I can relate to your struggle also.  But I think you should give us all a chance.  We want this pilot to be successful just as much as you. Please don't be so quick to judge us based only on our whiteness.,,,,,,,,,,,,,,,,,,,,,,,,,,,,,,,", u439 ,m27,,
12860, u439 ," Hi, Mona."",,,,,,,,,,,,,,,,,,,,,,,,,,,,,,,", u448 ,m27,,
12861, u448 ," He, I'm Mona."",,,,,,,,,,,,,,,,,,,,,,,,,,,,,,,", u439 ,m27,,
12862, u439 ," Yes, your name?"",,,,,,,,,,,,,,,,,,,,,,,,,,,,,,,", u439 ,m27,,
12863, u439 ," Kook and the Gang, it's Manray. Let's do the taping.  You go back to your dressing room, get dressed and blacken up."",,,,,,,,,,,,,,,,,,,,,,,,,,,,,,,", u447 ,m27,,
12864, u447 ," My name is Manray, goddamnit."",,,,,,,,,,,,,,,,,,,,,,,,,,,,,,,", u439 ,m27,,
12865, u439 ," Mantan, we got a show to tape."",,,,,,,,,,,,,,,,,,,,,,,,,,,,,,,", u439 ,m27,,
12866, u439 ," Do I have to spell it out for you? In fact, go ask Sloan yourself."",,,,,,,,,,,,,,,,,,,,,,,,,,,,,,,", u447 ,m27,,
12867, u447 ," I don't believe it.,,,,,,,,,,,,,,,,,,,,,,,,,,,,,,,", u439 ,m27,,
12868, u439 ," Let me ask you a question, if I may. How do you think she got the job in the first place?  I don't mean to burst your bubble, Mantan the Marvelous, but Sloan is an opportunity."",,,,,,,,,,,,,,,,,,,,,,,,,,,,,,,", u447 ,m27,,
12869, u447 ," Sloan is the hardest working person I've ever met.,,,,,,,,,,,,,,,,,,,,,,,,,,,,,,,", u439 ,m27,,
12870, u439 ," Oh, is it?  Buddy boy, in this business if people don't produce, they get fired."",,,,,,,,,,,,,,,,,,,,,,,,,,,,,,,", u447 ,m27,,
12871, u447 ," What you did is dead wrong.,,,,,,,,,,,,,,,,,,,,,,,,,,,,,,,", u439 ,m27,,
12872, u439 ," You shouldn't even be mad at me over Sloan.,,,,,,,,,,,,,,,,,,,,,,,,,,,,,,,", u439 ,m27,,
12873, u439 ," And now is definitely not the time to bitch up.,,,,,,,,,,,,,,,,,,,,,,,,,,,,,,,", u447 ,m27,,
12874, u447 ," Yeah.,,,,,,,,,,,,,,,,,,,,,,,,,,,,,,,", u439 ,m27,,
12875, u439 ," You've made it from the guttermost to the uppermost.  Don't you know you should never let them see you sweat.  Y'knowwhatI'msayin'?,,,,,,,,,,,,,,,,,,,,,,,,,,,,,,,", u447 ,m27,,
12876, u447 ," Yo, DeLa, they tried to lynch my black ass up in dat piece."",,,,,,,,,,,,,,,,,,,,,,,,,,,,,,,", u439 ,m27,,
12877, u439 ," You getting scared because some people don't like what you are doing?,,,,,,,,,,,,,,,,,,,,,,,,,,,,,,,", u447 ,m27,,
12878, u447 ," No.,,,,,,,,,,,,,,,,,,,,,,,,,,,,,,,", u439 ,m27,,
12879, u439 ," What are you?  A man or a mouse? Are you a punk?  Punking out on me?,,,,,,,,,,,,,,,,,,,,,,,,,,,,,,,", u439 ,m27,,
12880, u439 ," In time.,,,,,,,,,,,,,,,,,,,,,,,,,,,,,,,", u447 ,m27,,
12881, u447 ," Hope the same thing doesn't happen to me.  That's some big shoes to fill.,,,,,,,,,,,,,,,,,,,,,,,,,,,,,,,", u439 ,m27,,
12882, u439 ," No joke.  Serious.,,,,,,,,,,,,,,,,,,,,,,,,,,,,,,,", u439 ,m27,,
12883, u439 ," Tomorrow it will be all about cruelty to animals or some sex scandal.  Besides, there is no such thing as bad publicity."",,,,,,,,,,,,,,,,,,,,,,,,,,,,,,,", u447 ,m27,,
12884, u447 ," Same thing Giuliani said.,,,,,,,,,,,,,,,,,,,,,,,,,,,,,,,", u439 ,m27,,
12885, u439 ," This is nothing.  It will blow over by tomorrow.,,,,,,,,,,,,,,,,,,,,,,,,,,,,,,,", u447 ,m27,,
12886, u447 ," You sound like the media.,,,,,,,,,,,,,,,,,,,,,,,,,,,,,,,", u439 ,m27,,
12887, u439 ," So they can be on TV.,,,,,,,,,,,,,,,,,,,,,,,,,,,,,,,", u447 ,m27,,
12888, u447 ," Sloan, will you take your boss out of here so I can get ready."",,,,,,,,,,,,,,,,,,,,,,,,,,,,,,,", u439 ,m27,,
12889, u439 ," Not nervous?  Relaxed?,,,,,,,,,,,,,,,,,,,,,,,,,,,,,,,", u447 ,m27,,
12890, u447 ," I feel fine.,,,,,,,,,,,,,,,,,,,,,,,,,,,,,,,", u439 ,m27,,
12891, u439 ," You feel good, not nervous?"",,,,,,,,,,,,,,,,,,,,,,,,,,,,,,,", u447 ,m27,,
12892, u447 ," Naw.  I'll take the zero.,,,,,,,,,,,,,,,,,,,,,,,,,,,,,,,", u439 ,m27,,
12893, u439 ," Can I kiss you too?,,,,,,,,,,,,,,,,,,,,,,,,,,,,,,,", u447 ,m27,,
12894, u447 ," The point I'm trying to make is that this is a blessing.  It's going to be fun doing this show and we should all look at it that way.,,,,,,,,,,,,,,,,,,,,,,,,,,,,,,,", u439 ,m27,,
12895, u439 ," Now I'm privileged?!  Why?  Because I didn't grow up on food stamps and welfare?  Because I didn't call home a cardboard box?  No, I never ever went to bed hungry and I'm proud of it, too.  Whoever told you that living in poverty earns you somekind of badge of honor flat out lied to you."",,,,,,,,,,,,,,,,,,,,,,,,,,,,,,,", u447 ,m27,,
12896, u447 ," That's the way it came out.  Let me ask you one question.  Have you ever been in want, in need your entire privileged life?"",,,,,,,,,,,,,,,,,,,,,,,,,,,,,,,", u439 ,m27,,
12897, u439 ," I didn't mean it to sound like that.,,,,,,,,,,,,,,,,,,,,,,,,,,,,,,,", u447 ,m27,,
12898, u447 ," Pressure?  DeLa, you don't know what the hell real pressure is. SHEEETT!!!  This is lightstuff. Now when you scramblin' out on the street in da January winter and the hawk is talkin' to you with NO money and NO prospects of money anytime soon, now that there is some pressure."",,,,,,,,,,,,,,,,,,,,,,,,,,,,,,,", u439 ,m27,,
12899, u439 ," I'm happy for all of us.  It's just we have a great responsibility now. The pressure is on.,,,,,,,,,,,,,,,,,,,,,,,,,,,,,,,", u439 ,m27,,
12900, u439 ," Soon.,,,,,,,,,,,,,,,,,,,,,,,,,,,,,,,", u450 ,m27,,
12901, u450 ," I won't forget.  When are you coming up here to see your mother?,,,,,,,,,,,,,,,,,,,,,,,,,,,,,,,", u439 ,m27,,
12902, u439 ," If and when he calls, please don't forget to ask him if he's seen Mantan."",,,,,,,,,,,,,,,,,,,,,,,,,,,,,,,", u450 ,m27,,
12903, u450 ," You know how your Daddy is.,,,,,,,,,,,,,,,,,,,,,,,,,,,,,,,", u439 ,m27,,
12904, u439 ," Not at all?,,,,,,,,,,,,,,,,,,,,,,,,,,,,,,,", u450 ,m27,,
12905, u450 ," No.,,,,,,,,,,,,,,,,,,,,,,,,,,,,,,,", u439 ,m27,,
12906, u439 ," Yes I have, very hard.  Has Daddy called?"",,,,,,,,,,,,,,,,,,,,,,,,,,,,,,,", u450 ,m27,,
12907, u450 ," Of course I'm happy for you. You've worked very hard for your success.,,,,,,,,,,,,,,,,,,,,,,,,,,,,,,,", u439 ,m27,,
12908, u439 ," You going to attack me too.  The show is a hit.  Aren't you happy for me?,,,,,,,,,,,,,,,,,,,,,,,,,,,,,,,", u450 ,m27,,
12909, u450 ," I'm doing okay.  Been reading about your show, it's all over everywhere. I watched it's all over everywhere. I watched it once.  I thought you said there would be no buffoonery."",,,,,,,,,,,,,,,,,,,,,,,,,,,,,,,", u450 ,m27,,
12910, u450 ," Peerless, last time, go see your father."",,,,,,,,,,,,,,,,,,,,,,,,,,,,,,,", u439 ,m27,,
12911, u439 ," C'mon, Mommy.  Daddy hasn't been impressed with anything I've ever done.  From winning my fifth grade Spelling Bee to the present."",,,,,,,,,,,,,,,,,,,,,,,,,,,,,,,", u450 ,m27,,
12912, u450 ," Even more reason to see him.  He'll be overjoyed with your success.,,,,,,,,,,,,,,,,,,,,,,,,,,,,,,,", u439 ,m27,,
12913, u439 ," It's gonna be hard for me to get away with the show taking off.,,,,,,,,,,,,,,,,,,,,,,,,,,,,,,,", u450 ,m27,,
12914, u450 ," Regardless, he still is your father."",,,,,,,,,,,,,,,,,,,,,,,,,,,,,,,", u439 ,m27,,
12915, u439 ," I don't even know why you're still concerned over him.  Daddy's not with you.,,,,,,,,,,,,,,,,,,,,,,,,,,,,,,,", u450 ,m27,,
12916, u450 ," Richmond is not all the way down south.,,,,,,,,,,,,,,,,,,,,,,,,,,,,,,,", u439 ,m27,,
12917, u439 ," I can't go all the way down south.,,,,,,,,,,,,,,,,,,,,,,,,,,,,,,,", u450 ,m27,,
12918, u450 ," He's performing at some place outside of Richmond, Virginia."",,,,,,,,,,,,,,,,,,,,,,,,,,,,,,,", u439 ,m27,,
12919, u439 ," Where is he?,,,,,,,,,,,,,,,,,,,,,,,,,,,,,,,", u450 ,m27,,
12920, u450 ," Yes he did.,,,,,,,,,,,,,,,,,,,,,,,,,,,,,,,", u439 ,m27,,
12921, u439 ," He said that?,,,,,,,,,,,,,,,,,,,,,,,,,,,,,,,", u450 ,m27,,
12922, u450 ," He wants you to come and see him.,,,,,,,,,,,,,,,,,,,,,,,,,,,,,,,", u439 ,m27,,
12923, u439 ," I'll be right over.,,,,,,,,,,,,,,,,,,,,,,,,,,,,,,,", u450 ,m27,,
12924, u450 ," Peerless, your father called."",,,,,,,,,,,,,,,,,,,,,,,,,,,,,,,", u450 ,m27,,
12925, u450 ," I will.  And good luck with your show.  I hope it's a huge success. You've worked very hard.  You deserve it.,,,,,,,,,,,,,,,,,,,,,,,,,,,,,,,", u439 ,m27,,
12926, u439 ," Please let me know when you hear from Daddy, get a number or something."",,,,,,,,,,,,,,,,,,,,,,,,,,,,,,,", u450 ,m27,,
12927, u450 ," Peerless, I didn't raise a buffoon. We have enough of those on television already."",,,,,,,,,,,,,,,,,,,,,,,,,,,,,,,", u439 ,m27,,
12928, u439 ," To answer your question, there are a lot of Negroes in it and what is your definition of buffoons?"",,,,,,,,,,,,,,,,,,,,,,,,,,,,,,,", u450 ,m27,,
12929, u450 ," I guess he's still on the road. What kind of show is this?  Are they some Negroes in it without being buffoons?,,,,,,,,,,,,,,,,,,,,,,,,,,,,,,,", u439 ,m27,,
12930, u439 ," I know what's on my birth certificate.  You heard from Daddy?,,,,,,,,,,,,,,,,,,,,,,,,,,,,,,,", u450 ,m27,,
12931, u450 ," Son, Peerless is your name.  Now you might be one of these Hollywood types, change your name and all that but Peerless Dothan is on your birth certificate."",,,,,,,,,,,,,,,,,,,,,,,,,,,,,,,", u439 ,m27,,
12932, u439 ," Mommy, please don't call me that."",,,,,,,,,,,,,,,,,,,,,,,,,,,,,,,", u450 ,m27,,
12933, u450 ," If at first it's not what you want, just work that much harder, Peerless."",,,,,,,,,,,,,,,,,,,,,,,,,,,,,,,", u439 ,m27,,
12934, u439 ," It was.  It is.  But this is a different kind of show.,,,,,,,,,,,,,,,,,,,,,,,,,,,,,,,", u450 ,m27,,
12935, u450 ," That's wonderful.  Isn't that what you always wanted, a show of your own?"",,,,,,,,,,,,,,,,,,,,,,,,,,,,,,,", u439 ,m27,,
12936, u439 ," Can't beat it with a hammer.  Well, since you asked, it looks like I may have a new show, a pilot being shot."",,,,,,,,,,,,,,,,,,,,,,,,,,,,,,,", u450 ,m27,,
12937, u450 ," How's the food?,,,,,,,,,,,,,,,,,,,,,,,,,,,,,,,", u450 ,m27,,
12938, u450 ," I said no such thing.  All I said is that something must be wrong.,,,,,,,,,,,,,,,,,,,,,,,,,,,,,,,", u439 ,m27,,
12939, u439 ," C'mon, Mommy, don't start with that I'm an ungrateful son stuff."",,,,,,,,,,,,,,,,,,,,,,,,,,,,,,,", u450 ,m27,,
12940, u450 ," You hear me talkin' to you.  The only time you come up here when something is wrong.,,,,,,,,,,,,,,,,,,,,,,,,,,,,,,,", u439 ,m27,,
12941, u439 ," It looks delicious.,,,,,,,,,,,,,,,,,,,,,,,,,,,,,,,", u450 ,m27,,
12942, u450 ," You must think I'm some kind of fool.,,,,,,,,,,,,,,,,,,,,,,,,,,,,,,,", u444 ,m27,,
12943, u444 ," Thank you very much.  I always try my best.,,,,,,,,,,,,,,,,,,,,,,,,,,,,,,,", u439 ,m27,,
12944, u439 ," Good luck, Jukka.  Do a good show."",,,,,,,,,,,,,,,,,,,,,,,,,,,,,,,", u439 ,m27,,
12945, u439 ," This is a travesty.  A debacle.,,,,,,,,,,,,,,,,,,,,,,,,,,,,,,,", u444 ,m27,,
12946, u444 ," Then will you teach me what I need to know.  Maybe we learn from each other, if that's possible, no?"",,,,,,,,,,,,,,,,,,,,,,,,,,,,,,,", u439 ,m27,,
12947, u439 ," This is a TV show, not a music video."",,,,,,,,,,,,,,,,,,,,,,,,,,,,,,,", u444 ,m27,,
12948, u444 ," My visual style is very erotic, sexy, how do you say - hot?"",,,,,,,,,,,,,,,,,,,,,,,,,,,,,,,", u439 ,m27,,
12949, u439 ," How did you get this gig?,,,,,,,,,,,,,,,,,,,,,,,,,,,,,,,", u444 ,m27,,
12950, u444 ," Thank you for correcting my ignorance.  I'm looking forward to working side by side with you.  I feel we make a good team.,,,,,,,,,,,,,,,,,,,,,,,,,,,,,,,", u439 ,m27,,
12951, u439 ," Well before there was BLACK or AFRICAN AMERICAN, there were NEGROES.  I'M A NEGRO."",,,,,,,,,,,,,,,,,,,,,,,,,,,,,,,", u444 ,m27,,
12952, u444 ," Ahhh!!!  I never heard of that term before.  I thought you were BLACK of African-American.  No?,,,,,,,,,,,,,,,,,,,,,,,,,,,,,,,", u439 ,m27,,
12953, u439 ," Did you just ask me what's a Negro? I'M A NEGRO!!!,,,,,,,,,,,,,,,,,,,,,,,,,,,,,,,", u439 ,m27,,
12954, u439 ," A fiasco.  A disaster.  A boondoggle. An abomination.,,,,,,,,,,,,,,,,,,,,,,,,,,,,,,,", u444 ,m27,,
12955, u444 ," What's a Negro.,,,,,,,,,,,,,,,,,,,,,,,,,,,,,,,", u439 ,m27,,
12956, u439 ," Yes, I know.  Jukka, have you ever seen a Negro person before?  Even had a real conversation with a real Negro before?"",,,,,,,,,,,,,,,,,,,,,,,,,,,,,,,", u444 ,m27,,
12957, u444 ," You know, Finlandia vodka?  Yes?"",,,,,,,,,,,,,,,,,,,,,,,,,,,,,,,", u439 ,m27,,
12958, u439 ," Finland.,,,,,,,,,,,,,,,,,,,,,,,,,,,,,,,", u444 ,m27,,
12959, u444 ," Helsinki, which is the capital of Finland."",,,,,,,,,,,,,,,,,,,,,,,,,,,,,,,", u439 ,m27,,
12960, u439 ," Where are you from?,,,,,,,,,,,,,,,,,,,,,,,,,,,,,,,", u444 ,m27,,
12961, u444 ," I just turned twenty.,,,,,,,,,,,,,,,,,,,,,,,,,,,,,,,", u439 ,m27,,
12962, u439 ," Nice to meet you.  If you don't mind me asking you - how old are you?,,,,,,,,,,,,,,,,,,,,,,,,,,,,,,,", u449 ,m27,,
12963, u449 ," This show was created, conceived by you, a non-threatening African- American male.  Voila.  End of argument.  It can't be racist because you're black."",,,,,,,,,,,,,,,,,,,,,,,,,,,,,,,", u441 ,m27,,
12964, u441 ," Yes you!,,,,,,,,,,,,,,,,,,,,,,,,,,,,,,,", u449 ,m27,,
12965, u449 ," Thank you.  And always smile.,,,,,,,,,,,,,,,,,,,,,,,,,,,,,,,", u441 ,m27,,
12966, u441 ," Let Myrna finish.,,,,,,,,,,,,,,,,,,,,,,,,,,,,,,,", u441 ,m27,,
12967, u441 ," We all stick to this, it's smooth sailing."",,,,,,,,,,,,,,,,,,,,,,,,,,,,,,,", u449 ,m27,,
12968, u449 ," The Mantan Manifesto.  Catchy ain't it?  Number One.  We gainfully employ African Americans, in front of and behind the cameras.  Two. Let the audience decide.  Three. Who put these critics in charge? These so-called cultural police? Four.  Who determines what is black? Five.  Mantan is a satire.  Six. If they can't take a joke, """"F"""" 'em."",,,,,,,,,,,,,,,,,,,,,,,,,,,,,,,", u449 ,m27,,
12969, u449 ," The best defense is offense.,,,,,,,,,,,,,,,,,,,,,,,,,,,,,,,", u441 ,m27,,
12970, u441 ," Myrna is here to help us plan our strategy.,,,,,,,,,,,,,,,,,,,,,,,,,,,,,,,", u449 ,m27,,
12971, u449 ," First, I would like to say I love the show.  It's very courageous. My parents marched in Selma, Alabama with Dr. King."",,,,,,,,,,,,,,,,,,,,,,,,,,,,,,,", u441 ,m27,,
12972, u441 ," I know all of you have seen the overnight ratings.  Through the roof.  But in this game you gotta be one, two, three steps ahead.  I introduce you to Myrna Goldfarb. She's the best media consultant in the biz."",,,,,,,,,,,,,,,,,,,,,,,,,,,,,,,", u452 ,m27,,
12973, u452 ," I envy you.  That's the way I want to feel about my work.,,,,,,,,,,,,,,,,,,,,,,,,,,,,,,,", u446 ,m27,,
12974, u446 ," I think that would probably make you the happiest.  When I'm hoofing, I mean really doing my thing, hitting it, nothing compares to that feeling in the world."",,,,,,,,,,,,,,,,,,,,,,,,,,,,,,,", u452 ,m27,,
12975, u452 ," Why do you say that?  You've never seen me.,,,,,,,,,,,,,,,,,,,,,,,,,,,,,,,", u446 ,m27,,
12976, u446 ," You're welcome.  You shouldn't give up on performing.,,,,,,,,,,,,,,,,,,,,,,,,,,,,,,,", u452 ,m27,,
12977, u452 ," If that was suppose to be a compliment, I thank you."",,,,,,,,,,,,,,,,,,,,,,,,,,,,,,,", u446 ,m27,,
12978, u446 ," I'm sure that was the only thing he was impressed with.  You look beautiful like that.,,,,,,,,,,,,,,,,,,,,,,,,,,,,,,,", u452 ,m27,,
12979, u452 ," No, we're not knocking boots.  I got this internship while I still was at NYU, DeLa was impressed with my get up and go and hired me to be his assistant."",,,,,,,,,,,,,,,,,,,,,,,,,,,,,,,", u446 ,m27,,
12980, u446 ," Are you and him kicking it? Knocking boots. Y'knowwhatI'mtalkin'bout.,,,,,,,,,,,,,,,,,,,,,,,,,,,,,,,", u452 ,m27,,
12981, u452 ," What do you mean?,,,,,,,,,,,,,,,,,,,,,,,,,,,,,,,", u446 ,m27,,
12982, u446 ," So what's up with you and DeLa?,,,,,,,,,,,,,,,,,,,,,,,,,,,,,,,", u452 ,m27,,
12983, u452 ," A little.  I just graduated from NYU film school.  Cinema studies.,,,,,,,,,,,,,,,,,,,,,,,,,,,,,,,", u446 ,m27,,
12984, u446 ," You sing and dance?,,,,,,,,,,,,,,,,,,,,,,,,,,,,,,,", u452 ,m27,,
12985, u452 ," I wish I had your natural talent. God only makes that visit once in a while.,,,,,,,,,,,,,,,,,,,,,,,,,,,,,,,", u446 ,m27,,
12986, u446 ," Not a class, not a thing, just picked stuff up by myself."",,,,,,,,,,,,,,,,,,,,,,,,,,,,,,,", u452 ,m27,,
12987, u452 ," You've never had any formal training, either?"",,,,,,,,,,,,,,,,,,,,,,,,,,,,,,,", u446 ,m27,,
12988, u446 ," I never had a really real pair before.,,,,,,,,,,,,,,,,,,,,,,,,,,,,,,,", u453 ,m27,,
12989, u453 ," I admit, that's a very hard thing to do.  Quickly let's go to the phones before we pay the bills and hear from our proud sponsors, DA BOMB.  125% PURE PLEASURE MALT LIQUOR.  IT MAKES YOU WANNA GET YA FREAK ON AND TIMMI HILLNIGGER. 125% AUTHENTIC GIT-TOE GEAR WHEN YOU WANT TO BE GIT-TOED FABULOUS. "",,,,,,,,,,,,,,,,,,,,,,,,,,,,,,,", u447 ,m27,,
12990, u447 ," I don't know what a retort is, but it's simple.  Mantan - The New Millennium Minstrel Show is UNIVERSAL.  It's not just for Negroes in Compton or 125th in Harlem.  This is America.  Our ancestors helped build this country, we got a right, just like everybody else.  I'm not gonna box myself in. This show makes people think, and they're laughing at the same time."",,,,,,,,,,,,,,,,,,,,,,,,,,,,,,,", u453 ,m27,,
12991, u453 ," Don't you feel that is a simplistic retort?,,,,,,,,,,,,,,,,,,,,,,,,,,,,,,,", u447 ,m27,,
12992, u447 ," No if you go with the flow, Tavis. That's what a lot of Negroes don't understand.  Protesting isn't gonna do a damn thing.  If people don't like our satire in our number one hit show then don't watch it.  Or better yet write your own show.  Do it better."",,,,,,,,,,,,,,,,,,,,,,,,,,,,,,,", u453 ,m27,,
12993, u453 ," Is it inevitable that the game plays you?,,,,,,,,,,,,,,,,,,,,,,,,,,,,,,,", u447 ,m27,,
12994, u447 ," Money makes the world go round.  It ain't no joke being poor.  I know whatI'mtalkin''bout. Y'knowwhatI'msayin'?  I've lived on the street.  I've been homeless. I've learned how to play the game, work the game, be in the game."",,,,,,,,,,,,,,,,,,,,,,,,,,,,,,,", u453 ,m27,,
12995, u453 ," Money and nothing else?,,,,,,,,,,,,,,,,,,,,,,,,,,,,,,,", u447 ,m27,,
12996, u447 ," Yo, Tavis, check it out.  This is the two-one, the 21st century and it's all about the money.  Like my man Mase says, """"it's all about the Benjamins."""""",,,,,,,,,,,,,,,,,,,,,,,,,,,,,,,", u453 ,m27,,
12997, u453 ," Let's jump right into it.  Your show has sparked a world of controversy, provoked a tone of dialogue.  How do you see all of this?"",,,,,,,,,,,,,,,,,,,,,,,,,,,,,,,", u447 ,m27,,
12998, u447 ," I'm more comfortable around my people.,,,,,,,,,,,,,,,,,,,,,,,,,,,,,,,", u453 ,m27,,
12999, u453 ," Before we begin, I want to thank you for coming on my show for your first television interview.  You could have chosen Mike Wallace, Barbara Walters, Jane Pauley, whatnot but you're here."",,,,,,,,,,,,,,,,,,,,,,,,,,,,,,,", u447 ,m27,,
13000, u447 ," Tavis, thank you for having me."",,,,,,,,,,,,,,,,,,,,,,,,,,,,,,,", u453 ,m27,,
13001, u453 ," Our guest tonight is the extraordinary, talented performer, Mantan.  Thanks for coming in."",,,,,,,,,,,,,,,,,,,,,,,,,,,,,,,", u451 ,m27,,
13002, u451 ," A song a comin' I feel.,,,,,,,,,,,,,,,,,,,,,,,,,,,,,,,", u447 ,m27,,
13003, u447 ," I feel a song a comin' on.,,,,,,,,,,,,,,,,,,,,,,,,,,,,,,,", u451 ,m27,,
13004, u451 ," Mantan, dat sho' is a whopper."",,,,,,,,,,,,,,,,,,,,,,,,,,,,,,,", u447 ,m27,,
13005, u447 ," Sleep 'N Eat, I was my wife's husband and grandchild at one and the same time.  And lo' and behold, as the husband of a person's grandmother is his grandfather, I Mantan, became my own grandfather."",,,,,,,,,,,,,,,,,,,,,,,,,,,,,,,", u447 ,m27,,
13006, u447 ," Years ago I married a widow who had a grown-up daughter.  My daddy visited us often, fell in love with my stepdaughter and married her. Thusly he became my son-in-law and my stepdaughter became my mother because she was my father's wife. Soon after dis my wife gave birth to a son, which of course was my father's brother in-law and my uncle, for he was the brother of my step-mother.  My father's wife also became the mother of a son.  He was of course my brother and also my grandchild for he was the son of my daughter.  Accordingly, my wife was my grandmother because she was my mother's mother. "",,,,,,,,,,,,,,,,,,,,,,,,,,,,,,,", u451 ,m27,,
13007, u451 ," Well, I'll be an Alabama porch monkey's uncle."",,,,,,,,,,,,,,,,,,,,,,,,,,,,,,,", u447 ,m27,,
13008, u447 ," I don't know who I am.,,,,,,,,,,,,,,,,,,,,,,,,,,,,,,,", u451 ,m27,,
13009, u451 ," How be dat?,,,,,,,,,,,,,,,,,,,,,,,,,,,,,,,", u447 ,m27,,
13010, u447 ," Dat's yo Uncle Ben.  That reminds me, I've seen a lot of troubles lately."",,,,,,,,,,,,,,,,,,,,,,,,,,,,,,,", u451 ,m27,,
13011, u451 ," Ain't Jemima on the pancake box?,,,,,,,,,,,,,,,,,,,,,,,,,,,,,,,", u447 ,m27,,
13012, u447 ," Hold on, you allegorical hypothesis. Don't cross words with me."",,,,,,,,,,,,,,,,,,,,,,,,,,,,,,,", u451 ,m27,,
13013, u451 ," Mantan, it is possible that my hyphenated sentences are entirely too complex for all the intellect contained in that diminutive coconut?"",,,,,,,,,,,,,,,,,,,,,,,,,,,,,,,", u447 ,m27,,
13014, u447 ," Sleep 'N Eat, what's the matter with you?  Using all dose ten dollar words?"",,,,,,,,,,,,,,,,,,,,,,,,,,,,,,,", u451 ,m27,,
13015, u451 ," You expect the unexpected in circumstances of that peculiarity.,,,,,,,,,,,,,,,,,,,,,,,,,,,,,,,", u447 ,m27,,
13016, u447 ," I slept too near where I fell out.,,,,,,,,,,,,,,,,,,,,,,,,,,,,,,,", u451 ,m27,,
13017, u451 ," You slept too near where you got in?,,,,,,,,,,,,,,,,,,,,,,,,,,,,,,,", u447 ,m27,,
13018, u447 ," I fell out of my bed last night.,,,,,,,,,,,,,,,,,,,,,,,,,,,,,,,", u447 ,m27,,
13019, u447 ," ...like fried and chicken...,,,,,,,,,,,,,,,,,,,,,,,,,,,,,,,", u451 ,m27,,
13020, u451 ," ...like grits and butter...,,,,,,,,,,,,,,,,,,,,,,,,,,,,,,,", u447 ,m27,,
13021, u447 ," ...like macaroni and cheese...,,,,,,,,,,,,,,,,,,,,,,,,,,,,,,,", u451 ,m27,,
13022, u451 ," That's what I like about you and me. We git along...,,,,,,,,,,,,,,,,,,,,,,,,,,,,,,,", u447 ,m27,,
13023, u447 ," ...perfect...,,,,,,,,,,,,,,,,,,,,,,,,,,,,,,,", u451 ,m27,,
13024, u451 ," ...too late, maybe around..."",,,,,,,,,,,,,,,,,,,,,,,,,,,,,,,", u447 ,m27,,
13025, u447 ," ...then what about...,,,,,,,,,,,,,,,,,,,,,,,,,,,,,,,", u451 ,m27,,
13026, u451 ," ...too early...,,,,,,,,,,,,,,,,,,,,,,,,,,,,,,,", u447 ,m27,,
13027, u447 ," Around...,,,,,,,,,,,,,,,,,,,,,,,,,,,,,,,", u451 ,m27,,
13028, u451 ," So when are you comin' to pick us up?,,,,,,,,,,,,,,,,,,,,,,,,,,,,,,,", u447 ,m27,,
13029, u447 ," ...not that time...,,,,,,,,,,,,,,,,,,,,,,,,,,,,,,,", u451 ,m27,,
13030, u451 ," ...I heard different, thought that was..."",,,,,,,,,,,,,,,,,,,,,,,,,,,,,,,", u447 ,m27,,
13031, u447 ," ...yes she did.,,,,,,,,,,,,,,,,,,,,,,,,,,,,,,,", u451 ,m27,,
13032, u451 ," ...no, she didn't..."",,,,,,,,,,,,,,,,,,,,,,,,,,,,,,,", u447 ,m27,,
13033, u447 ," Oh, because on our first date, she let me..."",,,,,,,,,,,,,,,,,,,,,,,,,,,,,,,", u451 ,m27,,
13034, u451 ," No.  That's her second cousin. Who's married to Li'l Bit.,,,,,,,,,,,,,,,,,,,,,,,,,,,,,,,", u447 ,m27,,
13035, u447 ," I heard ya lady is wild.,,,,,,,,,,,,,,,,,,,,,,,,,,,,,,,", u451 ,m27,,
13036, u451 ," We should go out on a double date.,,,,,,,,,,,,,,,,,,,,,,,,,,,,,,,", u447 ,m27,,
13037, u447 ," I'll buy her a less expensive dress, so I can have some money left over to take her out to dinner."",,,,,,,,,,,,,,,,,,,,,,,,,,,,,,,", u451 ,m27,,
13038, u451 ," ...aconite get it dat cheap.,,,,,,,,,,,,,,,,,,,,,,,,,,,,,,,", u447 ,m27,,
13039, u447 ," ...dat's too much money.  I can't 'ford it.  I needs me a dress that cost no mo' than...,,,,,,,,,,,,,,,,,,,,,,,,,,,,,,,", u451 ,m27,,
13040, u451 ," ...that was Vicki, her best friend. Dat dress will cast ya round..."",,,,,,,,,,,,,,,,,,,,,,,,,,,,,,,", u447 ,m27,,
13041, u447 ," I thought you got rid of...,,,,,,,,,,,,,,,,,,,,,,,,,,,,,,,", u451 ,m27,,
13042, u451 ," Not for me, my woolly headed cotton pickin' friend for..."",,,,,,,,,,,,,,,,,,,,,,,,,,,,,,,", u451 ,m27,,
13043, u451 ," That'll work.  I just bought one for myself.,,,,,,,,,,,,,,,,,,,,,,,,,,,,,,,", u447 ,m27,,
13044, u447 ," ...to big.  The in-between one, not too tight, not too lose."",,,,,,,,,,,,,,,,,,,,,,,,,,,,,,,", u451 ,m27,,
13045, u451 ," Mantan, way too short, too tight. Get her one of dose..."",,,,,,,,,,,,,,,,,,,,,,,,,,,,,,,", u447 ,m27,,
13046, u447 ," Sleep 'N Eat, one of dem slinky, sexy, little foxy..."",,,,,,,,,,,,,,,,,,,,,,,,,,,,,,,", u451 ,m27,,
13047, u451 ," Too bad.  How 'bout a dress?,,,,,,,,,,,,,,,,,,,,,,,,,,,,,,,", u447 ,m27,,
13048, u447 ," She hates dem.,,,,,,,,,,,,,,,,,,,,,,,,,,,,,,,", u451 ,m27,,
13049, u451 ," No, not that.  How 'bout..."",,,,,,,,,,,,,,,,,,,,,,,,,,,,,,,", u447 ,m27,,
13050, u447 ," Tomorrow is her birthday and I want to get her something really nice, like a..."",,,,,,,,,,,,,,,,,,,,,,,,,,,,,,,", u451 ,m27,,
13051, u451 ," Oh her.,,,,,,,,,,,,,,,,,,,,,,,,,,,,,,,", u447 ,m27,,
13052, u447 ," Not her, the one with the little..."",,,,,,,,,,,,,,,,,,,,,,,,,,,,,,,", u451 ,m27,,
13053, u451 ," The one with da big...,,,,,,,,,,,,,,,,,,,,,,,,,,,,,,,", u447 ,m27,,
13054, u447 ," Y'know my lady Lucindy?,,,,,,,,,,,,,,,,,,,,,,,,,,,,,,,", u447 ,m27,,
13055, u447 ," Go to your windows and yell out, scream with all the life you can muster up inside your assaulted, bruised and battered bodies.  I'M SICK AND TIRED OF NIGGERS AND I'M NOT GONNA TAKE IT ANYMORE!"",,,,,,,,,,,,,,,,,,,,,,,,,,,,,,,", u451 ,m27,,
13056, u451 ," You tellin' the truth.,,,,,,,,,,,,,,,,,,,,,,,,,,,,,,,", u447 ,m27,,
13057, u447 ," Cousins, I want all of you to go to your windows.  Go to your windows and yell.  Yell, I'm tired of the drugs, the crack babies born out of wedlock to crackhead aids infested parents.  I'm tired of the inflated welfare rolls while good wholesome Americans bring less and less of their paycheck home every two weeks. I'm tired, you're tired, we're all tired of these so-called bible- thumping God fearing, whore mongling Professional athletes.  Aren't you tired of these basketball-dunking, football-running, hop-hip rapping ebonic-speaking sex offenders who got ten kids from ten different Ho's?  I know I am and so is Sleep 'N Eat."",,,,,,,,,,,,,,,,,,,,,,,,,,,,,,,", u451 ,m27,,
13058, u451 ," Give or cousins some of dem educated feets.,,,,,,,,,,,,,,,,,,,,,,,,,,,,,,,", u447 ,m27,,
13059, u447 ," Well, thank you Mistuh Sleep 'N Eat."",,,,,,,,,,,,,,,,,,,,,,,,,,,,,,,", u451 ,m27,,
13060, u451 ," Tell 'em what you mean Mistuh Mantan.,,,,,,,,,,,,,,,,,,,,,,,,,,,,,,,", u447 ,m27,,
13061, u447 ," No mo' """"city slickers.""""  Ahh, can't you smell the sweet aroma of the ripe watermelons and high cotton?"",,,,,,,,,,,,,,,,,,,,,,,,,,,,,,,", u451 ,m27,,
13062, u451 ," Our Alabamy Home.  Now we're getting countrified.  We is Bama's.,,,,,,,,,,,,,,,,,,,,,,,,,,,,,,,", u447 ,m27,,
13063, u447 ," To come back to our roots.,,,,,,,,,,,,,,,,,,,,,,,,,,,,,,,", u451 ,m27,,
13064, u451 ," ...the big apple, New York, New York."",,,,,,,,,,,,,,,,,,,,,,,,,,,,,,,", u447 ,m27,,
13065, u447 ," We both left the hustle and bustle of Uptown, Harlem..."",,,,,,,,,,,,,,,,,,,,,,,,,,,,,,,", u451 ,m27,,
13066, u451 ," And this is my very best friend Mantan.,,,,,,,,,,,,,,,,,,,,,,,,,,,,,,,", u447 ,m27,,
13067, u447 ," This is my best friend Sleep 'N Eat.,,,,,,,,,,,,,,,,,,,,,,,,,,,,,,,", u447 ,m27,,
13068, u447 ," I wuz leaving anyway, for good."",,,,,,,,,,,,,,,,,,,,,,,,,,,,,,,", u452 ,m27,,
13069, u452 ," You can go now.,,,,,,,,,,,,,,,,,,,,,,,,,,,,,,,", u447 ,m27,,
13070, u447 ," I know I won't be your puppet.,,,,,,,,,,,,,,,,,,,,,,,,,,,,,,,", u452 ,m27,,
13071, u452 ," Why don't you answer?,,,,,,,,,,,,,,,,,,,,,,,,,,,,,,,", u447 ,m27,,
13072, u447 ," Don't try to change to the subject.,,,,,,,,,,,,,,,,,,,,,,,,,,,,,,,", u452 ,m27,,
13073, u452 ," Forget about me, are you a puppet for DeLa?"",,,,,,,,,,,,,,,,,,,,,,,,,,,,,,,", u447 ,m27,,
13074, u447 ," So you say.  Sloan, you wuz gonna use me up just like you used Dela? Work it to the top.  I never imagined people in this biz could flip on you like """"IHOP.""""  I'm damn happy DeLa fired ya ass."",,,,,,,,,,,,,,,,,,,,,,,,,,,,,,,", u452 ,m27,,
13075, u452 ," That's ancient history.  That has nothing to do with you and I.,,,,,,,,,,,,,,,,,,,,,,,,,,,,,,,", u447 ,m27,,
13076, u447 ," Aw, c'mon."",,,,,,,,,,,,,,,,,,,,,,,,,,,,,,,", u452 ,m27,,
13077, u452 ," We did it one time, only once.  It had nothing to do with the job, it was stupid.  Everything I've got I've earned."",,,,,,,,,,,,,,,,,,,,,,,,,,,,,,,", u447 ,m27,,
13078, u447 ," Did you ever sleep with DeLa?,,,,,,,,,,,,,,,,,,,,,,,,,,,,,,,", u452 ,m27,,
13079, u452 ," Say what, Manray?"",,,,,,,,,,,,,,,,,,,,,,,,,,,,,,,", u447 ,m27,,
13080, u447 ," Oh, you gonna make me say it."",,,,,,,,,,,,,,,,,,,,,,,,,,,,,,,", u452 ,m27,,
13081, u452 ," Just ask me what you want to know.,,,,,,,,,,,,,,,,,,,,,,,,,,,,,,,", u447 ,m27,,
13082, u447 ," Stop playing me Sloan.,,,,,,,,,,,,,,,,,,,,,,,,,,,,,,,", u452 ,m27,,
13083, u452 ," And what?,,,,,,,,,,,,,,,,,,,,,,,,,,,,,,,", u447 ,m27,,
13084, u447 ," And?,,,,,,,,,,,,,,,,,,,,,,,,,,,,,,,", u452 ,m27,,
13085, u452 ," After my internship expired, Dela was impressed and offered me a position as his assistant."",,,,,,,,,,,,,,,,,,,,,,,,,,,,,,,", u447 ,m27,,
13086, u447 ," You leave something out?,,,,,,,,,,,,,,,,,,,,,,,,,,,,,,,", u452 ,m27,,
13087, u452 ," Worked my black ass off, first as an intern, then worked my way up to this position."",,,,,,,,,,,,,,,,,,,,,,,,,,,,,,,", u447 ,m27,,
13088, u447 ," How did you get this gig?,,,,,,,,,,,,,,,,,,,,,,,,,,,,,,,", u447 ,m27,,
13089, u447 ," You look beautiful like that.,,,,,,,,,,,,,,,,,,,,,,,,,,,,,,,", u452 ,m27,,
13090, u452 ," What?,,,,,,,,,,,,,,,,,,,,,,,,,,,,,,,", u447 ,m27,,
13091, u447 ," Y'know what?,,,,,,,,,,,,,,,,,,,,,,,,,,,,,,,", u452 ,m27,,
13092, u452 ," I'll be down front.  You better start putting your face on.,,,,,,,,,,,,,,,,,,,,,,,,,,,,,,,", u447 ,m27,,
13093, u447 ," My people love me.,,,,,,,,,,,,,,,,,,,,,,,,,,,,,,,", u452 ,m27,,
13094, u452 ," You're sure this is a good idea.,,,,,,,,,,,,,,,,,,,,,,,,,,,,,,,", u447 ,m27,,
13095, u447 ," For what?  He left.  Not me.,,,,,,,,,,,,,,,,,,,,,,,,,,,,,,,", u452 ,m27,,
13096, u452 ," Why don't you call him?,,,,,,,,,,,,,,,,,,,,,,,,,,,,,,,", u447 ,m27,,
13097, u447 ," We can look out for ourselves.,,,,,,,,,,,,,,,,,,,,,,,,,,,,,,,", u452 ,m27,,
13098, u452 ," I just don't want you and Cheeba to get hurt.,,,,,,,,,,,,,,,,,,,,,,,,,,,,,,,", u447 ,m27,,
13099, u447 ," Why all of a sudden are you flippin' on me?  This blackface thing was part of the deal from the git-go. Don't even try to play it like you ain't a part of all this.  You down with Delacroix.,,,,,,,,,,,,,,,,,,,,,,,,,,,,,,,", u452 ,m27,,
13100, u452 ," Bert Williams and the rest, they had to black up.  They had no choice.  They were considered 3/5ths of a human being.  Did you know that's written in the Constitution of the United States?"",,,,,,,,,,,,,,,,,,,,,,,,,,,,,,,", u447 ,m27,,
13101, u447 ," Maybe I need to do a lot of things.,,,,,,,,,,,,,,,,,,,,,,,,,,,,,,,", u452 ,m27,,
13102, u452 ," Maybe you need to start.,,,,,,,,,,,,,,,,,,,,,,,,,,,,,,,", u447 ,m27,,
13103, u447 ," Never read a book in my whole life.,,,,,,,,,,,,,,,,,,,,,,,,,,,,,,,", u452 ,m27,,
13104, u452 ," You don't read, do you?"",,,,,,,,,,,,,,,,,,,,,,,,,,,,,,,", u447 ,m27,,
13105, u447 ," No, before my time."",,,,,,,,,,,,,,,,,,,,,,,,,,,,,,,", u452 ,m27,,
13106, u452 ," Y'know, at the beginnin' of the century, African-American had to perform in blackface.  You ever heard of Bert Williams?  He was a great artist."",,,,,,,,,,,,,,,,,,,,,,,,,,,,,,,", u447 ,m27,,
13107, u447 ," Gots no intention of ending up broke.,,,,,,,,,,,,,,,,,,,,,,,,,,,,,,,", u452 ,m27,,
13108, u452 ," I hope you save a little somethin' somethin'.,,,,,,,,,,,,,,,,,,,,,,,,,,,,,,,", u447 ,m27,,
13109, u447 ," Just a little something' somethin'.,,,,,,,,,,,,,,,,,,,,,,,,,,,,,,,", u452 ,m27,,
13110, u452 ," Oh you do, huh?"",,,,,,,,,,,,,,,,,,,,,,,,,,,,,,,", u447 ,m27,,
13111, u447 ," Sloan, I got it like 'dat."",,,,,,,,,,,,,,,,,,,,,,,,,,,,,,,", u452 ,m27,,
13112, u452 ," This is a nice place.  It must have cost a pretty penny.,,,,,,,,,,,,,,,,,,,,,,,,,,,,,,,", u452 ,m27,,
13113, u452 ," Are you trying to rap to me?,,,,,,,,,,,,,,,,,,,,,,,,,,,,,,,", u447 ,m27,,
13114, u447 ," What else?,,,,,,,,,,,,,,,,,,,,,,,,,,,,,,,", u452 ,m27,,
13115, u452 ," I'm an asthmatic.  Been one all my life.  Can't go anywhere without an inhaler.,,,,,,,,,,,,,,,,,,,,,,,,,,,,,,,", u447 ,m27,,
13116, u447 ," The good stuff.,,,,,,,,,,,,,,,,,,,,,,,,,,,,,,,", u452 ,m27,,
13117, u452 ," What do you want to know?,,,,,,,,,,,,,,,,,,,,,,,,,,,,,,,", u447 ,m27,,
13118, u447 ," So what's up with you?,,,,,,,,,,,,,,,,,,,,,,,,,,,,,,,", u452 ,m27,,
13119, u452 ," Enough.,,,,,,,,,,,,,,,,,,,,,,,,,,,,,,,", u447 ,m27,,
13120, u447 ," A lot?,,,,,,,,,,,,,,,,,,,,,,,,,,,,,,,", u447 ,m27,,
13121, u447 ," Well, homeboy, looks like he's at a funeral."",,,,,,,,,,,,,,,,,,,,,,,,,,,,,,,", u452 ,m27,,
13122, u452 ," People show their happiness in a lot of different ways.,,,,,,,,,,,,,,,,,,,,,,,,,,,,,,,", u447 ,m27,,
