,User_id,text,sec_user,movies_name,relationship,attachment
14905, u516 ," Yes, ma'am."",,,,,,,,,,,,,,,,,,,,,,,,,,,,,,,", u505 ,m32,,
14906, u505 ," Then start taking them seriously.,,,,,,,,,,,,,,,,,,,,,,,,,,,,,,,", u516 ,m32,,
14907, u516 ," Yeah, I know."",,,,,,,,,,,,,,,,,,,,,,,,,,,,,,,", u505 ,m32,,
14908, u505 ," You know the rules.  You do know the rules, don't you?"",,,,,,,,,,,,,,,,,,,,,,,,,,,,,,,", u516 ,m32,,
14909, u516 ," Just wanted to see.,,,,,,,,,,,,,,,,,,,,,,,,,,,,,,,", u505 ,m32,,
14910, u505 ," What are you doing?,,,,,,,,,,,,,,,,,,,,,,,,,,,,,,,", u511 ,m32,,
14911, u511 ," I do. God's truth. I do.,,,,,,,,,,,,,,,,,,,,,,,,,,,,,,,", u505 ,m32,,
14912, u505 ," Laz. I'm gonna put my trust in you. I'm gonna do it knowin' all too well I can get hurt like this. And I have been hurt. Just like you.  Woman like me, I got a lot of livin' to do. But my days are precious to me. They all I got left. Don't want no more fuss. I want love in my life. You understanding me, Laz?"",,,,,,,,,,,,,,,,,,,,,,,,,,,,,,,", u511 ,m32,,
14913, u511 ," Yes, I do. Cuz I feel for you. Mean to say...  I got feelings for you. And I didn't want you to think... I didn't...  I don't want you to go away. There's better ways to say what I'm trying to say, but... they it is. Don't go away."",,,,,,,,,,,,,,,,,,,,,,,,,,,,,,,", u505 ,m32,,
14914, u505 ," Laz... you don't need to explain yourself to me...,,,,,,,,,,,,,,,,,,,,,,,,,,,,,,,", u511 ,m32,,
14915, u511 ," I lied to you. It was wrong. But at the time... I didn't know what to do. Imagine you got an earful from folks about that gal I's carryin'...,,,,,,,,,,,,,,,,,,,,,,,,,,,,,,,", u511 ,m32,,
14916, u511 ," Can I come in?,,,,,,,,,,,,,,,,,,,,,,,,,,,,,,,", u505 ,m32,,
14917, u505 ," More cough syrup?,,,,,,,,,,,,,,,,,,,,,,,,,,,,,,,", u511 ,m32,,
14918, u511 ," I need ya help again.,,,,,,,,,,,,,,,,,,,,,,,,,,,,,,,", u505 ,m32,,
14919, u505 ," What do you need?,,,,,,,,,,,,,,,,,,,,,,,,,,,,,,,", u511 ,m32,,
14920, u511 ," Hey. You wasn't at'cha work but that nosey gal up at the counter give me your home address. Hope you don't mind me comin' over.,,,,,,,,,,,,,,,,,,,,,,,,,,,,,,,", u505 ,m32,,
14921, u505 ," Hey.,,,,,,,,,,,,,,,,,,,,,,,,,,,,,,,", u511 ,m32,,
14922, u511 ," Come on, just a little somethin'. Right here. Go'on now, don't be shy."",,,,,,,,,,,,,,,,,,,,,,,,,,,,,,,", u505 ,m32,,
14923, u505 ," When? Now? Oh. No.,,,,,,,,,,,,,,,,,,,,,,,,,,,,,,,", u511 ,m32,,
14924, u511 ," You gonna sing me somethin'?,,,,,,,,,,,,,,,,,,,,,,,,,,,,,,,", u505 ,m32,,
14925, u505 ," Mm-hm. I don't know if I got a good voice or not but... practice is only on Mondays and Wednesdays, so..."",,,,,,,,,,,,,,,,,,,,,,,,,,,,,,,", u511 ,m32,,
14926, u511 ," At church?,,,,,,,,,,,,,,,,,,,,,,,,,,,,,,,", u505 ,m32,,
14927, u505 ," I's thinkin' about singing in the choir.,,,,,,,,,,,,,,,,,,,,,,,,,,,,,,,", u505 ,m32,,
14928, u505 ," I put on the lotion you got me. Can you smell it?,,,,,,,,,,,,,,,,,,,,,,,,,,,,,,,", u511 ,m32,,
14929, u511 ," That'd be nice.,,,,,,,,,,,,,,,,,,,,,,,,,,,,,,,", u505 ,m32,,
14930, u505 ," Been eatin' like a princess all week. Even got enough for us to take a picnic under the gazebo.,,,,,,,,,,,,,,,,,,,,,,,,,,,,,,,", u511 ,m32,,
14931, u511 ," You liked what I brung ya?,,,,,,,,,,,,,,,,,,,,,,,,,,,,,,,", u505 ,m32,,
14932, u505 ," I bet you have loyal customers.,,,,,,,,,,,,,,,,,,,,,,,,,,,,,,,", u511 ,m32,,
14933, u511 ," Well. Hope you enjoy it.,,,,,,,,,,,,,,,,,,,,,,,,,,,,,,,", u505 ,m32,,
14934, u505 ," This was very sweet of you.,,,,,,,,,,,,,,,,,,,,,,,,,,,,,,,", u505 ,m32,,
14935, u505 ," Well that's good. I'm happy to hear it.,,,,,,,,,,,,,,,,,,,,,,,,,,,,,,,", u511 ,m32,,
14936, u511 ," Just wanted to say how much I appreciate you helping me the other day. My niece, she's cured up, and I got you to thank."",,,,,,,,,,,,,,,,,,,,,,,,,,,,,,,", u505 ,m32,,
14937, u505 ," You didn't have to do this.,,,,,,,,,,,,,,,,,,,,,,,,,,,,,,,", u511 ,m32,,
14938, u511 ," I brung you a little basket of goodies. Fresh squash, tomatoes, some okra, butter beans."",,,,,,,,,,,,,,,,,,,,,,,,,,,,,,,", u511 ,m32,,
14939, u511 ," Don't make it less true.,,,,,,,,,,,,,,,,,,,,,,,,,,,,,,,", u505 ,m32,,
14940, u505 ," I already tossed that out.  Somethin' you should'a done to that woman long ago... how she treated you. Of course, that's none of my business."",,,,,,,,,,,,,,,,,,,,,,,,,,,,,,,", u511 ,m32,,
14941, u511 ," Thank you.  Oh. My wife. She had a card here for her migraine pills. She ain't gonna be around no more... So if you...,,,,,,,,,,,,,,,,,,,,,,,,,,,,,,,", u505 ,m32,,
14942, u505 ," Not if no one finds out.,,,,,,,,,,,,,,,,,,,,,,,,,,,,,,,", u511 ,m32,,
14943, u511 ," This gonna get you in trouble?,,,,,,,,,,,,,,,,,,,,,,,,,,,,,,,", u505 ,m32,,
14944, u505 ," My sister got a bad cough with her pneumonia. I just copied her prescription. You don't need to pay anything... just take it. But if she gets worse, you give me a call. I wrote my number on the box."",,,,,,,,,,,,,,,,,,,,,,,,,,,,,,,", u511 ,m32,,
14945, u511 ," Oh, she older than that."",,,,,,,,,,,,,,,,,,,,,,,,,,,,,,,", u505 ,m32,,
14946, u505 ," Is your niece older than 12?,,,,,,,,,,,,,,,,,,,,,,,,,,,,,,,", u511 ,m32,,
14947, u511 ," No. No, she can't go. Mean to say... they's just no money fo'a doctor. Her daddy left for a job, and uh... give her to me to look on. I just...  I don't know what to do."",,,,,,,,,,,,,,,,,,,,,,,,,,,,,,,", u505 ,m32,,
14948, u505 ," You take her to a doctor?,,,,,,,,,,,,,,,,,,,,,,,,,,,,,,,", u511 ,m32,,
14949, u511 ," My little niece... she got this deep cough.,,,,,,,,,,,,,,,,,,,,,,,,,,,,,,,", u505 ,m32,,
14950, u505 ," Go on, Laz. You can talk to me."",,,,,,,,,,,,,,,,,,,,,,,,,,,,,,,", u511 ,m32,,
14951, u511 ," I need to uh...,,,,,,,,,,,,,,,,,,,,,,,,,,,,,,,", u505 ,m32,,
14952, u505 ," Yes?,,,,,,,,,,,,,,,,,,,,,,,,,,,,,,,", u511 ,m32,,
14953, u511 ," Angela?,,,,,,,,,,,,,,,,,,,,,,,,,,,,,,,", u505 ,m32,,
14954, u505 ," Well. It's good to see you.,,,,,,,,,,,,,,,,,,,,,,,,,,,,,,,", u511 ,m32,,
14955, u511 ," Been on the crop. May need to get some extra hands if I don't want to work on Sundays.,,,,,,,,,,,,,,,,,,,,,,,,,,,,,,,", u505 ,m32,,
14956, u505 ," I'm standing most of my day. They're for support.  Didn't see you in church this mornin'.,,,,,,,,,,,,,,,,,,,,,,,,,,,,,,,", u511 ,m32,,
14957, u511 ," You hurt it?,,,,,,,,,,,,,,,,,,,,,,,,,,,,,,,", u505 ,m32,,
14958, u505 ," I'm sorry. It's these soft shoes I wear for my back.,,,,,,,,,,,,,,,,,,,,,,,,,,,,,,,", u511 ,m32,,
14959, u511 ," Oh! Gave me a start.,,,,,,,,,,,,,,,,,,,,,,,,,,,,,,,", u505 ,m32,,
14960, u505 ," Lazarus?,,,,,,,,,,,,,,,,,,,,,,,,,,,,,,,", u513 ,m32,,
14961, u513 ," Don't gotta tell me. Me and my girlfriends use-ta talk 'bout them hard fingertips he got pickin' that guitar.,,,,,,,,,,,,,,,,,,,,,,,,,,,,,,,", u506 ,m32,,
14962, u506 ," Wanna get on somebody 'bout live music, get on ol' Laz, there. He the one got this place shakin' back in the day."",,,,,,,,,,,,,,,,,,,,,,,,,,,,,,,", u513 ,m32,,
14963, u513 ," Naw. They got some blue dye, though. You think them boots you got on come from a black cow?"",,,,,,,,,,,,,,,,,,,,,,,,,,,,,,,", u513 ,m32,,
14964, u513 ," You seen my snake-skin shoes?,,,,,,,,,,,,,,,,,,,,,,,,,,,,,,,", u506 ,m32,,
14965, u506 ," Folks can dance when they want. Didn't buy that mirror ball for nothin'.,,,,,,,,,,,,,,,,,,,,,,,,,,,,,,,", u513 ,m32,,
14966, u513 ," Why you stop havin' dancin' on Saturday? Used to have bands... all kind's live shit. Like a wake up in here, now."",,,,,,,,,,,,,,,,,,,,,,,,,,,,,,,", u506 ,m32,,
14967, u506 ," He black alright, he just ain't blue."",,,,,,,,,,,,,,,,,,,,,,,,,,,,,,,", u515 ,m32,,
14968, u515 ," Okay.,,,,,,,,,,,,,,,,,,,,,,,,,,,,,,,", u507 ,m32,,
14969, u507 ," Can I put it in your mouth?,,,,,,,,,,,,,,,,,,,,,,,,,,,,,,,", u515 ,m32,,
14970, u515 ," Cuz let me tell you, you boys gotta run the ball more. You get into a kicking game, ya'll gonna lose."",,,,,,,,,,,,,,,,,,,,,,,,,,,,,,,", u507 ,m32,,
14971, u507 ," No, ma'am."",,,,,,,,,,,,,,,,,,,,,,,,,,,,,,,", u515 ,m32,,
14972, u515 ," You ain't the kicker, are you?"",,,,,,,,,,,,,,,,,,,,,,,,,,,,,,,", u507 ,m32,,
14973, u507 ," Hey.,,,,,,,,,,,,,,,,,,,,,,,,,,,,,,,", u515 ,m32,,
14974, u515 ," Hi.,,,,,,,,,,,,,,,,,,,,,,,,,,,,,,,", u511 ,m32,,
14975, u511 ," I'll take a jar of that, too."",,,,,,,,,,,,,,,,,,,,,,,,,,,,,,,", u508 ,m32,,
14976, u508 ," Some women prefer not to scent their bodies with perfume. So now they have scented creams. They help moisturize a woman's skin.  This one's my favorite. It's called Ginger Souffle. I recommend... applying the cream while the skin is still damp. So... perhaps just after a shower.,,,,,,,,,,,,,,,,,,,,,,,,,,,,,,,", u511 ,m32,,
14977, u511 ," For your hands?,,,,,,,,,,,,,,,,,,,,,,,,,,,,,,,", u508 ,m32,,
14978, u508 ," These are whipped body creams. It's like a lotion.,,,,,,,,,,,,,,,,,,,,,,,,,,,,,,,", u511 ,m32,,
14979, u511 ," Mind I ask, what's all this business here?"",,,,,,,,,,,,,,,,,,,,,,,,,,,,,,,", u508 ,m32,,
14980, u508 ," Well, that makes it easier."",,,,,,,,,,,,,,,,,,,,,,,,,,,,,,,", u511 ,m32,,
14981, u511 ," That young lady's size, right'cher."",,,,,,,,,,,,,,,,,,,,,,,,,,,,,,,", u508 ,m32,,
14982, u508 ," And, sir... do you have a size in mind for what you're lookin' for?"",,,,,,,,,,,,,,,,,,,,,,,,,,,,,,,", u516 ,m32,,
14983, u516 ," Make yourself at home. You done it already.,,,,,,,,,,,,,,,,,,,,,,,,,,,,,,,", u509 ,m32,,
14984, u509 ," You gonna steal my truck?,,,,,,,,,,,,,,,,,,,,,,,,,,,,,,,", u509 ,m32,,
14985, u509 ," The only thing that cunt's had behind her is me and half the town fuckin' her.  Your first night away, I come over and drop off the spare keys like you wanted me to. You weren't gone two hours and she was aching to get me inside her. Like she was havin' some kind'a fit."",,,,,,,,,,,,,,,,,,,,,,,,,,,,,,,", u516 ,m32,,
14986, u516 ," It's not her fault, Gill. She's had to take care of me all this time, cuz I'd just start throwin' up... choking. Just losin' my grip. And she listened. She listened to me.  And... I got better. I don't get nervous like I used to. And since we been together... she been faithful to me. Put all that junk behind her..."",,,,,,,,,,,,,,,,,,,,,,,,,,,,,,,", u509 ,m32,,
14987, u509 ," YOU HAD A PLAN! YOU HAD A GODDAMN LIFE! AND SHE JUST FUCKED THE GUTS OUT OF YOU!,,,,,,,,,,,,,,,,,,,,,,,,,,,,,,,", u516 ,m32,,
14988, u516 ," I know about how she was like. But we was different. I's the only person she talked to about it. How she's abused. Terrible things, Gill, just terrible..."",,,,,,,,,,,,,,,,,,,,,,,,,,,,,,,", u509 ,m32,,
14989, u509 ," With all she was doin'. With all the shit she kept doing! You stayed stuck to that bitch's ass and you wouldn't let go.,,,,,,,,,,,,,,,,,,,,,,,,,,,,,,,", u516 ,m32,,
14990, u516 ," Now wait...,,,,,,,,,,,,,,,,,,,,,,,,,,,,,,,", u509 ,m32,,
14991, u509 ," And then you had to fall in love with the school slut.,,,,,,,,,,,,,,,,,,,,,,,,,,,,,,,", u509 ,m32,,
14992, u509 ," You joined up in that monkey troop cuz you had a plan for yourself. Army'd pay for school. You were gonna get a degree, maybe somethin' in business or agriculture and you were gonna make somethin' of yourself."",,,,,,,,,,,,,,,,,,,,,,,,,,,,,,,", u516 ,m32,,
14993, u516 ," That's not right, really, cuz I..."",,,,,,,,,,,,,,,,,,,,,,,,,,,,,,,", u509 ,m32,,
14994, u509 ," Ronnie. You can't see cuz you're too close to it.  These nervous spells you get. You never had that shit back in school...,,,,,,,,,,,,,,,,,,,,,,,,,,,,,,,", u516 ,m32,,
14995, u516 ," I just been so mixed up lately, Gill. And, you know, with her history, I can see how she could get scared...  ...and run."",,,,,,,,,,,,,,,,,,,,,,,,,,,,,,,", u509 ,m32,,
14996, u509 ," She ever tell you she was thinkin' of taking off?,,,,,,,,,,,,,,,,,,,,,,,,,,,,,,,", u516 ,m32,,
14997, u516 ," This don't feel right. Kitchen looks just like I left it. I know, cuz I cleaned it."",,,,,,,,,,,,,,,,,,,,,,,,,,,,,,,", u509 ,m32,,
14998, u509 ," You need a ride?,,,,,,,,,,,,,,,,,,,,,,,,,,,,,,,", u516 ,m32,,
14999, u516 ," Uh-uh. I's hitchin' up the interstate when I seen your truck outside.,,,,,,,,,,,,,,,,,,,,,,,,,,,,,,,", u509 ,m32,,
15000, u509 ," You been home yet?,,,,,,,,,,,,,,,,,,,,,,,,,,,,,,,", u516 ,m32,,
15001, u516 ," I don't know. She's gettin' crazy, like she gets. Begged me not to go. Got real down. I just think somethin's happened. Like she run off with someone. You'd tell me if you knew somethin', right?"",,,,,,,,,,,,,,,,,,,,,,,,,,,,,,,", u509 ,m32,,
15002, u509 ," She's around. Always is.,,,,,,,,,,,,,,,,,,,,,,,,,,,,,,,", u516 ,m32,,
15003, u516 ," I can't get Rae on the phone. She's not at home... none of her friends seen her anywhere.,,,,,,,,,,,,,,,,,,,,,,,,,,,,,,,", u509 ,m32,,
15004, u509 ," I guess it could be worse. You could be comin' back in a body bag.,,,,,,,,,,,,,,,,,,,,,,,,,,,,,,,", u516 ,m32,,
15005, u516 ," They been keepin' a folder on me cuz of my stomach. Like how it was just before we'd play ball back in school. Thought it was just some tic I got, or ulcers like my daddy had.  I can't... shoot. Target practice I'm a pro. I tag between the numbers each time but...  But when there's really loud noises around me... somethin' happens. I get shaky and... I lose my breath. They called it anxiety. Severe anxiety. It can be fixed and all... just not in time for....  It's a long process but... they sent me home."",,,,,,,,,,,,,,,,,,,,,,,,,,,,,,,", u509 ,m32,,
15006, u509 ," What happened?,,,,,,,,,,,,,,,,,,,,,,,,,,,,,,,", u509 ,m32,,
15007, u509 ," Marv, let's get Ronnie set up here."",,,,,,,,,,,,,,,,,,,,,,,,,,,,,,,", u516 ,m32,,
15008, u516 ," Sure.,,,,,,,,,,,,,,,,,,,,,,,,,,,,,,,", u509 ,m32,,
15009, u509 ," Sit down, man. Need a beer?"",,,,,,,,,,,,,,,,,,,,,,,,,,,,,,,", u516 ,m32,,
15010, u516 ," Yeah.,,,,,,,,,,,,,,,,,,,,,,,,,,,,,,,", u509 ,m32,,
15011, u509 ," Holy shit.,,,,,,,,,,,,,,,,,,,,,,,,,,,,,,,", u509 ,m32,,
15012, u509 ," You gonna miss your bus.,,,,,,,,,,,,,,,,,,,,,,,,,,,,,,,", u516 ,m32,,
15013, u516 ," Look it. I got somethin' for us. This is gonna help, okay."",,,,,,,,,,,,,,,,,,,,,,,,,,,,,,,", u516 ,m32,,
15014, u516 ," Yeah. Transmission's shot.,,,,,,,,,,,,,,,,,,,,,,,,,,,,,,,", u509 ,m32,,
15015, u509 ," Still need a lift?,,,,,,,,,,,,,,,,,,,,,,,,,,,,,,,", u515 ,m32,,
15016, u515 ," You don't got half what Tehronne got.,,,,,,,,,,,,,,,,,,,,,,,,,,,,,,,", u509 ,m32,,
15017, u509 ," The fuck you laughin' at?,,,,,,,,,,,,,,,,,,,,,,,,,,,,,,,", u509 ,m32,,
15018, u509 ," I bet you did. Just had to get that black cock up in you. I swear to God. What Ronnie sees... you disgust me.,,,,,,,,,,,,,,,,,,,,,,,,,,,,,,,", u515 ,m32,,
15019, u515 ," I begged him. Don't see why he had to go...,,,,,,,,,,,,,,,,,,,,,,,,,,,,,,,", u509 ,m32,,
15020, u509 ," This thing you got... I've heard people say, you'd fuck a tree if it was handy. I can see that.  But that nigger Tehronne. Thinks he's some player cuz he hustles dope and stolen hubcaps. I mean, I can see a tree. But that piece of shit?"",,,,,,,,,,,,,,,,,,,,,,,,,,,,,,,", u515 ,m32,,
15021, u515 ," I got others.,,,,,,,,,,,,,,,,,,,,,,,,,,,,,,,", u509 ,m32,,
15022, u509 ," Thought you had a skirt earlier.,,,,,,,,,,,,,,,,,,,,,,,,,,,,,,,", u509 ,m32,,
15023, u509 ," Stop what?,,,,,,,,,,,,,,,,,,,,,,,,,,,,,,,", u515 ,m32,,
15024, u515 ," Jes? Jesse?  Oh shit... Wait... Wait... STOP!,,,,,,,,,,,,,,,,,,,,,,,,,,,,,,,", u515 ,m32,,
15025, u515 ," You go to hell.,,,,,,,,,,,,,,,,,,,,,,,,,,,,,,,", u509 ,m32,,
15026, u509 ," You think I'm Ronnie's spy or somethin'? Come tomorrow that dumb- ass gonna be halfway round the world tryin' to keep his head on his shoulders. You think he's gonna be thinkin' about you?,,,,,,,,,,,,,,,,,,,,,,,,,,,,,,,", u515 ,m32,,
15027, u515 ," It's not like I can't go out and have fun with my friends.,,,,,,,,,,,,,,,,,,,,,,,,,,,,,,,", u515 ,m32,,
15028, u515 ," Yeah.,,,,,,,,,,,,,,,,,,,,,,,,,,,,,,,", u510 ,m32,,
15029, u510 ," Better?,,,,,,,,,,,,,,,,,,,,,,,,,,,,,,,", u510 ,m32,,
15030, u510 ," Here. Pound this and I'll join you.,,,,,,,,,,,,,,,,,,,,,,,,,,,,,,,", u515 ,m32,,
15031, u515 ," It gets worse there. Leavin' me to my own mind. That's just not good.,,,,,,,,,,,,,,,,,,,,,,,,,,,,,,,", u510 ,m32,,
15032, u510 ," You wanna go home?,,,,,,,,,,,,,,,,,,,,,,,,,,,,,,,", u515 ,m32,,
15033, u515 ," I begged him not to go. And he did.,,,,,,,,,,,,,,,,,,,,,,,,,,,,,,,", u510 ,m32,,
15034, u510 ," Why should you waste your life waitin' and wonderin'. Not like you're married.,,,,,,,,,,,,,,,,,,,,,,,,,,,,,,,", u515 ,m32,,
15035, u515 ," Can't be thinkin' bout him every second of my day. I'll go outta my gourd.,,,,,,,,,,,,,,,,,,,,,,,,,,,,,,,", u510 ,m32,,
15036, u510 ," Nothing's gonna happen. Not like everybody over there is in the line of fire with them Arabs blowin' themselves up.,,,,,,,,,,,,,,,,,,,,,,,,,,,,,,,", u515 ,m32,,
15037, u515 ," It's so stupid. Says to me that he don't want nothin' to do with no military career. Says he wants to move. Open up an auto shop with his uncle up in Knoxville. I said, okay. How about now? Let's go."",,,,,,,,,,,,,,,,,,,,,,,,,,,,,,,", u510 ,m32,,
15038, u510 ," Ronnie ship out this mornin'?,,,,,,,,,,,,,,,,,,,,,,,,,,,,,,,", u517 ,m32,,
15039, u517 ," Don't you lay a CURSE ON ME!,,,,,,,,,,,,,,,,,,,,,,,,,,,,,,,", u511 ,m32,,
15040, u511 ," You better pray, gal. You better pray..."",,,,,,,,,,,,,,,,,,,,,,,,,,,,,,,", u517 ,m32,,
15041, u517 ," LAZ, I said let...!"",,,,,,,,,,,,,,,,,,,,,,,,,,,,,,,", u511 ,m32,,
15042, u511 ," Would'a chopped my arm off if you asked. And this how you do me!,,,,,,,,,,,,,,,,,,,,,,,,,,,,,,,", u517 ,m32,,
15043, u517 ," Let go of my arm...,,,,,,,,,,,,,,,,,,,,,,,,,,,,,,,", u511 ,m32,,
15044, u511 ," My Daddy told me that a younger woman would bleed me dry. And that's what you did. Ya bled me.,,,,,,,,,,,,,,,,,,,,,,,,,,,,,,,", u517 ,m32,,
15045, u517 ," Let go...,,,,,,,,,,,,,,,,,,,,,,,,,,,,,,,", u511 ,m32,,
15046, u511 ," God forgive you, for how you done me..."",,,,,,,,,,,,,,,,,,,,,,,,,,,,,,,", u517 ,m32,,
15047, u517 ," I don't love ya no more.,,,,,,,,,,,,,,,,,,,,,,,,,,,,,,,", u511 ,m32,,
15048, u511 ," If we get with a counselor. At the church, maybe they's..."",,,,,,,,,,,,,,,,,,,,,,,,,,,,,,,", u517 ,m32,,
15049, u517 ," Laz... You can't say nothin'...,,,,,,,,,,,,,,,,,,,,,,,,,,,,,,,", u511 ,m32,,
15050, u511 ," Rose... please...,,,,,,,,,,,,,,,,,,,,,,,,,,,,,,,", u517 ,m32,,
15051, u517 ," Better than what you give.,,,,,,,,,,,,,,,,,,,,,,,,,,,,,,,", u511 ,m32,,
15052, u511 ," Better'n me?,,,,,,,,,,,,,,,,,,,,,,,,,,,,,,,", u517 ,m32,,
15053, u517 ," I deserve better than this.,,,,,,,,,,,,,,,,,,,,,,,,,,,,,,,", u511 ,m32,,
15054, u511 ," Kept us warm for twelve years.,,,,,,,,,,,,,,,,,,,,,,,,,,,,,,,", u517 ,m32,,
15055, u517 ," That damned, rusty, radiator, bout burned the skin off my legs each time I passed."",,,,,,,,,,,,,,,,,,,,,,,,,,,,,,,", u511 ,m32,,
15056, u511 ," I keep the heat on.,,,,,,,,,,,,,,,,,,,,,,,,,,,,,,,", u517 ,m32,,
15057, u517 ," Talk to me about sick. Ain't been right since I moved into that drafty house.,,,,,,,,,,,,,,,,,,,,,,,,,,,,,,,", u511 ,m32,,
15058, u511 ," Rose. Folks get sick. But you do what you can to get on the mend. Our marriage... it just got sick. That's all.,,,,,,,,,,,,,,,,,,,,,,,,,,,,,,,", u511 ,m32,,
15059, u511 ," And you gonna live it with him?,,,,,,,,,,,,,,,,,,,,,,,,,,,,,,,", u517 ,m32,,
15060, u517 ," I'm not ready to grow old, Laz. Livin' with you. I feel it. Like I'm one foot in the dirt. Saw it happen to my momma. And that's not gonna happen to me. I got living to do."",,,,,,,,,,,,,,,,,,,,,,,,,,,,,,,", u511 ,m32,,
15061, u511 ," Carryin' on behind my back. Make me out to look like a fool to all our people. Tell me, what's friendly about that?"",,,,,,,,,,,,,,,,,,,,,,,,,,,,,,,", u517 ,m32,,
15062, u517 ," Thought we was gonna be friendly about this.,,,,,,,,,,,,,,,,,,,,,,,,,,,,,,,", u517 ,m32,,
15063, u517 ," How many times we been over this, Laz? How many times?"",,,,,,,,,,,,,,,,,,,,,,,,,,,,,,,", u511 ,m32,,
15064, u511 ," Say what you gotta say, but I ain't gonna hear you speak his name to me. Not never. You hear?"",,,,,,,,,,,,,,,,,,,,,,,,,,,,,,,", u517 ,m32,,
15065, u517 ," Think this about money still, ya old fool?"",,,,,,,,,,,,,,,,,,,,,,,,,,,,,,,", u511 ,m32,,
15066, u511 ," If you come to talk about that muthafucka, I'm gonna get up and leave you sittin' pretty in that new suit he bought'cha."",,,,,,,,,,,,,,,,,,,,,,,,,,,,,,,", u517 ,m32,,
15067, u517 ," We leavin' this weekend. Deke got a friend in Mobile gonna get him a job at the water company...,,,,,,,,,,,,,,,,,,,,,,,,,,,,,,,", u511 ,m32,,
15068, u511 ," Your mother's funeral. I's a pallbearer, remember?"",,,,,,,,,,,,,,,,,,,,,,,,,,,,,,,", u517 ,m32,,
15069, u517 ," Can't remember the last time I saw you in that suit.,,,,,,,,,,,,,,,,,,,,,,,,,,,,,,,", u516 ,m32,,
15070, u516 ," Yes. I mean that's it. I wanna feel like a man with her. I wanna feel like the only man with her.,,,,,,,,,,,,,,,,,,,,,,,,,,,,,,,", u511 ,m32,,
15071, u511 ," Like a man.,,,,,,,,,,,,,,,,,,,,,,,,,,,,,,,", u511 ,m32,,
15072, u511 ," Son, I'm grown. Don't got patience to suffer you children and this monkey junk. I'm too old to play house...  ...and cowboys. So let's have it. End me or get out of my face!"",,,,,,,,,,,,,,,,,,,,,,,,,,,,,,,", u516 ,m32,,
15073, u516 ," Don't... don't say that to me...,,,,,,,,,,,,,,,,,,,,,,,,,,,,,,,", u511 ,m32,,
15074, u511 ," Put all your love and dreams into one woman... she turn around and give it all to another man. That's a good reason to paint the wall with me, kid. She'd fear ya then. Cuz there won't be no more question in her mind. She with a real man now. A real KILLER!"",,,,,,,,,,,,,,,,,,,,,,,,,,,,,,,", u516 ,m32,,
15075, u516 ," SHUT UP! SHUT UP!,,,,,,,,,,,,,,,,,,,,,,,,,,,,,,,", u511 ,m32,,
15076, u511 ," BOY! YOU KEEP THAT GUN POINTED AT ME!  You need to kill a man, all you gotta have is a good reason.  You know she been here with me, don't cha? Been all over town, givin' up that switch you thought was your own."",,,,,,,,,,,,,,,,,,,,,,,,,,,,,,,", u516 ,m32,,
15077, u516 ," GODDAMMIT, RAE!"",,,,,,,,,,,,,,,,,,,,,,,,,,,,,,,", u511 ,m32,,
15078, u511 ," Test. Shit. What kind'a test you thinkin'? You mean like, if you a man or not? If you a killer? Only one way to prove that. You just look me in the eye, boy, and you squeeze that trigger back."",,,,,,,,,,,,,,,,,,,,,,,,,,,,,,,", u516 ,m32,,
15079, u516 ," You testing me? Huh? You testin' me, old man?"",,,,,,,,,,,,,,,,,,,,,,,,,,,,,,,", u511 ,m32,,
15080, u511 ," BOY! You so green you couldn't stomp a baby duck.,,,,,,,,,,,,,,,,,,,,,,,,,,,,,,,", u516 ,m32,,
15081, u516 ," You heard me, mother-fucker. I'll fuckin' kill.."",,,,,,,,,,,,,,,,,,,,,,,,,,,,,,,", u511 ,m32,,
15082, u511 ," You sayin' you'll do what?,,,,,,,,,,,,,,,,,,,,,,,,,,,,,,,", u516 ,m32,,
15083, u516 ," Ain't gonna be callin' me boy when I blow your face off.,,,,,,,,,,,,,,,,,,,,,,,,,,,,,,,", u511 ,m32,,
15084, u511 ," Boy? You here to make a point, or you here to kill somebody?"",,,,,,,,,,,,,,,,,,,,,,,,,,,,,,,", u516 ,m32,,
15085, u516 ," Or what? OR WHAT?,,,,,,,,,,,,,,,,,,,,,,,,,,,,,,,", u511 ,m32,,
15086, u511 ," Careful how you point that gun, boy."",,,,,,,,,,,,,,,,,,,,,,,,,,,,,,,", u516 ,m32,,
15087, u516 ," YOU SHUT UP!,,,,,,,,,,,,,,,,,,,,,,,,,,,,,,,", u511 ,m32,,
15088, u511 ," Maybe I won't.,,,,,,,,,,,,,,,,,,,,,,,,,,,,,,,", u515 ,m32,,
15089, u515 ," I don't want you to let go.,,,,,,,,,,,,,,,,,,,,,,,,,,,,,,,", u511 ,m32,,
15090, u511 ," Well, this one's yours now. You ready to take care of it?"",,,,,,,,,,,,,,,,,,,,,,,,,,,,,,,", u515 ,m32,,
15091, u515 ," I've had nice things before but I always ruined 'em somehow.,,,,,,,,,,,,,,,,,,,,,,,,,,,,,,,", u511 ,m32,,
15092, u511 ," Now that's sharp. That's real sharp. Miss Ella Mae set you up, didn't she? You like it?"",,,,,,,,,,,,,,,,,,,,,,,,,,,,,,,", u511 ,m32,,
15093, u511 ," Get a good picture in your mind.,,,,,,,,,,,,,,,,,,,,,,,,,,,,,,,", u515 ,m32,,
15094, u515 ," What I love.,,,,,,,,,,,,,,,,,,,,,,,,,,,,,,,", u511 ,m32,,
15095, u511 ," Stop that foolishness. Just do as I say and close your eyes.  Close your eyes. And think about... well, for a song like this, I'd say you think about what you love."",,,,,,,,,,,,,,,,,,,,,,,,,,,,,,,", u515 ,m32,,
15096, u515 ," No, you do it. I can't sing."",,,,,,,,,,,,,,,,,,,,,,,,,,,,,,,", u511 ,m32,,
15097, u511 ," Go'on and sing it, I'll play."",,,,,,,,,,,,,,,,,,,,,,,,,,,,,,,", u515 ,m32,,
15098, u515 ," Woke up real early. Sun was shining. Just thought I'd mess around, try to learn a song."",,,,,,,,,,,,,,,,,,,,,,,,,,,,,,,", u511 ,m32,,
15099, u511 ," I know that.,,,,,,,,,,,,,,,,,,,,,,,,,,,,,,,", u515 ,m32,,
15100, u515 ," You know how you feel when you come out of a bad hangover? Like your eyes can open a little bit more.,,,,,,,,,,,,,,,,,,,,,,,,,,,,,,,", u511 ,m32,,
15101, u511 ," How you feelin' today?,,,,,,,,,,,,,,,,,,,,,,,,,,,,,,,", u515 ,m32,,
15102, u515 ," Don't know where I learn't it, but... it's there in my head."",,,,,,,,,,,,,,,,,,,,,,,,,,,,,,,", u511 ,m32,,
15103, u511 ," Looks like you know a song.,,,,,,,,,,,,,,,,,,,,,,,,,,,,,,,", u515 ,m32,,
15104, u515 ," Sorry.,,,,,,,,,,,,,,,,,,,,,,,,,,,,,,,", u511 ,m32,,
15105, u511 ," I know you didn't. But you a grown girl. You can handle it. I got to.,,,,,,,,,,,,,,,,,,,,,,,,,,,,,,,", u515 ,m32,,
15106, u515 ," I didn't mean it nothin' dirty.,,,,,,,,,,,,,,,,,,,,,,,,,,,,,,,", u511 ,m32,,
15107, u511 ," Don't think that'd be wise.,,,,,,,,,,,,,,,,,,,,,,,,,,,,,,,", u515 ,m32,,
15108, u515 ," Laz? Can I sleep with you tonight?,,,,,,,,,,,,,,,,,,,,,,,,,,,,,,,", u515 ,m32,,
15109, u515 ," I guess you have.,,,,,,,,,,,,,,,,,,,,,,,,,,,,,,,", u511 ,m32,,
15110, u511 ," Yeah, gal I been here before."",,,,,,,,,,,,,,,,,,,,,,,,,,,,,,,", u515 ,m32,,
15111, u515 ," Are you drunk?  Keep drinkin' water and you won't get a headache in the mornin'.,,,,,,,,,,,,,,,,,,,,,,,,,,,,,,,", u511 ,m32,,
15112, u511 ," You can handle it.,,,,,,,,,,,,,,,,,,,,,,,,,,,,,,,", u515 ,m32,,
15113, u515 ," By myself?,,,,,,,,,,,,,,,,,,,,,,,,,,,,,,,", u511 ,m32,,
15114, u511 ," Get'chu at that table up yonder.,,,,,,,,,,,,,,,,,,,,,,,,,,,,,,,", u515 ,m32,,
15115, u515 ," Nothin'.,,,,,,,,,,,,,,,,,,,,,,,,,,,,,,,", u511 ,m32,,
15116, u511 ," What is it?,,,,,,,,,,,,,,,,,,,,,,,,,,,,,,,", u511 ,m32,,
15117, u511 ," I tried.,,,,,,,,,,,,,,,,,,,,,,,,,,,,,,,", u515 ,m32,,
15118, u515 ," You took care of your wife, like you do me?"",,,,,,,,,,,,,,,,,,,,,,,,,,,,,,,", u515 ,m32,,
15119, u515 ," I'm gonna just get some girl stuff, like make-up and... stuff."",,,,,,,,,,,,,,,,,,,,,,,,,,,,,,,", u511 ,m32,,
15120, u511 ," Right here. Be here all afternoon.  You ready for this?,,,,,,,,,,,,,,,,,,,,,,,,,,,,,,,", u515 ,m32,,
15121, u515 ," Where you gonna be?,,,,,,,,,,,,,,,,,,,,,,,,,,,,,,,", u515 ,m32,,
15122, u515 ," You think God forgives people like that?  You think God forgives people like me?,,,,,,,,,,,,,,,,,,,,,,,,,,,,,,,", u511 ,m32,,
15123, u511 ," No one's gonna hurt you no more.,,,,,,,,,,,,,,,,,,,,,,,,,,,,,,,", u515 ,m32,,
15124, u515 ," Oh, Laz... he hurt me. He... hurt me so many times."",,,,,,,,,,,,,,,,,,,,,,,,,,,,,,,", u515 ,m32,,
15125, u515 ," He told me... get help. I just stood there and watched him... I watched him die, Laz. Oh God! GODDAMMIT!"",,,,,,,,,,,,,,,,,,,,,,,,,,,,,,,", u511 ,m32,,
15126, u511 ," You just havin' a fit. You ain't goin' nowhere.,,,,,,,,,,,,,,,,,,,,,,,,,,,,,,,", u515 ,m32,,
15127, u515 ," I seen a man die. He couldn't breathe... his heart was... was givin' out.,,,,,,,,,,,,,,,,,,,,,,,,,,,,,,,", u515 ,m32,,
15128, u515 ," The... chain helps.,,,,,,,,,,,,,,,,,,,,,,,,,,,,,,,", u511 ,m32,,
15129, u511 ," Tell me what to do.,,,,,,,,,,,,,,,,,,,,,,,,,,,,,,,", u511 ,m32,,
15130, u511 ," I had love in my heart. And I gave it to one woman. And she gone now.  Where am I gonna put all this love?,,,,,,,,,,,,,,,,,,,,,,,,,,,,,,,", u515 ,m32,,
15131, u515 ," I'm here with you.,,,,,,,,,,,,,,,,,,,,,,,,,,,,,,,", u511 ,m32,,
15132, u511 ," My life is gone. Only life I was livin'. And I lost it.,,,,,,,,,,,,,,,,,,,,,,,,,,,,,,,", u511 ,m32,,
15133, u511 ," Anything.,,,,,,,,,,,,,,,,,,,,,,,,,,,,,,,", u515 ,m32,,
15134, u515 ," Could you do somethin' for me?,,,,,,,,,,,,,,,,,,,,,,,,,,,,,,,", u515 ,m32,,
15135, u515 ," I ain't in a hurry.,,,,,,,,,,,,,,,,,,,,,,,,,,,,,,,", u511 ,m32,,
15136, u511 ," If you want... I can take you back to town now.,,,,,,,,,,,,,,,,,,,,,,,,,,,,,,,", u511 ,m32,,
15137, u511 ," No joke.,,,,,,,,,,,,,,,,,,,,,,,,,,,,,,,", u515 ,m32,,
15138, u515 ," Still makin' jokes?,,,,,,,,,,,,,,,,,,,,,,,,,,,,,,,", u511 ,m32,,
15139, u511 ," To freedom.,,,,,,,,,,,,,,,,,,,,,,,,,,,,,,,", u515 ,m32,,
15140, u515 ," We drinkin' buddies now?,,,,,,,,,,,,,,,,,,,,,,,,,,,,,,,", u511 ,m32,,
15141, u511 ," Want another?,,,,,,,,,,,,,,,,,,,,,,,,,,,,,,,", u515 ,m32,,
15142, u515 ," Sure.,,,,,,,,,,,,,,,,,,,,,,,,,,,,,,,", u511 ,m32,,
15143, u511 ," You take it straight?,,,,,,,,,,,,,,,,,,,,,,,,,,,,,,,", u511 ,m32,,
15144, u511 ," You drink whiskey?,,,,,,,,,,,,,,,,,,,,,,,,,,,,,,,", u515 ,m32,,
15145, u515 ," They sure liked them devilled eggs.,,,,,,,,,,,,,,,,,,,,,,,,,,,,,,,", u511 ,m32,,
15146, u511 ," Well, get to it."",,,,,,,,,,,,,,,,,,,,,,,,,,,,,,,", u515 ,m32,,
15147, u515 ," I can handle that.,,,,,,,,,,,,,,,,,,,,,,,,,,,,,,,", u511 ,m32,,
15148, u511 ," If all you got is filth comin' out'cha mouth... people just gonna tune ya out.  Rae. RAE! I'm not fightin' with ya. I just know you got more in you than junk.  Now, you sayin' you don't know how to cook anything at all?  You know how to boil water?"",,,,,,,,,,,,,,,,,,,,,,,,,,,,,,,", u515 ,m32,,
15149, u515 ," Look it... I put the Goddamn dress on, didn't I? I think I'm handlin' myself with some... fuckin' restraint here... how you got me locked up like a dog on a..."",,,,,,,,,,,,,,,,,,,,,,,,,,,,,,,", u511 ,m32,,
15150, u511 ," Gal, I been around hard-cursin' folk all my life. And let me tell you..."",,,,,,,,,,,,,,,,,,,,,,,,,,,,,,,", u515 ,m32,,
15151, u515 ," I don't fuckin' cook.,,,,,,,,,,,,,,,,,,,,,,,,,,,,,,,", u511 ,m32,,
15152, u511 ," Good. Now I got the steaks on, potatoes at a boil, and biscuits ready to pop in the oven. R.L. and Lincoln out yonder grillin' up the corn. What do you know how to make?"",,,,,,,,,,,,,,,,,,,,,,,,,,,,,,,", u515 ,m32,,
15153, u515 ," Uh-uh.,,,,,,,,,,,,,,,,,,,,,,,,,,,,,,,", u511 ,m32,,
15154, u511 ," Now that's sharp. That is sharp. Chain give you any trouble?,,,,,,,,,,,,,,,,,,,,,,,,,,,,,,,", u511 ,m32,,
15155, u511 ," GIVIN' UP THAT SWITCH LIKE A TRAMP! BEHIND MY BACK AND KILL MY BABY...!,,,,,,,,,,,,,,,,,,,,,,,,,,,,,,,", u515 ,m32,,
15156, u515 ," Let go of me...,,,,,,,,,,,,,,,,,,,,,,,,,,,,,,,", u511 ,m32,,
15157, u511 ," My God, gal, don't you got no SENSE? I ain't sayin' I ain't weak? Shit. Playin' guitar in the blood-bucket jukes all ya life... a nigga learn how to sin, let me tell you!  I GOT SIN IN ME! I AIN'T GO'N LIE! BUT I GOT RESPECT! AND ALL YOU GOT IS BILE, GAL!"",,,,,,,,,,,,,,,,,,,,,,,,,,,,,,,", u511 ,m32,,
15158, u511 ," Gal... Matthew ain't doin' shit... this just a story...  Look it. I've seen it in nature, I've seen it in men. Ya got to change up your crop. Cuz that seed ain't gettin' in.  Ya gotta cut this shit out. Got no cause to be up under these fools, ruttin' on ya like you a bitch. Like you somebody's dog. No woman... who joins in union with Almighty God... or man... in the sanctity of marriage... should degrade herself... and bend to ANOTHER MAN'S WILL!"",,,,,,,,,,,,,,,,,,,,,,,,,,,,,,,", u515 ,m32,,
15159, u515 ," I know. I get it. What's Matthew doin'?,,,,,,,,,,,,,,,,,,,,,,,,,,,,,,,", u511 ,m32,,
15160, u511 ," The seed that land on good soil is for them who hear the word of God... and understand the word of God. Not enough for you to hear what I'm sayin', you gotta understand."",,,,,,,,,,,,,,,,,,,,,,,,,,,,,,,", u515 ,m32,,
15161, u515 ," Uh-uh.,,,,,,,,,,,,,,,,,,,,,,,,,,,,,,,", u511 ,m32,,
15162, u511 ," Means ya healin'.  So all this farmin' make me think on Matthew. Matthew 13. The parable of the sower? Man toss seed on rock, on the wayside, some fell in thorns... you know the story?"",,,,,,,,,,,,,,,,,,,,,,,,,,,,,,,", u515 ,m32,,
15163, u515 ," Itches.,,,,,,,,,,,,,,,,,,,,,,,,,,,,,,,", u511 ,m32,,
15164, u511 ," Cuz once in a while soil need a change. Corn take up a lot of nitrate in the fertilizer. So next crop what ya do is plant ya some soy beans. That give off a lot of nitrate. Change keeps it all growin' and growin' strong.  Sting a bit?,,,,,,,,,,,,,,,,,,,,,,,,,,,,,,,", u515 ,m32,,
15165, u515 ," Uh-uh.,,,,,,,,,,,,,,,,,,,,,,,,,,,,,,,", u511 ,m32,,
15166, u511 ," My Daddy was one of the first mens to organize soil conservation in these parts. That's a group of farmers, you know, each season they'd rotate the crop. Know why it's best to rotate em like that?"",,,,,,,,,,,,,,,,,,,,,,,,,,,,,,,", u515 ,m32,,
15167, u515 ," If I break one you gonna shoot me?,,,,,,,,,,,,,,,,,,,,,,,,,,,,,,,", u511 ,m32,,
15168, u511 ," Can't sit all day on that sofa. Need to get your legs strong.,,,,,,,,,,,,,,,,,,,,,,,,,,,,,,,", u515 ,m32,,
15169, u515 ," You like this? Walkin' me through this field like I's your mule?,,,,,,,,,,,,,,,,,,,,,,,,,,,,,,,", u515 ,m32,,
15170, u515 ," I CAN'T!,,,,,,,,,,,,,,,,,,,,,,,,,,,,,,,", u511 ,m32,,
15171, u511 ," I said... STOP!,,,,,,,,,,,,,,,,,,,,,,,,,,,,,,,", u515 ,m32,,
15172, u515 ," Hm-mm... Hm-mm...,,,,,,,,,,,,,,,,,,,,,,,,,,,,,,,", u511 ,m32,,
15173, u511 ," No, ma'am. You stop that foolishness."",,,,,,,,,,,,,,,,,,,,,,,,,,,,,,,", u515 ,m32,,
15174, u515 ," You gonna get a lot more a'that, you keep me locked up like this!"",,,,,,,,,,,,,,,,,,,,,,,,,,,,,,,", u511 ,m32,,
15175, u511 ," Wicked little bitch... gonna cut me...,,,,,,,,,,,,,,,,,,,,,,,,,,,,,,,", u511 ,m32,,
15176, u511 ," Whose doin' is that?,,,,,,,,,,,,,,,,,,,,,,,,,,,,,,,", u515 ,m32,,
15177, u515 ," Stop it! Stop it! IT HURTS!,,,,,,,,,,,,,,,,,,,,,,,,,,,,,,,", u515 ,m32,,
15178, u515 ," Or what?,,,,,,,,,,,,,,,,,,,,,,,,,,,,,,,", u511 ,m32,,
15179, u511 ," Now you get up! And you get in my house!,,,,,,,,,,,,,,,,,,,,,,,,,,,,,,,", u511 ,m32,,
15180, u511 ," You can holla y'self hoarse. Ain't gonna bend my will.  Right or wrong, you gonna mind me.  Gonna suffer you like Jesus say, to the FAITHLESS and the PERVERSE GENERATION."",,,,,,,,,,,,,,,,,,,,,,,,,,,,,,,", u515 ,m32,,
15181, u515 ," LET ME GO!,,,,,,,,,,,,,,,,,,,,,,,,,,,,,,,", u511 ,m32,,
15182, u511 ," You sick. You got a sickness... we broke that fever... we gonna break that hold the devil got on ya.,,,,,,,,,,,,,,,,,,,,,,,,,,,,,,,", u515 ,m32,,
15183, u515 ," Look it, mister... you wanna have your way, you take it. I'll do whatever you want. But you gotta let me go. You can't do this! You can't KEEP ME HERE!"",,,,,,,,,,,,,,,,,,,,,,,,,,,,,,,", u511 ,m32,,
15184, u511 ," In my house, you watch that lip..."",,,,,,,,,,,,,,,,,,,,,,,,,,,,,,,", u515 ,m32,,
15185, u515 ," Some crazy Jesus freak, gonna fuck the spirit into me..."",,,,,,,,,,,,,,,,,,,,,,,,,,,,,,,", u511 ,m32,,
15186, u511 ," No ma'am.,,,,,,,,,,,,,,,,,,,,,,,,,,,,,,,", u515 ,m32,,
15187, u515 ," You some kind'a pervert?,,,,,,,,,,,,,,,,,,,,,,,,,,,,,,,", u511 ,m32,,
15188, u511 ," God saw to it to put you in my path. And I aim to cure ya of your wickedness.,,,,,,,,,,,,,,,,,,,,,,,,,,,,,,,", u515 ,m32,,
15189, u515 ," WHAT DO YOU WANT FROM ME?!  WHATEVER YOU GONNA DO TO ME, JUST DO IT! AND LET ME GO!"",,,,,,,,,,,,,,,,,,,,,,,,,,,,,,,", u511 ,m32,,
15190, u511 ," We got everything we need. Plenty of food. Ya medicine still got a few good swallows in it...,,,,,,,,,,,,,,,,,,,,,,,,,,,,,,,", u515 ,m32,,
15191, u515 ," What do you want?,,,,,,,,,,,,,,,,,,,,,,,,,,,,,,,", u511 ,m32,,
15192, u511 ," I give ya enough chain so's you can get about the house. Get you to the kitchen. You need the bathroom, it'll reach."",,,,,,,,,,,,,,,,,,,,,,,,,,,,,,,", u511 ,m32,,
15193, u511 ," I've saved ya life, gal. I can do and say whatever the fuck I want."",,,,,,,,,,,,,,,,,,,,,,,,,,,,,,,", u515 ,m32,,
15194, u515 ," The hell you know about me?! You got no right to talk to me about that shit! The hell you think you are?,,,,,,,,,,,,,,,,,,,,,,,,,,,,,,,", u511 ,m32,,
15195, u511 ," You know what I'm talkin' about.  All that mess with ya teachers and... boys in the backs of trucks.,,,,,,,,,,,,,,,,,,,,,,,,,,,,,,,", u515 ,m32,,
15196, u515 ," Do me? Do me like this, you mean? Like chainin' me up?"",,,,,,,,,,,,,,,,,,,,,,,,,,,,,,,", u511 ,m32,,
15197, u511 ," These men you up under. How you let them do ya like that?,,,,,,,,,,,,,,,,,,,,,,,,,,,,,,,", u515 ,m32,,
15198, u515 ," What?,,,,,,,,,,,,,,,,,,,,,,,,,,,,,,,", u511 ,m32,,
15199, u511 ," How you let men treat ya like they do?,,,,,,,,,,,,,,,,,,,,,,,,,,,,,,,", u515 ,m32,,
15200, u515 ," I'm right enough to stand on my own two feet. Now take this Goddamn chain off...,,,,,,,,,,,,,,,,,,,,,,,,,,,,,,,", u511 ,m32,,
15201, u511 ," Gal, you ain't right yet."",,,,,,,,,,,,,,,,,,,,,,,,,,,,,,,", u515 ,m32,,
15202, u515 ," Well I'm woke now... you can take this off.,,,,,,,,,,,,,,,,,,,,,,,,,,,,,,,", u511 ,m32,,
15203, u511 ," Now, no harm's come to you... and I aim to keep it that way. Ain't gonna... gonna run a train over ya... or however you call it... see... you was runnin' wild on me... these fever dreams you was havin'... these fits. I'd be chasin' you all night."",,,,,,,,,,,,,,,,,,,,,,,,,,,,,,,", u515 ,m32,,
15204, u515 ," Get this Goddamn thing off me!,,,,,,,,,,,,,,,,,,,,,,,,,,,,,,,", u511 ,m32,,
15205, u511 ," I ain't laid a hand on ya but to ease yo fever... Remember like I say, I found you in the road..."",,,,,,,,,,,,,,,,,,,,,,,,,,,,,,,", u515 ,m32,,
15206, u515 ," The fuck you been doin' to me?,,,,,,,,,,,,,,,,,,,,,,,,,,,,,,,", u511 ,m32,,
15207, u511 ," Way I see it, it's gonna take a while for you to get right."",,,,,,,,,,,,,,,,,,,,,,,,,,,,,,,", u515 ,m32,,
15208, u515 ," Why you got me chained?,,,,,,,,,,,,,,,,,,,,,,,,,,,,,,,", u511 ,m32,,
15209, u511 ," Let me say somethin' first...,,,,,,,,,,,,,,,,,,,,,,,,,,,,,,,", u511 ,m32,,
15210, u511 ," Best try gettin' ya wits about you 'fore you try to...,,,,,,,,,,,,,,,,,,,,,,,,,,,,,,,", u515 ,m32,,
15211, u515 ," Naw'sir... I gotta be on my way.,,,,,,,,,,,,,,,,,,,,,,,,,,,,,,,", u511 ,m32,,
15212, u511 ," Think it'd be best if you stayed put while we talk.,,,,,,,,,,,,,,,,,,,,,,,,,,,,,,,", u515 ,m32,,
15213, u515 ," Then I better be on my way. Don't wanna put you out no more.,,,,,,,,,,,,,,,,,,,,,,,,,,,,,,,", u511 ,m32,,
15214, u511 ," Don't need none.,,,,,,,,,,,,,,,,,,,,,,,,,,,,,,,", u515 ,m32,,
15215, u515 ," I don't got any money... for fixin' me up and all.,,,,,,,,,,,,,,,,,,,,,,,,,,,,,,,", u515 ,m32,,
15216, u515 ," Wait. He left.,,,,,,,,,,,,,,,,,,,,,,,,,,,,,,,", u511 ,m32,,
15217, u511 ," Well I don't...,,,,,,,,,,,,,,,,,,,,,,,,,,,,,,,", u515 ,m32,,
15218, u515 ," Where's Ronnie?,,,,,,,,,,,,,,,,,,,,,,,,,,,,,,,", u511 ,m32,,
15219, u511 ," After your fever broke, you'd wake up in spells... long enough to get that medicine in ya."",,,,,,,,,,,,,,,,,,,,,,,,,,,,,,,", u515 ,m32,,
15220, u515 ," Two days?,,,,,,,,,,,,,,,,,,,,,,,,,,,,,,,", u511 ,m32,,
15221, u511 ," You been in and out goin' on two... maybe two days.,,,,,,,,,,,,,,,,,,,,,,,,,,,,,,,", u515 ,m32,,
15222, u515 ," How long... how long I been out?,,,,,,,,,,,,,,,,,,,,,,,,,,,,,,,", u511 ,m32,,
15223, u511 ," Take it easy now. Don't rush it.,,,,,,,,,,,,,,,,,,,,,,,,,,,,,,,", u511 ,m32,,
15224, u511 ," Come on, gal..."",,,,,,,,,,,,,,,,,,,,,,,,,,,,,,,", u515 ,m32,,
15225, u515 ," Mm-mm... Mm-mm...,,,,,,,,,,,,,,,,,,,,,,,,,,,,,,,", u511 ,m32,,
15226, u511 ," GAL! YOU HEARIN' MY VOICE?,,,,,,,,,,,,,,,,,,,,,,,,,,,,,,,", u515 ,m32,,
15227, u515 ," Nn-nn... Nn-nn... no... N'RONNIE!,,,,,,,,,,,,,,,,,,,,,,,,,,,,,,,", u511 ,m32,,
15228, u511 ," Tehronne? Tehronne done this?,,,,,,,,,,,,,,,,,,,,,,,,,,,,,,,", u515 ,m32,,
15229, u515 ," Teh... Tehronne?,,,,,,,,,,,,,,,,,,,,,,,,,,,,,,,", u519 ,m32,,
15230, u519 ," Nobody ever asks me to do shit like this for people. And you know what? I'm good at it. Naw what I mean?,,,,,,,,,,,,,,,,,,,,,,,,,,,,,,,", u511 ,m32,,
15231, u511 ," Don't see generosity much these days. Everything always got a catch. Guess I'm tryin' to say... thank you.,,,,,,,,,,,,,,,,,,,,,,,,,,,,,,,", u519 ,m32,,
15232, u519 ," It got some miles on it, but my boys say she run good. Got fresh 22's on her. Ain't my doin'. That's just how it came to me. Don't worry. Nobody gonna come lookin' for it. I got the pinks... got no problem.  Ain't gonna have my girl ridin' no bus."",,,,,,,,,,,,,,,,,,,,,,,,,,,,,,,", u519 ,m32,,
15233, u519 ," Like I told you.,,,,,,,,,,,,,,,,,,,,,,,,,,,,,,,", u511 ,m32,,
15234, u511 ," How a girl get like that?,,,,,,,,,,,,,,,,,,,,,,,,,,,,,,,", u519 ,m32,,
15235, u519 ," Meanin' like a team of fellas go to work on her and she don't even break a sweat.  She into football, you know. You got a letter on your jacket you get that pussy in ya lap. I ain't playin'."",,,,,,,,,,,,,,,,,,,,,,,,,,,,,,,", u511 ,m32,,
15236, u511 ," Nuh-uh.,,,,,,,,,,,,,,,,,,,,,,,,,,,,,,,", u519 ,m32,,
15237, u519 ," You ever seen a train run on a woman?,,,,,,,,,,,,,,,,,,,,,,,,,,,,,,,", u519 ,m32,,
15238, u519 ," Go ask him.,,,,,,,,,,,,,,,,,,,,,,,,,,,,,,,", u511 ,m32,,
15239, u511 ," Naw!,,,,,,,,,,,,,,,,,,,,,,,,,,,,,,,", u519 ,m32,,
15240, u519 ," He tapped that.,,,,,,,,,,,,,,,,,,,,,,,,,,,,,,,", u511 ,m32,,
15241, u511 ," Uh-huh.,,,,,,,,,,,,,,,,,,,,,,,,,,,,,,,", u519 ,m32,,
15242, u519 ," First hooked up with that bitch when she was 16. Girl was fuckin' the principal and two of her teachers. You know coach Reynolds?,,,,,,,,,,,,,,,,,,,,,,,,,,,,,,,", u519 ,m32,,
15243, u519 ," What I'm tellin' you. Girl gotta get dick or she go crazy.,,,,,,,,,,,,,,,,,,,,,,,,,,,,,,,", u511 ,m32,,
15244, u511 ," What'chu sayin'?,,,,,,,,,,,,,,,,,,,,,,,,,,,,,,,", u519 ,m32,,
15245, u519 ," She a freak. Got what you call a sexual addiction.,,,,,,,,,,,,,,,,,,,,,,,,,,,,,,,", u519 ,m32,,
15246, u519 ," What I'm tellin' you. Girl gotta get dick or she go crazy.,,,,,,,,,,,,,,,,,,,,,,,,,,,,,,,", u511 ,m32,,
15247, u511 ," What'chu sayin'?,,,,,,,,,,,,,,,,,,,,,,,,,,,,,,,", u519 ,m32,,
15248, u519 ," She a freak. Got what you call a sexual addiction.,,,,,,,,,,,,,,,,,,,,,,,,,,,,,,,", u511 ,m32,,
15249, u511 ," What'chu sayin'?,,,,,,,,,,,,,,,,,,,,,,,,,,,,,,,", u519 ,m32,,
15250, u519 ," Like I say, you wanna hook that up... I ain't in ya way. That switch of hers been all over this town. Got that sickness, you know."",,,,,,,,,,,,,,,,,,,,,,,,,,,,,,,", u511 ,m32,,
15251, u511 ," You collar that dog, boy. I ain't gonna hurt nobody. Just wanted to know who she was."",,,,,,,,,,,,,,,,,,,,,,,,,,,,,,,", u519 ,m32,,
15252, u519 ," See, that girl is in my favor. You heard me, nigga? You fuck with her rough, and you got me to fuck wit."",,,,,,,,,,,,,,,,,,,,,,,,,,,,,,,", u511 ,m32,,
15253, u511 ," Now, hold up."",,,,,,,,,,,,,,,,,,,,,,,,,,,,,,,", u519 ,m32,,
15254, u519 ," That ain't my scene. If that's somethin' you into...,,,,,,,,,,,,,,,,,,,,,,,,,,,,,,,", u511 ,m32,,
15255, u511 ," She like it rough? You like beatin' on her?,,,,,,,,,,,,,,,,,,,,,,,,,,,,,,,", u519 ,m32,,
15256, u519 ," She got a spare minute she'll snatch up anyone... but me, I'm different. Sometimes she need the real deal, so she call me up. Girl got an itch. You know... what's a nigga to do?"",,,,,,,,,,,,,,,,,,,,,,,,,,,,,,,", u511 ,m32,,
15257, u511 ," Why you say that?,,,,,,,,,,,,,,,,,,,,,,,,,,,,,,,", u519 ,m32,,
15258, u519 ," Shit. Who hasn't?,,,,,,,,,,,,,,,,,,,,,,,,,,,,,,,", u511 ,m32,,
15259, u511 ," This Rae... you get with her?,,,,,,,,,,,,,,,,,,,,,,,,,,,,,,,", u519 ,m32,,
15260, u519 ," I don't pimp that.  You talkin' about who I think you talkin' about, you mean Rae. Rae Doole. Sexy little split tail, like you say. I can't hook you up with that. I got two girls. One ain't in town, the other one pregnant. So... you on your own."",,,,,,,,,,,,,,,,,,,,,,,,,,,,,,,", u511 ,m32,,
15261, u511 ," Huh?,,,,,,,,,,,,,,,,,,,,,,,,,,,,,,,", u519 ,m32,,
15262, u519 ," That ain't up to me to hook you up. Naw what I mean? She her own, you know?"",,,,,,,,,,,,,,,,,,,,,,,,,,,,,,,", u511 ,m32,,
15263, u511 ," Been years since I fooled with that.  You know a white girl? Dirty blond hair, split down the middle like?"",,,,,,,,,,,,,,,,,,,,,,,,,,,,,,,", u519 ,m32,,
15264, u519 ," You need some weed?,,,,,,,,,,,,,,,,,,,,,,,,,,,,,,,", u511 ,m32,,
15265, u511 ," Word wit'cha. In private.,,,,,,,,,,,,,,,,,,,,,,,,,,,,,,,", u519 ,m32,,
15266, u519 ," Do you call it a game when only one man win each time? I think you call it a damn shame.,,,,,,,,,,,,,,,,,,,,,,,,,,,,,,,", u511 ,m32,,
15267, u511 ," I do.,,,,,,,,,,,,,,,,,,,,,,,,,,,,,,,", u514 ,m32,,
15268, u514 ," And now these three remain: faith, hope and love. But the greatest of these is love.  Who gives this girl in marriage?"",,,,,,,,,,,,,,,,,,,,,,,,,,,,,,,", u511 ,m32,,
15269, u511 ," I don't know, but I been told, them Georgia women sweet jelly roll."",,,,,,,,,,,,,,,,,,,,,,,,,,,,,,,", u514 ,m32,,
15270, u514 ," Yeah, you know you home, old man. You just walked through the door."",,,,,,,,,,,,,,,,,,,,,,,,,,,,,,,", u511 ,m32,,
15271, u511 ," We ain't here to talk about that shit.,,,,,,,,,,,,,,,,,,,,,,,,,,,,,,,", u514 ,m32,,
15272, u514 ," Heard about this morning.,,,,,,,,,,,,,,,,,,,,,,,,,,,,,,,", u514 ,m32,,
15273, u514 ," I just know how you get. Good to know, them butterflies still in ya gut."",,,,,,,,,,,,,,,,,,,,,,,,,,,,,,,", u511 ,m32,,
15274, u511 ," There you go, preacher man. Get me drunk so I don't stick my foot up yo ass."",,,,,,,,,,,,,,,,,,,,,,,,,,,,,,,", u511 ,m32,,
15275, u511 ," The fuck are all these people doin' here? Been drinkin' in this shit hole for years ain't seen this many people since I don't know...,,,,,,,,,,,,,,,,,,,,,,,,,,,,,,,", u514 ,m32,,
15276, u514 ," What? I called Bojo, like you say. Called up the fellas in the band..."",,,,,,,,,,,,,,,,,,,,,,,,,,,,,,,", u511 ,m32,,
15277, u511 ," The hell is this shit?,,,,,,,,,,,,,,,,,,,,,,,,,,,,,,,", u511 ,m32,,
15278, u511 ," She's tied to me, R.L.. We tied to each other."",,,,,,,,,,,,,,,,,,,,,,,,,,,,,,,", u514 ,m32,,
15279, u514 ," Then what?,,,,,,,,,,,,,,,,,,,,,,,,,,,,,,,", u511 ,m32,,
15280, u511 ," Not like that.,,,,,,,,,,,,,,,,,,,,,,,,,,,,,,,", u514 ,m32,,
15281, u514 ," You believe He wants this? A woman chained to ya radiator?,,,,,,,,,,,,,,,,,,,,,,,,,,,,,,,", u511 ,m32,,
15282, u511 ," I'm dealin' with what God put before me.,,,,,,,,,,,,,,,,,,,,,,,,,,,,,,,", u514 ,m32,,
15283, u514 ," Gotta get that chain off her, Laz. Somethin' like this gets out, you could land in a heap of trouble."",,,,,,,,,,,,,,,,,,,,,,,,,,,,,,,", u511 ,m32,,
15284, u511 ," Ask the chef.,,,,,,,,,,,,,,,,,,,,,,,,,,,,,,,", u514 ,m32,,
15285, u514 ," Mm. MM. Now these eggs got some kick to it. What'chu got in this?,,,,,,,,,,,,,,,,,,,,,,,,,,,,,,,", u514 ,m32,,
15286, u514 ," This all looks wonderful.,,,,,,,,,,,,,,,,,,,,,,,,,,,,,,,", u511 ,m32,,
15287, u511 ," Y'all let me know if these steaks are too dry.,,,,,,,,,,,,,,,,,,,,,,,,,,,,,,,", u514 ,m32,,
15288, u514 ," Pass them potatoes, Lincoln."",,,,,,,,,,,,,,,,,,,,,,,,,,,,,,,", u514 ,m32,,
15289, u514 ," One thing at a time, Laz."",,,,,,,,,,,,,,,,,,,,,,,,,,,,,,,", u511 ,m32,,
15290, u511 ," You treat folks special when they company. It's just supper, R.L., shit."",,,,,,,,,,,,,,,,,,,,,,,,,,,,,,,", u514 ,m32,,
15291, u514 ," You mean with you and that woman chained to ya radiator?,,,,,,,,,,,,,,,,,,,,,,,,,,,,,,,", u511 ,m32,,
15292, u511 ," Good. Makin' steaks for supper. I expect you to come.,,,,,,,,,,,,,,,,,,,,,,,,,,,,,,,", u514 ,m32,,
15293, u514 ," THIS IS HOW YOU HANDLING IT? THIS IS HOW YOU HANDLING IT?,,,,,,,,,,,,,,,,,,,,,,,,,,,,,,,", u511 ,m32,,
15294, u511 ," Why don't you go'on and ask her. She need to talk wit somebody with sense. Folks been ruttin' and beatin' on this gal all her days. And this is how I'm handling it.,,,,,,,,,,,,,,,,,,,,,,,,,,,,,,,", u514 ,m32,,
15295, u514 ," What's that chain around her for?,,,,,,,,,,,,,,,,,,,,,,,,,,,,,,,", u511 ,m32,,
15296, u511 ," Put yo'self in my shoes. Say you out here, alone, with a beaten, half naked, white woman loves to fuck. I been toe to toe with the law in this town for no more than being black and nearby."",,,,,,,,,,,,,,,,,,,,,,,,,,,,,,,", u514 ,m32,,
15297, u514 ," You say she was beat on. You call the sheriff on that?,,,,,,,,,,,,,,,,,,,,,,,,,,,,,,,", u511 ,m32,,
15298, u511 ," I haven't laid a hand. On my life, R.L., my wick is dry on this."",,,,,,,,,,,,,,,,,,,,,,,,,,,,,,,", u514 ,m32,,
15299, u514 ," Laz, I know about that girl.  Good number of this town's sinners got my ear, you know.  Oh, Laz. She's had a mess of crabs and them STD's. What'chu thinking?"",,,,,,,,,,,,,,,,,,,,,,,,,,,,,,,", u511 ,m32,,
15300, u511 ," I'm tellin' you the truth, dammit. I found her beat. Left for dead. So I brung her home."",,,,,,,,,,,,,,,,,,,,,,,,,,,,,,,", u514 ,m32,,
15301, u514 ," A naked woman, chained in ya house?"",,,,,,,,,,,,,,,,,,,,,,,,,,,,,,,", u511 ,m32,,
15302, u511 ," Man like you ought not take the Lord's name like you just done.,,,,,,,,,,,,,,,,,,,,,,,,,,,,,,,", u514 ,m32,,
15303, u514 ," Are you outta ya GODDAMN MIND?,,,,,,,,,,,,,,,,,,,,,,,,,,,,,,,", u511 ,m32,,
15304, u511 ," I told you to TURN BACK!,,,,,,,,,,,,,,,,,,,,,,,,,,,,,,,", u514 ,m32,,
15305, u514 ," Or what?,,,,,,,,,,,,,,,,,,,,,,,,,,,,,,,", u511 ,m32,,
15306, u511 ," Got no place for preachin' here. Not now. So you do as I say...,,,,,,,,,,,,,,,,,,,,,,,,,,,,,,,", u514 ,m32,,
15307, u514 ," Ain't gonna be moved?,,,,,,,,,,,,,,,,,,,,,,,,,,,,,,,", u511 ,m32,,
15308, u511 ," You ain't gonna talk me outta shit no more. I got my mind made up and I ain't gonna be moved on this.,,,,,,,,,,,,,,,,,,,,,,,,,,,,,,,", u514 ,m32,,
15309, u514 ," You sayin' that gun's for me if I don't?,,,,,,,,,,,,,,,,,,,,,,,,,,,,,,,", u511 ,m32,,
15310, u511 ," You gotta go, R.L.. I ain't foolin' this time."",,,,,,,,,,,,,,,,,,,,,,,,,,,,,,,", u514 ,m32,,
15311, u514 ," Goin' dove huntin'?,,,,,,,,,,,,,,,,,,,,,,,,,,,,,,,", u514 ,m32,,
15312, u514 ," Somethin' wrong with ya phone? Been callin' the last few days.,,,,,,,,,,,,,,,,,,,,,,,,,,,,,,,", u511 ,m32,,
15313, u511 ," This ain't got nothin' to do with that woman. Just don't want nobody around me now.,,,,,,,,,,,,,,,,,,,,,,,,,,,,,,,", u514 ,m32,,
15314, u514 ," You get a call from Rose?,,,,,,,,,,,,,,,,,,,,,,,,,,,,,,,", u511 ,m32,,
15315, u511 ," R.L., you gonna have to get on. I can't have nobody round my place."",,,,,,,,,,,,,,,,,,,,,,,,,,,,,,,", u514 ,m32,,
15316, u514 ," Why's his britches round his knees?,,,,,,,,,,,,,,,,,,,,,,,,,,,,,,,", u511 ,m32,,
15317, u511 ," He's fine. Just had a bad fall.,,,,,,,,,,,,,,,,,,,,,,,,,,,,,,,", u514 ,m32,,
15318, u514 ," Was that Lincoln James I seen run off?,,,,,,,,,,,,,,,,,,,,,,,,,,,,,,,", u514 ,m32,,
15319, u514 ," He knows where ya at. Just answer the door if he come knockin'.,,,,,,,,,,,,,,,,,,,,,,,,,,,,,,,", u511 ,m32,,
15320, u511 ," Don't know if God wanna see me.,,,,,,,,,,,,,,,,,,,,,,,,,,,,,,,", u514 ,m32,,
15321, u514 ," I think you did alright by God under the circumstances.  Your people are here for you, Laz. This is your home. No shame in showing your face."",,,,,,,,,,,,,,,,,,,,,,,,,,,,,,,", u511 ,m32,,
15322, u511 ," You gonna preach 'bout turnin' the other cheek?,,,,,,,,,,,,,,,,,,,,,,,,,,,,,,,", u514 ,m32,,
15323, u514 ," Bojo called. Said you got to see your brother at the long end of a broken bottle.,,,,,,,,,,,,,,,,,,,,,,,,,,,,,,,", u511 ,m32,,
15324, u511 ," I didn't start this, R.L."",,,,,,,,,,,,,,,,,,,,,,,,,,,,,,,", u514 ,m32,,
15325, u514 ," That kind of talk is between us. Don't you go in there with that shit on your tongue.,,,,,,,,,,,,,,,,,,,,,,,,,,,,,,,", u511 ,m32,,
15326, u511 ," I never laid a hand on her in anger. Not a day. Not even when I's drinkin'. But this business got me wonderin' what a good shake and slap would do for her.,,,,,,,,,,,,,,,,,,,,,,,,,,,,,,,", u514 ,m32,,
15327, u514 ," You ain't gonna make a fuss, are you?  Nothing a man can do when a woman make up her mind."",,,,,,,,,,,,,,,,,,,,,,,,,,,,,,,", u511 ,m32,,
15328, u511 ," Well, dig in, son. Got plenty to eat."",,,,,,,,,,,,,,,,,,,,,,,,,,,,,,,", u512 ,m32,,
15329, u512 ," I skipped lunch.,,,,,,,,,,,,,,,,,,,,,,,,,,,,,,,", u511 ,m32,,
15330, u511 ," You struck some gold, didn't ya?"",,,,,,,,,,,,,,,,,,,,,,,,,,,,,,,", u512 ,m32,,
15331, u512 ," Yes'sir.,,,,,,,,,,,,,,,,,,,,,,,,,,,,,,,", u511 ,m32,,
15332, u511 ," So...  That your first time?,,,,,,,,,,,,,,,,,,,,,,,,,,,,,,,", u511 ,m32,,
15333, u511 ," My mouth is shut, boy. And that's how we gonna keep it. Don't go braggin' to ya buddies, ya heard me?"",,,,,,,,,,,,,,,,,,,,,,,,,,,,,,,", u512 ,m32,,
15334, u512 ," Please don't tell my daddy.,,,,,,,,,,,,,,,,,,,,,,,,,,,,,,,", u511 ,m32,,
15335, u511 ," That's between her and me. It's private. And I don't want you goin' off and tellin' ya daddy.,,,,,,,,,,,,,,,,,,,,,,,,,,,,,,,", u512 ,m32,,
15336, u512 ," Why she got a chain on her?,,,,,,,,,,,,,,,,,,,,,,,,,,,,,,,", u511 ,m32,,
15337, u511 ," What happened in there... that won't your fault. Ain't a young man alive could keep they britches on with that girl being in heat like she is.,,,,,,,,,,,,,,,,,,,,,,,,,,,,,,,", u512 ,m32,,
15338, u512 ," Naw... I got it, Mr. Lazarus.  You wanna tip me, best do it in butter beans. Momma say she need a bag 'a yours, none of that store-bought junk. That's what she said."",,,,,,,,,,,,,,,,,,,,,,,,,,,,,,,", u511 ,m32,,
15339, u511 ," Keep the change on that.,,,,,,,,,,,,,,,,,,,,,,,,,,,,,,,", u512 ,m32,,
15340, u512 ," Yes'sir.,,,,,,,,,,,,,,,,,,,,,,,,,,,,,,,", u511 ,m32,,
15341, u511 ," Get me ten bags of mulch.,,,,,,,,,,,,,,,,,,,,,,,,,,,,,,,", u512 ,m32,,
15342, u512 ," You won't at the square this mornin'.,,,,,,,,,,,,,,,,,,,,,,,,,,,,,,,", u514 ,m32,,
15343, u514 ," Rae, look at Ronnie. And tell him how you feel."",,,,,,,,,,,,,,,,,,,,,,,,,,,,,,,", u515 ,m32,,
15344, u515 ," It starts like this... fire... that spreads. Starts in my head. Then moves to my stomach. Then it goes lower. I can stop it sometimes but mostly I just jump on and ride it out... then everything'll go back to normal, you know. Only thing ever took that feeling away was... was... when I met Ronnie.  Cuz I love him so much. He's all I got in my life that's special. And I like taking care of him and helping him when he gets nervous. When I can do that for him... it's like I'm givin' somethin' of myself that I haven't givin' nobody else."",,,,,,,,,,,,,,,,,,,,,,,,,,,,,,,", u514 ,m32,,
15345, u514 ," I'm gonna tell you somethin', and it's just gonna be between you and me.  I think folks carry on about heaven too much. Like it's some all-you-can- eat buffet up in the clouds. And folks just gonna do as they're told so they can eat what they want behind some pearly gates. I can go to Shoney's for that."",,,,,,,,,,,,,,,,,,,,,,,,,,,,,,,", u515 ,m32,,
15346, u515 ," You can't hurt people... and then just say, I'm sorry, and then everything just gets washed away. Why would heaven want people like that. People who... do what they want and then... switch."",,,,,,,,,,,,,,,,,,,,,,,,,,,,,,,", u514 ,m32,,
15347, u514 ," What's on your mind?,,,,,,,,,,,,,,,,,,,,,,,,,,,,,,,", u515 ,m32,,
15348, u515 ," But that's so fuckin' stupid.  I'm sorry. Didn't mean to curse.,,,,,,,,,,,,,,,,,,,,,,,,,,,,,,,", u514 ,m32,,
15349, u514 ," You could put it that way.,,,,,,,,,,,,,,,,,,,,,,,,,,,,,,,", u515 ,m32,,
15350, u515 ," Can I ask you a question?  People always say, you gotta get good with Jesus, if you want not to go to hell. That you say sorry for all you done and... and Jesus would let you go on to heaven."",,,,,,,,,,,,,,,,,,,,,,,,,,,,,,,", u514 ,m32,,
15351, u514 ," That's right.,,,,,,,,,,,,,,,,,,,,,,,,,,,,,,,", u515 ,m32,,
15352, u515 ," You a preacher?,,,,,,,,,,,,,,,,,,,,,,,,,,,,,,,", u514 ,m32,,
15353, u514 ," So he got it into his head that the only thing gonna keep you from endin' up bleedin' on the side of the road again, without a stitch of clothing on is...  You think he's crazy for thinkin' that?"",,,,,,,,,,,,,,,,,,,,,,,,,,,,,,,", u515 ,m32,,
15354, u515 ," You know how, like they say, you save someone's life, you responsible for them. Guess he just don't think it's safe for me."",,,,,,,,,,,,,,,,,,,,,,,,,,,,,,,", u514 ,m32,,
15355, u514 ," I gotta ask you. Why do you think Laz is keepin' you chained like this?,,,,,,,,,,,,,,,,,,,,,,,,,,,,,,,", u515 ,m32,,
15356, u515 ," Thank you.,,,,,,,,,,,,,,,,,,,,,,,,,,,,,,,", u515 ,m32,,
15357, u515 ," Ronnie...,,,,,,,,,,,,,,,,,,,,,,,,,,,,,,,", u516 ,m32,,
15358, u516 ," Goddamn it, I ask you a question, you better answer it, or I'm gonna blast a hole in ya!"",,,,,,,,,,,,,,,,,,,,,,,,,,,,,,,", u516 ,m32,,
15359, u516 ," Did 'ya have fun with her? Sweet as a peach, I bet. Huh? Huh?"",,,,,,,,,,,,,,,,,,,,,,,,,,,,,,,", u515 ,m32,,
15360, u515 ," Ronnie. Please, baby..."",,,,,,,,,,,,,,,,,,,,,,,,,,,,,,,", u516 ,m32,,
15361, u516 ," Ain't been a week and you already some nigger's whore? Gill told me. Told me how you and he... you and everybody...,,,,,,,,,,,,,,,,,,,,,,,,,,,,,,,", u516 ,m32,,
15362, u516 ," Yeah, I do."",,,,,,,,,,,,,,,,,,,,,,,,,,,,,,,", u515 ,m32,,
15363, u515 ," I feel better. Do you?,,,,,,,,,,,,,,,,,,,,,,,,,,,,,,,", u515 ,m32,,
15364, u515 ," All them people shoutin' your name like they were doing tonight! Shit! That arm you got'll get'chu on a box of cereal...,,,,,,,,,,,,,,,,,,,,,,,,,,,,,,,", u516 ,m32,,
15365, u516 ," I'm a what?,,,,,,,,,,,,,,,,,,,,,,,,,,,,,,,", u515 ,m32,,
15366, u515 ," Holy shit, Ronnie!  You're a fuckin' rock star."",,,,,,,,,,,,,,,,,,,,,,,,,,,,,,,", u516 ,m32,,
15367, u516 ," What?,,,,,,,,,,,,,,,,,,,,,,,,,,,,,,,", u515 ,m32,,
15368, u515 ," Holy shit!,,,,,,,,,,,,,,,,,,,,,,,,,,,,,,,", u516 ,m32,,
15369, u516 ," No. I just got a messed up stomach.,,,,,,,,,,,,,,,,,,,,,,,,,,,,,,,", u515 ,m32,,
15370, u515 ," Are you wasted?,,,,,,,,,,,,,,,,,,,,,,,,,,,,,,,", u516 ,m32,,
15371, u516 ," Well. That's my vomit. I came in here to get sick. I thought I'd make the toilet but... anyway, I got sick."",,,,,,,,,,,,,,,,,,,,,,,,,,,,,,,", u515 ,m32,,
15372, u515 ," Just about anything, you know. It can be funny or... not. Just tell me somethin'."",,,,,,,,,,,,,,,,,,,,,,,,,,,,,,,", u516 ,m32,,
15373, u516 ," Yeah?,,,,,,,,,,,,,,,,,,,,,,,,,,,,,,,", u515 ,m32,,
15374, u515 ," I think it'd be better if you talk to me.,,,,,,,,,,,,,,,,,,,,,,,,,,,,,,,", u516 ,m32,,
15375, u516 ," Yeah, I know."",,,,,,,,,,,,,,,,,,,,,,,,,,,,,,,", u515 ,m32,,
15376, u515 ," I'm just in one of my moods. You know how I get.,,,,,,,,,,,,,,,,,,,,,,,,,,,,,,,", u516 ,m32,,
15377, u516 ," You feelin' sick?,,,,,,,,,,,,,,,,,,,,,,,,,,,,,,,", u515 ,m32,,
15378, u515 ," I think if I just piss... I'll be okay.,,,,,,,,,,,,,,,,,,,,,,,,,,,,,,,", u515 ,m32,,
15379, u515 ," You don't gotta get up but... I gotta go...,,,,,,,,,,,,,,,,,,,,,,,,,,,,,,,", u516 ,m32,,
15380, u516 ," Hey.,,,,,,,,,,,,,,,,,,,,,,,,,,,,,,,", u515 ,m32,,
15381, u515 ," Hey.,,,,,,,,,,,,,,,,,,,,,,,,,,,,,,,", u516 ,m32,,
15382, u516 ," Rae!,,,,,,,,,,,,,,,,,,,,,,,,,,,,,,,", u515 ,m32,,
15383, u515 ," It's stupid... It's so fucking stupid!,,,,,,,,,,,,,,,,,,,,,,,,,,,,,,,", u516 ,m32,,
15384, u516 ," Rae don't do this now...,,,,,,,,,,,,,,,,,,,,,,,,,,,,,,,", u515 ,m32,,
15385, u515 ," I don't see why we gotta lie 'bout it when you and I know this ain't gonna work.,,,,,,,,,,,,,,,,,,,,,,,,,,,,,,,", u516 ,m32,,
15386, u516 ," Rae...,,,,,,,,,,,,,,,,,,,,,,,,,,,,,,,", u515 ,m32,,
15387, u515 ," This ain't gonna work.,,,,,,,,,,,,,,,,,,,,,,,,,,,,,,,", u518 ,m32,,
15388, u518 ," Only thing I'm sorry for is listenin' to my parents and having you instead of doin' what I should'a done.,,,,,,,,,,,,,,,,,,,,,,,,,,,,,,,", u515 ,m32,,
15389, u515 ," But... Momma... just tell me... not gonna be mad... we can just talk about it... Be eye to eye on this... You don't even got to say you're sorry... Just say how you knew...,,,,,,,,,,,,,,,,,,,,,,,,,,,,,,,", u518 ,m32,,
15390, u518 ," All my life I been puttin' out your fires, with you givin' out your snatch to every waggin' dick in this town. And you gonna lay the blame at my feet? Well, I ain't gonna take that."",,,,,,,,,,,,,,,,,,,,,,,,,,,,,,,", u515 ,m32,,
15391, u515 ," I'm sorry... I didn't mean to shout...,,,,,,,,,,,,,,,,,,,,,,,,,,,,,,,", u515 ,m32,,
15392, u515 ," Now see? Don't do that. I'll go along with all you say about me. But that... you can't pretend no more on that. Cuz I was just a kid, Momma.  I didn't know about any of that stuff he was doin' to me.  And you let him do it. Some big nobody in your life... and you let him do as he wanted... with the only SOMEBODY you had."",,,,,,,,,,,,,,,,,,,,,,,,,,,,,,,", u518 ,m32,,
15393, u518 ," The hell are you talkin' about?,,,,,,,,,,,,,,,,,,,,,,,,,,,,,,,", u515 ,m32,,
15394, u515 ," I just think you should'a kept him off me, that's all."",,,,,,,,,,,,,,,,,,,,,,,,,,,,,,,", u518 ,m32,,
15395, u518 ," All that shit's on aisle 5.,,,,,,,,,,,,,,,,,,,,,,,,,,,,,,,", u515 ,m32,,
15396, u515 ," I just wanted some make-up.,,,,,,,,,,,,,,,,,,,,,,,,,,,,,,,", u518 ,m32,,
15397, u518 ," I'm workin' here, Rae. Can you see that?"",,,,,,,,,,,,,,,,,,,,,,,,,,,,,,,", u515 ,m32,,
15398, u515 ," Yeah. I know I did. But...  I'm tryin' to be dif'rent. I'm tryin' to... get some peace, you know?"",,,,,,,,,,,,,,,,,,,,,,,,,,,,,,,", u518 ,m32,,
15399, u518 ," You never needed nobody. Always made that clear to me.,,,,,,,,,,,,,,,,,,,,,,,,,,,,,,,", u515 ,m32,,
15400, u515 ," No. That's not why...  Why we always gotta do this? I mean, you and me been at each other as far back as I can remember. Wasn't no love between us. And I'm your daughter. I'm the only family you got."",,,,,,,,,,,,,,,,,,,,,,,,,,,,,,,", u518 ,m32,,
15401, u518 ," You need money again?,,,,,,,,,,,,,,,,,,,,,,,,,,,,,,,", u515 ,m32,,
15402, u515 ," Since you workin' on the square now, maybe we could get some coffee in the morning, if you want."",,,,,,,,,,,,,,,,,,,,,,,,,,,,,,,", u518 ,m32,,
15403, u518 ," Yeah.,,,,,,,,,,,,,,,,,,,,,,,,,,,,,,,", u515 ,m32,,
15404, u515 ," Got in a little accident.,,,,,,,,,,,,,,,,,,,,,,,,,,,,,,,", u518 ,m32,,
15405, u518 ," What happened to your face?,,,,,,,,,,,,,,,,,,,,,,,,,,,,,,,", u518 ,m32,,
15406, u518 ," I just like dressin' up in these goddamn blue vests.  Your money ticket get shipped today?,,,,,,,,,,,,,,,,,,,,,,,,,,,,,,,", u515 ,m32,,
15407, u515 ," Didn't know you was workin' here now?,,,,,,,,,,,,,,,,,,,,,,,,,,,,,,,", u519 ,m32,,
15408, u519 ," Eh, if the bootie fits..."",,,,,,,,,,,,,,,,,,,,,,,,,,,,,,,", u515 ,m32,,
15409, u515 ," The hell you call me?,,,,,,,,,,,,,,,,,,,,,,,,,,,,,,,", u519 ,m32,,
15410, u519 ," Alright. How much you need, ho?"",,,,,,,,,,,,,,,,,,,,,,,,,,,,,,,", u515 ,m32,,
15411, u515 ," Just a cough. Sugar and a spoonful of Jack'll do it.,,,,,,,,,,,,,,,,,,,,,,,,,,,,,,,", u519 ,m32,,
15412, u519 ," Mobile technology is the new fix for these niggaz, I'm tellin' you. I'm just lookin' ahead.  Anyways, ain't no money in drugs no more with these rednecks popping cough pills like they's Skittles. Hey, that's what you need, girl. Get you some cough medicine. What, you sick?"",,,,,,,,,,,,,,,,,,,,,,,,,,,,,,,", u515 ,m32,,
15413, u515 ," Stolen phone cards and two-ways is what you sayin'.,,,,,,,,,,,,,,,,,,,,,,,,,,,,,,,", u519 ,m32,,
15414, u519 ," What'd I tell you?  I don't do none of that shit no more. I'm in communications now.,,,,,,,,,,,,,,,,,,,,,,,,,,,,,,,", u515 ,m32,,
15415, u515 ," Save that hustle talk to them field ballers you sell crack to.,,,,,,,,,,,,,,,,,,,,,,,,,,,,,,,", u519 ,m32,,
15416, u519 ," What we just did, you askin' for money, make a man stop. I ain't callin' you no ho. But I ain't gonna be played like no trick, neither. Remember... you called me."",,,,,,,,,,,,,,,,,,,,,,,,,,,,,,,", u515 ,m32,,
15417, u515 ," I said we wasn't gonna talk about him.,,,,,,,,,,,,,,,,,,,,,,,,,,,,,,,", u519 ,m32,,
15418, u519 ," Thought you had a man for that.,,,,,,,,,,,,,,,,,,,,,,,,,,,,,,,", u515 ,m32,,
15419, u515 ," You got any money?,,,,,,,,,,,,,,,,,,,,,,,,,,,,,,,", u519 ,m32,,
