,User_id,text,sec_user,movies_name,relationship,attachment
15420, u520 ," Nick, how we gonna bag this guy without any help?  Maybe I should work on that girl Joyce, she speaks the language."",,,,,,,,,,,,,,,,,,,,,,,,,,,,,,,", u525 ,m33,,
15421, u525 ," Sure, a rice burning crotch rocket..."",,,,,,,,,,,,,,,,,,,,,,,,,,,,,,,", u520 ,m33,,
15422, u520 ," Now that's the kind of motorcycle I want to see you on.,,,,,,,,,,,,,,,,,,,,,,,,,,,,,,,", u525 ,m33,,
15423, u525 ," He couldn't find his ass with both hands.,,,,,,,,,,,,,,,,,,,,,,,,,,,,,,,", u520 ,m33,,
15424, u520 ," ... He's a sorry old guy, but I like him."",,,,,,,,,,,,,,,,,,,,,,,,,,,,,,,", u520 ,m33,,
15425, u520 ," I don't think he'd feel it.,,,,,,,,,,,,,,,,,,,,,,,,,,,,,,,", u525 ,m33,,
15426, u525 ," It's incredible.  Hit him or something.,,,,,,,,,,,,,,,,,,,,,,,,,,,,,,,", u520 ,m33,,
15427, u520 ," Maybe we should bail?,,,,,,,,,,,,,,,,,,,,,,,,,,,,,,,", u525 ,m33,,
15428, u525 ," I'd feel better if we had some heat.,,,,,,,,,,,,,,,,,,,,,,,,,,,,,,,", u520 ,m33,,
15429, u520 ," Getting very weird.,,,,,,,,,,,,,,,,,,,,,,,,,,,,,,,", u525 ,m33,,
15430, u525 ," I hope not.,,,,,,,,,,,,,,,,,,,,,,,,,,,,,,,", u520 ,m33,,
15431, u520 ," This the right place?,,,,,,,,,,,,,,,,,,,,,,,,,,,,,,,", u525 ,m33,,
15432, u525 ," You said that in the last two places.,,,,,,,,,,,,,,,,,,,,,,,,,,,,,,,", u520 ,m33,,
15433, u520 ," This should be it...,,,,,,,,,,,,,,,,,,,,,,,,,,,,,,,", u520 ,m33,,
15434, u520 ," First decent idea you've had.,,,,,,,,,,,,,,,,,,,,,,,,,,,,,,,", u525 ,m33,,
15435, u525 ," Let's grab some food.,,,,,,,,,,,,,,,,,,,,,,,,,,,,,,,", u520 ,m33,,
15436, u520 ," ... Detective Ich-iro Matsu-moto. Hey, we're getting Mr. Moto on our side."",,,,,,,,,,,,,,,,,,,,,,,,,,,,,,,", u525 ,m33,,
15437, u525 ," I said let's go, Charlie."",,,,,,,,,,,,,,,,,,,,,,,,,,,,,,,", u520 ,m33,,
15438, u520 ," Nick, we can't just --"",,,,,,,,,,,,,,,,,,,,,,,,,,,,,,,", u525 ,m33,,
15439, u525 ," Let's go.,,,,,,,,,,,,,,,,,,,,,,,,,,,,,,,", u525 ,m33,,
15440, u525 ," In Rome, I'll bow."",,,,,,,,,,,,,,,,,,,,,,,,,,,,,,,", u520 ,m33,,
15441, u520 ," Hey, when in Rome --"",,,,,,,,,,,,,,,,,,,,,,,,,,,,,,,", u525 ,m33,,
15442, u525 ," Givin' you a book is like givin' a baby a gun.,,,,,,,,,,,,,,,,,,,,,,,,,,,,,,,", u525 ,m33,,
15443, u525 ," The lieutenant was on the pad along with the rest of the squad.  I was new, didn't know shit.  When the feathers flew, I got called in front of the special prosecutor.  It's on the top of my personnel file.  They think I'm dirty or I cut a deal. Doesn't leave you with a lot of friends either way."",,,,,,,,,,,,,,,,,,,,,,,,,,,,,,,", u520 ,m33,,
15444, u520 ," I didn't know.,,,,,,,,,,,,,,,,,,,,,,,,,,,,,,,", u525 ,m33,,
15445, u525 ," I worked the three nine in Queens, Charlie."",,,,,,,,,,,,,,,,,,,,,,,,,,,,,,,", u520 ,m33,,
15446, u520 ," You didn't take, did you...?  You hear things."",,,,,,,,,,,,,,,,,,,,,,,,,,,,,,,", u525 ,m33,,
15447, u525 ," Go to sleep, Charlie."",,,,,,,,,,,,,,,,,,,,,,,,,,,,,,,", u520 ,m33,,
15448, u520 ," I just want you to know... I mean anybody who says you ever took has got to deal with me.,,,,,,,,,,,,,,,,,,,,,,,,,,,,,,,", u525 ,m33,,
15449, u525 ," Number five with a bullet.,,,,,,,,,,,,,,,,,,,,,,,,,,,,,,,", u520 ,m33,,
15450, u520 ," Nick, have I been a good partner?"",,,,,,,,,,,,,,,,,,,,,,,,,,,,,,,", u525 ,m33,,
15451, u525 ," No.,,,,,,,,,,,,,,,,,,,,,,,,,,,,,,,", u520 ,m33,,
15452, u520 ," Nick... You up?,,,,,,,,,,,,,,,,,,,,,,,,,,,,,,,", u520 ,m33,,
15453, u520 ," Where is the subway station, please."",,,,,,,,,,,,,,,,,,,,,,,,,,,,,,,", u525 ,m33,,
15454, u525 ," What'd you say?,,,,,,,,,,,,,,,,,,,,,,,,,,,,,,,", u520 ,m33,,
15455, u520 ," Hey, come on, big guy like you, cop from New York.  You're gonna be the biggest thing to hit town since Godzilla."",,,,,,,,,,,,,,,,,,,,,,,,,,,,,,,", u525 ,m33,,
15456, u525 ," Not a prayer.,,,,,,,,,,,,,,,,,,,,,,,,,,,,,,,", u520 ,m33,,
15457, u520 ," I call, right?  I say I got the dreaded thirty six-hour Asian shits from some raw clam and we stretch it into three days.  You and I become a driving force on the local Geisha scene."",,,,,,,,,,,,,,,,,,,,,,,,,,,,,,,", u520 ,m33,,
15458, u520 ," They say we got to turn around and come right back.  That's what they say.  I got a plan.,,,,,,,,,,,,,,,,,,,,,,,,,,,,,,,", u525 ,m33,,
15459, u525 ," Beats forty hours on a plane.,,,,,,,,,,,,,,,,,,,,,,,,,,,,,,,", u520 ,m33,,
15460, u520 ," What are you missing?  Riding your motorcycle to the nurse's house. That shit is sadder than Ethiopia.,,,,,,,,,,,,,,,,,,,,,,,,,,,,,,,", u525 ,m33,,
15461, u525 ," I was thinking the Poconos, Charlie. Maybe Vegas."",,,,,,,,,,,,,,,,,,,,,,,,,,,,,,,", u520 ,m33,,
15462, u520 ," ... Nick, you're the one that's always saying you never go anywhere."",,,,,,,,,,,,,,,,,,,,,,,,,,,,,,,", u525 ,m33,,
15463, u525 ," Saving your life.,,,,,,,,,,,,,,,,,,,,,,,,,,,,,,,", u520 ,m33,,
15464, u520 ," What are you doing?,,,,,,,,,,,,,,,,,,,,,,,,,,,,,,,", u525 ,m33,,
15465, u525 ," Charlie, take your gum, stick it under your ass and keep it warm."",,,,,,,,,,,,,,,,,,,,,,,,,,,,,,,", u520 ,m33,,
15466, u520 ," Maybe we should do something?,,,,,,,,,,,,,,,,,,,,,,,,,,,,,,,", u525 ,m33,,
15467, u525 ," Some party.,,,,,,,,,,,,,,,,,,,,,,,,,,,,,,,", u520 ,m33,,
15468, u520 ," The Wolf?,,,,,,,,,,,,,,,,,,,,,,,,,,,,,,,", u525 ,m33,,
15469, u525 ," Frank Abolofia.,,,,,,,,,,,,,,,,,,,,,,,,,,,,,,,", u520 ,m33,,
15470, u520 ," What?,,,,,,,,,,,,,,,,,,,,,,,,,,,,,,,", u525 ,m33,,
15471, u525 ," Charlie, don't do anything.  Promise me?"",,,,,,,,,,,,,,,,,,,,,,,,,,,,,,,", u520 ,m33,,
15472, u520 ," I don't blame you for being sore. It'll pass when we bag him.,,,,,,,,,,,,,,,,,,,,,,,,,,,,,,,", u525 ,m33,,
15473, u525 ," Maybe Cavello's buying a Subaru. How would I know?,,,,,,,,,,,,,,,,,,,,,,,,,,,,,,,", u520 ,m33,,
15474, u520 ," Who do you think the Jap is?,,,,,,,,,,,,,,,,,,,,,,,,,,,,,,,", u525 ,m33,,
15475, u525 ," Eating Scungilli, just like the last time you asked."",,,,,,,,,,,,,,,,,,,,,,,,,,,,,,,", u520 ,m33,,
15476, u520 ," What are they doing now?,,,,,,,,,,,,,,,,,,,,,,,,,,,,,,,", u525 ,m33,,
15477, u525 ," -- Hey, I got a better chance of being hit by a bus then moving up."",,,,,,,,,,,,,,,,,,,,,,,,,,,,,,,", u520 ,m33,,
15478, u520 ," Whoa, I knew you were going to say that.  I absolutely anticipated that, Nick.  But I said to myself, Charlie, Charlie, we can move up on this, so go find Nicklaus... He'll be pissed for a moment, but then it'll dawn on him --"",,,,,,,,,,,,,,,,,,,,,,,,,,,,,,,", u525 ,m33,,
15479, u525 ," -- I should tear your head off.,,,,,,,,,,,,,,,,,,,,,,,,,,,,,,,", u520 ,m33,,
15480, u520 ," ... I found the goombah... Cavello. He's --,,,,,,,,,,,,,,,,,,,,,,,,,,,,,,,", u525 ,m33,,
15481, u525 ," Charlie...,,,,,,,,,,,,,,,,,,,,,,,,,,,,,,,", u520 ,m33,,
15482, u520 ," Nick, let's go hunting.  Bag Cavello."",,,,,,,,,,,,,,,,,,,,,,,,,,,,,,,", u520 ,m33,,
15483, u520 ," I'll get rid of it when you get rid of the egg-beater.,,,,,,,,,,,,,,,,,,,,,,,,,,,,,,,", u525 ,m33,,
15484, u525 ," It's not regulation.  And the only way you're gonna stop anybody with it is to show it to him, and while he's laughing, you can shove it down his throat."",,,,,,,,,,,,,,,,,,,,,,,,,,,,,,,", u520 ,m33,,
15485, u520 ," Why?,,,,,,,,,,,,,,,,,,,,,,,,,,,,,,,", u525 ,m33,,
15486, u525 ," Get rid of it.,,,,,,,,,,,,,,,,,,,,,,,,,,,,,,,", u520 ,m33,,
15487, u520 ," Back-up.,,,,,,,,,,,,,,,,,,,,,,,,,,,,,,,", u520 ,m33,,
15488, u520 ," Let go...,,,,,,,,,,,,,,,,,,,,,,,,,,,,,,,", u525 ,m33,,
15489, u525 ," What's this?,,,,,,,,,,,,,,,,,,,,,,,,,,,,,,,", u520 ,m33,,
15490, u520 ," So why dive through the glass for a nickel and dime bust?,,,,,,,,,,,,,,,,,,,,,,,,,,,,,,,", u525 ,m33,,
15491, u525 ," He works for Frank Abolofia. Atlantic City.  Casinos.,,,,,,,,,,,,,,,,,,,,,,,,,,,,,,,", u525 ,m33,,
15492, u525 ," -- Cavello.  Ronnie Cavello.,,,,,,,,,,,,,,,,,,,,,,,,,,,,,,,", u520 ,m33,,
15493, u520 ," Wait up.  You know the guy who did the Weismuller through the window --,,,,,,,,,,,,,,,,,,,,,,,,,,,,,,,", u525 ,m33,,
15494, u525 ," Home.,,,,,,,,,,,,,,,,,,,,,,,,,,,,,,,", u520 ,m33,,
15495, u520 ," Hey, hey, where you goin'?"",,,,,,,,,,,,,,,,,,,,,,,,,,,,,,,", u525 ,m33,,
15496, u525 ," Thanks.,,,,,,,,,,,,,,,,,,,,,,,,,,,,,,,", u520 ,m33,,
15497, u520 ," ... It's not like you were slow or anything... I think you did just fine.  I think you did great.,,,,,,,,,,,,,,,,,,,,,,,,,,,,,,,", u520 ,m33,,
15498, u520 ," Still, you gotta wonder how she'd look in handcuffs."",,,,,,,,,,,,,,,,,,,,,,,,,,,,,,,", u525 ,m33,,
15499, u525 ," You want a popsicle, go to Good Humor.  And don't call me 'pappy.'"",,,,,,,,,,,,,,,,,,,,,,,,,,,,,,,", u520 ,m33,,
15500, u520 ," I think she got to you, pappy."",,,,,,,,,,,,,,,,,,,,,,,,,,,,,,,", u520 ,m33,,
15501, u520 ," Hey, all right."",,,,,,,,,,,,,,,,,,,,,,,,,,,,,,,", u522 ,m33,,
15502, u522 ," What does Charlie mean?,,,,,,,,,,,,,,,,,,,,,,,,,,,,,,,", u520 ,m33,,
15503, u520 ," What does Ichiro mean, anyway?"",,,,,,,,,,,,,,,,,,,,,,,,,,,,,,,", u520 ,m33,,
15504, u520 ," You all right?  You okay?,,,,,,,,,,,,,,,,,,,,,,,,,,,,,,,", u522 ,m33,,
15505, u522 ," Cool?,,,,,,,,,,,,,,,,,,,,,,,,,,,,,,,", u520 ,m33,,
15506, u520 ," You cool, Ich?"",,,,,,,,,,,,,,,,,,,,,,,,,,,,,,,", u522 ,m33,,
15507, u522 ," That I should let you pay for the drinks.  Kampai.,,,,,,,,,,,,,,,,,,,,,,,,,,,,,,,", u520 ,m33,,
15508, u520 ," What'd she say?,,,,,,,,,,,,,,,,,,,,,,,,,,,,,,,", u522 ,m33,,
15509, u522 ," Joyce can be nice.,,,,,,,,,,,,,,,,,,,,,,,,,,,,,,,", u520 ,m33,,
15510, u520 ," Pussy, ass, soft personnel."",,,,,,,,,,,,,,,,,,,,,,,,,,,,,,,", u522 ,m33,,
15511, u522 ," Squid?,,,,,,,,,,,,,,,,,,,,,,,,,,,,,,,", u521 ,m33,,
15512, u521 ," I wasn't expecting you.,,,,,,,,,,,,,,,,,,,,,,,,,,,,,,,", u525 ,m33,,
15513, u525 ," Are you expecting anyone?,,,,,,,,,,,,,,,,,,,,,,,,,,,,,,,", u521 ,m33,,
15514, u521 ," If you give me one.,,,,,,,,,,,,,,,,,,,,,,,,,,,,,,,", u525 ,m33,,
15515, u525 ," Give me a break, would you?"",,,,,,,,,,,,,,,,,,,,,,,,,,,,,,,", u521 ,m33,,
15516, u521 ," You'll take care of that.,,,,,,,,,,,,,,,,,,,,,,,,,,,,,,,", u525 ,m33,,
15517, u525 ," High spirits, desire, commitment."",,,,,,,,,,,,,,,,,,,,,,,,,,,,,,,", u521 ,m33,,
15518, u521 ," All right, how's the new partner?"",,,,,,,,,,,,,,,,,,,,,,,,,,,,,,,", u525 ,m33,,
15519, u525 ," Connie...,,,,,,,,,,,,,,,,,,,,,,,,,,,,,,,", u521 ,m33,,
15520, u521 ," It's getting too cold even for me, Nick."",,,,,,,,,,,,,,,,,,,,,,,,,,,,,,,", u521 ,m33,,
15521, u521 ," Yeah... I came to save you.  If you're hopeless, I'll pull the plug."",,,,,,,,,,,,,,,,,,,,,,,,,,,,,,,", u525 ,m33,,
15522, u525 ," Short shift?,,,,,,,,,,,,,,,,,,,,,,,,,,,,,,,", u522 ,m33,,
15523, u522 ," How can you be so sure?,,,,,,,,,,,,,,,,,,,,,,,,,,,,,,,", u525 ,m33,,
15524, u525 ," We can't lose.,,,,,,,,,,,,,,,,,,,,,,,,,,,,,,,", u522 ,m33,,
15525, u522 ," Think we'll get him, Nick?"",,,,,,,,,,,,,,,,,,,,,,,,,,,,,,,", u525 ,m33,,
15526, u525 ," Joyce, give the assistant Chief Inspector a drink, would you?"",,,,,,,,,,,,,,,,,,,,,,,,,,,,,,,", u522 ,m33,,
15527, u522 ," Louder, pal, louder."",,,,,,,,,,,,,,,,,,,,,,,,,,,,,,,", u525 ,m33,,
15528, u525 ," Call for help.,,,,,,,,,,,,,,,,,,,,,,,,,,,,,,,", u522 ,m33,,
15529, u522 ," Yes...,,,,,,,,,,,,,,,,,,,,,,,,,,,,,,,", u525 ,m33,,
15530, u525 ," You all right?,,,,,,,,,,,,,,,,,,,,,,,,,,,,,,,", u522 ,m33,,
15531, u522 ," Because we're the biggest things to hit this town since Godzilla.,,,,,,,,,,,,,,,,,,,,,,,,,,,,,,,", u525 ,m33,,
15532, u525 ," Why's that?,,,,,,,,,,,,,,,,,,,,,,,,,,,,,,,", u522 ,m33,,
15533, u522 ," You know, Nick, we can't lose."",,,,,,,,,,,,,,,,,,,,,,,,,,,,,,,", u522 ,m33,,
15534, u522 ," Luck.,,,,,,,,,,,,,,,,,,,,,,,,,,,,,,,", u525 ,m33,,
15535, u525 ," What's that for?,,,,,,,,,,,,,,,,,,,,,,,,,,,,,,,", u525 ,m33,,
15536, u525 ," Me too.,,,,,,,,,,,,,,,,,,,,,,,,,,,,,,,", u522 ,m33,,
15537, u522 ," I'm sorry.,,,,,,,,,,,,,,,,,,,,,,,,,,,,,,,", u525 ,m33,,
15538, u525 ," A wife.  She left.,,,,,,,,,,,,,,,,,,,,,,,,,,,,,,,", u522 ,m33,,
15539, u522 ," Thank you.  You have one?,,,,,,,,,,,,,,,,,,,,,,,,,,,,,,,", u525 ,m33,,
15540, u525 ," Now we've got nothing to negotiate with.,,,,,,,,,,,,,,,,,,,,,,,,,,,,,,,", u522 ,m33,,
15541, u522 ," Someone attacked him.,,,,,,,,,,,,,,,,,,,,,,,,,,,,,,,", u525 ,m33,,
15542, u525 ," We need the plate to negotiate with.,,,,,,,,,,,,,,,,,,,,,,,,,,,,,,,", u522 ,m33,,
15543, u522 ," I don't know.,,,,,,,,,,,,,,,,,,,,,,,,,,,,,,,", u525 ,m33,,
15544, u525 ," Joyce?,,,,,,,,,,,,,,,,,,,,,,,,,,,,,,,", u522 ,m33,,
15545, u522 ," I couldn't tell.,,,,,,,,,,,,,,,,,,,,,,,,,,,,,,,", u525 ,m33,,
15546, u525 ," How many men?,,,,,,,,,,,,,,,,,,,,,,,,,,,,,,,", u522 ,m33,,
15547, u522 ," I followed them.  An hour from the train station.,,,,,,,,,,,,,,,,,,,,,,,,,,,,,,,", u525 ,m33,,
15548, u525 ," I was ready to have your ass for taking off on me.,,,,,,,,,,,,,,,,,,,,,,,,,,,,,,,", u522 ,m33,,
15549, u522 ," I called Ohashi, he'll be waiting.  I like him waiting."",,,,,,,,,,,,,,,,,,,,,,,,,,,,,,,", u525 ,m33,,
15550, u525 ," You did great, Ichiro."",,,,,,,,,,,,,,,,,,,,,,,,,,,,,,,", u522 ,m33,,
15551, u522 ," Kampai.,,,,,,,,,,,,,,,,,,,,,,,,,,,,,,,", u525 ,m33,,
15552, u525 ," Just one, compadre... Kampai."",,,,,,,,,,,,,,,,,,,,,,,,,,,,,,,", u522 ,m33,,
15553, u522 ," I can't...,,,,,,,,,,,,,,,,,,,,,,,,,,,,,,,", u525 ,m33,,
15554, u525 ," Start it.,,,,,,,,,,,,,,,,,,,,,,,,,,,,,,,", u525 ,m33,,
15555, u525 ," Not now, man, okay, not now.  Work with me."",,,,,,,,,,,,,,,,,,,,,,,,,,,,,,,", u522 ,m33,,
15556, u522 ," No.,,,,,,,,,,,,,,,,,,,,,,,,,,,,,,,", u525 ,m33,,
15557, u525 ," Grab the keys, Ich, and get inside."",,,,,,,,,,,,,,,,,,,,,,,,,,,,,,,", u525 ,m33,,
15558, u525 ," It's done.  You don't have to come.,,,,,,,,,,,,,,,,,,,,,,,,,,,,,,,", u522 ,m33,,
15559, u522 ," Nick, you can't do this."",,,,,,,,,,,,,,,,,,,,,,,,,,,,,,,", u525 ,m33,,
15560, u525 ," Let's go.  Him first.,,,,,,,,,,,,,,,,,,,,,,,,,,,,,,,", u522 ,m33,,
15561, u522 ," No...,,,,,,,,,,,,,,,,,,,,,,,,,,,,,,,", u525 ,m33,,
15562, u525 ," So I bring some cheese?,,,,,,,,,,,,,,,,,,,,,,,,,,,,,,,", u522 ,m33,,
15563, u522 ," For Sugai.  Caviar, French cheese, ham... If you come to apologize for interrupting his meeting, Sugai may feel obligated to see you."",,,,,,,,,,,,,,,,,,,,,,,,,,,,,,,", u525 ,m33,,
15564, u525 ," What's in the box?,,,,,,,,,,,,,,,,,,,,,,,,,,,,,,,", u522 ,m33,,
15565, u522 ," Sugai's not going to be impressed with your gun, Nick.  No.  I won't put myself in danger for you anymore."",,,,,,,,,,,,,,,,,,,,,,,,,,,,,,,", u525 ,m33,,
15566, u525 ," It's a new deal.  ... coming with me tomorrow?,,,,,,,,,,,,,,,,,,,,,,,,,,,,,,,", u522 ,m33,,
15567, u522 ," It's illegal, Nick."",,,,,,,,,,,,,,,,,,,,,,,,,,,,,,,", u525 ,m33,,
15568, u525 ," Big enough.,,,,,,,,,,,,,,,,,,,,,,,,,,,,,,,", u522 ,m33,,
15569, u522 ," It's very small.,,,,,,,,,,,,,,,,,,,,,,,,,,,,,,,", u525 ,m33,,
15570, u525 ," I'll be a nice Gaiijin.,,,,,,,,,,,,,,,,,,,,,,,,,,,,,,,", u522 ,m33,,
15571, u522 ," He'll never speak to a Gaiijin.,,,,,,,,,,,,,,,,,,,,,,,,,,,,,,,", u525 ,m33,,
15572, u525 ," Because he knows how to get to our man.,,,,,,,,,,,,,,,,,,,,,,,,,,,,,,,", u522 ,m33,,
15573, u522 ," What...?  Why?,,,,,,,,,,,,,,,,,,,,,,,,,,,,,,,", u525 ,m33,,
15574, u525 ," I want to go talk to him.,,,,,,,,,,,,,,,,,,,,,,,,,,,,,,,", u522 ,m33,,
15575, u522 ," A resort city, Beppu."",,,,,,,,,,,,,,,,,,,,,,,,,,,,,,,", u525 ,m33,,
15576, u525 ," Where does this Sugai live?,,,,,,,,,,,,,,,,,,,,,,,,,,,,,,,", u525 ,m33,,
15577, u525 ," A few minutes faster, we might've nailed him."",,,,,,,,,,,,,,,,,,,,,,,,,,,,,,,", u522 ,m33,,
15578, u522 ," Nick!,,,,,,,,,,,,,,,,,,,,,,,,,,,,,,,", u522 ,m33,,
15579, u522 ," San is an honorable title.,,,,,,,,,,,,,,,,,,,,,,,,,,,,,,,", u525 ,m33,,
15580, u525 ," Ich, my name is Nick.  Not Nicklaus, not Nicklaus-san, not Nick-san. Nick."",,,,,,,,,,,,,,,,,,,,,,,,,,,,,,,", u522 ,m33,,
15581, u522 ," Not without a small army, Nicklaus- san."",,,,,,,,,,,,,,,,,,,,,,,,,,,,,,,", u525 ,m33,,
15582, u525 ," I want to yank Kobo.,,,,,,,,,,,,,,,,,,,,,,,,,,,,,,,", u522 ,m33,,
15583, u522 ," ... A Godfather.  His man was killed at the printing plant.,,,,,,,,,,,,,,,,,,,,,,,,,,,,,,,", u525 ,m33,,
15584, u525 ," Shut-up.,,,,,,,,,,,,,,,,,,,,,,,,,,,,,,,", u522 ,m33,,
15585, u522 ," Nick --,,,,,,,,,,,,,,,,,,,,,,,,,,,,,,,", u525 ,m33,,
15586, u525 ," We're through.  I mean it.  This is the end of the line, Matsumoto."",,,,,,,,,,,,,,,,,,,,,,,,,,,,,,,", u522 ,m33,,
15587, u522 ," I'm not drunk...,,,,,,,,,,,,,,,,,,,,,,,,,,,,,,,", u522 ,m33,,
15588, u522 ," You can trust me.,,,,,,,,,,,,,,,,,,,,,,,,,,,,,,,", u525 ,m33,,
15589, u525 ," If I smell one drop of Scotch on your breath, my friend --"",,,,,,,,,,,,,,,,,,,,,,,,,,,,,,,", u522 ,m33,,
15590, u522 ," I'll check it out.,,,,,,,,,,,,,,,,,,,,,,,,,,,,,,,", u525 ,m33,,
15591, u525 ," Gaiijin.,,,,,,,,,,,,,,,,,,,,,,,,,,,,,,,", u522 ,m33,,
15592, u522 ," You can't come in.  They don't want --,,,,,,,,,,,,,,,,,,,,,,,,,,,,,,,", u522 ,m33,,
15593, u522 ," You were too far behind.,,,,,,,,,,,,,,,,,,,,,,,,,,,,,,,", u525 ,m33,,
15594, u525 ," She disappeared... shit!,,,,,,,,,,,,,,,,,,,,,,,,,,,,,,,", u525 ,m33,,
15595, u525 ," Good.  Very good...,,,,,,,,,,,,,,,,,,,,,,,,,,,,,,,", u522 ,m33,,
15596, u522 ," Yakuza.,,,,,,,,,,,,,,,,,,,,,,,,,,,,,,,", u525 ,m33,,
15597, u525 ," Smells like Bayonne at low tide.,,,,,,,,,,,,,,,,,,,,,,,,,,,,,,,", u522 ,m33,,
15598, u522 ," Broiled fish paste cake, Kelp roll, soybean curd, devils tongue --"",,,,,,,,,,,,,,,,,,,,,,,,,,,,,,,", u525 ,m33,,
15599, u525 ," Ichiro --,,,,,,,,,,,,,,,,,,,,,,,,,,,,,,,", u522 ,m33,,
15600, u522 ," Chikuwa, Hampen, Kobu, Konnayaku, Ganmodoki --"",,,,,,,,,,,,,,,,,,,,,,,,,,,,,,,", u525 ,m33,,
15601, u525 ," Four goddamn days.  This is going nowhere...,,,,,,,,,,,,,,,,,,,,,,,,,,,,,,,", u522 ,m33,,
15602, u522 ," Work, lunch, groceries, laundry... Fabulous..."",,,,,,,,,,,,,,,,,,,,,,,,,,,,,,,", u525 ,m33,,
15603, u525 ," If you're gonna give me a hard time, wait outside."",,,,,,,,,,,,,,,,,,,,,,,,,,,,,,,", u522 ,m33,,
15604, u522 ," Nick...,,,,,,,,,,,,,,,,,,,,,,,,,,,,,,,", u522 ,m33,,
15605, u522 ," Sure.,,,,,,,,,,,,,,,,,,,,,,,,,,,,,,,", u525 ,m33,,
15606, u525 ," You're doing fine, Ich.  Now drop it, okay?"",,,,,,,,,,,,,,,,,,,,,,,,,,,,,,,", u525 ,m33,,
15607, u525 ," Are we getting married?,,,,,,,,,,,,,,,,,,,,,,,,,,,,,,,", u522 ,m33,,
15608, u522 ," You toler -- yes, tolerate me."",,,,,,,,,,,,,,,,,,,,,,,,,,,,,,,", u525 ,m33,,
15609, u525 ," Did I say that?,,,,,,,,,,,,,,,,,,,,,,,,,,,,,,,", u522 ,m33,,
15610, u522 ," There she is!,,,,,,,,,,,,,,,,,,,,,,,,,,,,,,,", u525 ,m33,,
15611, u525 ," What'd I tell you?,,,,,,,,,,,,,,,,,,,,,,,,,,,,,,,", u522 ,m33,,
15612, u522 ," Nick...,,,,,,,,,,,,,,,,,,,,,,,,,,,,,,,", u525 ,m33,,
15613, u525 ," No.  Don't say anything.  Don't do anything, and for Christ's sake, don't apologize!"",,,,,,,,,,,,,,,,,,,,,,,,,,,,,,,", u522 ,m33,,
15614, u522 ," You said you could keep up with her! 'No problem, Nick-san.'"",,,,,,,,,,,,,,,,,,,,,,,,,,,,,,,", u525 ,m33,,
15615, u525 ," Only one way to find out... Get her up in the morning and put her to bed at night.,,,,,,,,,,,,,,,,,,,,,,,,,,,,,,,", u522 ,m33,,
15616, u522 ," Nick, no one's seen Kobo in three days.  He might not even be in Tokyo."",,,,,,,,,,,,,,,,,,,,,,,,,,,,,,,", u522 ,m33,,
15617, u522 ," He says they're very nice.  He wants to know if you have anymore.,,,,,,,,,,,,,,,,,,,,,,,,,,,,,,,", u525 ,m33,,
15618, u525 ," What's he saying?,,,,,,,,,,,,,,,,,,,,,,,,,,,,,,,", u525 ,m33,,
15619, u525 ," A snitch?,,,,,,,,,,,,,,,,,,,,,,,,,,,,,,,", u522 ,m33,,
15620, u522 ," We can ask someone I used to work with.  A criminal.  Someone I pay money to...,,,,,,,,,,,,,,,,,,,,,,,,,,,,,,,", u525 ,m33,,
15621, u525 ," Know her?,,,,,,,,,,,,,,,,,,,,,,,,,,,,,,,", u522 ,m33,,
15622, u522 ," I stole them.,,,,,,,,,,,,,,,,,,,,,,,,,,,,,,,", u525 ,m33,,
15623, u525 ," How'd you get this?,,,,,,,,,,,,,,,,,,,,,,,,,,,,,,,", u525 ,m33,,
15624, u525 ," I can see that.,,,,,,,,,,,,,,,,,,,,,,,,,,,,,,,", u522 ,m33,,
15625, u522 ," I've continued working on the case!,,,,,,,,,,,,,,,,,,,,,,,,,,,,,,,", u522 ,m33,,
15626, u522 ," I'll get him for you, Nick."",,,,,,,,,,,,,,,,,,,,,,,,,,,,,,,", u525 ,m33,,
15627, u525 ," Yeah...,,,,,,,,,,,,,,,,,,,,,,,,,,,,,,,", u522 ,m33,,
15628, u522 ," You must leave?,,,,,,,,,,,,,,,,,,,,,,,,,,,,,,,", u522 ,m33,,
15629, u522 ," I couldn't keep up.  My shame is complete.,,,,,,,,,,,,,,,,,,,,,,,,,,,,,,,", u525 ,m33,,
15630, u525 ," Why weren't you at the platform?,,,,,,,,,,,,,,,,,,,,,,,,,,,,,,,", u522 ,m33,,
15631, u522 ," It may be too soon to talk about it. When someone we care for dies we...  ... keep something of their's.  A tie, a pen."",,,,,,,,,,,,,,,,,,,,,,,,,,,,,,,", u522 ,m33,,
15632, u522 ," They made you leave your hotel...  ... you caused a disturbance.,,,,,,,,,,,,,,,,,,,,,,,,,,,,,,,", u525 ,m33,,
15633, u525 ," What happened?,,,,,,,,,,,,,,,,,,,,,,,,,,,,,,,", u522 ,m33,,
15634, u522 ," I don't, that's all."",,,,,,,,,,,,,,,,,,,,,,,,,,,,,,,", u525 ,m33,,
15635, u525 ," Why the hell not?,,,,,,,,,,,,,,,,,,,,,,,,,,,,,,,", u522 ,m33,,
15636, u522 ," I don't deserve Ohashi's respect.,,,,,,,,,,,,,,,,,,,,,,,,,,,,,,,", u525 ,m33,,
15637, u525 ," You know, Inspector, you take shit once, you take shit forever."",,,,,,,,,,,,,,,,,,,,,,,,,,,,,,,", u525 ,m33,,
15638, u525 ," Leave the rice cake outside and go home!,,,,,,,,,,,,,,,,,,,,,,,,,,,,,,,", u522 ,m33,,
15639, u522 ," It's Ichiro.  Ich.,,,,,,,,,,,,,,,,,,,,,,,,,,,,,,,", u525 ,m33,,
15640, u525 ," Give us a break...,,,,,,,,,,,,,,,,,,,,,,,,,,,,,,,", u522 ,m33,,
15641, u522 ," Nick!,,,,,,,,,,,,,,,,,,,,,,,,,,,,,,,", u525 ,m33,,
15642, u525 ," What's the problem here?,,,,,,,,,,,,,,,,,,,,,,,,,,,,,,,", u522 ,m33,,
15643, u522 ," ... We got to keep looking.  Track him down!  Great balls of fire!,,,,,,,,,,,,,,,,,,,,,,,,,,,,,,,", u525 ,m33,,
15644, u525 ," That's what you said in the last three piss pots.,,,,,,,,,,,,,,,,,,,,,,,,,,,,,,,", u522 ,m33,,
15645, u522 ," No, this is the place for the young Yakuza."",,,,,,,,,,,,,,,,,,,,,,,,,,,,,,,", u525 ,m33,,
15646, u525 ," Jerry Lee Lewis, Elvis, Dinky Doo And The Don't's.  Let's book, Charlie.  If he starts on Motown, we'll be here all night."",,,,,,,,,,,,,,,,,,,,,,,,,,,,,,,", u522 ,m33,,
15647, u522 ," """"Goodness, gracious, great balls of fire.""""  To the killer.  Jerry Lee Lewis."",,,,,,,,,,,,,,,,,,,,,,,,,,,,,,,", u522 ,m33,,
15648, u522 ," The mayor's office, under the bed, the back room at Lombardi's.  And call me Ich."",,,,,,,,,,,,,,,,,,,,,,,,,,,,,,,", u525 ,m33,,
15649, u525 ," Where're you going, Ichiro?"",,,,,,,,,,,,,,,,,,,,,,,,,,,,,,,", u522 ,m33,,
15650, u522 ," Where would you look for the mafia?,,,,,,,,,,,,,,,,,,,,,,,,,,,,,,,", u525 ,m33,,
15651, u525 ," Where do we start looking for this guy?,,,,,,,,,,,,,,,,,,,,,,,,,,,,,,,", u525 ,m33,,
15652, u525 ," I'd like that.,,,,,,,,,,,,,,,,,,,,,,,,,,,,,,,", u523 ,m33,,
15653, u523 ," Maybe.  If I come visit, we can find out."",,,,,,,,,,,,,,,,,,,,,,,,,,,,,,,", u525 ,m33,,
15654, u525 ," Might be different in New York.,,,,,,,,,,,,,,,,,,,,,,,,,,,,,,,", u523 ,m33,,
15655, u523 ," Last time you asked me to come along I nearly got a hole in my head.,,,,,,,,,,,,,,,,,,,,,,,,,,,,,,,", u525 ,m33,,
15656, u525 ," Can't make you change your mind?,,,,,,,,,,,,,,,,,,,,,,,,,,,,,,,", u523 ,m33,,
15657, u523 ," Wouldn't help.  Watch out for Ich.,,,,,,,,,,,,,,,,,,,,,,,,,,,,,,,", u525 ,m33,,
15658, u525 ," What if I chant?,,,,,,,,,,,,,,,,,,,,,,,,,,,,,,,", u523 ,m33,,
15659, u523 ," I still think you're a bastard.,,,,,,,,,,,,,,,,,,,,,,,,,,,,,,,", u525 ,m33,,
15660, u525 ," Why would you care?,,,,,,,,,,,,,,,,,,,,,,,,,,,,,,,", u523 ,m33,,
15661, u523 ," Bullshit, Nick.  And don't tell me this is all just about Charlie. It's not."",,,,,,,,,,,,,,,,,,,,,,,,,,,,,,,", u525 ,m33,,
15662, u525 ," No one's keeping him here.,,,,,,,,,,,,,,,,,,,,,,,,,,,,,,,", u523 ,m33,,
15663, u523 ," You'll get Ich killed.,,,,,,,,,,,,,,,,,,,,,,,,,,,,,,,", u523 ,m33,,
15664, u523 ," The cheese...,,,,,,,,,,,,,,,,,,,,,,,,,,,,,,,", u525 ,m33,,
15665, u525 ," We're in?,,,,,,,,,,,,,,,,,,,,,,,,,,,,,,,", u525 ,m33,,
15666, u525 ," Tell them I'm not.,,,,,,,,,,,,,,,,,,,,,,,,,,,,,,,", u523 ,m33,,
15667, u523 ," This little guy thinks you're Robert Redford... the other one thinks you're Charles Bronson...,,,,,,,,,,,,,,,,,,,,,,,,,,,,,,,", u525 ,m33,,
15668, u525 ," Who am I supposed to be?,,,,,,,,,,,,,,,,,,,,,,,,,,,,,,,", u523 ,m33,,
15669, u523 ," They want your autograph.,,,,,,,,,,,,,,,,,,,,,,,,,,,,,,,", u525 ,m33,,
15670, u525 ," I don't remember you saying no.,,,,,,,,,,,,,,,,,,,,,,,,,,,,,,,", u523 ,m33,,
15671, u523 ," I don't remember saying yes.,,,,,,,,,,,,,,,,,,,,,,,,,,,,,,,", u525 ,m33,,
15672, u525 ," Not if it works.  I'll meet you at the train?,,,,,,,,,,,,,,,,,,,,,,,,,,,,,,,", u523 ,m33,,
15673, u523 ," 'Nam oyo ranged kyo.'  You think it's dumb of course.,,,,,,,,,,,,,,,,,,,,,,,,,,,,,,,", u525 ,m33,,
15674, u525 ," What do you chant?,,,,,,,,,,,,,,,,,,,,,,,,,,,,,,,", u523 ,m33,,
15675, u523 ," I'd invite you up but I know you'd hate the incense.  I chant.,,,,,,,,,,,,,,,,,,,,,,,,,,,,,,,", u523 ,m33,,
15676, u523 ," You met her.,,,,,,,,,,,,,,,,,,,,,,,,,,,,,,,", u525 ,m33,,
15677, u525 ," Where's the wife?,,,,,,,,,,,,,,,,,,,,,,,,,,,,,,,", u523 ,m33,,
15678, u523 ," He's got a reason.,,,,,,,,,,,,,,,,,,,,,,,,,,,,,,,", u525 ,m33,,
15679, u525 ," He drinks.,,,,,,,,,,,,,,,,,,,,,,,,,,,,,,,", u523 ,m33,,
15680, u523 ," You're wrong to sell Ich short.,,,,,,,,,,,,,,,,,,,,,,,,,,,,,,,", u525 ,m33,,
15681, u525 ," You could fake it.,,,,,,,,,,,,,,,,,,,,,,,,,,,,,,,", u523 ,m33,,
15682, u523 ," And I'm supposed to care?,,,,,,,,,,,,,,,,,,,,,,,,,,,,,,,", u525 ,m33,,
15683, u525 ," It's my last shot.  I have to be on a plane home tomorrow night.,,,,,,,,,,,,,,,,,,,,,,,,,,,,,,,", u523 ,m33,,
15684, u523 ," My Japanese isn't that hot... Besides, you'll never get in."",,,,,,,,,,,,,,,,,,,,,,,,,,,,,,,", u525 ,m33,,
15685, u525 ," I need someone to translate for me.,,,,,,,,,,,,,,,,,,,,,,,,,,,,,,,", u523 ,m33,,
15686, u523 ," I've heard of Sugai.  I've also heard of the emperor.  They're both national treasures.  One's a hood.,,,,,,,,,,,,,,,,,,,,,,,,,,,,,,,", u525 ,m33,,
15687, u525 ," Unavailable.,,,,,,,,,,,,,,,,,,,,,,,,,,,,,,,", u523 ,m33,,
15688, u523 ," Where's Ich?,,,,,,,,,,,,,,,,,,,,,,,,,,,,,,,", u525 ,m33,,
15689, u525 ," I need your help, Joyce."",,,,,,,,,,,,,,,,,,,,,,,,,,,,,,,", u523 ,m33,,
15690, u523 ," Somebody must be suffering somewhere, you're being so nice."",,,,,,,,,,,,,,,,,,,,,,,,,,,,,,,", u525 ,m33,,
15691, u525 ," You know where I can get a decent cup of coffee this time of night? I'm buying.,,,,,,,,,,,,,,,,,,,,,,,,,,,,,,,", u523 ,m33,,
15692, u523 ," I paid for that.,,,,,,,,,,,,,,,,,,,,,,,,,,,,,,,", u525 ,m33,,
15693, u525 ," He's on duty.,,,,,,,,,,,,,,,,,,,,,,,,,,,,,,,", u523 ,m33,,
15694, u523 ," Don't be an ass.,,,,,,,,,,,,,,,,,,,,,,,,,,,,,,,", u525 ,m33,,
15695, u525 ," Sure, but then I just pull out the photos."",,,,,,,,,,,,,,,,,,,,,,,,,,,,,,,", u523 ,m33,,
15696, u523 ," She ever pull down her shades?,,,,,,,,,,,,,,,,,,,,,,,,,,,,,,,", u523 ,m33,,
15697, u523 ," I don't think so.,,,,,,,,,,,,,,,,,,,,,,,,,,,,,,,", u525 ,m33,,
15698, u525 ," Maybe I'm a quicker learner.,,,,,,,,,,,,,,,,,,,,,,,,,,,,,,,", u523 ,m33,,
15699, u523 ," Look, you need Ich.  I've been here five years and I still can't read all the street signs."",,,,,,,,,,,,,,,,,,,,,,,,,,,,,,,", u525 ,m33,,
15700, u525 ," You have a helluva way of answering.,,,,,,,,,,,,,,,,,,,,,,,,,,,,,,,", u523 ,m33,,
15701, u523 ," You have a helluva way of asking for help.,,,,,,,,,,,,,,,,,,,,,,,,,,,,,,,", u525 ,m33,,
15702, u525 ," You can count on the truth from people who don't like you.,,,,,,,,,,,,,,,,,,,,,,,,,,,,,,,", u523 ,m33,,
15703, u523 ," I don't give tours.,,,,,,,,,,,,,,,,,,,,,,,,,,,,,,,", u525 ,m33,,
15704, u525 ," I could use some help.  Show me around.  I'll pay you for your time.,,,,,,,,,,,,,,,,,,,,,,,,,,,,,,,", u523 ,m33,,
15705, u523 ," An outside person.  A foreigner.  A barbarian.  You, me.  More you."",,,,,,,,,,,,,,,,,,,,,,,,,,,,,,,", u525 ,m33,,
15706, u525 ," Gaiijin?,,,,,,,,,,,,,,,,,,,,,,,,,,,,,,,", u523 ,m33,,
15707, u523 ," Dead gaiijin's are big news.,,,,,,,,,,,,,,,,,,,,,,,,,,,,,,,", u525 ,m33,,
15708, u525 ," There was a change in plans.,,,,,,,,,,,,,,,,,,,,,,,,,,,,,,,", u523 ,m33,,
15709, u523 ," Ich said you left.,,,,,,,,,,,,,,,,,,,,,,,,,,,,,,,", u523 ,m33,,
15710, u523 ," He gets as much as he wants.,,,,,,,,,,,,,,,,,,,,,,,,,,,,,,,", u525 ,m33,,
15711, u525 ," Don't give him any more.,,,,,,,,,,,,,,,,,,,,,,,,,,,,,,,", u524 ,m33,,
15712, u524 ," Then take it from him.,,,,,,,,,,,,,,,,,,,,,,,,,,,,,,,", u525 ,m33,,
15713, u525 ," Sugai won't give it to me, you know that."",,,,,,,,,,,,,,,,,,,,,,,,,,,,,,,", u524 ,m33,,
15714, u524 ," Don't be.,,,,,,,,,,,,,,,,,,,,,,,,,,,,,,,", u525 ,m33,,
15715, u525 ," I'm amused.,,,,,,,,,,,,,,,,,,,,,,,,,,,,,,,", u524 ,m33,,
15716, u524 ," This is my stop.,,,,,,,,,,,,,,,,,,,,,,,,,,,,,,,", u525 ,m33,,
15717, u525 ," Time, I've got plenty of."",,,,,,,,,,,,,,,,,,,,,,,,,,,,,,,", u524 ,m33,,
15718, u524 ," She's such a long way home for you.,,,,,,,,,,,,,,,,,,,,,,,,,,,,,,,", u525 ,m33,,
15719, u525 ," Guess I'm on a roll.,,,,,,,,,,,,,,,,,,,,,,,,,,,,,,,", u524 ,m33,,
15720, u524 ," I like your friend, Joyce.  You're lucky."",,,,,,,,,,,,,,,,,,,,,,,,,,,,,,,", u524 ,m33,,
15721, u524 ," You are a lucky man.  Where you come from a man can stand out.  It's expected.  Here a man is made to look a fool for standing out.,,,,,,,,,,,,,,,,,,,,,,,,,,,,,,,", u525 ,m33,,
15722, u525 ," Save it, I already took the tour."",,,,,,,,,,,,,,,,,,,,,,,,,,,,,,,", u524 ,m33,,
15723, u524 ," Ugly... A couple of thousand years they've been bound by these little rules.  Looking in.  Always afraid. Ugly little lives...,,,,,,,,,,,,,,,,,,,,,,,,,,,,,,,", u525 ,m33,,
15724, u525 ," I'm taking you back.,,,,,,,,,,,,,,,,,,,,,,,,,,,,,,,", u524 ,m33,,
15725, u524 ," Keep the change.,,,,,,,,,,,,,,,,,,,,,,,,,,,,,,,", u525 ,m33,,
15726, u525 ," Right.,,,,,,,,,,,,,,,,,,,,,,,,,,,,,,,", u527 ,m33,,
15727, u527 ," ... Remember, counterfeiting is the Feds.  They'll be all over Abolofia's place.  Stick tight. You I.D. the other plate, he does real time."",,,,,,,,,,,,,,,,,,,,,,,,,,,,,,,", u527 ,m33,,
15728, u527 ," Your plane's at nine a.m.  Be on it. That's orders.  Period.,,,,,,,,,,,,,,,,,,,,,,,,,,,,,,,", u525 ,m33,,
15729, u525 ," He killed a police officer.,,,,,,,,,,,,,,,,,,,,,,,,,,,,,,,", u527 ,m33,,
15730, u527 ," How?  You don't know the place.  You don't know the language.  Get on the plane.,,,,,,,,,,,,,,,,,,,,,,,,,,,,,,,", u525 ,m33,,
15731, u525 ," I planned on catching him, Captain."",,,,,,,,,,,,,,,,,,,,,,,,,,,,,,,", u527 ,m33,,
15732, u527 ," They're blaming it on you.  Christ, Conklin, you didn't even tell me you lost the prisoner!"",,,,,,,,,,,,,,,,,,,,,,,,,,,,,,,", u525 ,m33,,
15733, u525 ," He was my partner.,,,,,,,,,,,,,,,,,,,,,,,,,,,,,,,", u527 ,m33,,
15734, u527 ," It's not your job.,,,,,,,,,,,,,,,,,,,,,,,,,,,,,,,", u527 ,m33,,
15735, u527 ," They said send a detective if I could spare one.  I can always spare you.,,,,,,,,,,,,,,,,,,,,,,,,,,,,,,,", u525 ,m33,,
15736, u525 ," Why me?,,,,,,,,,,,,,,,,,,,,,,,,,,,,,,,", u527 ,m33,,
15737, u527 ," Check your gun before you leave. They're not allowed in Japan.  It's a nice, safe country."",,,,,,,,,,,,,,,,,,,,,,,,,,,,,,,", u525 ,m33,,
15738, u525 ," What...?  What if I say no?,,,,,,,,,,,,,,,,,,,,,,,,,,,,,,,", u527 ,m33,,
15739, u527 ," You and Charlie are taking the Jap home, tonight."",,,,,,,,,,,,,,,,,,,,,,,,,,,,,,,", u525 ,m33,,
15740, u525 ," What?,,,,,,,,,,,,,,,,,,,,,,,,,,,,,,,", u527 ,m33,,
15741, u527 ," He's wanted in Japan.  They want him first.  Then we can have him.,,,,,,,,,,,,,,,,,,,,,,,,,,,,,,,", u525 ,m33,,
15742, u525 ," Why?,,,,,,,,,,,,,,,,,,,,,,,,,,,,,,,", u527 ,m33,,
15743, u527 ," Doesn't speak a word of English. And he won't speak Japanese either. No papers.  The Japanese embassy is very interested.,,,,,,,,,,,,,,,,,,,,,,,,,,,,,,,", u527 ,m33,,
15744, u527 ," Thought you knew your way around dark alleys, detective."",,,,,,,,,,,,,,,,,,,,,,,,,,,,,,,", u525 ,m33,,
15745, u525 ," Yeah.,,,,,,,,,,,,,,,,,,,,,,,,,,,,,,,", u527 ,m33,,
15746, u527 ," One guy do all the damage?,,,,,,,,,,,,,,,,,,,,,,,,,,,,,,,", u527 ,m33,,
15747, u527 ," The old man was a Japanese paper manufacturer.  Hotel room and rental car were full of it.,,,,,,,,,,,,,,,,,,,,,,,,,,,,,,,", u525 ,m33,,
15748, u525 ," Not in that company.,,,,,,,,,,,,,,,,,,,,,,,,,,,,,,,", u527 ,m33,,
15749, u527 ," Dope?,,,,,,,,,,,,,,,,,,,,,,,,,,,,,,,", u525 ,m33,,
15750, u525 ," This by this...,,,,,,,,,,,,,,,,,,,,,,,,,,,,,,,", u527 ,m33,,
15751, u527 ," How big a package we talking about?,,,,,,,,,,,,,,,,,,,,,,,,,,,,,,,", u526 ,m33,,
15752, u526 ," Goodbye, officer."",,,,,,,,,,,,,,,,,,,,,,,,,,,,,,,", u525 ,m33,,
15753, u525 ," I have to get to Sugai.,,,,,,,,,,,,,,,,,,,,,,,,,,,,,,,", u526 ,m33,,
15754, u526 ," -- Do you know where she is, detective?  Do you know how to find her?  Even where to start?  We will find them."",,,,,,,,,,,,,,,,,,,,,,,,,,,,,,,", u525 ,m33,,
15755, u525 ," If anything happens to her while I'm here --,,,,,,,,,,,,,,,,,,,,,,,,,,,,,,,", u526 ,m33,,
15756, u526 ," You had my help, detective."",,,,,,,,,,,,,,,,,,,,,,,,,,,,,,,", u525 ,m33,,
15757, u525 ," For God's sake, Ohashi, I need your help.  Let me out of here!"",,,,,,,,,,,,,,,,,,,,,,,,,,,,,,,", u526 ,m33,,
15758, u526 ," Your plane leaves at six.  Two officers will escort you.,,,,,,,,,,,,,,,,,,,,,,,,,,,,,,,", u526 ,m33,,
15759, u526 ," Twenty-four hours, detective."",,,,,,,,,,,,,,,,,,,,,,,,,,,,,,,", u525 ,m33,,
15760, u525 ," Hey...!  HEY, I'M TALKING TO YOU, INSPECTOR!"",,,,,,,,,,,,,,,,,,,,,,,,,,,,,,,", u526 ,m33,,
15761, u526 ," Look.,,,,,,,,,,,,,,,,,,,,,,,,,,,,,,,", u525 ,m33,,
15762, u525 ," While you were hanging out at the visa office, we found the son-of-a- bitch."",,,,,,,,,,,,,,,,,,,,,,,,,,,,,,,", u526 ,m33,,
15763, u526 ," Your visa has expired.  Be on a plane in twenty-four hours or you will be deported.,,,,,,,,,,,,,,,,,,,,,,,,,,,,,,,", u525 ,m33,,
15764, u525 ," What's this?,,,,,,,,,,,,,,,,,,,,,,,,,,,,,,,", u525 ,m33,,
15765, u525 ," Can we skip the poetry, inspector?"",,,,,,,,,,,,,,,,,,,,,,,,,,,,,,,", u526 ,m33,,
15766, u526 ," The young are eating the old, something that usually doesn't happen here."",,,,,,,,,,,,,,,,,,,,,,,,,,,,,,,", u525 ,m33,,
15767, u525 ," Because I want you to tell me.,,,,,,,,,,,,,,,,,,,,,,,,,,,,,,,", u526 ,m33,,
15768, u526 ," Why don't you ask your chief detective?,,,,,,,,,,,,,,,,,,,,,,,,,,,,,,,", u525 ,m33,,
15769, u525 ," Could you fill me in?,,,,,,,,,,,,,,,,,,,,,,,,,,,,,,,", u526 ,m33,,
15770, u526 ," Do you know what this is?,,,,,,,,,,,,,,,,,,,,,,,,,,,,,,,", u525 ,m33,,
15771, u525 ," Hey, inspector, I don't intend to take the rap for this."",,,,,,,,,,,,,,,,,,,,,,,,,,,,,,,", u525 ,m33,,
15772, u525 ," Work with me.  I want your best detective.,,,,,,,,,,,,,,,,,,,,,,,,,,,,,,,", u526 ,m33,,
15773, u526 ," You're foreigners.,,,,,,,,,,,,,,,,,,,,,,,,,,,,,,,", u525 ,m33,,
15774, u525 ," We're police officers.,,,,,,,,,,,,,,,,,,,,,,,,,,,,,,,", u526 ,m33,,
15775, u526 ," It is not allowed.,,,,,,,,,,,,,,,,,,,,,,,,,,,,,,,", u525 ,m33,,
15776, u525 ," I want a gun.,,,,,,,,,,,,,,,,,,,,,,,,,,,,,,,", u525 ,m33,,
15777, u525 ," Incompetent is letting people waltz through a secure area wearing your uniforms, carrying official documents."",,,,,,,,,,,,,,,,,,,,,,,,,,,,,,,", u526 ,m33,,
15778, u526 ," You lost a man we wanted for some time.  It was very incompetent on your part, officer."",,,,,,,,,,,,,,,,,,,,,,,,,,,,,,,", u525 ,m33,,
15779, u525 ," After a court convicts him.  He belongs to me.,,,,,,,,,,,,,,,,,,,,,,,,,,,,,,,", u528 ,m33,,
15780, u528 ," You want him dead too.,,,,,,,,,,,,,,,,,,,,,,,,,,,,,,,", u525 ,m33,,
15781, u525 ," That wasn't our deal.,,,,,,,,,,,,,,,,,,,,,,,,,,,,,,,", u528 ,m33,,
15782, u528 ," He'll find out you took me.  I'm unprotected.  He'll kill us.  All of us.  You don't stand a chance.,,,,,,,,,,,,,,,,,,,,,,,,,,,,,,,", u525 ,m33,,
15783, u525 ," Good.,,,,,,,,,,,,,,,,,,,,,,,,,,,,,,,", u525 ,m33,,
15784, u525 ," I don't have to.,,,,,,,,,,,,,,,,,,,,,,,,,,,,,,,", u528 ,m33,,
15785, u528 ," You're smarter than Kobo.  You know the price of deceit.  Think about it.,,,,,,,,,,,,,,,,,,,,,,,,,,,,,,,", u525 ,m33,,
15786, u525 ," If I say no?,,,,,,,,,,,,,,,,,,,,,,,,,,,,,,,", u528 ,m33,,
15787, u528 ," Swiss bank deposit.  Gold bullion. Whatever you want.  You know the city and the police.,,,,,,,,,,,,,,,,,,,,,,,,,,,,,,,", u525 ,m33,,
15788, u525 ," With these?,,,,,,,,,,,,,,,,,,,,,,,,,,,,,,,", u528 ,m33,,
15789, u528 ," I'll pay you.,,,,,,,,,,,,,,,,,,,,,,,,,,,,,,,", u525 ,m33,,
15790, u525 ," You trust me?,,,,,,,,,,,,,,,,,,,,,,,,,,,,,,,", u528 ,m33,,
15791, u528 ," The other plate is currently in New York, in the hands of Kobo's man. Find it for me."",,,,,,,,,,,,,,,,,,,,,,,,,,,,,,,", u525 ,m33,,
15792, u525 ," Why tell me this?,,,,,,,,,,,,,,,,,,,,,,,,,,,,,,,", u528 ,m33,,
15793, u528 ," Not with these bills.  And even if it only took them six months, do you know what our profit margin would be?"",,,,,,,,,,,,,,,,,,,,,,,,,,,,,,,", u525 ,m33,,
15794, u525 ," The Feds would be onto you in a month.,,,,,,,,,,,,,,,,,,,,,,,,,,,,,,,", u528 ,m33,,
15795, u528 ," Imagine if your families could pay their gambling and drug debts with perfect counterfeit bought for cents on the dollar.,,,,,,,,,,,,,,,,,,,,,,,,,,,,,,,", u528 ,m33,,
15796, u528 ," Yes.  Unlike our syndicates, your criminals don't understand the words 'honor' and 'duty'... We can't afford not to deal with them."",,,,,,,,,,,,,,,,,,,,,,,,,,,,,,,", u525 ,m33,,
15797, u525 ," The families who control the casinos?,,,,,,,,,,,,,,,,,,,,,,,,,,,,,,,", u528 ,m33,,
15798, u528 ," Our associates in New York were close to closing a deal with us.,,,,,,,,,,,,,,,,,,,,,,,,,,,,,,,", u528 ,m33,,
15799, u528 ," He'll be dealt with.,,,,,,,,,,,,,,,,,,,,,,,,,,,,,,,", u525 ,m33,,
15800, u525 ," I want him.,,,,,,,,,,,,,,,,,,,,,,,,,,,,,,,", u528 ,m33,,
15801, u528 ," I took Kobo from the street.  I gave him a home, a future... But my ways were too slow for him... I served seven years in prison for my boss when I was a young man.  Kobo wouldn't serve seven minutes for his Oyabun.  He was supposed to take over this syndicate when I retired."",,,,,,,,,,,,,,,,,,,,,,,,,,,,,,,", u528 ,m33,,
15802, u528 ," -- Kobo... I know.  He killed two of my partners.  One in New York, one at the printing plant."",,,,,,,,,,,,,,,,,,,,,,,,,,,,,,,", u525 ,m33,,
15803, u525 ," I'm impressed.  But let's use the short form.  I'm looking for --,,,,,,,,,,,,,,,,,,,,,,,,,,,,,,,", u528 ,m33,,
15804, u528 ," Seven years work by the finest engraver.  Mass produced, sequentially numbered.  The best there has ever been, Mr. Conklin."",,,,,,,,,,,,,,,,,,,,,,,,,,,,,,,", u525 ,m33,,
