,User_id,text,sec_user,movies_name,relationship,attachment
1886, u75 ," Great, just great."",,,,,,,,,,,,,,,,,,,,,,,,,,,,,,,", u62 ,m4,,
1887, u62 ," That we do. And we put air in the tires. I'll even sell you some gas if you need it.,,,,,,,,,,,,,,,,,,,,,,,,,,,,,,,", u75 ,m4,,
1888, u75 ," How about chargin' the battery?,,,,,,,,,,,,,,,,,,,,,,,,,,,,,,,", u62 ,m4,,
1889, u62 ," We don't wash 'em, ya know."",,,,,,,,,,,,,,,,,,,,,,,,,,,,,,,", u75 ,m4,,
1890, u75 ," Yeah, I've been busy."",,,,,,,,,,,,,,,,,,,,,,,,,,,,,,,", u62 ,m4,,
1891, u62 ," This is three years old.,,,,,,,,,,,,,,,,,,,,,,,,,,,,,,,", u75 ,m4,,
1892, u75 ," Hammond.,,,,,,,,,,,,,,,,,,,,,,,,,,,,,,,", u62 ,m4,,
1893, u62 ," Name?,,,,,,,,,,,,,,,,,,,,,,,,,,,,,,,", u75 ,m4,,
1894, u75 ," I want to pick up my car.,,,,,,,,,,,,,,,,,,,,,,,,,,,,,,,", u62 ,m4,,
1895, u62 ," Yeah?,,,,,,,,,,,,,,,,,,,,,,,,,,,,,,,", u71 ,m4,,
1896, u71 ," Try obeyin' the law once in awhile, and I won't have to hassle you..."",,,,,,,,,,,,,,,,,,,,,,,,,,,,,,,", u63 ,m4,,
1897, u63 ," I'm tellin' ya, I'm giving you all I know."",,,,,,,,,,,,,,,,,,,,,,,,,,,,,,,", u63 ,m4,,
1898, u63 ," Look, give me a break, you're going to have to settle for her place.  It's the only thing I know."",,,,,,,,,,,,,,,,,,,,,,,,,,,,,,,", u71 ,m4,,
1899, u71 ," I don't give a damn about his girl...,,,,,,,,,,,,,,,,,,,,,,,,,,,,,,,", u63 ,m4,,
1900, u63 ," I don't give a shit who you ask.,,,,,,,,,,,,,,,,,,,,,,,,,,,,,,,", u71 ,m4,,
1901, u71 ," Maybe I better ask around, see what your pals think."",,,,,,,,,,,,,,,,,,,,,,,,,,,,,,,", u63 ,m4,,
1902, u63 ," Fuck off.  I don't know what the hell you're talkin' about.,,,,,,,,,,,,,,,,,,,,,,,,,,,,,,,", u71 ,m4,,
1903, u71 ," Now how's your memory doin'?,,,,,,,,,,,,,,,,,,,,,,,,,,,,,,,", u71 ,m4,,
1904, u71 ," No, man, I think I'll have a vodka."",,,,,,,,,,,,,,,,,,,,,,,,,,,,,,,", u63 ,m4,,
1905, u63 ," Maybe you better have a Black Russian.,,,,,,,,,,,,,,,,,,,,,,,,,,,,,,,", u71 ,m4,,
1906, u71 ," Vodka.,,,,,,,,,,,,,,,,,,,,,,,,,,,,,,,", u63 ,m4,,
1907, u63 ," Yeah.,,,,,,,,,,,,,,,,,,,,,,,,,,,,,,,", u69 ,m4,,
1908, u69 ," And I need one more for my pal. Yeah. Make her an Indian. No, not a turban, you know, a squaw."",,,,,,,,,,,,,,,,,,,,,,,,,,,,,,,", u64 ,m4,,
1909, u64 ," Hey, what about me?"",,,,,,,,,,,,,,,,,,,,,,,,,,,,,,,", u64 ,m4,,
1910, u64 ," He's just kiddin', you just keep doin' what I tell ya, you'll be okay."",,,,,,,,,,,,,,,,,,,,,,,,,,,,,,,", u69 ,m4,,
1911, u69 ," Maybe that's where I'm gonna cut your throat.,,,,,,,,,,,,,,,,,,,,,,,,,,,,,,,", u69 ,m4,,
1912, u69 ," Just do what I say, okay? We'll pay for the girls and have a good time... Don't you trust me?"",,,,,,,,,,,,,,,,,,,,,,,,,,,,,,,", u64 ,m4,,
1913, u64 ," They always let me do anything. I don't want to pay for it.  I never paid for it in my life.,,,,,,,,,,,,,,,,,,,,,,,,,,,,,,,", u69 ,m4,,
1914, u69 ," It's better when you pay... they let you do anything.,,,,,,,,,,,,,,,,,,,,,,,,,,,,,,,", u64 ,m4,,
1915, u64 ," I never paid for it in my life.,,,,,,,,,,,,,,,,,,,,,,,,,,,,,,,", u69 ,m4,,
1916, u69 ," Yeah, dummy.  Money."",,,,,,,,,,,,,,,,,,,,,,,,,,,,,,,", u64 ,m4,,
1917, u64 ," Pay money?,,,,,,,,,,,,,,,,,,,,,,,,,,,,,,,", u69 ,m4,,
1918, u69 ," Pros.,,,,,,,,,,,,,,,,,,,,,,,,,,,,,,,", u64 ,m4,,
1919, u64 ," Whaddya mean, buy?"",,,,,,,,,,,,,,,,,,,,,,,,,,,,,,,", u69 ,m4,,
1920, u69 ," Maybe after we get done with him I'm gonna buy us some girls.,,,,,,,,,,,,,,,,,,,,,,,,,,,,,,,", u64 ,m4,,
1921, u64 ," I ain't tired yet.,,,,,,,,,,,,,,,,,,,,,,,,,,,,,,,", u69 ,m4,,
1922, u69 ," I want to drive awhile.,,,,,,,,,,,,,,,,,,,,,,,,,,,,,,,", u64 ,m4,,
1923, u64 ," You got a real big mouth, convict."",,,,,,,,,,,,,,,,,,,,,,,,,,,,,,,", u69 ,m4,,
1924, u69 ," Maybe you shoulda stole a better truck, Tonto."",,,,,,,,,,,,,,,,,,,,,,,,,,,,,,,", u65 ,m4,,
1925, u65 ," Now you're talkin'. See ya...,,,,,,,,,,,,,,,,,,,,,,,,,,,,,,,", u71 ,m4,,
1926, u71 ," I'll buy ya the best dinner in San Francisco...how'd that be? Then we'll go dancin', okay?"",,,,,,,,,,,,,,,,,,,,,,,,,,,,,,,", u71 ,m4,,
1927, u71 ," Hey, no, I'm tryin' to be nice. Buy yourself something pretty. I'd do it, but I got to go.  I got this cop waitin' for me..."",,,,,,,,,,,,,,,,,,,,,,,,,,,,,,,", u65 ,m4,,
1928, u65 ," Hey, don't do that.  I said I wasn't a pro, remember?"",,,,,,,,,,,,,,,,,,,,,,,,,,,,,,,", u71 ,m4,,
1929, u71 ," Here you go, baby."",,,,,,,,,,,,,,,,,,,,,,,,,,,,,,,", u71 ,m4,,
1930, u71 ," I just struck it rich... I think we can do a little business.  As a matter of fact, I think we can have a party."",,,,,,,,,,,,,,,,,,,,,,,,,,,,,,,", u65 ,m4,,
1931, u65 ," Hello, again."",,,,,,,,,,,,,,,,,,,,,,,,,,,,,,,", u71 ,m4,,
1932, u71 ," Here's hoping, baby..."",,,,,,,,,,,,,,,,,,,,,,,,,,,,,,,", u65 ,m4,,
1933, u65 ," Well, maybe I'll see you later ..."",,,,,,,,,,,,,,,,,,,,,,,,,,,,,,,", u71 ,m4,,
1934, u71 ," No, it's gotta be here and now. Believe me. Only I don't have the damn money for a room..."",,,,,,,,,,,,,,,,,,,,,,,,,,,,,,,", u65 ,m4,,
1935, u65 ," What's the matter with my place?,,,,,,,,,,,,,,,,,,,,,,,,,,,,,,,", u71 ,m4,,
1936, u71 ," No, baby, nothin' like that. Look, there's a place across the street. We can go right over there..."",,,,,,,,,,,,,,,,,,,,,,,,,,,,,,,", u65 ,m4,,
1937, u65 ," You just quit bein' a priest or somethin'?,,,,,,,,,,,,,,,,,,,,,,,,,,,,,,,", u71 ,m4,,
1938, u71 ," Yeah, i been waiting three years."",,,,,,,,,,,,,,,,,,,,,,,,,,,,,,,", u65 ,m4,,
1939, u65 ," You're in a hurry.,,,,,,,,,,,,,,,,,,,,,,,,,,,,,,,", u71 ,m4,,
1940, u71 ," Here you go sweetheart, throw it my way."",,,,,,,,,,,,,,,,,,,,,,,,,,,,,,,", u65 ,m4,,
1941, u65 ," Hey, don't you think a hair stylists got any interest in gettin' it on?"",,,,,,,,,,,,,,,,,,,,,,,,,,,,,,,", u71 ,m4,,
1942, u71 ," Goodbye.,,,,,,,,,,,,,,,,,,,,,,,,,,,,,,,", u65 ,m4,,
1943, u65 ," No, I go to a school to learn how to do hair. It's a government program. But really I want to be a model - and I am definitely not sellin'."",,,,,,,,,,,,,,,,,,,,,,,,,,,,,,,", u71 ,m4,,
1944, u71 ," Oh ... You're a schoolteacher...,,,,,,,,,,,,,,,,,,,,,,,,,,,,,,,", u65 ,m4,,
1945, u65 ," Hey, what kind of talk is that?"",,,,,,,,,,,,,,,,,,,,,,,,,,,,,,,", u71 ,m4,,
1946, u71 ," Excuse me, baby, but if i don't get some action tonight, I'm gonna bust.  You interested?"",,,,,,,,,,,,,,,,,,,,,,,,,,,,,,,", u65 ,m4,,
1947, u65 ," I'm candy...,,,,,,,,,,,,,,,,,,,,,,,,,,,,,,,", u66 ,m4,,
1948, u66 ," In the back.  Down the other corridor.,,,,,,,,,,,,,,,,,,,,,,,,,,,,,,,", u67 ,m4,,
1949, u67 ," Where's ganz?,,,,,,,,,,,,,,,,,,,,,,,,,,,,,,,", u67 ,m4,,
1950, u67 ," He can live or die ... You let us in and he's got a chance to make it.  Otherwise, he gets ventilated."",,,,,,,,,,,,,,,,,,,,,,,,,,,,,,,", u66 ,m4,,
1951, u66 ," No chance.,,,,,,,,,,,,,,,,,,,,,,,,,,,,,,,", u67 ,m4,,
1952, u67 ," You're gonna help us take him.,,,,,,,,,,,,,,,,,,,,,,,,,,,,,,,", u66 ,m4,,
1953, u66 ," Yeah.  Sure, i'm crazy in love with him, who wouldn't be..."",,,,,,,,,,,,,,,,,,,,,,,,,,,,,,,", u67 ,m4,,
1954, u67 ," You and the other one, you're still Billy's girls. You always were his girls..."",,,,,,,,,,,,,,,,,,,,,,,,,,,,,,,", u67 ,m4,,
1955, u67 ," No time for any of that crap any more, lady... I'll rip your lungs out if you don't answer fast."",,,,,,,,,,,,,,,,,,,,,,,,,,,,,,,", u66 ,m4,,
1956, u66 ," Would you guys...,,,,,,,,,,,,,,,,,,,,,,,,,,,,,,,", u67 ,m4,,
1957, u67 ," I hear you've got visitors.,,,,,,,,,,,,,,,,,,,,,,,,,,,,,,,", u66 ,m4,,
1958, u66 ," I used to go with him...I don't know where the hell he is.  I haven't seen him for two weeks. And I don't think I will.  He owes me money...,,,,,,,,,,,,,,,,,,,,,,,,,,,,,,,", u67 ,m4,,
1959, u67 ," How about it?,,,,,,,,,,,,,,,,,,,,,,,,,,,,,,,", u66 ,m4,,
1960, u66 ," Don't give me that police shit. You drop it.,,,,,,,,,,,,,,,,,,,,,,,,,,,,,,,", u67 ,m4,,
1961, u67 ," I said police.  Now drop the goddamn gun.,,,,,,,,,,,,,,,,,,,,,,,,,,,,,,,", u69 ,m4,,
1962, u69 ," I ain't gonna beg for my life. It ain't cool.,,,,,,,,,,,,,,,,,,,,,,,,,,,,,,,", u67 ,m4,,
1963, u67 ," You're done.  End of story.,,,,,,,,,,,,,,,,,,,,,,,,,,,,,,,", u69 ,m4,,
1964, u69 ," I got hit.  I can't believe it. I got shot.,,,,,,,,,,,,,,,,,,,,,,,,,,,,,,,", u69 ,m4,,
1965, u69 ," Whaddya mean...I got your gun ... I got his money... I got everything...,,,,,,,,,,,,,,,,,,,,,,,,,,,,,,,", u67 ,m4,,
1966, u67 ," I don't think you're gonna make it.,,,,,,,,,,,,,,,,,,,,,,,,,,,,,,,", u69 ,m4,,
1967, u69 ," After I get outta this, cop...I'm gonna live forever..."",,,,,,,,,,,,,,,,,,,,,,,,,,,,,,,", u69 ,m4,,
1968, u69 ," What are you talking about? We didn't kill her ...,,,,,,,,,,,,,,,,,,,,,,,,,,,,,,,", u67 ,m4,,
1969, u67 ," You lying son of a bitch...,,,,,,,,,,,,,,,,,,,,,,,,,,,,,,,", u71 ,m4,,
1970, u71 ," No trouble, Jack. But, listen, suppose I stay a crook?  Where'd you get the idea that you could catch me?"",,,,,,,,,,,,,,,,,,,,,,,,,,,,,,,", u67 ,m4,,
1971, u67 ," Thanks.,,,,,,,,,,,,,,,,,,,,,,,,,,,,,,,", u71 ,m4,,
1972, u71 ," Spare met Jack. I'm into legit investments from here on in.,,,,,,,,,,,,,,,,,,,,,,,,,,,,,,,", u67 ,m4,,
1973, u67 ," No, you don't. If I ever get word of you steppin' over the line again, I'm gonna ventilate that suit of yours."",,,,,,,,,,,,,,,,,,,,,,,,,,,,,,,", u71 ,m4,,
1974, u71 ," You are an awesomely weird cop. Sure wish there were more like you runnin' around out here.,,,,,,,,,,,,,,,,,,,,,,,,,,,,,,,", u67 ,m4,,
1975, u67 ," That's right. Not my style, Reggie.."",,,,,,,,,,,,,,,,,,,,,,,,,,,,,,,", u71 ,m4,,
1976, u71 ," And you're tellin' me you don't want any of this cash?,,,,,,,,,,,,,,,,,,,,,,,,,,,,,,,", u67 ,m4,,
1977, u67 ," It's your money.  It'll be here in six months when you get out.,,,,,,,,,,,,,,,,,,,,,,,,,,,,,,,", u67 ,m4,,
1978, u67 ," There's nothin' to talk about.,,,,,,,,,,,,,,,,,,,,,,,,,,,,,,,", u71 ,m4,,
1979, u71 ," Wait a minute, Cates.  I've been waitin' three years for that.  I don't think it's fair, man. What about the merit system.? You were gonnna give me a few thousand."",,,,,,,,,,,,,,,,,,,,,,,,,,,,,,,", u71 ,m4,,
1980, u71 ," Hey, Jack, real men don't have to go in for that macho bullshit ... but I was fantastic."",,,,,,,,,,,,,,,,,,,,,,,,,,,,,,,", u67 ,m4,,
1981, u67 ," Okay, reggie, start bustin' my chops... Tell me how great you were with that chick."",,,,,,,,,,,,,,,,,,,,,,,,,,,,,,,", u67 ,m4,,
1982, u67 ," You did pick a real strange time to go and be brave all on your own...,,,,,,,,,,,,,,,,,,,,,,,,,,,,,,,", u71 ,m4,,
1983, u71 ," Yeah.  But I wasn't there for a second.,,,,,,,,,,,,,,,,,,,,,,,,,,,,,,,", u67 ,m4,,
1984, u67 ," You okay?,,,,,,,,,,,,,,,,,,,,,,,,,,,,,,,", u71 ,m4,,
1985, u71 ," Well, you got to admit we come a long way."",,,,,,,,,,,,,,,,,,,,,,,,,,,,,,,", u67 ,m4,,
1986, u67 ," Partnership?,,,,,,,,,,,,,,,,,,,,,,,,,,,,,,,", u71 ,m4,,
1987, u71 ," Yeah, and I know Ganz sure ain't no sweetheart... I wouldn't like it if this partnership ended before it gets started."",,,,,,,,,,,,,,,,,,,,,,,,,,,,,,,", u67 ,m4,,
1988, u67 ," Sure, I'll give you a shot at it, but Ganz is mine.  You know, that big Indian plays it for keeps..."",,,,,,,,,,,,,,,,,,,,,,,,,,,,,,,", u71 ,m4,,
1989, u71 ," If we run into Billy first, let me try and talk him in."",,,,,,,,,,,,,,,,,,,,,,,,,,,,,,,", u67 ,m4,,
1990, u67 ," Whatever play I maker just back me up.,,,,,,,,,,,,,,,,,,,,,,,,,,,,,,,", u71 ,m4,,
1991, u71 ," Hey, there she is..."",,,,,,,,,,,,,,,,,,,,,,,,,,,,,,,", u67 ,m4,,
1992, u67 ," I've got to play it rough with them. If they know anything, I'm gonna know it."",,,,,,,,,,,,,,,,,,,,,,,,,,,,,,,", u71 ,m4,,
1993, u71 ," What if your girl's theory turns out to be bullshit?  I mean, they could be in Rio de Janeiro."",,,,,,,,,,,,,,,,,,,,,,,,,,,,,,,", u67 ,m4,,
1994, u67 ," If she's right, and if you don't screw up."",,,,,,,,,,,,,,,,,,,,,,,,,,,,,,,", u71 ,m4,,
1995, u71 ," Do I get to kiss her too?,,,,,,,,,,,,,,,,,,,,,,,,,,,,,,,", u71 ,m4,,
1996, u71 ," Yeah, too bad.  They were real nice lookin' too...In bed together, hardly any clothes one watching TV..."",,,,,,,,,,,,,,,,,,,,,,,,,,,,,,,", u67 ,m4,,
1997, u67 ," Yeah, well the only woman of the Indian's we ran into was shacked up with her dyke girlfriend.  I guess she went with him before she came outta the Closet ... They both looked mad enough to kill him..."",,,,,,,,,,,,,,,,,,,,,,,,,,,,,,,", u67 ,m4,,
1998, u67 ," Don't worry about it.,,,,,,,,,,,,,,,,,,,,,,,,,,,,,,,", u71 ,m4,,
1999, u71 ," It's late, they're closing..."",,,,,,,,,,,,,,,,,,,,,,,,,,,,,,,", u71 ,m4,,
2000, u71 ," Yeah, but we didn't get 'em."",,,,,,,,,,,,,,,,,,,,,,,,,,,,,,,", u67 ,m4,,
2001, u67 ," Naw, you didn't let me down.  It was a long shot all the way.  We gave 'em a good run at it."",,,,,,,,,,,,,,,,,,,,,,,,,,,,,,,", u71 ,m4,,
2002, u71 ," Sorry we didn't do better, Jack. I feel like I let you down."",,,,,,,,,,,,,,,,,,,,,,,,,,,,,,,", u67 ,m4,,
2003, u67 ," I don't know about you, but I could use a drink... I'll buy you one.  It'll be my good-bye present."",,,,,,,,,,,,,,,,,,,,,,,,,,,,,,,", u71 ,m4,,
2004, u71 ," Back to jail in my own car.  Ganz got away. Got all my money. It just don't seem right.,,,,,,,,,,,,,,,,,,,,,,,,,,,,,,,", u67 ,m4,,
2005, u67 ," I had it impounded.  Come on, we'll use it for haulin' you back to the slam."",,,,,,,,,,,,,,,,,,,,,,,,,,,,,,,", u71 ,m4,,
2006, u71 ," Hey, how'd my car get here?"",,,,,,,,,,,,,,,,,,,,,,,,,,,,,,,", u67 ,m4,,
2007, u67 ," Yeah. It missed the last four stops.,,,,,,,,,,,,,,,,,,,,,,,,,,,,,,,", u71 ,m4,,
2008, u71 ," Notice something funny about that bus?,,,,,,,,,,,,,,,,,,,,,,,,,,,,,,,", u71 ,m4,,
2009, u71 ," Luther's on the move...,,,,,,,,,,,,,,,,,,,,,,,,,,,,,,,", u67 ,m4,,
2010, u67 ," Why?,,,,,,,,,,,,,,,,,,,,,,,,,,,,,,,", u71 ,m4,,
2011, u71 ," When you been in prison three years, it don't take long. Let's go."",,,,,,,,,,,,,,,,,,,,,,,,,,,,,,,", u67 ,m4,,
2012, u67 ," That was quick.,,,,,,,,,,,,,,,,,,,,,,,,,,,,,,,", u71 ,m4,,
2013, u71 ," I can just take her right across the street to Luther's hotel.  All I need is some money for the room.,,,,,,,,,,,,,,,,,,,,,,,,,,,,,,,", u67 ,m4,,
2014, u67 ," Yeah, I see her."",,,,,,,,,,,,,,,,,,,,,,,,,,,,,,,", u67 ,m4,,
2015, u67 ," Yeah. Guess not.,,,,,,,,,,,,,,,,,,,,,,,,,,,,,,,", u71 ,m4,,
2016, u71 ," Bein' good at your job don't explain everything, Jack ..."",,,,,,,,,,,,,,,,,,,,,,,,,,,,,,,", u67 ,m4,,
2017, u67 ," Thanks for callin' in... and I guess Maybe... Look, I'm sorry I called you Watermellon nigger... those kinds of things. I was just leanin' on ya, doin' my job."",,,,,,,,,,,,,,,,,,,,,,,,,,,,,,,", u71 ,m4,,
2018, u71 ," You sure that's the reason?,,,,,,,,,,,,,,,,,,,,,,,,,,,,,,,", u67 ,m4,,
2019, u67 ," I don't know why, but I'm going to let you keep it. Maybe because you told me you had it, or maybe just because I'm too tired to argue..."",,,,,,,,,,,,,,,,,,,,,,,,,,,,,,,", u71 ,m4,,
2020, u71 ," Forget it. I want Ganz as bad as you do and I got some other news for you...,,,,,,,,,,,,,,,,,,,,,,,,,,,,,,,", u67 ,m4,,
2021, u67 ," Tell me something.  Why didn't you just take the money off Luther and split?,,,,,,,,,,,,,,,,,,,,,,,,,,,,,,,", u67 ,m4,,
2022, u67 ," So you took the rest of the night off...,,,,,,,,,,,,,,,,,,,,,,,,,,,,,,,", u71 ,m4,,
2023, u71 ," They must have set up a meeting for the morning; Luther left an 8 am wake-up and put up the """"Don't Disturb"""" sign.  He's trading his girl for the money.  All we have to do to grab Ganz is not go blind."",,,,,,,,,,,,,,,,,,,,,,,,,,,,,,,", u71 ,m4,,
2024, u71 ," Let him get some sleep.  He's going to need it.,,,,,,,,,,,,,,,,,,,,,,,,,,,,,,,", u67 ,m4,,
2025, u67 ," Maybe we should pay Luther a visit.,,,,,,,,,,,,,,,,,,,,,,,,,,,,,,,", u71 ,m4,,
2026, u71 ," You missed ... Luther took a taxi to the hotel across the street. Made a phone call.,,,,,,,,,,,,,,,,,,,,,,,,,,,,,,,", u67 ,m4,,
2027, u67 ," We missed.,,,,,,,,,,,,,,,,,,,,,,,,,,,,,,,", u71 ,m4,,
2028, u71 ," What about Ganz?,,,,,,,,,,,,,,,,,,,,,,,,,,,,,,,", u67 ,m4,,
2029, u67 ," What about Luther?,,,,,,,,,,,,,,,,,,,,,,,,,,,,,,,", u67 ,m4,,
2030, u67 ," Hello. And goodbye.,,,,,,,,,,,,,,,,,,,,,,,,,,,,,,,", u71 ,m4,,
2031, u71 ," Be polite. Say hello.  This is Candy.,,,,,,,,,,,,,,,,,,,,,,,,,,,,,,,", u67 ,m4,,
2032, u67 ," Where's luther?,,,,,,,,,,,,,,,,,,,,,,,,,,,,,,,", u67 ,m4,,
2033, u67 ," I'll be there in a minute. You don't move your ass, right?"",,,,,,,,,,,,,,,,,,,,,,,,,,,,,,,", u71 ,m4,,
2034, u71 ," Hey, Jack, how ya doin'? What took you so long to call, man? I been waitin' ... I'm at Vroman's up in the Fillmore. Yeah, Vroman's... 'Course you don't hang out here; it's for the brothers."",,,,,,,,,,,,,,,,,,,,,,,,,,,,,,,", u71 ,m4,,
2035, u71 ," No way...,,,,,,,,,,,,,,,,,,,,,,,,,,,,,,,", u67 ,m4,,
2036, u67 ," You stay with me...,,,,,,,,,,,,,,,,,,,,,,,,,,,,,,,", u71 ,m4,,
2037, u71 ," Bullshit. Then i'm staying with the money.,,,,,,,,,,,,,,,,,,,,,,,,,,,,,,,", u67 ,m4,,
2038, u67 ," Right. if you ever switch from armed robbery to pimping, then you're all set."",,,,,,,,,,,,,,,,,,,,,,,,,,,,,,,", u71 ,m4,,
2039, u71 ," That was in style a couple years back, man."",,,,,,,,,,,,,,,,,,,,,,,,,,,,,,,", u67 ,m4,,
2040, u67 ," Yeah, most cops are pretty dumb... But since you're the one that landed in jail what's that make you?"",,,,,,,,,,,,,,,,,,,,,,,,,,,,,,,", u71 ,m4,,
2041, u71 ," We're getting too close ... Cates, what's the matter, you been takin' dumb pills?"",,,,,,,,,,,,,,,,,,,,,,,,,,,,,,,", u67 ,m4,,
2042, u67 ," Class isn't somethin' you buy, punk. Look at you, five hundred dollar suit and you're still a lowlife."",,,,,,,,,,,,,,,,,,,,,,,,,,,,,,,", u71 ,m4,,
2043, u71 ," No class...,,,,,,,,,,,,,,,,,,,,,,,,,,,,,,,", u67 ,m4,,
2044, u67 ," What you don't understand is, I don't give a damn about how this thing looks."",,,,,,,,,,,,,,,,,,,,,,,,,,,,,,,", u71 ,m4,,
2045, u71 ," You know, I'd be embarrassed if I let my wheels go the way you've done with this job."",,,,,,,,,,,,,,,,,,,,,,,,,,,,,,,", u67 ,m4,,
2046, u67 ," Yeah, it doesn't look like he's gonna make it as a dangerous tough guy..."",,,,,,,,,,,,,,,,,,,,,,,,,,,,,,,", u71 ,m4,,
2047, u71 ," A long time agb Luther must of got the shit beat out of him so bad it just rattled his brain ... that would account for him making so many wrong moves in a row...,,,,,,,,,,,,,,,,,,,,,,,,,,,,,,,", u71 ,m4,,
2048, u71 ," If he's hoping that then he's dumber than I think he is, which would be amazin', cause I already think he's real dumb."",,,,,,,,,,,,,,,,,,,,,,,,,,,,,,,", u67 ,m4,,
2049, u67 ," Maybe Luther hopes Ganz'll give him a piece of your money...,,,,,,,,,,,,,,,,,,,,,,,,,,,,,,,", u71 ,m4,,
2050, u71 ," You got a very depressing view of life, man... you gotta smile once in awhile..."",,,,,,,,,,,,,,,,,,,,,,,,,,,,,,,", u67 ,m4,,
2051, u67 ," I'm not in this 'cause it's fun. I'm not into hitting guys 'cause it makes me feel good either... I do it 'cause it works-...,,,,,,,,,,,,,,,,,,,,,,,,,,,,,,,", u71 ,m4,,
2052, u71 ," Doesn't it get... Tiring?,,,,,,,,,,,,,,,,,,,,,,,,,,,,,,,", u67 ,m4,,
2053, u67 ," If they don't tell me what I need to know...,,,,,,,,,,,,,,,,,,,,,,,,,,,,,,,", u71 ,m4,,
2054, u71 ," Say, do you always work people over like you did Luther?"",,,,,,,,,,,,,,,,,,,,,,,,,,,,,,,", u67 ,m4,,
2055, u67 ," That ain't philosophy.  That's common sense.,,,,,,,,,,,,,,,,,,,,,,,,,,,,,,,", u71 ,m4,,
2056, u71 ," I let women get to me.  The quest for pussy is the meaning of life ... I got my own personal philosophy about 'em.  Keep women separate from guns, money and business ... women are for spending money.  They got nothing to do with helping you make it."",,,,,,,,,,,,,,,,,,,,,,,,,,,,,,,", u67 ,m4,,
2057, u67 ," I suppose you'd never be like Luther and let a woman get to you...,,,,,,,,,,,,,,,,,,,,,,,,,,,,,,,", u67 ,m4,,
2058, u67 ," Oh, yeah, does bein' in love make you stupid?"",,,,,,,,,,,,,,,,,,,,,,,,,,,,,,,", u71 ,m4,,
2059, u71 ," I'm tellin' you the man's in love... he wants to be a hero for his girl.,,,,,,,,,,,,,,,,,,,,,,,,,,,,,,,", u67 ,m4,,
2060, u67 ," If I was his size and had Ganz on my ass, I'd  just leave town."",,,,,,,,,,,,,,,,,,,,,,,,,,,,,,,", u71 ,m4,,
2061, u71 ," Tryin' to save his girl, man. He's in another world."",,,,,,,,,,,,,,,,,,,,,,,,,,,,,,,", u67 ,m4,,
2062, u67 ," You'd think the guy'd be smart enough to know he was being tailed.,,,,,,,,,,,,,,,,,,,,,,,,,,,,,,,", u71 ,m4,,
2063, u71 ," I had no choice. Some white asshole bought the last piece of shit skyblue Cadillac.,,,,,,,,,,,,,,,,,,,,,,,,,,,,,,,", u67 ,m4,,
2064, u67 ," Didn't know you darker people went in for foreign jobs.,,,,,,,,,,,,,,,,,,,,,,,,,,,,,,,", u71 ,m4,,
2065, u71 ," Jesus Christ, look at all the dust on my car...why in the hell don't he take it to a car wash?"",,,,,,,,,,,,,,,,,,,,,,,,,,,,,,,", u71 ,m4,,
2066, u71 ," Jesus Christ.  That's a disgrace The guy pulls a gun on a cop and he's out in 24 hours.  I tell you some of the courts these days are just a fucking revolving door.,,,,,,,,,,,,,,,,,,,,,,,,,,,,,,,", u67 ,m4,,
2067, u67 ," Musta got some primo bondsman.,,,,,,,,,,,,,,,,,,,,,,,,,,,,,,,", u71 ,m4,,
2068, u71 ," What?,,,,,,,,,,,,,,,,,,,,,,,,,,,,,,,", u67 ,m4,,
2069, u67 ," Guess what?  Luther just got in line.,,,,,,,,,,,,,,,,,,,,,,,,,,,,,,,", u71 ,m4,,
2070, u71 ," Not really.  I figured Ganz was put down for a long time.  And I knew Luther would never job me on his own.  He's too chickenshit.,,,,,,,,,,,,,,,,,,,,,,,,,,,,,,,", u67 ,m4,,
2071, u67 ," You took a big chance, leaving this here all this time."",,,,,,,,,,,,,,,,,,,,,,,,,,,,,,,", u67 ,m4,,
2072, u67 ," Shit.,,,,,,,,,,,,,,,,,,,,,,,,,,,,,,,", u71 ,m4,,
2073, u71 ," I wasn't sure the money was still there until we saw Luther. You almost got your ass shot off for nothing once, not twice, Jack."",,,,,,,,,,,,,,,,,,,,,,,,,,,,,,,", u67 ,m4,,
2074, u67 ," You son of a bitch. You knew where the money was all along and all we had to do was come here and wait. I almost got my ass blown off twice tonight for nothing.,,,,,,,,,,,,,,,,,,,,,,,,,,,,,,,", u71 ,m4,,
2075, u71 ," You just drove by it.,,,,,,,,,,,,,,,,,,,,,,,,,,,,,,,", u67 ,m4,,
2076, u67 ," ...For three years?  Let's hope it wasn't a tow-away zone.,,,,,,,,,,,,,,,,,,,,,,,,,,,,,,,", u71 ,m4,,
2077, u71 ," This'll show you how smart I am. I got it parked.,,,,,,,,,,,,,,,,,,,,,,,,,,,,,,,", u71 ,m4,,
2078, u71 ," You're a real case, you know that, Jack?"",,,,,,,,,,,,,,,,,,,,,,,,,,,,,,,", u67 ,m4,,
2079, u67 ," Where's the goddamn car?,,,,,,,,,,,,,,,,,,,,,,,,,,,,,,,", u67 ,m4,,
2080, u67 ," Yeah.  Right.,,,,,,,,,,,,,,,,,,,,,,,,,,,,,,,", u71 ,m4,,
2081, u71 ," Get this. We ain't partners. We ain't brothers. We ain't friends. If Ganz gets away with my money, you're gonna be sorry we ever met."",,,,,,,,,,,,,,,,,,,,,,,,,,,,,,,", u67 ,m4,,
2082, u67 ," Right, partner."",,,,,,,,,,,,,,,,,,,,,,,,,,,,,,,", u71 ,m4,,
2083, u71 ," In the trunk of a car.  A lot better than under a mattress, right?"",,,,,,,,,,,,,,,,,,,,,,,,,,,,,,,", u67 ,m4,,
2084, u67 ," Where's the money?,,,,,,,,,,,,,,,,,,,,,,,,,,,,,,,", u67 ,m4,,
2085, u67 ," Depends on how things work out. I believe in the merit system. So far you haven't built up any points.,,,,,,,,,,,,,,,,,,,,,,,,,,,,,,,", u71 ,m4,,
2086, u71 ," You gonna let me keep any of it?,,,,,,,,,,,,,,,,,,,,,,,,,,,,,,,", u67 ,m4,,
2087, u67 ," Not likely, convict."",,,,,,,,,,,,,,,,,,,,,,,,,,,,,,,", u71 ,m4,,
2088, u71 ," We split 50-50?,,,,,,,,,,,,,,,,,,,,,,,,,,,,,,,", u71 ,m4,,
2089, u71 ," You catch on real fast...Okay, Jack, let's talk deal. How much of my money you gonna let me keep?"",,,,,,,,,,,,,,,,,,,,,,,,,,,,,,,", u67 ,m4,,
2090, u67 ," He's after your money.,,,,,,,,,,,,,,,,,,,,,,,,,,,,,,,", u71 ,m4,,
2091, u71 ," Me and my bunch hit a dealer in the middle of a sale. It's the kind of money nobody ever reports stolen. I was sittin' pretty, livin' in the high cotton, then somebody fingered me for another job. ... Some psycho who's out there capping people with some cop's gun."",,,,,,,,,,,,,,,,,,,,,,,,,,,,,,,", u67 ,m4,,
2092, u67 ," Just tell me about the money.,,,,,,,,,,,,,,,,,,,,,,,,,,,,,,,", u67 ,m4,,
2093, u67 ," Jesus.,,,,,,,,,,,,,,,,,,,,,,,,,,,,,,,", u71 ,m4,,
2094, u71 ," Half a million.,,,,,,,,,,,,,,,,,,,,,,,,,,,,,,,", u67 ,m4,,
2095, u67 ," How much?,,,,,,,,,,,,,,,,,,,,,,,,,,,,,,,", u71 ,m4,,
2096, u71 ," I been waiting a long time for some money.,,,,,,,,,,,,,,,,,,,,,,,,,,,,,,,", u71 ,m4,,
2097, u71 ," One thing's for sure, Jack. That's how you'll tell the story."",,,,,,,,,,,,,,,,,,,,,,,,,,,,,,,", u67 ,m4,,
2098, u67 ," They saved your ass, convict."",,,,,,,,,,,,,,,,,,,,,,,,,,,,,,,", u71 ,m4,,
2099, u71 ," Naw, you'd just call your pals back to bail you out one more time."",,,,,,,,,,,,,,,,,,,,,,,,,,,,,,,", u67 ,m4,,
2100, u67 ," Yeah, right.  You want to try again?"",,,,,,,,,,,,,,,,,,,,,,,,,,,,,,,", u67 ,m4,,
2101, u67 ," Who gives a Goddamn what you think? You're just a crook that's got a weekendpass ... You're not even a name anymore. Just a spear- chucker with a Goddamn number stenciled on the back of his prison fatigues...,,,,,,,,,,,,,,,,,,,,,,,,,,,,,,,", u71 ,m4,,
2102, u71 ," Maybe I don't like the way you ask.,,,,,,,,,,,,,,,,,,,,,,,,,,,,,,,", u67 ,m4,,
2103, u67 ," Luther knew more than he told me and so do you...Now you better tell we what the fuck this is all about.  I gave you 48 hours to come up with something and the clock's runnin' ...,,,,,,,,,,,,,,,,,,,,,,,,,,,,,,,", u71 ,m4,,
2104, u71 ," I'm impressed with you too, Jack you did a real good job of busting up a couple of dykes bedded down for the night."",,,,,,,,,,,,,,,,,,,,,,,,,,,,,,,", u67 ,m4,,
2105, u67 ," You?  Don't make me laugh.  You can't take care of shit.  You've been dicking me around since we started on this turd-hunt.  All you're good for is games... So far, what I got outta you is nothin'..."",,,,,,,,,,,,,,,,,,,,,,,,,,,,,,,", u71 ,m4,,
2106, u71 ," You wanna leave, man?  Let me take care of Ganz all by myself."",,,,,,,,,,,,,,,,,,,,,,,,,,,,,,,", u67 ,m4,,
2107, u67 ," This sucks.  A maniac gets hold of my gun and goes all over the streets killing people with it. So, instead of me being where I oughta be, which is in bed giving my girl the high, hard one, I'm out here doing this shit, roaming around with some overdressed, charcoal-colored loser like you."",,,,,,,,,,,,,,,,,,,,,,,,,,,,,,,", u71 ,m4,,
2108, u71 ," Wait a minute.  Maybe these ladies would like to go a few laps with us.  How about it? I been nearly three years in prison and...,,,,,,,,,,,,,,,,,,,,,,,,,,,,,,,", u67 ,m4,,
2109, u67 ," Let's go.,,,,,,,,,,,,,,,,,,,,,,,,,,,,,,,", u67 ,m4,,
2110, u67 ," Come on.,,,,,,,,,,,,,,,,,,,,,,,,,,,,,,,", u71 ,m4,,
2111, u71 ," Must be billy's girl.,,,,,,,,,,,,,,,,,,,,,,,,,,,,,,,", u67 ,m4,,
2112, u67 ," There.,,,,,,,,,,,,,,,,,,,,,,,,,,,,,,,", u67 ,m4,,
2113, u67 ," While you're at it, You can give me the switchblade, too."",,,,,,,,,,,,,,,,,,,,,,,,,,,,,,,", u71 ,m4,,
2114, u71 ," You made that move, huh?"",,,,,,,,,,,,,,,,,,,,,,,,,,,,,,,", u67 ,m4,,
2115, u67 ," Some of us citizens are with you all the way, Officer."",,,,,,,,,,,,,,,,,,,,,,,,,,,,,,,", u71 ,m4,,
2116, u71 ," That wasn't necessary, buddy. I got this under control."",,,,,,,,,,,,,,,,,,,,,,,,,,,,,,,", u67 ,m4,,
2117, u67 ," My kind of place. I always liked country boys.,,,,,,,,,,,,,,,,,,,,,,,,,,,,,,,", u71 ,m4,,
2118, u71 ," This place don't seem real popular with the brothers.,,,,,,,,,,,,,,,,,,,,,,,,,,,,,,,", u71 ,m4,,
2119, u71 ," I thought you said bullshit and experience are all it takes.,,,,,,,,,,,,,,,,,,,,,,,,,,,,,,,", u67 ,m4,,
2120, u67 ," I'm gonna enjoy this ... here, I'll even loan you my badge."",,,,,,,,,,,,,,,,,,,,,,,,,,,,,,,", u67 ,m4,,
2121, u67 ," The bet's off.,,,,,,,,,,,,,,,,,,,,,,,,,,,,,,,", u71 ,m4,,
2122, u71 ," I don't know what you're talking about. I just wanna see Ganz nailed.,,,,,,,,,,,,,,,,,,,,,,,,,,,,,,,", u67 ,m4,,
2123, u67 ," You tell me what Ganz busted out for, he's after a lot more than just gettin' out of jail.  And whatever it is, you're part of it."",,,,,,,,,,,,,,,,,,,,,,,,,,,,,,,", u71 ,m4,,
2124, u71 ," What are you talkin' about?,,,,,,,,,,,,,,,,,,,,,,,,,,,,,,,", u67 ,m4,,
2125, u67 ," I'll tell you what happens if you lose... you tell the truth for once.,,,,,,,,,,,,,,,,,,,,,,,,,,,,,,,", u71 ,m4,,
2126, u71 ," That's never been one of my problems.,,,,,,,,,,,,,,,,,,,,,,,,,,,,,,,", u67 ,m4,,
2127, u67 ," Why?  Anybody that talks about women as much as you do probably can't get it up anyway.,,,,,,,,,,,,,,,,,,,,,,,,,,,,,,,", u71 ,m4,,
2128, u71 ," If we come outta this joint with Ganz' phone number, or a dead Indian, or anything else useful, then you could turn the other way for half an hour while I get laid..."",,,,,,,,,,,,,,,,,,,,,,,,,,,,,,,", u67 ,m4,,
2129, u67 ," I got two problems.  Number one, I'm not playin' games.  Number two, you got nothin' to bet with."",,,,,,,,,,,,,,,,,,,,,,,,,,,,,,,", u71 ,m4,,
2130, u71 ," Hey, you wanna bet?"",,,,,,,,,,,,,,,,,,,,,,,,,,,,,,,", u67 ,m4,,
2131, u67 ," You need five years training to handle a joint like...,,,,,,,,,,,,,,,,,,,,,,,,,,,,,,,", u71 ,m4,,
2132, u71 ," I been in a lot of bars where a white cop rousted me and some of the brothers. All those clowns ever had going for 'em was a gun and a badge...,,,,,,,,,,,,,,,,,,,,,,,,,,,,,,,", u67 ,m4,,
2133, u67 ," Bullshit.  Attitude and experience get you through...,,,,,,,,,,,,,,,,,,,,,,,,,,,,,,,", u71 ,m4,,
2134, u71 ," But you can handle it all right, huh? Real amazin' how far a gun and a badge can carry some cats..."",,,,,,,,,,,,,,,,,,,,,,,,,,,,,,,", u67 ,m4,,
2135, u67 ," If they kick my ass, they'll sure as hell carve yours up..."",,,,,,,,,,,,,,,,,,,,,,,,,,,,,,,", u71 ,m4,,
2136, u71 ," Back you up?  Now why would I wanna do that?,,,,,,,,,,,,,,,,,,,,,,,,,,,,,,,", u67 ,m4,,
2137, u67 ," This part of town, they'll make us for heat the second we walk in. Just back me up like you've got a piece..."",,,,,,,,,,,,,,,,,,,,,,,,,,,,,,,", u71 ,m4,,
2138, u71 ," It's a long shot, but...Billy used to tend bar here a few years back. I heard him talk about it."",,,,,,,,,,,,,,,,,,,,,,,,,,,,,,,", u67 ,m4,,
2139, u67 ," Well?,,,,,,,,,,,,,,,,,,,,,,,,,,,,,,,", u71 ,m4,,
2140, u71 ," At least you took care of business and got the important part in before she came down on you...Tell me a little about her.  She got great tits?,,,,,,,,,,,,,,,,,,,,,,,,,,,,,,,", u67 ,m4,,
2141, u67 ," Sure.  Then we had a fight this morning.,,,,,,,,,,,,,,,,,,,,,,,,,,,,,,,", u71 ,m4,,
2142, u71 ," You have a good time?,,,,,,,,,,,,,,,,,,,,,,,,,,,,,,,", u67 ,m4,,
2143, u67 ," Last night.,,,,,,,,,,,,,,,,,,,,,,,,,,,,,,,", u71 ,m4,,
2144, u71 ," Last night, two nights ago, three?"",,,,,,,,,,,,,,,,,,,,,,,,,,,,,,,", u67 ,m4,,
2145, u67 ," I don't give out the details.,,,,,,,,,,,,,,,,,,,,,,,,,,,,,,,", u71 ,m4,,
2146, u71 ," Mission District.  Gonna find us an Indian.,,,,,,,,,,,,,,,,,,,,,,,,,,,,,,,", u67 ,m4,,
2147, u67 ," Now, where we goin', convict?"",,,,,,,,,,,,,,,,,,,,,,,,,,,,,,,", u67 ,m4,,
2148, u67 ," She's got the same complaint as half the Goddamn population.  She can't get the job she's trained for and it pisses her off... Anyway, what the fuck do you care?"",,,,,,,,,,,,,,,,,,,,,,,,,,,,,,,", u71 ,m4,,
2149, u71 ," You really do have onoe, huh, Jack... what's her problem besides you?"",,,,,,,,,,,,,,,,,,,,,,,,,,,,,,,", u67 ,m4,,
2150, u67 ," Just get in the car and keep your mouth shut.,,,,,,,,,,,,,,,,,,,,,,,,,,,,,,,", u71 ,m4,,
2151, u71 ," Who'd you call on the phone back at the booking station?,,,,,,,,,,,,,,,,,,,,,,,,,,,,,,,", u71 ,m4,,
2152, u71 ," Yeah, I want mandolins, flowers... They move off down the corridor."",,,,,,,,,,,,,,,,,,,,,,,,,,,,,,,", u67 ,m4,,
2153, u67 ," Yeah, I'm hungry too. I know of a place. Let's go eat."",,,,,,,,,,,,,,,,,,,,,,,,,,,,,,,", u71 ,m4,,
2154, u71 ," Bullshit ... I ain't moving  till I get something to eat. You've been treating me like shit ever since I came out here.  If you don't like it, you can take me back to the penitentiary and kiss my hungry black ass good-bye.  And I want some food some place nice.. Some good people, nice music..."",,,,,,,,,,,,,,,,,,,,,,,,,,,,,,,", u67 ,m4,,
2155, u67 ," We eat when I say we eat.,,,,,,,,,,,,,,,,,,,,,,,,,,,,,,,", u71 ,m4,,
2156, u71 ," Speakin' of moans my Stomach is startin' to growl.,,,,,,,,,,,,,,,,,,,,,,,,,,,,,,,", u67 ,m4,,
2157, u67 ," Yeah, well, my ass bleeds for you. And I didn't get you out so you could go on a Goddamn """"trim"""" hunt... stop moaning."",,,,,,,,,,,,,,,,,,,,,,,,,,,,,,,", u71 ,m4,,
2158, u71 ," Do you know how close I was to getting some trim.  And you fucked' it up.,,,,,,,,,,,,,,,,,,,,,,,,,,,,,,,", u67 ,m4,,
2159, u67 ," We're on the move. Let's go. As they walk toward a corridor.,,,,,,,,,,,,,,,,,,,,,,,,,,,,,,,", u71 ,m4,,
2160, u71 ," If you let him run around till Tuesday, he's gonna run right to Ganz and warn him. Ain't you, motherfucker?"",,,,,,,,,,,,,,,,,,,,,,,,,,,,,,,", u67 ,m4,,
2161, u67 ," He's gotta take that call ... if there is one.,,,,,,,,,,,,,,,,,,,,,,,,,,,,,,,", u71 ,m4,,
2162, u71 ," I think you better put him on ice, man."",,,,,,,,,,,,,,,,,,,,,,,,,,,,,,,", u67 ,m4,,
2163, u67 ," What do you think?,,,,,,,,,,,,,,,,,,,,,,,,,,,,,,,", u67 ,m4,,
2164, u67 ," Want to try it again?,,,,,,,,,,,,,,,,,,,,,,,,,,,,,,,", u71 ,m4,,
2165, u71 ," Thank you.,,,,,,,,,,,,,,,,,,,,,,,,,,,,,,,", u67 ,m4,,
2166, u67 ," Hey, this works pretty good."",,,,,,,,,,,,,,,,,,,,,,,,,,,,,,,", u67 ,m4,,
2167, u67 ," Just throw me the Goddamn gun.,,,,,,,,,,,,,,,,,,,,,,,,,,,,,,,", u71 ,m4,,
2168, u71 ," I got a whole thing about people pointin' guns at me.,,,,,,,,,,,,,,,,,,,,,,,,,,,,,,,", u67 ,m4,,
2169, u67 ," I'm tellin' you to drop the Goddam gun.,,,,,,,,,,,,,,,,,,,,,,,,,,,,,,,", u71 ,m4,,
2170, u71 ," Quit playin' cop and undo this cuff, Jack, I need to talk to this man."",,,,,,,,,,,,,,,,,,,,,,,,,,,,,,,", u67 ,m4,,
2171, u67 ," I'm helpin' you, huh?"",,,,,,,,,,,,,,,,,,,,,,,,,,,,,,,", u71 ,m4,,
2172, u71 ," Luther ain't the reliable type. I don't want you shot yet, Cates ... not before you been a help to me."",,,,,,,,,,,,,,,,,,,,,,,,,,,,,,,", u67 ,m4,,
2173, u67 ," Your pal nuts enough to take a shot at me?,,,,,,,,,,,,,,,,,,,,,,,,,,,,,,,", u71 ,m4,,
2174, u71 ," Just up the street, the other side, over there ... Now, don't bother knockin' on the door. Luther ain't the kind of guy that looks for company."",,,,,,,,,,,,,,,,,,,,,,,,,,,,,,,", u67 ,m4,,
2175, u67 ," I may call you worse than that.,,,,,,,,,,,,,,,,,,,,,,,,,,,,,,,", u71 ,m4,,
2176, u71 ," Then what're you complainin' about? At least nobody's calling you shithead....,,,,,,,,,,,,,,,,,,,,,,,,,,,,,,,", u67 ,m4,,
2177, u67 ," I don't give a damn.  It happens to be my name.,,,,,,,,,,,,,,,,,,,,,,,,,,,,,,,", u71 ,m4,,
2178, u71 ," Just an expression man, don't mean nothin'."",,,,,,,,,,,,,,,,,,,,,,,,,,,,,,,", u67 ,m4,,
2179, u67 ," I can read a police file, shithead, and quit calling me Jack."",,,,,,,,,,,,,,,,,,,,,,,,,,,,,,,", u71 ,m4,,
2180, u71 ," What gang you talkin' about, Jack?"",,,,,,,,,,,,,,,,,,,,,,,,,,,,,,,", u67 ,m4,,
2181, u67 ," Luther was part of the gang?,,,,,,,,,,,,,,,,,,,,,,,,,,,,,,,", u71 ,m4,,
2182, u71 ," Don't worry, I got a move for ya. An awesome move. A guy named Luther. Ganz'll be paying him a visit.  We go to him right away."",,,,,,,,,,,,,,,,,,,,,,,,,,,,,,,", u67 ,m4,,
2183, u67 ," Okay, let's get down to it.  I did my part and got you out.  So now you tell me where we're goin'?"",,,,,,,,,,,,,,,,,,,,,,,,,,,,,,,", u71 ,m4,,
2184, u71 ," It looks like you bought it off one of the brothers.,,,,,,,,,,,,,,,,,,,,,,,,,,,,,,,", u67 ,m4,,
2185, u67 ," Yeah.,,,,,,,,,,,,,,,,,,,,,,,,,,,,,,,", u71 ,m4,,
2186, u71 ," Shit.  I'm already sorry.,,,,,,,,,,,,,,,,,,,,,,,,,,,,,,,", u67 ,m4,,
2187, u67 ," Get this.  We ain't partners. We ain't brothers.  We ain't friends. I'm puttin' you down and keepin' you down until Ganz is locked up or dead.  And if Ganz gets away, you're gonna be sorry we ever met."",,,,,,,,,,,,,,,,,,,,,,,,,,,,,,,", u71 ,m4,,
2188, u71 ," No way to start a partnership.,,,,,,,,,,,,,,,,,,,,,,,,,,,,,,,", u67 ,m4,,
2189, u67 ," You just don't get it, do your Reggie?  There isn't any deal. I own your ass."",,,,,,,,,,,,,,,,,,,,,,,,,,,,,,,", u71 ,m4,,
2190, u71 ," Hey, no way.  Take off the bracelets or no deal."",,,,,,,,,,,,,,,,,,,,,,,,,,,,,,,", u71 ,m4,,
2191, u71 ," You got a girl... shit... the generosityof women never ceases to amaze me.,,,,,,,,,,,,,,,,,,,,,,,,,,,,,,,", u67 ,m4,,
2192, u67 ," I don't need to hear your jive. I already got that department taken care of...,,,,,,,,,,,,,,,,,,,,,,,,,,,,,,,", u71 ,m4,,
2193, u71 ," Listen, it may be a little out of date. You know, I got a reputation for lookingreal sharp with the ladies..."",,,,,,,,,,,,,,,,,,,,,,,,,,,,,,,", u67 ,m4,,
2194, u67 ," We're supposed to be after a killer, not a string of hookers..."",,,,,,,,,,,,,,,,,,,,,,,,,,,,,,,", u71 ,m4,,
2195, u71 ," What are you talkin' about?  This suit's mine.  It cost $900.,,,,,,,,,,,,,,,,,,,,,,,,,,,,,,,", u67 ,m4,,
2196, u67 ," This prison gives out $400 suits?,,,,,,,,,,,,,,,,,,,,,,,,,,,,,,,", u67 ,m4,,
2197, u67 ," I'll think about it.,,,,,,,,,,,,,,,,,,,,,,,,,,,,,,,", u71 ,m4,,
2198, u71 ," It's the only way you're gonna get Ganz.,,,,,,,,,,,,,,,,,,,,,,,,,,,,,,,", u67 ,m4,,
2199, u67 ," Bullshit.,,,,,,,,,,,,,,,,,,,,,,,,,,,,,,,", u71 ,m4,,
2200, u71 ," I got a lot to protect.,,,,,,,,,,,,,,,,,,,,,,,,,,,,,,,", u67 ,m4,,
2201, u67 ," What's the big deal about you bein' on the street?,,,,,,,,,,,,,,,,,,,,,,,,,,,,,,,", u71 ,m4,,
2202, u71 ," I can help you, man, but you gotta get me out.  I got to be on the street.  Get me outta here."",,,,,,,,,,,,,,,,,,,,,,,,,,,,,,,", u67 ,m4,,
2203, u67 ," You're crazy.,,,,,,,,,,,,,,,,,,,,,,,,,,,,,,,", u71 ,m4,,
2204, u71 ," I can deliver Ganz.  But you gotta get me outta here first.,,,,,,,,,,,,,,,,,,,,,,,,,,,,,,,", u67 ,m4,,
2205, u67 ," Yeah?,,,,,,,,,,,,,,,,,,,,,,,,,,,,,,,", u67 ,m4,,
2206, u67 ," Didn't work out that way.  He busted out with a big Indian. They capped two guards on a road gang. Nice meeting you Reggie.,,,,,,,,,,,,,,,,,,,,,,,,,,,,,,,", u71 ,m4,,
2207, u71 ," Ganz is in jail.  He's gonna be there two years after I'm on the street.,,,,,,,,,,,,,,,,,,,,,,,,,,,,,,,", u67 ,m4,,
2208, u67 ," Yeah, I noticed..."",,,,,,,,,,,,,,,,,,,,,,,,,,,,,,,", u67 ,m4,,
2209, u67 ," Not likely, Reggie.  Maybe I just need some help."",,,,,,,,,,,,,,,,,,,,,,,,,,,,,,,", u71 ,m4,,
2210, u71 ," You here to write my life story?,,,,,,,,,,,,,,,,,,,,,,,,,,,,,,,", u71 ,m4,,
2211, u71 ," Sure, anything you want."",,,,,,,,,,,,,,,,,,,,,,,,,,,,,,,", u67 ,m4,,
2212, u67 ," Try Cates.  And let's talk in private, okay?"",,,,,,,,,,,,,,,,,,,,,,,,,,,,,,,", u71 ,m4,,
2213, u71 ," You got a name, cop?"",,,,,,,,,,,,,,,,,,,,,,,,,,,,,,,", u67 ,m4,,
2214, u67 ," I'm taking my prisoner back to jail.,,,,,,,,,,,,,,,,,,,,,,,,,,,,,,,", u70 ,m4,,
2215, u70 ," Where the Christ do you think you're going?,,,,,,,,,,,,,,,,,,,,,,,,,,,,,,,", u70 ,m4,,
2216, u70 ," Just cause you say it with conviction don't mean shit to me... How you gonna take to a pink slip, huh?."",,,,,,,,,,,,,,,,,,,,,,,,,,,,,,,", u67 ,m4,,
2217, u67 ," He's got more brains and more guts in one corner of his asshole than any cop I've worked with.,,,,,,,,,,,,,,,,,,,,,,,,,,,,,,,", u70 ,m4,,
2218, u70 ," Too bad, it would've covered your ass.  Now you're in the shit and so's the department. In case you haven't noticed, this wasn't our finest hour... I told you everyone was watchin' on this one. Maybe you better start thinkin' about writin' tickets off a three wheel bike."",,,,,,,,,,,,,,,,,,,,,,,,,,,,,,,", u67 ,m4,,
2219, u67 ," I didn't have the time.,,,,,,,,,,,,,,,,,,,,,,,,,,,,,,,", u70 ,m4,,
2220, u70 ," Don't duck the bullet Cates. Why didn't you call in for backup instead of makin' a grandstand play?,,,,,,,,,,,,,,,,,,,,,,,,,,,,,,,", u67 ,m4,,
2221, u67 ," Right.  I screwed up.  I fucked up. I messed up.  Anybody could have done better, especially you. I bet you're real good at hitting targets through crowds."",,,,,,,,,,,,,,,,,,,,,,,,,,,,,,,", u70 ,m4,,
2222, u70 ," What a screw-up.,,,,,,,,,,,,,,,,,,,,,,,,,,,,,,,", u70 ,m4,,
2223, u70 ," You couldn't get to him?,,,,,,,,,,,,,,,,,,,,,,,,,,,,,,,", u67 ,m4,,
2224, u67 ," The Indian.  I was about 30 yards away.,,,,,,,,,,,,,,,,,,,,,,,,,,,,,,,", u70 ,m4,,
2225, u70 ," Which one pulled the trigger?,,,,,,,,,,,,,,,,,,,,,,,,,,,,,,,", u67 ,m4,,
2226, u67 ," They ran.  As fast as they could. Caught a train.,,,,,,,,,,,,,,,,,,,,,,,,,,,,,,,", u70 ,m4,,
2227, u70 ," How did they get away?,,,,,,,,,,,,,,,,,,,,,,,,,,,,,,,", u67 ,m4,,
2228, u67 ," I lost them, that's what happened."",,,,,,,,,,,,,,,,,,,,,,,,,,,,,,,", u70 ,m4,,
2229, u70 ," What the bell happened?,,,,,,,,,,,,,,,,,,,,,,,,,,,,,,,", u67 ,m4,,
2230, u67 ," I'll keep it in mind.,,,,,,,,,,,,,,,,,,,,,,,,,,,,,,,", u70 ,m4,,
2231, u70 ," Try not to get your ass shot to pieces. We got enough dead cops on this one.,,,,,,,,,,,,,,,,,,,,,,,,,,,,,,,", u67 ,m4,,
2232, u67 ," Yeah?,,,,,,,,,,,,,,,,,,,,,,,,,,,,,,,", u70 ,m4,,
2233, u70 ," Jack?,,,,,,,,,,,,,,,,,,,,,,,,,,,,,,,", u67 ,m4,,
2234, u67 ," You really know how to send a guy out with a great attitude. He starts to go.,,,,,,,,,,,,,,,,,,,,,,,,,,,,,,,", u70 ,m4,,
2235, u70 ," Okay.  You're not a team player. You gotta do things your own way. Fine.  Nail this guy and make us all look good.  But you better watch your ass.  If you screw up, I can promise you, you're goin' down."",,,,,,,,,,,,,,,,,,,,,,,,,,,,,,,", u67 ,m4,,
2236, u67 ," Being a hot dog's worked pretty well for me so far... Besides, I got a lead..."",,,,,,,,,,,,,,,,,,,,,,,,,,,,,,,", u70 ,m4,,
2237, u70 ," You might be more of a team player and a little less of a hot dog on this one, Jack."",,,,,,,,,,,,,,,,,,,,,,,,,,,,,,,", u67 ,m4,,
2238, u67 ," Yeah.  It bothers me when cops get hurt while I'm makin' a play. I don't like it.,,,,,,,,,,,,,,,,,,,,,,,,,,,,,,,", u70 ,m4,,
2239, u70 ," Anthing botherin' you besides losin' your gun?,,,,,,,,,,,,,,,,,,,,,,,,,,,,,,,", u67 ,m4,,
2240, u67 ," Yeah...,,,,,,,,,,,,,,,,,,,,,,,,,,,,,,,", u70 ,m4,,
2241, u70 ," Jack, come on, there is an official department policy about cop killings. Cop killers represent a special priority because any man crazy enough to kill a cop is a greater threat to an unarmed civilian... In other words, we can't seen like we're in the revenge business... I know, we all know the truth's a little different."",,,,,,,,,,,,,,,,,,,,,,,,,,,,,,,", u67 ,m4,,
2242, u67 ," Hey, the bastard's got my gun.  I want it back."",,,,,,,,,,,,,,,,,,,,,,,,,,,,,,,", u70 ,m4,,
2243, u70 ," Yeah, I read the report..."",,,,,,,,,,,,,,,,,,,,,,,,,,,,,,,", u67 ,m4,,
2244, u67 ," I want to be left alone on this one. Algren was killed with my gun.,,,,,,,,,,,,,,,,,,,,,,,,,,,,,,,", u77 ,m4,,
2245, u77 ," I guess when two cops die on account of your fuck up you want to keep it as quiet as possible...,,,,,,,,,,,,,,,,,,,,,,,,,,,,,,,", u67 ,m4,,
2246, u67 ," Are you gonna tell me about police procedure?  Do me a favor, don't give me a bunch of crap."",,,,,,,,,,,,,,,,,,,,,,,,,,,,,,,", u77 ,m4,,
2247, u77 ," Somebody steals your gun, you're supposed to file a report."",,,,,,,,,,,,,,,,,,,,,,,,,,,,,,,", u67 ,m4,,
2248, u67 ," The truth hurts, doesn't it, buddy?"",,,,,,,,,,,,,,,,,,,,,,,,,,,,,,,", u77 ,m4,,
2249, u77 ," But that's what you say about all of us all the tine ... we're always the ones fucking up when you tell it...,,,,,,,,,,,,,,,,,,,,,,,,,,,,,,,", u67 ,m4,,
2250, u67 ," Yeah.,,,,,,,,,,,,,,,,,,,,,,,,,,,,,,,", u77 ,m4,,
2251, u77 ," That's what you say, Cates..."",,,,,,,,,,,,,,,,,,,,,,,,,,,,,,,", u73 ,m4,,
2252, u73 ," I'm not paid to take your personal calls.  He was in some bar. .. off duty.,,,,,,,,,,,,,,,,,,,,,,,,,,,,,,,", u67 ,m4,,
2253, u67 ," Jesus Christ.  Why the hell didn't you tell me before?,,,,,,,,,,,,,,,,,,,,,,,,,,,,,,,", u67 ,m4,,
2254, u67 ," What?,,,,,,,,,,,,,,,,,,,,,,,,,,,,,,,", u73 ,m4,,
2255, u73 ," I almost forgot.  That pal of yours from the Vice Squad wants you to call him.,,,,,,,,,,,,,,,,,,,,,,,,,,,,,,,", u73 ,m4,,
2256, u73 ," Okay.  See you in the morning... you know, you ought to get some rest..."",,,,,,,,,,,,,,,,,,,,,,,,,,,,,,,", u67 ,m4,,
2257, u67 ," I got to wait for a call.,,,,,,,,,,,,,,,,,,,,,,,,,,,,,,,", u73 ,m4,,
2258, u73 ," I'm heading out. How about you?,,,,,,,,,,,,,,,,,,,,,,,,,,,,,,,", u67 ,m4,,
2259, u67 ," Bullshit red tape.,,,,,,,,,,,,,,,,,,,,,,,,,,,,,,,", u73 ,m4,,
2260, u73 ," Nothing.,,,,,,,,,,,,,,,,,,,,,,,,,,,,,,,", u67 ,m4,,
2261, u67 ," Nothing came in for me yet?  No calls?,,,,,,,,,,,,,,,,,,,,,,,,,,,,,,,", u73 ,m4,,
2262, u73 ," Doesn't look like it.,,,,,,,,,,,,,,,,,,,,,,,,,,,,,,,", u67 ,m4,,
2263, u67 ," Aw, bullshit, you heard wrong."",,,,,,,,,,,,,,,,,,,,,,,,,,,,,,,", u73 ,m4,,
2264, u73 ," Long night, too, from what I heard ... Word's going around that in addition to losing Ganz for the second time, and in addition to Haden busting you back to Patrolman, some jig beat the crap out of you."",,,,,,,,,,,,,,,,,,,,,,,,,,,,,,,", u67 ,m4,,
2265, u67 ," So do you...been a long day.,,,,,,,,,,,,,,,,,,,,,,,,,,,,,,,", u73 ,m4,,
2266, u73 ," You look awful.,,,,,,,,,,,,,,,,,,,,,,,,,,,,,,,", u67 ,m4,,
2267, u67 ," One of  em's in the slam.,,,,,,,,,,,,,,,,,,,,,,,,,,,,,,,", u73 ,m4,,
2268, u73 ," Here's the file. Cates checks the file.,,,,,,,,,,,,,,,,,,,,,,,,,,,,,,,", u67 ,m4,,
2269, u67 ," I think I wanna have a discussion about it with any of the ones still walking.  Can we find them?,,,,,,,,,,,,,,,,,,,,,,,,,,,,,,,", u73 ,m4,,
2270, u73 ," Hey ... Dick Tracy.,,,,,,,,,,,,,,,,,,,,,,,,,,,,,,,", u67 ,m4,,
2271, u67 ," Tell me that's not the same guy.,,,,,,,,,,,,,,,,,,,,,,,,,,,,,,,", u73 ,m4,,
2272, u73 ," Uhh ... Wong, Henry Wong.  He was in on the same job."",,,,,,,,,,,,,,,,,,,,,,,,,,,,,,,", u67 ,m4,,
2273, u67 ," Wait a minute, wait a minute... who's this?"",,,,,,,,,,,,,,,,,,,,,,,,,,,,,,,", u73 ,m4,,
2274, u73 ," They all pulled a bunch of jobs with Ganz about four years ago.,,,,,,,,,,,,,,,,,,,,,,,,,,,,,,,", u67 ,m4,,
2275, u67 ," Who are all these?,,,,,,,,,,,,,,,,,,,,,,,,,,,,,,,", u73 ,m4,,
2276, u73 ," Backup man from the East Bay. Worked with Ganz a few years ago and sprung him from the road gang.,,,,,,,,,,,,,,,,,,,,,,,,,,,,,,,", u67 ,m4,,
2277, u67 ," Billy Bear...,,,,,,,,,,,,,,,,,,,,,,,,,,,,,,,", u67 ,m4,,
2278, u67 ," Shit.,,,,,,,,,,,,,,,,,,,,,,,,,,,,,,,", u73 ,m4,,
2279, u73 ," This guy must have had a .44 like yours, Jack. Now he's got yours."",,,,,,,,,,,,,,,,,,,,,,,,,,,,,,,", u67 ,m4,,
2280, u67 ," I'll help you out.,,,,,,,,,,,,,,,,,,,,,,,,,,,,,,,", u73 ,m4,,
2281, u73 ," Every last bit of it.  The big guy's room was empty.,,,,,,,,,,,,,,,,,,,,,,,,,,,,,,,", u67 ,m4,,
2282, u67 ," Is that what this guy Ganz had in the hotel?,,,,,,,,,,,,,,,,,,,,,,,,,,,,,,,", u75 ,m4,,
2283, u75 ," I dunno ... he's gonna call me...,,,,,,,,,,,,,,,,,,,,,,,,,,,,,,,", u67 ,m4,,
2284, u67 ," When? How?,,,,,,,,,,,,,,,,,,,,,,,,,,,,,,,", u75 ,m4,,
2285, u75 ," He ... he wants me to help him skip town.,,,,,,,,,,,,,,,,,,,,,,,,,,,,,,,", u75 ,m4,,
2286, u75 ," I don't know.,,,,,,,,,,,,,,,,,,,,,,,,,,,,,,,", u67 ,m4,,
2287, u67 ," I think I met her.  Now tell us something we don't know, like where they stashed her."",,,,,,,,,,,,,,,,,,,,,,,,,,,,,,,", u75 ,m4,,
2288, u75 ," Ganz and Billy got my girl, Rosalie."",,,,,,,,,,,,,,,,,,,,,,,,,,,,,,,", u75 ,m4,,
2289, u75 ," Who gives a fuck what you think?,,,,,,,,,,,,,,,,,,,,,,,,,,,,,,,", u67 ,m4,,
2290, u67 ," You just took a shot at me, asshole. I think you do know where he is."",,,,,,,,,,,,,,,,,,,,,,,,,,,,,,,", u75 ,m4,,
2291, u75 ," Haven't seen him for years. That's the truth.,,,,,,,,,,,,,,,,,,,,,,,,,,,,,,,", u67 ,m4,,
2292, u67 ," I sure ain't his fairy godmother... now I'm looking for Ganz...where is he?,,,,,,,,,,,,,,,,,,,,,,,,,,,,,,,", u75 ,m4,,
2293, u75 ," A cop...,,,,,,,,,,,,,,,,,,,,,,,,,,,,,,,", u67 ,m4,,
2294, u67 ," That's what I always say.,,,,,,,,,,,,,,,,,,,,,,,,,,,,,,,", u68 ,m4,,
2295, u68 ," You're impossible...,,,,,,,,,,,,,,,,,,,,,,,,,,,,,,,", u67 ,m4,,
2296, u67 ," He's takin' care of the same business I'll be takin' care of - soon as I dry off.,,,,,,,,,,,,,,,,,,,,,,,,,,,,,,,", u68 ,m4,,
2297, u68 ," Tell me.,,,,,,,,,,,,,,,,,,,,,,,,,,,,,,,", u67 ,m4,,
2298, u67 ," Promised I'd turn my back while he... ah, never mind..."",,,,,,,,,,,,,,,,,,,,,,,,,,,,,,,", u68 ,m4,,
2299, u68 ," Where is he?,,,,,,,,,,,,,,,,,,,,,,,,,,,,,,,", u67 ,m4,,
2300, u67 ," Three more hours...,,,,,,,,,,,,,,,,,,,,,,,,,,,,,,,", u67 ,m4,,
2301, u67 ," Yeah, bein' a hard-ass all the time is a real drag, but it works."",,,,,,,,,,,,,,,,,,,,,,,,,,,,,,,", u68 ,m4,,
2302, u68 ," I've been waiting a long time to hear you say that.,,,,,,,,,,,,,,,,,,,,,,,,,,,,,,,", u67 ,m4,,
2303, u67 ," Usual bullshit.  You make one smart move and everybody wants to be your friend... You know somethin', shootin' guys sucks. Especially compared to this."",,,,,,,,,,,,,,,,,,,,,,,,,,,,,,,", u68 ,m4,,
2304, u68 ," How'd they take it back at headquarters?,,,,,,,,,,,,,,,,,,,,,,,,,,,,,,,", u67 ,m4,,
2305, u67 ," Let's go, Reggie."",,,,,,,,,,,,,,,,,,,,,,,,,,,,,,,", u68 ,m4,,
2306, u68 ," What do I know?  I'm just a bartender.,,,,,,,,,,,,,,,,,,,,,,,,,,,,,,,", u67 ,m4,,
2307, u67 ," Whaddya think?,,,,,,,,,,,,,,,,,,,,,,,,,,,,,,,", u68 ,m4,,
2308, u68 ," Oh, yeah, well look where you came when you were down and out."",,,,,,,,,,,,,,,,,,,,,,,,,,,,,,,", u67 ,m4,,
2309, u67 ," Hey, Come on, shrink time's over. They wouldn't go see some old girlfriend."",,,,,,,,,,,,,,,,,,,,,,,,,,,,,,,", u68 ,m4,,
2310, u68 ," When a guy hurts you, then comes back bleeding on his hands and knees, who knows, he might just be irrestible."",,,,,,,,,,,,,,,,,,,,,,,,,,,,,,,", u67 ,m4,,
2311, u67 ," So what?,,,,,,,,,,,,,,,,,,,,,,,,,,,,,,,", u68 ,m4,,
2312, u68 ," It might pay to reexamine a few of your more primitive notions.  I was in bed with a girlfriend watching TV last week, Jack, and one thing we know about me is I happen not to be a lesbian ... Now, if this Indian's girlfriend got upset when you came looking for him, it could just be she's still vulnerable to him."",,,,,,,,,,,,,,,,,,,,,,,,,,,,,,,", u67 ,m4,,
2313, u67 ," Come on, they were a little old for a slumber party."",,,,,,,,,,,,,,,,,,,,,,,,,,,,,,,", u68 ,m4,,
2314, u68 ," What makes you think they were lesbians, or as you so quaintly put it, dykes?"",,,,,,,,,,,,,,,,,,,,,,,,,,,,,,,", u68 ,m4,,
2315, u68 ," Jack, it's all over the papers. He's an obvious type.  But this Indian..."",,,,,,,,,,,,,,,,,,,,,,,,,,,,,,,", u67 ,m4,,
2316, u67 ," How do you know?,,,,,,,,,,,,,,,,,,,,,,,,,,,,,,,", u68 ,m4,,
2317, u68 ," Ganz is going to be hard to track. Just a pure schizo ... wires all crossed... totally without any pattern... kill anybody... The Indian... himself... anybody...,,,,,,,,,,,,,,,,,,,,,,,,,,,,,,,", u67 ,m4,,
2318, u67 ," Nothing.  No sign of Ganz.  No sign of the Indian.  Airport's clean.  Train station. Bus station.  Docks... Shit...,,,,,,,,,,,,,,,,,,,,,,,,,,,,,,,", u67 ,m4,,
2319, u67 ," I've been better...Dead end.  No Ganz, no Indian."",,,,,,,,,,,,,,,,,,,,,,,,,,,,,,,", u68 ,m4,,
2320, u68 ," You real down?,,,,,,,,,,,,,,,,,,,,,,,,,,,,,,,", u67 ,m4,,
2321, u67 ," We and my pal here have been taking it on the chin for the last few hours...,,,,,,,,,,,,,,,,,,,,,,,,,,,,,,,", u68 ,m4,,
2322, u68 ," I can see that.  Pardon me for saying so, but you look like shit.  What happened?"",,,,,,,,,,,,,,,,,,,,,,,,,,,,,,,", u67 ,m4,,
2323, u67 ," Don't.  We've had a hard night.,,,,,,,,,,,,,,,,,,,,,,,,,,,,,,,", u68 ,m4,,
2324, u68 ," I ought to have you and your friend thrown out...,,,,,,,,,,,,,,,,,,,,,,,,,,,,,,,", u67 ,m4,,
2325, u67 ," Hiya, kid."",,,,,,,,,,,,,,,,,,,,,,,,,,,,,,,", u68 ,m4,,
2326, u68 ," Hey, I don't believe it."",,,,,,,,,,,,,,,,,,,,,,,,,,,,,,,", u68 ,m4,,
2327, u68 ," Fuck you.,,,,,,,,,,,,,,,,,,,,,,,,,,,,,,,", u67 ,m4,,
2328, u67 ," Hi, it's me..."",,,,,,,,,,,,,,,,,,,,,,,,,,,,,,,", u68 ,m4,,
2329, u68 ," Hello.,,,,,,,,,,,,,,,,,,,,,,,,,,,,,,,", u67 ,m4,,
2330, u67 ," Just a second, that's all!"",,,,,,,,,,,,,,,,,,,,,,,,,,,,,,,", u68 ,m4,,
2331, u68 ," Jack, wait..."",,,,,,,,,,,,,,,,,,,,,,,,,,,,,,,", u67 ,m4,,
2332, u67 ," Elaine, I gotta put you on hold..."",,,,,,,,,,,,,,,,,,,,,,,,,,,,,,,", u68 ,m4,,
2333, u68 ," Jack?  What was that?,,,,,,,,,,,,,,,,,,,,,,,,,,,,,,,", u67 ,m4,,
2334, u67 ," The number ... what's the Goddamn number?,,,,,,,,,,,,,,,,,,,,,,,,,,,,,,,", u68 ,m4,,
2335, u68 ," So am I.,,,,,,,,,,,,,,,,,,,,,,,,,,,,,,,", u67 ,m4,,
2336, u67 ," No, it's I'm just surprised you called."",,,,,,,,,,,,,,,,,,,,,,,,,,,,,,,", u68 ,m4,,
2337, u68 ," No wonder you're so popular.,,,,,,,,,,,,,,,,,,,,,,,,,,,,,,,", u67 ,m4,,
2338, u67 ," Elaine! I... I'm sorry... I was expecting somebody else... police business.,,,,,,,,,,,,,,,,,,,,,,,,,,,,,,,", u68 ,m4,,
2339, u68 ," I'm at work, asshole.  Where else?"",,,,,,,,,,,,,,,,,,,,,,,,,,,,,,,", u68 ,m4,,
2340, u68 ," This is not the way people who care for each other are supposed to behave.,,,,,,,,,,,,,,,,,,,,,,,,,,,,,,,", u67 ,m4,,
2341, u67 ," Listen, Goddamn it if you think I'm happy about it, you're nuts. I just gotta take care of a few things, okay?"",,,,,,,,,,,,,,,,,,,,,,,,,,,,,,,", u67 ,m4,,
2342, u67 ," Elaine, look, I'm in the middle of sone stuff right now... I'm not gonna have time to come by. I don't know when I can get there."",,,,,,,,,,,,,,,,,,,,,,,,,,,,,,,", u68 ,m4,,
2343, u68 ," Just one.  Some lady called.  Said she's a little hot-headed sometimes... But she still wants her occasional roommate. She'd like to talk it over after she gets off work tonight... if it's humanly possible....,,,,,,,,,,,,,,,,,,,,,,,,,,,,,,,", u68 ,m4,,
2344, u68 ," I get that. The job first. Everything else, especially me, second. I get it. I don't like it."",,,,,,,,,,,,,,,,,,,,,,,,,,,,,,,", u67 ,m4,,
2345, u67 ," That's right.  I'm not like you. I'm not gonna sit on my ass wondering what's right and what's wrong... There's a psycho out there killing people with my gun and I'm gonna get him.  Because it's my job. And if you don't get that...,,,,,,,,,,,,,,,,,,,,,,,,,,,,,,,", u68 ,m4,,
2346, u68 ," Here it comes again ... the sacred job...,,,,,,,,,,,,,,,,,,,,,,,,,,,,,,,", u67 ,m4,,
2347, u67 ," I didn't get burned, two cops did. Listen, I'll tell you about personnel responsibility.  I like to get the job done right.  And if I don't get my job done right... I'm for shit."",,,,,,,,,,,,,,,,,,,,,,,,,,,,,,,", u68 ,m4,,
2348, u68 ," Look, Jack, if you make everything your personal responsibility, you'll turn into a bad cop.  It's not a practical way to function..."",,,,,,,,,,,,,,,,,,,,,,,,,,,,,,,", u67 ,m4,,
2349, u67 ," Bullshit?  I'll tell you about bullshit.  My gun's a real weapon in the hands of a real maniac who knows how to use it.  It isn't my macho bullshit that's killing people, my gun is ..."",,,,,,,,,,,,,,,,,,,,,,,,,,,,,,,", u68 ,m4,,
2350, u68 ," Look, spare me the macho bullshit about your gun..."",,,,,,,,,,,,,,,,,,,,,,,,,,,,,,,", u67 ,m4,,
2351, u67 ," Sure, okay, fine, no problem... See, there's this kid in jail ... First thing I got to do is go up and see what he knows ..."",,,,,,,,,,,,,,,,,,,,,,,,,,,,,,,", u68 ,m4,,
2352, u68 ," Jack, are you okay?"",,,,,,,,,,,,,,,,,,,,,,,,,,,,,,,", u67 ,m4,,
2353, u67 ," Yeah, Guess it must have been a slow news day..."",,,,,,,,,,,,,,,,,,,,,,,,,,,,,,,", u68 ,m4,,
2354, u68 ," You made the front page.,,,,,,,,,,,,,,,,,,,,,,,,,,,,,,,", u67 ,m4,,
2355, u67 ," Yeah, one of my favorites."",,,,,,,,,,,,,,,,,,,,,,,,,,,,,,,", u68 ,m4,,
2356, u68 ," Great place for lunch.,,,,,,,,,,,,,,,,,,,,,,,,,,,,,,,", u67 ,m4,,
2357, u67 ," Guess people ought to know who I am...,,,,,,,,,,,,,,,,,,,,,,,,,,,,,,,", u68 ,m4,,
2358, u68 ," I think you forgot this. Hands him his wallet and badge...,,,,,,,,,,,,,,,,,,,,,,,,,,,,,,,", u67 ,m4,,
2359, u67 ," Thanks for the coffee.,,,,,,,,,,,,,,,,,,,,,,,,,,,,,,,", u68 ,m4,,
2360, u68 ," Yeah, for some reason, I'm sure..."",,,,,,,,,,,,,,,,,,,,,,,,,,,,,,,", u67 ,m4,,
2361, u67 ," You sure you want me to?,,,,,,,,,,,,,,,,,,,,,,,,,,,,,,,", u68 ,m4,,
2362, u68 ," Call me later.,,,,,,,,,,,,,,,,,,,,,,,,,,,,,,,", u67 ,m4,,
2363, u67 ," That's the way I see it, too."",,,,,,,,,,,,,,,,,,,,,,,,,,,,,,,", u68 ,m4,,
2364, u68 ," You know something, Jack, you really are hopeless."",,,,,,,,,,,,,,,,,,,,,,,,,,,,,,,", u68 ,m4,,
2365, u68 ," I wish you'd stop trying to make me mad so I won't care for you... I wish you'd give me a little more of a chance.,,,,,,,,,,,,,,,,,,,,,,,,,,,,,,,", u67 ,m4,,
2366, u67 ," What do you want to know?  What difference does it make?  I'm the guy in your bed the last three months.  I make you feel good. You make me feel good.  What the hell else do you want from a guy?,,,,,,,,,,,,,,,,,,,,,,,,,,,,,,,", u68 ,m4,,
2367, u68 ," When you start with that attitude... it's like I don't know who you are.,,,,,,,,,,,,,,,,,,,,,,,,,,,,,,,", u67 ,m4,,
2368, u67 ," Maybe you don't know what the hell you're talking about.,,,,,,,,,,,,,,,,,,,,,,,,,,,,,,,", u68 ,m4,,
2369, u68 ," Maybe that makes a nice excuse.,,,,,,,,,,,,,,,,,,,,,,,,,,,,,,,", u67 ,m4,,
2370, u67 ," Maybe I got a fairly crummy day ahead.,,,,,,,,,,,,,,,,,,,,,,,,,,,,,,,", u68 ,m4,,
2371, u68 ," That's a fairly crummy way to start a morning.,,,,,,,,,,,,,,,,,,,,,,,,,,,,,,,", u68 ,m4,,
2372, u68 ," Maybe I would if I knew when you were coming back.,,,,,,,,,,,,,,,,,,,,,,,,,,,,,,,", u67 ,m4,,
2373, u67 ," Maybe you ought to buy me one.,,,,,,,,,,,,,,,,,,,,,,,,,,,,,,,", u67 ,m4,,
2374, u67 ," What makes you think I have any clean shirts at my place?,,,,,,,,,,,,,,,,,,,,,,,,,,,,,,,", u68 ,m4,,
2375, u68 ," You know, if you let me come over to your place once in a while, you could put on a clean shirt in the morning."",,,,,,,,,,,,,,,,,,,,,,,,,,,,,,,", u67 ,m4,,
2376, u67 ," I think you're ashamed to tend bar which is sad because you look great in that outfit they make you wear... You pull down four bills a week which is damn good, and you mix the best Pina Coladas I've ever had... I think that if you need bigger and better things ... then go for em."",,,,,,,,,,,,,,,,,,,,,,,,,,,,,,,", u68 ,m4,,
2377, u68 ," Tell me--I'm dyin' to hear it.,,,,,,,,,,,,,,,,,,,,,,,,,,,,,,,", u67 ,m4,,
2378, u67 ," Hey, you know what I really think?"",,,,,,,,,,,,,,,,,,,,,,,,,,,,,,,", u68 ,m4,,
2379, u68 ," If this is your idea of sympathetic interest in my problems, I'll take brutal indifference."",,,,,,,,,,,,,,,,,,,,,,,,,,,,,,,", u67 ,m4,,
2380, u67 ," I do think all psychotherapy is bullshit. But just because I think it's bullshit doesn't mean I don't know something about it.,,,,,,,,,,,,,,,,,,,,,,,,,,,,,,,", u68 ,m4,,
2381, u68 ," Aren't you the one that thinks all psychotherapy is bullshit?,,,,,,,,,,,,,,,,,,,,,,,,,,,,,,,", u67 ,m4,,
2382, u67 ," Positive self-image problem all over again ... You are who you decide you are unless you're the type that lets assholes decide for you.,,,,,,,,,,,,,,,,,,,,,,,,,,,,,,,", u68 ,m4,,
2383, u68 ," Then I sit back and I think, I mean, who's to say I'm not a dumb bitch.  I work in a bar, right? I can't read a list of my academic credentials to every booze-hound that comes in the place... You are what you do..."",,,,,,,,,,,,,,,,,,,,,,,,,,,,,,,", u67 ,m4,,
2384, u67 ," I guess he got the message...,,,,,,,,,,,,,,,,,,,,,,,,,,,,,,,", u68 ,m4,,
2385, u68 ," Irrigated his face with the shot of J and B I'd just poured him. Then I tried to deck the sucker.,,,,,,,,,,,,,,,,,,,,,,,,,,,,,,,", u67 ,m4,,
2386, u67 ," What'd you do?,,,,,,,,,,,,,,,,,,,,,,,,,,,,,,,", u68 ,m4,,
2387, u68 ," A guy in the bar called me a dumb bitch today.,,,,,,,,,,,,,,,,,,,,,,,,,,,,,,,", u67 ,m4,,
2388, u67 ," What's wrong with that?,,,,,,,,,,,,,,,,,,,,,,,,,,,,,,,", u68 ,m4,,
2389, u68 ," I'm all wet.,,,,,,,,,,,,,,,,,,,,,,,,,,,,,,,", u67 ,m4,,
2390, u67 ," That's the way I see it, too."",,,,,,,,,,,,,,,,,,,,,,,,,,,,,,,", u68 ,m4,,
2391, u68 ," You're hopeless.,,,,,,,,,,,,,,,,,,,,,,,,,,,,,,,", u67 ,m4,,
2392, u67 ," Hey, you're right."",,,,,,,,,,,,,,,,,,,,,,,,,,,,,,,", u68 ,m4,,
2393, u68 ," I still don't think it's loaded.,,,,,,,,,,,,,,,,,,,,,,,,,,,,,,,", u67 ,m4,,
2394, u67 ," This is a .44 Magnum, the most powerful handgun in the world. You gotta ask yourself just one question. Are you feelin' lucky?"",,,,,,,,,,,,,,,,,,,,,,,,,,,,,,,", u68 ,m4,,
2395, u68 ," I don't think your gun's loaded...,,,,,,,,,,,,,,,,,,,,,,,,,,,,,,,", u67 ,m4,,
2396, u67 ," I don't answer questions, I ask 'em..."",,,,,,,,,,,,,,,,,,,,,,,,,,,,,,,", u68 ,m4,,
2397, u68 ," What am I wanted for?,,,,,,,,,,,,,,,,,,,,,,,,,,,,,,,", u68 ,m4,,
2398, u68 ," In all due respect, he sounds kind of pathetic to me.  The kind of guy that runs home to his momma or some girlfriend.  Have you two ace detectives checked that out?"",,,,,,,,,,,,,,,,,,,,,,,,,,,,,,,", u71 ,m4,,
2399, u71 ," He was the only one of my bunch that was my friend... He was loyal, went all the way for you..."",,,,,,,,,,,,,,,,,,,,,,,,,,,,,,,", u68 ,m4,,
2400, u68 ," That's no bull.,,,,,,,,,,,,,,,,,,,,,,,,,,,,,,,", u71 ,m4,,
2401, u71 ," Hey, two days with him is enough."",,,,,,,,,,,,,,,,,,,,,,,,,,,,,,,", u68 ,m4,,
2402, u68 ," How would you know?,,,,,,,,,,,,,,,,,,,,,,,,,,,,,,,", u71 ,m4,,
2403, u71 ," Hard man to live with.,,,,,,,,,,,,,,,,,,,,,,,,,,,,,,,", u68 ,m4,,
2404, u68 ," Shrink major, not a shrink."",,,,,,,,,,,,,,,,,,,,,,,,,,,,,,,", u71 ,m4,,
2405, u71 ," Well, I been workin' the other side of the street for the last few years.  And you don't exactly look like a shrink, wearin' that dress..."",,,,,,,,,,,,,,,,,,,,,,,,,,,,,,,", u68 ,m4,,
2406, u68 ," I'm not so sure I can say the same thing...You don't look like a cop.,,,,,,,,,,,,,,,,,,,,,,,,,,,,,,,", u71 ,m4,,
2407, u71 ," Name's Hammond, Reggie Hammond. I heard a lot about you. And any friend of Jack's is a friend of mine."",,,,,,,,,,,,,,,,,,,,,,,,,,,,,,,", u68 ,m4,,
2408, u68 ," Who the hell are you?,,,,,,,,,,,,,,,,,,,,,,,,,,,,,,,", u74 ,m4,,
2409, u74 ," Alright, I'm coming...hold on."",,,,,,,,,,,,,,,,,,,,,,,,,,,,,,,", u69 ,m4,,
2410, u69 ," Keep stallin'.,,,,,,,,,,,,,,,,,,,,,,,,,,,,,,,", u74 ,m4,,
2411, u74 ," What do you want?,,,,,,,,,,,,,,,,,,,,,,,,,,,,,,,", u69 ,m4,,
2412, u69 ," Stall.,,,,,,,,,,,,,,,,,,,,,,,,,,,,,,,", u69 ,m4,,
2413, u69 ," Shut up.,,,,,,,,,,,,,,,,,,,,,,,,,,,,,,,", u74 ,m4,,
2414, u74 ," What do you want?  What's goin' on?,,,,,,,,,,,,,,,,,,,,,,,,,,,,,,,", u74 ,m4,,
2415, u74 ," What the hell's wrong?  I didn't do anything.,,,,,,,,,,,,,,,,,,,,,,,,,,,,,,,", u69 ,m4,,
2416, u69 ," Shut up.,,,,,,,,,,,,,,,,,,,,,,,,,,,,,,,", u74 ,m4,,
2417, u74 ," Hey...,,,,,,,,,,,,,,,,,,,,,,,,,,,,,,,", u72 ,m4,,
2418, u72 ," Sure, right."",,,,,,,,,,,,,,,,,,,,,,,,,,,,,,,", u69 ,m4,,
2419, u69 ," We'll follow you.  Take it slow,okay?"",,,,,,,,,,,,,,,,,,,,,,,,,,,,,,,", u72 ,m4,,
2420, u72 ," Yeah, old times."",,,,,,,,,,,,,,,,,,,,,,,,,,,,,,,", u69 ,m4,,
2421, u69 ," We got a lot to talk about.,,,,,,,,,,,,,,,,,,,,,,,,,,,,,,,", u72 ,m4,,
2422, u72 ," Can't complain.,,,,,,,,,,,,,,,,,,,,,,,,,,,,,,,", u69 ,m4,,
2423, u69 ," How ya doin'?,,,,,,,,,,,,,,,,,,,,,,,,,,,,,,,", u72 ,m4,,
2424, u72 ," Hot?  Hey, they're not even room temperature."",,,,,,,,,,,,,,,,,,,,,,,,,,,,,,,", u69 ,m4,,
2425, u69 ," How hot are they?,,,,,,,,,,,,,,,,,,,,,,,,,,,,,,,", u69 ,m4,,
2426, u69 ," What are you talkin' about? I said I wouldn't hurt her.,,,,,,,,,,,,,,,,,,,,,,,,,,,,,,,", u75 ,m4,,
2427, u75 ," Rosalie, you okay?"",,,,,,,,,,,,,,,,,,,,,,,,,,,,,,,", u69 ,m4,,
2428, u69 ," First, the money."",,,,,,,,,,,,,,,,,,,,,,,,,,,,,,,", u75 ,m4,,
2429, u75 ," Let her go.,,,,,,,,,,,,,,,,,,,,,,,,,,,,,,,", u69 ,m4,,
2430, u69 ," You try to mess with us or go to the cops, I promise you, I'll put holes in her you wouldn't believe."",,,,,,,,,,,,,,,,,,,,,,,,,,,,,,,", u75 ,m4,,
2431, u75 ," Come on, you can trust me. Please."",,,,,,,,,,,,,,,,,,,,,,,,,,,,,,,", u75 ,m4,,
2432, u75 ," Honest. The place we stashed it opens Monday morning. I can't get it till then. Monday morning, that's when it opens. After that, I'll get the money to you right away..."",,,,,,,,,,,,,,,,,,,,,,,,,,,,,,,", u69 ,m4,,
2433, u69 ," You chickenshit punk...,,,,,,,,,,,,,,,,,,,,,,,,,,,,,,,", u75 ,m4,,
2434, u75 ," I can't get it until Monday. Honest.,,,,,,,,,,,,,,,,,,,,,,,,,,,,,,,", u69 ,m4,,
2435, u69 ," When?,,,,,,,,,,,,,,,,,,,,,,,,,,,,,,,", u75 ,m4,,
2436, u75 ," No! Don't kill her.  I can get you the money.,,,,,,,,,,,,,,,,,,,,,,,,,,,,,,,", u69 ,m4,,
2437, u69 ," Billy, go ahead, break it..."",,,,,,,,,,,,,,,,,,,,,,,,,,,,,,,", u75 ,m4,,
2438, u75 ," Don't give me this, we were partners."",,,,,,,,,,,,,,,,,,,,,,,,,,,,,,,", u69 ,m4,,
2439, u69 ," Instead of worryin' about Reggie, you better worry about me..."",,,,,,,,,,,,,,,,,,,,,,,,,,,,,,,", u69 ,m4,,
2440, u69 ," You want that Indian to snap her neck?,,,,,,,,,,,,,,,,,,,,,,,,,,,,,,,", u75 ,m4,,
2441, u75 ," I don't know what you're talkin' about.,,,,,,,,,,,,,,,,,,,,,,,,,,,,,,,", u69 ,m4,,
2442, u69 ," I want the money, asshole, what do you think?  The money that Reggie hid..."",,,,,,,,,,,,,,,,,,,,,,,,,,,,,,,", u75 ,m4,,
2443, u75 ," Whaddya want?  I thought you were locked up-,,,,,,,,,,,,,,,,,,,,,,,,,,,,,,,", u69 ,m4,,
2444, u69 ," Surprise, Luther."",,,,,,,,,,,,,,,,,,,,,,,,,,,,,,,", u71 ,m4,,
2445, u71 ," I'll got your money to you. No sweat.,,,,,,,,,,,,,,,,,,,,,,,,,,,,,,,", u76 ,m4,,
2446, u76 ," Fuck you.  You got no right for this kind of play.,,,,,,,,,,,,,,,,,,,,,,,,,,,,,,,", u71 ,m4,,
2447, u71 ," Try and take it.,,,,,,,,,,,,,,,,,,,,,,,,,,,,,,,", u76 ,m4,,
2448, u76 ," Give it back.,,,,,,,,,,,,,,,,,,,,,,,,,,,,,,,", u71 ,m4,,
2449, u71 ," Yeah, I know that, but this is me and we're old friends. I haven't got the money so what are you gonna do about it?"",,,,,,,,,,,,,,,,,,,,,,,,,,,,,,,", u76 ,m4,,
2450, u76 ," This ain't a credit business.,,,,,,,,,,,,,,,,,,,,,,,,,,,,,,,", u71 ,m4,,
2451, u71 ," Five.  On credit.,,,,,,,,,,,,,,,,,,,,,,,,,,,,,,,", u76 ,m4,,
2452, u76 ," Five bills.,,,,,,,,,,,,,,,,,,,,,,,,,,,,,,,", u71 ,m4,,
2453, u71 ," Don't mess with me. How much?,,,,,,,,,,,,,,,,,,,,,,,,,,,,,,,", u76 ,m4,,
2454, u76 ," This is clean shit.  No serial numbers and never been used...,,,,,,,,,,,,,,,,,,,,,,,,,,,,,,,", u71 ,m4,,
2455, u71 ," How much?,,,,,,,,,,,,,,,,,,,,,,,,,,,,,,,", u76 ,m4,,
2456, u76 ," It's loaded... I got some shells in here.,,,,,,,,,,,,,,,,,,,,,,,,,,,,,,,", u71 ,m4,,
2457, u71 ," How about some ammo?,,,,,,,,,,,,,,,,,,,,,,,,,,,,,,,", u71 ,m4,,
2458, u71 ," I'm sure.  Everybody here's looking at everybody else's ass.,,,,,,,,,,,,,,,,,,,,,,,,,,,,,,,", u76 ,m4,,
2459, u76 ," You sure?,,,,,,,,,,,,,,,,,,,,,,,,,,,,,,,", u71 ,m4,,
2460, u71 ," Naw, right here's okay."",,,,,,,,,,,,,,,,,,,,,,,,,,,,,,,", u76 ,m4,,
2461, u76 ," You want to go outside?,,,,,,,,,,,,,,,,,,,,,,,,,,,,,,,", u76 ,m4,,
2462, u76 ," Not bad, not bad."",,,,,,,,,,,,,,,,,,,,,,,,,,,,,,,", u71 ,m4,,
2463, u71 ," How you doing, man?"",,,,,,,,,,,,,,,,,,,,,,,,,,,,,,,", u76 ,m4,,
