,User_id,text,sec_user,movies_name,relationship,attachment
20049, u653 ," When I asked Evan about his drawing, well, he didn't remember doing it."",,,,,,,,,,,,,,,,,,,,,,,,,,,,,,,", u643 ,m41,,
20050, u643 ," What?,,,,,,,,,,,,,,,,,,,,,,,,,,,,,,,", u653 ,m41,,
20051, u653 ," Of course. There is one more thing, Mrs. Treborn. And I feel bad for mentioning it..."",,,,,,,,,,,,,,,,,,,,,,,,,,,,,,,", u643 ,m41,,
20052, u643 ," Thank you for showing it to me first. I'll... I'll take care of it. Can I have the picture?,,,,,,,,,,,,,,,,,,,,,,,,,,,,,,,", u653 ,m41,,
20053, u653 ," Yesterday I had all the children draw pictures of what they wanted to be when they grew up. Most of them made drawings of what their parents did, but this..."",,,,,,,,,,,,,,,,,,,,,,,,,,,,,,,", u643 ,m41,,
20054, u643 ," What is it?,,,,,,,,,,,,,,,,,,,,,,,,,,,,,,,", u653 ,m41,,
20055, u653 ," I was going to show this to the principal, but I wanted to talk to you first."",,,,,,,,,,,,,,,,,,,,,,,,,,,,,,,", u643 ,m41,,
20056, u643 ," I'm sorry, but can it wait til tonight? I'm already late for work --"",,,,,,,,,,,,,,,,,,,,,,,,,,,,,,,", u653 ,m41,,
20057, u653 ," Mrs. Treborn! I need to speak with you!,,,,,,,,,,,,,,,,,,,,,,,,,,,,,,,", u645 ,m41,,
20058, u645 ," The hemorrhaging... the neural damage is irreparable. I'm frankly surprised he still has use of his motor functions.,,,,,,,,,,,,,,,,,,,,,,,,,,,,,,,", u643 ,m41,,
20059, u643 ," No dances, just tell me."",,,,,,,,,,,,,,,,,,,,,,,,,,,,,,,", u643 ,m41,,
20060, u643 ," So what did you find.,,,,,,,,,,,,,,,,,,,,,,,,,,,,,,,", u645 ,m41,,
20061, u645 ," Actually, these tests weren't available twenty years ago."",,,,,,,,,,,,,,,,,,,,,,,,,,,,,,,", u645 ,m41,,
20062, u645 ," Nine, ten. And you're awake! Open your eyes, dammit!"",,,,,,,,,,,,,,,,,,,,,,,,,,,,,,,", u643 ,m41,,
20063, u643 ," Evan wake up, oh please wake up!"",,,,,,,,,,,,,,,,,,,,,,,,,,,,,,,", u643 ,m41,,
20064, u643 ," How soon?...,,,,,,,,,,,,,,,,,,,,,,,,,,,,,,,", u645 ,m41,,
20065, u645 ," It's worth a shot. I can arrange a controlled meeting. A careful dose of sedatives for Jason, some security, you and I monitoring. Evan comes in for a quick visit and with any luck, no more missing father complex."",,,,,,,,,,,,,,,,,,,,,,,,,,,,,,,", u643 ,m41,,
20066, u643 ," Well, he has been pushing me to meet his father, but I've been putting it off."",,,,,,,,,,,,,,,,,,,,,,,,,,,,,,,", u645 ,m41,,
20067, u645 ," You'd be surprised how often they are.,,,,,,,,,,,,,,,,,,,,,,,,,,,,,,,", u643 ,m41,,
20068, u643 ," Come on, I doubt the answer's that simple."",,,,,,,,,,,,,,,,,,,,,,,,,,,,,,,", u645 ,m41,,
20069, u645 ," Plenty. Who knows? Maybe he's got severe coping problems about not having a father. Did you say the last blackout occurred when he was with his friend's dad.,,,,,,,,,,,,,,,,,,,,,,,,,,,,,,,", u643 ,m41,,
20070, u643 ," But he's seven. What kind of stress can he have?,,,,,,,,,,,,,,,,,,,,,,,,,,,,,,,", u645 ,m41,,
20071, u645 ," If I had to guess, I'd say the blackouts are stress related."",,,,,,,,,,,,,,,,,,,,,,,,,,,,,,,", u643 ,m41,,
20072, u643 ," But you must have something to go on?,,,,,,,,,,,,,,,,,,,,,,,,,,,,,,,", u645 ,m41,,
20073, u645 ," Unfortunately, we've got nothing to work with. It's harder playing detective now."",,,,,,,,,,,,,,,,,,,,,,,,,,,,,,,", u643 ,m41,,
20074, u643 ," And the bad news?,,,,,,,,,,,,,,,,,,,,,,,,,,,,,,,", u645 ,m41,,
20075, u645 ," Well, the good news is that the results are negative. I've found no evidence in the way of lesions, hemorrhaging, tumors..."",,,,,,,,,,,,,,,,,,,,,,,,,,,,,,,", u645 ,m41,,
20076, u645 ," It could be extremely useful to jog his memory. See if he remembers anything new the next day. And I'll have the test results back in a few days.,,,,,,,,,,,,,,,,,,,,,,,,,,,,,,,", u643 ,m41,,
20077, u643 ," Why? What for?,,,,,,,,,,,,,,,,,,,,,,,,,,,,,,,", u645 ,m41,,
20078, u645 ," A journal. Just have him write down everything he does.,,,,,,,,,,,,,,,,,,,,,,,,,,,,,,,", u643 ,m41,,
20079, u643 ," Anything.,,,,,,,,,,,,,,,,,,,,,,,,,,,,,,,", u645 ,m41,,
20080, u645 ," Look, Andrea, I'm sure he'll test negative for brain disorders. But there's something else you can try to monitor his memory."",,,,,,,,,,,,,,,,,,,,,,,,,,,,,,,", u643 ,m41,,
20081, u643 ," Just tell me that Evan doesn't have Jason's illness...,,,,,,,,,,,,,,,,,,,,,,,,,,,,,,,", u645 ,m41,,
20082, u645 ," Hold it, hold it, Andrea. Let's not jump to conclusions. I'll run some preliminary tests, see what we can rule out."",,,,,,,,,,,,,,,,,,,,,,,,,,,,,,,", u643 ,m41,,
20083, u643 ," Not according to his teacher. It just got me thinking about Jason and what if Evan's inherited his father's condition?,,,,,,,,,,,,,,,,,,,,,,,,,,,,,,,", u645 ,m41,,
20084, u645 ," And you say he doesn't remember any of it?,,,,,,,,,,,,,,,,,,,,,,,,,,,,,,,", u646 ,m41,,
20085, u646 ," Don't worry. I'm gonna get you out of here.,,,,,,,,,,,,,,,,,,,,,,,,,,,,,,,", u643 ,m41,,
20086, u643 ," Just. Like. Jason.,,,,,,,,,,,,,,,,,,,,,,,,,,,,,,,", u646 ,m41,,
20087, u646 ," You told me that on Parents' Weekend. Remember? Wait, that wasn't me. Or you."",,,,,,,,,,,,,,,,,,,,,,,,,,,,,,,", u643 ,m41,,
20088, u643 ," How. Did you. Know that?,,,,,,,,,,,,,,,,,,,,,,,,,,,,,,,", u646 ,m41,,
20089, u646 ," Come on, Mom. Just 'cause Dad was my age when he started going crazy doesn't mean that I'm nuts."",,,,,,,,,,,,,,,,,,,,,,,,,,,,,,,", u643 ,m41,,
20090, u643 ," You're. Acting. Like your father.,,,,,,,,,,,,,,,,,,,,,,,,,,,,,,,", u646 ,m41,,
20091, u646 ," I just need the entry about the blockbuster. Wait, shit, no arms. I never even got the chance to write it."",,,,,,,,,,,,,,,,,,,,,,,,,,,,,,,", u643 ,m41,,
20092, u643 ," Fix?,,,,,,,,,,,,,,,,,,,,,,,,,,,,,,,", u646 ,m41,,
20093, u646 ," There must be a way to fix this.,,,,,,,,,,,,,,,,,,,,,,,,,,,,,,,", u646 ,m41,,
20094, u646 ," He's saying it's like forty years worth of new memories have been jammed in my brain since last year. Overload city. 'Sat about the gist of it, doc?"",,,,,,,,,,,,,,,,,,,,,,,,,,,,,,,", u643 ,m41,,
20095, u643 ," What does that mean for Evan?,,,,,,,,,,,,,,,,,,,,,,,,,,,,,,,", u643 ,m41,,
20096, u643 ," Cute, Evan."",,,,,,,,,,,,,,,,,,,,,,,,,,,,,,,", u646 ,m41,,
20097, u646 ," Okay, doc. What's the damage? How much time have I got?"",,,,,,,,,,,,,,,,,,,,,,,,,,,,,,,", u643 ,m41,,
20098, u643 ," Fine. You'll get them, Evan. But I think it's far more important to focus on your case right now."",,,,,,,,,,,,,,,,,,,,,,,,,,,,,,,", u646 ,m41,,
20099, u646 ," Damn it, Mom. I told you I need them all!"",,,,,,,,,,,,,,,,,,,,,,,,,,,,,,,", u643 ,m41,,
20100, u643 ," I found these. The others are still in storage.,,,,,,,,,,,,,,,,,,,,,,,,,,,,,,,", u646 ,m41,,
20101, u646 ," How's Kayleigh doing? She all right?,,,,,,,,,,,,,,,,,,,,,,,,,,,,,,,", u643 ,m41,,
20102, u643 ," I don't know. These things take time.,,,,,,,,,,,,,,,,,,,,,,,,,,,,,,,", u646 ,m41,,
20103, u646 ," How long will I be in here?,,,,,,,,,,,,,,,,,,,,,,,,,,,,,,,", u643 ,m41,,
20104, u643 ," ...I spoke to your new lawyer about the appeal. He's sure he can get you off on self-defense, so if you're patient."",,,,,,,,,,,,,,,,,,,,,,,,,,,,,,,", u646 ,m41,,
20105, u646 ," What? What could he do?,,,,,,,,,,,,,,,,,,,,,,,,,,,,,,,", u643 ,m41,,
20106, u643 ," And then, just before it got so bad that he had to be committed, he said that he could..."",,,,,,,,,,,,,,,,,,,,,,,,,,,,,,,", u646 ,m41,,
20107, u646 ," Sure...,,,,,,,,,,,,,,,,,,,,,,,,,,,,,,,", u643 ,m41,,
20108, u643 ," I couldn't tell if they were real memories or just phantoms. You know, he might only have thought he actually remembered them..."",,,,,,,,,,,,,,,,,,,,,,,,,,,,,,,", u643 ,m41,,
20109, u643 ," When he was around your age... almost exactly your age. He said he figured out a trick to remember the past.,,,,,,,,,,,,,,,,,,,,,,,,,,,,,,,", u646 ,m41,,
20110, u646 ," No, it's just weird with him being such a brain and all, I just wondered if he was ever able to remember stuff he'd forgotten."",,,,,,,,,,,,,,,,,,,,,,,,,,,,,,,", u643 ,m41,,
20111, u643 ," Why do you ask?,,,,,,,,,,,,,,,,,,,,,,,,,,,,,,,", u646 ,m41,,
20112, u646 ," Ma? Did he ever say that he figured out a way to recall a lost memory years after he blacked it out for the first time?,,,,,,,,,,,,,,,,,,,,,,,,,,,,,,,", u643 ,m41,,
20113, u643 ," Please. He got straight A's without ever touching a book. That was the one area where his memory never failed him.,,,,,,,,,,,,,,,,,,,,,,,,,,,,,,,", u646 ,m41,,
20114, u646 ," Did Da -- Jason --- get good grades?,,,,,,,,,,,,,,,,,,,,,,,,,,,,,,,", u643 ,m41,,
20115, u643 ," I can't help it. I'm just so proud of you. You've got the highest grades in all of your classes.,,,,,,,,,,,,,,,,,,,,,,,,,,,,,,,", u646 ,m41,,
20116, u646 ," Please, mom. People will talk."",,,,,,,,,,,,,,,,,,,,,,,,,,,,,,,", u643 ,m41,,
20117, u643 ," Don't try to use your blackouts to get out of this one!,,,,,,,,,,,,,,,,,,,,,,,,,,,,,,,", u646 ,m41,,
20118, u646 ," I... I blacked out.,,,,,,,,,,,,,,,,,,,,,,,,,,,,,,,", u643 ,m41,,
20119, u643 ," Something must've happened! What set him off?,,,,,,,,,,,,,,,,,,,,,,,,,,,,,,,", u646 ,m41,,
20120, u646 ," I don't know... I don't remember.,,,,,,,,,,,,,,,,,,,,,,,,,,,,,,,", u646 ,m41,,
20121, u646 ," Okay.,,,,,,,,,,,,,,,,,,,,,,,,,,,,,,,", u643 ,m41,,
20122, u643 ," Now your father may seem sleepy to you, but that's just because of his medicine, okay?"",,,,,,,,,,,,,,,,,,,,,,,,,,,,,,,", u646 ,m41,,
20123, u646 ," I... I don't remember.,,,,,,,,,,,,,,,,,,,,,,,,,,,,,,,", u643 ,m41,,
20124, u643 ," Honey. What were you doing with that?,,,,,,,,,,,,,,,,,,,,,,,,,,,,,,,", u646 ,m41,,
20125, u646 ," What happened?,,,,,,,,,,,,,,,,,,,,,,,,,,,,,,,", u643 ,m41,,
20126, u643 ," Great. I'll see you soon.,,,,,,,,,,,,,,,,,,,,,,,,,,,,,,,", u646 ,m41,,
20127, u646 ," These'll bring you luck, Crockett."",,,,,,,,,,,,,,,,,,,,,,,,,,,,,,,", u646 ,m41,,
20128, u646 ," My father has a bad memory, too?"",,,,,,,,,,,,,,,,,,,,,,,,,,,,,,,", u643 ,m41,,
20129, u643 ," That's why I wanted you to come here, Evan. Dr. Redfield already has a background in memory loss."",,,,,,,,,,,,,,,,,,,,,,,,,,,,,,,", u643 ,m41,,
20130, u643 ," You'll be fine. Dr. Redfield just wants to give you some tests. You'll like him.,,,,,,,,,,,,,,,,,,,,,,,,,,,,,,,", u646 ,m41,,
20131, u646 ," I don't like this place, Mom. It's creepy. Please can we go? I promise I won't make any more bad pictures!"",,,,,,,,,,,,,,,,,,,,,,,,,,,,,,,", u643 ,m41,,
20132, u643 ," Good. Because I've been waiting to see your art projects all week and I'd feel terrible if all you thought about was your father not being there.,,,,,,,,,,,,,,,,,,,,,,,,,,,,,,,", u646 ,m41,,
20133, u646 ," No.,,,,,,,,,,,,,,,,,,,,,,,,,,,,,,,", u643 ,m41,,
20134, u643 ," I get the point, kiddo. But I'm not so bad, am I?"",,,,,,,,,,,,,,,,,,,,,,,,,,,,,,,", u646 ,m41,,
20135, u646 ," All the dads are gonna be there.,,,,,,,,,,,,,,,,,,,,,,,,,,,,,,,", u646 ,m41,,
20136, u646 ," But Lenny said that his dad's coming... and Tommy and Kayleigh's dad...,,,,,,,,,,,,,,,,,,,,,,,,,,,,,,,", u643 ,m41,,
20137, u643 ," We've been over this a hundred times. It's too dangerous for him.,,,,,,,,,,,,,,,,,,,,,,,,,,,,,,,", u646 ,m41,,
20138, u646 ," Can't he come out for one day?,,,,,,,,,,,,,,,,,,,,,,,,,,,,,,,", u643 ,m41,,
20139, u643 ," You know the answer to that.,,,,,,,,,,,,,,,,,,,,,,,,,,,,,,,", u646 ,m41,,
20140, u646 ," Um... can dad come this time?,,,,,,,,,,,,,,,,,,,,,,,,,,,,,,,", u643 ,m41,,
20141, u643 ," Darn it!,,,,,,,,,,,,,,,,,,,,,,,,,,,,,,,", u643 ,m41,,
20142, u643 ," Thanks. Don't worry Evan, you'll have plenty of time."",,,,,,,,,,,,,,,,,,,,,,,,,,,,,,,", u646 ,m41,,
20143, u646 ," Righty-tighty, lefty-lucy."",,,,,,,,,,,,,,,,,,,,,,,,,,,,,,,", u646 ,m41,,
20144, u646 ," We're putting up pictures for Parent's Night.,,,,,,,,,,,,,,,,,,,,,,,,,,,,,,,", u643 ,m41,,
20145, u643 ," When did you ever care about getting to school on time?,,,,,,,,,,,,,,,,,,,,,,,,,,,,,,,", u646 ,m41,,
20146, u646 ," We're gonna be late again.,,,,,,,,,,,,,,,,,,,,,,,,,,,,,,,", u646 ,m41,,
20147, u646 ," So you believe me?,,,,,,,,,,,,,,,,,,,,,,,,,,,,,,,", u644 ,m41,,
20148, u644 ," Signs of the Lord. They just appeared out of nowhere. I thought you were loco!,,,,,,,,,,,,,,,,,,,,,,,,,,,,,,,", u646 ,m41,,
20149, u646 ," What did you see? What did it look like?,,,,,,,,,,,,,,,,,,,,,,,,,,,,,,,", u646 ,m41,,
20150, u646 ," Marks, scars, I dunno. Anything could happen I guess."",,,,,,,,,,,,,,,,,,,,,,,,,,,,,,,", u644 ,m41,,
20151, u644 ," Weirder than this?,,,,,,,,,,,,,,,,,,,,,,,,,,,,,,,", u646 ,m41,,
20152, u646 ," Just tell me if anything weird happens.,,,,,,,,,,,,,,,,,,,,,,,,,,,,,,,", u644 ,m41,,
20153, u644 ," You need to see the prison shrink, man."",,,,,,,,,,,,,,,,,,,,,,,,,,,,,,,", u646 ,m41,,
20154, u646 ," So when I'm out, I need you to watch my face and hands closely."",,,,,,,,,,,,,,,,,,,,,,,,,,,,,,,", u646 ,m41,,
20155, u646 ," I ain't bullshitting. Jesus speaks to me in my dreams.,,,,,,,,,,,,,,,,,,,,,,,,,,,,,,,", u644 ,m41,,
20156, u644 ," Shit. I knew you were crazy.,,,,,,,,,,,,,,,,,,,,,,,,,,,,,,,", u646 ,m41,,
20157, u646 ," Because I think he sent me to your cell on purpose. For you to help me.,,,,,,,,,,,,,,,,,,,,,,,,,,,,,,,", u644 ,m41,,
20158, u644 ," Straight up.,,,,,,,,,,,,,,,,,,,,,,,,,,,,,,,", u646 ,m41,,
20159, u646 ," You're religious Carlos, you believe that bit about """"the Lord works in mysterious ways?"""""",,,,,,,,,,,,,,,,,,,,,,,,,,,,,,,", u644 ,m41,,
20160, u644 ," Jesus himself couldn't make me take on the Brotherhood. When they come, just put your mind in another place, man. Be somewhere else."",,,,,,,,,,,,,,,,,,,,,,,,,,,,,,,", u646 ,m41,,
20161, u646 ," Can you protect me?,,,,,,,,,,,,,,,,,,,,,,,,,,,,,,,", u644 ,m41,,
20162, u644 ," Best not bitch up. Wind up someone's luggage that way.,,,,,,,,,,,,,,,,,,,,,,,,,,,,,,,", u646 ,m41,,
20163, u646 ," Photos?,,,,,,,,,,,,,,,,,,,,,,,,,,,,,,,", u645 ,m41,,
20164, u645 ," You remind me of your father. He always screamed for a photo album even though he never had one.,,,,,,,,,,,,,,,,,,,,,,,,,,,,,,,", u646 ,m41,,
20165, u646 ," But I... I need those books.,,,,,,,,,,,,,,,,,,,,,,,,,,,,,,,", u645 ,m41,,
20166, u645 ," Think Evan. You've invented a disease that doesn't exist. Alternate universes with colleges, prisons, paraplegia..."",,,,,,,,,,,,,,,,,,,,,,,,,,,,,,,", u646 ,m41,,
20167, u646 ," My journals! Where are they?,,,,,,,,,,,,,,,,,,,,,,,,,,,,,,,", u645 ,m41,,
20168, u645 ," Books?,,,,,,,,,,,,,,,,,,,,,,,,,,,,,,,", u646 ,m41,,
20169, u646 ," Where are my goddamn books?,,,,,,,,,,,,,,,,,,,,,,,,,,,,,,,", u645 ,m41,,
20170, u645 ," Hey, Evan. What's the big rush? We don't meet for another hour."",,,,,,,,,,,,,,,,,,,,,,,,,,,,,,,", u646 ,m41,,
20171, u646 ," Lemme guess. Would that be where the memories are stored?,,,,,,,,,,,,,,,,,,,,,,,,,,,,,,,", u645 ,m41,,
20172, u645 ," This is where we're finding most of the hemorrhaging. The outer lining of the cerebral cortex.,,,,,,,,,,,,,,,,,,,,,,,,,,,,,,,", u646 ,m41,,
20173, u646 ," Are you sure? Not even with my father?,,,,,,,,,,,,,,,,,,,,,,,,,,,,,,,", u645 ,m41,,
20174, u645 ," It's a little complicated. I haven't seen results exactly like these before.,,,,,,,,,,,,,,,,,,,,,,,,,,,,,,,", u646 ,m41,,
20175, u646 ," It's coming... argh! I can't!,,,,,,,,,,,,,,,,,,,,,,,,,,,,,,,", u645 ,m41,,
20176, u645 ," The car doesn't vanish Evan. The movie in your head has broken, that's all. But now I've re-spliced it and I want you to tell me about the car."",,,,,,,,,,,,,,,,,,,,,,,,,,,,,,,", u646 ,m41,,
20177, u646 ," I can't... the car vanishes and all of a sudden I'm on the ground in the woods.,,,,,,,,,,,,,,,,,,,,,,,,,,,,,,,", u645 ,m41,,
20178, u645 ," Go on. Nothing can hurt you. Remember, this is only a movie. You're completely safe."",,,,,,,,,,,,,,,,,,,,,,,,,,,,,,,", u646 ,m41,,
20179, u646 ," I see a car.,,,,,,,,,,,,,,,,,,,,,,,,,,,,,,,", u645 ,m41,,
20180, u645 ," Okay. Then go a little forward in time. What do you see now?,,,,,,,,,,,,,,,,,,,,,,,,,,,,,,,", u646 ,m41,,
20181, u646 ," No, protecting her."",,,,,,,,,,,,,,,,,,,,,,,,,,,,,,,", u645 ,m41,,
20182, u645 ," Are you hurting her?,,,,,,,,,,,,,,,,,,,,,,,,,,,,,,,", u646 ,m41,,
20183, u646 ," I'm standing next to Kayleigh, my hands are over her ears."",,,,,,,,,,,,,,,,,,,,,,,,,,,,,,,", u645 ,m41,,
20184, u645 ," Where are you now?,,,,,,,,,,,,,,,,,,,,,,,,,,,,,,,", u646 ,m41,,
20185, u646 ," Yes.,,,,,,,,,,,,,,,,,,,,,,,,,,,,,,,", u645 ,m41,,
20186, u645 ," Now I want you to go back to the time you were in the woods with Lenny. Think of it like a movie. You can pause, rewind, or slow down any details you wish. Understand?"",,,,,,,,,,,,,,,,,,,,,,,,,,,,,,,", u645 ,m41,,
20187, u645 ," Not in this wing, actually. No."",,,,,,,,,,,,,,,,,,,,,,,,,,,,,,,", u646 ,m41,,
20188, u646 ," Dad lives here?,,,,,,,,,,,,,,,,,,,,,,,,,,,,,,,", u646 ,m41,,
20189, u646 ," You know my father?,,,,,,,,,,,,,,,,,,,,,,,,,,,,,,,", u645 ,m41,,
20190, u645 ," Hello, Evan. It's very nice to meet you.  He's as handsome as his father."",,,,,,,,,,,,,,,,,,,,,,,,,,,,,,,", u655 ,m41,,
20191, u655 ," Sorry, dude. Just figured it'd be okay with you bein' sick and all."",,,,,,,,,,,,,,,,,,,,,,,,,,,,,,,", u646 ,m41,,
20192, u646 ," Get out. Both of you.,,,,,,,,,,,,,,,,,,,,,,,,,,,,,,,", u655 ,m41,,
20193, u655 ," Fuck off, frat boy."",,,,,,,,,,,,,,,,,,,,,,,,,,,,,,,", u646 ,m41,,
20194, u646 ," Huh?,,,,,,,,,,,,,,,,,,,,,,,,,,,,,,,", u655 ,m41,,
20195, u655 ," Whasamatter? Lost your Rolex?,,,,,,,,,,,,,,,,,,,,,,,,,,,,,,,", u655 ,m41,,
20196, u655 ," Shucks, I dunno. But maybe there's a reason why you've repressed the one day when some old lecher had you in your tighty whities, dammit!"",,,,,,,,,,,,,,,,,,,,,,,,,,,,,,,", u646 ,m41,,
20197, u646 ," What?,,,,,,,,,,,,,,,,,,,,,,,,,,,,,,,", u655 ,m41,,
20198, u655 ," Are you stupid or what?,,,,,,,,,,,,,,,,,,,,,,,,,,,,,,,", u646 ,m41,,
20199, u646 ," Shhh! I need quiet for this.,,,,,,,,,,,,,,,,,,,,,,,,,,,,,,,", u655 ,m41,,
20200, u655 ," What the fuck are you doing?,,,,,,,,,,,,,,,,,,,,,,,,,,,,,,,", u646 ,m41,,
20201, u646 ," I never wanted to be in the movie anyway and it was cold so I wanted to wear my clothes but Mr. Miller took his shirt off --,,,,,,,,,,,,,,,,,,,,,,,,,,,,,,,", u646 ,m41,,
20202, u646 ," All I know is that I might be able to unblock some of my repressed memories.,,,,,,,,,,,,,,,,,,,,,,,,,,,,,,,", u655 ,m41,,
20203, u655 ," You really think he wanted to kill you?,,,,,,,,,,,,,,,,,,,,,,,,,,,,,,,", u655 ,m41,,
20204, u655 ," That's probably why Hannibal Lecter's so smart.,,,,,,,,,,,,,,,,,,,,,,,,,,,,,,,", u646 ,m41,,
20205, u646 ," Just by absorbing the first worm into its cellular structure, it gets all of the worm's memories."",,,,,,,,,,,,,,,,,,,,,,,,,,,,,,,", u655 ,m41,,
20206, u655 ," Like Ozzy.,,,,,,,,,,,,,,,,,,,,,,,,,,,,,,,", u646 ,m41,,
20207, u646 ," It's an experiment with flatworms and a maze. You take a flatworm and run it through the maze until he's memorized it. Then you put a new flatworm in the maze. He's clueless. Banging into walls, getting lost, whatever."",,,,,,,,,,,,,,,,,,,,,,,,,,,,,,,", u646 ,m41,,
20208, u646 ," This is bigger. Seven years to the day. No blackouts.,,,,,,,,,,,,,,,,,,,,,,,,,,,,,,,", u655 ,m41,,
20209, u655 ," I thought you were a December baby.,,,,,,,,,,,,,,,,,,,,,,,,,,,,,,,", u646 ,m41,,
20210, u646 ," Get dressed, Thumper, you're taking me out for my birthday."",,,,,,,,,,,,,,,,,,,,,,,,,,,,,,,", u650 ,m41,,
20211, u650 ," Why not? But that's not how things wound up. I'm with Lenny, Lenny's your friend. And there it ends."",,,,,,,,,,,,,,,,,,,,,,,,,,,,,,,", u646 ,m41,,
20212, u646 ," Then you think it might have worked out?,,,,,,,,,,,,,,,,,,,,,,,,,,,,,,,", u650 ,m41,,
20213, u650 ," Well a lot of things cross my mind. I've always been a fast thinker, Ev. I can play out the movie of our entire lives in under a second. Boom -- we fall in love -- get married -- two kids, your keen analytical insight matched to my generous nature -- kids grow old as do we, relatively stable relationships, matching burial plots, the whole bit. It took a lot longer to spit out than to imagine."",,,,,,,,,,,,,,,,,,,,,,,,,,,,,,,", u646 ,m41,,
20214, u646 ," And...?,,,,,,,,,,,,,,,,,,,,,,,,,,,,,,,", u650 ,m41,,
20215, u650 ," It's crossed my mind from time to time.,,,,,,,,,,,,,,,,,,,,,,,,,,,,,,,", u646 ,m41,,
20216, u646 ," I never knew that. So then you still sometimes think of us... together?,,,,,,,,,,,,,,,,,,,,,,,,,,,,,,,", u650 ,m41,,
20217, u650 ," When my folks split, they gave me and Tommy a choice who we wanted to live with. I couldn't stand my dad, but I knew if I moved to my mom's I'd never see you again."",,,,,,,,,,,,,,,,,,,,,,,,,,,,,,,", u646 ,m41,,
20218, u646 ," I don't get it.,,,,,,,,,,,,,,,,,,,,,,,,,,,,,,,", u650 ,m41,,
20219, u650 ," That's why when I was little I never went to live with my mother.,,,,,,,,,,,,,,,,,,,,,,,,,,,,,,,", u646 ,m41,,
20220, u646 ," I was?,,,,,,,,,,,,,,,,,,,,,,,,,,,,,,,", u650 ,m41,,
20221, u650 ," Sure, Evan, why not? You were the first person I really ever cared about."",,,,,,,,,,,,,,,,,,,,,,,,,,,,,,,", u646 ,m41,,
20222, u646 ," Kayleigh? Do you ever think about """"us?"""" I mean, wonder if it could ever have been different between the two of us?"",,,,,,,,,,,,,,,,,,,,,,,,,,,,,,,", u646 ,m41,,
20223, u646 ," Yeah, I think I gotta get these fixed or something."",,,,,,,,,,,,,,,,,,,,,,,,,,,,,,,", u650 ,m41,,
20224, u650 ," Is something the matter?,,,,,,,,,,,,,,,,,,,,,,,,,,,,,,,", u646 ,m41,,
20225, u646 ," He saved Mrs. Halpern? Please, the twisted fuck."",,,,,,,,,,,,,,,,,,,,,,,,,,,,,,,", u650 ,m41,,
20226, u650 ," You know how spiritual he's gotten ever since he saved Mrs. Halpern and Katie.,,,,,,,,,,,,,,,,,,,,,,,,,,,,,,,", u646 ,m41,,
20227, u646 ," Stop! Take me back!,,,,,,,,,,,,,,,,,,,,,,,,,,,,,,,", u650 ,m41,,
20228, u650 ," We have to get you to Sunnyvale. You're having one of your famous hemorrhages.,,,,,,,,,,,,,,,,,,,,,,,,,,,,,,,", u646 ,m41,,
20229, u646 ," Where are we going?,,,,,,,,,,,,,,,,,,,,,,,,,,,,,,,", u650 ,m41,,
20230, u650 ," Well, don't give up now, Slick. You've already done so much for me. Hell, why don't you go back in time and save Mrs. Halpern and her baby. Then maybe Lenny wouldn't freak out and ruin my family."",,,,,,,,,,,,,,,,,,,,,,,,,,,,,,,", u646 ,m41,,
20231, u646 ," I'm over it. Whenever I try to help anyone it all turns to shit.,,,,,,,,,,,,,,,,,,,,,,,,,,,,,,,", u650 ,m41,,
20232, u650 ," Off to change everyone's life again, is that it? Maybe this time you'll pop up in some mansion while I wind up in Tijuana doing the donkey act."",,,,,,,,,,,,,,,,,,,,,,,,,,,,,,,", u646 ,m41,,
20233, u646 ," Don't think I'll need it where I'm going.,,,,,,,,,,,,,,,,,,,,,,,,,,,,,,,", u650 ,m41,,
20234, u650 ," Sure you don't want your wallet?,,,,,,,,,,,,,,,,,,,,,,,,,,,,,,,", u650 ,m41,,
20235, u650 ," There is no fuckin' way on this planet or any other that I was in some fuckin' sorority.,,,,,,,,,,,,,,,,,,,,,,,,,,,,,,,", u646 ,m41,,
20236, u646 ," Which is?,,,,,,,,,,,,,,,,,,,,,,,,,,,,,,,", u650 ,m41,,
20237, u650 ," There's one major hole in your story.,,,,,,,,,,,,,,,,,,,,,,,,,,,,,,,", u646 ,m41,,
20238, u646 ," That I didn't leave you there to rot.,,,,,,,,,,,,,,,,,,,,,,,,,,,,,,,", u650 ,m41,,
20239, u650 ," Know what?,,,,,,,,,,,,,,,,,,,,,,,,,,,,,,,", u646 ,m41,,
20240, u646 ," I just thought you should know.,,,,,,,,,,,,,,,,,,,,,,,,,,,,,,,", u646 ,m41,,
20241, u646 ," Then forget that. How about... you prefer the smell of a skunk to flowers, you hate cilantro because for reasons unknown to you, it reminds you of your step-sister."",,,,,,,,,,,,,,,,,,,,,,,,,,,,,,,", u650 ,m41,,
20242, u650 ," Anyone with fifty bucks could tell you that.,,,,,,,,,,,,,,,,,,,,,,,,,,,,,,,", u646 ,m41,,
20243, u646 ," Shit. I dunno. How would I know about the twin moles on your inner thigh?,,,,,,,,,,,,,,,,,,,,,,,,,,,,,,,", u650 ,m41,,
20244, u650 ," Oh? There's proof now?,,,,,,,,,,,,,,,,,,,,,,,,,,,,,,,", u646 ,m41,,
20245, u646 ," I couldn't give a shit if you believe me or not, and frankly I'm too tired to prove it to you."",,,,,,,,,,,,,,,,,,,,,,,,,,,,,,,", u650 ,m41,,
20246, u650 ," I'm the only person you've told? That's a great line. Does that make other girls swoon? Do they actually eat up this bullshit?,,,,,,,,,,,,,,,,,,,,,,,,,,,,,,,", u646 ,m41,,
20247, u646 ," I never thought you would. That's why I've never bothered to tell a soul until now, and why I never will again."",,,,,,,,,,,,,,,,,,,,,,,,,,,,,,,", u650 ,m41,,
20248, u650 ," You're right, Evan, I don't believe you."",,,,,,,,,,,,,,,,,,,,,,,,,,,,,,,", u646 ,m41,,
20249, u646 ," Do you remember when I was a kid and I had those blackouts?,,,,,,,,,,,,,,,,,,,,,,,,,,,,,,,", u650 ,m41,,
20250, u650 ," On the bridge. How did you know that Tommy had your dog? That was no fucking hunch.,,,,,,,,,,,,,,,,,,,,,,,,,,,,,,,", u646 ,m41,,
20251, u646 ," Yeah?,,,,,,,,,,,,,,,,,,,,,,,,,,,,,,,", u650 ,m41,,
20252, u650 ," Let me ask you a question. Just a little one that's been gnawing at me for years.,,,,,,,,,,,,,,,,,,,,,,,,,,,,,,,", u646 ,m41,,
20253, u646 ," Different? How?,,,,,,,,,,,,,,,,,,,,,,,,,,,,,,,", u650 ,m41,,
20254, u650 ," Because you're... different.,,,,,,,,,,,,,,,,,,,,,,,,,,,,,,,", u646 ,m41,,
20255, u646 ," Why's that?,,,,,,,,,,,,,,,,,,,,,,,,,,,,,,,", u650 ,m41,,
20256, u650 ," I've seen some sickening shit. I don't blink twice anymore, especially in your case."",,,,,,,,,,,,,,,,,,,,,,,,,,,,,,,", u646 ,m41,,
20257, u646 ," You wouldn't believe me. I mean, people always say, """"You wouldn't believe me"""", but in this case, it's not even worth trying."",,,,,,,,,,,,,,,,,,,,,,,,,,,,,,,", u650 ,m41,,
20258, u650 ," What's happened to you?,,,,,,,,,,,,,,,,,,,,,,,,,,,,,,,", u646 ,m41,,
20259, u646 ," The bottom. When you're just a piece of meat waiting for the next attack.,,,,,,,,,,,,,,,,,,,,,,,,,,,,,,,", u650 ,m41,,
20260, u650 ," Ha! Where's that?,,,,,,,,,,,,,,,,,,,,,,,,,,,,,,,", u646 ,m41,,
20261, u646 ," No. Just that you need to hurt me with it. I've been where you've been.,,,,,,,,,,,,,,,,,,,,,,,,,,,,,,,", u650 ,m41,,
20262, u650 ," Oh, I'm sorry. Does my line of work make you uncomfortable, precious?"",,,,,,,,,,,,,,,,,,,,,,,,,,,,,,,", u646 ,m41,,
20263, u646 ," I get it. You can drop it now.,,,,,,,,,,,,,,,,,,,,,,,,,,,,,,,", u650 ,m41,,
20264, u650 ," So how's tricks? Sorry, occupational humor."",,,,,,,,,,,,,,,,,,,,,,,,,,,,,,,", u646 ,m41,,
20265, u646 ," Nice to see you, too. Can I come in?"",,,,,,,,,,,,,,,,,,,,,,,,,,,,,,,", u650 ,m41,,
20266, u650 ," Oh, I thought you were my eight o'clock. Make it fast, I'm expecting someone."",,,,,,,,,,,,,,,,,,,,,,,,,,,,,,,", u646 ,m41,,
20267, u646 ," Now's the only time!  Today you get a chance to redeem yourself. Start over with a clean slate. Tabula rasa --,,,,,,,,,,,,,,,,,,,,,,,,,,,,,,,", u650 ,m41,,
20268, u650 ," Evan. Stop it. It's not the time.,,,,,,,,,,,,,,,,,,,,,,,,,,,,,,,", u646 ,m41,,
20269, u646 ," I want you to take this, Lenny. Today's your day of atonement. I know how guilty you feel about that woman and her baby --"",,,,,,,,,,,,,,,,,,,,,,,,,,,,,,,", u646 ,m41,,
20270, u646 ," He's a fucking maniac!,,,,,,,,,,,,,,,,,,,,,,,,,,,,,,,", u650 ,m41,,
20271, u650 ," Evan, stop! You're gonna kill him!"",,,,,,,,,,,,,,,,,,,,,,,,,,,,,,,", u646 ,m41,,
20272, u646 ," What?,,,,,,,,,,,,,,,,,,,,,,,,,,,,,,,", u650 ,m41,,
20273, u650 ," Wait. Something's not right. Isn't that your jacket?,,,,,,,,,,,,,,,,,,,,,,,,,,,,,,,", u646 ,m41,,
20274, u646 ," I know I've been actin strange lately. It's just that... I don't want anything to happen to us.,,,,,,,,,,,,,,,,,,,,,,,,,,,,,,,", u650 ,m41,,
20275, u650 ," I can't put my finger on it, but everything's a bit off. Even the dinner tonight. It was beautiful, but..."",,,,,,,,,,,,,,,,,,,,,,,,,,,,,,,", u646 ,m41,,
20276, u646 ," I walk differently?,,,,,,,,,,,,,,,,,,,,,,,,,,,,,,,", u650 ,m41,,
20277, u650 ," I don't know. You seem... different. You make weird jokes. Your accents changed. You don't even walk the same.,,,,,,,,,,,,,,,,,,,,,,,,,,,,,,,", u646 ,m41,,
20278, u646 ," Like how?,,,,,,,,,,,,,,,,,,,,,,,,,,,,,,,", u650 ,m41,,
20279, u650 ," It's just... you've been acting kinda strange, you know?"",,,,,,,,,,,,,,,,,,,,,,,,,,,,,,,", u646 ,m41,,
20280, u646 ," What do you mean?,,,,,,,,,,,,,,,,,,,,,,,,,,,,,,,", u650 ,m41,,
20281, u650 ," Are you okay?,,,,,,,,,,,,,,,,,,,,,,,,,,,,,,,", u650 ,m41,,
20282, u650 ," My father never laid a hand on me. It's like the prick saved it all up for Tommy.,,,,,,,,,,,,,,,,,,,,,,,,,,,,,,,", u646 ,m41,,
20283, u646 ," Don't give me this Oprah-book club bad upbringing shit, because you turned out fine."",,,,,,,,,,,,,,,,,,,,,,,,,,,,,,,", u650 ,m41,,
20284, u650 ," It's not his fault, Evan. You knew how bad he had it when we were kids."",,,,,,,,,,,,,,,,,,,,,,,,,,,,,,,", u646 ,m41,,
20285, u646 ," Yeah, right. Tell that to Crockett."",,,,,,,,,,,,,,,,,,,,,,,,,,,,,,,", u650 ,m41,,
20286, u650 ," Please, Evan. Don't even joke. He wouldn't hurt you. He's just trying to scare you away from me."",,,,,,,,,,,,,,,,,,,,,,,,,,,,,,,", u646 ,m41,,
20287, u646 ," Might'a been nice.  Like this is gonna do any good. Maybe one of the frat guys has a gun.,,,,,,,,,,,,,,,,,,,,,,,,,,,,,,,", u650 ,m41,,
20288, u650 ," It's my fault. I should have told you he was released a few weeks ago.,,,,,,,,,,,,,,,,,,,,,,,,,,,,,,,", u646 ,m41,,
20289, u646 ," Simple math. When I woke up this morning and saw your smile... I knew that I wanted to spend the rest of my life with you.,,,,,,,,,,,,,,,,,,,,,,,,,,,,,,,", u650 ,m41,,
20290, u650 ," Why are you doing all this for me?,,,,,,,,,,,,,,,,,,,,,,,,,,,,,,,", u646 ,m41,,
20291, u646 ," Go on. Sit down.,,,,,,,,,,,,,,,,,,,,,,,,,,,,,,,", u650 ,m41,,
20292, u650 ," I don't know what to say. It's beautiful.,,,,,,,,,,,,,,,,,,,,,,,,,,,,,,,", u646 ,m41,,
20293, u646 ," You'll see.,,,,,,,,,,,,,,,,,,,,,,,,,,,,,,,", u650 ,m41,,
20294, u650 ," I don't understand, where are you taking me?"",,,,,,,,,,,,,,,,,,,,,,,,,,,,,,,", u650 ,m41,,
20295, u650 ," As if my dad could've stopped me from seeing you. What's he gonna do to me?,,,,,,,,,,,,,,,,,,,,,,,,,,,,,,,", u646 ,m41,,
20296, u646 ," What do you think it is about us that makes us so perfect? Like, looking back, whatever gave you the nerve to sneak out and visit me after I moved away?"",,,,,,,,,,,,,,,,,,,,,,,,,,,,,,,", u650 ,m41,,
20297, u650 ," Yeah, if you call multiple orgasms weird."",,,,,,,,,,,,,,,,,,,,,,,,,,,,,,,", u646 ,m41,,
20298, u646 ," So it didn't feel... weird?,,,,,,,,,,,,,,,,,,,,,,,,,,,,,,,", u650 ,m41,,
20299, u650 ," Oh my God, that was good. Where'd you learn all those new tricks?"",,,,,,,,,,,,,,,,,,,,,,,,,,,,,,,", u646 ,m41,,
20300, u646 ," I dunno.  Just being weird.,,,,,,,,,,,,,,,,,,,,,,,,,,,,,,,", u650 ,m41,,
20301, u650 ," Well I remember he had one... but he, like, put it away after the first day. Why would that freak me out?"",,,,,,,,,,,,,,,,,,,,,,,,,,,,,,,", u646 ,m41,,
20302, u646 ," Hey, uh, don't go freaking out on me over this, but do you remember when your dad first got his video camera?"",,,,,,,,,,,,,,,,,,,,,,,,,,,,,,,", u650 ,m41,,
20303, u650 ," Those are your clothes, silly."",,,,,,,,,,,,,,,,,,,,,,,,,,,,,,,", u646 ,m41,,
20304, u646 ," Where... where are my clothes?,,,,,,,,,,,,,,,,,,,,,,,,,,,,,,,", u650 ,m41,,
20305, u650 ," Mmmm... You give good compliment. Clean up and come back to bed.,,,,,,,,,,,,,,,,,,,,,,,,,,,,,,,", u646 ,m41,,
20306, u646 ," Jesus, Kayleigh, you're...  Incredible."",,,,,,,,,,,,,,,,,,,,,,,,,,,,,,,", u650 ,m41,,
20307, u650 ," Who are you trying to convince, Evan?! You come all the way out here to stir up my shit just because you had a bad memory!? You want me to cry on your shoulder and tell you that everything's all better now? Well fuck you, Evan! Nothing's gonna be all better! Okay?! Nothing ever gets better!"",,,,,,,,,,,,,,,,,,,,,,,,,,,,,,,", u646 ,m41,,
20308, u646 ," You can't hate yourself just because your dad's a twisted freak.,,,,,,,,,,,,,,,,,,,,,,,,,,,,,,,", u650 ,m41,,
20309, u650 ," Just shut up, Evan. You're wasting your breath."",,,,,,,,,,,,,,,,,,,,,,,,,,,,,,,", u646 ,m41,,
20310, u646 ," No, but I think something really bad might've happened to us."",,,,,,,,,,,,,,,,,,,,,,,,,,,,,,,", u650 ,m41,,
20311, u650 ," Is that why you came all the way back? To ask a lot of stupid questions about Robin Hood?,,,,,,,,,,,,,,,,,,,,,,,,,,,,,,,", u646 ,m41,,
20312, u646 ," I know, but..."",,,,,,,,,,,,,,,,,,,,,,,,,,,,,,,", u650 ,m41,,
20313, u650 ," It was a long time ago.,,,,,,,,,,,,,,,,,,,,,,,,,,,,,,,", u646 ,m41,,
20314, u646 ," It's just... did he... what happened in the basement?,,,,,,,,,,,,,,,,,,,,,,,,,,,,,,,", u650 ,m41,,
20315, u650 ," What do you want to know, Evan?"",,,,,,,,,,,,,,,,,,,,,,,,,,,,,,,", u646 ,m41,,
20316, u646 ," When we were kids. Your dad was making a movie. Robin Hood or something?,,,,,,,,,,,,,,,,,,,,,,,,,,,,,,,", u650 ,m41,,
20317, u650 ," Well, sure. I'll try to remember. Shoot."",,,,,,,,,,,,,,,,,,,,,,,,,,,,,,,", u646 ,m41,,
20318, u646 ," Well, lately some of the memories have begun to come back and I'd kinda like to talk to you about one of them in particular. It'd be a big help."",,,,,,,,,,,,,,,,,,,,,,,,,,,,,,,", u650 ,m41,,
20319, u650 ," Of course.,,,,,,,,,,,,,,,,,,,,,,,,,,,,,,,", u646 ,m41,,
20320, u646 ," Remember when I was a kid I had all these blackouts?,,,,,,,,,,,,,,,,,,,,,,,,,,,,,,,", u650 ,m41,,
20321, u650 ," Me? Are you kidding? Why?,,,,,,,,,,,,,,,,,,,,,,,,,,,,,,,", u646 ,m41,,
20322, u646 ," Actually, Kayleigh, the reason I came back to town was to talk to you."",,,,,,,,,,,,,,,,,,,,,,,,,,,,,,,", u650 ,m41,,
20323, u650 ," She had a new family. Not enough space for me. Said I should have moved in with her when we were kids. But... whatever.,,,,,,,,,,,,,,,,,,,,,,,,,,,,,,,", u646 ,m41,,
20324, u646 ," Couldn't you have moved in with your mom?,,,,,,,,,,,,,,,,,,,,,,,,,,,,,,,", u650 ,m41,,
20325, u650 ," Not if you remember my dad.,,,,,,,,,,,,,,,,,,,,,,,,,,,,,,,", u646 ,m41,,
20326, u646 ," Wow. That must've taken some courage.,,,,,,,,,,,,,,,,,,,,,,,,,,,,,,,", u650 ,m41,,
20327, u650 ," No. I emancipated myself when I was fifteen.,,,,,,,,,,,,,,,,,,,,,,,,,,,,,,,", u650 ,m41,,
20328, u650 ," They kept him in juvy for a few years. Now he works over at Dale's Autobody.,,,,,,,,,,,,,,,,,,,,,,,,,,,,,,,", u646 ,m41,,
20329, u646 ," So how's Tommy?,,,,,,,,,,,,,,,,,,,,,,,,,,,,,,,", u650 ,m41,,
20330, u650 ," I've stopped a hundred times.,,,,,,,,,,,,,,,,,,,,,,,,,,,,,,,", u646 ,m41,,
20331, u646 ," Not since we were kids.,,,,,,,,,,,,,,,,,,,,,,,,,,,,,,,", u646 ,m41,,
20332, u646 ," I'm going to State now. Things are going okay. I guess. Mom's good...,,,,,,,,,,,,,,,,,,,,,,,,,,,,,,,", u650 ,m41,,
20333, u650 ," No, Evan. I don't know. It's been a long time. Fill me in."",,,,,,,,,,,,,,,,,,,,,,,,,,,,,,,", u646 ,m41,,
20334, u646 ," Oh, comme si, comme ca, you know..."",,,,,,,,,,,,,,,,,,,,,,,,,,,,,,,", u650 ,m41,,
20335, u650 ," God, Evan! I never thought I'd see you again. How've you been?"",,,,,,,,,,,,,,,,,,,,,,,,,,,,,,,", u650 ,m41,,
20336, u650 ," Hi, Lenny."",,,,,,,,,,,,,,,,,,,,,,,,,,,,,,,", u646 ,m41,,
20337, u646 ," Welcome home. Thought you might like some fresh air for a change.,,,,,,,,,,,,,,,,,,,,,,,,,,,,,,,", u646 ,m41,,
20338, u646 ," He must be. They're letting him go, right?"",,,,,,,,,,,,,,,,,,,,,,,,,,,,,,,", u650 ,m41,,
20339, u650 ," Did your mom say if Lenny was... okay?,,,,,,,,,,,,,,,,,,,,,,,,,,,,,,,", u646 ,m41,,
20340, u646 ," Duck, here they come."",,,,,,,,,,,,,,,,,,,,,,,,,,,,,,,", u650 ,m41,,
20341, u650 ," He's been acting real strange lately. He won't even look me in the eyes anymore.,,,,,,,,,,,,,,,,,,,,,,,,,,,,,,,", u646 ,m41,,
20342, u646 ," I can't believe Tommy's still pissed at me. He knows I'm moving away, right?"",,,,,,,,,,,,,,,,,,,,,,,,,,,,,,,", u646 ,m41,,
20343, u646 ," What are you talking about? What you deserve is a better brother and father. All they do is make you feel like shit.,,,,,,,,,,,,,,,,,,,,,,,,,,,,,,,", u650 ,m41,,
20344, u650 ," I deserve a lot worse.,,,,,,,,,,,,,,,,,,,,,,,,,,,,,,,", u646 ,m41,,
20345, u646 ," Damn. Your dad did this?,,,,,,,,,,,,,,,,,,,,,,,,,,,,,,,", u650 ,m41,,
20346, u650 ," It's not your fault. Mrs. Kagan called dad and blamed us for what happened to Lenny.,,,,,,,,,,,,,,,,,,,,,,,,,,,,,,,", u646 ,m41,,
20347, u646 ," I'm sorry.,,,,,,,,,,,,,,,,,,,,,,,,,,,,,,,", u650 ,m41,,
20348, u650 ," Ouch.,,,,,,,,,,,,,,,,,,,,,,,,,,,,,,,", u650 ,m41,,
20349, u650 ," You really don't remember anything that happened?,,,,,,,,,,,,,,,,,,,,,,,,,,,,,,,", u646 ,m41,,
20350, u646 ," I'm sorry Kayleigh. This was a bad idea.,,,,,,,,,,,,,,,,,,,,,,,,,,,,,,,", u646 ,m41,,
20351, u646 ," Shit, Lenny. What's happened to you! We've gotta get help!"",,,,,,,,,,,,,,,,,,,,,,,,,,,,,,,", u650 ,m41,,
20352, u650 ," Oh God... what did we do?,,,,,,,,,,,,,,,,,,,,,,,,,,,,,,,", u646 ,m41,,
20353, u646 ," So let's go. This place creeps me out.,,,,,,,,,,,,,,,,,,,,,,,,,,,,,,,", u650 ,m41,,
20354, u650 ," We should go soon. If Dad catches us smoking down here, we're dead."",,,,,,,,,,,,,,,,,,,,,,,,,,,,,,,", u646 ,m41,,
20355, u646 ," Been there, done that."",,,,,,,,,,,,,,,,,,,,,,,,,,,,,,,", u652 ,m41,,
20356, u652 ," That's dangerous! You could blow your hands off!,,,,,,,,,,,,,,,,,,,,,,,,,,,,,,,", u646 ,m41,,
20357, u646 ," And I'll tell the Child Protective Services about your kiddie porn endeavors. One step closer and I'll shove this up your ass!,,,,,,,,,,,,,,,,,,,,,,,,,,,,,,,", u652 ,m41,,
20358, u652 ," Easy does it, Evan! Don't be a bad boy or I'll tell mommy you were naughty."",,,,,,,,,,,,,,,,,,,,,,,,,,,,,,,", u646 ,m41,,
20359, u646 ," Listen close then, fuckbag. You screw up again and I swear I'll flat out castrate you."",,,,,,,,,,,,,,,,,,,,,,,,,,,,,,,", u652 ,m41,,
20360, u652 ," ...yes.,,,,,,,,,,,,,,,,,,,,,,,,,,,,,,,", u646 ,m41,,
20361, u646 ," Let's just say you're being closely watched, George. Your other option is to get your porn off the rack and treat Kayleigh like... oh, let's say like how a loving father treats his daughter. Sound okay to you, Papa?"",,,,,,,,,,,,,,,,,,,,,,,,,,,,,,,", u652 ,m41,,
20362, u652 ," Who -- who are you?,,,,,,,,,,,,,,,,,,,,,,,,,,,,,,,", u646 ,m41,,
20363, u646 ," It'll change your daughter from a beautiful child into an empty shell whose only concept of trust was betrayed by her own sick pedophile father. Ultimately, it'll lead to her suicide. Nice work, daddy."",,,,,,,,,,,,,,,,,,,,,,,,,,,,,,,", u652 ,m41,,
20364, u652 ," What's happened to -- How are you doing that?,,,,,,,,,,,,,,,,,,,,,,,,,,,,,,,", u646 ,m41,,
20365, u646 ," Wrong answer, fuckbag. This is the very moment of your reckoning. In the next thirty seconds you're going to open one of two doors. The first door will forever traumatize your own flesh and blood."",,,,,,,,,,,,,,,,,,,,,,,,,,,,,,,", u652 ,m41,,
20366, u652 ," It's time for you to stand where the hell I told you.,,,,,,,,,,,,,,,,,,,,,,,,,,,,,,,", u646 ,m41,,
20367, u646 ," What time is it?,,,,,,,,,,,,,,,,,,,,,,,,,,,,,,,", u646 ,m41,,
20368, u646 ," Kayleigh? What happened?,,,,,,,,,,,,,,,,,,,,,,,,,,,,,,,", u652 ,m41,,
20369, u652 ," Quit acting like some retard or I'll call your mother and tell her what a naughty little shit you've been.,,,,,,,,,,,,,,,,,,,,,,,,,,,,,,,", u646 ,m41,,
20370, u646 ," I was just somewhere else -- how did I get here?,,,,,,,,,,,,,,,,,,,,,,,,,,,,,,,", u652 ,m41,,
20371, u652 ," Calm down, kid. Stand still."",,,,,,,,,,,,,,,,,,,,,,,,,,,,,,,", u646 ,m41,,
20372, u646 ," Where am I? What happened? Where did we all go?,,,,,,,,,,,,,,,,,,,,,,,,,,,,,,,", u652 ,m41,,
20373, u652 ," That's right, Evan, and you get to be the star."",,,,,,,,,,,,,,,,,,,,,,,,,,,,,,,", u646 ,m41,,
20374, u646 ," We're really gonna be in a movie!?,,,,,,,,,,,,,,,,,,,,,,,,,,,,,,,", u646 ,m41,,
20375, u646 ," Bullshit. I'll send you a postcard when I've made everything perfect again.,,,,,,,,,,,,,,,,,,,,,,,,,,,,,,,", u649 ,m41,,
20376, u649 ," You can't play God, son. It must end with me. Just by being here, you may be killing your mother."",,,,,,,,,,,,,,,,,,,,,,,,,,,,,,,", u646 ,m41,,
20377, u646 ," Who's to say you can't make things better?,,,,,,,,,,,,,,,,,,,,,,,,,,,,,,,", u649 ,m41,,
20378, u649 ," There is no """"right"""". When you change who people are, you destroy who they were."",,,,,,,,,,,,,,,,,,,,,,,,,,,,,,,", u646 ,m41,,
20379, u646 ," But it didn't. And now I need info to make things right again and you're the only one who can give it to me.,,,,,,,,,,,,,,,,,,,,,,,,,,,,,,,", u649 ,m41,,
20380, u649 ," I was praying this curse would have ended with me.,,,,,,,,,,,,,,,,,,,,,,,,,,,,,,,", u646 ,m41,,
20381, u646 ," Look, Jason, I need some fast answers if I'm ever gonna fix what I've done."",,,,,,,,,,,,,,,,,,,,,,,,,,,,,,,", u649 ,m41,,
20382, u649 ," Are you okay? You looked like you were somewhere else for a second there.,,,,,,,,,,,,,,,,,,,,,,,,,,,,,,,", u646 ,m41,,
20383, u646 ," Uh-huh. Mom says I have your eyes and your --,,,,,,,,,,,,,,,,,,,,,,,,,,,,,,,", u649 ,m41,,
20384, u649 ," It's okay. I won't bite. You've seen pictures of me, right?"",,,,,,,,,,,,,,,,,,,,,,,,,,,,,,,", u648 ,m41,,
20385, u648 ," I'd say blow me. Get the pledges to do it.,,,,,,,,,,,,,,,,,,,,,,,,,,,,,,,", u646 ,m41,,
20386, u646 ," Thanks. Wow. Hey, I want to do something really special for Kayleigh tomorrow. If I said I needed some help from you and the brothers..."",,,,,,,,,,,,,,,,,,,,,,,,,,,,,,,", u648 ,m41,,
20387, u648 ," Damn, Evan, on the D.L."",,,,,,,,,,,,,,,,,,,,,,,,,,,,,,,", u646 ,m41,,
20388, u646 ," You're kidding. Are these the answers?!,,,,,,,,,,,,,,,,,,,,,,,,,,,,,,,", u648 ,m41,,
20389, u648 ," Me neither.,,,,,,,,,,,,,,,,,,,,,,,,,,,,,,,", u646 ,m41,,
20390, u646 ," We'll find out soon enough.,,,,,,,,,,,,,,,,,,,,,,,,,,,,,,,", u648 ,m41,,
20391, u648 ," Evan, you're hysterical. You study for this?"",,,,,,,,,,,,,,,,,,,,,,,,,,,,,,,", u654 ,m41,,
20392, u654 ," The answer's 'no', Mr. Treborn. Now take a seat. The exam's about to begin."",,,,,,,,,,,,,,,,,,,,,,,,,,,,,,,", u646 ,m41,,
20393, u646 ," Evan Treborn.,,,,,,,,,,,,,,,,,,,,,,,,,,,,,,,", u654 ,m41,,
20394, u654 ," And you are...?,,,,,,,,,,,,,,,,,,,,,,,,,,,,,,,", u646 ,m41,,
20395, u646 ," I still owe you an essay from last week. Is there any way I could get an extension?,,,,,,,,,,,,,,,,,,,,,,,,,,,,,,,", u654 ,m41,,
20396, u654 ," Remember, everyone! Only two weeks until your science projects are due."",,,,,,,,,,,,,,,,,,,,,,,,,,,,,,,", u646 ,m41,,
20397, u646 ," I won't let you down, Professor Carter."",,,,,,,,,,,,,,,,,,,,,,,,,,,,,,,", u654 ,m41,,
20398, u654 ," Just don't drop the ball, okay?"",,,,,,,,,,,,,,,,,,,,,,,,,,,,,,,", u654 ,m41,,
20399, u654 ," I know, I know. Who can think of worms when your libido's in full swing, right?"",,,,,,,,,,,,,,,,,,,,,,,,,,,,,,,", u646 ,m41,,
20400, u646 ," Oh, fine I guess. It's been kind of crazy lately with my mom coming up, so I haven't..."",,,,,,,,,,,,,,,,,,,,,,,,,,,,,,,", u654 ,m41,,
20401, u654 ," Whoa! Didn't mean to scare you, Evan. Just wanted to know how the flatworms project was coming."",,,,,,,,,,,,,,,,,,,,,,,,,,,,,,,", u646 ,m41,,
20402, u646 ," Hey, I got no choice."",,,,,,,,,,,,,,,,,,,,,,,,,,,,,,,", u654 ,m41,,
20403, u654 ," Typical psych major. A complete wise ass. And how's your project coming? Still planning to change the way we humble scientists view memory assimilation?,,,,,,,,,,,,,,,,,,,,,,,,,,,,,,,", u646 ,m41,,
20404, u646 ," I'm not sure. I might have gotten some stories mixed up. Did Pavlov condition his dogs to lick his nuts?,,,,,,,,,,,,,,,,,,,,,,,,,,,,,,,", u647 ,m41,,
20405, u647 ," Maybe because they never do.  So Don Juan, you pass out on all your dates?"",,,,,,,,,,,,,,,,,,,,,,,,,,,,,,,", u646 ,m41,,
20406, u646 ," It didn't feel like a dream.,,,,,,,,,,,,,,,,,,,,,,,,,,,,,,,", u646 ,m41,,
20407, u646 ," It was like Tommy was possessed or something. There was a hate in his eyes that I couldn't really call human.,,,,,,,,,,,,,,,,,,,,,,,,,,,,,,,", u647 ,m41,,
20408, u647 ," Come on, go on..."",,,,,,,,,,,,,,,,,,,,,,,,,,,,,,,", u647 ,m41,,
20409, u647 ," Deal. Now read me something.,,,,,,,,,,,,,,,,,,,,,,,,,,,,,,,", u646 ,m41,,
20410, u646 ," Freeze! No """"worm-boy"""". No """"Mr. Worm,"""" and no """"Worm-Master-General!"""" Once you get a nickname like that you can't shake it. And I don't want everyone thinking I've got tapeworms coming out of my ass or something, okay?"",,,,,,,,,,,,,,,,,,,,,,,,,,,,,,,", u647 ,m41,,
20411, u647 ," Wow... read something.,,,,,,,,,,,,,,,,,,,,,,,,,,,,,,,", u646 ,m41,,
20412, u646 ," Yeah. I've been keeping journals since I was seven.,,,,,,,,,,,,,,,,,,,,,,,,,,,,,,,", u647 ,m41,,
20413, u647 ," Most guys tuck their porn under here, but all you have are... comp books."",,,,,,,,,,,,,,,,,,,,,,,,,,,,,,,", u647 ,m41,,
20414, u647 ," You're kidding. He's so... big.,,,,,,,,,,,,,,,,,,,,,,,,,,,,,,,", u646 ,m41,,
20415, u646 ," Thumper had a busy afternoon.,,,,,,,,,,,,,,,,,,,,,,,,,,,,,,,", u647 ,m41,,
20416, u647 ," Smells like sex in here.,,,,,,,,,,,,,,,,,,,,,,,,,,,,,,,", u646 ,m41,,
20417, u646 ," Maybe if I can figure out how the memories of a simple worm function, it'll help me understand the complexities of the human brain."",,,,,,,,,,,,,,,,,,,,,,,,,,,,,,,", u647 ,m41,,
20418, u647 ," So what's the point?,,,,,,,,,,,,,,,,,,,,,,,,,,,,,,,", u646 ,m41,,
20419, u646 ," If I hadn't blown my arms off, Mom never woulda started smoking in the first place. Now shhhh."",,,,,,,,,,,,,,,,,,,,,,,,,,,,,,,", u651 ,m41,,
20420, u651 ," Destroy it?,,,,,,,,,,,,,,,,,,,,,,,,,,,,,,,", u646 ,m41,,
20421, u646 ," Shhh. I need to concentrate on the blockbuster if I'm gonna destroy it.,,,,,,,,,,,,,,,,,,,,,,,,,,,,,,,", u651 ,m41,,
20422, u651 ," What?,,,,,,,,,,,,,,,,,,,,,,,,,,,,,,,", u646 ,m41,,
20423, u646 ," Duly noted. Now I'm gonna ask you for one last favor.,,,,,,,,,,,,,,,,,,,,,,,,,,,,,,,", u651 ,m41,,
20424, u651 ," What do you need it for? I don't get you lately.,,,,,,,,,,,,,,,,,,,,,,,,,,,,,,,", u646 ,m41,,
20425, u646 ," My mom packed for me. I think she sent everything I ever owned. So we'll see.,,,,,,,,,,,,,,,,,,,,,,,,,,,,,,,", u651 ,m41,,
20426, u651 ," Are you sure you even packed it?,,,,,,,,,,,,,,,,,,,,,,,,,,,,,,,", u646 ,m41,,
20427, u646 ," Forget it. What's the point of Psych now? Tomorrow I could wake up as some dirt farmer in Bangladesh.,,,,,,,,,,,,,,,,,,,,,,,,,,,,,,,", u651 ,m41,,
20428, u651 ," Uh, we should be getting to class now."",,,,,,,,,,,,,,,,,,,,,,,,,,,,,,,", u646 ,m41,,
20429, u646 ," Y... yes. I guess I did.,,,,,,,,,,,,,,,,,,,,,,,,,,,,,,,", u651 ,m41,,
20430, u651 ," You knew the whole time, didn't you?  When you put the blade in my hand, you knew something big was going to happen. Didn't you?!"",,,,,,,,,,,,,,,,,,,,,,,,,,,,,,,", u651 ,m41,,
20431, u651 ," Drop it or I'll slit your mother's throat in her sleep.,,,,,,,,,,,,,,,,,,,,,,,,,,,,,,,", u646 ,m41,,
20432, u646 ," Yeah, good, what else do you remember?"",,,,,,,,,,,,,,,,,,,,,,,,,,,,,,,", u651 ,m41,,
20433, u651 ," I couldn't cut the rope.,,,,,,,,,,,,,,,,,,,,,,,,,,,,,,,", u651 ,m41,,
20434, u651 ," Gee, thanks friend."",,,,,,,,,,,,,,,,,,,,,,,,,,,,,,,", u646 ,m41,,
20435, u646 ," That should buy you ten minutes at least.,,,,,,,,,,,,,,,,,,,,,,,,,,,,,,,", u646 ,m41,,
20436, u646 ," Sure. I was gonna make a new one, anyway."",,,,,,,,,,,,,,,,,,,,,,,,,,,,,,,", u651 ,m41,,
20437, u651 ," Can... can... Can I have this?,,,,,,,,,,,,,,,,,,,,,,,,,,,,,,,", u656 ,m41,,
20438, u656 ," I think I'll go check out the chapel.,,,,,,,,,,,,,,,,,,,,,,,,,,,,,,,", u646 ,m41,,
20439, u646 ," Mom. Don't cry. I can change this.,,,,,,,,,,,,,,,,,,,,,,,,,,,,,,,", u656 ,m41,,
20440, u656 ," Sorry, Mrs. T. He's been out of sorts lately."",,,,,,,,,,,,,,,,,,,,,,,,,,,,,,,", u646 ,m41,,
20441, u646 ," Lung cancer?,,,,,,,,,,,,,,,,,,,,,,,,,,,,,,,", u646 ,m41,,
20442, u646 ," Oh goody, nothing like spinning my chair around to a techno mix of Hava Nagila til I puke."",,,,,,,,,,,,,,,,,,,,,,,,,,,,,,,", u656 ,m41,,
20443, u656 ," I did what you said, man! We're pooling our student funds with Hillel House and we're going to have an Awareness Dance."",,,,,,,,,,,,,,,,,,,,,,,,,,,,,,,", u646 ,m41,,
20444, u646 ," I'll do whatever you want. You don't want me to ever see Kayleigh again, fine. Just let Crockett go. Besides, you kill him now and they'll stick you in juvy for sure. And I know you'd never leave your sister alone with your father."",,,,,,,,,,,,,,,,,,,,,,,,,,,,,,,", u656 ,m41,,
20445, u656 ," Listen to me good, Evan..."",,,,,,,,,,,,,,,,,,,,,,,,,,,,,,,", u656 ,m41,,
20446, u656 ," Right, Evan. I believe you just said """"sick fuck."""""",,,,,,,,,,,,,,,,,,,,,,,,,,,,,,,", u646 ,m41,,
20447, u646 ," No one thinks you're a piece of shit, Tommy."",,,,,,,,,,,,,,,,,,,,,,,,,,,,,,,", u656 ,m41,,
20448, u656 ," It wasn't enough that the whole world loves you, but you had to take away the last person on earth who didn't think I was a piece of shit."",,,,,,,,,,,,,,,,,,,,,,,,,,,,,,,", u646 ,m41,,
20449, u646 ," What the hell are you doing?,,,,,,,,,,,,,,,,,,,,,,,,,,,,,,,", u656 ,m41,,
20450, u656 ," Get this """"us"""" shit. As if I was gonna lay a hand on my own sister. You've done nicely for yourself, Evan. Nice friends, nice life, not to mention you're fucking my sister. Not a bad piece of ass if I say so myself."",,,,,,,,,,,,,,,,,,,,,,,,,,,,,,,", u646 ,m41,,
20451, u646 ," Leave us alone you sick fuck!,,,,,,,,,,,,,,,,,,,,,,,,,,,,,,,", u646 ,m41,,
20452, u646 ," What's wrong with you?!,,,,,,,,,,,,,,,,,,,,,,,,,,,,,,,", u656 ,m41,,
20453, u656 ," Look what you made me do!,,,,,,,,,,,,,,,,,,,,,,,,,,,,,,,", u646 ,m41,,
20454, u646 ," What happened?? Where are we?!,,,,,,,,,,,,,,,,,,,,,,,,,,,,,,,", u656 ,m41,,
20455, u656 ," Hurry! Let's go! Get him up, Evan! Come on!"",,,,,,,,,,,,,,,,,,,,,,,,,,,,,,,", u656 ,m41,,
20456, u656 ," Hold your horses, man. It's here somewhere. I saw it when I was a kid."",,,,,,,,,,,,,,,,,,,,,,,,,,,,,,,", u646 ,m41,,
20457, u646 ," Tommy, I'm bored shitless over here. What's up already?"",,,,,,,,,,,,,,,,,,,,,,,,,,,,,,,", u656 ,m41,,
20458, u656 ," Fat little baby, crying for mommy."",,,,,,,,,,,,,,,,,,,,,,,,,,,,,,,", u646 ,m41,,
20459, u646 ," Hey, what'd you do that for?"",,,,,,,,,,,,,,,,,,,,,,,,,,,,,,,", u657 ,m41,,
20460, u657 ," Sorry. Never heard of her.,,,,,,,,,,,,,,,,,,,,,,,,,,,,,,,", u646 ,m41,,
20461, u646 ," None taken. Hey, uh, does Kayleigh Miller still work here?"",,,,,,,,,,,,,,,,,,,,,,,,,,,,,,,", u657 ,m41,,
20462, u657 ," Meant no offense.,,,,,,,,,,,,,,,,,,,,,,,,,,,,,,,", u646 ,m41,,
20463, u646 ," I come from a big family.,,,,,,,,,,,,,,,,,,,,,,,,,,,,,,,", u657 ,m41,,
20464, u657 ," Nothing. Just that my brother did a stint in the pen and he used to eat like that.,,,,,,,,,,,,,,,,,,,,,,,,,,,,,,,", u646 ,m41,,
20465, u646 ," Huh?,,,,,,,,,,,,,,,,,,,,,,,,,,,,,,,", u657 ,m41,,
20466, u657 ," Just get out, didja?"",,,,,,,,,,,,,,,,,,,,,,,,,,,,,,,", u656 ,m41,,
20467, u656 ," Aw, hey now, that was a compliment."",,,,,,,,,,,,,,,,,,,,,,,,,,,,,,,", u650 ,m41,,
20468, u650 ," Shut up, Tommy!"",,,,,,,,,,,,,,,,,,,,,,,,,,,,,,,", u650 ,m41,,
20469, u650 ," Oh my God oh my God...,,,,,,,,,,,,,,,,,,,,,,,,,,,,,,,", u656 ,m41,,
20470, u656 ," Lenny? Come on!,,,,,,,,,,,,,,,,,,,,,,,,,,,,,,,", u650 ,m41,,
20471, u650 ," I'm sorry.,,,,,,,,,,,,,,,,,,,,,,,,,,,,,,,", u656 ,m41,,
20472, u656 ," Wipe that sad-assed look off your face before you get us all busted. You see the way Evan's mom was looking at you?,,,,,,,,,,,,,,,,,,,,,,,,,,,,,,,", u656 ,m41,,
20473, u656 ," Just blow something up? Are you nuts? There's an art to mass destruction. Would you just paint the Mona Lisa? No. Besides, we're here already."",,,,,,,,,,,,,,,,,,,,,,,,,,,,,,,", u650 ,m41,,
20474, u650 ," Where the hell are you taking us anyway? Just blow something up already.,,,,,,,,,,,,,,,,,,,,,,,,,,,,,,,", u656 ,m41,,
20475, u656 ," What did I say about mentioning that bitch?,,,,,,,,,,,,,,,,,,,,,,,,,,,,,,,", u650 ,m41,,
20476, u650 ," You are, silly. He's a bad sheriff."",,,,,,,,,,,,,,,,,,,,,,,,,,,,,,,", u656 ,m41,,
20477, u656 ," I thought I was the bad guy!,,,,,,,,,,,,,,,,,,,,,,,,,,,,,,,", u650 ,m41,,
20478, u650 ," Quit it, Tommy. Evan gets to be Robin Hood. I'm gonna be Maid Marian, and you're the Sheriff of Nottingham!"",,,,,,,,,,,,,,,,,,,,,,,,,,,,,,,", u656 ,m41,,
20479, u656 ," I don't think Evan gets to be in it --,,,,,,,,,,,,,,,,,,,,,,,,,,,,,,,", u650 ,m41,,
20480, u650 ," Evan, guess what? Dad got a new video camera and we're all gonna be in a movie."",,,,,,,,,,,,,,,,,,,,,,,,,,,,,,,", u656 ,m41,,
20481, u656 ," Yeah, you do that, Lenny."",,,,,,,,,,,,,,,,,,,,,,,,,,,,,,,", u651 ,m41,,
20482, u651 ," Maybe it went out. Should someone check it?,,,,,,,,,,,,,,,,,,,,,,,,,,,,,,,", u651 ,m41,,
20483, u651 ," Ain't gonna work this time, buddy. Look how small that fuse is! I'll get killed."",,,,,,,,,,,,,,,,,,,,,,,,,,,,,,,", u656 ,m41,,
20484, u656 ," The hell you aren't. Anyone of us does it, you'll puss out and narc for sure."",,,,,,,,,,,,,,,,,,,,,,,,,,,,,,,", u651 ,m41,,
20485, u651 ," What? No frigging way, man. I'm not touching that thing."",,,,,,,,,,,,,,,,,,,,,,,,,,,,,,,", u656 ,m41,,
20486, u656 ," Here you go, buddy."",,,,,,,,,,,,,,,,,,,,,,,,,,,,,,,", u656 ,m41,,
20487, u656 ," You're such a retard!,,,,,,,,,,,,,,,,,,,,,,,,,,,,,,,", u651 ,m41,,
20488, u651 ," You put the mommy too far away. Mrs. Boswell has macaroni and glue if you wanna fix it.,,,,,,,,,,,,,,,,,,,,,,,,,,,,,,,", u656 ,m41,,
