,User_id,text,sec_user,movies_name,relationship,attachment
21323, u676 ," The failures they remember.  It's the successes they forget.,,,,,,,,,,,,,,,,,,,,,,,,,,,,,,,", u673 ,m43,,
21324, u673 ," Nobody remembers that.,,,,,,,,,,,,,,,,,,,,,,,,,,,,,,,", u676 ,m43,,
21325, u676 ," Worse than Warsaw.,,,,,,,,,,,,,,,,,,,,,,,,,,,,,,,", u673 ,m43,,
21326, u673 ," It's bad.,,,,,,,,,,,,,,,,,,,,,,,,,,,,,,,", u676 ,m43,,
21327, u676 ," So how are we going to get this place shaped up?,,,,,,,,,,,,,,,,,,,,,,,,,,,,,,,", u673 ,m43,,
21328, u673 ," Six kilometers.  Four miles.,,,,,,,,,,,,,,,,,,,,,,,,,,,,,,,", u676 ,m43,,
21329, u676 ," It took this test package thirty-two hours to get from Seattle to St. Petersburg, a distance of nine thousand miles.  And then it took forty-one hours to get from our warehouse in St. Petersburg to here, a distance of, what --"",,,,,,,,,,,,,,,,,,,,,,,,,,,,,,,", u681 ,m43,,
21330, u681 ," Shut up.  I don't feel like dying today.,,,,,,,,,,,,,,,,,,,,,,,,,,,,,,,", u674 ,m43,,
21331, u674 ," You can't make it.,,,,,,,,,,,,,,,,,,,,,,,,,,,,,,,", u674 ,m43,,
21332, u674 ," Then we've just got shit.,,,,,,,,,,,,,,,,,,,,,,,,,,,,,,,", u681 ,m43,,
21333, u681 ," It matters.  We do the best we can, that's all we have."",,,,,,,,,,,,,,,,,,,,,,,,,,,,,,,", u674 ,m43,,
21334, u674 ," What did it matter if FedEx was five minutes late one day?  The next day we just start over again.,,,,,,,,,,,,,,,,,,,,,,,,,,,,,,,", u681 ,m43,,
21335, u681 ," Let's get a second opinion.  Wilson? What do you see?,,,,,,,,,,,,,,,,,,,,,,,,,,,,,,,", u674 ,m43,,
21336, u674 ," Nothing out there but ocean.,,,,,,,,,,,,,,,,,,,,,,,,,,,,,,,", u681 ,m43,,
21337, u681 ," It's real.,,,,,,,,,,,,,,,,,,,,,,,,,,,,,,,", u674 ,m43,,
21338, u674 ," Look again, asshole.  It's a mirage."",,,,,,,,,,,,,,,,,,,,,,,,,,,,,,,", u681 ,m43,,
21339, u681 ," Jesus.,,,,,,,,,,,,,,,,,,,,,,,,,,,,,,,", u674 ,m43,,
21340, u674 ," You are.,,,,,,,,,,,,,,,,,,,,,,,,,,,,,,,", u681 ,m43,,
21341, u681 ," What's so damn funny?,,,,,,,,,,,,,,,,,,,,,,,,,,,,,,,", u681 ,m43,,
21342, u681 ," Shut up.,,,,,,,,,,,,,,,,,,,,,,,,,,,,,,,", u674 ,m43,,
21343, u674 ," It's a fucking soccer ball, you idiot."",,,,,,,,,,,,,,,,,,,,,,,,,,,,,,,", u681 ,m43,,
21344, u681 ," I'm serious.  I'm always going on about me, me, me.  Enough about me.  Your turn."",,,,,,,,,,,,,,,,,,,,,,,,,,,,,,,", u674 ,m43,,
21345, u674 ," I float.  You sink.  End of story.,,,,,,,,,,,,,,,,,,,,,,,,,,,,,,,", u681 ,m43,,
21346, u681 ," Damn it!  Don't be so negative!,,,,,,,,,,,,,,,,,,,,,,,,,,,,,,,", u674 ,m43,,
21347, u674 ," They're always on autopilot.  Or else it's night, or you're in the sun, or you're in the trough of a wave.  They'll never see you."",,,,,,,,,,,,,,,,,,,,,,,,,,,,,,,", u681 ,m43,,
21348, u681 ," They're on autopilot.,,,,,,,,,,,,,,,,,,,,,,,,,,,,,,,", u674 ,m43,,
21349, u674 ," They're never going to see you.  You're just another piece of trash in the ocean.,,,,,,,,,,,,,,,,,,,,,,,,,,,,,,,", u681 ,m43,,
21350, u681 ," I'm dancing on the roof of the Peabody Hotel.  With Kelly.,,,,,,,,,,,,,,,,,,,,,,,,,,,,,,,", u674 ,m43,,
21351, u674 ," What are you smiling about?  They'll be back.,,,,,,,,,,,,,,,,,,,,,,,,,,,,,,,", u674 ,m43,,
21352, u674 ," Thank you for fucking up my life.,,,,,,,,,,,,,,,,,,,,,,,,,,,,,,,", u681 ,m43,,
21353, u681 ," You know, Wilson, every now and then we should say thank you.  Thank you God."",,,,,,,,,,,,,,,,,,,,,,,,,,,,,,,", u674 ,m43,,
21354, u674 ," Yeah, sure, what?"",,,,,,,,,,,,,,,,,,,,,,,,,,,,,,,", u681 ,m43,,
21355, u681 ," Grow up, stop being such a baby.  Other people get through a lot worse."",,,,,,,,,,,,,,,,,,,,,,,,,,,,,,,", u674 ,m43,,
21356, u674 ," That's death knocking, knocking on your door.  Crazy little woman come knocking, knocking at my front door..."",,,,,,,,,,,,,,,,,,,,,,,,,,,,,,,", u674 ,m43,,
21357, u674 ," Die tomorrow or die today.,,,,,,,,,,,,,,,,,,,,,,,,,,,,,,,", u681 ,m43,,
21358, u681 ," If I don't have a sea anchor I'll capsize.,,,,,,,,,,,,,,,,,,,,,,,,,,,,,,,", u674 ,m43,,
21359, u674 ," Use the sail for a sea anchor and you won't move.,,,,,,,,,,,,,,,,,,,,,,,,,,,,,,,", u681 ,m43,,
21360, u681 ," But I have promises to keep.  And miles to go before I sleep.  And miles to go before I sleep.  Got to fix the sea anchor.  Use the sail.,,,,,,,,,,,,,,,,,,,,,,,,,,,,,,,", u674 ,m43,,
21361, u674 ," The sea is lovely, dark and deep."",,,,,,,,,,,,,,,,,,,,,,,,,,,,,,,", u681 ,m43,,
21362, u681 ," You quitter you quitter you quitter.,,,,,,,,,,,,,,,,,,,,,,,,,,,,,,,", u674 ,m43,,
21363, u674 ," Look, just slip off the raft.  The ocean would feel so good, the water's so soft and warm.  Take a little swim.  Sleep."",,,,,,,,,,,,,,,,,,,,,,,,,,,,,,,", u681 ,m43,,
21364, u681 ," No!,,,,,,,,,,,,,,,,,,,,,,,,,,,,,,,", u674 ,m43,,
21365, u674 ," I'm lost.  Goodbye.,,,,,,,,,,,,,,,,,,,,,,,,,,,,,,,", u674 ,m43,,
21366, u674 ," They'd eat you if they could.  They're laughing at you.  Listen.,,,,,,,,,,,,,,,,,,,,,,,,,,,,,,,", u681 ,m43,,
21367, u681 ," Why do they have to die for me?,,,,,,,,,,,,,,,,,,,,,,,,,,,,,,,", u674 ,m43,,
21368, u674 ," You fucking bleeding heart, you kill or you die."",,,,,,,,,,,,,,,,,,,,,,,,,,,,,,,", u681 ,m43,,
21369, u681 ," Can't kill another one.  Can't.  Can't kill my friends anymore.,,,,,,,,,,,,,,,,,,,,,,,,,,,,,,,", u674 ,m43,,
21370, u674 ," What are you doing?,,,,,,,,,,,,,,,,,,,,,,,,,,,,,,,", u674 ,m43,,
21371, u674 ," You idiot, if he dives, he'll capsize the raft."",,,,,,,,,,,,,,,,,,,,,,,,,,,,,,,", u681 ,m43,,
21372, u681 ," You're beautiful.  Marry me.,,,,,,,,,,,,,,,,,,,,,,,,,,,,,,,", u674 ,m43,,
21373, u674 ," Water water water --,,,,,,,,,,,,,,,,,,,,,,,,,,,,,,,", u681 ,m43,,
21374, u681 ," Fix raft first.,,,,,,,,,,,,,,,,,,,,,,,,,,,,,,,", u674 ,m43,,
21375, u674 ," Get water!,,,,,,,,,,,,,,,,,,,,,,,,,,,,,,,", u681 ,m43,,
21376, u681 ," I'm putting it off.,,,,,,,,,,,,,,,,,,,,,,,,,,,,,,,", u674 ,m43,,
21377, u674 ," You're putting off the inevitable.,,,,,,,,,,,,,,,,,,,,,,,,,,,,,,,", u681 ,m43,,
21378, u681 ," Moon's too bright.,,,,,,,,,,,,,,,,,,,,,,,,,,,,,,,", u674 ,m43,,
21379, u674 ," You don't know where you are.  You missed the shipping lanes.,,,,,,,,,,,,,,,,,,,,,,,,,,,,,,,", u681 ,m43,,
21380, u681 ," Polaris, where are you?  Maybe I'm too far south."",,,,,,,,,,,,,,,,,,,,,,,,,,,,,,,", u681 ,m43,,
21381, u681 ," Survive today, that's the point."",,,,,,,,,,,,,,,,,,,,,,,,,,,,,,,", u674 ,m43,,
21382, u674 ," If they can't see you, what's the point?"",,,,,,,,,,,,,,,,,,,,,,,,,,,,,,,", u681 ,m43,,
21383, u681 ," Wilson, do you believe this?  Take the damn water."",,,,,,,,,,,,,,,,,,,,,,,,,,,,,,,", u674 ,m43,,
21384, u674 ," No.,,,,,,,,,,,,,,,,,,,,,,,,,,,,,,,", u681 ,m43,,
21385, u681 ," Take it, damn it."",,,,,,,,,,,,,,,,,,,,,,,,,,,,,,,", u674 ,m43,,
21386, u674 ," No.,,,,,,,,,,,,,,,,,,,,,,,,,,,,,,,", u681 ,m43,,
21387, u681 ," Take it.,,,,,,,,,,,,,,,,,,,,,,,,,,,,,,,", u674 ,m43,,
21388, u674 ," No more water, you said."",,,,,,,,,,,,,,,,,,,,,,,,,,,,,,,", u674 ,m43,,
21389, u674 ," Going to die anyway.,,,,,,,,,,,,,,,,,,,,,,,,,,,,,,,", u681 ,m43,,
21390, u681 ," Do too little you'll die.,,,,,,,,,,,,,,,,,,,,,,,,,,,,,,,", u674 ,m43,,
21391, u674 ," Do too much, I'll die."",,,,,,,,,,,,,,,,,,,,,,,,,,,,,,,", u681 ,m43,,
21392, u681 ," Okay look, I know you're tired, I know you're thirsty, but give it one more shot, you've just got to do a little more."",,,,,,,,,,,,,,,,,,,,,,,,,,,,,,,", u674 ,m43,,
21393, u674 ," No water, no work."",,,,,,,,,,,,,,,,,,,,,,,,,,,,,,,", u681 ,m43,,
21394, u681 ," Come on, shape up, get going, you can do it."",,,,,,,,,,,,,,,,,,,,,,,,,,,,,,,", u674 ,m43,,
21395, u674 ," Thirsty.,,,,,,,,,,,,,,,,,,,,,,,,,,,,,,,", u681 ,m43,,
21396, u681 ," You've had today's water.,,,,,,,,,,,,,,,,,,,,,,,,,,,,,,,", u674 ,m43,,
21397, u674 ," Can't.  Need water.,,,,,,,,,,,,,,,,,,,,,,,,,,,,,,,", u681 ,m43,,
21398, u681 ," Get up, damn you."",,,,,,,,,,,,,,,,,,,,,,,,,,,,,,,", u674 ,m43,,
21399, u674 ," Feels so good to lie here.,,,,,,,,,,,,,,,,,,,,,,,,,,,,,,,", u681 ,m43,,
21400, u681 ," Get up.,,,,,,,,,,,,,,,,,,,,,,,,,,,,,,,", u674 ,m43,,
21401, u674 ," With what?  There's nothing to fix it with.  This rope comes undone, you're going to drown."",,,,,,,,,,,,,,,,,,,,,,,,,,,,,,,", u681 ,m43,,
21402, u681 ," Stay calm, identify the problem. Problem, rope fraying.  Solution, fix rope."",,,,,,,,,,,,,,,,,,,,,,,,,,,,,,,", u674 ,m43,,
21403, u674 ," Shit!  Shit!  Shit!,,,,,,,,,,,,,,,,,,,,,,,,,,,,,,,", u674 ,m43,,
21404, u674 ," Catch another fish tomorrow.,,,,,,,,,,,,,,,,,,,,,,,,,,,,,,,", u681 ,m43,,
21405, u681 ," Save some for tomorrow.,,,,,,,,,,,,,,,,,,,,,,,,,,,,,,,", u676 ,m43,,
21406, u676 ," Sure.,,,,,,,,,,,,,,,,,,,,,,,,,,,,,,,", u675 ,m43,,
21407, u675 ," Keep painting.  Promise me.,,,,,,,,,,,,,,,,,,,,,,,,,,,,,,,", u675 ,m43,,
21408, u675 ," Just sit here, I'll get us some lunch."",,,,,,,,,,,,,,,,,,,,,,,,,,,,,,,", u676 ,m43,,
21409, u676 ," No.  that was the last one.,,,,,,,,,,,,,,,,,,,,,,,,,,,,,,,", u675 ,m43,,
21410, u675 ," Do you...have any more packages to deliver?,,,,,,,,,,,,,,,,,,,,,,,,,,,,,,,", u676 ,m43,,
21411, u676 ," To tell you the truth -- you did.,,,,,,,,,,,,,,,,,,,,,,,,,,,,,,,", u675 ,m43,,
21412, u675 ," You are.  Yes you are.  What gave you the idea to paint on that cave?,,,,,,,,,,,,,,,,,,,,,,,,,,,,,,,", u676 ,m43,,
21413, u676 ," Well, not really, I --"",,,,,,,,,,,,,,,,,,,,,,,,,,,,,,,", u675 ,m43,,
21414, u675 ," I can't believe this.  I -- I -- They are... You're a gifted artist.  You're into something very powerful.  Primal. Truly.,,,,,,,,,,,,,,,,,,,,,,,,,,,,,,,", u675 ,m43,,
21415, u675 ," He was a sorry sonofabitch, and I'm sorry I ever married him."",,,,,,,,,,,,,,,,,,,,,,,,,,,,,,,", u676 ,m43,,
21416, u676 ," Our apologies that it never made it to the recipient.,,,,,,,,,,,,,,,,,,,,,,,,,,,,,,,", u676 ,m43,,
21417, u676 ," Well, I do a little drawing --"",,,,,,,,,,,,,,,,,,,,,,,,,,,,,,,", u675 ,m43,,
21418, u675 ," Oh?  You've tried?,,,,,,,,,,,,,,,,,,,,,,,,,,,,,,,", u676 ,m43,,
21419, u676 ," They're harder to do than they look.,,,,,,,,,,,,,,,,,,,,,,,,,,,,,,,", u675 ,m43,,
21420, u675 ," Yeah.  A long time ago.,,,,,,,,,,,,,,,,,,,,,,,,,,,,,,,", u676 ,m43,,
21421, u676 ," Possible.  So you did those wings?,,,,,,,,,,,,,,,,,,,,,,,,,,,,,,,", u675 ,m43,,
21422, u675 ," Hmmm.  Feels like it might have gotten wet.,,,,,,,,,,,,,,,,,,,,,,,,,,,,,,,", u676 ,m43,,
21423, u676 ," Okay.  Sure.,,,,,,,,,,,,,,,,,,,,,,,,,,,,,,,", u675 ,m43,,
21424, u675 ," Want to come in?  Get dry for a minute.,,,,,,,,,,,,,,,,,,,,,,,,,,,,,,,", u676 ,m43,,
21425, u676 ," As much as anybody.,,,,,,,,,,,,,,,,,,,,,,,,,,,,,,,", u675 ,m43,,
21426, u675 ," You know what happened to this?,,,,,,,,,,,,,,,,,,,,,,,,,,,,,,,", u676 ,m43,,
21427, u676 ," No.,,,,,,,,,,,,,,,,,,,,,,,,,,,,,,,", u675 ,m43,,
21428, u675 ," Well, I have to say, I'm impressed.  You never gave up."",,,,,,,,,,,,,,,,,,,,,,,,,,,,,,,", u676 ,m43,,
21429, u676 ," There was an unavoidable delay.,,,,,,,,,,,,,,,,,,,,,,,,,,,,,,,", u675 ,m43,,
21430, u675 ," You came on a bicycle?  No wonder it's so late.,,,,,,,,,,,,,,,,,,,,,,,,,,,,,,,", u676 ,m43,,
21431, u676 ," So do I.,,,,,,,,,,,,,,,,,,,,,,,,,,,,,,,", u680 ,m43,,
21432, u680 ," I've got lots of time.,,,,,,,,,,,,,,,,,,,,,,,,,,,,,,,", u676 ,m43,,
21433, u676 ," Yeah, a long one."",,,,,,,,,,,,,,,,,,,,,,,,,,,,,,,", u680 ,m43,,
21434, u680 ," Must be a story there.,,,,,,,,,,,,,,,,,,,,,,,,,,,,,,,", u676 ,m43,,
21435, u676 ," I had it on the island with me.,,,,,,,,,,,,,,,,,,,,,,,,,,,,,,,", u680 ,m43,,
21436, u680 ," You?  Personally?,,,,,,,,,,,,,,,,,,,,,,,,,,,,,,,", u676 ,m43,,
21437, u676 ," Had a package to deliver.,,,,,,,,,,,,,,,,,,,,,,,,,,,,,,,", u680 ,m43,,
21438, u680 ," What brings you out to the sticks?,,,,,,,,,,,,,,,,,,,,,,,,,,,,,,,", u676 ,m43,,
21439, u676 ," I didn't steal it, and he wasn't crippled."",,,,,,,,,,,,,,,,,,,,,,,,,,,,,,,", u680 ,m43,,
21440, u680 ," Did you really steal a crippled kid's bicycle to make your deliveries, or is that just some bullshit story?"",,,,,,,,,,,,,,,,,,,,,,,,,,,,,,,", u682 ,m43,,
21441, u682 ," I'm so glad you're alive.,,,,,,,,,,,,,,,,,,,,,,,,,,,,,,,", u676 ,m43,,
21442, u676 ," You too.,,,,,,,,,,,,,,,,,,,,,,,,,,,,,,,", u682 ,m43,,
21443, u682 ," I love you, Chuck."",,,,,,,,,,,,,,,,,,,,,,,,,,,,,,,", u682 ,m43,,
21444, u682 ," I had to come.  To be sure you were okay.,,,,,,,,,,,,,,,,,,,,,,,,,,,,,,,", u676 ,m43,,
21445, u676 ," It means a lot...that you came.,,,,,,,,,,,,,,,,,,,,,,,,,,,,,,,", u682 ,m43,,
21446, u682 ," I've got to get back to Memphis. Hannah's babysitter has finals.,,,,,,,,,,,,,,,,,,,,,,,,,,,,,,,", u676 ,m43,,
21447, u676 ," I don't know.  I really don't know.,,,,,,,,,,,,,,,,,,,,,,,,,,,,,,,", u682 ,m43,,
21448, u682 ," What will you do?,,,,,,,,,,,,,,,,,,,,,,,,,,,,,,,", u676 ,m43,,
21449, u676 ," Great.  Really.,,,,,,,,,,,,,,,,,,,,,,,,,,,,,,,", u682 ,m43,,
21450, u682 ," You okay?,,,,,,,,,,,,,,,,,,,,,,,,,,,,,,,", u676 ,m43,,
21451, u676 ," That's what I told the fish I caught. But I ate them anyway.,,,,,,,,,,,,,,,,,,,,,,,,,,,,,,,", u682 ,m43,,
21452, u682 ," This is so unfair.,,,,,,,,,,,,,,,,,,,,,,,,,,,,,,,", u676 ,m43,,
21453, u676 ," I didn't know what really being alone was.  No one back here does.,,,,,,,,,,,,,,,,,,,,,,,,,,,,,,,", u682 ,m43,,
21454, u682 ," You hated being alone.  Couldn't stand it.  Busy every minute.  Always plugged into something.,,,,,,,,,,,,,,,,,,,,,,,,,,,,,,,", u676 ,m43,,
21455, u676 ," Not when you have no choice.,,,,,,,,,,,,,,,,,,,,,,,,,,,,,,,", u682 ,m43,,
21456, u682 ," So simple to say, so hard to do."",,,,,,,,,,,,,,,,,,,,,,,,,,,,,,,", u676 ,m43,,
21457, u676 ," Cliches, mainly.  Don't take anyone for granted.  Don't sweat the small stuff. Live each day like it's your last."",,,,,,,,,,,,,,,,,,,,,,,,,,,,,,,", u682 ,m43,,
21458, u682 ," Come on.  Try.,,,,,,,,,,,,,,,,,,,,,,,,,,,,,,,", u682 ,m43,,
21459, u682 ," Don't overwhelm me with the details.  You know how I hate that.,,,,,,,,,,,,,,,,,,,,,,,,,,,,,,,", u676 ,m43,,
21460, u676 ," The tide came in, the tide went out.  I survived.  That's the headline.  I survived."",,,,,,,,,,,,,,,,,,,,,,,,,,,,,,,", u682 ,m43,,
21461, u682 ," Yeah?,,,,,,,,,,,,,,,,,,,,,,,,,,,,,,,", u676 ,m43,,
21462, u676 ," The plane went down.  My friends died.  I washed up on an island.  Then I found these barrels, built the raft, and here I am."",,,,,,,,,,,,,,,,,,,,,,,,,,,,,,,", u682 ,m43,,
21463, u682 ," Maybe now's when you tell me about it.,,,,,,,,,,,,,,,,,,,,,,,,,,,,,,,", u676 ,m43,,
21464, u676 ," That about sums it up.,,,,,,,,,,,,,,,,,,,,,,,,,,,,,,,", u682 ,m43,,
21465, u682 ," Your calendar, your cell phone, your whoo pig sooey hat, some pictures of that ketch you wanted."",,,,,,,,,,,,,,,,,,,,,,,,,,,,,,,", u676 ,m43,,
21466, u676 ," What was inside?,,,,,,,,,,,,,,,,,,,,,,,,,,,,,,,", u682 ,m43,,
21467, u682 ," Yeah, coffin, headstone, the whole thing."",,,,,,,,,,,,,,,,,,,,,,,,,,,,,,,", u676 ,m43,,
21468, u676 ," There was a coffin?,,,,,,,,,,,,,,,,,,,,,,,,,,,,,,,", u676 ,m43,,
21469, u676 ," My epitaph.,,,,,,,,,,,,,,,,,,,,,,,,,,,,,,,", u682 ,m43,,
21470, u682 ," What's that, written on the sail?"",,,,,,,,,,,,,,,,,,,,,,,,,,,,,,,", u676 ,m43,,
21471, u676 ," Yeah, well...couldn't be helped."",,,,,,,,,,,,,,,,,,,,,,,,,,,,,,,", u682 ,m43,,
21472, u682 ," All that time I waited to go on a cruise, and you went without me."",,,,,,,,,,,,,,,,,,,,,,,,,,,,,,,", u676 ,m43,,
21473, u676 ," That's my sea anchor.  My second one. Made it out of part of the sail.  It keeps you from capsizing in a storm.  In theory.  And this, this I used to collect water. About half a cup a day."",,,,,,,,,,,,,,,,,,,,,,,,,,,,,,,", u682 ,m43,,
21474, u682 ," What's that?,,,,,,,,,,,,,,,,,,,,,,,,,,,,,,,", u682 ,m43,,
21475, u682 ," No, this is Jack.  Jango was hit by a UPS truck.  Can you believe it?"",,,,,,,,,,,,,,,,,,,,,,,,,,,,,,,", u676 ,m43,,
21476, u676 ," Is that Jango?,,,,,,,,,,,,,,,,,,,,,,,,,,,,,,,", u682 ,m43,,
21477, u682 ," Her name's Hannah.,,,,,,,,,,,,,,,,,,,,,,,,,,,,,,,", u676 ,m43,,
21478, u676 ," You have any children?,,,,,,,,,,,,,,,,,,,,,,,,,,,,,,,", u682 ,m43,,
21479, u682 ," I didn't want to.  It just happened.  One day Gary was there.  He took care of everything.  He took care of me.  I was a mess.,,,,,,,,,,,,,,,,,,,,,,,,,,,,,,,", u676 ,m43,,
21480, u676 ," I would have done the same thing.,,,,,,,,,,,,,,,,,,,,,,,,,,,,,,,", u682 ,m43,,
21481, u682 ," If I'd known you were alive --,,,,,,,,,,,,,,,,,,,,,,,,,,,,,,,", u676 ,m43,,
21482, u676 ," I know.,,,,,,,,,,,,,,,,,,,,,,,,,,,,,,,", u682 ,m43,,
21483, u682 ," I would never --,,,,,,,,,,,,,,,,,,,,,,,,,,,,,,,", u676 ,m43,,
21484, u676 ," I thought you might have.,,,,,,,,,,,,,,,,,,,,,,,,,,,,,,,", u682 ,m43,,
21485, u682 ," I got married.,,,,,,,,,,,,,,,,,,,,,,,,,,,,,,,", u676 ,m43,,
21486, u676 ," A few things came up.  Or went down.,,,,,,,,,,,,,,,,,,,,,,,,,,,,,,,", u682 ,m43,,
21487, u682 ," Right back, you said you'd be right back."",,,,,,,,,,,,,,,,,,,,,,,,,,,,,,,", u676 ,m43,,
21488, u676 ," Hey...hey...it's okay!,,,,,,,,,,,,,,,,,,,,,,,,,,,,,,,", u682 ,m43,,
21489, u682 ," I'm sorry... I'm sorry...,,,,,,,,,,,,,,,,,,,,,,,,,,,,,,,", u682 ,m43,,
21490, u682 ," Go on.  We'll be fine.  I'll feed Jango to the frogs.,,,,,,,,,,,,,,,,,,,,,,,,,,,,,,,", u676 ,m43,,
21491, u676 ," A week, max.  Okay?  Okay?"",,,,,,,,,,,,,,,,,,,,,,,,,,,,,,,", u682 ,m43,,
21492, u682 ," Chuck, you're breaking my heart."",,,,,,,,,,,,,,,,,,,,,,,,,,,,,,,", u676 ,m43,,
21493, u676 ," Malaysia.  They're holding the sweep.,,,,,,,,,,,,,,,,,,,,,,,,,,,,,,,", u682 ,m43,,
21494, u682 ," Get back?  From where?,,,,,,,,,,,,,,,,,,,,,,,,,,,,,,,", u682 ,m43,,
21495, u682 ," Don't even start.,,,,,,,,,,,,,,,,,,,,,,,,,,,,,,,", u676 ,m43,,
21496, u676 ," Look, we'll do our trip as soon as I get back."",,,,,,,,,,,,,,,,,,,,,,,,,,,,,,,", u682 ,m43,,
21497, u682 ," What, you were going to come over the next day all calm and say, Kelly that really made me mad?  Don't tell me you're mad.  Be mad.  Be who you are right now."",,,,,,,,,,,,,,,,,,,,,,,,,,,,,,,", u676 ,m43,,
21498, u676 ," I guess I hadn't thought through how I felt.,,,,,,,,,,,,,,,,,,,,,,,,,,,,,,,", u682 ,m43,,
21499, u682 ," Why didn't you come over, get mad at me, tell me what a stupid bitch I was."",,,,,,,,,,,,,,,,,,,,,,,,,,,,,,,", u682 ,m43,,
21500, u682 ," I burned the Christmas tree.,,,,,,,,,,,,,,,,,,,,,,,,,,,,,,,", u676 ,m43,,
21501, u676 ," No, it was great.  Maybe a little overkill --"",,,,,,,,,,,,,,,,,,,,,,,,,,,,,,,", u682 ,m43,,
21502, u682 ," I'm sorry about the presents.  I got a little carried away.,,,,,,,,,,,,,,,,,,,,,,,,,,,,,,,", u676 ,m43,,
21503, u676 ," Yes there is.,,,,,,,,,,,,,,,,,,,,,,,,,,,,,,,", u682 ,m43,,
21504, u682 ," There isn't any us.,,,,,,,,,,,,,,,,,,,,,,,,,,,,,,,", u676 ,m43,,
21505, u676 ," It's our dog.  It belongs to us.,,,,,,,,,,,,,,,,,,,,,,,,,,,,,,,", u682 ,m43,,
21506, u682 ," That's your dog.,,,,,,,,,,,,,,,,,,,,,,,,,,,,,,,", u676 ,m43,,
21507, u676 ," I can't take him to work.,,,,,,,,,,,,,,,,,,,,,,,,,,,,,,,", u682 ,m43,,
21508, u682 ," No.,,,,,,,,,,,,,,,,,,,,,,,,,,,,,,,", u676 ,m43,,
21509, u676 ," Could you watch Jango?,,,,,,,,,,,,,,,,,,,,,,,,,,,,,,,", u682 ,m43,,
21510, u682 ," """"We're"""" not over-reacting."",,,,,,,,,,,,,,,,,,,,,,,,,,,,,,,", u676 ,m43,,
21511, u676 ," We're a little emotional here.  It's Christmas, maybe we're over-reacting."",,,,,,,,,,,,,,,,,,,,,,,,,,,,,,,", u682 ,m43,,
21512, u682 ," This isn't working out.,,,,,,,,,,,,,,,,,,,,,,,,,,,,,,,", u682 ,m43,,
21513, u682 ," You want to.,,,,,,,,,,,,,,,,,,,,,,,,,,,,,,,", u676 ,m43,,
21514, u676 ," I have to.,,,,,,,,,,,,,,,,,,,,,,,,,,,,,,,", u682 ,m43,,
21515, u682 ," You can't go now.,,,,,,,,,,,,,,,,,,,,,,,,,,,,,,,", u676 ,m43,,
21516, u676 ," Look, I love the puppy.  I love you.  But I have to go."",,,,,,,,,,,,,,,,,,,,,,,,,,,,,,,", u676 ,m43,,
21517, u676 ," You did?,,,,,,,,,,,,,,,,,,,,,,,,,,,,,,,", u682 ,m43,,
21518, u682 ," A ring.  I wanted a ring.,,,,,,,,,,,,,,,,,,,,,,,,,,,,,,,", u676 ,m43,,
21519, u676 ," I have to go.  I'm on call for overflow down at the Hub.,,,,,,,,,,,,,,,,,,,,,,,,,,,,,,,", u682 ,m43,,
21520, u682 ," For when I travel?,,,,,,,,,,,,,,,,,,,,,,,,,,,,,,,", u676 ,m43,,
21521, u676 ," You know, for when you travel."",,,,,,,,,,,,,,,,,,,,,,,,,,,,,,,", u676 ,m43,,
21522, u676 ," And for you --,,,,,,,,,,,,,,,,,,,,,,,,,,,,,,,", u682 ,m43,,
21523, u682 ," A puppy's got a little more personality than a fish.,,,,,,,,,,,,,,,,,,,,,,,,,,,,,,,", u676 ,m43,,
21524, u676 ," I can't even keep fish alive.,,,,,,,,,,,,,,,,,,,,,,,,,,,,,,,", u682 ,m43,,
21525, u682 ," He's your cute thing.,,,,,,,,,,,,,,,,,,,,,,,,,,,,,,,", u676 ,m43,,
21526, u676 ," He is a cute thing.,,,,,,,,,,,,,,,,,,,,,,,,,,,,,,,", u682 ,m43,,
21527, u682 ," I figure, if we could take care of a puppy, we could, you know, take care of --"",,,,,,,,,,,,,,,,,,,,,,,,,,,,,,,", u676 ,m43,,
21528, u676 ," Hey, look at you."",,,,,,,,,,,,,,,,,,,,,,,,,,,,,,,", u682 ,m43,,
21529, u682 ," Let me guess, Russia came up?"",,,,,,,,,,,,,,,,,,,,,,,,,,,,,,,", u676 ,m43,,
21530, u676 ," Ah, the staff meeting could have gone better."",,,,,,,,,,,,,,,,,,,,,,,,,,,,,,,", u682 ,m43,,
21531, u682 ," You don't seem too happy about it.,,,,,,,,,,,,,,,,,,,,,,,,,,,,,,,", u676 ,m43,,
21532, u676 ," Four four.  A record.,,,,,,,,,,,,,,,,,,,,,,,,,,,,,,,", u676 ,m43,,
21533, u676 ," Not if you work for FedEx.,,,,,,,,,,,,,,,,,,,,,,,,,,,,,,,", u682 ,m43,,
21534, u682 ," Merry Christmas eve.,,,,,,,,,,,,,,,,,,,,,,,,,,,,,,,", u682 ,m43,,
21535, u682 ," Yeah, tell me.  Tell me all of it."",,,,,,,,,,,,,,,,,,,,,,,,,,,,,,,", u676 ,m43,,
21536, u676 ," What do you want me to say?  That I thought I'd done a great job but it all turned to shit?  That I might as well have gone sailing for all the good I did?,,,,,,,,,,,,,,,,,,,,,,,,,,,,,,,", u682 ,m43,,
21537, u682 ," Chuck.,,,,,,,,,,,,,,,,,,,,,,,,,,,,,,,", u682 ,m43,,
21538, u682 ," Chuck, forget the Xerox.  So Russia didn't turn out well?"",,,,,,,,,,,,,,,,,,,,,,,,,,,,,,,", u676 ,m43,,
21539, u676 ," Got to follow the paper path here.,,,,,,,,,,,,,,,,,,,,,,,,,,,,,,,", u676 ,m43,,
21540, u676 ," I thought I did.,,,,,,,,,,,,,,,,,,,,,,,,,,,,,,,", u682 ,m43,,
21541, u682 ," Don't overwhelm me with details, you know how I hate that.  Did you get it fixed?"",,,,,,,,,,,,,,,,,,,,,,,,,,,,,,,", u676 ,m43,,
21542, u676 ," Cold.,,,,,,,,,,,,,,,,,,,,,,,,,,,,,,,", u682 ,m43,,
21543, u682 ," How was Russia?,,,,,,,,,,,,,,,,,,,,,,,,,,,,,,,", u676 ,m43,,
21544, u676 ," Let's take a look.,,,,,,,,,,,,,,,,,,,,,,,,,,,,,,,", u682 ,m43,,
21545, u682 ," My last chapter's in there, and the damn machine's jammed."",,,,,,,,,,,,,,,,,,,,,,,,,,,,,,,", u676 ,m43,,
21546, u676 ," You smell like formaldehyde.,,,,,,,,,,,,,,,,,,,,,,,,,,,,,,,", u682 ,m43,,
21547, u682 ," Your eyes are puffy.  Did you take Valium again?,,,,,,,,,,,,,,,,,,,,,,,,,,,,,,,", u676 ,m43,,
21548, u676 ," Hey, be nice to it, it'll be nice to you."",,,,,,,,,,,,,,,,,,,,,,,,,,,,,,,", u682 ,m43,,
21549, u682 ," Sonofabitch!,,,,,,,,,,,,,,,,,,,,,,,,,,,,,,,", u683 ,m43,,
21550, u683 ," There's a sweep leaving Memphis in an hour, goes through Sydney."",,,,,,,,,,,,,,,,,,,,,,,,,,,,,,,", u676 ,m43,,
21551, u676 ," Anything else?,,,,,,,,,,,,,,,,,,,,,,,,,,,,,,,", u683 ,m43,,
21552, u683 ," The regular flight is scheduled for oh three hundred tomorrow.,,,,,,,,,,,,,,,,,,,,,,,,,,,,,,,", u676 ,m43,,
21553, u676 ," When's the next Jumbo?,,,,,,,,,,,,,,,,,,,,,,,,,,,,,,,", u676 ,m43,,
21554, u676 ," Terrific.  Yours?,,,,,,,,,,,,,,,,,,,,,,,,,,,,,,,", u683 ,m43,,
21555, u683 ," And how was your Christmas?,,,,,,,,,,,,,,,,,,,,,,,,,,,,,,,", u676 ,m43,,
21556, u676 ," I need the latest PDRs on St. Petersburg.,,,,,,,,,,,,,,,,,,,,,,,,,,,,,,,", u678 ,m43,,
21557, u678 ," Well, when that IV runs out, you're through with us.  Just the dentist tomorrow."",,,,,,,,,,,,,,,,,,,,,,,,,,,,,,,", u676 ,m43,,
21558, u676 ," Doc, I'm not on the island.  I'm not on the raft.  I'm alive.  I'm so glad to be back, I can't tell you.  I just want out of here."",,,,,,,,,,,,,,,,,,,,,,,,,,,,,,,", u676 ,m43,,
21559, u676 ," Not to mention on me.,,,,,,,,,,,,,,,,,,,,,,,,,,,,,,,", u678 ,m43,,
21560, u678 ," You are aware of the potential disruptiveness on your loved ones when you return to your old life?,,,,,,,,,,,,,,,,,,,,,,,,,,,,,,,", u676 ,m43,,
21561, u676 ," Yes, yes he did."",,,,,,,,,,,,,,,,,,,,,,,,,,,,,,,", u678 ,m43,,
21562, u678 ," Doctor Hegel tells me he discussed the Vietnam POW syndrome with you.,,,,,,,,,,,,,,,,,,,,,,,,,,,,,,,", u676 ,m43,,
21563, u676 ," I most definitely say I am.,,,,,,,,,,,,,,,,,,,,,,,,,,,,,,,", u678 ,m43,,
21564, u678 ," If you say you are.,,,,,,,,,,,,,,,,,,,,,,,,,,,,,,,", u676 ,m43,,
21565, u676 ," But all that's behind me.  I'm fine now.,,,,,,,,,,,,,,,,,,,,,,,,,,,,,,,", u678 ,m43,,
21566, u678 ," Your body chemistry and your exposure to the elements would normally lead to irritability, depression, anxiety, periods of self-reproach.  It's almost like schizophrenia.  Different sides of your personality might come to life, speak out, act out."",,,,,,,,,,,,,,,,,,,,,,,,,,,,,,,", u676 ,m43,,
21567, u676 ," I am one lucky guy.,,,,,,,,,,,,,,,,,,,,,,,,,,,,,,,", u678 ,m43,,
21568, u678 ," And fish are very low in fat, which is energy inefficient.  So you're going to burn up your own cells no matter how much you eat.  Luckily you ate the eyes and pancreas, which contain some Vitamin C, so you didn't get scurvy."",,,,,,,,,,,,,,,,,,,,,,,,,,,,,,,", u676 ,m43,,
21569, u676 ," Which I didn't have.,,,,,,,,,,,,,,,,,,,,,,,,,,,,,,,", u678 ,m43,,
21570, u678 ," Protein digestion is very costly in water usage.,,,,,,,,,,,,,,,,,,,,,,,,,,,,,,,", u676 ,m43,,
21571, u676 ," All I ate was fish.  That's solid protein.,,,,,,,,,,,,,,,,,,,,,,,,,,,,,,,", u678 ,m43,,
21572, u678 ," Dehydration.  Vitamin deficiency. Protein deficiency.  Any or all of the above.,,,,,,,,,,,,,,,,,,,,,,,,,,,,,,,", u676 ,m43,,
21573, u676 ," Sorry...sorry... Why do my joints still ache?,,,,,,,,,,,,,,,,,,,,,,,,,,,,,,,", u678 ,m43,,
21574, u678 ," Under the circumstances your overall health is good.  Those salt water boils you picked up on the raft are ulcerated, but they're healing nicely."",,,,,,,,,,,,,,,,,,,,,,,,,,,,,,,", u676 ,m43,,
21575, u676 ," My favorite doctor.  What's the verdict?,,,,,,,,,,,,,,,,,,,,,,,,,,,,,,,", u676 ,m43,,
21576, u676 ," Yeah.,,,,,,,,,,,,,,,,,,,,,,,,,,,,,,,", u679 ,m43,,
21577, u679 ," You're Chuck Noland.,,,,,,,,,,,,,,,,,,,,,,,,,,,,,,,", u676 ,m43,,
21578, u676 ," Sure.,,,,,,,,,,,,,,,,,,,,,,,,,,,,,,,", u679 ,m43,,
21579, u679 ," Hey, once a driver, always a driver.  You want a lift?  I've just got one more pickup."",,,,,,,,,,,,,,,,,,,,,,,,,,,,,,,", u676 ,m43,,
21580, u676 ," I used to drive one of those.  A long time ago.,,,,,,,,,,,,,,,,,,,,,,,,,,,,,,,", u676 ,m43,,
21581, u676 ," No.,,,,,,,,,,,,,,,,,,,,,,,,,,,,,,,", u679 ,m43,,
21582, u679 ," You're not out of Pascagoula, are you?"",,,,,,,,,,,,,,,,,,,,,,,,,,,,,,,", u679 ,m43,,
21583, u679 ," You bet I do.  High tide comes right up to this road.,,,,,,,,,,,,,,,,,,,,,,,,,,,,,,,", u676 ,m43,,
21584, u676 ," Need some help?,,,,,,,,,,,,,,,,,,,,,,,,,,,,,,,", u676 ,m43,,
21585, u676 ," Just don't count 'em before they hatch.,,,,,,,,,,,,,,,,,,,,,,,,,,,,,,,", u685 ,m43,,
21586, u685 ," Come on down to the plant.  It's state of the art.  We're doing for chickens what FedEx did for the delivery business.,,,,,,,,,,,,,,,,,,,,,,,,,,,,,,,", u676 ,m43,,
21587, u676 ," Really?,,,,,,,,,,,,,,,,,,,,,,,,,,,,,,,", u676 ,m43,,
21588, u676 ," True enough.  No sacred chickens nowhere, so far as I know."",,,,,,,,,,,,,,,,,,,,,,,,,,,,,,,", u685 ,m43,,
21589, u685 ," Sixty three pounds consumed per capita, up from twenty seven in 1960.  Going to pass beef.  Chicken's global.  No religious taboos.  You don't see your Hindus and your Muslims boycotting poultry."",,,,,,,,,,,,,,,,,,,,,,,,,,,,,,,", u676 ,m43,,
21590, u676 ," But chickens?,,,,,,,,,,,,,,,,,,,,,,,,,,,,,,,", u676 ,m43,,
21591, u676 ," So did I.,,,,,,,,,,,,,,,,,,,,,,,,,,,,,,,", u685 ,m43,,
21592, u685 ," Thought you were going to bring her.,,,,,,,,,,,,,,,,,,,,,,,,,,,,,,,", u685 ,m43,,
21593, u685 ," Let's eat.,,,,,,,,,,,,,,,,,,,,,,,,,,,,,,,", u676 ,m43,,
21594, u676 ," Bless us O Lord, and these thy gifts, which we are about to receive, from thou bounty, through Christ the Lord.  Amen."",,,,,,,,,,,,,,,,,,,,,,,,,,,,,,,", u676 ,m43,,
21595, u676 ," The tide saved me, Mom.  I lived by it. I'm just wondering where it will take me next."",,,,,,,,,,,,,,,,,,,,,,,,,,,,,,,", u684 ,m43,,
21596, u684 ," What a journey you've had.  It seems more than a person should have to bear.,,,,,,,,,,,,,,,,,,,,,,,,,,,,,,,", u684 ,m43,,
21597, u684 ," This is my home.  I'm part of the wallpaper.,,,,,,,,,,,,,,,,,,,,,,,,,,,,,,,", u676 ,m43,,
21598, u676 ," I've got all this back pay coming.  Why don't you let me get you a place in town?,,,,,,,,,,,,,,,,,,,,,,,,,,,,,,,", u676 ,m43,,
21599, u676 ," I wanted to come here.,,,,,,,,,,,,,,,,,,,,,,,,,,,,,,,", u684 ,m43,,
21600, u684 ," Roger got me on.  I wasn't doing anything, and -- but you're back, you're really back.  I would have come to Memphis, but --"",,,,,,,,,,,,,,,,,,,,,,,,,,,,,,,", u676 ,m43,,
21601, u676 ," When'd you start working here?,,,,,,,,,,,,,,,,,,,,,,,,,,,,,,,", u684 ,m43,,
21602, u684 ," There's settled folks, and there's nomads.  You're just not a settled folk. You never belonged here."",,,,,,,,,,,,,,,,,,,,,,,,,,,,,,,", u676 ,m43,,
21603, u676 ," Doing great, Mom, don't worry about me."",,,,,,,,,,,,,,,,,,,,,,,,,,,,,,,", u684 ,m43,,
21604, u684 ," I'm doing fine.,,,,,,,,,,,,,,,,,,,,,,,,,,,,,,,", u676 ,m43,,
21605, u676 ," The place is falling apart.,,,,,,,,,,,,,,,,,,,,,,,,,,,,,,,", u684 ,m43,,
21606, u684 ," Don't you even think about it.,,,,,,,,,,,,,,,,,,,,,,,,,,,,,,,", u676 ,m43,,
21607, u676 ," Maybe I should take a few days off. Roger's working now, you could use some help around here..."",,,,,,,,,,,,,,,,,,,,,,,,,,,,,,,", u684 ,m43,,
21608, u684 ," Oh no, the prodigal son's home.  We bring out the store bought."",,,,,,,,,,,,,,,,,,,,,,,,,,,,,,,", u676 ,m43,,
21609, u676 ," Mom, this is a farm.  We've got real strawberries growing outside, we've got real cream."",,,,,,,,,,,,,,,,,,,,,,,,,,,,,,,", u684 ,m43,,
21610, u684 ," That new roof, that's your doing."",,,,,,,,,,,,,,,,,,,,,,,,,,,,,,,", u676 ,m43,,
21611, u676 ," Look, I help take care of the place.  You got my check, didn't you Mom?"",,,,,,,,,,,,,,,,,,,,,,,,,,,,,,,", u676 ,m43,,
21612, u676 ," It's nothing you did, Mom, believe me."",,,,,,,,,,,,,,,,,,,,,,,,,,,,,,,", u684 ,m43,,
21613, u684 ," It seemed like she had such a good time last time.,,,,,,,,,,,,,,,,,,,,,,,,,,,,,,,", u676 ,m43,,
21614, u676 ," Mom, meet Jango."",,,,,,,,,,,,,,,,,,,,,,,,,,,,,,,", u684 ,m43,,
21615, u684 ," What happened to your pants?,,,,,,,,,,,,,,,,,,,,,,,,,,,,,,,", u687 ,m43,,
21616, u687 ," You're looking at a Level III search. For your Level III, you gotta have E-4 authorization.  I don't have it."",,,,,,,,,,,,,,,,,,,,,,,,,,,,,,,", u676 ,m43,,
21617, u676 ," Can you find her?,,,,,,,,,,,,,,,,,,,,,,,,,,,,,,,", u687 ,m43,,
21618, u687 ," Hmmm.  Durango, Colorado; Asheville, North Carolina, then...canceled her account."",,,,,,,,,,,,,,,,,,,,,,,,,,,,,,,", u687 ,m43,,
21619, u687 ," Sure.  Bettina Peterson.  Marfa, Texas. Let's run a current check."",,,,,,,,,,,,,,,,,,,,,,,,,,,,,,,", u676 ,m43,,
21620, u676 ," What about the sender?,,,,,,,,,,,,,,,,,,,,,,,,,,,,,,,", u687 ,m43,,
21621, u687 ," Okay.  After three years the PTR reverts to tape storage, which is okay because we access it through the CPC.  Here it is.  Ten packages from the same sender.  Baku. Delhi.  St. Petersburg.  The guy was a real road warrior.  This package was Kuala Lampur.  No activity in his account after this package.  No forwarding addresses after K.L."",,,,,,,,,,,,,,,,,,,,,,,,,,,,,,,", u676 ,m43,,
21622, u676 ," Kamal, you're breaking up.  Can you hear us?"",,,,,,,,,,,,,,,,,,,,,,,,,,,,,,,", u687 ,m43,,
21623, u687 ," Trying.,,,,,,,,,,,,,,,,,,,,,,,,,,,,,,,", u676 ,m43,,
21624, u676 ," Who's in charge then, where is Chinn?"",,,,,,,,,,,,,,,,,,,,,,,,,,,,,,,", u688 ,m43,,
21625, u688 ," Kamal is not here.  We are very defused.,,,,,,,,,,,,,,,,,,,,,,,,,,,,,,,", u676 ,m43,,
21626, u676 ," What's going on down there?,,,,,,,,,,,,,,,,,,,,,,,,,,,,,,,", u688 ,m43,,
21627, u688 ," It is Ibrim, I, I am a sorter."",,,,,,,,,,,,,,,,,,,,,,,,,,,,,,,", u676 ,m43,,
21628, u676 ," Who is this?  Where is Kamal?,,,,,,,,,,,,,,,,,,,,,,,,,,,,,,,", u688 ,m43,,
21629, u688 ," Kamal is not here.,,,,,,,,,,,,,,,,,,,,,,,,,,,,,,,", u686 ,m43,,
21630, u686 ," No sweat.,,,,,,,,,,,,,,,,,,,,,,,,,,,,,,,", u676 ,m43,,
21631, u676 ," Thanks.  For everything.,,,,,,,,,,,,,,,,,,,,,,,,,,,,,,,", u686 ,m43,,
21632, u686 ," Finish what you started.  You haven't changed, Chuck.  It's still you."",,,,,,,,,,,,,,,,,,,,,,,,,,,,,,,", u676 ,m43,,
21633, u676 ," I need to do it.,,,,,,,,,,,,,,,,,,,,,,,,,,,,,,,", u686 ,m43,,
21634, u686 ," You want that delivered, we'll deliver it.  That's what we do."",,,,,,,,,,,,,,,,,,,,,,,,,,,,,,,", u676 ,m43,,
21635, u676 ," Deliver this package.  Then, I dunno."",,,,,,,,,,,,,,,,,,,,,,,,,,,,,,,", u686 ,m43,,
21636, u686 ," What, then?"",,,,,,,,,,,,,,,,,,,,,,,,,,,,,,,", u686 ,m43,,
21637, u686 ," Deep, real deep."",,,,,,,,,,,,,,,,,,,,,,,,,,,,,,,", u676 ,m43,,
21638, u676 ," Not just that.  Take your time.  Use it. Live it.,,,,,,,,,,,,,,,,,,,,,,,,,,,,,,,", u686 ,m43,,
21639, u686 ," Being patient.  Don't rush things.  I get it.,,,,,,,,,,,,,,,,,,,,,,,,,,,,,,,", u676 ,m43,,
21640, u676 ," That's what it's about.,,,,,,,,,,,,,,,,,,,,,,,,,,,,,,,", u686 ,m43,,
21641, u686 ," What?,,,,,,,,,,,,,,,,,,,,,,,,,,,,,,,", u676 ,m43,,
21642, u676 ," Take your time.,,,,,,,,,,,,,,,,,,,,,,,,,,,,,,,", u676 ,m43,,
21643, u676 ," Digital laser readers.  Wow.  Terrific.,,,,,,,,,,,,,,,,,,,,,,,,,,,,,,,", u686 ,m43,,
21644, u686 ," Digital laser readers.,,,,,,,,,,,,,,,,,,,,,,,,,,,,,,,", u676 ,m43,,
21645, u676 ," Believe me I know.,,,,,,,,,,,,,,,,,,,,,,,,,,,,,,,", u686 ,m43,,
21646, u686 ," That's all there is.,,,,,,,,,,,,,,,,,,,,,,,,,,,,,,,", u676 ,m43,,
21647, u676 ," To life.,,,,,,,,,,,,,,,,,,,,,,,,,,,,,,,", u686 ,m43,,
21648, u686 ," To life.  Fuck 'em if they can't take a joke.,,,,,,,,,,,,,,,,,,,,,,,,,,,,,,,", u676 ,m43,,
21649, u676 ," What's it all about?  It's about being so thirsty you'd crush a fish's backbone to suck out the spinal fluid -- that's what it's about.,,,,,,,,,,,,,,,,,,,,,,,,,,,,,,,", u686 ,m43,,
21650, u686 ," I'm serious.  The burning bush, the big picture, the words in neon..."",,,,,,,,,,,,,,,,,,,,,,,,,,,,,,,", u676 ,m43,,
21651, u676 ," Hallelujah.,,,,,,,,,,,,,,,,,,,,,,,,,,,,,,,", u686 ,m43,,
21652, u686 ," You've been over the line and you came back.  You've been saved, hallelujah!"",,,,,,,,,,,,,,,,,,,,,,,,,,,,,,,", u676 ,m43,,
21653, u676 ," To Wilson.,,,,,,,,,,,,,,,,,,,,,,,,,,,,,,,", u686 ,m43,,
21654, u686 ," To Wilson.,,,,,,,,,,,,,,,,,,,,,,,,,,,,,,,", u676 ,m43,,
21655, u676 ," I never thought it would end.  Then it did.  It was so great to be saved, I couldn't stop laughing."",,,,,,,,,,,,,,,,,,,,,,,,,,,,,,,", u686 ,m43,,
21656, u686 ," When I first showed up, I thought you'd lost your fucking marbles."",,,,,,,,,,,,,,,,,,,,,,,,,,,,,,,", u676 ,m43,,
21657, u676 ," Forty-three days.,,,,,,,,,,,,,,,,,,,,,,,,,,,,,,,", u686 ,m43,,
21658, u686 ," You were how long on this?,,,,,,,,,,,,,,,,,,,,,,,,,,,,,,,", u676 ,m43,,
21659, u676 ," Time I had lots of.,,,,,,,,,,,,,,,,,,,,,,,,,,,,,,,", u686 ,m43,,
21660, u686 ," Must have taken a hell of a long time.,,,,,,,,,,,,,,,,,,,,,,,,,,,,,,,", u676 ,m43,,
21661, u676 ," I braided them.,,,,,,,,,,,,,,,,,,,,,,,,,,,,,,,", u686 ,m43,,
21662, u686 ," Cool ropes.,,,,,,,,,,,,,,,,,,,,,,,,,,,,,,,", u676 ,m43,,
21663, u676 ," You should have smelled me.,,,,,,,,,,,,,,,,,,,,,,,,,,,,,,,", u686 ,m43,,
21664, u686 ," This stinks really bad.,,,,,,,,,,,,,,,,,,,,,,,,,,,,,,,", u676 ,m43,,
21665, u676 ," Want to see my raft?,,,,,,,,,,,,,,,,,,,,,,,,,,,,,,,", u686 ,m43,,
21666, u686 ," How about we go somewhere else?,,,,,,,,,,,,,,,,,,,,,,,,,,,,,,,", u676 ,m43,,
21667, u676 ," This is Amber.  Her boyfriend lost his foot in a shark attack.,,,,,,,,,,,,,,,,,,,,,,,,,,,,,,,", u686 ,m43,,
21668, u686 ," Hello.,,,,,,,,,,,,,,,,,,,,,,,,,,,,,,,", u686 ,m43,,
21669, u686 ," You beat 'em to shit, pal!  Jesus!"",,,,,,,,,,,,,,,,,,,,,,,,,,,,,,,", u676 ,m43,,
21670, u676 ," I beat the odds!,,,,,,,,,,,,,,,,,,,,,,,,,,,,,,,", u676 ,m43,,
21671, u676 ," I'm most definitely not dead.  And as I recall, you're the sick fucker."",,,,,,,,,,,,,,,,,,,,,,,,,,,,,,,", u686 ,m43,,
21672, u686 ," You're fucking dead!,,,,,,,,,,,,,,,,,,,,,,,,,,,,,,,", u676 ,m43,,
21673, u676 ," It's me.,,,,,,,,,,,,,,,,,,,,,,,,,,,,,,,", u686 ,m43,,
21674, u686 ," God damn!  God damn!  Chuck, it's you!"",,,,,,,,,,,,,,,,,,,,,,,,,,,,,,,", u676 ,m43,,
21675, u676 ," Stan, it's Chuck...Chuck Noland..."",,,,,,,,,,,,,,,,,,,,,,,,,,,,,,,", u686 ,m43,,
21676, u686 ," Hello?,,,,,,,,,,,,,,,,,,,,,,,,,,,,,,,", u676 ,m43,,
21677, u676 ," Right.  Get me everything on Indonesia, New Guinea, all the way to Australia."",,,,,,,,,,,,,,,,,,,,,,,,,,,,,,,", u686 ,m43,,
21678, u686 ," Malaysia's tanking.  We're meeting in ten in operations.,,,,,,,,,,,,,,,,,,,,,,,,,,,,,,,", u686 ,m43,,
21679, u686 ," We're on.,,,,,,,,,,,,,,,,,,,,,,,,,,,,,,,", u676 ,m43,,
21680, u676 ," Talk is cheap.  Are we on or not?,,,,,,,,,,,,,,,,,,,,,,,,,,,,,,,", u686 ,m43,,
21681, u686 ," Ninety five percent?  Just give me the money now.,,,,,,,,,,,,,,,,,,,,,,,,,,,,,,,", u676 ,m43,,
21682, u676 ," A hundred rubles St. Petersburg hits 95 percent in a month.,,,,,,,,,,,,,,,,,,,,,,,,,,,,,,,", u676 ,m43,,
21683, u676 ," This was nothing like Warsaw.  I held the truck then minutes, it's not that big a deal."",,,,,,,,,,,,,,,,,,,,,,,,,,,,,,,", u686 ,m43,,
21684, u686 ," I'm trying to help you here.  There's Warsaw, there's this --"",,,,,,,,,,,,,,,,,,,,,,,,,,,,,,,", u676 ,m43,,
21685, u676 ," You are one sick fucker.,,,,,,,,,,,,,,,,,,,,,,,,,,,,,,,", u686 ,m43,,
21686, u686 ," Take the plunge, admit your mistakes, move on to tomorrow.  That's FedEx, that's women, that's life."",,,,,,,,,,,,,,,,,,,,,,,,,,,,,,,", u676 ,m43,,
21687, u676 ," For the third time.,,,,,,,,,,,,,,,,,,,,,,,,,,,,,,,", u686 ,m43,,
21688, u686 ," That's why I'm running foreign and you're not.  That's why you're not married and I am.,,,,,,,,,,,,,,,,,,,,,,,,,,,,,,,", u676 ,m43,,
21689, u676 ," That's why you're a gambling man.,,,,,,,,,,,,,,,,,,,,,,,,,,,,,,,", u686 ,m43,,
21690, u686 ," We're warriors, not desk jockeys.  We've got to be bold.  You always want all your ducks lined up.  But nothing's 100 percent.  It's always 60-40, maybe 51-49. Hell, I'd take 40-60.  Then roll the dice."",,,,,,,,,,,,,,,,,,,,,,,,,,,,,,,", u676 ,m43,,
21691, u676 ," I'm from Arkansas.  Tell me a story with Robert E. Lee in it and maybe I'll pay attention.,,,,,,,,,,,,,,,,,,,,,,,,,,,,,,,", u686 ,m43,,
21692, u686 ," You know General McLelland, he wouldn't attack unless he had everything just right.  Finally Abe Lincoln came to him and said, General, if you're not going to use my army, could I borrow it for a while?  So he gave it to Grant and Grant just said, let's go."",,,,,,,,,,,,,,,,,,,,,,,,,,,,,,,", u676 ,m43,,
21693, u676 ," Forget it.,,,,,,,,,,,,,,,,,,,,,,,,,,,,,,,", u686 ,m43,,
21694, u686 ," Look, I'm sorry about your plane.  But I couldn't risk being late into Memphis."",,,,,,,,,,,,,,,,,,,,,,,,,,,,,,,", u676 ,m43,,
21695, u676 ," And never take.,,,,,,,,,,,,,,,,,,,,,,,,,,,,,,,", u686 ,m43,,
21696, u686 ," For all those vacation days you got coming.,,,,,,,,,,,,,,,,,,,,,,,,,,,,,,,", u676 ,m43,,
21697, u676 ," It's a ketch Kelly and I had chartered.,,,,,,,,,,,,,,,,,,,,,,,,,,,,,,,", u686 ,m43,,
21698, u686 ," I didn't know we had sailboats.,,,,,,,,,,,,,,,,,,,,,,,,,,,,,,,", u676 ,m43,,
21699, u676 ," Baloney.  I do see the damn """"big picture."""""",,,,,,,,,,,,,,,,,,,,,,,,,,,,,,,", u686 ,m43,,
21700, u686 ," You know what your problem is?  You just see the packages in front of you.  You don't see the big picture.,,,,,,,,,,,,,,,,,,,,,,,,,,,,,,,", u676 ,m43,,
21701, u676 ," Every person counts, every package counts, that's my point."",,,,,,,,,,,,,,,,,,,,,,,,,,,,,,,", u686 ,m43,,
21702, u686 ," What?  Let Paris hold its plane?  Let Memphis take care of it?  Let somebody down the line clean up your mess?,,,,,,,,,,,,,,,,,,,,,,,,,,,,,,,", u676 ,m43,,
21703, u676 ," I was making a point.,,,,,,,,,,,,,,,,,,,,,,,,,,,,,,,", u686 ,m43,,
21704, u686 ," The point of FedEx, as I understand it, is to make the damn connection."",,,,,,,,,,,,,,,,,,,,,,,,,,,,,,,", u676 ,m43,,
21705, u676 ," You fucked us over.,,,,,,,,,,,,,,,,,,,,,,,,,,,,,,,", u686 ,m43,,
21706, u686 ," I'm touched.,,,,,,,,,,,,,,,,,,,,,,,,,,,,,,,", u676 ,m43,,
21707, u676 ," Jesus.  I got it working... You have no idea how hard it was... They're finally a team...,,,,,,,,,,,,,,,,,,,,,,,,,,,,,,,", u686 ,m43,,
21708, u686 ," But I might not have.,,,,,,,,,,,,,,,,,,,,,,,,,,,,,,,", u676 ,m43,,
21709, u676 ," I checked the weather, you had the jet stream, you could have made it up."",,,,,,,,,,,,,,,,,,,,,,,,,,,,,,,", u686 ,m43,,
21710, u686 ," It was fifteen minutes late.,,,,,,,,,,,,,,,,,,,,,,,,,,,,,,,", u676 ,m43,,
21711, u676 ," You what?,,,,,,,,,,,,,,,,,,,,,,,,,,,,,,,", u676 ,m43,,
21712, u676 ," Great.  Terrific.  The good guys won one for a change.,,,,,,,,,,,,,,,,,,,,,,,,,,,,,,,", u686 ,m43,,
21713, u686 ," How'd it go?,,,,,,,,,,,,,,,,,,,,,,,,,,,,,,,", u676 ,m43,,
21714, u676 ," Borrowed.  I borrowed it.,,,,,,,,,,,,,,,,,,,,,,,,,,,,,,,", u686 ,m43,,
21715, u686 ," What do you expect, from the guy who stole a kid's bicycle when his truck broke down?"",,,,,,,,,,,,,,,,,,,,,,,,,,,,,,,", u676 ,m43,,
21716, u676 ," No please, join me.  Some sundried fish strips, a few eyeballs, some gills to munch on."",,,,,,,,,,,,,,,,,,,,,,,,,,,,,,,", u677 ,m43,,
21717, u677 ," Would you do us the honor of joining us? We're just sitting down at mess.  Pork chops and gravy, cranberries, baked potatoes with all the trimmings, fresh- baked bread, apple pie..."",,,,,,,,,,,,,,,,,,,,,,,,,,,,,,,", u676 ,m43,,
21718, u676 ," As it happens, I'm headed for Frisco myself."",,,,,,,,,,,,,,,,,,,,,,,,,,,,,,,", u677 ,m43,,
21719, u677 ," San Francisco.  And you?,,,,,,,,,,,,,,,,,,,,,,,,,,,,,,,", u676 ,m43,,
21720, u676 ," May I ask, where are you bound?"",,,,,,,,,,,,,,,,,,,,,,,,,,,,,,,", u677 ,m43,,
21721, u677 ," Permission granted.,,,,,,,,,,,,,,,,,,,,,,,,,,,,,,,", u676 ,m43,,
21722, u676 ," Permission to come aboard, sir."",,,,,,,,,,,,,,,,,,,,,,,,,,,,,,,", u677 ,m43,,
