,User_id,text,sec_user,movies_name,relationship,attachment
21723, u697 ," I just hope he won't expect us to say *Grace* all the time.,,,,,,,,,,,,,,,,,,,,,,,,,,,,,,,", u689 ,m44,,
21724, u689 ," Dr. Homer Wells.,,,,,,,,,,,,,,,,,,,,,,,,,,,,,,,", u697 ,m44,,
21725, u697 ," I suppose it wouldn't hurt to *meet* him. What's his name again?,,,,,,,,,,,,,,,,,,,,,,,,,,,,,,,", u697 ,m44,,
21726, u697 ," You don't find it depressing that Homer Wells is picking apples?,,,,,,,,,,,,,,,,,,,,,,,,,,,,,,,", u689 ,m44,,
21727, u689 ," Wilbur, he picked them for us himself..."",,,,,,,,,,,,,,,,,,,,,,,,,,,,,,,", u697 ,m44,,
21728, u697 ," Oh my, yes! This is a *far* superior taste--and crisp, too! You know, so many apples are disappointingly mealy. I wonder of most of the apples in my life weren't meant for pies!"",,,,,,,,,,,,,,,,,,,,,,,,,,,,,,,", u697 ,m44,,
21729, u697 ," We all know who trained Homer--his credentials are as good as mine are. Don't you be holy to me about the *law*! What has the law done for any of us here?,,,,,,,,,,,,,,,,,,,,,,,,,,,,,,,", u689 ,m44,,
21730, u689 ," These *credentials* are against the law!,,,,,,,,,,,,,,,,,,,,,,,,,,,,,,,", u697 ,m44,,
21731, u697 ," Don't you understand? The board is going to *replace* me! That's what the """"new blood"""" is *for*!"",,,,,,,,,,,,,,,,,,,,,,,,,,,,,,,", u689 ,m44,,
21732, u689 ," You *invented* him! You've completely made his up!,,,,,,,,,,,,,,,,,,,,,,,,,,,,,,,", u697 ,m44,,
21733, u697 ," """"An internship and two years of training at the Boston Lying-in, South End Branch. For his age, he was judged an accomplished gynecological obstetrical surgeon; he is also experienced in pediatric care..."""""",,,,,,,,,,,,,,,,,,,,,,,,,,,,,,,", u689 ,m44,,
21734, u689 ," This is *your* life story, Wilbur! You just changed the dates!"",,,,,,,,,,,,,,,,,,,,,,,,,,,,,,,", u697 ,m44,,
21735, u697 ," One has to be more than """"careful"""" of Mrs. Goodhall--she has sufficient Christian zeal to start her own country! I'd like to give her a little ether."",,,,,,,,,,,,,,,,,,,,,,,,,,,,,,,", u689 ,m44,,
21736, u689 ," It's that Mrs. Goodhall you have to be careful of, Wilbur."",,,,,,,,,,,,,,,,,,,,,,,,,,,,,,,", u697 ,m44,,
21737, u697 ," He is a goddamn psychiatrist--of *course* he wants to """"help""""! He'd be happy if he could help *commit* me!"",,,,,,,,,,,,,,,,,,,,,,,,,,,,,,,", u689 ,m44,,
21738, u689 ," Just find him some clothes, Wilbur. He could use some clothes."",,,,,,,,,,,,,,,,,,,,,,,,,,,,,,,", u697 ,m44,,
21739, u697 ," He's still a boy--out in the world, he's still a boy."",,,,,,,,,,,,,,,,,,,,,,,,,,,,,,,", u689 ,m44,,
21740, u689 ," Oh, just stop it! You knew this was going to happen. He's a young man."",,,,,,,,,,,,,,,,,,,,,,,,,,,,,,,", u697 ,m44,,
21741, u697 ," Let him try to *make* some money! That's part of """"seeing the world,"""" isn't it?"",,,,,,,,,,,,,,,,,,,,,,,,,,,,,,,", u689 ,m44,,
21742, u689 ," He'll need clothes... some money...,,,,,,,,,,,,,,,,,,,,,,,,,,,,,,,", u697 ,m44,,
21743, u697 ," Some new *things* would be useful. I don't need any """"new help."""""",,,,,,,,,,,,,,,,,,,,,,,,,,,,,,,", u689 ,m44,,
21744, u689 ," They just want you to hire some new help.,,,,,,,,,,,,,,,,,,,,,,,,,,,,,,,", u697 ,m44,,
21745, u697 ," They want to replace me! The Board of Trustees wants to *replace* me!,,,,,,,,,,,,,,,,,,,,,,,,,,,,,,,", u689 ,m44,,
21746, u689 ," It was just the ether, Wilbur..."",,,,,,,,,,,,,,,,,,,,,,,,,,,,,,,", u697 ,m44,,
21747, u697 ," You were! You *are*! It was fantastic.,,,,,,,,,,,,,,,,,,,,,,,,,,,,,,,", u689 ,m44,,
21748, u689 ," Then I wasn't beautiful.,,,,,,,,,,,,,,,,,,,,,,,,,,,,,,,", u697 ,m44,,
21749, u697 ," I was!,,,,,,,,,,,,,,,,,,,,,,,,,,,,,,,", u689 ,m44,,
21750, u689 ," You weren't dreaming about me.,,,,,,,,,,,,,,,,,,,,,,,,,,,,,,,", u697 ,m44,,
21751, u697 ," I was dreaming about you. How beautiful you were!,,,,,,,,,,,,,,,,,,,,,,,,,,,,,,,", u697 ,m44,,
21752, u697 ," Life is waiting.,,,,,,,,,,,,,,,,,,,,,,,,,,,,,,,", u689 ,m44,,
21753, u689 ," Wilbur, the adopting couple is waiting in your office."",,,,,,,,,,,,,,,,,,,,,,,,,,,,,,,", u689 ,m44,,
21754, u689 ," It claims to restore monthly regularity.,,,,,,,,,,,,,,,,,,,,,,,,,,,,,,,", u697 ,m44,,
21755, u697 ," It's not ergot, it's not pituitary extract, it's not oil of rue..."",,,,,,,,,,,,,,,,,,,,,,,,,,,,,,,", u697 ,m44,,
21756, u697 ," Try to think of nothing, Dorothy."",,,,,,,,,,,,,,,,,,,,,,,,,,,,,,,", u689 ,m44,,
21757, u689 ," Only if you can afford it.,,,,,,,,,,,,,,,,,,,,,,,,,,,,,,,", u695 ,m44,,
21758, u695 ," I don't know. She got left here, like the rest of us, didn't she?"",,,,,,,,,,,,,,,,,,,,,,,,,,,,,,,", u690 ,m44,,
21759, u690 ," What's she so emotional about?,,,,,,,,,,,,,,,,,,,,,,,,,,,,,,,", u695 ,m44,,
21760, u695 ," I doubt it. She's just an...,,,,,,,,,,,,,,,,,,,,,,,,,,,,,,,", u690 ,m44,,
21761, u690 ," I think Mary Agnes could kill someone.,,,,,,,,,,,,,,,,,,,,,,,,,,,,,,,", u695 ,m44,,
21762, u695 ," I know.,,,,,,,,,,,,,,,,,,,,,,,,,,,,,,,", u690 ,m44,,
21763, u690 ," Homer, you know I would never kill anyone--you know I wouldn't."",,,,,,,,,,,,,,,,,,,,,,,,,,,,,,,", u690 ,m44,,
21764, u690 ," Sometimes I want to meet them so I can kill them. Just sometimes.,,,,,,,,,,,,,,,,,,,,,,,,,,,,,,,", u695 ,m44,,
21765, u695 ," Better than I can!,,,,,,,,,,,,,,,,,,,,,,,,,,,,,,,", u690 ,m44,,
21766, u690 ," And that I can drive a truck!,,,,,,,,,,,,,,,,,,,,,,,,,,,,,,,", u695 ,m44,,
21767, u695 ," You cook very well!,,,,,,,,,,,,,,,,,,,,,,,,,,,,,,,", u690 ,m44,,
21768, u690 ," Uh... I'd like to show them that I can cook, a little."",,,,,,,,,,,,,,,,,,,,,,,,,,,,,,,", u695 ,m44,,
21769, u695 ," What for, Buster? What would you do if you met them?"",,,,,,,,,,,,,,,,,,,,,,,,,,,,,,,", u690 ,m44,,
21770, u690 ," Yeah. But sometimes I wish I could meet mine, anyway."",,,,,,,,,,,,,,,,,,,,,,,,,,,,,,,", u695 ,m44,,
21771, u695 ," Whoever they were, they didn't *do* any of the things parents are supposed to do. Dr. Larch did those things, and Nurse Edna, and Nurse Angela."",,,,,,,,,,,,,,,,,,,,,,,,,,,,,,,", u690 ,m44,,
21772, u690 ," Why not?,,,,,,,,,,,,,,,,,,,,,,,,,,,,,,,", u695 ,m44,,
21773, u695 ," I know who you mean. I think about leaving here, but not to find *them*."",,,,,,,,,,,,,,,,,,,,,,,,,,,,,,,", u690 ,m44,,
21774, u690 ," I mean your parents.,,,,,,,,,,,,,,,,,,,,,,,,,,,,,,,", u690 ,m44,,
21775, u690 ," I'm sorry, Homer."",,,,,,,,,,,,,,,,,,,,,,,,,,,,,,,", u695 ,m44,,
21776, u695 ," I'm *not* a doctor!,,,,,,,,,,,,,,,,,,,,,,,,,,,,,,,", u690 ,m44,,
21777, u690 ," But you've studied with the old man for *years*!,,,,,,,,,,,,,,,,,,,,,,,,,,,,,,,", u695 ,m44,,
21778, u695 ," I'm *not* a doctor. I haven't been to medical school--I haven't even been to high school!,,,,,,,,,,,,,,,,,,,,,,,,,,,,,,,", u690 ,m44,,
21779, u690 ," *You're* a doctor, Homer--you don't smell like ether."",,,,,,,,,,,,,,,,,,,,,,,,,,,,,,,", u695 ,m44,,
21780, u695 ," He's a doctor, Buster--doctors smell like ether."",,,,,,,,,,,,,,,,,,,,,,,,,,,,,,,", u690 ,m44,,
21781, u690 ," He *smells* like he could put you to sleep!,,,,,,,,,,,,,,,,,,,,,,,,,,,,,,,", u695 ,m44,,
21782, u695 ," It's because he's too tired to sleep. He has to.,,,,,,,,,,,,,,,,,,,,,,,,,,,,,,,", u690 ,m44,,
21783, u690 ," He *sniffs* that ether! I've seen him do it!,,,,,,,,,,,,,,,,,,,,,,,,,,,,,,,", u697 ,m44,,
21784, u697 ," If Homer wanted to know what was happening here, he could pick up a telephone and call us."",,,,,,,,,,,,,,,,,,,,,,,,,,,,,,,", u690 ,m44,,
21785, u690 ," Shouldn't we tell Homer?,,,,,,,,,,,,,,,,,,,,,,,,,,,,,,,", u697 ,m44,,
21786, u697 ," They'll believe it because they want to believe it.,,,,,,,,,,,,,,,,,,,,,,,,,,,,,,,", u690 ,m44,,
21787, u690 ," Why would the little ones believe that *anyone* would adopt him?,,,,,,,,,,,,,,,,,,,,,,,,,,,,,,,", u697 ,m44,,
21788, u697 ," I'll tell them Fuzzy was adopted.,,,,,,,,,,,,,,,,,,,,,,,,,,,,,,,", u690 ,m44,,
21789, u690 ," What are you going to tell the little ones?,,,,,,,,,,,,,,,,,,,,,,,,,,,,,,,", u697 ,m44,,
21790, u697 ," She died of *secrecy*, she died of *ignorance*..."",,,,,,,,,,,,,,,,,,,,,,,,,,,,,,,", u690 ,m44,,
21791, u690 ," What'd she die of?,,,,,,,,,,,,,,,,,,,,,,,,,,,,,,,", u691 ,m44,,
21792, u691 ," Good night, Daddy."",,,,,,,,,,,,,,,,,,,,,,,,,,,,,,,", u705 ,m44,,
21793, u705 ," Good night, kids. Don't catch cold-- it's gettin' cold already."",,,,,,,,,,,,,,,,,,,,,,,,,,,,,,,", u691 ,m44,,
21794, u691 ," Daddy, *please*..."",,,,,,,,,,,,,,,,,,,,,,,,,,,,,,,", u705 ,m44,,
21795, u705 ," How about him not needin' the friggin' compass! How about that?,,,,,,,,,,,,,,,,,,,,,,,,,,,,,,,", u691 ,m44,,
21796, u691 ," Good night, Daddy."",,,,,,,,,,,,,,,,,,,,,,,,,,,,,,,", u705 ,m44,,
21797, u705 ," It's gettin' late. I think I'll pack it in.,,,,,,,,,,,,,,,,,,,,,,,,,,,,,,,", u691 ,m44,,
21798, u691 ," Wally said to say, """"Hello."""""",,,,,,,,,,,,,,,,,,,,,,,,,,,,,,,", u705 ,m44,,
21799, u705 ," He mentions Homer, too, you know."",,,,,,,,,,,,,,,,,,,,,,,,,,,,,,,", u691 ,m44,,
21800, u691 ," Daddy, it's a letter to *me*."",,,,,,,,,,,,,,,,,,,,,,,,,,,,,,,", u705 ,m44,,
21801, u705 ," I was lookin' for Wally's letter. I was gonna show it to Homer...  They made him a captain already-- *Captain* Worthington!,,,,,,,,,,,,,,,,,,,,,,,,,,,,,,,", u691 ,m44,,
21802, u691 ," It's time somebody ate *them*.,,,,,,,,,,,,,,,,,,,,,,,,,,,,,,,", u695 ,m44,,
21803, u695 ," No. You warned me. I didn't listen, but you warned me."",,,,,,,,,,,,,,,,,,,,,,,,,,,,,,,", u691 ,m44,,
21804, u691 ," No, I'm the one who should be sorry. You have every right to be angry."",,,,,,,,,,,,,,,,,,,,,,,,,,,,,,,", u695 ,m44,,
21805, u695 ," I'm sorry for what I said about Wally needing you. It was... unnecessary.,,,,,,,,,,,,,,,,,,,,,,,,,,,,,,,", u691 ,m44,,
21806, u691 ," I know you don't think much of being needed, or of me for that matter..."",,,,,,,,,,,,,,,,,,,,,,,,,,,,,,,", u695 ,m44,,
21807, u695 ," Sure. Thanks.,,,,,,,,,,,,,,,,,,,,,,,,,,,,,,,", u691 ,m44,,
21808, u691 ," This came for you a couple of days ago. Olive asked me to bring it. With everything happening, I guess she forgot."",,,,,,,,,,,,,,,,,,,,,,,,,,,,,,,", u695 ,m44,,
21809, u695 ," She knows how to take care of herself.,,,,,,,,,,,,,,,,,,,,,,,,,,,,,,,", u691 ,m44,,
21810, u691 ," Do you think she'll be all right?,,,,,,,,,,,,,,,,,,,,,,,,,,,,,,,", u691 ,m44,,
21811, u691 ," You say that as though it's some awful thing!  I never stopped loving Wally!,,,,,,,,,,,,,,,,,,,,,,,,,,,,,,,", u695 ,m44,,
21812, u695 ," And now that Wally's coming back, and because he'll certainly *need* you..."",,,,,,,,,,,,,,,,,,,,,,,,,,,,,,,", u691 ,m44,,
21813, u691 ," Please don't...,,,,,,,,,,,,,,,,,,,,,,,,,,,,,,,", u695 ,m44,,
21814, u695 ," """"...did."""" Well, okay."",,,,,,,,,,,,,,,,,,,,,,,,,,,,,,,", u691 ,m44,,
21815, u691 ," Please... that's enough. I *loved* you, too--you know I did."",,,,,,,,,,,,,,,,,,,,,,,,,,,,,,,", u695 ,m44,,
21816, u695 ," I *helped* you not to think about Wally. You were so upset--you couldn't stand worrying about him, about his being killed and not coming back-- but when you were with me, you could stop worrying... well, for a while, anyway. This is how I helped you, right?"",,,,,,,,,,,,,,,,,,,,,,,,,,,,,,,", u695 ,m44,,
21817, u695 ," No, that's not it--I just want to be sure I understand you."",,,,,,,,,,,,,,,,,,,,,,,,,,,,,,,", u691 ,m44,,
21818, u691 ," Please don't make me say it again.,,,,,,,,,,,,,,,,,,,,,,,,,,,,,,,", u691 ,m44,,
21819, u691 ," What do you want me to *do*?,,,,,,,,,,,,,,,,,,,,,,,,,,,,,,,", u695 ,m44,,
21820, u695 ," He's *alive*. He still loves you.  So do I.,,,,,,,,,,,,,,,,,,,,,,,,,,,,,,,", u691 ,m44,,
21821, u691 ," He's *paralyzed*!,,,,,,,,,,,,,,,,,,,,,,,,,,,,,,,", u695 ,m44,,
21822, u695 ," I know, I'm sorry."",,,,,,,,,,,,,,,,,,,,,,,,,,,,,,,", u691 ,m44,,
21823, u691 ," For God's sake, Homer, Wally's been shot down!"",,,,,,,,,,,,,,,,,,,,,,,,,,,,,,,", u695 ,m44,,
21824, u695 ," You got up! You *did* something! If you keep this up, you might be in danger of making a *decision*!"",,,,,,,,,,,,,,,,,,,,,,,,,,,,,,,", u691 ,m44,,
21825, u691 ," Stop it! Just cut it out!,,,,,,,,,,,,,,,,,,,,,,,,,,,,,,,", u695 ,m44,,
21826, u695 ," I'm not trying to be anything--I'm just doing nothing! If I wait and see long enough, then--with any luck-- I won't *ever* have to make up my mind! Decisions can be painful, after all..."",,,,,,,,,,,,,,,,,,,,,,,,,,,,,,,", u691 ,m44,,
21827, u691 ," If you're trying to be funny, Homer..."",,,,,,,,,,,,,,,,,,,,,,,,,,,,,,,", u695 ,m44,,
21828, u695 ," *Go* anywhere? Of course not! That would be *doing* something, wouldn't it? We wouldn't want to *do* something. Let's just sit here all night!"",,,,,,,,,,,,,,,,,,,,,,,,,,,,,,,", u691 ,m44,,
21829, u691 ," Please don't move, don't go anywhere."",,,,,,,,,,,,,,,,,,,,,,,,,,,,,,,", u691 ,m44,,
21830, u691 ," No, don't--that's something. Nothing is nothing.  Don't even look at me. I want..."",,,,,,,,,,,,,,,,,,,,,,,,,,,,,,,", u695 ,m44,,
21831, u695 ," I know.  Is *that* nothing.,,,,,,,,,,,,,,,,,,,,,,,,,,,,,,,", u691 ,m44,,
21832, u691 ," No. Nothing is nothing. I want Wally to come home. I'm afraid to see him, too."",,,,,,,,,,,,,,,,,,,,,,,,,,,,,,,", u695 ,m44,,
21833, u695 ," Isn't that like waiting and seeing?,,,,,,,,,,,,,,,,,,,,,,,,,,,,,,,", u691 ,m44,,
21834, u691 ," Nothing.,,,,,,,,,,,,,,,,,,,,,,,,,,,,,,,", u695 ,m44,,
21835, u695 ," Just tell me. I'll do whatever you want to do.,,,,,,,,,,,,,,,,,,,,,,,,,,,,,,,", u691 ,m44,,
21836, u691 ," We've got to keep her away from that bastard!,,,,,,,,,,,,,,,,,,,,,,,,,,,,,,,", u695 ,m44,,
21837, u695 ," Wait... *wait*! Are you sure?,,,,,,,,,,,,,,,,,,,,,,,,,,,,,,,", u691 ,m44,,
21838, u691 ," He's the *father*! He's her baby's father!,,,,,,,,,,,,,,,,,,,,,,,,,,,,,,,", u695 ,m44,,
21839, u695 ," Mr. Rose *knows*?,,,,,,,,,,,,,,,,,,,,,,,,,,,,,,,", u691 ,m44,,
21840, u691 ," You don't understand! It's her father...,,,,,,,,,,,,,,,,,,,,,,,,,,,,,,,", u695 ,m44,,
21841, u695 ," Well, we can't force her. It's her decision."",,,,,,,,,,,,,,,,,,,,,,,,,,,,,,,", u691 ,m44,,
21842, u691 ," She won't go to St. Cloud's!,,,,,,,,,,,,,,,,,,,,,,,,,,,,,,,", u691 ,m44,,
21843, u691 ," Well, we have to help her!"",,,,,,,,,,,,,,,,,,,,,,,,,,,,,,,", u695 ,m44,,
21844, u695 ," I told her! She doesn't feel she can do that. Something about her father not letting her go anywhere...,,,,,,,,,,,,,,,,,,,,,,,,,,,,,,,", u691 ,m44,,
21845, u691 ," We should take her to St. Cloud's. That much is obvious, isn't it? Let her make up her mind when she gets there..."",,,,,,,,,,,,,,,,,,,,,,,,,,,,,,,", u691 ,m44,,
21846, u691 ," It's a good thing I didn't have that baby, isn't it?"",,,,,,,,,,,,,,,,,,,,,,,,,,,,,,,", u695 ,m44,,
21847, u695 ," Okay, okay--I know you do, too."",,,,,,,,,,,,,,,,,,,,,,,,,,,,,,,", u691 ,m44,,
21848, u691 ," No! That's not all there is to it! I love you, too--I *know* I do."",,,,,,,,,,,,,,,,,,,,,,,,,,,,,,,", u695 ,m44,,
21849, u695 ," Fine. That's all there is to it then.,,,,,,,,,,,,,,,,,,,,,,,,,,,,,,,", u691 ,m44,,
21850, u691 ," I grew up with Wally. I began my adult life with him.,,,,,,,,,,,,,,,,,,,,,,,,,,,,,,,", u695 ,m44,,
21851, u695 ," So we should """"wait and see."""" For how long?"",,,,,,,,,,,,,,,,,,,,,,,,,,,,,,,", u691 ,m44,,
21852, u691 ," Do you think I'm having a good time? Do you think I'm just *teasing* you? Do you think I *know* whether I want you or Wally?,,,,,,,,,,,,,,,,,,,,,,,,,,,,,,,", u695 ,m44,,
21853, u695 ," I'm just waiting and seeing. Like you said.,,,,,,,,,,,,,,,,,,,,,,,,,,,,,,,", u691 ,m44,,
21854, u691 ," Olive told me.  You might have told me yourself.,,,,,,,,,,,,,,,,,,,,,,,,,,,,,,,", u691 ,m44,,
21855, u691 ," We have to wait and see. I think that, for *everything* in life, you have to wait and see."",,,,,,,,,,,,,,,,,,,,,,,,,,,,,,,", u695 ,m44,,
21856, u695 ," *What* will be okay?,,,,,,,,,,,,,,,,,,,,,,,,,,,,,,,", u691 ,m44,,
21857, u691 ," It will be okay.,,,,,,,,,,,,,,,,,,,,,,,,,,,,,,,", u695 ,m44,,
21858, u695 ," Just tell me. Do you want me to go? Do you want me to stay?,,,,,,,,,,,,,,,,,,,,,,,,,,,,,,,", u695 ,m44,,
21859, u695 ," Right.,,,,,,,,,,,,,,,,,,,,,,,,,,,,,,,", u691 ,m44,,
21860, u691 ," I *know* this was right.,,,,,,,,,,,,,,,,,,,,,,,,,,,,,,,", u691 ,m44,,
21861, u691 ," Nobody will swim here until next summer. By then, the water will have rubbed the glass smooth against the sand--there won't be any sharp edges."",,,,,,,,,,,,,,,,,,,,,,,,,,,,,,,", u695 ,m44,,
21862, u695 ," Aren't you worried that people will cut their feet?,,,,,,,,,,,,,,,,,,,,,,,,,,,,,,,", u691 ,m44,,
21863, u691 ," Not with the right girl you wouldn't.,,,,,,,,,,,,,,,,,,,,,,,,,,,,,,,", u695 ,m44,,
21864, u695 ," That's what *I'd* come here for. I'd watch the movie.,,,,,,,,,,,,,,,,,,,,,,,,,,,,,,,", u691 ,m44,,
21865, u691 ," You just cuddle. You come to hug... to kiss. You don't *come* here to watch the movie.,,,,,,,,,,,,,,,,,,,,,,,,,,,,,,,", u695 ,m44,,
21866, u695 ," How could you not *care* about the movie?,,,,,,,,,,,,,,,,,,,,,,,,,,,,,,,", u691 ,m44,,
21867, u691 ," The *speaker*. For the movie sound.,,,,,,,,,,,,,,,,,,,,,,,,,,,,,,,", u695 ,m44,,
21868, u695 ," Ah-ha.  So what is that--a radio?,,,,,,,,,,,,,,,,,,,,,,,,,,,,,,,", u691 ,m44,,
21869, u691 ," Sometimes... movies mostly bore Wally.,,,,,,,,,,,,,,,,,,,,,,,,,,,,,,,", u695 ,m44,,
21870, u695 ," Did you come here with Wally--to *not* watch movies?,,,,,,,,,,,,,,,,,,,,,,,,,,,,,,,", u691 ,m44,,
21871, u691 ," Privacy is exactly the point of drive- in movies.,,,,,,,,,,,,,,,,,,,,,,,,,,,,,,,", u691 ,m44,,
21872, u691 ," Just a little privacy.,,,,,,,,,,,,,,,,,,,,,,,,,,,,,,,", u695 ,m44,,
21873, u695 ," I never *asked* for any responsibility.,,,,,,,,,,,,,,,,,,,,,,,,,,,,,,,", u691 ,m44,,
21874, u691 ," But you had so much *responsibility*.,,,,,,,,,,,,,,,,,,,,,,,,,,,,,,,", u695 ,m44,,
21875, u695 ," I miss things. I miss... people.  I miss reading to the boys.,,,,,,,,,,,,,,,,,,,,,,,,,,,,,,,", u691 ,m44,,
21876, u691 ," You don't miss it?,,,,,,,,,,,,,,,,,,,,,,,,,,,,,,,", u695 ,m44,,
21877, u695 ," I didn't say that. Growing up in an orphanage, you're always lonely. You're just never alone."",,,,,,,,,,,,,,,,,,,,,,,,,,,,,,,", u691 ,m44,,
21878, u691 ," At least you were never lonely.,,,,,,,,,,,,,,,,,,,,,,,,,,,,,,,", u695 ,m44,,
21879, u695 ," It was my favorite night at the orphanage--movie night. We'd race into the dining hall. Of course everyone wanted to sit in front, so we'd be packed in so tight you could feel the kid next to you breathing."",,,,,,,,,,,,,,,,,,,,,,,,,,,,,,,", u691 ,m44,,
21880, u691 ," What are you so crazy about the movies for?,,,,,,,,,,,,,,,,,,,,,,,,,,,,,,,", u691 ,m44,,
21881, u691 ," Yes... and no. When you come here, you don't really care about the movie."",,,,,,,,,,,,,,,,,,,,,,,,,,,,,,,", u695 ,m44,,
21882, u695 ," The screen is enormous! Imagine King Kong up *there*! Have you seen a lot of movies here?,,,,,,,,,,,,,,,,,,,,,,,,,,,,,,,", u695 ,m44,,
21883, u695 ," You think? Maybe I was.  I love this place!,,,,,,,,,,,,,,,,,,,,,,,,,,,,,,,", u691 ,m44,,
21884, u691 ," You're a natural. You were born to drive a car like this.,,,,,,,,,,,,,,,,,,,,,,,,,,,,,,,", u691 ,m44,,
21885, u691 ," Well, she was in a weakened condition...  I don't know! What about """"King Kong""""?! Is that medically possible?"",,,,,,,,,,,,,,,,,,,,,,,,,,,,,,,", u695 ,m44,,
21886, u695 ," What's the *medical* explanation?,,,,,,,,,,,,,,,,,,,,,,,,,,,,,,,", u695 ,m44,,
21887, u695 ," Oh, sure!"",,,,,,,,,,,,,,,,,,,,,,,,,,,,,,,", u691 ,m44,,
21888, u691 ," She was torn apart! She died of a broken heart.,,,,,,,,,,,,,,,,,,,,,,,,,,,,,,,", u695 ,m44,,
21889, u695 ," And what did she die of, exactly?"",,,,,,,,,,,,,,,,,,,,,,,,,,,,,,,", u691 ,m44,,
21890, u691 ," She *did* love him!  How many women have you known?,,,,,,,,,,,,,,,,,,,,,,,,,,,,,,,", u695 ,m44,,
21891, u695 ," First she loved him, then she didn't, then no one else could have him..."",,,,,,,,,,,,,,,,,,,,,,,,,,,,,,,", u695 ,m44,,
21892, u695 ," I *did* like it. All I said was, """"It's not 'King Kong'."""""",,,,,,,,,,,,,,,,,,,,,,,,,,,,,,,", u691 ,m44,,
21893, u691 ," But you looked as if you liked it.,,,,,,,,,,,,,,,,,,,,,,,,,,,,,,,", u695 ,m44,,
21894, u695 ," """"King Kong"""". It's really good."",,,,,,,,,,,,,,,,,,,,,,,,,,,,,,,", u691 ,m44,,
21895, u691 ," You've seen only one movie? Which one?,,,,,,,,,,,,,,,,,,,,,,,,,,,,,,,", u695 ,m44,,
21896, u695 ," Yes! I've only seen one, though."",,,,,,,,,,,,,,,,,,,,,,,,,,,,,,,", u691 ,m44,,
21897, u691 ," When they watched at all. Do you like movies?,,,,,,,,,,,,,,,,,,,,,,,,,,,,,,,", u695 ,m44,,
21898, u695 ," People watched the movies in their cars?,,,,,,,,,,,,,,,,,,,,,,,,,,,,,,,", u691 ,m44,,
21899, u691 ," Yes. But it's closed all the time now, because of the blackout."",,,,,,,,,,,,,,,,,,,,,,,,,,,,,,,", u695 ,m44,,
21900, u695 ," A movie *outside*?,,,,,,,,,,,,,,,,,,,,,,,,,,,,,,,", u691 ,m44,,
21901, u691 ," I don't think Mr. Rose would leave without you.,,,,,,,,,,,,,,,,,,,,,,,,,,,,,,,", u695 ,m44,,
21902, u695 ," I better go.,,,,,,,,,,,,,,,,,,,,,,,,,,,,,,,", u695 ,m44,,
21903, u695 ," Okay...,,,,,,,,,,,,,,,,,,,,,,,,,,,,,,,", u691 ,m44,,
21904, u691 ," You have to come to my dad's lobster pound and see one, then."",,,,,,,,,,,,,,,,,,,,,,,,,,,,,,,", u691 ,m44,,
21905, u691 ," When I'm not thinking about Wally. I'm not good at being alone.  Oh, goodness. You meant... yes, I'm fine. I...  ...I don't suppose you've seen a lobster yet."",,,,,,,,,,,,,,,,,,,,,,,,,,,,,,,", u695 ,m44,,
21906, u695 ," Uh... have you been *feeling* okay?,,,,,,,,,,,,,,,,,,,,,,,,,,,,,,,", u695 ,m44,,
21907, u695 ," I'm *never* bored! It's all very... different for me... here.,,,,,,,,,,,,,,,,,,,,,,,,,,,,,,,", u691 ,m44,,
21908, u691 ," So. Not bored yet?,,,,,,,,,,,,,,,,,,,,,,,,,,,,,,,", u695 ,m44,,
21909, u695 ," Sure... I'll see you around.,,,,,,,,,,,,,,,,,,,,,,,,,,,,,,,", u691 ,m44,,
21910, u691 ," I guess I'll see you around the orchards. Thanks for everything.,,,,,,,,,,,,,,,,,,,,,,,,,,,,,,,", u695 ,m44,,
21911, u695 ," It should taper off tomorrow, but it can come back again. You have cramps?  They'll ease up, almost entirely. As long as the bleeding isn't heavy, it's normal."",,,,,,,,,,,,,,,,,,,,,,,,,,,,,,,", u691 ,m44,,
21912, u691 ," I'm a little worried about the...  ...about how much bleeding is okay.,,,,,,,,,,,,,,,,,,,,,,,,,,,,,,,", u695 ,m44,,
21913, u695 ," I understand.,,,,,,,,,,,,,,,,,,,,,,,,,,,,,,,", u691 ,m44,,
21914, u691 ," I can't have a baby alone. I don't even know if he's coming back!,,,,,,,,,,,,,,,,,,,,,,,,,,,,,,,", u695 ,m44,,
21915, u695 ," Oh...,,,,,,,,,,,,,,,,,,,,,,,,,,,,,,,", u691 ,m44,,
21916, u691 ," Burma!,,,,,,,,,,,,,,,,,,,,,,,,,,,,,,,", u695 ,m44,,
21917, u695 ," Where's Mandalay?,,,,,,,,,,,,,,,,,,,,,,,,,,,,,,,", u691 ,m44,,
21918, u691 ," He's going to be dropping bombs on Mandalay! They're going to be shooting at him!,,,,,,,,,,,,,,,,,,,,,,,,,,,,,,,", u695 ,m44,,
21919, u695 ," I know.,,,,,,,,,,,,,,,,,,,,,,,,,,,,,,,", u695 ,m44,,
21920, u695 ," I've never seen the ocean, either."",,,,,,,,,,,,,,,,,,,,,,,,,,,,,,,", u691 ,m44,,
21921, u691 ," Really?,,,,,,,,,,,,,,,,,,,,,,,,,,,,,,,", u695 ,m44,,
21922, u695 ," I've never seen a lobster.,,,,,,,,,,,,,,,,,,,,,,,,,,,,,,,", u691 ,m44,,
21923, u691 ," No, but I work there--I like it. My dad's a lobsterman."",,,,,,,,,,,,,,,,,,,,,,,,,,,,,,,", u695 ,m44,,
21924, u695 ," Is your family in the apple business, too?"",,,,,,,,,,,,,,,,,,,,,,,,,,,,,,,", u691 ,m44,,
21925, u691 ," Two.,,,,,,,,,,,,,,,,,,,,,,,,,,,,,,,", u695 ,m44,,
21926, u695 ," How many months are you?,,,,,,,,,,,,,,,,,,,,,,,,,,,,,,,", u691 ,m44,,
21927, u691 ," Candy. Candy Kendall.,,,,,,,,,,,,,,,,,,,,,,,,,,,,,,,", u695 ,m44,,
21928, u695 ," So, Mrs..."",,,,,,,,,,,,,,,,,,,,,,,,,,,,,,,", u706 ,m44,,
21929, u706 ," No. It ain't Muddy. Muddy's just...,,,,,,,,,,,,,,,,,,,,,,,,,,,,,,,", u691 ,m44,,
21930, u691 ," You can trust me. Is it Jack? It's not Jack, is it? It's *Muddy*! Is it Muddy?"",,,,,,,,,,,,,,,,,,,,,,,,,,,,,,,", u691 ,m44,,
21931, u691 ," Why?,,,,,,,,,,,,,,,,,,,,,,,,,,,,,,,", u706 ,m44,,
21932, u706 ," I can't go nowhere.,,,,,,,,,,,,,,,,,,,,,,,,,,,,,,,", u691 ,m44,,
21933, u691 ," I know where you can go. Homer and I can take you...,,,,,,,,,,,,,,,,,,,,,,,,,,,,,,,", u691 ,m44,,
21934, u691 ," Yes, I *have*!"",,,,,,,,,,,,,,,,,,,,,,,,,,,,,,,", u706 ,m44,,
21935, u706 ," You ain't been through what I been through, Candy."",,,,,,,,,,,,,,,,,,,,,,,,,,,,,,,", u691 ,m44,,
21936, u691 ," Rose, I know what's going on. Homer told me. I got pregnant, too--about a year ago.  I've been through this."",,,,,,,,,,,,,,,,,,,,,,,,,,,,,,,", u706 ,m44,,
21937, u706 ," I don't need no more clothes, thank you."",,,,,,,,,,,,,,,,,,,,,,,,,,,,,,,", u691 ,m44,,
21938, u691 ," I've got some more clothes for you-- I just keep forgetting to bring them with me.,,,,,,,,,,,,,,,,,,,,,,,,,,,,,,,", u706 ,m44,,
21939, u706 ," Hi...,,,,,,,,,,,,,,,,,,,,,,,,,,,,,,,", u691 ,m44,,
21940, u691 ," Hi...,,,,,,,,,,,,,,,,,,,,,,,,,,,,,,,", u691 ,m44,,
21941, u691 ," Oh, he's fine! I just heard from him. He's bombing all these places..."",,,,,,,,,,,,,,,,,,,,,,,,,,,,,,,", u706 ,m44,,
21942, u706 ," How is that Wally doing?,,,,,,,,,,,,,,,,,,,,,,,,,,,,,,,", u707 ,m44,,
21943, u707 ," *Homer* liked it!  Didn't you?,,,,,,,,,,,,,,,,,,,,,,,,,,,,,,,", u691 ,m44,,
21944, u691 ," He thinks people *like* to get whacked by branches.,,,,,,,,,,,,,,,,,,,,,,,,,,,,,,,", u707 ,m44,,
21945, u707 ," He *loved* it!  Didn't you?,,,,,,,,,,,,,,,,,,,,,,,,,,,,,,,", u691 ,m44,,
21946, u691 ," You've been giving him a *flying* lesson!,,,,,,,,,,,,,,,,,,,,,,,,,,,,,,,", u691 ,m44,,
21947, u691 ," I know what you've been doing.,,,,,,,,,,,,,,,,,,,,,,,,,,,,,,,", u707 ,m44,,
21948, u707 ," I was just showing Homer the orchards... kind of a geography lesson.,,,,,,,,,,,,,,,,,,,,,,,,,,,,,,,", u707 ,m44,,
21949, u707 ," I love you, too. See you tomorrow."",,,,,,,,,,,,,,,,,,,,,,,,,,,,,,,", u691 ,m44,,
21950, u691 ," I love you, Wally."",,,,,,,,,,,,,,,,,,,,,,,,,,,,,,,", u707 ,m44,,
21951, u707 ," Well, *picking* them is! It's about as exciting as... walking!"",,,,,,,,,,,,,,,,,,,,,,,,,,,,,,,", u691 ,m44,,
21952, u691 ," There! You said it was boring.,,,,,,,,,,,,,,,,,,,,,,,,,,,,,,,", u707 ,m44,,
21953, u707 ," Well, they aren't."",,,,,,,,,,,,,,,,,,,,,,,,,,,,,,,", u691 ,m44,,
21954, u691 ," You said, """"Apples aren't exactly flying."""""",,,,,,,,,,,,,,,,,,,,,,,,,,,,,,,", u707 ,m44,,
21955, u707 ," I never said they were boring.,,,,,,,,,,,,,,,,,,,,,,,,,,,,,,,", u691 ,m44,,
21956, u691 ," Wally thinks apples are boring.,,,,,,,,,,,,,,,,,,,,,,,,,,,,,,,", u691 ,m44,,
21957, u691 ," No--keep it down. I want to feel the air.,,,,,,,,,,,,,,,,,,,,,,,,,,,,,,,", u707 ,m44,,
21958, u707 ," I don't want you to walk--I want to carry you. Should I put the top up? It might get cold.,,,,,,,,,,,,,,,,,,,,,,,,,,,,,,,", u691 ,m44,,
21959, u691 ," I'm okay--I can walk.,,,,,,,,,,,,,,,,,,,,,,,,,,,,,,,", u707 ,m44,,
21960, u707 ," Well, this *is* an orphanage."",,,,,,,,,,,,,,,,,,,,,,,,,,,,,,,", u691 ,m44,,
21961, u691 ," So many children. Are they all orphans?,,,,,,,,,,,,,,,,,,,,,,,,,,,,,,,", u695 ,m44,,
21962, u695 ," Only the right people can have you, Curly."",,,,,,,,,,,,,,,,,,,,,,,,,,,,,,,", u692 ,m44,,
21963, u692 ," You mean somebody asked?,,,,,,,,,,,,,,,,,,,,,,,,,,,,,,,", u695 ,m44,,
21964, u695 ," Nobody special enough, Curly."",,,,,,,,,,,,,,,,,,,,,,,,,,,,,,,", u692 ,m44,,
21965, u692 ," Nobody's asked for me, have they?"",,,,,,,,,,,,,,,,,,,,,,,,,,,,,,,", u695 ,m44,,
21966, u695 ," That's true.,,,,,,,,,,,,,,,,,,,,,,,,,,,,,,,", u692 ,m44,,
21967, u692 ," Dr. Larch wouldn't let just anyone take *any* of us!,,,,,,,,,,,,,,,,,,,,,,,,,,,,,,,", u695 ,m44,,
21968, u695 ," You're one of the best, Curly--we couldn't let just anyone take you."",,,,,,,,,,,,,,,,,,,,,,,,,,,,,,,", u692 ,m44,,
21969, u692 ," Nobody ever wants me!,,,,,,,,,,,,,,,,,,,,,,,,,,,,,,,", u695 ,m44,,
21970, u695 ," They wanted a girl.,,,,,,,,,,,,,,,,,,,,,,,,,,,,,,,", u692 ,m44,,
21971, u692 ," I thought they might take me.,,,,,,,,,,,,,,,,,,,,,,,,,,,,,,,", u693 ,m44,,
21972, u693 ," Does he *know* he's supposed to be in India? Does he even *want* to come back?,,,,,,,,,,,,,,,,,,,,,,,,,,,,,,,", u697 ,m44,,
21973, u697 ," Edna! Come dance with me! Let's be foolish tonight.,,,,,,,,,,,,,,,,,,,,,,,,,,,,,,,", u693 ,m44,,
21974, u693 ," I just wanted to ask you...,,,,,,,,,,,,,,,,,,,,,,,,,,,,,,,", u697 ,m44,,
21975, u697 ," I wouldn't worry, Edna, that he doesn't have money. If he gets hungry, he can pick his dinner!"",,,,,,,,,,,,,,,,,,,,,,,,,,,,,,,", u693 ,m44,,
21976, u693 ," He probably doesn't make much money picking apples--he must have had to pay to send them, too."",,,,,,,,,,,,,,,,,,,,,,,,,,,,,,,", u697 ,m44,,
21977, u697 ," Or that he can't be bothered to write us a proper letter? A dissertation on apples, we don't need!"",,,,,,,,,,,,,,,,,,,,,,,,,,,,,,,", u693 ,m44,,
21978, u693 ," But what about school records? Homer doesn't have any *diplomas*...,,,,,,,,,,,,,,,,,,,,,,,,,,,,,,,", u697 ,m44,,
21979, u697 ," So here is my candidate. What do you think?,,,,,,,,,,,,,,,,,,,,,,,,,,,,,,,", u697 ,m44,,
21980, u697 ," Well, we can only guess about that, Edna. They *are* against the law."",,,,,,,,,,,,,,,,,,,,,,,,,,,,,,,", u693 ,m44,,
21981, u693 ," You mean they'll replace you with someone who won't perform abortions.,,,,,,,,,,,,,,,,,,,,,,,,,,,,,,,", u697 ,m44,,
21982, u697 ," """"...graduated Bowdoin College, 1935, and Harvard School of Medicine, 1939."""""",,,,,,,,,,,,,,,,,,,,,,,,,,,,,,,", u693 ,m44,,
21983, u693 ," Homer was born *here*, in, what was it, 1922?"",,,,,,,,,,,,,,,,,,,,,,,,,,,,,,,", u697 ,m44,,
21984, u697 ," """"Homer Wells, born Portland, Maine, March 2, 1915..."""""",,,,,,,,,,,,,,,,,,,,,,,,,,,,,,,", u693 ,m44,,
21985, u693 ," He's leaving...,,,,,,,,,,,,,,,,,,,,,,,,,,,,,,,", u697 ,m44,,
21986, u697 ," I don't know! He's just leaving--  you're the one who says he needs to see the world!  *That's* what he'll do--he'll see the world!,,,,,,,,,,,,,,,,,,,,,,,,,,,,,,,", u697 ,m44,,
21987, u697 ," You *bet* it's a heavy sedation! The fetus is unexpelled, her uterus is punctured, she has acute peritonitis, and there's a foreign object. I think it's a crochet hook."",,,,,,,,,,,,,,,,,,,,,,,,,,,,,,,", u693 ,m44,,
21988, u693 ," That's a heavy sedation.,,,,,,,,,,,,,,,,,,,,,,,,,,,,,,,", u697 ,m44,,
21989, u697 ," How old are you, dear? Thirteen?"",,,,,,,,,,,,,,,,,,,,,,,,,,,,,,,", u693 ,m44,,
21990, u693 ," Her temperature is a hundred and four.,,,,,,,,,,,,,,,,,,,,,,,,,,,,,,,", u697 ,m44,,
21991, u697 ," Someone not from Maine.,,,,,,,,,,,,,,,,,,,,,,,,,,,,,,,", u694 ,m44,,
21992, u694 ," What's an immigrant?,,,,,,,,,,,,,,,,,,,,,,,,,,,,,,,", u697 ,m44,,
21993, u697 ," No. She was an immigrant.,,,,,,,,,,,,,,,,,,,,,,,,,,,,,,,", u694 ,m44,,
21994, u694 ," Did you grow up around here?,,,,,,,,,,,,,,,,,,,,,,,,,,,,,,,", u697 ,m44,,
21995, u697 ," She looks after other people's children.,,,,,,,,,,,,,,,,,,,,,,,,,,,,,,,", u694 ,m44,,
21996, u694 ," What's a nanny do?,,,,,,,,,,,,,,,,,,,,,,,,,,,,,,,", u697 ,m44,,
21997, u697 ," She's dead now, too. She was a nanny."",,,,,,,,,,,,,,,,,,,,,,,,,,,,,,,", u694 ,m44,,
21998, u694 ," Did you know your mother better?,,,,,,,,,,,,,,,,,,,,,,,,,,,,,,,", u697 ,m44,,
21999, u697 ," Barely. It hardly mattered that I knew him.,,,,,,,,,,,,,,,,,,,,,,,,,,,,,,,", u694 ,m44,,
22000, u694 ," But did you know him?,,,,,,,,,,,,,,,,,,,,,,,,,,,,,,,", u697 ,m44,,
22001, u697 ," *Alcohol* killed him--he drank himself to death.,,,,,,,,,,,,,,,,,,,,,,,,,,,,,,,", u694 ,m44,,
22002, u694 ," *Liver* killed him?,,,,,,,,,,,,,,,,,,,,,,,,,,,,,,,", u697 ,m44,,
22003, u697 ," Cirrhosis--it's a disease of the liver.,,,,,,,,,,,,,,,,,,,,,,,,,,,,,,,", u694 ,m44,,
22004, u694 ," Is *your* father dead?,,,,,,,,,,,,,,,,,,,,,,,,,,,,,,,", u694 ,m44,,
22005, u694 ," Why can't we have pumpkins for Christmas, too? We don't get any good presents at Christmas, anyway."",,,,,,,,,,,,,,,,,,,,,,,,,,,,,,,", u695 ,m44,,
22006, u695 ," Don't get too excited, Fuzzy."",,,,,,,,,,,,,,,,,,,,,,,,,,,,,,,", u694 ,m44,,
22007, u694 ," Is that soon?,,,,,,,,,,,,,,,,,,,,,,,,,,,,,,,", u695 ,m44,,
22008, u695 ," Uh... it's the end of October.,,,,,,,,,,,,,,,,,,,,,,,,,,,,,,,", u694 ,m44,,
22009, u694 ," His father's dead, right?"",,,,,,,,,,,,,,,,,,,,,,,,,,,,,,,", u695 ,m44,,
22010, u695 ," """"I was a posthumous child. My father's eyes had closed upon the light of this world six months, when mine opened on it."""""",,,,,,,,,,,,,,,,,,,,,,,,,,,,,,,", u694 ,m44,,
22011, u694 ," That's why Kong loves her!,,,,,,,,,,,,,,,,,,,,,,,,,,,,,,,", u695 ,m44,,
22012, u695 ," Uh, sure--that's what Kong thinks, all right."",,,,,,,,,,,,,,,,,,,,,,,,,,,,,,,", u694 ,m44,,
22013, u694 ," Homer... doesn't King Kong think the woman is his *mother*?,,,,,,,,,,,,,,,,,,,,,,,,,,,,,,,", u699 ,m44,,
22014, u699 ," I must have been *dreaming* of kissing someone.,,,,,,,,,,,,,,,,,,,,,,,,,,,,,,,", u695 ,m44,,
22015, u695 ," No, you did it yourself. Maybe in your sleep."",,,,,,,,,,,,,,,,,,,,,,,,,,,,,,,", u699 ,m44,,
22016, u699 ," Maybe I was kissing someone and he bit me.,,,,,,,,,,,,,,,,,,,,,,,,,,,,,,,", u695 ,m44,,
22017, u695 ," It looks like you bit it--it'll be all right.,,,,,,,,,,,,,,,,,,,,,,,,,,,,,,,", u699 ,m44,,
22018, u699 ," I don't remember.,,,,,,,,,,,,,,,,,,,,,,,,,,,,,,,", u695 ,m44,,
22019, u695 ," Did you bite it?,,,,,,,,,,,,,,,,,,,,,,,,,,,,,,,", u707 ,m44,,
22020, u707 ," I don't think so, Homer. *I'm* the lucky one."",,,,,,,,,,,,,,,,,,,,,,,,,,,,,,,", u695 ,m44,,
22021, u695 ," Well, sure... that's good, then.  All I mean is, I'm lucky I met you."",,,,,,,,,,,,,,,,,,,,,,,,,,,,,,,", u707 ,m44,,
22022, u707 ," You're the one who's helping *me*, Homer. You're going to give my mom a little peace of mind while I'm gone. Candy, too."",,,,,,,,,,,,,,,,,,,,,,,,,,,,,,,", u695 ,m44,,
22023, u695 ," Uh... actually, picking apples is as much excitement as I want for a while. I'm grateful for the job."",,,,,,,,,,,,,,,,,,,,,,,,,,,,,,,", u707 ,m44,,
22024, u707 ," Uh... I'm shipping out sooner than I thought. I just wanted to be sure you were settled in--and happy enough, considering...  Are you bored stiff? Or can you stick it out for a bit?"",,,,,,,,,,,,,,,,,,,,,,,,,,,,,,,", u707 ,m44,,
22025, u707 ," The trees are flak--antiaircraft fire from those geeks on the ground.,,,,,,,,,,,,,,,,,,,,,,,,,,,,,,,", u695 ,m44,,
22026, u695 ," What about the trees?,,,,,,,,,,,,,,,,,,,,,,,,,,,,,,,", u707 ,m44,,
22027, u707 ," It's almost like flying.,,,,,,,,,,,,,,,,,,,,,,,,,,,,,,,", u707 ,m44,,
22028, u707 ," Yes. They pick fruit, all kinds. They travel up and down the coast with the seasons.  The trick to Mr. Rose is, you have to let him be the boss."",,,,,,,,,,,,,,,,,,,,,,,,,,,,,,,", u695 ,m44,,
22029, u695 ," Migrants?,,,,,,,,,,,,,,,,,,,,,,,,,,,,,,,", u707 ,m44,,
22030, u707 ," They're migrants.,,,,,,,,,,,,,,,,,,,,,,,,,,,,,,,", u695 ,m44,,
22031, u695 ," Oh, I would love that, Wally."",,,,,,,,,,,,,,,,,,,,,,,,,,,,,,,", u707 ,m44,,
22032, u707 ," Uh, look... if you're serious about wanting a job, picking apples isn't that boring."",,,,,,,,,,,,,,,,,,,,,,,,,,,,,,,", u707 ,m44,,
22033, u707 ," Actually, I volunteered."",,,,,,,,,,,,,,,,,,,,,,,,,,,,,,,", u695 ,m44,,
22034, u695 ," What lousy luck--I mean your orders... to draw an assignment like that!,,,,,,,,,,,,,,,,,,,,,,,,,,,,,,,", u707 ,m44,,
22035, u707 ," I've got thirty-five minutes to climb to fifteen thousand feet--that's the first mountain pass.,,,,,,,,,,,,,,,,,,,,,,,,,,,,,,,", u695 ,m44,,
22036, u695 ," At what altitude?,,,,,,,,,,,,,,,,,,,,,,,,,,,,,,,", u707 ,m44,,
22037, u707 ," *And* over the Himalayas. That's called flying over the hump.,,,,,,,,,,,,,,,,,,,,,,,,,,,,,,,", u695 ,m44,,
22038, u695 ," """"Burma run"""" because you fly over Burma..."",,,,,,,,,,,,,,,,,,,,,,,,,,,,,,,", u695 ,m44,,
22039, u695 ," It's all very normal.,,,,,,,,,,,,,,,,,,,,,,,,,,,,,,,", u707 ,m44,,
22040, u707 ," I don't *have* any time. There's a *war*!,,,,,,,,,,,,,,,,,,,,,,,,,,,,,,,", u695 ,m44,,
22041, u695 ," This is all normal. Don't worry. The abortion procedure... it affects you. It's the ether, too. It'll take a little time."",,,,,,,,,,,,,,,,,,,,,,,,,,,,,,,", u707 ,m44,,
22042, u707 ," The only jobs are picking jobs. Picking apples is truly boring.,,,,,,,,,,,,,,,,,,,,,,,,,,,,,,,", u695 ,m44,,
22043, u695 ," No, I'm not. I need a job."",,,,,,,,,,,,,,,,,,,,,,,,,,,,,,,", u707 ,m44,,
22044, u707 ," You're a little overqualified, aren't you?"",,,,,,,,,,,,,,,,,,,,,,,,,,,,,,,", u695 ,m44,,
22045, u695 ," I think I'd probably like the apple business.,,,,,,,,,,,,,,,,,,,,,,,,,,,,,,,", u707 ,m44,,
22046, u707 ," We're heading back to Cape Kenneth.,,,,,,,,,,,,,,,,,,,,,,,,,,,,,,,", u695 ,m44,,
22047, u695 ," Where are you going?,,,,,,,,,,,,,,,,,,,,,,,,,,,,,,,", u707 ,m44,,
22048, u707 ," Sure! Be glad to! Uh... a ride where?,,,,,,,,,,,,,,,,,,,,,,,,,,,,,,,", u695 ,m44,,
22049, u695 ," I wonder if you might give me a ride.,,,,,,,,,,,,,,,,,,,,,,,,,,,,,,,", u707 ,m44,,
22050, u707 ," Actually, someone did. I just didn't think I could eat anything."",,,,,,,,,,,,,,,,,,,,,,,,,,,,,,,", u695 ,m44,,
22051, u695 ," Has anyone offered you anything to eat?,,,,,,,,,,,,,,,,,,,,,,,,,,,,,,,", u695 ,m44,,
22052, u695 ," No, it's not serious. I'm just not supposed to get excited. You know-- no strain, no stress. I try to keep calm all the time."",,,,,,,,,,,,,,,,,,,,,,,,,,,,,,,", u707 ,m44,,
22053, u707 ," Really! Is it serious?,,,,,,,,,,,,,,,,,,,,,,,,,,,,,,,", u695 ,m44,,
22054, u695 ," They wouldn't take me. I'm Class IV-- I've got a heart defect.,,,,,,,,,,,,,,,,,,,,,,,,,,,,,,,", u707 ,m44,,
22055, u707 ," Have you enlisted?,,,,,,,,,,,,,,,,,,,,,,,,,,,,,,,", u695 ,m44,,
22056, u695 ," Liberator...,,,,,,,,,,,,,,,,,,,,,,,,,,,,,,,", u707 ,m44,,
22057, u707 ," A B-24 Liberator.,,,,,,,,,,,,,,,,,,,,,,,,,,,,,,,", u695 ,m44,,
22058, u695 ," What kind of plane are you flying?,,,,,,,,,,,,,,,,,,,,,,,,,,,,,,,", u707 ,m44,,
22059, u707 ," Ah, well... okay. Good! I just wondered..."",,,,,,,,,,,,,,,,,,,,,,,,,,,,,,,", u695 ,m44,,
22060, u695 ," No. Dr. Larch will be performing the procedure.,,,,,,,,,,,,,,,,,,,,,,,,,,,,,,,", u707 ,m44,,
22061, u707 ," So, now, uh... you're not... I mean, do *you* do the--"",,,,,,,,,,,,,,,,,,,,,,,,,,,,,,,", u707 ,m44,,
22062, u707 ," It's okay--I don't mind.,,,,,,,,,,,,,,,,,,,,,,,,,,,,,,,", u695 ,m44,,
22063, u695 ," I'm sorry. They're not used to seeing a car like this.,,,,,,,,,,,,,,,,,,,,,,,,,,,,,,,", u695 ,m44,,
22064, u695 ," Right?,,,,,,,,,,,,,,,,,,,,,,,,,,,,,,,", u700 ,m44,,
22065, u700 ," Let me hear you say that! I so unhappy she runned away that I killed myself-- that what happen here, ain't that right?"",,,,,,,,,,,,,,,,,,,,,,,,,,,,,,,", u700 ,m44,,
22066, u700 ," That's 'cause I sticked my *own* knife in the wound--after she go, I sticked my *own* knife in there. I poked it all around, I just tryin' to find the same place she got me."",,,,,,,,,,,,,,,,,,,,,,,,,,,,,,,", u695 ,m44,,
22067, u695 ," There's more than one laceration, more than one cut."",,,,,,,,,,,,,,,,,,,,,,,,,,,,,,,", u700 ,m44,,
22068, u700 ," She just plan misunderstand me--I was tryin' to give her my knife, I was just reachin' to touch her hand. But I understand if she misunderstand me--it's all my fault, ain't that right?"",,,,,,,,,,,,,,,,,,,,,,,,,,,,,,,", u695 ,m44,,
22069, u695 ," Where'd she get you?,,,,,,,,,,,,,,,,,,,,,,,,,,,,,,,", u700 ,m44,,
22070, u700 ," If that was your knife, Muddy, I wanna thank you for givin' it to her-- no girl should be goin' *hitch-hikin'* if she don't got a good knife with her."",,,,,,,,,,,,,,,,,,,,,,,,,,,,,,,", u695 ,m44,,
22071, u695 ," Okay. Then you can be of use.,,,,,,,,,,,,,,,,,,,,,,,,,,,,,,,", u700 ,m44,,
22072, u700 ," I'm stayin', Homer."",,,,,,,,,,,,,,,,,,,,,,,,,,,,,,,", u700 ,m44,,
22073, u700 ," When it comes to this, you is the real thing--is that what you sayin'?"",,,,,,,,,,,,,,,,,,,,,,,,,,,,,,,", u695 ,m44,,
22074, u695 ," Merthiolate, ether, vulval pads, gauze--lots of gauze."",,,,,,,,,,,,,,,,,,,,,,,,,,,,,,,", u700 ,m44,,
22075, u700 ," There ain't no *almost* about this stuff, Homer--ain't that right?"",,,,,,,,,,,,,,,,,,,,,,,,,,,,,,,", u695 ,m44,,
22076, u695 ," One cervical stabilizer, two sets of dilators--Douglas points. One medium- sized curette, one small; one medium speculum, one large; two vulsellum forceps."",,,,,,,,,,,,,,,,,,,,,,,,,,,,,,,", u700 ,m44,,
22077, u700 ," What's that? What's it called?,,,,,,,,,,,,,,,,,,,,,,,,,,,,,,,", u695 ,m44,,
22078, u695 ," Mr. Rose, I'm in the *doctor* business.  If you want, I can help you. You don't have to go anywhere."",,,,,,,,,,,,,,,,,,,,,,,,,,,,,,,", u700 ,m44,,
22079, u700 ," What business is you in, Homer?"",,,,,,,,,,,,,,,,,,,,,,,,,,,,,,,", u700 ,m44,,
22080, u700 ," You forget yourself, Homer. This here's my daughter! You got your own mess to deal with--ain't that right?"",,,,,,,,,,,,,,,,,,,,,,,,,,,,,,,", u695 ,m44,,
22081, u695 ," Please listen to me! *Both* of you...,,,,,,,,,,,,,,,,,,,,,,,,,,,,,,,", u700 ,m44,,
22082, u700 ," And I *love* her! There ain't nobody else gonna treat her as good as I do!  I wouldn't do nothin' to hurt her, Homer--you must know that."",,,,,,,,,,,,,,,,,,,,,,,,,,,,,,,", u695 ,m44,,
22083, u695 ," But she's your *daughter*...,,,,,,,,,,,,,,,,,,,,,,,,,,,,,,,", u695 ,m44,,
22084, u695 ," Go on, cut my clothes. I've got other clothes."",,,,,,,,,,,,,,,,,,,,,,,,,,,,,,,", u700 ,m44,,
22085, u700 ," Homer, don't you know what business you in? You don't wanna go into no business with me, Homer--ain't that right?"",,,,,,,,,,,,,,,,,,,,,,,,,,,,,,,", u695 ,m44,,
22086, u695 ," You're lying. How can you... with your own daughter!,,,,,,,,,,,,,,,,,,,,,,,,,,,,,,,", u700 ,m44,,
22087, u700 ," Ain't nobody havin' *sex* with my little girl, Homer--that's somethin' a father knows."",,,,,,,,,,,,,,,,,,,,,,,,,,,,,,,", u695 ,m44,,
22088, u695 ," You're actually having sex with your own little girl? Is that possible?,,,,,,,,,,,,,,,,,,,,,,,,,,,,,,,", u700 ,m44,,
22089, u700 ," I think you been stayin' up too late at night, Homer."",,,,,,,,,,,,,,,,,,,,,,,,,,,,,,,", u695 ,m44,,
22090, u695 ," Is it true?,,,,,,,,,,,,,,,,,,,,,,,,,,,,,,,", u700 ,m44,,
22091, u700 ," I didn't see where you was pickin' this mornin', Homer, but you musta worked up a big appetite. You look like you're serious about gettin' to your lunch today!"",,,,,,,,,,,,,,,,,,,,,,,,,,,,,,,", u700 ,m44,,
22092, u700 ," You still doin' it too fast!,,,,,,,,,,,,,,,,,,,,,,,,,,,,,,,", u695 ,m44,,
22093, u695 ," This is easy--I'm not hurrying.,,,,,,,,,,,,,,,,,,,,,,,,,,,,,,,", u700 ,m44,,
22094, u700 ," Slow down, Homer--don't be in such a big hurry."",,,,,,,,,,,,,,,,,,,,,,,,,,,,,,,", u700 ,m44,,
22095, u700 ," Of *course* there's worms, Homer! And what is them worms, really? They just *protein*, them worms! They is *good* for you!"",,,,,,,,,,,,,,,,,,,,,,,,,,,,,,,", u695 ,m44,,
22096, u695 ," What about the worms? Most of these apples are the drops--off the ground, right? There have to be worms."",,,,,,,,,,,,,,,,,,,,,,,,,,,,,,,", u700 ,m44,,
22097, u700 ," Cider don't have no taste till later in October--it's too watery now, when we're usin' just them early Macs and them Gravensteins. You don't get no *good* cider till you're pickin' them Golden Delicious and them Winter Bananas, them Baldwins and them Russerts..."",,,,,,,,,,,,,,,,,,,,,,,,,,,,,,,", u700 ,m44,,
22098, u700 ," Homer, you the only one who's read them rules, so you the only one who feels like he's doin' somethin' wrong."",,,,,,,,,,,,,,,,,,,,,,,,,,,,,,,", u695 ,m44,,
22099, u695 ," Are we supposed to be up here? The rules said...,,,,,,,,,,,,,,,,,,,,,,,,,,,,,,,", u695 ,m44,,
22100, u695 ," I guess so...,,,,,,,,,,,,,,,,,,,,,,,,,,,,,,,", u700 ,m44,,
22101, u700 ," That's better. I can tell you got yourself some education. Them's good hands you got, Homer. Them hands you got, they know what they're doin'-- ain't that right?"",,,,,,,,,,,,,,,,,,,,,,,,,,,,,,,", u695 ,m44,,
22102, u695 ," Okay...,,,,,,,,,,,,,,,,,,,,,,,,,,,,,,,", u700 ,m44,,
22103, u700 ," Stop it, Homer. They aren't our rules. We didn't write them. I don't see no reason to read them."",,,,,,,,,,,,,,,,,,,,,,,,,,,,,,,", u695 ,m44,,
22104, u695 ," Right.,,,,,,,,,,,,,,,,,,,,,,,,,,,,,,,", u700 ,m44,,
22105, u700 ," It's big enough to keep you out of the war, I suppose. Ain't that right?"",,,,,,,,,,,,,,,,,,,,,,,,,,,,,,,", u700 ,m44,,
22106, u700 ," Out back, there's a shed. It's just a mess. If that shed was better organized, I could put my truck in there."",,,,,,,,,,,,,,,,,,,,,,,,,,,,,,,", u695 ,m44,,
22107, u695 ," So. What should I do now?,,,,,,,,,,,,,,,,,,,,,,,,,,,,,,,", u697 ,m44,,
22108, u697 ," You know everything I know, plus what you've taught yourself--you're a better doctor then I am and you know it!"",,,,,,,,,,,,,,,,,,,,,,,,,,,,,,,", u695 ,m44,,
22109, u695 ," I am not a doctor.,,,,,,,,,,,,,,,,,,,,,,,,,,,,,,,", u697 ,m44,,
22110, u697 ," It's your heart--you ought to take it with you.,,,,,,,,,,,,,,,,,,,,,,,,,,,,,,,", u695 ,m44,,
22111, u695 ," I don't need this--I know all about my condition.,,,,,,,,,,,,,,,,,,,,,,,,,,,,,,,", u697 ,m44,,
22112, u697 ," I don't need your gratitude.,,,,,,,,,,,,,,,,,,,,,,,,,,,,,,,", u695 ,m44,,
22113, u695 ," You know I'm grateful for everything you've done for me...,,,,,,,,,,,,,,,,,,,,,,,,,,,,,,,", u697 ,m44,,
22114, u697 ," Are you really so *stupid* that you imagine you're going to find a more gratifying life? What you're going to find is people like the poor people who get left here--only nobody takes care of them as well! And you won't be able to take care of them, either. There's no taking care of *anybody*-- not out there!"",,,,,,,,,,,,,,,,,,,,,,,,,,,,,,,", u695 ,m44,,
22115, u695 ," Of course.,,,,,,,,,,,,,,,,,,,,,,,,,,,,,,,", u697 ,m44,,
22116, u697 ," In other parts of the world, I suppose there are other ways."",,,,,,,,,,,,,,,,,,,,,,,,,,,,,,,", u695 ,m44,,
22117, u695 ," I wasn't intending to leave here in order to be entirely useless--I expect I'll find some ways to be of use.,,,,,,,,,,,,,,,,,,,,,,,,,,,,,,,", u697 ,m44,,
22118, u697 ," Doubtless you'll let me know what immensely worthwhile or at least *useful* thing it is that you find to do.,,,,,,,,,,,,,,,,,,,,,,,,,,,,,,,", u697 ,m44,,
22119, u697 ," Happy to be alive, under any circumstances--is that your point?"",,,,,,,,,,,,,,,,,,,,,,,,,,,,,,,", u695 ,m44,,
22120, u695 ," Try to look at it *this* way. Buster and I are sitting right here beside you. We could have ended up in the incinerator! ,,,,,,,,,,,,,,,,,,,,,,,,,,,,,,,", u697 ,m44,,
22121, u697 ," Try to look at it this way. What choice does Buster have? What are his options? Nobody will ever adopt him. ,,,,,,,,,,,,,,,,,,,,,,,,,,,,,,,", u695 ,m44,,
22122, u695 ," I'm happy I amuse you.,,,,,,,,,,,,,,,,,,,,,,,,,,,,,,,", u697 ,m44,,
22123, u697 ," It's just a marvel to me that you still have such high expectations of people.,,,,,,,,,,,,,,,,,,,,,,,,,,,,,,,", u697 ,m44,,
22124, u697 ," How about this child? You expect *her* to be responsible?,,,,,,,,,,,,,,,,,,,,,,,,,,,,,,,", u695 ,m44,,
22125, u695 ," How about expecting people to be responsible enough to control themselves to begin with?,,,,,,,,,,,,,,,,,,,,,,,,,,,,,,,", u697 ,m44,,
22126, u697 ," It is. I'll get this. You go ahead.,,,,,,,,,,,,,,,,,,,,,,,,,,,,,,,", u695 ,m44,,
22127, u695 ," I thought it was my turn.,,,,,,,,,,,,,,,,,,,,,,,,,,,,,,,", u695 ,m44,,
22128, u695 ," It's *your* splice! You blame me for everything!,,,,,,,,,,,,,,,,,,,,,,,,,,,,,,,", u697 ,m44,,
22129, u697 ," I thought you took care of this. It always breaks in the same place. It's your splice, isn't it?"",,,,,,,,,,,,,,,,,,,,,,,,,,,,,,,", u697 ,m44,,
22130, u697 ," We haven't had a Wilbur here in a year or so, have we? We used to have *dozens*!"",,,,,,,,,,,,,,,,,,,,,,,,,,,,,,,", u695 ,m44,,
22131, u695 ," Okay, he's just a Wilbur then."",,,,,,,,,,,,,,,,,,,,,,,,,,,,,,,", u697 ,m44,,
22132, u697 ," I'm not crazy about the """"Little..."""""",,,,,,,,,,,,,,,,,,,,,,,,,,,,,,,", u695 ,m44,,
22133, u695 ," Henceforth you shall be... Little Wilbur.,,,,,,,,,,,,,,,,,,,,,,,,,,,,,,,", u697 ,m44,,
22134, u697 ," You do it then.,,,,,,,,,,,,,,,,,,,,,,,,,,,,,,,", u695 ,m44,,
22135, u695 ," I don't think so.,,,,,,,,,,,,,,,,,,,,,,,,,,,,,,,", u697 ,m44,,
22136, u697 ," Can't a boy be a Dorrit?,,,,,,,,,,,,,,,,,,,,,,,,,,,,,,,", u695 ,m44,,
22137, u695 ," He doesn't like it.  He's a boy, That's why."",,,,,,,,,,,,,,,,,,,,,,,,,,,,,,,", u697 ,m44,,
22138, u697 ," It's my turn!,,,,,,,,,,,,,,,,,,,,,,,,,,,,,,,", u695 ,m44,,
22139, u695 ," Nobody's named this one yet.,,,,,,,,,,,,,,,,,,,,,,,,,,,,,,,", u697 ,m44,,
22140, u697 ," Where's the name sheet?,,,,,,,,,,,,,,,,,,,,,,,,,,,,,,,", u697 ,m44,,
22141, u697 ," When *doesn't* he have bronchitis? I wouldn't call his bronchial infections """"underdeveloped."""" Would you?"",,,,,,,,,,,,,,,,,,,,,,,,,,,,,,,", u695 ,m44,,
22142, u695 ," But isn't Fuzzy just... well, underdeveloped?"",,,,,,,,,,,,,,,,,,,,,,,,,,,,,,,", u697 ,m44,,
22143, u697 ," I haven't, either. But you *will*. The morons who write the books should do a little research *here*."",,,,,,,,,,,,,,,,,,,,,,,,,,,,,,,", u695 ,m44,,
22144, u695 ," I haven't read that.,,,,,,,,,,,,,,,,,,,,,,,,,,,,,,,", u697 ,m44,,
22145, u697 ," Fuzzy is not uncommon. I tell you, there's something about the premature babies of alcoholic mothers. They seem susceptible to every damn thing that comes along."",,,,,,,,,,,,,,,,,,,,,,,,,,,,,,,", u697 ,m44,,
22146, u697 ," Good boy. Good job. And you call yourself """"not a doctor""""!  Keep an eye on her--she's in trouble."",,,,,,,,,,,,,,,,,,,,,,,,,,,,,,,", u695 ,m44,,
22147, u695 ," In other words, scurvy."",,,,,,,,,,,,,,,,,,,,,,,,,,,,,,,", u697 ,m44,,
22148, u697 ," If you take enough of it, your intestines lose their ability to absorb Vitamin C."",,,,,,,,,,,,,,,,,,,,,,,,,,,,,,,", u695 ,m44,,
22149, u695 ," I don't know it.,,,,,,,,,,,,,,,,,,,,,,,,,,,,,,,", u697 ,m44,,
22150, u697 ," Christ, it's oil of tansy!"",,,,,,,,,,,,,,,,,,,,,,,,,,,,,,,", u697 ,m44,,
22151, u697 ," Obviously.,,,,,,,,,,,,,,,,,,,,,,,,,,,,,,,", u695 ,m44,,
22152, u695 ," It's obviously an aborticide.,,,,,,,,,,,,,,,,,,,,,,,,,,,,,,,", u697 ,m44,,
22153, u697 ," Scurvy! Ah yes, the curse of the old- time sailor, suffering long periods at sea with no fresh fruits or vegetables. Homer, Dorothy isn't a *sailor*!"",,,,,,,,,,,,,,,,,,,,,,,,,,,,,,,", u695 ,m44,,
22154, u695 ," It looks like scurvy.,,,,,,,,,,,,,,,,,,,,,,,,,,,,,,,", u697 ,m44,,
22155, u697 ," No. The fetus was dead. Her uterus was virtually *disintegrating*--my stitches pulled right through the tissue!,,,,,,,,,,,,,,,,,,,,,,,,,,,,,,,", u695 ,m44,,
22156, u695 ," There was no visible wound?,,,,,,,,,,,,,,,,,,,,,,,,,,,,,,,", u697 ,m44,,
22157, u697 ," What *else* could I have showed you, Homer? The only thing I can teach you is what I know! In every life, you've got to be of use."",,,,,,,,,,,,,,,,,,,,,,,,,,,,,,,", u695 ,m44,,
22158, u695 ," One: it's illegal. Two: I didn't ask how to do it--you just showed me.,,,,,,,,,,,,,,,,,,,,,,,,,,,,,,,", u697 ,m44,,
22159, u697 ," You know *how* to help these women-- how can you not feel *obligated* to help them when they can't get help anywhere else?,,,,,,,,,,,,,,,,,,,,,,,,,,,,,,,", u695 ,m44,,
22160, u695 ," All I said was, I don't want to perform abortions. I have no argument with *you* performing them."",,,,,,,,,,,,,,,,,,,,,,,,,,,,,,,", u697 ,m44,,
22161, u697 ," I presume you'd prefer handling the delivery.,,,,,,,,,,,,,,,,,,,,,,,,,,,,,,,", u695 ,m44,,
22162, u695 ," Yes, for both."",,,,,,,,,,,,,,,,,,,,,,,,,,,,,,,", u697 ,m44,,
22163, u697 ," First pregnancy?,,,,,,,,,,,,,,,,,,,,,,,,,,,,,,,", u695 ,m44,,
22164, u695 ," Right.,,,,,,,,,,,,,,,,,,,,,,,,,,,,,,,", u703 ,m44,,
22165, u703 ," Good-bye, Arthur.  Homer, I'll see you tomorrow?"",,,,,,,,,,,,,,,,,,,,,,,,,,,,,,,", u703 ,m44,,
22166, u703 ," Just promise me that, if there's a blizzard, you'll move into Wally's room until it's over."",,,,,,,,,,,,,,,,,,,,,,,,,,,,,,,", u695 ,m44,,
22167, u695 ," Uh... sure.,,,,,,,,,,,,,,,,,,,,,,,,,,,,,,,", u703 ,m44,,
22168, u703 ," I don't know.  Just promise me one thing.,,,,,,,,,,,,,,,,,,,,,,,,,,,,,,,", u695 ,m44,,
22169, u695 ," I think Wally will be fine, Mrs. Worthington--he seems indestructible to me."",,,,,,,,,,,,,,,,,,,,,,,,,,,,,,,", u703 ,m44,,
22170, u703 ," There's not a lot of work in the winter, and you'll have to tolerate Vernon--even Wally despises him, and Wally likes everyone."",,,,,,,,,,,,,,,,,,,,,,,,,,,,,,,", u695 ,m44,,
22171, u695 ," Mrs. Worthington, I feel I'm very lucky to be here."",,,,,,,,,,,,,,,,,,,,,,,,,,,,,,,", u703 ,m44,,
22172, u703 ," What I mean is... I would like it very much if you thought you could be happy here, Homer."",,,,,,,,,,,,,,,,,,,,,,,,,,,,,,,", u702 ,m44,,
22173, u702 ," Yeah, well... you could move on with *us*, man! You could move on somewhere *warm*!"",,,,,,,,,,,,,,,,,,,,,,,,,,,,,,,", u695 ,m44,,
22174, u695 ," Thanks, guys... I'd like to go with you. But I've got to move on."",,,,,,,,,,,,,,,,,,,,,,,,,,,,,,,", u695 ,m44,,
22175, u695 ," """"Two: Please don't go up to the roof to eat your lunch."""""",,,,,,,,,,,,,,,,,,,,,,,,,,,,,,,", u702 ,m44,,
22176, u702 ," We heard that one already, Homer."",,,,,,,,,,,,,,,,,,,,,,,,,,,,,,,", u695 ,m44,,
22177, u695 ," """"One: Please don't smoke in bed."""""",,,,,,,,,,,,,,,,,,,,,,,,,,,,,,,", u702 ,m44,,
22178, u702 ," Long enough. You ain't gonna stop it.,,,,,,,,,,,,,,,,,,,,,,,,,,,,,,,", u695 ,m44,,
22179, u695 ," How long's this been going on, Muddy?"",,,,,,,,,,,,,,,,,,,,,,,,,,,,,,,", u702 ,m44,,
22180, u702 ," Don't mess in this, Homer, if you know what's good for you."",,,,,,,,,,,,,,,,,,,,,,,,,,,,,,,", u706 ,m44,,
22181, u706 ," It means nothin' at all! And all this time I been *wonderin'* about it!,,,,,,,,,,,,,,,,,,,,,,,,,,,,,,,", u695 ,m44,,
22182, u695 ," That's it.,,,,,,,,,,,,,,,,,,,,,,,,,,,,,,,", u706 ,m44,,
22183, u706 ," That's *it*?,,,,,,,,,,,,,,,,,,,,,,,,,,,,,,,", u695 ,m44,,
22184, u695 ," Rose, listen--don't *do* anything. You know, I mean to yourself. Please listen..."",,,,,,,,,,,,,,,,,,,,,,,,,,,,,,,", u706 ,m44,,
22185, u706 ," Why don't you just go back to your pickin', Homer? I can take care of it myself!"",,,,,,,,,,,,,,,,,,,,,,,,,,,,,,,", u706 ,m44,,
22186, u706 ," You think Daddy's gonna let me go anywhere? I ain't going *nowhere*.,,,,,,,,,,,,,,,,,,,,,,,,,,,,,,,", u695 ,m44,,
22187, u695 ," What I mean is, if you don't want to... keep the baby, I know a place where you can go."",,,,,,,,,,,,,,,,,,,,,,,,,,,,,,,", u695 ,m44,,
22188, u695 ," Rose, please listen. Whatever you want to do, I can help you."",,,,,,,,,,,,,,,,,,,,,,,,,,,,,,,", u706 ,m44,,
22189, u706 ," *Happy*! What are you thinkin'? How am I supposed to take care of a baby! I can't have a baby.,,,,,,,,,,,,,,,,,,,,,,,,,,,,,,,", u695 ,m44,,
22190, u695 ," But you don't look very happy.,,,,,,,,,,,,,,,,,,,,,,,,,,,,,,,", u706 ,m44,,
22191, u706 ," Don't trouble yourself about it, Homer--this ain't your business."",,,,,,,,,,,,,,,,,,,,,,,,,,,,,,,", u695 ,m44,,
22192, u695 ," I know more than I want to know about it. Who's the father?,,,,,,,,,,,,,,,,,,,,,,,,,,,,,,,", u706 ,m44,,
22193, u706 ," Not yet. What do you know about it?,,,,,,,,,,,,,,,,,,,,,,,,,,,,,,,", u695 ,m44,,
22194, u695 ," You're not yet three months, are you?"",,,,,,,,,,,,,,,,,,,,,,,,,,,,,,,", u695 ,m44,,
22195, u695 ," I don't like watching anyone be sick.,,,,,,,,,,,,,,,,,,,,,,,,,,,,,,,", u706 ,m44,,
22196, u706 ," I guess you must like watchin' me be sick...,,,,,,,,,,,,,,,,,,,,,,,,,,,,,,,", u695 ,m44,,
22197, u695 ," You okay, Rose?"",,,,,,,,,,,,,,,,,,,,,,,,,,,,,,,", u695 ,m44,,
22198, u695 ," Almost.,,,,,,,,,,,,,,,,,,,,,,,,,,,,,,,", u706 ,m44,,
22199, u706 ," Oh, I suppose you is a doctor, Homer?"",,,,,,,,,,,,,,,,,,,,,,,,,,,,,,,", u695 ,m44,,
22200, u695 ," Give men that. I know how to do it.,,,,,,,,,,,,,,,,,,,,,,,,,,,,,,,", u706 ,m44,,
22201, u706 ," Yeah, you is. I know when people is in trouble, and you is."",,,,,,,,,,,,,,,,,,,,,,,,,,,,,,,", u695 ,m44,,
22202, u695 ," I'm not in trouble.,,,,,,,,,,,,,,,,,,,,,,,,,,,,,,,", u695 ,m44,,
22203, u695 ," No trouble.,,,,,,,,,,,,,,,,,,,,,,,,,,,,,,,", u706 ,m44,,
22204, u706 ," You ain't gettin' in no trouble, I hope."",,,,,,,,,,,,,,,,,,,,,,,,,,,,,,,", u706 ,m44,,
22205, u706 ," I can't read. Nobody taught me.,,,,,,,,,,,,,,,,,,,,,,,,,,,,,,,", u695 ,m44,,
22206, u695 ," Do you like to read?,,,,,,,,,,,,,,,,,,,,,,,,,,,,,,,", u695 ,m44,,
22207, u695 ," Yes, so what. It's nothing serious, really. Just a small defect."",,,,,,,,,,,,,,,,,,,,,,,,,,,,,,,", u706 ,m44,,
22208, u706 ," So what?,,,,,,,,,,,,,,,,,,,,,,,,,,,,,,,", u695 ,m44,,
22209, u695 ," There's a little something wrong with it. Just this part here--the right ventricle. It's slightly enlarged.,,,,,,,,,,,,,,,,,,,,,,,,,,,,,,,", u706 ,m44,,
22210, u706 ," What you got a picture of your heart for?,,,,,,,,,,,,,,,,,,,,,,,,,,,,,,,", u695 ,m44,,
22211, u695 ," It's just my heart.,,,,,,,,,,,,,,,,,,,,,,,,,,,,,,,", u706 ,m44,,
22212, u706 ," What's that?,,,,,,,,,,,,,,,,,,,,,,,,,,,,,,,", u706 ,m44,,
22213, u706 ," Pretty, ain't it? You a plumber?"",,,,,,,,,,,,,,,,,,,,,,,,,,,,,,,", u695 ,m44,,
22214, u695 ," Rose Rose?,,,,,,,,,,,,,,,,,,,,,,,,,,,,,,,", u700 ,m44,,
22215, u700 ," What business is you in, Jack? Just tell me what your business is..."",,,,,,,,,,,,,,,,,,,,,,,,,,,,,,,", u696 ,m44,,
22216, u696 ," You mean *swimmin'*. I ain't goin' in that vat to fish out no cigarette!,,,,,,,,,,,,,,,,,,,,,,,,,,,,,,,", u700 ,m44,,
22217, u700 ," It's not that hard to find it in there, Jack--it'll take you just a minute. You just gotta go fishin'."",,,,,,,,,,,,,,,,,,,,,,,,,,,,,,,", u696 ,m44,,
22218, u696 ," Them people drinkin' that cider, they don't know there's a cigarette in there!"",,,,,,,,,,,,,,,,,,,,,,,,,,,,,,,", u700 ,m44,,
22219, u700 ," That just ain't right, Jack--your cigarette's gonna end up in nine or ten gallons of this batch of cider! That ain't right."",,,,,,,,,,,,,,,,,,,,,,,,,,,,,,,", u700 ,m44,,
22220, u700 ," You think so, Jack? Well... I wouldn't want to be in that Wally's shoes tonight."",,,,,,,,,,,,,,,,,,,,,,,,,,,,,,,", u696 ,m44,,
22221, u696 ," I bet the view looks better from the Worthin'tons'.,,,,,,,,,,,,,,,,,,,,,,,,,,,,,,,", u700 ,m44,,
22222, u700 ," Jack, you gotta watch your language 'round my daughter."",,,,,,,,,,,,,,,,,,,,,,,,,,,,,,,", u696 ,m44,,
22223, u696 ," Shit. We don't know what he is.,,,,,,,,,,,,,,,,,,,,,,,,,,,,,,,", u700 ,m44,,
22224, u700 ," Now, now. He's a good boy."",,,,,,,,,,,,,,,,,,,,,,,,,,,,,,,", u696 ,m44,,
22225, u696 ," Who cares?,,,,,,,,,,,,,,,,,,,,,,,,,,,,,,,", u697 ,m44,,
22226, u697 ," Anyway, I was just showing you this guy as an example of what's available-- I didn't think you'd be interested."",,,,,,,,,,,,,,,,,,,,,,,,,,,,,,,", u701 ,m44,,
22227, u701 ," I fail to see how a little Christianity could *hurt* anyone here!,,,,,,,,,,,,,,,,,,,,,,,,,,,,,,,", u697 ,m44,,
22228, u697 ," Then I suppose we can look forward to catching various diseases from him!,,,,,,,,,,,,,,,,,,,,,,,,,,,,,,,", u701 ,m44,,
22229, u701 ," You can't think that a man who has *served* under such conditions as exist over there will be in the slightest daunted by a little *snow*-- have you no idea how harsh and primitive and full of *disease* that part of the world is?,,,,,,,,,,,,,,,,,,,,,,,,,,,,,,,", u697 ,m44,,
22230, u697 ," Does it *snow* in Bombay? One winter here and we'll be shipping him south, in a *coffin*!"",,,,,,,,,,,,,,,,,,,,,,,,,,,,,,,", u701 ,m44,,
22231, u701 ," I fail to see how someone courageous enough to make a commitment to a foreign mission is automatically to be dismissed--that part of the world requires precisely the kind of dedication that is needed here.,,,,,,,,,,,,,,,,,,,,,,,,,,,,,,,", u697 ,m44,,
22232, u697 ," *No*! I don't want to know him! He's doing *missionary* work--in *India*! I wrote him *weeks* ago, but he's either too holy or too busy to answer. Maybe he got killed in the war!"",,,,,,,,,,,,,,,,,,,,,,,,,,,,,,,", u701 ,m44,,
22233, u701 ," Do you know him?,,,,,,,,,,,,,,,,,,,,,,,,,,,,,,,", u698 ,m44,,
22234, u698 ," Four weeks or so, right around Halloween."",,,,,,,,,,,,,,,,,,,,,,,,,,,,,,,", u703 ,m44,,
22235, u703 ," When will he be home, Major?"",,,,,,,,,,,,,,,,,,,,,,,,,,,,,,,", u698 ,m44,,
22236, u698 ," No autonomic effects... that's correct.,,,,,,,,,,,,,,,,,,,,,,,,,,,,,,,", u698 ,m44,,
22237, u698 ," It's encephalitis B. He's recovering at Mount Lavinia Hospital, Ceylon.  Uh... Captain Worthington is paralyzed.  Waist down. He won't walk."",,,,,,,,,,,,,,,,,,,,,,,,,,,,,,,", u703 ,m44,,
22238, u703 ," Then it's malaria?,,,,,,,,,,,,,,,,,,,,,,,,,,,,,,,", u698 ,m44,,
22239, u698 ," Because the crew thought he'd gone down with the plane. They were hospitalized for almost a week in China before they were flown back to India. It wasn't until that they sorted through their gear...,,,,,,,,,,,,,,,,,,,,,,,,,,,,,,,", u703 ,m44,,
22240, u703 ," Why was he missing for twenty days?,,,,,,,,,,,,,,,,,,,,,,,,,,,,,,,", u698 ,m44,,
22241, u698 ," When the plane was hit, the crew chief and the radioman jumped close together. The copilot jumped third. All on Captain Worthington's orders-- the captain was still flying the plane. None of the men of the ground could see the sky--that's how thick the jungle was. They never saw the plane crash--they never *heard* it crash. They never saw Captain Worthington's parachute, either."",,,,,,,,,,,,,,,,,,,,,,,,,,,,,,,", u700 ,m44,,
22242, u700 ," Who *live* here in this cider house, Peaches? Who grind them apples, who press that cider, who clean up the mess, and who just plain *live* here... just breathin' in the vinegar?  Somebody who *don't* live here made them rules. Them rules ain't for *us*. *We* the ones who make up them rules. We makin' our *own* rules, every day. Ain't that right, Homer?"",,,,,,,,,,,,,,,,,,,,,,,,,,,,,,,", u704 ,m44,,
22243, u704 ," They're *outrageous*, them rules!"",,,,,,,,,,,,,,,,,,,,,,,,,,,,,,,", u700 ,m44,,
22244, u700 ," Then you pickin' 'em too fast--they ain't no better than drops to me. See that bruise, and that one? *Half* of these is bruised! Look at this one! It ain't got no stem! You might as well *step* on 'em, too--they only good for cider."",,,,,,,,,,,,,,,,,,,,,,,,,,,,,,,", u704 ,m44,,
22245, u704 ," They ain't drops--I picked 'em off the tree!,,,,,,,,,,,,,,,,,,,,,,,,,,,,,,,", u700 ,m44,,
22246, u700 ," You pickin' nothin' but cider apples, Peaches--I hope you understand that."",,,,,,,,,,,,,,,,,,,,,,,,,,,,,,,", u700 ,m44,,
22247, u700 ," What have you two been doin' to make it look so nice?,,,,,,,,,,,,,,,,,,,,,,,,,,,,,,,", u704 ,m44,,
22248, u704 ," It look nicer then home!,,,,,,,,,,,,,,,,,,,,,,,,,,,,,,,", u700 ,m44,,
22249, u700 ," Don't this place look like home?,,,,,,,,,,,,,,,,,,,,,,,,,,,,,,,", u704 ,m44,,
22250, u704 ," We see you next harvest.,,,,,,,,,,,,,,,,,,,,,,,,,,,,,,,", u700 ,m44,,
22251, u700 ," You all take care of yourself, too, Homer!"",,,,,,,,,,,,,,,,,,,,,,,,,,,,,,,", u704 ,m44,,
22252, u704 ," Sorry, Homer..."",,,,,,,,,,,,,,,,,,,,,,,,,,,,,,,", u700 ,m44,,
22253, u700 ," Mind your own business, Peaches."",,,,,,,,,,,,,,,,,,,,,,,,,,,,,,,", u704 ,m44,,
22254, u704 ," Ain't you gonna see what it is, Homer?"",,,,,,,,,,,,,,,,,,,,,,,,,,,,,,,", u704 ,m44,,
22255, u704 ," They told Muddy his feet was too flat!,,,,,,,,,,,,,,,,,,,,,,,,,,,,,,,", u700 ,m44,,
22256, u700 ," They told me I was too old to serve.,,,,,,,,,,,,,,,,,,,,,,,,,,,,,,,", u700 ,m44,,
22257, u700 ," That's right. I know you understand how I feel, Homer--you is breakin' them rules, too. Ain't that right?"",,,,,,,,,,,,,,,,,,,,,,,,,,,,,,,", u702 ,m44,,
22258, u702 ," That what happen--you lost you only daughter so's you killed yourself! That's what we say, all right."",,,,,,,,,,,,,,,,,,,,,,,,,,,,,,,", u700 ,m44,,
22259, u700 ," That's right! A girl's gotta know how to defend herself, don't she?"",,,,,,,,,,,,,,,,,,,,,,,,,,,,,,,", u702 ,m44,,
22260, u702 ," *You* taught her, I suppose..."",,,,,,,,,,,,,,,,,,,,,,,,,,,,,,,", u700 ,m44,,
22261, u700 ," She's *good* with that knife! She's real fast. She's a lot better with that knife than *you* is, Muddy! And who do you suppose taught her?"",,,,,,,,,,,,,,,,,,,,,,,,,,,,,,,", u700 ,m44,,
22262, u700 ," Tell him what you want, Muddy--*you* is the crew boss today."",,,,,,,,,,,,,,,,,,,,,,,,,,,,,,,", u702 ,m44,,
22263, u702 ," I told him that you all is sick.,,,,,,,,,,,,,,,,,,,,,,,,,,,,,,,", u700 ,m44,,
22264, u700 ," Tell that Vernon to mind his own business, Muddy."",,,,,,,,,,,,,,,,,,,,,,,,,,,,,,,", u702 ,m44,,
22265, u702 ," It's that Vernon--he keeps askin' where you and Homer and Rose Rose is at.,,,,,,,,,,,,,,,,,,,,,,,,,,,,,,,", u702 ,m44,,
22266, u702 ," Yeah, we can wait all night for the water to come back on--you just go on and take your time."",,,,,,,,,,,,,,,,,,,,,,,,,,,,,,,", u700 ,m44,,
22267, u700 ," Don't let us make you nervous or nothin'--we know you gotta job to do.,,,,,,,,,,,,,,,,,,,,,,,,,,,,,,,", u700 ,m44,,
22268, u700 ," Well, Muddy, we can look at all these angry stars Homer's been readin' to us about."",,,,,,,,,,,,,,,,,,,,,,,,,,,,,,,", u702 ,m44,,
22269, u702 ," *What* view?,,,,,,,,,,,,,,,,,,,,,,,,,,,,,,,", u702 ,m44,,
22270, u702 ," What view?,,,,,,,,,,,,,,,,,,,,,,,,,,,,,,,", u700 ,m44,,
22271, u700 ," Where's your manners? Make room for Homer, so's he can enjoy the view."",,,,,,,,,,,,,,,,,,,,,,,,,,,,,,,", u706 ,m44,,
22272, u706 ," That's right, Homer. This ain't your business."",,,,,,,,,,,,,,,,,,,,,,,,,,,,,,,", u700 ,m44,,
22273, u700 ," You just go inside, Homer. We don't need no help."",,,,,,,,,,,,,,,,,,,,,,,,,,,,,,,", u706 ,m44,,
22274, u706 ," I ain't your business no more, Daddy. Please let me go."",,,,,,,,,,,,,,,,,,,,,,,,,,,,,,,", u700 ,m44,,
22275, u700 ," You ain't goin' nowhere in the middle of the night, girl!"",,,,,,,,,,,,,,,,,,,,,,,,,,,,,,,", u706 ,m44,,
22276, u706 ," You gotta let me go, Daddy. Please..."",,,,,,,,,,,,,,,,,,,,,,,,,,,,,,,", u700 ,m44,,
22277, u700 ," Where do you think you're going?,,,,,,,,,,,,,,,,,,,,,,,,,,,,,,,", u706 ,m44,,
22278, u706 ," You just stay out of trouble, Homer!"",,,,,,,,,,,,,,,,,,,,,,,,,,,,,,,", u700 ,m44,,
22279, u700 ," Now, now, Jack--that just ain't right."",,,,,,,,,,,,,,,,,,,,,,,,,,,,,,,", u700 ,m44,,
22280, u700 ," You oughta know you don't go to jail for cuttin' a guy's *clothes*. Ain't that right, Homer?"",,,,,,,,,,,,,,,,,,,,,,,,,,,,,,,", u706 ,m44,,
22281, u706 ," Yeah, you really showed him, Daddy-- you just about cut your own hand off, and all you cut off *him* was his clothes!"",,,,,,,,,,,,,,,,,,,,,,,,,,,,,,,", u700 ,m44,,
22282, u700 ," Now, now, darlin'... Jack just needs to know what business he's in."",,,,,,,,,,,,,,,,,,,,,,,,,,,,,,,", u706 ,m44,,
22283, u706 ," We should drown that damn Jack in the vat!,,,,,,,,,,,,,,,,,,,,,,,,,,,,,,,", u700 ,m44,,
22284, u700 ," That's right--that sounds like trouble to me.,,,,,,,,,,,,,,,,,,,,,,,,,,,,,,,", u706 ,m44,,
22285, u706 ," That sounds like you is in trouble already, Homer."",,,,,,,,,,,,,,,,,,,,,,,,,,,,,,,", u706 ,m44,,
22286, u706 ," What's lucky about that?,,,,,,,,,,,,,,,,,,,,,,,,,,,,,,,", u700 ,m44,,
22287, u700 ," You lucky you in your work boots tonight, girl..."",,,,,,,,,,,,,,,,,,,,,,,,,,,,,,,", u706 ,m44,,
22288, u706 ," Daddy, I'd like to be in that Wally's shoes *every* night."",,,,,,,,,,,,,,,,,,,,,,,,,,,,,,,", u704 ,m44,,
22289, u704 ," He ain't never been outta Maine!,,,,,,,,,,,,,,,,,,,,,,,,,,,,,,,", u702 ,m44,,
22290, u702 ," You ever see a palm tree, Homer?"",,,,,,,,,,,,,,,,,,,,,,,,,,,,,,,", u702 ,m44,,
22291, u702 ," She took off on the bicycle, man."",,,,,,,,,,,,,,,,,,,,,,,,,,,,,,,", u704 ,m44,,
22292, u704 ," She took off in the night!,,,,,,,,,,,,,,,,,,,,,,,,,,,,,,,", u702 ,m44,,
22293, u702 ," Rose Rose has runned away!,,,,,,,,,,,,,,,,,,,,,,,,,,,,,,,", u702 ,m44,,
22294, u702 ," Yeah, that cigarette ain't hard to find when you're properly undressed."",,,,,,,,,,,,,,,,,,,,,,,,,,,,,,,", u704 ,m44,,
22295, u704 ," The good news, Jack, is you're half- undressed for *swimmin'*..."",,,,,,,,,,,,,,,,,,,,,,,,,,,,,,,", u702 ,m44,,
22296, u702 ," You're lucky he didn't cut your *nipples* off, man."",,,,,,,,,,,,,,,,,,,,,,,,,,,,,,,", u702 ,m44,,
22297, u702 ," She's about the most beautiful girl I ever seen--I don't know if she's the nicest.,,,,,,,,,,,,,,,,,,,,,,,,,,,,,,,", u704 ,m44,,
22298, u704 ," That Candy--she's the nicest girl I know!,,,,,,,,,,,,,,,,,,,,,,,,,,,,,,,", u702 ,m44,,
