,User_id,text,sec_user,movies_name,relationship,attachment
22914, u728 ," A couple I know are getting married.,,,,,,,,,,,,,,,,,,,,,,,,,,,,,,,", u725 ,m46,,
22915, u725 ," What are you laughing at? Who was that on the phone?,,,,,,,,,,,,,,,,,,,,,,,,,,,,,,,", u725 ,m46,,
22916, u725 ," You're all scumbags.,,,,,,,,,,,,,,,,,,,,,,,,,,,,,,,", u728 ,m46,,
22917, u728 ," Look Bella, I don't know anything about this. You should talk to Matt."",,,,,,,,,,,,,,,,,,,,,,,,,,,,,,,", u725 ,m46,,
22918, u725 ," Your boyfriend fucked me, smoked my dope, then shopped me. What do you think of that? I can't get a job now.  You bastard. You're no different from Matt. A pair of vicious little shits, that's what you are."",,,,,,,,,,,,,,,,,,,,,,,,,,,,,,,", u728 ,m46,,
22919, u728 ," I don't know anything about it.,,,,,,,,,,,,,,,,,,,,,,,,,,,,,,,", u725 ,m46,,
22920, u725 ," Reynolds got a doctor in. They forced me to take a dope test. It was positive. As you knew.,,,,,,,,,,,,,,,,,,,,,,,,,,,,,,,", u728 ,m46,,
22921, u728 ," What are you talking about?,,,,,,,,,,,,,,,,,,,,,,,,,,,,,,,", u725 ,m46,,
22922, u725 ," You fucking little shit! You shopped me.,,,,,,,,,,,,,,,,,,,,,,,,,,,,,,,", u725 ,m46,,
22923, u725 ," Sorry.,,,,,,,,,,,,,,,,,,,,,,,,,,,,,,,", u728 ,m46,,
22924, u728 ," Ouch.,,,,,,,,,,,,,,,,,,,,,,,,,,,,,,,", u725 ,m46,,
22925, u725 ," Now he's a real shit. Don't get friendly with him. I'm sure he's got his hand in the till. You know what he said to me once? """"I want to fuck the whole world over. That's my mission."""" The shit!"",,,,,,,,,,,,,,,,,,,,,,,,,,,,,,,", u728 ,m46,,
22926, u728 ," Not like Matt, you mean."",,,,,,,,,,,,,,,,,,,,,,,,,,,,,,,", u725 ,m46,,
22927, u725 ," Look, now I'm pumping you. I'm sorry. It's none of my business. It's just that you're not like the others."",,,,,,,,,,,,,,,,,,,,,,,,,,,,,,,", u728 ,m46,,
22928, u728 ," The Indian rope-trick.,,,,,,,,,,,,,,,,,,,,,,,,,,,,,,,", u725 ,m46,,
22929, u725 ," Ah, we all say that. But if we hate it, why do we do it?"",,,,,,,,,,,,,,,,,,,,,,,,,,,,,,,", u728 ,m46,,
22930, u728 ," I despise the job.,,,,,,,,,,,,,,,,,,,,,,,,,,,,,,,", u725 ,m46,,
22931, u725 ," I've been watching you work. You're the best in the place. But you know that.,,,,,,,,,,,,,,,,,,,,,,,,,,,,,,,", u725 ,m46,,
22932, u725 ," Well it is. But I know where I am.,,,,,,,,,,,,,,,,,,,,,,,,,,,,,,,", u728 ,m46,,
22933, u728 ," You called the casino a cesspit.,,,,,,,,,,,,,,,,,,,,,,,,,,,,,,,", u725 ,m46,,
22934, u725 ," Can you? I'm happy being a dealer. At least the punters keep their hands to themselves.,,,,,,,,,,,,,,,,,,,,,,,,,,,,,,,", u728 ,m46,,
22935, u728 ," I can imagine.,,,,,,,,,,,,,,,,,,,,,,,,,,,,,,,", u725 ,m46,,
22936, u725 ," I got scared.,,,,,,,,,,,,,,,,,,,,,,,,,,,,,,,", u728 ,m46,,
22937, u728 ," Why did you quit?,,,,,,,,,,,,,,,,,,,,,,,,,,,,,,,", u725 ,m46,,
22938, u725 ," But don't worry, I'm clean as a whistle. I only did S & M.  No blow jobs. No screwing."",,,,,,,,,,,,,,,,,,,,,,,,,,,,,,,", u725 ,m46,,
22939, u725 ," All men are cheats.,,,,,,,,,,,,,,,,,,,,,,,,,,,,,,,", u728 ,m46,,
22940, u728 ," I hate cheats.,,,,,,,,,,,,,,,,,,,,,,,,,,,,,,,", u728 ,m46,,
22941, u728 ," It's the tension.,,,,,,,,,,,,,,,,,,,,,,,,,,,,,,,", u725 ,m46,,
22942, u725 ," You're shaking.,,,,,,,,,,,,,,,,,,,,,,,,,,,,,,,", u728 ,m46,,
22943, u728 ," Goodnight.,,,,,,,,,,,,,,,,,,,,,,,,,,,,,,,", u725 ,m46,,
22944, u725 ," I'll take you up on that.,,,,,,,,,,,,,,,,,,,,,,,,,,,,,,,", u728 ,m46,,
22945, u728 ," Maybe another time.,,,,,,,,,,,,,,,,,,,,,,,,,,,,,,,", u725 ,m46,,
22946, u725 ," My car's in the garage.,,,,,,,,,,,,,,,,,,,,,,,,,,,,,,,", u728 ,m46,,
22947, u728 ," No. Thanks.,,,,,,,,,,,,,,,,,,,,,,,,,,,,,,,", u725 ,m46,,
22948, u725 ," Jack. Do you need a ride?,,,,,,,,,,,,,,,,,,,,,,,,,,,,,,,", u725 ,m46,,
22949, u725 ," How do I look?,,,,,,,,,,,,,,,,,,,,,,,,,,,,,,,", u728 ,m46,,
22950, u728 ," Is it that bad?,,,,,,,,,,,,,,,,,,,,,,,,,,,,,,,", u725 ,m46,,
22951, u725 ," Hi, Jack.  Welcome to the cesspit."",,,,,,,,,,,,,,,,,,,,,,,,,,,,,,,", u728 ,m46,,
22952, u728 ," Jack Manfred.,,,,,,,,,,,,,,,,,,,,,,,,,,,,,,,", u725 ,m46,,
22953, u725 ," I'm Bella.,,,,,,,,,,,,,,,,,,,,,,,,,,,,,,,", u726 ,m46,,
22954, u726 ," Seven-fifty.,,,,,,,,,,,,,,,,,,,,,,,,,,,,,,,", u728 ,m46,,
22955, u728 ," Eight-fifty.,,,,,,,,,,,,,,,,,,,,,,,,,,,,,,,", u726 ,m46,,
22956, u726 ," I'm not a mathematician. I'm in business.,,,,,,,,,,,,,,,,,,,,,,,,,,,,,,,", u728 ,m46,,
22957, u728 ," Is that your idea of arithmetic?,,,,,,,,,,,,,,,,,,,,,,,,,,,,,,,", u726 ,m46,,
22958, u726 ," How about we split the diff... Seven-fifty.,,,,,,,,,,,,,,,,,,,,,,,,,,,,,,,", u728 ,m46,,
22959, u728 ," What?!,,,,,,,,,,,,,,,,,,,,,,,,,,,,,,,", u726 ,m46,,
22960, u726 ," How about five hundred.,,,,,,,,,,,,,,,,,,,,,,,,,,,,,,,", u728 ,m46,,
22961, u728 ," How about fifteen hundred?,,,,,,,,,,,,,,,,,,,,,,,,,,,,,,,", u726 ,m46,,
22962, u726 ," That's not relevant. An old car like this, it depends on the condition."",,,,,,,,,,,,,,,,,,,,,,,,,,,,,,,", u728 ,m46,,
22963, u728 ," What's the Blue Book price?,,,,,,,,,,,,,,,,,,,,,,,,,,,,,,,", u726 ,m46,,
22964, u726 ," What kind of deal you looking to?,,,,,,,,,,,,,,,,,,,,,,,,,,,,,,,", u728 ,m46,,
22965, u728 ," You said it was going to be social, Giles. No business."",,,,,,,,,,,,,,,,,,,,,,,,,,,,,,,", u727 ,m46,,
22966, u727 ," How's that football story corning along?,,,,,,,,,,,,,,,,,,,,,,,,,,,,,,,", u728 ,m46,,
22967, u728 ," Not entirely.,,,,,,,,,,,,,,,,,,,,,,,,,,,,,,,", u727 ,m46,,
22968, u727 ," A bit unexpected, wasn't it?"",,,,,,,,,,,,,,,,,,,,,,,,,,,,,,,", u728 ,m46,,
22969, u728 ," She had to leave early. She asked me to thank you.,,,,,,,,,,,,,,,,,,,,,,,,,,,,,,,", u727 ,m46,,
22970, u727 ," And your lady?,,,,,,,,,,,,,,,,,,,,,,,,,,,,,,,", u728 ,m46,,
22971, u728 ," Not particularly.,,,,,,,,,,,,,,,,,,,,,,,,,,,,,,,", u727 ,m46,,
22972, u727 ," Good night?,,,,,,,,,,,,,,,,,,,,,,,,,,,,,,,", u727 ,m46,,
22973, u727 ," Good God, no. But with skill like that, what do you want a job for? You don't need to work."",,,,,,,,,,,,,,,,,,,,,,,,,,,,,,,", u728 ,m46,,
22974, u728 ," Get what?  Are you accusing me of cheating?,,,,,,,,,,,,,,,,,,,,,,,,,,,,,,,", u727 ,m46,,
22975, u727 ," I get it.,,,,,,,,,,,,,,,,,,,,,,,,,,,,,,,", u727 ,m46,,
22976, u727 ," Hey. I've got an idea. Why don't we...,,,,,,,,,,,,,,,,,,,,,,,,,,,,,,,", u728 ,m46,,
22977, u728 ," Last hand.,,,,,,,,,,,,,,,,,,,,,,,,,,,,,,,", u728 ,m46,,
22978, u728 ," It's nothing to do with money. I don't gamble.,,,,,,,,,,,,,,,,,,,,,,,,,,,,,,,", u727 ,m46,,
22979, u727 ," Don't be a spoilsport. It's only a few quid.,,,,,,,,,,,,,,,,,,,,,,,,,,,,,,,", u728 ,m46,,
22980, u728 ," I don't gamble.,,,,,,,,,,,,,,,,,,,,,,,,,,,,,,,", u728 ,m46,,
22981, u728 ," She.,,,,,,,,,,,,,,,,,,,,,,,,,,,,,,,", u727 ,m46,,
22982, u727 ," Who was he?,,,,,,,,,,,,,,,,,,,,,,,,,,,,,,,", u728 ,m46,,
22983, u728 ," I found her in bed with someone.,,,,,,,,,,,,,,,,,,,,,,,,,,,,,,,", u728 ,m46,,
22984, u728 ," South African women are very sporty.,,,,,,,,,,,,,,,,,,,,,,,,,,,,,,,", u727 ,m46,,
22985, u727 ," She's a dab hand With a racquet, your friend."",,,,,,,,,,,,,,,,,,,,,,,,,,,,,,,", u727 ,m46,,
22986, u727 ," Looking forward!,,,,,,,,,,,,,,,,,,,,,,,,,,,,,,,", u728 ,m46,,
22987, u728 ," I'll try and make it.,,,,,,,,,,,,,,,,,,,,,,,,,,,,,,,", u727 ,m46,,
22988, u727 ," Jack, look, next weekend I'm having a house party. Here...  It's near Oxford. Why don't you come? It'll just be social. No business.  Bring a friend. I've plenty of room."",,,,,,,,,,,,,,,,,,,,,,,,,,,,,,,", u727 ,m46,,
22989, u727 ," My author. He's a Terrorist. He's written a kill-and-tell book.  Take care.,,,,,,,,,,,,,,,,,,,,,,,,,,,,,,,", u728 ,m46,,
22990, u728 ," Habib?,,,,,,,,,,,,,,,,,,,,,,,,,,,,,,,", u727 ,m46,,
22991, u727 ," Right.  Look, I must get back to Habib."",,,,,,,,,,,,,,,,,,,,,,,,,,,,,,,", u728 ,m46,,
22992, u728 ," I'm working on that soccer story.,,,,,,,,,,,,,,,,,,,,,,,,,,,,,,,", u727 ,m46,,
22993, u727 ," I thought it was you. It's the hair!,,,,,,,,,,,,,,,,,,,,,,,,,,,,,,,", u727 ,m46,,
22994, u727 ," We do. For unsolicited manuscripts. We pay twenty pounds a manuscript. You might get two, maybe three in a week. Can you live on sixty pounds?"",,,,,,,,,,,,,,,,,,,,,,,,,,,,,,,", u728 ,m46,,
22995, u728 ," I was thinking perhaps I could be a reader. You employ readers, don't you?"",,,,,,,,,,,,,,,,,,,,,,,,,,,,,,,", u727 ,m46,,
22996, u727 ," All right. As what?,,,,,,,,,,,,,,,,,,,,,,,,,,,,,,,", u728 ,m46,,
22997, u728 ," I want a job, Giles."",,,,,,,,,,,,,,,,,,,,,,,,,,,,,,,", u727 ,m46,,
22998, u727 ," Hi-ya... I'll call you back.  Now then...,,,,,,,,,,,,,,,,,,,,,,,,,,,,,,,", u728 ,m46,,
22999, u728 ," We all played the field.,,,,,,,,,,,,,,,,,,,,,,,,,,,,,,,", u727 ,m46,,
23000, u727 ," Did she?  You were pretty thick at one time.,,,,,,,,,,,,,,,,,,,,,,,,,,,,,,,", u728 ,m46,,
23001, u728 ," She went back to South Africa.,,,,,,,,,,,,,,,,,,,,,,,,,,,,,,,", u727 ,m46,,
23002, u727 ," What a memory you've got. Maths always was your strong suit. What happened to the moaning Lisa?,,,,,,,,,,,,,,,,,,,,,,,,,,,,,,,", u728 ,m46,,
23003, u728 ," Three years, two months. March '93."",,,,,,,,,,,,,,,,,,,,,,,,,,,,,,,", u733 ,m46,,
23004, u733 ," How can anyone be that naive?,,,,,,,,,,,,,,,,,,,,,,,,,,,,,,,", u728 ,m46,,
23005, u728 ," I want to buy a car.,,,,,,,,,,,,,,,,,,,,,,,,,,,,,,,", u733 ,m46,,
23006, u733 ," What?,,,,,,,,,,,,,,,,,,,,,,,,,,,,,,,", u728 ,m46,,
23007, u728 ," I hate public transport.,,,,,,,,,,,,,,,,,,,,,,,,,,,,,,,", u733 ,m46,,
23008, u733 ," Why did you take the money?,,,,,,,,,,,,,,,,,,,,,,,,,,,,,,,", u733 ,m46,,
23009, u733 ," You're already alone.,,,,,,,,,,,,,,,,,,,,,,,,,,,,,,,", u728 ,m46,,
23010, u728 ," Leave me alone, Marion."",,,,,,,,,,,,,,,,,,,,,,,,,,,,,,,", u733 ,m46,,
23011, u733 ," Here...use a spoon.,,,,,,,,,,,,,,,,,,,,,,,,,,,,,,,", u733 ,m46,,
23012, u733 ," Give up being a croupier, Jack. Or I'll shop you. All you have to do is keep your word. It's that simple."",,,,,,,,,,,,,,,,,,,,,,,,,,,,,,,", u728 ,m46,,
23013, u728 ," Then what?,,,,,,,,,,,,,,,,,,,,,,,,,,,,,,,", u733 ,m46,,
23014, u733 ," Nothing about you.,,,,,,,,,,,,,,,,,,,,,,,,,,,,,,,", u728 ,m46,,
23015, u728 ," Marion!  What did you tell the police?,,,,,,,,,,,,,,,,,,,,,,,,,,,,,,,", u733 ,m46,,
23016, u733 ," It's probably easier for you to eat the rice.,,,,,,,,,,,,,,,,,,,,,,,,,,,,,,,", u728 ,m46,,
23017, u728 ," There was a message, wasn't there?"",,,,,,,,,,,,,,,,,,,,,,,,,,,,,,,", u733 ,m46,,
23018, u733 ," I don't want a criminal for a boyfriend.,,,,,,,,,,,,,,,,,,,,,,,,,,,,,,,", u733 ,m46,,
23019, u733 ," I thought you wouldn't want to spend Christmas Day alone in here.,,,,,,,,,,,,,,,,,,,,,,,,,,,,,,,", u728 ,m46,,
23020, u728 ," How did you know I was here?,,,,,,,,,,,,,,,,,,,,,,,,,,,,,,,", u728 ,m46,,
23021, u728 ," Gambling's about not facing reality. Ignoring the odds.,,,,,,,,,,,,,,,,,,,,,,,,,,,,,,,", u733 ,m46,,
23022, u733 ," Really?,,,,,,,,,,,,,,,,,,,,,,,,,,,,,,,", u728 ,m46,,
23023, u728 ," Gambling's not about money.,,,,,,,,,,,,,,,,,,,,,,,,,,,,,,,", u733 ,m46,,
23024, u733 ," I can just imagine, being around so much money all the time..."",,,,,,,,,,,,,,,,,,,,,,,,,,,,,,,", u728 ,m46,,
23025, u728 ," Never. Why do you ask?,,,,,,,,,,,,,,,,,,,,,,,,,,,,,,,", u733 ,m46,,
23026, u733 ," Aren't you ever tempted to gamble?,,,,,,,,,,,,,,,,,,,,,,,,,,,,,,,", u728 ,m46,,
23027, u728 ," Not talking. Writing.,,,,,,,,,,,,,,,,,,,,,,,,,,,,,,,", u733 ,m46,,
23028, u733 ," You were talking in your sleep.,,,,,,,,,,,,,,,,,,,,,,,,,,,,,,,", u728 ,m46,,
23029, u728 ," What?,,,,,,,,,,,,,,,,,,,,,,,,,,,,,,,", u728 ,m46,,
23030, u728 ," Within a month. Believe me, I'm going to quit!"",,,,,,,,,,,,,,,,,,,,,,,,,,,,,,,", u733 ,m46,,
23031, u733 ," You will?,,,,,,,,,,,,,,,,,,,,,,,,,,,,,,,", u728 ,m46,,
23032, u728 ," I'll leave the casino soon.  I promise.,,,,,,,,,,,,,,,,,,,,,,,,,,,,,,,", u733 ,m46,,
23033, u733 ," It's none of my business what you write. And your job, that's none of my business either. I love you. And I've done everything wrong."",,,,,,,,,,,,,,,,,,,,,,,,,,,,,,,", u728 ,m46,,
23034, u728 ," You're entitled to your opinion.,,,,,,,,,,,,,,,,,,,,,,,,,,,,,,,", u733 ,m46,,
23035, u733 ," -- I don't care about her. Of course, I was angry. But not with you. The book is yours not mine. I was wrong, what I said about it. I hurt you, didn't I?"",,,,,,,,,,,,,,,,,,,,,,,,,,,,,,,", u728 ,m46,,
23036, u728 ," That girl, she works at the casino --"",,,,,,,,,,,,,,,,,,,,,,,,,,,,,,,", u728 ,m46,,
23037, u728 ," It will.,,,,,,,,,,,,,,,,,,,,,,,,,,,,,,,", u733 ,m46,,
23038, u733 ," I hope it brings you luck.,,,,,,,,,,,,,,,,,,,,,,,,,,,,,,,", u728 ,m46,,
23039, u728 ," It's beautiful. Thank you.,,,,,,,,,,,,,,,,,,,,,,,,,,,,,,,", u733 ,m46,,
23040, u733 ," No. Answer it!,,,,,,,,,,,,,,,,,,,,,,,,,,,,,,,", u728 ,m46,,
23041, u728 ," Leave it.,,,,,,,,,,,,,,,,,,,,,,,,,,,,,,,", u733 ,m46,,
23042, u733 ," The door, Jack."",,,,,,,,,,,,,,,,,,,,,,,,,,,,,,,", u733 ,m46,,
23043, u733 ," Crap. It's not relative. It's unfair. Like your casino. It's designed unfair. And your croupier's a little shit because he goes along with it.,,,,,,,,,,,,,,,,,,,,,,,,,,,,,,,", u728 ,m46,,
23044, u728 ," Now wait a minute. What's so hopeful about your job? Spending the day catching poor people stealing. You said yourself the organised gangs get away with it. At least in the casino everybody gets caught. Rich or poor, the odds are the same. It's all relative."",,,,,,,,,,,,,,,,,,,,,,,,,,,,,,,", u733 ,m46,,
23045, u733 ," Without hope there's no point to anything.,,,,,,,,,,,,,,,,,,,,,,,,,,,,,,,", u728 ,m46,,
23046, u728 ," It's the truth.,,,,,,,,,,,,,,,,,,,,,,,,,,,,,,,", u733 ,m46,,
23047, u733 ," Oh really. Then why is he called Jake. Why don't you come clean and call him Jack.  There's no hope in it.,,,,,,,,,,,,,,,,,,,,,,,,,,,,,,,", u728 ,m46,,
23048, u728 ," Marion. It's a book.,,,,,,,,,,,,,,,,,,,,,,,,,,,,,,,", u733 ,m46,,
23049, u733 ," I don't give a fuck about the sex. Most men'll fuck a lamppost. He's just a miserable zombie. Is that the way you feel now? Is that what's happened to you?,,,,,,,,,,,,,,,,,,,,,,,,,,,,,,,", u728 ,m46,,
23050, u728 ," -- It's because of the sex, isn't it? You don't like the sex in it."",,,,,,,,,,,,,,,,,,,,,,,,,,,,,,,", u733 ,m46,,
23051, u733 ," Is that your idea of a winner? He doesn't give a shit about anyone. He uses people and --,,,,,,,,,,,,,,,,,,,,,,,,,,,,,,,", u728 ,m46,,
23052, u728 ," He was a loser. This guy's a croupier. He can't lose. People have shat on him all his life. Now he's in control. He's a winner.,,,,,,,,,,,,,,,,,,,,,,,,,,,,,,,", u733 ,m46,,
23053, u733 ," I don't like it at all. You had a wonderful character before, the Gambler. He was so romantic."",,,,,,,,,,,,,,,,,,,,,,,,,,,,,,,", u728 ,m46,,
23054, u728 ," Why not?,,,,,,,,,,,,,,,,,,,,,,,,,,,,,,,", u733 ,m46,,
23055, u733 ," I don't like it.,,,,,,,,,,,,,,,,,,,,,,,,,,,,,,,", u733 ,m46,,
23056, u733 ," Well, that's our life now, isn't it?"",,,,,,,,,,,,,,,,,,,,,,,,,,,,,,,", u728 ,m46,,
23057, u728 ," I'm on at nine.,,,,,,,,,,,,,,,,,,,,,,,,,,,,,,,", u733 ,m46,,
23058, u733 ," I don't finish till eight. Make it nine and you're on.,,,,,,,,,,,,,,,,,,,,,,,,,,,,,,,", u728 ,m46,,
23059, u728 ," What about a drink on the way home?,,,,,,,,,,,,,,,,,,,,,,,,,,,,,,,", u733 ,m46,,
23060, u733 ," What are you doing here?  You know the rules.,,,,,,,,,,,,,,,,,,,,,,,,,,,,,,,", u733 ,m46,,
23061, u733 ," Haven't you got a conscience of your own?,,,,,,,,,,,,,,,,,,,,,,,,,,,,,,,", u728 ,m46,,
23062, u728 ," You're my conscience.,,,,,,,,,,,,,,,,,,,,,,,,,,,,,,,", u733 ,m46,,
23063, u733 ," What do I mean to you? I want to know. Tell me.,,,,,,,,,,,,,,,,,,,,,,,,,,,,,,,", u728 ,m46,,
23064, u728 ," Marion, stop this."",,,,,,,,,,,,,,,,,,,,,,,,,,,,,,,", u733 ,m46,,
23065, u733 ," Well, that's my poor upbringing. I didn't go to no private school. I haven't got no class. I want to live with a writer. Not a fucking croupier. I don't even know what the word means. Croupier."",,,,,,,,,,,,,,,,,,,,,,,,,,,,,,,", u728 ,m46,,
23066, u728 ," Do you have to swear all the time?,,,,,,,,,,,,,,,,,,,,,,,,,,,,,,,", u733 ,m46,,
23067, u733 ," This fucking job's getting to you. You haven't written a fucking word since you started.,,,,,,,,,,,,,,,,,,,,,,,,,,,,,,,", u728 ,m46,,
23068, u728 ," Probably.,,,,,,,,,,,,,,,,,,,,,,,,,,,,,,,", u733 ,m46,,
23069, u733 ," Are you drunk?,,,,,,,,,,,,,,,,,,,,,,,,,,,,,,,", u728 ,m46,,
23070, u728 ," I take it back. You're not a cop any more. You're a store detective.,,,,,,,,,,,,,,,,,,,,,,,,,,,,,,,", u733 ,m46,,
23071, u733 ," Take that back!  Fucking take that back. I'm not a cop any more.,,,,,,,,,,,,,,,,,,,,,,,,,,,,,,,", u728 ,m46,,
23072, u728 ," Don't play the cop with me, Marion."",,,,,,,,,,,,,,,,,,,,,,,,,,,,,,,", u733 ,m46,,
23073, u733 ," Where've you been? I've got to give evidence in court at nine.,,,,,,,,,,,,,,,,,,,,,,,,,,,,,,,", u728 ,m46,,
23074, u728 ," I'll see you in my dreams.,,,,,,,,,,,,,,,,,,,,,,,,,,,,,,,", u733 ,m46,,
23075, u733 ," When you get home, I'm asleep. When I leave home, you're asleep."",,,,,,,,,,,,,,,,,,,,,,,,,,,,,,,", u728 ,m46,,
23076, u728 ," It's only hair. I haven't changed.,,,,,,,,,,,,,,,,,,,,,,,,,,,,,,,", u733 ,m46,,
23077, u733 ," I loved it blond.,,,,,,,,,,,,,,,,,,,,,,,,,,,,,,,", u733 ,m46,,
23078, u733 ," Poor baby.  This'll relax you.,,,,,,,,,,,,,,,,,,,,,,,,,,,,,,,", u728 ,m46,,
23079, u728 ," Tension. It'll go.,,,,,,,,,,,,,,,,,,,,,,,,,,,,,,,", u733 ,m46,,
23080, u733 ," You're shaking. What is it?,,,,,,,,,,,,,,,,,,,,,,,,,,,,,,,", u728 ,m46,,
23081, u728 ," Fine.,,,,,,,,,,,,,,,,,,,,,,,,,,,,,,,", u733 ,m46,,
23082, u733 ," How did it go?,,,,,,,,,,,,,,,,,,,,,,,,,,,,,,,", u728 ,m46,,
23083, u728 ," I don't know.,,,,,,,,,,,,,,,,,,,,,,,,,,,,,,,", u733 ,m46,,
23084, u733 ," What's the time?,,,,,,,,,,,,,,,,,,,,,,,,,,,,,,,", u733 ,m46,,
23085, u733 ," You've got such beautiful hands.,,,,,,,,,,,,,,,,,,,,,,,,,,,,,,,", u728 ,m46,,
23086, u728 ," Are you trying to read my palm?,,,,,,,,,,,,,,,,,,,,,,,,,,,,,,,", u733 ,m46,,
23087, u733 ," I love you Jack, you know that."",,,,,,,,,,,,,,,,,,,,,,,,,,,,,,,", u728 ,m46,,
23088, u728 ," There's no third thing. Don't be superstitious.,,,,,,,,,,,,,,,,,,,,,,,,,,,,,,,", u733 ,m46,,
23089, u733 ," You sold the car. You got a job. What's the third thing? Tell me.,,,,,,,,,,,,,,,,,,,,,,,,,,,,,,,", u728 ,m46,,
23090, u728 ," I start Monday week.,,,,,,,,,,,,,,,,,,,,,,,,,,,,,,,", u733 ,m46,,
23091, u733 ," You were a croupier there? You never told me that. I thought you just knew some gamblers.,,,,,,,,,,,,,,,,,,,,,,,,,,,,,,,", u728 ,m46,,
23092, u728 ," I had training. In the Republic.,,,,,,,,,,,,,,,,,,,,,,,,,,,,,,,", u733 ,m46,,
23093, u733 ," 450? What did you do, just walked in and said I want to be a croupier? Don't you need training?"",,,,,,,,,,,,,,,,,,,,,,,,,,,,,,,", u728 ,m46,,
23094, u728 ," It came my way. 450 a week.,,,,,,,,,,,,,,,,,,,,,,,,,,,,,,,", u733 ,m46,,
23095, u733 ," How did you land that?,,,,,,,,,,,,,,,,,,,,,,,,,,,,,,,", u728 ,m46,,
23096, u728 ," In a casino. As a croupier. A dealer.,,,,,,,,,,,,,,,,,,,,,,,,,,,,,,,", u733 ,m46,,
23097, u733 ," What job?,,,,,,,,,,,,,,,,,,,,,,,,,,,,,,,", u728 ,m46,,
23098, u728 ," I've got a job.,,,,,,,,,,,,,,,,,,,,,,,,,,,,,,,", u733 ,m46,,
23099, u733 ," I want to hear it.,,,,,,,,,,,,,,,,,,,,,,,,,,,,,,,", u728 ,m46,,
23100, u728 ," I've got something to tell you.,,,,,,,,,,,,,,,,,,,,,,,,,,,,,,,", u733 ,m46,,
23101, u733 ," You're my prisoner.,,,,,,,,,,,,,,,,,,,,,,,,,,,,,,,", u733 ,m46,,
23102, u733 ," Of course they will. You just have to be patient. I'm betting on you.,,,,,,,,,,,,,,,,,,,,,,,,,,,,,,,", u728 ,m46,,
23103, u728 ," Come on, Marion. Let's face the truth. Nobody's going to publish it."",,,,,,,,,,,,,,,,,,,,,,,,,,,,,,,", u733 ,m46,,
23104, u733 ," Take it back. Till you sell your book.,,,,,,,,,,,,,,,,,,,,,,,,,,,,,,,", u728 ,m46,,
23105, u728 ," I owe you for the rent. It's only a car. I can get another.,,,,,,,,,,,,,,,,,,,,,,,,,,,,,,,", u733 ,m46,,
23106, u733 ," You shouldn't have done that. I know what it meant to you.,,,,,,,,,,,,,,,,,,,,,,,,,,,,,,,", u728 ,m46,,
23107, u728 ," I. sold the car.,,,,,,,,,,,,,,,,,,,,,,,,,,,,,,,", u733 ,m46,,
23108, u733 ," Where did you get it?,,,,,,,,,,,,,,,,,,,,,,,,,,,,,,,", u728 ,m46,,
23109, u728 ," Turn around.,,,,,,,,,,,,,,,,,,,,,,,,,,,,,,,", u733 ,m46,,
23110, u733 ," It's not just inner beauty, is it?"",,,,,,,,,,,,,,,,,,,,,,,,,,,,,,,", u728 ,m46,,
23111, u728 ," You really are a beautiful woman.,,,,,,,,,,,,,,,,,,,,,,,,,,,,,,,", u733 ,m46,,
23112, u733 ," I won't be that long.,,,,,,,,,,,,,,,,,,,,,,,,,,,,,,,", u728 ,m46,,
23113, u728 ," You want me drunk?,,,,,,,,,,,,,,,,,,,,,,,,,,,,,,,", u733 ,m46,,
23114, u733 ," No, no. I'm not ready for you. There's some vodka in the freezer."",,,,,,,,,,,,,,,,,,,,,,,,,,,,,,,", u728 ,m46,,
23115, u728 ," You mean I won't resist them.,,,,,,,,,,,,,,,,,,,,,,,,,,,,,,,", u733 ,m46,,
23116, u733 ," I couldn't resist them.,,,,,,,,,,,,,,,,,,,,,,,,,,,,,,,", u728 ,m46,,
23117, u728 ," I won't.  Goodbye, dad."",,,,,,,,,,,,,,,,,,,,,,,,,,,,,,,", u729 ,m46,,
23118, u729 ," Don't let yourself down.,,,,,,,,,,,,,,,,,,,,,,,,,,,,,,,", u728 ,m46,,
23119, u728 ," Yes, I know that."",,,,,,,,,,,,,,,,,,,,,,,,,,,,,,,", u729 ,m46,,
23120, u729 ," Great. I've just started a new company. Solid financing. It's good.  I love you Jacko, you know that"",,,,,,,,,,,,,,,,,,,,,,,,,,,,,,,", u728 ,m46,,
23121, u728 ," So how are you doing, dad?"",,,,,,,,,,,,,,,,,,,,,,,,,,,,,,,", u728 ,m46,,
23122, u728 ," All right, dad. Yes, I'll call him."",,,,,,,,,,,,,,,,,,,,,,,,,,,,,,,", u729 ,m46,,
23123, u729 ," For Christ's sake, Jacko, don't look a gift horse in the mouth. Have you written that name down? Reynolds, at the Golden Lion. "",,,,,,,,,,,,,,,,,,,,,,,,,,,,,,,", u729 ,m46,,
23124, u729 ," I've set this up for you. Call the Golden Lion and ask for Mr Reynolds, he's the Manager. I don't know him personally, but I've spoken to his boss. Don't say no, Jacko. Give yourself a break."",,,,,,,,,,,,,,,,,,,,,,,,,,,,,,,", u728 ,m46,,
23125, u728 ," It's not that.,,,,,,,,,,,,,,,,,,,,,,,,,,,,,,,", u729 ,m46,,
23126, u729 ," Don't be stubborn. The pay won't be grand, but it's regular. That's what you need, isn't it? I know you don't like taking my advice..."",,,,,,,,,,,,,,,,,,,,,,,,,,,,,,,", u729 ,m46,,
23127, u729 ," Well I've got something for you. In London, I mean. I've been chatting to some friends. Do you know the Golden Lion casino? It's in Bayswater, I believe... They're looking for a dealer, a croupier."",,,,,,,,,,,,,,,,,,,,,,,,,,,,,,,", u728 ,m46,,
23128, u728 ," No.,,,,,,,,,,,,,,,,,,,,,,,,,,,,,,,", u729 ,m46,,
23129, u729 ," Found a job?,,,,,,,,,,,,,,,,,,,,,,,,,,,,,,,", u728 ,m46,,
23130, u728 ," Great.,,,,,,,,,,,,,,,,,,,,,,,,,,,,,,,", u730 ,m46,,
23131, u730 ," Yes. I'm all over that now. Jack, hold on a minute. There's someone here who wants to talk to you..."",,,,,,,,,,,,,,,,,,,,,,,,,,,,,,,", u728 ,m46,,
23132, u728 ," Did you solve your problems?,,,,,,,,,,,,,,,,,,,,,,,,,,,,,,,", u730 ,m46,,
23133, u730 ," Great. I'm getting married. At least, I think I am."",,,,,,,,,,,,,,,,,,,,,,,,,,,,,,,", u728 ,m46,,
23134, u728 ," How are you?,,,,,,,,,,,,,,,,,,,,,,,,,,,,,,,", u730 ,m46,,
23135, u730 ," Sun City. I've been meaning to call you for months.,,,,,,,,,,,,,,,,,,,,,,,,,,,,,,,", u728 ,m46,,
23136, u728 ," Jani! Where are you?,,,,,,,,,,,,,,,,,,,,,,,,,,,,,,,", u730 ,m46,,
23137, u730 ," Jack! It's Jani.,,,,,,,,,,,,,,,,,,,,,,,,,,,,,,,", u728 ,m46,,
23138, u728 ," Hello...,,,,,,,,,,,,,,,,,,,,,,,,,,,,,,,", u730 ,m46,,
23139, u730 ," It's a shame there aren't more men in the world like you.,,,,,,,,,,,,,,,,,,,,,,,,,,,,,,,", u728 ,m46,,
23140, u728 ," I don't think we should meet again.,,,,,,,,,,,,,,,,,,,,,,,,,,,,,,,", u728 ,m46,,
23141, u728 ," No thank you.,,,,,,,,,,,,,,,,,,,,,,,,,,,,,,,", u730 ,m46,,
23142, u730 ," Would you like a drink?,,,,,,,,,,,,,,,,,,,,,,,,,,,,,,,", u730 ,m46,,
23143, u730 ," I took the bandage off yesterday.,,,,,,,,,,,,,,,,,,,,,,,,,,,,,,,", u728 ,m46,,
23144, u728 ," And your hand too.,,,,,,,,,,,,,,,,,,,,,,,,,,,,,,,", u728 ,m46,,
23145, u728 ," I've still got mine.,,,,,,,,,,,,,,,,,,,,,,,,,,,,,,,", u730 ,m46,,
23146, u730 ," Bruise?  Oh, yes. It's better."",,,,,,,,,,,,,,,,,,,,,,,,,,,,,,,", u728 ,m46,,
23147, u728 ," That bruise has cleared up nicely.,,,,,,,,,,,,,,,,,,,,,,,,,,,,,,,", u730 ,m46,,
23148, u730 ," The date's not set yet. I'll call you. One last thing: the man you're going to catch cheating, he may get violent. But you know how to deal with cheats."",,,,,,,,,,,,,,,,,,,,,,,,,,,,,,,", u728 ,m46,,
23149, u728 ," Yes.,,,,,,,,,,,,,,,,,,,,,,,,,,,,,,,", u730 ,m46,,
23150, u730 ," Do you?,,,,,,,,,,,,,,,,,,,,,,,,,,,,,,,", u728 ,m46,,
23151, u728 ," It's all relative.  I need the money too.,,,,,,,,,,,,,,,,,,,,,,,,,,,,,,,", u730 ,m46,,
23152, u730 ," Well, life's not fair. We know that."",,,,,,,,,,,,,,,,,,,,,,,,,,,,,,,", u728 ,m46,,
23153, u728 ," It doesn't seem fair. You're offering me ten grand in cash but you can't afford a decent place.,,,,,,,,,,,,,,,,,,,,,,,,,,,,,,,", u730 ,m46,,
23154, u730 ," Thank you.,,,,,,,,,,,,,,,,,,,,,,,,,,,,,,,", u728 ,m46,,
23155, u728 ," Yes.,,,,,,,,,,,,,,,,,,,,,,,,,,,,,,,", u730 ,m46,,
23156, u730 ," Is it yes?,,,,,,,,,,,,,,,,,,,,,,,,,,,,,,,", u730 ,m46,,
23157, u730 ," I have to take the car.,,,,,,,,,,,,,,,,,,,,,,,,,,,,,,,", u728 ,m46,,
23158, u728 ," What for?,,,,,,,,,,,,,,,,,,,,,,,,,,,,,,,", u730 ,m46,,
23159, u730 ," I'm sorry.,,,,,,,,,,,,,,,,,,,,,,,,,,,,,,,", u730 ,m46,,
23160, u730 ," I told you, all bets are off."",,,,,,,,,,,,,,,,,,,,,,,,,,,,,,,", u728 ,m46,,
23161, u728 ," Did they tell you to sleep with me?,,,,,,,,,,,,,,,,,,,,,,,,,,,,,,,", u730 ,m46,,
23162, u730 ," Let it go.,,,,,,,,,,,,,,,,,,,,,,,,,,,,,,,", u728 ,m46,,
23163, u728 ," How much do you owe?,,,,,,,,,,,,,,,,,,,,,,,,,,,,,,,", u730 ,m46,,
23164, u730 ," No, forget it. The bet's off."",,,,,,,,,,,,,,,,,,,,,,,,,,,,,,,", u728 ,m46,,
23165, u728 ," Wait a minute...,,,,,,,,,,,,,,,,,,,,,,,,,,,,,,,", u730 ,m46,,
23166, u730 ," I want you to forget what I said.,,,,,,,,,,,,,,,,,,,,,,,,,,,,,,,", u730 ,m46,,
23167, u730 ," I'm asking you, as a...friend. You'd be saving the life of a friend."",,,,,,,,,,,,,,,,,,,,,,,,,,,,,,,", u728 ,m46,,
23168, u728 ," I can't do it, Jani."",,,,,,,,,,,,,,,,,,,,,,,,,,,,,,,", u730 ,m46,,
23169, u730 ," I want to go back to Cape Town, I want to start again, clean."",,,,,,,,,,,,,,,,,,,,,,,,,,,,,,,", u728 ,m46,,
23170, u728 ," What about my neck?,,,,,,,,,,,,,,,,,,,,,,,,,,,,,,,", u730 ,m46,,
23171, u730 ," Next time it'll be my neck.,,,,,,,,,,,,,,,,,,,,,,,,,,,,,,,", u728 ,m46,,
23172, u728 ," Reynolds? You've done your research.,,,,,,,,,,,,,,,,,,,,,,,,,,,,,,,", u730 ,m46,,
23173, u730 ," These people will pay you ten thousand before and ten thousand after. They want someone they can be sure of, an honest dealer. That's the point. Not all dealers are honest. Mr Reynolds will never suspect you."",,,,,,,,,,,,,,,,,,,,,,,,,,,,,,,", u728 ,m46,,
23174, u728 ," What ten thousand pounds?,,,,,,,,,,,,,,,,,,,,,,,,,,,,,,,", u730 ,m46,,
23175, u730 ," You keep the ten thousand pounds.,,,,,,,,,,,,,,,,,,,,,,,,,,,,,,,", u728 ,m46,,
23176, u728 ," But if it does.,,,,,,,,,,,,,,,,,,,,,,,,,,,,,,,", u730 ,m46,,
23177, u730 ," It won't.,,,,,,,,,,,,,,,,,,,,,,,,,,,,,,,", u728 ,m46,,
23178, u728 ," What'll you do when it all goes wrong?,,,,,,,,,,,,,,,,,,,,,,,,,,,,,,,", u730 ,m46,,
23179, u730 ," I've come to know you. You're honest.  I trust you.,,,,,,,,,,,,,,,,,,,,,,,,,,,,,,,", u728 ,m46,,
23180, u728 ," And I thought you were only after my body.,,,,,,,,,,,,,,,,,,,,,,,,,,,,,,,", u730 ,m46,,
23181, u730 ," You won't be committing a crime. The man will cheat, you'll just be doing your job, that's all."",,,,,,,,,,,,,,,,,,,,,,,,,,,,,,,", u728 ,m46,,
23182, u728 ," You're serious.,,,,,,,,,,,,,,,,,,,,,,,,,,,,,,,", u730 ,m46,,
23183, u730 ," You don't have to be criminal. A man will come up to your table and deliberately cheat. You'll see him, stop him, and the guy will make a big scene. There'll be chaos. And that's when it'll happen."",,,,,,,,,,,,,,,,,,,,,,,,,,,,,,,", u728 ,m46,,
23184, u728 ," Robbery's not criminal?,,,,,,,,,,,,,,,,,,,,,,,,,,,,,,,", u730 ,m46,,
23185, u730 ," Just listen. You don't have to do anything criminal.,,,,,,,,,,,,,,,,,,,,,,,,,,,,,,,", u728 ,m46,,
23186, u728 ," And I thought you were a bright woman.,,,,,,,,,,,,,,,,,,,,,,,,,,,,,,,", u730 ,m46,,
23187, u730 ," The point is, they want a man inside."",,,,,,,,,,,,,,,,,,,,,,,,,,,,,,,", u728 ,m46,,
23188, u728 ," Forget it, Jani. It'll never work."",,,,,,,,,,,,,,,,,,,,,,,,,,,,,,,", u730 ,m46,,
23189, u730 ," My creditors. One night, around three in the morning, they'll come into the casino -"",,,,,,,,,,,,,,,,,,,,,,,,,,,,,,,", u728 ,m46,,
23190, u728 ," Who's they?,,,,,,,,,,,,,,,,,,,,,,,,,,,,,,,", u730 ,m46,,
23191, u730 ," They mean it.,,,,,,,,,,,,,,,,,,,,,,,,,,,,,,,", u730 ,m46,,
23192, u730 ," Some people I know, they're planning to rob The Golden Lion."",,,,,,,,,,,,,,,,,,,,,,,,,,,,,,,", u728 ,m46,,
23193, u728 ," I don't have any money.  switches on the light. JANI is looking distressed.,,,,,,,,,,,,,,,,,,,,,,,,,,,,,,,", u730 ,m46,,
23194, u730 ," I know that. But you can now.,,,,,,,,,,,,,,,,,,,,,,,,,,,,,,,", u728 ,m46,,
23195, u728 ," Was that why you did the two grand? I couldn't help you.,,,,,,,,,,,,,,,,,,,,,,,,,,,,,,,", u730 ,m46,,
23196, u730 ," I owe a lot of money.,,,,,,,,,,,,,,,,,,,,,,,,,,,,,,,", u728 ,m46,,
23197, u728 ," What kind of trouble?,,,,,,,,,,,,,,,,,,,,,,,,,,,,,,,", u730 ,m46,,
23198, u730 ," I'm in trouble.,,,,,,,,,,,,,,,,,,,,,,,,,,,,,,,", u728 ,m46,,
23199, u728 ," Then you're not a pro.,,,,,,,,,,,,,,,,,,,,,,,,,,,,,,,", u730 ,m46,,
23200, u730 ," I didn't.,,,,,,,,,,,,,,,,,,,,,,,,,,,,,,,", u728 ,m46,,
23201, u728 ," It can only work with amateurs, A pro would have spotted it."",,,,,,,,,,,,,,,,,,,,,,,,,,,,,,,", u730 ,m46,,
23202, u730 ," That trick tonight, I don't think I've ever seen that before."",,,,,,,,,,,,,,,,,,,,,,,,,,,,,,,", u728 ,m46,,
23203, u728 ," You choose.,,,,,,,,,,,,,,,,,,,,,,,,,,,,,,,", u730 ,m46,,
23204, u730 ," Which side do you like?,,,,,,,,,,,,,,,,,,,,,,,,,,,,,,,", u730 ,m46,,
23205, u730 ," You don't like cheats, do you."",,,,,,,,,,,,,,,,,,,,,,,,,,,,,,,", u728 ,m46,,
23206, u728 ," Remember the guy who cheated at the table?,,,,,,,,,,,,,,,,,,,,,,,,,,,,,,,", u730 ,m46,,
23207, u730 ," What happened?,,,,,,,,,,,,,,,,,,,,,,,,,,,,,,,", u728 ,m46,,
23208, u728 ," I'll watch.,,,,,,,,,,,,,,,,,,,,,,,,,,,,,,,", u730 ,m46,,
23209, u730 ," He doesn't gamble.,,,,,,,,,,,,,,,,,,,,,,,,,,,,,,,", u730 ,m46,,
23210, u730 ," That's fine.,,,,,,,,,,,,,,,,,,,,,,,,,,,,,,,", u728 ,m46,,
23211, u728 ," Jani, there's something I want to say. Before we get there. I don't know what the sleeping arrangements are. Giles probably expects us to share a room."",,,,,,,,,,,,,,,,,,,,,,,,,,,,,,,", u728 ,m46,,
23212, u728 ," Turn left ahead.,,,,,,,,,,,,,,,,,,,,,,,,,,,,,,,", u730 ,m46,,
23213, u730 ," Just an accident. Nothing.,,,,,,,,,,,,,,,,,,,,,,,,,,,,,,,", u728 ,m46,,
23214, u728 ," How did you hurt your hand?,,,,,,,,,,,,,,,,,,,,,,,,,,,,,,,", u728 ,m46,,
23215, u728 ," I don't gamble.,,,,,,,,,,,,,,,,,,,,,,,,,,,,,,,", u730 ,m46,,
23216, u730 ," Toss you for it.,,,,,,,,,,,,,,,,,,,,,,,,,,,,,,,", u728 ,m46,,
23217, u728 ," Absolutely not.,,,,,,,,,,,,,,,,,,,,,,,,,,,,,,,", u730 ,m46,,
23218, u730 ," I'm not married. I wear it to keep the flies off.  I must go. Let me pay for this.,,,,,,,,,,,,,,,,,,,,,,,,,,,,,,,", u728 ,m46,,
23219, u728 ," Absolutely not. But then, I'm a Gemini and Geminis don't believe in astrology."",,,,,,,,,,,,,,,,,,,,,,,,,,,,,,,", u730 ,m46,,
23220, u730 ," Do you believe in astrology?,,,,,,,,,,,,,,,,,,,,,,,,,,,,,,,", u728 ,m46,,
23221, u728 ," We all came from Africa, supposedly."",,,,,,,,,,,,,,,,,,,,,,,,,,,,,,,", u730 ,m46,,
23222, u730 ," That's Africa. There's an African in all of us, isn't there?"",,,,,,,,,,,,,,,,,,,,,,,,,,,,,,,", u728 ,m46,,
23223, u728 ," And superstitious too. It's like witchcraft.,,,,,,,,,,,,,,,,,,,,,,,,,,,,,,,", u730 ,m46,,
23224, u730 ," And the lies. Gamblers are born liars.,,,,,,,,,,,,,,,,,,,,,,,,,,,,,,,", u728 ,m46,,
23225, u728 ," The debts.,,,,,,,,,,,,,,,,,,,,,,,,,,,,,,,", u730 ,m46,,
23226, u730 ," I loved the atmosphere. But it destroyed my poor mother.,,,,,,,,,,,,,,,,,,,,,,,,,,,,,,,", u728 ,m46,,
23227, u728 ," Your father?,,,,,,,,,,,,,,,,,,,,,,,,,,,,,,,", u730 ,m46,,
23228, u730 ," Now there's a coincidence. My father used to gamble there.,,,,,,,,,,,,,,,,,,,,,,,,,,,,,,,", u728 ,m46,,
23229, u728 ," In the casino.,,,,,,,,,,,,,,,,,,,,,,,,,,,,,,,", u730 ,m46,,
23230, u730 ," Near the casino.,,,,,,,,,,,,,,,,,,,,,,,,,,,,,,,", u728 ,m46,,
23231, u728 ," I was born in the Transkei, on the Wild Coast."",,,,,,,,,,,,,,,,,,,,,,,,,,,,,,,", u730 ,m46,,
23232, u730 ," No, no. I come every couple of years. I always think I'm going to stay. I'm from Cape Town originally"",,,,,,,,,,,,,,,,,,,,,,,,,,,,,,,", u728 ,m46,,
23233, u728 ," First visit to London?,,,,,,,,,,,,,,,,,,,,,,,,,,,,,,,", u730 ,m46,,
23234, u730 ," I was at a loose end. A friend of a friend gave me a courtesy membership.,,,,,,,,,,,,,,,,,,,,,,,,,,,,,,,", u728 ,m46,,
23235, u728 ," So why did you come to my casino?,,,,,,,,,,,,,,,,,,,,,,,,,,,,,,,", u730 ,m46,,
23236, u730 ," I'm not much of a gambler really. I just like this bar.,,,,,,,,,,,,,,,,,,,,,,,,,,,,,,,", u728 ,m46,,
23237, u728 ," There's a casino in this hotel.,,,,,,,,,,,,,,,,,,,,,,,,,,,,,,,", u730 ,m46,,
23238, u730 ," To coincidence.,,,,,,,,,,,,,,,,,,,,,,,,,,,,,,,", u728 ,m46,,
23239, u728 ," Impossible to calculate.,,,,,,,,,,,,,,,,,,,,,,,,,,,,,,,", u730 ,m46,,
23240, u730 ," That's stupid. What are the odds of you being seen with me?,,,,,,,,,,,,,,,,,,,,,,,,,,,,,,,", u728 ,m46,,
23241, u728 ," It's against the rules. Dealers are forbidden to talk to punters.,,,,,,,,,,,,,,,,,,,,,,,,,,,,,,,", u730 ,m46,,
23242, u730 ," You know what? I'd like to buy you a drink.,,,,,,,,,,,,,,,,,,,,,,,,,,,,,,,", u728 ,m46,,
23243, u728 ," Oh hello.,,,,,,,,,,,,,,,,,,,,,,,,,,,,,,,", u730 ,m46,,
23244, u730 ," Well, thank you anyway."",,,,,,,,,,,,,,,,,,,,,,,,,,,,,,,", u728 ,m46,,
23245, u728 ," I've lived there.,,,,,,,,,,,,,,,,,,,,,,,,,,,,,,,", u730 ,m46,,
23246, u730 ," You know where I'm from?,,,,,,,,,,,,,,,,,,,,,,,,,,,,,,,", u728 ,m46,,
23247, u728 ," I'm sorry, madam, we don't accept gratuities in the UK. It's different in South Africa."",,,,,,,,,,,,,,,,,,,,,,,,,,,,,,,", u728 ,m46,,
23248, u728 ," I know a cheat when I see one. The man was a cheat.,,,,,,,,,,,,,,,,,,,,,,,,,,,,,,,", u736 ,m46,,
23249, u736 ," You did?,,,,,,,,,,,,,,,,,,,,,,,,,,,,,,,", u728 ,m46,,
23250, u728 ," Of course I recognised him!,,,,,,,,,,,,,,,,,,,,,,,,,,,,,,,", u728 ,m46,,
23251, u728 ," Who did it? Tell me!,,,,,,,,,,,,,,,,,,,,,,,,,,,,,,,", u736 ,m46,,
23252, u736 ," Ross.,,,,,,,,,,,,,,,,,,,,,,,,,,,,,,,", u728 ,m46,,
23253, u728 ," Who...,,,,,,,,,,,,,,,,,,,,,,,,,,,,,,,", u736 ,m46,,
23254, u736 ," Detective Inspector Ross.,,,,,,,,,,,,,,,,,,,,,,,,,,,,,,,", u728 ,m46,,
23255, u728 ," Turn left at the lights.,,,,,,,,,,,,,,,,,,,,,,,,,,,,,,,", u731 ,m46,,
23256, u731 ," Where to?,,,,,,,,,,,,,,,,,,,,,,,,,,,,,,,", u731 ,m46,,
23257, u731 ," Too much. Eighteen hundred.,,,,,,,,,,,,,,,,,,,,,,,,,,,,,,,", u728 ,m46,,
23258, u728 ," Nice car. How much did you pay for it?,,,,,,,,,,,,,,,,,,,,,,,,,,,,,,,", u731 ,m46,,
23259, u731 ," I might.,,,,,,,,,,,,,,,,,,,,,,,,,,,,,,,", u728 ,m46,,
23260, u728 ," Are you going to put a spell on me?,,,,,,,,,,,,,,,,,,,,,,,,,,,,,,,", u731 ,m46,,
23261, u731 ," I'm a witch. A white witch. Why don't we move on?,,,,,,,,,,,,,,,,,,,,,,,,,,,,,,,", u728 ,m46,,
23262, u728 ," And what do you do, Lucy?"",,,,,,,,,,,,,,,,,,,,,,,,,,,,,,,", u731 ,m46,,
23263, u731 ," I'm Lucy.,,,,,,,,,,,,,,,,,,,,,,,,,,,,,,,", u728 ,m46,,
23264, u728 ," Have I?,,,,,,,,,,,,,,,,,,,,,,,,,,,,,,,", u731 ,m46,,
23265, u731 ," You've been avoiding me.,,,,,,,,,,,,,,,,,,,,,,,,,,,,,,,", u734 ,m46,,
23266, u734 ," Cheers. Happy New Year. I really like you, Jacko, you're so fucking straight.  Hey, you haven't changed your clothes!"",,,,,,,,,,,,,,,,,,,,,,,,,,,,,,,", u728 ,m46,,
23267, u728 ," I'd like to buy you a drink.,,,,,,,,,,,,,,,,,,,,,,,,,,,,,,,", u734 ,m46,,
23268, u734 ," What? You know what happened to me, don't you? That bitch Bella shopped me. I'd like to beat the shit out of her."",,,,,,,,,,,,,,,,,,,,,,,,,,,,,,,", u734 ,m46,,
23269, u734 ," I'll tell you later.,,,,,,,,,,,,,,,,,,,,,,,,,,,,,,,", u728 ,m46,,
23270, u728 ," What happened to Bella?,,,,,,,,,,,,,,,,,,,,,,,,,,,,,,,", u734 ,m46,,
23271, u734 ," Rough life, Jack."",,,,,,,,,,,,,,,,,,,,,,,,,,,,,,,", u728 ,m46,,
23272, u728 ," Rough day?,,,,,,,,,,,,,,,,,,,,,,,,,,,,,,,", u728 ,m46,,
23273, u728 ," Don't worry.,,,,,,,,,,,,,,,,,,,,,,,,,,,,,,,", u734 ,m46,,
23274, u734 ," I can't give you a lift back tonight.,,,,,,,,,,,,,,,,,,,,,,,,,,,,,,,", u728 ,m46,,
23275, u728 ," """"The world breaks everyone, and afterwards many are strong in the broken places."""" Ernest Hemingway."",,,,,,,,,,,,,,,,,,,,,,,,,,,,,,,", u734 ,m46,,
23276, u734 ," Loosen up, Jack. If you don't, this job'll get to you. The pressure's too much, believe me, it'll break you."",,,,,,,,,,,,,,,,,,,,,,,,,,,,,,,", u728 ,m46,,
23277, u728 ," I'm off. I need to sleep.,,,,,,,,,,,,,,,,,,,,,,,,,,,,,,,", u728 ,m46,,
23278, u728 ," I don't gamble.,,,,,,,,,,,,,,,,,,,,,,,,,,,,,,,", u734 ,m46,,
23279, u734 ," Don't worry, I won't report you!"",,,,,,,,,,,,,,,,,,,,,,,,,,,,,,,", u728 ,m46,,
23280, u728 ," No thanks.,,,,,,,,,,,,,,,,,,,,,,,,,,,,,,,", u734 ,m46,,
23281, u734 ," Hey Jack, join us."",,,,,,,,,,,,,,,,,,,,,,,,,,,,,,,", u734 ,m46,,
23282, u734 ," That bitch? No.,,,,,,,,,,,,,,,,,,,,,,,,,,,,,,,", u728 ,m46,,
23283, u728 ," Does Bella come here?,,,,,,,,,,,,,,,,,,,,,,,,,,,,,,,", u734 ,m46,,
23284, u734 ," Good call. Help yourself.,,,,,,,,,,,,,,,,,,,,,,,,,,,,,,,", u728 ,m46,,
23285, u728 ," Vodka. Straight. On the rocks.,,,,,,,,,,,,,,,,,,,,,,,,,,,,,,,", u734 ,m46,,
23286, u734 ," Just girls. What are you drinking?,,,,,,,,,,,,,,,,,,,,,,,,,,,,,,,", u728 ,m46,,
23287, u728 ," And the girls?,,,,,,,,,,,,,,,,,,,,,,,,,,,,,,,", u734 ,m46,,
23288, u734 ," Mostly people in the casino business. A few drug dealers.,,,,,,,,,,,,,,,,,,,,,,,,,,,,,,,", u728 ,m46,,
23289, u728 ," Who are these guys?,,,,,,,,,,,,,,,,,,,,,,,,,,,,,,,", u734 ,m46,,
23290, u734 ," I don't know what that means. I'm talking about not rocking the boat.,,,,,,,,,,,,,,,,,,,,,,,,,,,,,,,", u728 ,m46,,
23291, u728 ," You're talking about complicity.,,,,,,,,,,,,,,,,,,,,,,,,,,,,,,,", u734 ,m46,,
23292, u734 ," So it's Mr Clean. Wise up, Jack, this whole business is bent. The casino is nothing but legal theft. And that's OK. It's the system. Half the punters who come in are using stolen money, drug money, they haven't earned it. We earn our money.  I'm on your side, Jack. I don't need an enemy."",,,,,,,,,,,,,,,,,,,,,,,,,,,,,,,", u728 ,m46,,
23293, u728 ," Because if a supervisor knew I'd seen you and I hadn't reported it, I'd lose my job as well. And I can't afford that."",,,,,,,,,,,,,,,,,,,,,,,,,,,,,,,", u734 ,m46,,
23294, u734 ," I don't get you. Even if it was true, which it isn't, what the fuck difference would it make to you?"",,,,,,,,,,,,,,,,,,,,,,,,,,,,,,,", u728 ,m46,,
23295, u728 ," If I see you do it again, I'll report it."",,,,,,,,,,,,,,,,,,,,,,,,,,,,,,,", u734 ,m46,,
23296, u734 ," What are you, a cop?"",,,,,,,,,,,,,,,,,,,,,,,,,,,,,,,", u728 ,m46,,
23297, u728 ," I'm not going to report it.,,,,,,,,,,,,,,,,,,,,,,,,,,,,,,,", u734 ,m46,,
23298, u734 ," I don't cheat, Jack. You've got it wrong."",,,,,,,,,,,,,,,,,,,,,,,,,,,,,,,", u728 ,m46,,
23299, u728 ," That Greek guy who won at the end. You paid him out in 25s not 20s.,,,,,,,,,,,,,,,,,,,,,,,,,,,,,,,", u734 ,m46,,
23300, u734 ," What the fuck are you talking about?,,,,,,,,,,,,,,,,,,,,,,,,,,,,,,,", u728 ,m46,,
23301, u728 ," Look Matt, there's something I have to say to you. I saw you cheating."",,,,,,,,,,,,,,,,,,,,,,,,,,,,,,,", u728 ,m46,,
23302, u728 ," Some other time.,,,,,,,,,,,,,,,,,,,,,,,,,,,,,,,", u734 ,m46,,
23303, u734 ," I'll lay you five to one you won't sleep. In this job you have to unwind. Otherwise it'll kill you. I mean that.,,,,,,,,,,,,,,,,,,,,,,,,,,,,,,,", u728 ,m46,,
23304, u728 ," No thanks, Matt. I need my eight hours."",,,,,,,,,,,,,,,,,,,,,,,,,,,,,,,", u734 ,m46,,
23305, u734 ," I'm off to a little watering hole. Why don't you join me? Relax.,,,,,,,,,,,,,,,,,,,,,,,,,,,,,,,", u734 ,m46,,
23306, u734 ," Not bad. I have other interests, of course."",,,,,,,,,,,,,,,,,,,,,,,,,,,,,,,", u728 ,m46,,
23307, u728 ," You've done pretty well.,,,,,,,,,,,,,,,,,,,,,,,,,,,,,,,", u734 ,m46,,
23308, u734 ," Coming up to two years now.  But I was away for six months.,,,,,,,,,,,,,,,,,,,,,,,,,,,,,,,", u728 ,m46,,
23309, u728 ," How long have you worked at the casino?,,,,,,,,,,,,,,,,,,,,,,,,,,,,,,,", u734 ,m46,,
23310, u734 ," She's my baby.,,,,,,,,,,,,,,,,,,,,,,,,,,,,,,,", u728 ,m46,,
23311, u728 ," Nice car.,,,,,,,,,,,,,,,,,,,,,,,,,,,,,,,", u734 ,m46,,
23312, u734 ," So how do you feel, your first night? I'll bet you're on a high."",,,,,,,,,,,,,,,,,,,,,,,,,,,,,,,", u728 ,m46,,
23313, u728 ," Thanks.,,,,,,,,,,,,,,,,,,,,,,,,,,,,,,,", u734 ,m46,,
23314, u734 ," I'm going over the river. I'll give you a lift if you like.,,,,,,,,,,,,,,,,,,,,,,,,,,,,,,,", u734 ,m46,,
23315, u734 ," Have you got transport?,,,,,,,,,,,,,,,,,,,,,,,,,,,,,,,", u728 ,m46,,
23316, u728 ," Over the river.,,,,,,,,,,,,,,,,,,,,,,,,,,,,,,,", u734 ,m46,,
23317, u734 ," Where do you live, Jack?"",,,,,,,,,,,,,,,,,,,,,,,,,,,,,,,", u732 ,m46,,
23318, u732 ," It was you, you shit."",,,,,,,,,,,,,,,,,,,,,,,,,,,,,,,", u728 ,m46,,
23319, u728 ," Wait a minute. You got yourself barred.,,,,,,,,,,,,,,,,,,,,,,,,,,,,,,,", u732 ,m46,,
23320, u732 ," You don't recognise me? You had me barred. You fucking little worm.,,,,,,,,,,,,,,,,,,,,,,,,,,,,,,,", u728 ,m46,,
23321, u728 ," I'm afraid that's not so, sir."",,,,,,,,,,,,,,,,,,,,,,,,,,,,,,,", u732 ,m46,,
23322, u732 ," I put them on together.,,,,,,,,,,,,,,,,,,,,,,,,,,,,,,,", u728 ,m46,,
23323, u728 ," You've won with the two chips you placed earlier, but the third chip was a late bet."",,,,,,,,,,,,,,,,,,,,,,,,,,,,,,,", u732 ,m46,,
23324, u732 ," What are you talking about? It's 11, I've won. With this lady."",,,,,,,,,,,,,,,,,,,,,,,,,,,,,,,", u728 ,m46,,
23325, u728 ," I'm sorry, sir, that's a late bet."",,,,,,,,,,,,,,,,,,,,,,,,,,,,,,,", u735 ,m46,,
23326, u735 ," Take your time. Two weeks. Three if you need it. We'll pay you sick leave. I don't want to lose you. You're a good man. Here...,,,,,,,,,,,,,,,,,,,,,,,,,,,,,,,", u728 ,m46,,
23327, u728 ," Bruised.,,,,,,,,,,,,,,,,,,,,,,,,,,,,,,,", u735 ,m46,,
23328, u735 ," How do you feel, Jack?"",,,,,,,,,,,,,,,,,,,,,,,,,,,,,,,", u735 ,m46,,
23329, u735 ," She was a real asset. But what could I do?,,,,,,,,,,,,,,,,,,,,,,,,,,,,,,,", u728 ,m46,,
23330, u728 ," A pleasure. Pity about Bella.,,,,,,,,,,,,,,,,,,,,,,,,,,,,,,,", u735 ,m46,,
23331, u735 ," Thanks for the information.,,,,,,,,,,,,,,,,,,,,,,,,,,,,,,,", u735 ,m46,,
23332, u735 ," I can see.,,,,,,,,,,,,,,,,,,,,,,,,,,,,,,,", u728 ,m46,,
23333, u728 ," He's paying out in stacks of 25.,,,,,,,,,,,,,,,,,,,,,,,,,,,,,,,", u735 ,m46,,
23334, u735 ," He's a good customer.,,,,,,,,,,,,,,,,,,,,,,,,,,,,,,,", u728 ,m46,,
23335, u728 ," Does he win?,,,,,,,,,,,,,,,,,,,,,,,,,,,,,,,", u735 ,m46,,
23336, u735 ," Mr Tchai always likes to play at that table, and only with Bella."",,,,,,,,,,,,,,,,,,,,,,,,,,,,,,,", u728 ,m46,,
23337, u728 ," All right, Mr Reynolds."",,,,,,,,,,,,,,,,,,,,,,,,,,,,,,,", u735 ,m46,,
23338, u735 ," Why don't you take a break, Jack."",,,,,,,,,,,,,,,,,,,,,,,,,,,,,,,", u735 ,m46,,
23339, u735 ," Jack, you're not the usual type we get here."",,,,,,,,,,,,,,,,,,,,,,,,,,,,,,,", u728 ,m46,,
23340, u728 ," I just want the job.,,,,,,,,,,,,,,,,,,,,,,,,,,,,,,,", u728 ,m46,,
23341, u728 ," Fine.,,,,,,,,,,,,,,,,,,,,,,,,,,,,,,,", u735 ,m46,,
23342, u735 ," That hair will have to go.,,,,,,,,,,,,,,,,,,,,,,,,,,,,,,,", u728 ,m46,,
23343, u728 ," Fine.,,,,,,,,,,,,,,,,,,,,,,,,,,,,,,,", u735 ,m46,,
23344, u735 ," You can start Monday week.,,,,,,,,,,,,,,,,,,,,,,,,,,,,,,,", u735 ,m46,,
23345, u735 ," We have tapes in here that go back six months. Let me show you something.,,,,,,,,,,,,,,,,,,,,,,,,,,,,,,,", u728 ,m46,,
23346, u728 ," Very impressive.,,,,,,,,,,,,,,,,,,,,,,,,,,,,,,,", u735 ,m46,,
23347, u735 ," This is our Crow's Nest. I'm showing it to you now, but you'll never see it again."",,,,,,,,,,,,,,,,,,,,,,,,,,,,,,,", u728 ,m46,,
23348, u728 ," No.,,,,,,,,,,,,,,,,,,,,,,,,,,,,,,,", u735 ,m46,,
23349, u735 ," She's not in the gaming business is she?,,,,,,,,,,,,,,,,,,,,,,,,,,,,,,,", u728 ,m46,,
23350, u728 ," Yes.,,,,,,,,,,,,,,,,,,,,,,,,,,,,,,,", u735 ,m46,,
23351, u735 ," Girlfriend?,,,,,,,,,,,,,,,,,,,,,,,,,,,,,,,", u735 ,m46,,
23352, u735 ," First offence: verbal warning. Second offence: written warning. That one's filed and sometimes copied to the Gaming Board. My discretion. Third offence: you're sacked on the spot. You'd never work in a casino in this country again.  There's another rule: you're forbidden to talk to or recognise a punter outside the casino. If you see someone who's gambled here, even if it's just casually on the street, you must ignore him. Or her. You're not married, are you?"",,,,,,,,,,,,,,,,,,,,,,,,,,,,,,,", u728 ,m46,,
23353, u728 ," How?,,,,,,,,,,,,,,,,,,,,,,,,,,,,,,,", u735 ,m46,,
23354, u735 ," We'd know. There are no secrets in this casino. You'd be punished.,,,,,,,,,,,,,,,,,,,,,,,,,,,,,,,", u728 ,m46,,
23355, u728 ," Does know? Or does report? What would happen if I knew something like that and didn't report it?,,,,,,,,,,,,,,,,,,,,,,,,,,,,,,,", u735 ,m46,,
23356, u735 ," This isn't South Africa. We'd know, because someone would report it. Believe me, someone always does."",,,,,,,,,,,,,,,,,,,,,,,,,,,,,,,", u728 ,m46,,
23357, u728 ," We had the same rule at Sun City, but it was impossible to check."",,,,,,,,,,,,,,,,,,,,,,,,,,,,,,,", u735 ,m46,,
23358, u735 ," Next point. Friendships between croupiers inside or outside the casino are discouraged. Relationships with females working here are expressly forbidden.,,,,,,,,,,,,,,,,,,,,,,,,,,,,,,,", u728 ,m46,,
23359, u728 ," I don't gamble, Mr Reynolds."",,,,,,,,,,,,,,,,,,,,,,,,,,,,,,,", u735 ,m46,,
23360, u735 ," Ever?,,,,,,,,,,,,,,,,,,,,,,,,,,,,,,,", u728 ,m46,,
23361, u728 ," I don't gamble.,,,,,,,,,,,,,,,,,,,,,,,,,,,,,,,", u735 ,m46,,
23362, u735 ," For the database. It can be accessed by every casino in the country. We have the same system for punters.,,,,,,,,,,,,,,,,,,,,,,,,,,,,,,,", u728 ,m46,,
23363, u728 ," What for?,,,,,,,,,,,,,,,,,,,,,,,,,,,,,,,", u735 ,m46,,
23364, u735 ," Let me just run through a few things. As a dealer you never gamble, not anywhere. We'll need your picture."",,,,,,,,,,,,,,,,,,,,,,,,,,,,,,,", u735 ,m46,,
23365, u735 ," I said good call.,,,,,,,,,,,,,,,,,,,,,,,,,,,,,,,", u728 ,m46,,
23366, u728 ," You want me to check?,,,,,,,,,,,,,,,,,,,,,,,,,,,,,,,", u735 ,m46,,
23367, u735 ," Good call.,,,,,,,,,,,,,,,,,,,,,,,,,,,,,,,", u728 ,m46,,
23368, u728 ," It's a rule. Always stand by your first count. The odds are you're right.,,,,,,,,,,,,,,,,,,,,,,,,,,,,,,,", u735 ,m46,,
23369, u735 ," What makes you so sure?,,,,,,,,,,,,,,,,,,,,,,,,,,,,,,,", u728 ,m46,,
23370, u728 ," Five.,,,,,,,,,,,,,,,,,,,,,,,,,,,,,,,", u735 ,m46,,
23371, u735 ," I make it six.,,,,,,,,,,,,,,,,,,,,,,,,,,,,,,,", u728 ,m46,,
23372, u728 ," Five.,,,,,,,,,,,,,,,,,,,,,,,,,,,,,,,", u735 ,m46,,
23373, u735 ," How many aces are left?,,,,,,,,,,,,,,,,,,,,,,,,,,,,,,,", u735 ,m46,,
23374, u735 ," You won't. Not without permission.,,,,,,,,,,,,,,,,,,,,,,,,,,,,,,,", u728 ,m46,,
23375, u728 ," What happens if I want to sneeze?,,,,,,,,,,,,,,,,,,,,,,,,,,,,,,,", u735 ,m46,,
23376, u735 ," Not with your own cloth. Besides, your pockets will be stitched."",,,,,,,,,,,,,,,,,,,,,,,,,,,,,,,", u735 ,m46,,
23377, u735 ," Wipe your hands.,,,,,,,,,,,,,,,,,,,,,,,,,,,,,,,", u728 ,m46,,
23378, u728 ," I don't think so.,,,,,,,,,,,,,,,,,,,,,,,,,,,,,,,", u735 ,m46,,
23379, u735 ," Haven't you forgotten something?,,,,,,,,,,,,,,,,,,,,,,,,,,,,,,,", u735 ,m46,,
23380, u735 ," They've been tested.,,,,,,,,,,,,,,,,,,,,,,,,,,,,,,,", u728 ,m46,,
23381, u728 ," Where's the magnet?,,,,,,,,,,,,,,,,,,,,,,,,,,,,,,,", u735 ,m46,,
23382, u735 ," We do. ,,,,,,,,,,,,,,,,,,,,,,,,,,,,,,,", u728 ,m46,,
23383, u728 ," You use two alternating, don't you?"",,,,,,,,,,,,,,,,,,,,,,,,,,,,,,,", u735 ,m46,,
23384, u735 ," Give me 365.,,,,,,,,,,,,,,,,,,,,,,,,,,,,,,,", u728 ,m46,,
23385, u728 ," 25 pounds or 25 pence in fours.,,,,,,,,,,,,,,,,,,,,,,,,,,,,,,,", u735 ,m46,,
23386, u735 ," Any exceptions?,,,,,,,,,,,,,,,,,,,,,,,,,,,,,,,", u728 ,m46,,
23387, u728 ," Stacks of 20. Rows of 5.,,,,,,,,,,,,,,,,,,,,,,,,,,,,,,,", u735 ,m46,,
23388, u735 ," It's the procedure here. Now sort the chips.,,,,,,,,,,,,,,,,,,,,,,,,,,,,,,,", u728 ,m46,,
23389, u728 ," Why four? And not three or five?,,,,,,,,,,,,,,,,,,,,,,,,,,,,,,,", u735 ,m46,,
23390, u735 ," We check every four days.,,,,,,,,,,,,,,,,,,,,,,,,,,,,,,,", u728 ,m46,,
23391, u728 ," I have to assume the serial numbers on the bowl and cylinder correspond.,,,,,,,,,,,,,,,,,,,,,,,,,,,,,,,", u735 ,m46,,
23392, u735 ," We tried. But there wasn't enough business. The punters like company.,,,,,,,,,,,,,,,,,,,,,,,,,,,,,,,", u728 ,m46,,
23393, u728 ," Do you have a Salon Prive?,,,,,,,,,,,,,,,,,,,,,,,,,,,,,,,", u735 ,m46,,
23394, u735 ," There are three types of casino in the U.K. High volume. Small faction. And MOTR. That's middle of the road. Us.,,,,,,,,,,,,,,,,,,,,,,,,,,,,,,,", u735 ,m46,,
23395, u735 ," I don't think I know that one. Private, I suppose."",,,,,,,,,,,,,,,,,,,,,,,,,,,,,,,", u728 ,m46,,
23396, u728 ," I was at Beadles.,,,,,,,,,,,,,,,,,,,,,,,,,,,,,,,", u735 ,m46,,
23397, u735 ," Where did you go to school?,,,,,,,,,,,,,,,,,,,,,,,,,,,,,,,", u728 ,m46,,
23398, u728 ," No.,,,,,,,,,,,,,,,,,,,,,,,,,,,,,,,", u735 ,m46,,
23399, u735 ," In any case, I understand you've had some previous experience... in South Africa.  You'll find the rules a little different here. Before we start, you haven't got a police record, have you?"",,,,,,,,,,,,,,,,,,,,,,,,,,,,,,,", u728 ,m46,,
23400, u728 ," Has he?,,,,,,,,,,,,,,,,,,,,,,,,,,,,,,,", u735 ,m46,,
23401, u735 ," You've been recommended by the management here. They know your father. He has a bit of a reputation, hasn't he?"",,,,,,,,,,,,,,,,,,,,,,,,,,,,,,,", u728 ,m46,,
23402, u728 ," Jack.,,,,,,,,,,,,,,,,,,,,,,,,,,,,,,,", u735 ,m46,,
23403, u735 ," David Reynolds, I'm the Manager here. Sit down, John."",,,,,,,,,,,,,,,,,,,,,,,,,,,,,,,", u728 ,m46,,
