,User_id,text,sec_user,movies_name,relationship,attachment
23692, u753 ," This.,,,,,,,,,,,,,,,,,,,,,,,,,,,,,,,", u744 ,m48,,
23693, u744 ," How I make my living, what's your point?"",,,,,,,,,,,,,,,,,,,,,,,,,,,,,,,", u753 ,m48,,
23694, u753 ," Okay, okay.  I can explain... You ever have to do something you really don't want to?"",,,,,,,,,,,,,,,,,,,,,,,,,,,,,,,", u744 ,m48,,
23695, u744 ," No... Cause tonight the girls are here in a more or less professional capacity. All of them work for me, and you don't... Let's go."",,,,,,,,,,,,,,,,,,,,,,,,,,,,,,,", u753 ,m48,,
23696, u753 ," No?,,,,,,,,,,,,,,,,,,,,,,,,,,,,,,,", u744 ,m48,,
23697, u744 ," But see tonight wives and girlfriends aren't invited.,,,,,,,,,,,,,,,,,,,,,,,,,,,,,,,", u753 ,m48,,
23698, u753 ," Yeah.,,,,,,,,,,,,,,,,,,,,,,,,,,,,,,,", u744 ,m48,,
23699, u744 ," Oh, yeah?"",,,,,,,,,,,,,,,,,,,,,,,,,,,,,,,", u753 ,m48,,
23700, u753 ," Bruno's girlfriend.,,,,,,,,,,,,,,,,,,,,,,,,,,,,,,,", u744 ,m48,,
23701, u744 ," Who are you?,,,,,,,,,,,,,,,,,,,,,,,,,,,,,,,", u753 ,m48,,
23702, u753 ," This won't hurt.  Triple dose of insulin, you'll go into a coma, couple minutes you'll stop breathing and on a busy night, the coroner will probably mistake it for an O.D.  Plus, it's way classier than blowin' your brains out."",,,,,,,,,,,,,,,,,,,,,,,,,,,,,,,", u745 ,m48,,
23703, u745 ," None of your business.,,,,,,,,,,,,,,,,,,,,,,,,,,,,,,,", u753 ,m48,,
23704, u753 ," Who's Camille?,,,,,,,,,,,,,,,,,,,,,,,,,,,,,,,", u745 ,m48,,
23705, u745 ," What the hell are you doing?,,,,,,,,,,,,,,,,,,,,,,,,,,,,,,,", u753 ,m48,,
23706, u753 ," Ass like your, I can see why he's worried you'll punk."",,,,,,,,,,,,,,,,,,,,,,,,,,,,,,,", u753 ,m48,,
23707, u753 ," He's got exposure.  He sees you starin' at fifteen to life, there's a chance you could roll over, cop a plea, who knows? Man's figured the odds...and he can't take a chance."",,,,,,,,,,,,,,,,,,,,,,,,,,,,,,,", u745 ,m48,,
23708, u745 ," But the boss knows I always been loyal.,,,,,,,,,,,,,,,,,,,,,,,,,,,,,,,", u753 ,m48,,
23709, u753 ," This is what your life's worth, Bruno."",,,,,,,,,,,,,,,,,,,,,,,,,,,,,,,", u753 ,m48,,
23710, u753 ," I'm outta Portland.  Sonrisa didn't want local talent.,,,,,,,,,,,,,,,,,,,,,,,,,,,,,,,", u745 ,m48,,
23711, u745 ," How come I never hearda you before?,,,,,,,,,,,,,,,,,,,,,,,,,,,,,,,", u753 ,m48,,
23712, u753 ," Security camera got you coming outta the stairwell, weapon in your hand, going to room one-oh-four and greasing the patient.  It's embarrassing to the professional community, is what it is."",,,,,,,,,,,,,,,,,,,,,,,,,,,,,,,", u745 ,m48,,
23713, u745 ," That's a lotta crap.,,,,,,,,,,,,,,,,,,,,,,,,,,,,,,,", u753 ,m48,,
23714, u753 ," I'm hired to do a piece of work, my mark goes down and stays down.  Your's makes it to the hospital where you then gotta go finish the job.  Only the cops got the whole thing on video tape."",,,,,,,,,,,,,,,,,,,,,,,,,,,,,,,", u745 ,m48,,
23715, u745 ," What're you talkin' about?,,,,,,,,,,,,,,,,,,,,,,,,,,,,,,,", u753 ,m48,,
23716, u753 ," You can hardly blame him, the way you've been taking care of business...or should I say, not taking care of it."",,,,,,,,,,,,,,,,,,,,,,,,,,,,,,,", u745 ,m48,,
23717, u745 ," You're in the last two seconds, you don't cut the crap."",,,,,,,,,,,,,,,,,,,,,,,,,,,,,,,", u753 ,m48,,
23718, u753 ," See what you don't know is you're already in the last two minutes of your life.,,,,,,,,,,,,,,,,,,,,,,,,,,,,,,,", u753 ,m48,,
23719, u753 ," You haven't figured this out yet, have you?  You walk in here thinking you're gonna cap her then cap me and take the money back to your boss with your tail wagging... But see it's really the other way around.  You think I'm the whack, when actually you're the whack."",,,,,,,,,,,,,,,,,,,,,,,,,,,,,,,", u745 ,m48,,
23720, u745 ," Call the skank now or I start redecorating.,,,,,,,,,,,,,,,,,,,,,,,,,,,,,,,", u745 ,m48,,
23721, u745 ," What the hell are you talkin' about? Call her.,,,,,,,,,,,,,,,,,,,,,,,,,,,,,,,", u753 ,m48,,
23722, u753 ," That's not why we're here.,,,,,,,,,,,,,,,,,,,,,,,,,,,,,,,", u745 ,m48,,
23723, u745 ," What?,,,,,,,,,,,,,,,,,,,,,,,,,,,,,,,", u753 ,m48,,
23724, u753 ," Actually, that's not gonna be necessary."",,,,,,,,,,,,,,,,,,,,,,,,,,,,,,,", u745 ,m48,,
23725, u745 ," Fine.  So call her.  Get her over here.,,,,,,,,,,,,,,,,,,,,,,,,,,,,,,,", u753 ,m48,,
23726, u753 ," I like to keep it professional, that's all."",,,,,,,,,,,,,,,,,,,,,,,,,,,,,,,", u745 ,m48,,
23727, u745 ," Man, you got a bad attitude."",,,,,,,,,,,,,,,,,,,,,,,,,,,,,,,", u753 ,m48,,
23728, u753 ," Sooo...whattya think?  Maybe after I betray the woman who trusts me and you take her and her daughter out and execute them...we could go on a date.  Play a little miniature golf or somethin'.,,,,,,,,,,,,,,,,,,,,,,,,,,,,,,,", u745 ,m48,,
23729, u745 ," You're attractive, you're smart.  Stand on your own two feet, know what I mean? And you got a wicked sense of humor. Man, you really zinged the boss a couple times, it was all I could do--"",,,,,,,,,,,,,,,,,,,,,,,,,,,,,,,", u753 ,m48,,
23730, u753 ," Yeah?,,,,,,,,,,,,,,,,,,,,,,,,,,,,,,,", u745 ,m48,,
23731, u745 ," I never woulda done it.  Probably not, anyway.  I mean, I actually think you're pretty cool."",,,,,,,,,,,,,,,,,,,,,,,,,,,,,,,", u753 ,m48,,
23732, u753 ," Yeah, sure, I understand."",,,,,,,,,,,,,,,,,,,,,,,,,,,,,,,", u745 ,m48,,
23733, u745 ," Look, that thing about the pliers, I was just doing what the man pays me to do. Ya know?  Comin' off hard."",,,,,,,,,,,,,,,,,,,,,,,,,,,,,,,", u753 ,m48,,
23734, u753 ," Or we could go another way 'cause your boss seems to like my face just the way it is.,,,,,,,,,,,,,,,,,,,,,,,,,,,,,,,", u745 ,m48,,
23735, u745 ," Or we can work on your face with a pair of pliers for a couple of hours and you tell us where she is.,,,,,,,,,,,,,,,,,,,,,,,,,,,,,,,", u753 ,m48,,
23736, u753 ," Now that that's out of the way... You want the woman, here's how it works.  You pull fifty large out of your mattress or wherever, and I make a call to bring her in."",,,,,,,,,,,,,,,,,,,,,,,,,,,,,,,", u745 ,m48,,
23737, u745 ," No wire.,,,,,,,,,,,,,,,,,,,,,,,,,,,,,,,", u745 ,m48,,
23738, u745 ," Guess again.,,,,,,,,,,,,,,,,,,,,,,,,,,,,,,,", u753 ,m48,,
23739, u753 ," I'm on a break.,,,,,,,,,,,,,,,,,,,,,,,,,,,,,,,", u745 ,m48,,
23740, u745 ," Mr. Sonrisa saw you on the cameras.  He wants you to come see him.,,,,,,,,,,,,,,,,,,,,,,,,,,,,,,,", u746 ,m48,,
23741, u746 ," Where?,,,,,,,,,,,,,,,,,,,,,,,,,,,,,,,", u749 ,m48,,
23742, u749 ," Move it.,,,,,,,,,,,,,,,,,,,,,,,,,,,,,,,", u749 ,m48,,
23743, u749 ," No.,,,,,,,,,,,,,,,,,,,,,,,,,,,,,,,", u746 ,m48,,
23744, u746 ," Can I say something in my defense?,,,,,,,,,,,,,,,,,,,,,,,,,,,,,,,", u749 ,m48,,
23745, u749 ," Leave.  Now.,,,,,,,,,,,,,,,,,,,,,,,,,,,,,,,", u746 ,m48,,
23746, u746 ," Nothing happened between me and Tia.,,,,,,,,,,,,,,,,,,,,,,,,,,,,,,,", u749 ,m48,,
23747, u749 ," You know each other?,,,,,,,,,,,,,,,,,,,,,,,,,,,,,,,", u746 ,m48,,
23748, u746 ," You didn't tell me you lived with her.,,,,,,,,,,,,,,,,,,,,,,,,,,,,,,,", u749 ,m48,,
23749, u749 ," Some of us are trying to sleep.,,,,,,,,,,,,,,,,,,,,,,,,,,,,,,,", u746 ,m48,,
23750, u746 ," Could you give us a moment.,,,,,,,,,,,,,,,,,,,,,,,,,,,,,,,", u755 ,m48,,
23751, u755 ," And when the fog lifted, there's Darren with his head under Justine's skirt."",,,,,,,,,,,,,,,,,,,,,,,,,,,,,,,", u746 ,m48,,
23752, u746 ," Trying to have a relationship with you, Max, is like standing in a fog bank.  You know you're in the middle of something only you have absolutely no idea where you are."",,,,,,,,,,,,,,,,,,,,,,,,,,,,,,,", u755 ,m48,,
23753, u755 ," She was there...,,,,,,,,,,,,,,,,,,,,,,,,,,,,,,,", u746 ,m48,,
23754, u746 ," Do you know why I went after Justine?,,,,,,,,,,,,,,,,,,,,,,,,,,,,,,,", u746 ,m48,,
23755, u746 ," Justine was not an unwilling participant.,,,,,,,,,,,,,,,,,,,,,,,,,,,,,,,", u755 ,m48,,
23756, u755 ," 'Cause you went out the back door and nailed her girlfriend?  Who would take offense to that?,,,,,,,,,,,,,,,,,,,,,,,,,,,,,,,", u746 ,m48,,
23757, u746 ," You're not still pissed?,,,,,,,,,,,,,,,,,,,,,,,,,,,,,,,", u755 ,m48,,
23758, u755 ," You mean until you showed up?,,,,,,,,,,,,,,,,,,,,,,,,,,,,,,,", u746 ,m48,,
23759, u746 ," How're ya doin', Max."",,,,,,,,,,,,,,,,,,,,,,,,,,,,,,,", u753 ,m48,,
23760, u753 ," Don't look down.,,,,,,,,,,,,,,,,,,,,,,,,,,,,,,,", u746 ,m48,,
23761, u746 ," But I'm afraid of--,,,,,,,,,,,,,,,,,,,,,,,,,,,,,,,", u753 ,m48,,
23762, u753 ," Unless you wanna end up in jail, let me and Kendra handle the cops."",,,,,,,,,,,,,,,,,,,,,,,,,,,,,,,", u746 ,m48,,
23763, u746 ," No way.,,,,,,,,,,,,,,,,,,,,,,,,,,,,,,,", u753 ,m48,,
23764, u753 ," Out there.,,,,,,,,,,,,,,,,,,,,,,,,,,,,,,,", u753 ,m48,,
23765, u753 ," No time.,,,,,,,,,,,,,,,,,,,,,,,,,,,,,,,", u746 ,m48,,
23766, u746 ," Lemme put some clothes on.,,,,,,,,,,,,,,,,,,,,,,,,,,,,,,,", u746 ,m48,,
23767, u746 ," What?  Where're we going?,,,,,,,,,,,,,,,,,,,,,,,,,,,,,,,", u753 ,m48,,
23768, u753 ," It's a sweep.  C'mon.,,,,,,,,,,,,,,,,,,,,,,,,,,,,,,,", u753 ,m48,,
23769, u753 ," Police drone.,,,,,,,,,,,,,,,,,,,,,,,,,,,,,,,", u746 ,m48,,
23770, u746 ," What is it?,,,,,,,,,,,,,,,,,,,,,,,,,,,,,,,", u746 ,m48,,
23771, u746 ," You're roommates?,,,,,,,,,,,,,,,,,,,,,,,,,,,,,,,", u753 ,m48,,
23772, u753 ," I live here... Guess I don't have to ask what you're doing here.,,,,,,,,,,,,,,,,,,,,,,,,,,,,,,,", u746 ,m48,,
23773, u746 ," What are you doing here?,,,,,,,,,,,,,,,,,,,,,,,,,,,,,,,", u746 ,m48,,
23774, u746 ," I see the perimeter defense system is still fully intact... At least I tried.,,,,,,,,,,,,,,,,,,,,,,,,,,,,,,,", u753 ,m48,,
23775, u753 ," I'm really glad we're having this conversation.  You're right.  I was angry at you.  But talking about it-- The scales have fallen from my eyes and I see now that it was all my fault.  Can you ever forgive me?,,,,,,,,,,,,,,,,,,,,,,,,,,,,,,,", u746 ,m48,,
23776, u746 ," I was crazy about you...am crazy about you.  But you keep everyone at arm's length like there's some great big dark something going on that-- I don't know... It's just that the more I tried to get close to you, the more you pulled away."",,,,,,,,,,,,,,,,,,,,,,,,,,,,,,,", u746 ,m48,,
23777, u746 ," It was a complicated situation which could have been misconstrued, causing you to maybe take offense."",,,,,,,,,,,,,,,,,,,,,,,,,,,,,,,", u753 ,m48,,
23778, u753 ," Why would I be pissed?,,,,,,,,,,,,,,,,,,,,,,,,,,,,,,,", u747 ,m48,,
23779, u747 ," Theo rode for this place a long time, man."",,,,,,,,,,,,,,,,,,,,,,,,,,,,,,,", u754 ,m48,,
23780, u754 ," What're you lookin' at me for?  I'm not his next of kin.  Anyway, I don't got that kind of cash lyin' around."",,,,,,,,,,,,,,,,,,,,,,,,,,,,,,,", u754 ,m48,,
23781, u754 ," Yeah, well around here, I'm the Most High... From now on, before you do anything, call in for instructions."",,,,,,,,,,,,,,,,,,,,,,,,,,,,,,,", u747 ,m48,,
23782, u747 ," It concerns only Jah.  But, in this case, I was the instrument of the Most High."",,,,,,,,,,,,,,,,,,,,,,,,,,,,,,,", u754 ,m48,,
23783, u754 ," Which is none of your business...or mine.,,,,,,,,,,,,,,,,,,,,,,,,,,,,,,,", u747 ,m48,,
23784, u747 ," Like de prophets say, """"Only the unrighteous husband sends expensive gift- wrapped underpants to another woman."""""",,,,,,,,,,,,,,,,,,,,,,,,,,,,,,,", u754 ,m48,,
23785, u754 ," So you just decided to return it to the sender.  Or, in this case, the sender's wife."",,,,,,,,,,,,,,,,,,,,,,,,,,,,,,,", u747 ,m48,,
23786, u747 ," Nobody there to sign for it, mon.  What's a bruddah s'posed to do, ride around all day with the damn package?"",,,,,,,,,,,,,,,,,,,,,,,,,,,,,,,", u753 ,m48,,
23787, u753 ," I got overhead...,,,,,,,,,,,,,,,,,,,,,,,,,,,,,,,", u748 ,m48,,
23788, u748 ," So Max, what do you do with all your money?"",,,,,,,,,,,,,,,,,,,,,,,,,,,,,,,", u748 ,m48,,
23789, u748 ," Am I?,,,,,,,,,,,,,,,,,,,,,,,,,,,,,,,", u753 ,m48,,
23790, u753 ," You're light a deuce.,,,,,,,,,,,,,,,,,,,,,,,,,,,,,,,", u753 ,m48,,
23791, u753 ," It's a rule.,,,,,,,,,,,,,,,,,,,,,,,,,,,,,,,", u748 ,m48,,
23792, u748 ," I'll make it worth your while.,,,,,,,,,,,,,,,,,,,,,,,,,,,,,,,", u753 ,m48,,
23793, u753 ," I don't get involved with guns.,,,,,,,,,,,,,,,,,,,,,,,,,,,,,,,", u748 ,m48,,
23794, u748 ," I shouldn't do this.  But I got a client lookin' to score some fire power.  Maybe you'll keep your eyes open for me.,,,,,,,,,,,,,,,,,,,,,,,,,,,,,,,", u753 ,m48,,
23795, u753 ," Later.,,,,,,,,,,,,,,,,,,,,,,,,,,,,,,,", u748 ,m48,,
23796, u748 ," I'll give you seventy-five bucks for it.,,,,,,,,,,,,,,,,,,,,,,,,,,,,,,,", u753 ,m48,,
23797, u753 ," I ain't mad at you...,,,,,,,,,,,,,,,,,,,,,,,,,,,,,,,", u748 ,m48,,
23798, u748 ," Which means I gotta fence it for two. Who's got that kinda scrilla lying around, these being the worst of the times."",,,,,,,,,,,,,,,,,,,,,,,,,,,,,,,", u753 ,m48,,
23799, u753 ," A grand.,,,,,,,,,,,,,,,,,,,,,,,,,,,,,,,", u748 ,m48,,
23800, u748 ," What're you looking for?,,,,,,,,,,,,,,,,,,,,,,,,,,,,,,,", u753 ,m48,,
23801, u753 ," Thought I'd let you have first crack... Later.,,,,,,,,,,,,,,,,,,,,,,,,,,,,,,,", u748 ,m48,,
23802, u748 ," Same old story.  Not interested.,,,,,,,,,,,,,,,,,,,,,,,,,,,,,,,", u753 ,m48,,
23803, u753 ," Thought so.  Turned out he wanted me for something else though.,,,,,,,,,,,,,,,,,,,,,,,,,,,,,,,", u748 ,m48,,
23804, u748 ," Must think you're pretty special laying this on you.,,,,,,,,,,,,,,,,,,,,,,,,,,,,,,,", u753 ,m48,,
23805, u753 ," I didn't.  It was a present from a guy.,,,,,,,,,,,,,,,,,,,,,,,,,,,,,,,", u748 ,m48,,
23806, u748 ," Where'd you clip this?,,,,,,,,,,,,,,,,,,,,,,,,,,,,,,,", u753 ,m48,,
23807, u753 ," Every week.,,,,,,,,,,,,,,,,,,,,,,,,,,,,,,,", u749 ,m48,,
23808, u749 ," You didn't...,,,,,,,,,,,,,,,,,,,,,,,,,,,,,,,", u753 ,m48,,
23809, u753 ," Just thought maybe he'd like a little coffee with his saliva.,,,,,,,,,,,,,,,,,,,,,,,,,,,,,,,", u749 ,m48,,
23810, u749 ," What's with you?  Every week this scumbag puts the squeeze on us and every week you roll out the welcome wagon like he's family.,,,,,,,,,,,,,,,,,,,,,,,,,,,,,,,", u753 ,m48,,
23811, u753 ," And for all his cattin' around, not much of a stick man either."",,,,,,,,,,,,,,,,,,,,,,,,,,,,,,,", u749 ,m48,,
23812, u749 ," What a creep.,,,,,,,,,,,,,,,,,,,,,,,,,,,,,,,", u749 ,m48,,
23813, u749 ," Yech...,,,,,,,,,,,,,,,,,,,,,,,,,,,,,,,", u753 ,m48,,
23814, u753 ," He's a mistake I made about six months before you did.  But don't feel bad. Justine made the same mistake, along with Renee, Jada, Tia, Brooke--"",,,,,,,,,,,,,,,,,,,,,,,,,,,,,,,", u753 ,m48,,
23815, u753 ," Yeah, me too."",,,,,,,,,,,,,,,,,,,,,,,,,,,,,,,", u749 ,m48,,
23816, u749 ," Thanks, it's starting to kick in.  I feel almost human."",,,,,,,,,,,,,,,,,,,,,,,,,,,,,,,", u753 ,m48,,
23817, u753 ," I made you coffee.  That oughta help you cope with the injustice of the world a little.,,,,,,,,,,,,,,,,,,,,,,,,,,,,,,,", u753 ,m48,,
23818, u753 ," Hang on, Lauren.  We're conferencing in Sophy."",,,,,,,,,,,,,,,,,,,,,,,,,,,,,,,", u750 ,m48,,
23819, u750 ," Hello...,,,,,,,,,,,,,,,,,,,,,,,,,,,,,,,", u753 ,m48,,
23820, u753 ," Look, we gotta keep the momentum up here, not give her a chance to think.  If she hears her kid's voice..."",,,,,,,,,,,,,,,,,,,,,,,,,,,,,,,", u753 ,m48,,
23821, u753 ," Like I said-- This isn't my regular line of work so I'm making it up as I go.,,,,,,,,,,,,,,,,,,,,,,,,,,,,,,,", u750 ,m48,,
23822, u750 ," What else can we do?,,,,,,,,,,,,,,,,,,,,,,,,,,,,,,,", u753 ,m48,,
23823, u753 ," We're not going that route.  Sonrisa's not someone you make deals with.,,,,,,,,,,,,,,,,,,,,,,,,,,,,,,,", u750 ,m48,,
23824, u750 ," If I give myself up in exchange for Sophy, would you make sure she's okay?"",,,,,,,,,,,,,,,,,,,,,,,,,,,,,,,", u753 ,m48,,
23825, u753 ," Look, I'd really like to..."",,,,,,,,,,,,,,,,,,,,,,,,,,,,,,,", u750 ,m48,,
23826, u750 ," Can you help me get her back?,,,,,,,,,,,,,,,,,,,,,,,,,,,,,,,", u753 ,m48,,
23827, u753 ," Your daughter's the only leverage they have to keep you quiet.,,,,,,,,,,,,,,,,,,,,,,,,,,,,,,,", u750 ,m48,,
23828, u750 ," I couldn't get to her.  It all happened so fast.  Logan had her, and I saw him fall...then Peter told me to run.  And then he...and I remember so clearly, thinking it's me they want.  If I run, maybe they'll come after me.  Maybe they won't think about her... So I ran..."",,,,,,,,,,,,,,,,,,,,,,,,,,,,,,,", u753 ,m48,,
23829, u753 ," I know.,,,,,,,,,,,,,,,,,,,,,,,,,,,,,,,", u750 ,m48,,
23830, u750 ," They took my daughter.,,,,,,,,,,,,,,,,,,,,,,,,,,,,,,,", u753 ,m48,,
23831, u753 ," Damn... Are you alright?,,,,,,,,,,,,,,,,,,,,,,,,,,,,,,,", u753 ,m48,,
23832, u753 ," SHHH!  Don't do that!,,,,,,,,,,,,,,,,,,,,,,,,,,,,,,,", u750 ,m48,,
23833, u750 ," Oh my God!  In here!  IN HERE!,,,,,,,,,,,,,,,,,,,,,,,,,,,,,,,", u750 ,m48,,
23834, u750 ," There's nothing to be afraid of. Everything's going to be alright.,,,,,,,,,,,,,,,,,,,,,,,,,,,,,,,", u758 ,m48,,
23835, u758 ," Mommy, I'm scared."",,,,,,,,,,,,,,,,,,,,,,,,,,,,,,,", u750 ,m48,,
23836, u750 ," Soon, baby."",,,,,,,,,,,,,,,,,,,,,,,,,,,,,,,", u758 ,m48,,
23837, u758 ," When?,,,,,,,,,,,,,,,,,,,,,,,,,,,,,,,", u750 ,m48,,
23838, u750 ," Don't worry, I'm coming to get you."",,,,,,,,,,,,,,,,,,,,,,,,,,,,,,,", u758 ,m48,,
23839, u758 ," Mommy, where are you?"",,,,,,,,,,,,,,,,,,,,,,,,,,,,,,,", u750 ,m48,,
23840, u750 ," Sophy?  Are you okay?,,,,,,,,,,,,,,,,,,,,,,,,,,,,,,,", u758 ,m48,,
23841, u758 ," Then I'm gonna do what you do to make me feel better when I'm sad.,,,,,,,,,,,,,,,,,,,,,,,,,,,,,,,", u750 ,m48,,
23842, u750 ," Pretty much the same reasons I was crying.  But things will be better when we move to a new place.,,,,,,,,,,,,,,,,,,,,,,,,,,,,,,,", u758 ,m48,,
23843, u758 ," If I'm sad, or tired, or sometimes when I'm angry or when somebody's being mean to me."",,,,,,,,,,,,,,,,,,,,,,,,,,,,,,,", u750 ,m48,,
23844, u750 ," What makes you cry?,,,,,,,,,,,,,,,,,,,,,,,,,,,,,,,", u758 ,m48,,
23845, u758 ," Then how come last night I heard you talking to Logan and you were crying?,,,,,,,,,,,,,,,,,,,,,,,,,,,,,,,", u750 ,m48,,
23846, u750 ," No...,,,,,,,,,,,,,,,,,,,,,,,,,,,,,,,", u758 ,m48,,
23847, u758 ," Are we in some kind of trouble?,,,,,,,,,,,,,,,,,,,,,,,,,,,,,,,", u750 ,m48,,
23848, u750 ," Because we can't.  There's nothing here for us anymore.,,,,,,,,,,,,,,,,,,,,,,,,,,,,,,,", u758 ,m48,,
23849, u758 ," But why can't we stay here?,,,,,,,,,,,,,,,,,,,,,,,,,,,,,,,", u750 ,m48,,
23850, u750 ," I know, Honey, but just think how exiting it will be-- new house, new school, new friends--"",,,,,,,,,,,,,,,,,,,,,,,,,,,,,,,", u758 ,m48,,
23851, u758 ," I don't want to move away.,,,,,,,,,,,,,,,,,,,,,,,,,,,,,,,", u750 ,m48,,
23852, u750 ," Goodnight Bears.  Goodnight chairs. Goodnight kittens.  Goodnight mittens. Goodnight clocks.  And goodnight socks. Goodnight little house.  And goodnight--,,,,,,,,,,,,,,,,,,,,,,,,,,,,,,,", u753 ,m48,,
23853, u753 ," Zack... He made it... He's alive...,,,,,,,,,,,,,,,,,,,,,,,,,,,,,,,", u751 ,m48,,
23854, u751 ," That was taken nine years ago... I.D.'d as Michael Hanover.  Sentenced to 18 months in the state penn at Rawlins, Wyoming for armed robbery.  He escaped from custody after 4 days.  Hasn't been seen or heard from since."",,,,,,,,,,,,,,,,,,,,,,,,,,,,,,,", u751 ,m48,,
23855, u751 ," And whether you want to believe it or not, you already fired the first shot.  On another matter, Federal Corrections used to keep records on distinguishing marks-- scars, tattoos.  I did a search and came up with this."",,,,,,,,,,,,,,,,,,,,,,,,,,,,,,,", u753 ,m48,,
23856, u753 ," Civilization as we know it is unraveling before our eyes.  But Logan and Max, with a song in their hearts are gonna march into battle to keep that from happening."",,,,,,,,,,,,,,,,,,,,,,,,,,,,,,,", u751 ,m48,,
23857, u751 ," With your help.,,,,,,,,,,,,,,,,,,,,,,,,,,,,,,,", u753 ,m48,,
23858, u753 ," And you still think you can do something to change that.,,,,,,,,,,,,,,,,,,,,,,,,,,,,,,,", u751 ,m48,,
23859, u751 ," Maybe we got screwed outta living in a time when we could sit in a cafe, sipping our lattes wearing two thousand dollar wrist watches while we plan our next vacation.  But the world got a whole lot meaner all of a sudden.  Wasn't s'posed to, but it did.  And it's back to the law of the jungle.  You got your predators and you got your victims."",,,,,,,,,,,,,,,,,,,,,,,,,,,,,,,", u753 ,m48,,
23860, u753 ," We're quoting Mom again.,,,,,,,,,,,,,,,,,,,,,,,,,,,,,,,", u751 ,m48,,
23861, u751 ," You are involved.  By being alive you're involved.,,,,,,,,,,,,,,,,,,,,,,,,,,,,,,,", u753 ,m48,,
23862, u753 ," And I feel real bad about all that but it doesn't mean I need to get involved.,,,,,,,,,,,,,,,,,,,,,,,,,,,,,,,", u751 ,m48,,
23863, u751 ," These girls, kidnapped during the last month and sold overseas to the highest bidder.  The oldest is twelve.  The youngest about the same age you were when you escaped."",,,,,,,,,,,,,,,,,,,,,,,,,,,,,,,", u753 ,m48,,
23864, u753 ," Look, thank you for this but--"",,,,,,,,,,,,,,,,,,,,,,,,,,,,,,,", u751 ,m48,,
23865, u751 ," Forty-seven people drowned last night off the coast of Vancouver after paying smugglers twenty thousand apiece to get into Canada so they could get work in order to eat.  Only they got marched overboard at gunpoint instead.,,,,,,,,,,,,,,,,,,,,,,,,,,,,,,,", u751 ,m48,,
23866, u751 ," Deeds, not words.  I need your help."",,,,,,,,,,,,,,,,,,,,,,,,,,,,,,,", u753 ,m48,,
23867, u753 ," I don't know what to say.,,,,,,,,,,,,,,,,,,,,,,,,,,,,,,,", u751 ,m48,,
23868, u751 ," It turned up on the black market.  One of my sources thought I might be interested.,,,,,,,,,,,,,,,,,,,,,,,,,,,,,,,", u751 ,m48,,
23869, u751 ," Open it.,,,,,,,,,,,,,,,,,,,,,,,,,,,,,,,", u753 ,m48,,
23870, u753 ," What's this?,,,,,,,,,,,,,,,,,,,,,,,,,,,,,,,", u753 ,m48,,
23871, u753 ," That's what soldiers do, right?"",,,,,,,,,,,,,,,,,,,,,,,,,,,,,,,", u751 ,m48,,
23872, u751 ," On accounta you, Sonrisa didn't get to buy off the jury, or kill the judge. He's gone.  Once and for all.  It was war, Max, and you won."",,,,,,,,,,,,,,,,,,,,,,,,,,,,,,,", u753 ,m48,,
23873, u753 ," Well, not me personally."",,,,,,,,,,,,,,,,,,,,,,,,,,,,,,,", u751 ,m48,,
23874, u751 ," I've never been much for trying to understand why bad things happen, I just know they do.  So the job's to figure out how to deal with the consequences.  Which you did... You took that sonuvabitch out."",,,,,,,,,,,,,,,,,,,,,,,,,,,,,,,", u753 ,m48,,
23875, u753 ," You believe that?,,,,,,,,,,,,,,,,,,,,,,,,,,,,,,,", u751 ,m48,,
23876, u751 ," My mother used to say the universe is right on schedule.  Everything happens like it's supposed to.,,,,,,,,,,,,,,,,,,,,,,,,,,,,,,,", u753 ,m48,,
23877, u753 ," I'm sorry.,,,,,,,,,,,,,,,,,,,,,,,,,,,,,,,", u751 ,m48,,
23878, u751 ," Not in any pain...the good and bad news of a blown out spinal cord.,,,,,,,,,,,,,,,,,,,,,,,,,,,,,,,", u753 ,m48,,
23879, u753 ," I would've come sooner, but...I didn't... How're you doin'?"",,,,,,,,,,,,,,,,,,,,,,,,,,,,,,,", u751 ,m48,,
23880, u751 ," Somebody's got to.,,,,,,,,,,,,,,,,,,,,,,,,,,,,,,,", u753 ,m48,,
23881, u753 ," See you're back and still rocking the boat.,,,,,,,,,,,,,,,,,,,,,,,,,,,,,,,", u753 ,m48,,
23882, u753 ," That's deep.  But before you lecture me about the meaning of life maybe you oughta get one...ta ta.,,,,,,,,,,,,,,,,,,,,,,,,,,,,,,,", u751 ,m48,,
23883, u751 ," You're a soldier, Max.  That's what you were put here for.  But soldiers need a mission otherwise they tear themselves up."",,,,,,,,,,,,,,,,,,,,,,,,,,,,,,,", u753 ,m48,,
23884, u753 ," They've lost track of me and I plan to keep it that way.,,,,,,,,,,,,,,,,,,,,,,,,,,,,,,,", u753 ,m48,,
23885, u753 ," They want me...bad.  Or at least they don't want me grabbed up by the Chinese or whoever.  Best case, I wind up back in that facility.  More likely, it's a long drive out in the country, if you know what I mean."",,,,,,,,,,,,,,,,,,,,,,,,,,,,,,,", u751 ,m48,,
23886, u751 ," She's put her life on the line, and her faith in me."",,,,,,,,,,,,,,,,,,,,,,,,,,,,,,,", u753 ,m48,,
23887, u753 ," I didn't make it this far by attracting a lot of attention.,,,,,,,,,,,,,,,,,,,,,,,,,,,,,,,", u751 ,m48,,
23888, u751 ," So, you know the lengths he'll go to keep her from going public... I'm turning Lauren over to Canadian law enforcement tomorrow.  They'll put her in witness protection, but if you're with her the risk of her safety goes way down."",,,,,,,,,,,,,,,,,,,,,,,,,,,,,,,", u753 ,m48,,
23889, u753 ," Yeah, I catch your hacks.  He's Satan's lap dog, or something."",,,,,,,,,,,,,,,,,,,,,,,,,,,,,,,", u751 ,m48,,
23890, u751 ," She's prepared to testify that she was instructed to do this by one of Edgar Sonrisa's managers.  You know who Sonrisa is?,,,,,,,,,,,,,,,,,,,,,,,,,,,,,,,", u753 ,m48,,
23891, u753 ," That's low, but this effects me how exactly?"",,,,,,,,,,,,,,,,,,,,,,,,,,,,,,,", u751 ,m48,,
23892, u751 ," The woman you met, Lauren.  She supervised workers removing cortodiazapine from gel caps by hand and replacing it with powdered sugar.  The real drug was shipped out of the country. The placebos were distributed to County VA Hospital and six veterans' clinics in the area."",,,,,,,,,,,,,,,,,,,,,,,,,,,,,,,", u753 ,m48,,
23893, u753 ," I already don't like the sound of this.,,,,,,,,,,,,,,,,,,,,,,,,,,,,,,,", u751 ,m48,,
23894, u751 ," Your help.,,,,,,,,,,,,,,,,,,,,,,,,,,,,,,,", u753 ,m48,,
23895, u753 ," What's in it for you?,,,,,,,,,,,,,,,,,,,,,,,,,,,,,,,", u751 ,m48,,
23896, u751 ," I need to find this technician, or anyone else who knows about Project Manticore. They would've used surrogate mothers to carry you after the in-vitro work... If I can track down one of them."",,,,,,,,,,,,,,,,,,,,,,,,,,,,,,,", u753 ,m48,,
23897, u753 ," You said you could help.,,,,,,,,,,,,,,,,,,,,,,,,,,,,,,,", u751 ,m48,,
23898, u751 ," Like extra virgin olive oil, the best of the best."",,,,,,,,,,,,,,,,,,,,,,,,,,,,,,,", u753 ,m48,,
23899, u753 ," Christmas is a snap when you got no parents or relatives, just a bunch of gene sequences from probably twenty different people."",,,,,,,,,,,,,,,,,,,,,,,,,,,,,,,", u751 ,m48,,
23900, u751 ," Hardly...,,,,,,,,,,,,,,,,,,,,,,,,,,,,,,,", u753 ,m48,,
23901, u753 ," Your basic hodge-podge.,,,,,,,,,,,,,,,,,,,,,,,,,,,,,,,", u751 ,m48,,
23902, u751 ," A girl.,,,,,,,,,,,,,,,,,,,,,,,,,,,,,,,", u753 ,m48,,
23903, u753 ," Yeah...a made-up creature.  Like in mythology...with the head of a lion, the body of a goat and the tail of..."",,,,,,,,,,,,,,,,,,,,,,,,,,,,,,,", u751 ,m48,,
23904, u751 ," The technical term for you is """"chimera""""..."",,,,,,,,,,,,,,,,,,,,,,,,,,,,,,,", u753 ,m48,,
23905, u753 ," I know they made me.  Even got the label on my neck to prove it.,,,,,,,,,,,,,,,,,,,,,,,,,,,,,,,", u751 ,m48,,
23906, u751 ," How much do you know?,,,,,,,,,,,,,,,,,,,,,,,,,,,,,,,", u753 ,m48,,
23907, u753 ," I remember fine.  I just didn't understand what was going on.  They never told us anything except what to do.  It took me a long time afterwards to figure things out.,,,,,,,,,,,,,,,,,,,,,,,,,,,,,,,", u751 ,m48,,
23908, u751 ," How well do you remember the lab?,,,,,,,,,,,,,,,,,,,,,,,,,,,,,,,", u753 ,m48,,
23909, u753 ," We got separated right away.  I never knew how many made it.,,,,,,,,,,,,,,,,,,,,,,,,,,,,,,,", u751 ,m48,,
23910, u751 ," The bar code on your neck, Max.  I know who you are and I know who you're running from."",,,,,,,,,,,,,,,,,,,,,,,,,,,,,,,", u753 ,m48,,
23911, u753 ," Not that I don't enjoy a good urban legend now and then but what does any of this have to do with me?,,,,,,,,,,,,,,,,,,,,,,,,,,,,,,,", u751 ,m48,,
23912, u751 ," He was working on something called Project Manticore, which was using recombinant DNA to produce a superior human...a warrior...an advanced infantry soldier."",,,,,,,,,,,,,,,,,,,,,,,,,,,,,,,", u753 ,m48,,
23913, u753 ," I don't know what kind of game you're playing here but I'm out because you are a whack-job.,,,,,,,,,,,,,,,,,,,,,,,,,,,,,,,", u753 ,m48,,
23914, u753 ," You did go through my stuff.,,,,,,,,,,,,,,,,,,,,,,,,,,,,,,,", u751 ,m48,,
23915, u751 ," L-Triptophane...a neurotransmitter sometimes used in homeopathy to control seizures.  Then the lightbulb went off.,,,,,,,,,,,,,,,,,,,,,,,,,,,,,,,", u751 ,m48,,
23916, u751 ," C'mon, Max.  First I watch you dive headfirst out the window fifteen stories up like you're Rocky the flying squirrel. Then, I found this in your apartment."",,,,,,,,,,,,,,,,,,,,,,,,,,,,,,,", u753 ,m48,,
23917, u753 ," You lost me.,,,,,,,,,,,,,,,,,,,,,,,,,,,,,,,", u751 ,m48,,
23918, u751 ," The other one like you...,,,,,,,,,,,,,,,,,,,,,,,,,,,,,,,", u753 ,m48,,
23919, u753 ," The other ones?,,,,,,,,,,,,,,,,,,,,,,,,,,,,,,,", u751 ,m48,,
23920, u751 ," Suppose I could help you locate the other ones.,,,,,,,,,,,,,,,,,,,,,,,,,,,,,,,", u751 ,m48,,
23921, u751 ," Only when I meet someone I have to know everything about.,,,,,,,,,,,,,,,,,,,,,,,,,,,,,,,", u753 ,m48,,
23922, u753 ," Expensive gifts, surprise late-night visits, over-the-top flattery... You always come on this strong?"",,,,,,,,,,,,,,,,,,,,,,,,,,,,,,,", u751 ,m48,,
23923, u751 ," No, I meant this."",,,,,,,,,,,,,,,,,,,,,,,,,,,,,,,", u753 ,m48,,
23924, u753 ," Gold leaf, art nouveau, French, early nineteen hundreds... I could probably fence this for three or four grand."",,,,,,,,,,,,,,,,,,,,,,,,,,,,,,,", u751 ,m48,,
23925, u751 ," C'mere, I want to show you something."",,,,,,,,,,,,,,,,,,,,,,,,,,,,,,,", u753 ,m48,,
23926, u753 ," You need to get out more.,,,,,,,,,,,,,,,,,,,,,,,,,,,,,,,", u751 ,m48,,
23927, u751 ," I haven't been able to get you off my mind.,,,,,,,,,,,,,,,,,,,,,,,,,,,,,,,", u753 ,m48,,
23928, u753 ," You'd think a guy who's taken on the job of saving the world would have a few more important things to do than traipse around after some girl.,,,,,,,,,,,,,,,,,,,,,,,,,,,,,,,", u751 ,m48,,
23929, u751 ," I'm sorry.  It wasn't my intention.  But I had to see you.,,,,,,,,,,,,,,,,,,,,,,,,,,,,,,,", u753 ,m48,,
23930, u753 ," Yes on all counts.,,,,,,,,,,,,,,,,,,,,,,,,,,,,,,,", u751 ,m48,,
23931, u751 ," Look, if I made you nervous or uncomfortable or creeped you out--"",,,,,,,,,,,,,,,,,,,,,,,,,,,,,,,", u753 ,m48,,
23932, u753 ," We are not fine.,,,,,,,,,,,,,,,,,,,,,,,,,,,,,,,", u751 ,m48,,
23933, u751 ," It's alright, Peter, we're fine."",,,,,,,,,,,,,,,,,,,,,,,,,,,,,,,", u753 ,m48,,
23934, u753 ," Whoa there, Tex!  We've been through all this."",,,,,,,,,,,,,,,,,,,,,,,,,,,,,,,", u751 ,m48,,
23935, u751 ," You're that nervous, you're welcome to stay here."",,,,,,,,,,,,,,,,,,,,,,,,,,,,,,,", u753 ,m48,,
23936, u753 ," How'm I s'posed to ever sleep there again knowing some pervo's probably touched everything I own?,,,,,,,,,,,,,,,,,,,,,,,,,,,,,,,", u751 ,m48,,
23937, u751 ," That would be appropriate, yes."",,,,,,,,,,,,,,,,,,,,,,,,,,,,,,,", u753 ,m48,,
23938, u753 ," Am I s'posed to be grateful?,,,,,,,,,,,,,,,,,,,,,,,,,,,,,,,", u751 ,m48,,
23939, u751 ," So saw my hands off, I left you a present."",,,,,,,,,,,,,,,,,,,,,,,,,,,,,,,", u753 ,m48,,
23940, u753 ," How do I know you didn't?,,,,,,,,,,,,,,,,,,,,,,,,,,,,,,,", u751 ,m48,,
23941, u751 ," You make it sound I pawed through your priceless collection of underwear.,,,,,,,,,,,,,,,,,,,,,,,,,,,,,,,", u753 ,m48,,
23942, u753 ," Bent.,,,,,,,,,,,,,,,,,,,,,,,,,,,,,,,", u751 ,m48,,
23943, u751 ," Bent?,,,,,,,,,,,,,,,,,,,,,,,,,,,,,,,", u753 ,m48,,
23944, u753 ," Completely different situation.  I steal things in order to sell them.  For money. It's called commerce.  But some stranger sneaking into a girl's bedroom is...bent.,,,,,,,,,,,,,,,,,,,,,,,,,,,,,,,", u751 ,m48,,
23945, u751 ," Me?  You're the one who tried to rip off this piece.,,,,,,,,,,,,,,,,,,,,,,,,,,,,,,,", u753 ,m48,,
23946, u753 ," You got a lotta nerve.,,,,,,,,,,,,,,,,,,,,,,,,,,,,,,,", u751 ,m48,,
23947, u751 ," It was open.,,,,,,,,,,,,,,,,,,,,,,,,,,,,,,,", u753 ,m48,,
23948, u753 ," Like following me around and pestering the people I work with wasn't bad enough, but breaking into my apartment--"",,,,,,,,,,,,,,,,,,,,,,,,,,,,,,,", u751 ,m48,,
23949, u751 ," I'm not a half bad cook.,,,,,,,,,,,,,,,,,,,,,,,,,,,,,,,", u753 ,m48,,
23950, u753 ," I won't be staying.,,,,,,,,,,,,,,,,,,,,,,,,,,,,,,,", u751 ,m48,,
23951, u751 ," Ever notice how cats always seem to turn up around dinner time?,,,,,,,,,,,,,,,,,,,,,,,,,,,,,,,", u751 ,m48,,
23952, u751 ," Yeah...,,,,,,,,,,,,,,,,,,,,,,,,,,,,,,,", u753 ,m48,,
23953, u753 ," Is the social studies class over for today?,,,,,,,,,,,,,,,,,,,,,,,,,,,,,,,", u751 ,m48,,
23954, u751 ," You accept the way things are, you're an active participant in making it worse."",,,,,,,,,,,,,,,,,,,,,,,,,,,,,,,", u753 ,m48,,
23955, u753 ," Personally, I'm more interested in going fast on my motorcycle or climbing the Trans American building with my pals. Instead of giving myself a headache over stuff I can't do anything about."",,,,,,,,,,,,,,,,,,,,,,,,,,,,,,,", u751 ,m48,,
23956, u751 ," Something.,,,,,,,,,,,,,,,,,,,,,,,,,,,,,,,", u753 ,m48,,
23957, u753 ," So what are you gonna do about it?,,,,,,,,,,,,,,,,,,,,,,,,,,,,,,,", u751 ,m48,,
23958, u751 ," People had a choice, even if they took it for granted.  And now they don't."",,,,,,,,,,,,,,,,,,,,,,,,,,,,,,,", u753 ,m48,,
23959, u753 ," You miss the good ol' days.  Even though there were still poor people who died from diseases when they didn't have to. And rich people spent obscene amounts of money redecorating their houses to match the cat.  Those good ol' days?,,,,,,,,,,,,,,,,,,,,,,,,,,,,,,,", u751 ,m48,,
23960, u751 ," Look around at all this...  Built by people who got up every morning and worked hard trying to make a better life.  Then the bomb happened and everyone got scared.  They blinked and before they knew it they'd given away the store to a bunch of thugs who were happy to take it off their hands.  Overnight the government, the police, everything intended to protect the people had been turned against them."",,,,,,,,,,,,,,,,,,,,,,,,,,,,,,,", u753 ,m48,,
23961, u753 ," So, what, you just like the sound of your own voice?"",,,,,,,,,,,,,,,,,,,,,,,,,,,,,,,", u751 ,m48,,
23962, u751 ," Fortunately, my needs are met in that department."",,,,,,,,,,,,,,,,,,,,,,,,,,,,,,,", u753 ,m48,,
23963, u753 ," What's your shot in all this?  Being a famous, anonymous, underground, pirate, cyber-journalist can't be much of a payday."",,,,,,,,,,,,,,,,,,,,,,,,,,,,,,,", u751 ,m48,,
23964, u751 ," One of my sources.  Her husband was murdered by Edgar Sonrisa.,,,,,,,,,,,,,,,,,,,,,,,,,,,,,,,", u753 ,m48,,
23965, u753 ," Girlfriend?,,,,,,,,,,,,,,,,,,,,,,,,,,,,,,,", u751 ,m48,,
23966, u751 ," Lauren's not my wife.,,,,,,,,,,,,,,,,,,,,,,,,,,,,,,,", u753 ,m48,,
23967, u753 ," How does Mrs. Eyes Only like being married to a guy on everybody's hit list?,,,,,,,,,,,,,,,,,,,,,,,,,,,,,,,", u751 ,m48,,
23968, u751 ," Too early to tell.,,,,,,,,,,,,,,,,,,,,,,,,,,,,,,,", u753 ,m48,,
23969, u753 ," So now you tracked me down.  What d'ya think?,,,,,,,,,,,,,,,,,,,,,,,,,,,,,,,", u751 ,m48,,
23970, u751 ," Now you know who I am, where I live.  I figured I better find out who I'm dealing with in case you were looking to hurt me."",,,,,,,,,,,,,,,,,,,,,,,,,,,,,,,", u753 ,m48,,
23971, u753 ," Am I s'posed to be flattered by all the attention?,,,,,,,,,,,,,,,,,,,,,,,,,,,,,,,", u751 ,m48,,
23972, u751 ," Wasn't that hard.,,,,,,,,,,,,,,,,,,,,,,,,,,,,,,,", u753 ,m48,,
23973, u753 ," How'd you find me?,,,,,,,,,,,,,,,,,,,,,,,,,,,,,,,", u751 ,m48,,
23974, u751 ," The one you're wearing?,,,,,,,,,,,,,,,,,,,,,,,,,,,,,,,", u753 ,m48,,
23975, u753 ," Lemme get my coat.,,,,,,,,,,,,,,,,,,,,,,,,,,,,,,,", u751 ,m48,,
23976, u751 ," Can we go somewhere and talk?,,,,,,,,,,,,,,,,,,,,,,,,,,,,,,,", u753 ,m48,,
23977, u753 ," Sorry about your window.,,,,,,,,,,,,,,,,,,,,,,,,,,,,,,,", u751 ,m48,,
23978, u751 ," Logan Cale.,,,,,,,,,,,,,,,,,,,,,,,,,,,,,,,", u753 ,m48,,
23979, u753 ," Original Cindy, say hi to my good friend--"",,,,,,,,,,,,,,,,,,,,,,,,,,,,,,,", u751 ,m48,,
23980, u751 ," We didn't get a chance to finish our conversation the other night.,,,,,,,,,,,,,,,,,,,,,,,,,,,,,,,", u753 ,m48,,
23981, u753 ," So this guy walks into a bar and says...,,,,,,,,,,,,,,,,,,,,,,,,,,,,,,,", u753 ,m48,,
23982, u753 ," The goddess who comprehends all goddesses, eye of Ra, protector, avenger, and destroyer, giver of life, who lives forever... I could keep going."",,,,,,,,,,,,,,,,,,,,,,,,,,,,,,,", u751 ,m48,,
23983, u751 ," Who is...,,,,,,,,,,,,,,,,,,,,,,,,,,,,,,,", u753 ,m48,,
23984, u753 ," No, because it's the Egyptian goddess Bast."",,,,,,,,,,,,,,,,,,,,,,,,,,,,,,,", u751 ,m48,,
23985, u751 ," So, what, you liked it because it was shiny?"",,,,,,,,,,,,,,,,,,,,,,,,,,,,,,,", u753 ,m48,,
23986, u753 ," Whoever that is.,,,,,,,,,,,,,,,,,,,,,,,,,,,,,,,", u751 ,m48,,
23987, u751 ," You have good taste.  French, 1920's, attributed to Chitarus."",,,,,,,,,,,,,,,,,,,,,,,,,,,,,,,", u751 ,m48,,
23988, u751 ," We're just a little tense right now...  It's okay.,,,,,,,,,,,,,,,,,,,,,,,,,,,,,,,", u753 ,m48,,
23989, u753 ," I'm sorry if I caught you at a bad time.,,,,,,,,,,,,,,,,,,,,,,,,,,,,,,,", u751 ,m48,,
23990, u751 ," You're lucky.  I almost pulled the trigger.,,,,,,,,,,,,,,,,,,,,,,,,,,,,,,,", u753 ,m48,,
23991, u753 ," Guess it wasn't the pizza delivery guy.,,,,,,,,,,,,,,,,,,,,,,,,,,,,,,,", u751 ,m48,,
23992, u751 ," I was expecting someone else.,,,,,,,,,,,,,,,,,,,,,,,,,,,,,,,", u753 ,m48,,
23993, u753 ," First time I ever heard that.,,,,,,,,,,,,,,,,,,,,,,,,,,,,,,,", u751 ,m48,,
23994, u751 ," Thank God.,,,,,,,,,,,,,,,,,,,,,,,,,,,,,,,", u753 ,m48,,
23995, u753 ," Girl's gotta make a living.,,,,,,,,,,,,,,,,,,,,,,,,,,,,,,,", u751 ,m48,,
23996, u751 ," You're a thief?,,,,,,,,,,,,,,,,,,,,,,,,,,,,,,,", u751 ,m48,,
23997, u751 ," I'll wait.,,,,,,,,,,,,,,,,,,,,,,,,,,,,,,,", u754 ,m48,,
23998, u754 ," None.,,,,,,,,,,,,,,,,,,,,,,,,,,,,,,,", u751 ,m48,,
23999, u751 ," Any idea when she'll be back?,,,,,,,,,,,,,,,,,,,,,,,,,,,,,,,", u754 ,m48,,
24000, u754 ," Max something.  I got no clue where she stays.,,,,,,,,,,,,,,,,,,,,,,,,,,,,,,,", u754 ,m48,,
24001, u754 ," Can't help you.,,,,,,,,,,,,,,,,,,,,,,,,,,,,,,,", u751 ,m48,,
24002, u751 ," I need to talk to her.,,,,,,,,,,,,,,,,,,,,,,,,,,,,,,,", u754 ,m48,,
24003, u754 ," She may be easy on the eyes but she's trouble, trust me.  Hot run to two-oh-two Sansomme."",,,,,,,,,,,,,,,,,,,,,,,,,,,,,,,", u751 ,m48,,
24004, u751 ," But she does work here?,,,,,,,,,,,,,,,,,,,,,,,,,,,,,,,", u754 ,m48,,
24005, u754 ," You don't want to.,,,,,,,,,,,,,,,,,,,,,,,,,,,,,,,", u751 ,m48,,
24006, u751 ," Know where I can find her?,,,,,,,,,,,,,,,,,,,,,,,,,,,,,,,", u754 ,m48,,
24007, u754 ," Ladies would be elsewhere.,,,,,,,,,,,,,,,,,,,,,,,,,,,,,,,", u751 ,m48,,
24008, u751 ," I'm looking for a lady who works here.,,,,,,,,,,,,,,,,,,,,,,,,,,,,,,,", u753 ,m48,,
24009, u753 ," And if I ever catch you coming near my man again...,,,,,,,,,,,,,,,,,,,,,,,,,,,,,,,", u752 ,m48,,
24010, u752 ," I understand.,,,,,,,,,,,,,,,,,,,,,,,,,,,,,,,", u753 ,m48,,
24011, u753 ," Say the words, """"I understand."""""",,,,,,,,,,,,,,,,,,,,,,,,,,,,,,,", u752 ,m48,,
24012, u752 ," Okay, okay."",,,,,,,,,,,,,,,,,,,,,,,,,,,,,,,", u753 ,m48,,
24013, u753 ," Now, here's how it's gonna be, Lydia. You're gonna take your threats and your acrylic nails, and you're gonna go home and figure out your marriage, instead of trying to make other people feel as miserable as you do, understand?"",,,,,,,,,,,,,,,,,,,,,,,,,,,,,,,", u752 ,m48,,
24014, u752 ," Help... Lemme go... No, don't let me go... Help..."",,,,,,,,,,,,,,,,,,,,,,,,,,,,,,,", u752 ,m48,,
24015, u752 ," Let go of my hand.,,,,,,,,,,,,,,,,,,,,,,,,,,,,,,,", u753 ,m48,,
24016, u753 ," This is not a place you wanna go.,,,,,,,,,,,,,,,,,,,,,,,,,,,,,,,", u752 ,m48,,
24017, u752 ," Not before we get something straight you prissy little bitch.  I decide when I'm done with your boyfriend.  Not him, and certainly not you.  Unless maybe you want to find out just how sharp these nails really are."",,,,,,,,,,,,,,,,,,,,,,,,,,,,,,,", u753 ,m48,,
24018, u753 ," I think you should go now.,,,,,,,,,,,,,,,,,,,,,,,,,,,,,,,", u752 ,m48,,
24019, u752 ," You're also a fool.,,,,,,,,,,,,,,,,,,,,,,,,,,,,,,,", u753 ,m48,,
24020, u753 ," Big part of loving someone's being able to forgive them.,,,,,,,,,,,,,,,,,,,,,,,,,,,,,,,", u752 ,m48,,
24021, u752 ," How sweet.  Standing by your man, even after what he did.  You're a very understanding person."",,,,,,,,,,,,,,,,,,,,,,,,,,,,,,,", u753 ,m48,,
24022, u753 ," Well, it's over between you and him. We're getting married next month."",,,,,,,,,,,,,,,,,,,,,,,,,,,,,,,", u752 ,m48,,
24023, u752 ," Oh?,,,,,,,,,,,,,,,,,,,,,,,,,,,,,,,", u753 ,m48,,
24024, u753 ," And so should you.  Sketchy told me I could expect a visit from you.  I know all about how you threatened him.  That if he didn't break it off with me, you'd save him the trouble."",,,,,,,,,,,,,,,,,,,,,,,,,,,,,,,", u752 ,m48,,
24025, u752 ," I thought it was important for you to know the facts.,,,,,,,,,,,,,,,,,,,,,,,,,,,,,,,", u753 ,m48,,
24026, u753 ," Look, I don't know what you want--"",,,,,,,,,,,,,,,,,,,,,,,,,,,,,,,", u752 ,m48,,
24027, u752 ," He been sleeping in a T-shirt lately?  That's so you won't see the fingernail marks on his back.  Bet you didn't know your boyfriend finds a little pain exciting.  He didn't either...at first.,,,,,,,,,,,,,,,,,,,,,,,,,,,,,,,", u753 ,m48,,
24028, u753 ," How do I know you're telling the truth?,,,,,,,,,,,,,,,,,,,,,,,,,,,,,,,", u752 ,m48,,
24029, u752 ," With me, where he's been after work, three, sometimes four nights a week for the last two months... We have what you might call an intimate relationship."",,,,,,,,,,,,,,,,,,,,,,,,,,,,,,,", u753 ,m48,,
24030, u753 ," You said you knew where my fiance was the other night.,,,,,,,,,,,,,,,,,,,,,,,,,,,,,,,", u752 ,m48,,
24031, u752 ," My name's Lydia.  And it seems you and I have a lot in common.,,,,,,,,,,,,,,,,,,,,,,,,,,,,,,,", u753 ,m48,,
24032, u753 ," Who are you?,,,,,,,,,,,,,,,,,,,,,,,,,,,,,,,", u752 ,m48,,
24033, u752 ," To set the record straight about where he was the other night when he said he was working late.,,,,,,,,,,,,,,,,,,,,,,,,,,,,,,,", u753 ,m48,,
24034, u753 ," What do you want?,,,,,,,,,,,,,,,,,,,,,,,,,,,,,,,", u752 ,m48,,
24035, u752 ," A friend of your fiance's.,,,,,,,,,,,,,,,,,,,,,,,,,,,,,,,", u753 ,m48,,
24036, u753 ," Who is it?,,,,,,,,,,,,,,,,,,,,,,,,,,,,,,,", u753 ,m48,,
24037, u753 ," I'm on my way.,,,,,,,,,,,,,,,,,,,,,,,,,,,,,,,", u760 ,m48,,
24038, u760 ," One-seven-four-nine-five Natoma.,,,,,,,,,,,,,,,,,,,,,,,,,,,,,,,", u753 ,m48,,
24039, u753 ," Just give it to me.  I'll remember.,,,,,,,,,,,,,,,,,,,,,,,,,,,,,,,", u760 ,m48,,
24040, u760 ," Got a pencil?,,,,,,,,,,,,,,,,,,,,,,,,,,,,,,,", u753 ,m48,,
24041, u753 ," Zero... C'mon, Dan I don't have all day."",,,,,,,,,,,,,,,,,,,,,,,,,,,,,,,", u753 ,m48,,
24042, u753 ," Just do it... Five-seven-five-oh- eight...,,,,,,,,,,,,,,,,,,,,,,,,,,,,,,,", u760 ,m48,,
24043, u760 ," Sure you wanna be havin' this conversation over the phone?,,,,,,,,,,,,,,,,,,,,,,,,,,,,,,,", u753 ,m48,,
24044, u753 ," I need a favor... I need you to trace a number for me.,,,,,,,,,,,,,,,,,,,,,,,,,,,,,,,", u753 ,m48,,
24045, u753 ," You and me both.,,,,,,,,,,,,,,,,,,,,,,,,,,,,,,,", u760 ,m48,,
24046, u760 ," I'm sorry I couldn't come up with something more positive.,,,,,,,,,,,,,,,,,,,,,,,,,,,,,,,", u753 ,m48,,
24047, u753 ," Bastard...,,,,,,,,,,,,,,,,,,,,,,,,,,,,,,,", u760 ,m48,,
24048, u760 ," Your fiance has four previous wives.  His M.O. is to clean 'em out and take off.  Which is what you oughta do.,,,,,,,,,,,,,,,,,,,,,,,,,,,,,,,", u760 ,m48,,
24049, u760 ," I'm you, I take that money and get outta town while you can."",,,,,,,,,,,,,,,,,,,,,,,,,,,,,,,", u753 ,m48,,
24050, u753 ," You're crazy.,,,,,,,,,,,,,,,,,,,,,,,,,,,,,,,", u760 ,m48,,
24051, u760 ," Hardware's too sophisticated.  It's gotta be the government.  And why do I think they're looking for you?,,,,,,,,,,,,,,,,,,,,,,,,,,,,,,,", u753 ,m48,,
24052, u753 ," Like you said, maybe somebody's tracking one of your investigations."",,,,,,,,,,,,,,,,,,,,,,,,,,,,,,,", u760 ,m48,,
24053, u760 ," They lifted my wallet to make it look like a robbery.  But there's a bug in my computer keyboard, a tap on the phone and a mike in the light fixture."",,,,,,,,,,,,,,,,,,,,,,,,,,,,,,,", u753 ,m48,,
24054, u753 ," How's this about me?,,,,,,,,,,,,,,,,,,,,,,,,,,,,,,,", u760 ,m48,,
24055, u760 ," Whoever tossed this place wants you.  And I'm looking to stay outta the line of fire.,,,,,,,,,,,,,,,,,,,,,,,,,,,,,,,", u753 ,m48,,
24056, u753 ," Here's your money.,,,,,,,,,,,,,,,,,,,,,,,,,,,,,,,", u760 ,m48,,
24057, u760 ," I don't know what your story is and I don't want to.,,,,,,,,,,,,,,,,,,,,,,,,,,,,,,,", u760 ,m48,,
24058, u760 ," I'll live... Regarding your case...I'm afraid I've come up with some bad news on your fiance.  Lemme get the file.,,,,,,,,,,,,,,,,,,,,,,,,,,,,,,,", u753 ,m48,,
24059, u753 ," As long as you're okay.,,,,,,,,,,,,,,,,,,,,,,,,,,,,,,,", u753 ,m48,,
24060, u753 ," More money... Like I'm shocked to hear you say that.,,,,,,,,,,,,,,,,,,,,,,,,,,,,,,,", u760 ,m48,,
24061, u760 ," Nothing so far from arrests, hospital admissions or coroners.  This kind of search...it's heavy spadework.  I'm gonna need--"",,,,,,,,,,,,,,,,,,,,,,,,,,,,,,,", u753 ,m48,,
24062, u753 ," You were gonna run through the law enforcement databases for a match on identifying marks.,,,,,,,,,,,,,,,,,,,,,,,,,,,,,,,", u760 ,m48,,
24063, u760 ," They don't exactly have a search engine for finding a bunch of kids with bar- codes on their necks, which is something I'm not even going to ask about--"",,,,,,,,,,,,,,,,,,,,,,,,,,,,,,,", u753 ,m48,,
24064, u753 ," What about the other kids?  You get anything on them?,,,,,,,,,,,,,,,,,,,,,,,,,,,,,,,", u760 ,m48,,
24065, u760 ," Only a last name would be nice.  Or the nearest town to this...clinic.,,,,,,,,,,,,,,,,,,,,,,,,,,,,,,,", u753 ,m48,,
24066, u753 ," She was a nurse.  She must've lived near there, somewhere, near the...  ...the clinic.  There must be some registry of nurses or medical technicians or whatever for Wyoming."",,,,,,,,,,,,,,,,,,,,,,,,,,,,,,,", u760 ,m48,,
24067, u760 ," A nuclear airburst wipes out every record of every kind in every computer east of the Rockies, and you want me to find some woman you met when you were seven, whose last name you don't even know... Maybe if you could give me something more on her...anything you can remember, some detail..."",,,,,,,,,,,,,,,,,,,,,,,,,,,,,,,", u753 ,m48,,
24068, u753 ," Nothing on Hannah?,,,,,,,,,,,,,,,,,,,,,,,,,,,,,,,", u760 ,m48,,
24069, u760 ," Then what?  That's it.  That's all I got.,,,,,,,,,,,,,,,,,,,,,,,,,,,,,,,", u753 ,m48,,
24070, u753 ," Then what?,,,,,,,,,,,,,,,,,,,,,,,,,,,,,,,", u760 ,m48,,
24071, u760 ," Guy says he made the trade in Gillette, Wyoming sometime in the fall of oh-nine."",,,,,,,,,,,,,,,,,,,,,,,,,,,,,,,", u760 ,m48,,
24072, u760 ," He says he got it from a woman.  Doesn't remember her name but she fits the description you gave like a glove.,,,,,,,,,,,,,,,,,,,,,,,,,,,,,,,", u753 ,m48,,
24073, u753 ," Thank you.,,,,,,,,,,,,,,,,,,,,,,,,,,,,,,,", u760 ,m48,,
24074, u760 ," He got the car in a trade for his old pick-up and some food...no bill of sale or nothing.  It was right after the pulse so all the DMV records were wiped.  So we don't get anything on the seller.  Except I actually managed to find this guy, six hours on the phone... Say thank you."",,,,,,,,,,,,,,,,,,,,,,,,,,,,,,,", u753 ,m48,,
24075, u753 ," Who's this guy?  This isn't who we're looking for...her name was Hannah.,,,,,,,,,,,,,,,,,,,,,,,,,,,,,,,", u753 ,m48,,
24076, u753 ," Sorry, I was seven at the time."",,,,,,,,,,,,,,,,,,,,,,,,,,,,,,,", u760 ,m48,,
24077, u760 ," I got a hit on the car.  An oh-five Tahoe, blue, with Wyoming tags... AGT349... It wasn't easy 'cause you were off in one of the numbers."",,,,,,,,,,,,,,,,,,,,,,,,,,,,,,,", u760 ,m48,,
24078, u760 ," Right here someplace.,,,,,,,,,,,,,,,,,,,,,,,,,,,,,,,", u753 ,m48,,
24079, u753 ," My name's not kid.  It's client.  As in the person who pays for your opulent lifestyle.  Now, you got something for me or not?"",,,,,,,,,,,,,,,,,,,,,,,,,,,,,,,", u760 ,m48,,
24080, u760 ," You got a punk-ass mouth on you, kid."",,,,,,,,,,,,,,,,,,,,,,,,,,,,,,,", u753 ,m48,,
24081, u753 ," Yeah, does kinda break the elegant atmosphere you got goin' on here."",,,,,,,,,,,,,,,,,,,,,,,,,,,,,,,", u760 ,m48,,
24082, u760 ," You drive away business roarin' in like that.,,,,,,,,,,,,,,,,,,,,,,,,,,,,,,,", u753 ,m48,,
24083, u753 ," You did.,,,,,,,,,,,,,,,,,,,,,,,,,,,,,,,", u760 ,m48,,
24084, u760 ," I asked you to keep that thing outside.,,,,,,,,,,,,,,,,,,,,,,,,,,,,,,,", u753 ,m48,,
24085, u753 ," But, of course, there's nothing self- serving in that scenario."",,,,,,,,,,,,,,,,,,,,,,,,,,,,,,,", u755 ,m48,,
24086, u755 ," I say hang the bastard out to dry, let her see him for the heel he is, then maybe she'll step to the all-girl team and let mama-licious ease her pain."",,,,,,,,,,,,,,,,,,,,,,,,,,,,,,,", u753 ,m48,,
24087, u753 ," Besides, think of the drama I'm sparing Natalie."",,,,,,,,,,,,,,,,,,,,,,,,,,,,,,,", u755 ,m48,,
24088, u755 ," Only one I can think of.,,,,,,,,,,,,,,,,,,,,,,,,,,,,,,,", u753 ,m48,,
24089, u753 ," They don't have a lot of moving parts.,,,,,,,,,,,,,,,,,,,,,,,,,,,,,,,", u755 ,m48,,
24090, u755 ," So are dogs.,,,,,,,,,,,,,,,,,,,,,,,,,,,,,,,", u753 ,m48,,
24091, u753 ," They're prisoners to their genes.,,,,,,,,,,,,,,,,,,,,,,,,,,,,,,,", u755 ,m48,,
24092, u755 ," Please...,,,,,,,,,,,,,,,,,,,,,,,,,,,,,,,", u753 ,m48,,
24093, u753 ," And because I actually kinda feel sorry for guys sometimes.,,,,,,,,,,,,,,,,,,,,,,,,,,,,,,,", u755 ,m48,,
24094, u755 ," Friends don't help other friends cheat.,,,,,,,,,,,,,,,,,,,,,,,,,,,,,,,", u753 ,m48,,
24095, u753 ," And because he's my friend.,,,,,,,,,,,,,,,,,,,,,,,,,,,,,,,", u755 ,m48,,
24096, u755 ," Unlikely.,,,,,,,,,,,,,,,,,,,,,,,,,,,,,,,", u753 ,m48,,
24097, u753 ," Yeah, 'cause maybe he's learned his lesson."",,,,,,,,,,,,,,,,,,,,,,,,,,,,,,,", u755 ,m48,,
24098, u755 ," You're actually gonna bail Sketchy out.,,,,,,,,,,,,,,,,,,,,,,,,,,,,,,,", u753 ,m48,,
24099, u753 ," It's a secret.,,,,,,,,,,,,,,,,,,,,,,,,,,,,,,,", u755 ,m48,,
24100, u755 ," Where?,,,,,,,,,,,,,,,,,,,,,,,,,,,,,,,", u753 ,m48,,
24101, u753 ," Gotta go.,,,,,,,,,,,,,,,,,,,,,,,,,,,,,,,", u755 ,m48,,
24102, u755 ," More like a mystery... Which isn't bad. It's just kinduv...mysterious...,,,,,,,,,,,,,,,,,,,,,,,,,,,,,,,", u753 ,m48,,
24103, u753 ," A fog bank.,,,,,,,,,,,,,,,,,,,,,,,,,,,,,,,", u755 ,m48,,
24104, u755 ," And back at ya.  Only there's a part of you that's... I don't know--,,,,,,,,,,,,,,,,,,,,,,,,,,,,,,,", u753 ,m48,,
24105, u753 ," Because you're probably my closest friend in the whole world.,,,,,,,,,,,,,,,,,,,,,,,,,,,,,,,", u755 ,m48,,
24106, u755 ," Long enough for you to pretty much read me like a book, right?"",,,,,,,,,,,,,,,,,,,,,,,,,,,,,,,", u753 ,m48,,
24107, u753 ," A long time.,,,,,,,,,,,,,,,,,,,,,,,,,,,,,,,", u755 ,m48,,
24108, u755 ," How long you and me known each other?,,,,,,,,,,,,,,,,,,,,,,,,,,,,,,,", u753 ,m48,,
24109, u753 ," If I knew what you were saying, I wouldn't be asking."",,,,,,,,,,,,,,,,,,,,,,,,,,,,,,,", u755 ,m48,,
24110, u755 ," You know what I'm saying.,,,,,,,,,,,,,,,,,,,,,,,,,,,,,,,", u753 ,m48,,
24111, u753 ," A little what?,,,,,,,,,,,,,,,,,,,,,,,,,,,,,,,", u755 ,m48,,
24112, u755 ," Hell yeah.  There's not the slightest grain of truth in anything that idiot was saying.  You are a totally down-ass female and a straight-up friend who happens to be a little...,,,,,,,,,,,,,,,,,,,,,,,,,,,,,,,", u753 ,m48,,
24113, u753 ," Yeah.,,,,,,,,,,,,,,,,,,,,,,,,,,,,,,,", u755 ,m48,,
24114, u755 ," He was just trying to blame you 'cause he's a slut.,,,,,,,,,,,,,,,,,,,,,,,,,,,,,,,", u753 ,m48,,
24115, u753 ," No.,,,,,,,,,,,,,,,,,,,,,,,,,,,,,,,", u755 ,m48,,
24116, u755 ," You're not seriously buying into Darren's nonsense.,,,,,,,,,,,,,,,,,,,,,,,,,,,,,,,", u753 ,m48,,
24117, u753 ," Tell me the truth.  Am I a female fog bank?,,,,,,,,,,,,,,,,,,,,,,,,,,,,,,,", u755 ,m48,,
24118, u755 ," What?,,,,,,,,,,,,,,,,,,,,,,,,,,,,,,,", u753 ,m48,,
24119, u753 ," That's odd...,,,,,,,,,,,,,,,,,,,,,,,,,,,,,,,", u753 ,m48,,
24120, u753 ," I just don't go in with any expectations.,,,,,,,,,,,,,,,,,,,,,,,,,,,,,,,", u755 ,m48,,
24121, u755 ," You're way more philosophical than I could ever be.,,,,,,,,,,,,,,,,,,,,,,,,,,,,,,,", u753 ,m48,,
24122, u753 ," What guys do.  'Nother order.,,,,,,,,,,,,,,,,,,,,,,,,,,,,,,,", u755 ,m48,,
24123, u755 ," Craps all over everything and everyone and then wants mommy to forgive him.,,,,,,,,,,,,,,,,,,,,,,,,,,,,,,,", u755 ,m48,,
24124, u755 ," Shame, wastin' a girl like that on a guy, but what're you gonna do?"",,,,,,,,,,,,,,,,,,,,,,,,,,,,,,,", u753 ,m48,,
24125, u753 ," Straight.,,,,,,,,,,,,,,,,,,,,,,,,,,,,,,,", u755 ,m48,,
24126, u755 ," Now, why can't I find a girlfriend like that?  Brings him lunch everyday, thoughtful, sweet, legs from here to there--"",,,,,,,,,,,,,,,,,,,,,,,,,,,,,,,", u755 ,m48,,
24127, u755 ," No, but I broke a nail giving him a cranium crack and that just sort of wrecks your day, know what I'm saying?"",,,,,,,,,,,,,,,,,,,,,,,,,,,,,,,", u753 ,m48,,
24128, u753 ," At least he didn't swing with your ride.,,,,,,,,,,,,,,,,,,,,,,,,,,,,,,,", u755 ,m48,,
24129, u755 ," Caught some son-of-a-bitch stealing my bike.  Used a car jack to blow out my U lock and bent a bunch of spokes.  So now I gotta get my wheels fixed.,,,,,,,,,,,,,,,,,,,,,,,,,,,,,,,", u753 ,m48,,
24130, u753 ," Morning, Sunshine..."",,,,,,,,,,,,,,,,,,,,,,,,,,,,,,,", u753 ,m48,,
24131, u753 ," Okay...idea.  Compromise, right?  Bruno here comes with me.  He holds the money until mommy shows up, then we close escrow.  What you do with her after I'm gone doesn't keep me awake nights."",,,,,,,,,,,,,,,,,,,,,,,,,,,,,,,", u757 ,m48,,
24132, u757 ," You get it when I get her.,,,,,,,,,,,,,,,,,,,,,,,,,,,,,,,", u753 ,m48,,
24133, u753 ," Can you put that in a bag or something?,,,,,,,,,,,,,,,,,,,,,,,,,,,,,,,", u753 ,m48,,
24134, u753 ," She's gonna want to hear for herself.,,,,,,,,,,,,,,,,,,,,,,,,,,,,,,,", u757 ,m48,,
24135, u757 ," She's got my word.,,,,,,,,,,,,,,,,,,,,,,,,,,,,,,,", u753 ,m48,,
24136, u753 ," She's gonna need to know that her little girl's alright.,,,,,,,,,,,,,,,,,,,,,,,,,,,,,,,", u757 ,m48,,
24137, u757 ," Make the call.,,,,,,,,,,,,,,,,,,,,,,,,,,,,,,,", u753 ,m48,,
24138, u753 ," I have sincere eyes.,,,,,,,,,,,,,,,,,,,,,,,,,,,,,,,", u757 ,m48,,
24139, u757 ," And she bought that?,,,,,,,,,,,,,,,,,,,,,,,,,,,,,,,", u753 ,m48,,
24140, u753 ," I told her it's just business to you, that all you want is a reasonable solution to this.  You give her daughter back, she agrees to leave the country.  I play the guarantor, drive her down to Mexico tonight, and put her on a train to Brazil or wherever."",,,,,,,,,,,,,,,,,,,,,,,,,,,,,,,", u757 ,m48,,
24141, u757 ," So, how do you get the woman to come to me?"",,,,,,,,,,,,,,,,,,,,,,,,,,,,,,,", u757 ,m48,,
24142, u757 ," Pull the cash.,,,,,,,,,,,,,,,,,,,,,,,,,,,,,,,", u753 ,m48,,
24143, u753 ," Look, you're a player... I'm bringing you this on a plate, and my fee is just the normal cost of doing business."",,,,,,,,,,,,,,,,,,,,,,,,,,,,,,,", u753 ,m48,,
24144, u753 ," What, you gonna put me on your Christmas card list?"",,,,,,,,,,,,,,,,,,,,,,,,,,,,,,,", u757 ,m48,,
24145, u757 ," Who are you?,,,,,,,,,,,,,,,,,,,,,,,,,,,,,,,", u753 ,m48,,
24146, u753 ," You're gonna pay me fifty thousand dollars...,,,,,,,,,,,,,,,,,,,,,,,,,,,,,,,", u757 ,m48,,
24147, u757 ," I actually know how this works.,,,,,,,,,,,,,,,,,,,,,,,,,,,,,,,", u753 ,m48,,
24148, u753 ," Only way you're ever gonna find out is reincarnation... Fact is, you are gonna pay me, and I am gonna provide you with a service."",,,,,,,,,,,,,,,,,,,,,,,,,,,,,,,", u757 ,m48,,
24149, u757 ," Quite a mouth on a girl so young...  ...but my guess is talking is not what it does best.,,,,,,,,,,,,,,,,,,,,,,,,,,,,,,,", u753 ,m48,,
24150, u753 ," Right after you change your wardrobe, your personality and drop about thirty pounds."",,,,,,,,,,,,,,,,,,,,,,,,,,,,,,,", u757 ,m48,,
24151, u757 ," Not right now?  Okay, when?"",,,,,,,,,,,,,,,,,,,,,,,,,,,,,,,", u753 ,m48,,
24152, u753 ," Not right now.,,,,,,,,,,,,,,,,,,,,,,,,,,,,,,,", u757 ,m48,,
24153, u757 ," I'll bet you can.  Sit.,,,,,,,,,,,,,,,,,,,,,,,,,,,,,,,", u753 ,m48,,
24154, u753 ," Yeah, I can see to it your winning streak continues."",,,,,,,,,,,,,,,,,,,,,,,,,,,,,,,", u753 ,m48,,
24155, u753 ," You can tell 'em yourself tomorrow.,,,,,,,,,,,,,,,,,,,,,,,,,,,,,,,", u759 ,m48,,
24156, u759 ," Tell everybody hey.,,,,,,,,,,,,,,,,,,,,,,,,,,,,,,,", u753 ,m48,,
24157, u753 ," Here's the dealio on Eyes Only.  He's probably some wack rich dude sitting around in a trick-ass apartment, bored stupid.  So he gets off on scarin' the poop outta folks like you-- I gotta go."",,,,,,,,,,,,,,,,,,,,,,,,,,,,,,,", u759 ,m48,,
24158, u759 ," What if he's on the level?,,,,,,,,,,,,,,,,,,,,,,,,,,,,,,,", u753 ,m48,,
24159, u753 ," Don't believe everything you hear on TV.,,,,,,,,,,,,,,,,,,,,,,,,,,,,,,,", u759 ,m48,,
24160, u759 ," I know what I got, Max.  They put me back on that drug they're giving the other vets.  Only the guy does those cable hacks says the stuff's no good."",,,,,,,,,,,,,,,,,,,,,,,,,,,,,,,", u753 ,m48,,
24161, u753 ," Probably a touch of what's going around.,,,,,,,,,,,,,,,,,,,,,,,,,,,,,,,", u759 ,m48,,
24162, u759 ," Feel like the dog's dinner.,,,,,,,,,,,,,,,,,,,,,,,,,,,,,,,", u753 ,m48,,
24163, u753 ," Playing hooky again?,,,,,,,,,,,,,,,,,,,,,,,,,,,,,,,", u759 ,m48,,
24164, u759 ," You're the best, Maxie."",,,,,,,,,,,,,,,,,,,,,,,,,,,,,,,", u753 ,m48,,
24165, u753 ," It's payday, need me to pick up your check?"",,,,,,,,,,,,,,,,,,,,,,,,,,,,,,,", u753 ,m48,,
24166, u753 ," Shut-up...,,,,,,,,,,,,,,,,,,,,,,,,,,,,,,,", u756 ,m48,,
24167, u756 ," That was extreme!  Did you see that one guy--,,,,,,,,,,,,,,,,,,,,,,,,,,,,,,,", u753 ,m48,,
24168, u753 ," Say the words, """"I understand."""""",,,,,,,,,,,,,,,,,,,,,,,,,,,,,,,", u756 ,m48,,
24169, u756 ," Okay, okay, okay--"",,,,,,,,,,,,,,,,,,,,,,,,,,,,,,,", u753 ,m48,,
24170, u753 ," You were trying to have it both ways and you were being completely selfish.  And if I ever find out you're going out the back door on Natalie again, you're the one who's gonna be hanging by your ankles three stories up.  Understand?"",,,,,,,,,,,,,,,,,,,,,,,,,,,,,,,", u756 ,m48,,
24171, u756 ," True, but--"",,,,,,,,,,,,,,,,,,,,,,,,,,,,,,,", u753 ,m48,,
24172, u753 ," None of this would've happened if you had exercised even a smidgen of good judgement or self-restraint, which you didn't."",,,,,,,,,,,,,,,,,,,,,,,,,,,,,,,", u756 ,m48,,
24173, u756 ," She was the one--,,,,,,,,,,,,,,,,,,,,,,,,,,,,,,,", u753 ,m48,,
24174, u753 ," You would be making a mistake to come away from this thinking she's the villain in the piece... You are.,,,,,,,,,,,,,,,,,,,,,,,,,,,,,,,", u756 ,m48,,
24175, u756 ," She's toxic...monster in bed, but toxic."",,,,,,,,,,,,,,,,,,,,,,,,,,,,,,,", u753 ,m48,,
24176, u753 ," Lydia may not have been one of humanity's finer specimens but--,,,,,,,,,,,,,,,,,,,,,,,,,,,,,,,", u756 ,m48,,
24177, u756 ," No, I'm serious.  That psycho got exactly what she deserved... Yes."",,,,,,,,,,,,,,,,,,,,,,,,,,,,,,,", u753 ,m48,,
24178, u753 ," Easy Sketchy.,,,,,,,,,,,,,,,,,,,,,,,,,,,,,,,", u756 ,m48,,
24179, u756 ," You rock, Max.  You... Rock..."",,,,,,,,,,,,,,,,,,,,,,,,,,,,,,,", u753 ,m48,,
24180, u753 ," You don't.,,,,,,,,,,,,,,,,,,,,,,,,,,,,,,,", u756 ,m48,,
24181, u756 ," Max, what did I do to deserve a friend like you?"",,,,,,,,,,,,,,,,,,,,,,,,,,,,,,,", u753 ,m48,,
24182, u753 ," I'll give it my best shot.,,,,,,,,,,,,,,,,,,,,,,,,,,,,,,,", u756 ,m48,,
24183, u756 ," She came by the apartment once already. Fortunately, I'd disconnected the doorbell as a precaution... Lydia's not gonna back off until she gets her pound of flesh."",,,,,,,,,,,,,,,,,,,,,,,,,,,,,,,", u753 ,m48,,
24184, u753 ," And we're sure Lydia's gonna make her move?,,,,,,,,,,,,,,,,,,,,,,,,,,,,,,,", u756 ,m48,,
24185, u756 ," Convinced her she needed to visit her mom in San Mateo.,,,,,,,,,,,,,,,,,,,,,,,,,,,,,,,", u753 ,m48,,
24186, u753 ," How'd you get her out of town?,,,,,,,,,,,,,,,,,,,,,,,,,,,,,,,", u756 ,m48,,
24187, u756 ," I just don't want Natalie to ever find out.  She deserves better.,,,,,,,,,,,,,,,,,,,,,,,,,,,,,,,", u753 ,m48,,
24188, u753 ," Or, I dissolve into an angry, hysterical wreck who never wants to see your lying ass again, which is probably what would really happen."",,,,,,,,,,,,,,,,,,,,,,,,,,,,,,,", u756 ,m48,,
24189, u756 ," But you explain that you're a compassionate and understanding person who can find it in your heart to forgive me.,,,,,,,,,,,,,,,,,,,,,,,,,,,,,,,", u753 ,m48,,
24190, u753 ," --a philandering pig.,,,,,,,,,,,,,,,,,,,,,,,,,,,,,,,", u756 ,m48,,
24191, u756 ," She tells you how I've been--,,,,,,,,,,,,,,,,,,,,,,,,,,,,,,,", u753 ,m48,,
24192, u753 ," You set up on Lydia.  When she's on her way over to the apartment you give me the heads up.  I answer the door and pretend to be Natalie.,,,,,,,,,,,,,,,,,,,,,,,,,,,,,,,", u756 ,m48,,
24193, u756 ," So you're straight on how this is gonna go down.,,,,,,,,,,,,,,,,,,,,,,,,,,,,,,,", u756 ,m48,,
24194, u756 ," Look Max, I made a terrible mistake.  One I'll never, ever make again.  Natalie and I are soulmates.  I know that now.  She's the woman I want to spend the rest of my life with.  I guess it took the thought of losing her for me to understand that."",,,,,,,,,,,,,,,,,,,,,,,,,,,,,,,", u753 ,m48,,
24195, u753 ," And why should she?,,,,,,,,,,,,,,,,,,,,,,,,,,,,,,,", u756 ,m48,,
24196, u756 ," Even if she doesn't dump me, which is unlikely, she'd never be able to trust me again."",,,,,,,,,,,,,,,,,,,,,,,,,,,,,,,", u753 ,m48,,
24197, u753 ," What happens if you level with her?,,,,,,,,,,,,,,,,,,,,,,,,,,,,,,,", u756 ,m48,,
24198, u756 ," Who either doesn't care, or could have me killed.  Either way, Natalie's still gonna find out."",,,,,,,,,,,,,,,,,,,,,,,,,,,,,,,", u753 ,m48,,
24199, u753 ," Fight fire with fire.  Threaten to go to her husband.,,,,,,,,,,,,,,,,,,,,,,,,,,,,,,,", u756 ,m48,,
24200, u756 ," She's as much as said so.  But she doesn't want to share her toy with anyone else... It's just an ego thing with her.,,,,,,,,,,,,,,,,,,,,,,,,,,,,,,,", u753 ,m48,,
24201, u753 ," A toy?,,,,,,,,,,,,,,,,,,,,,,,,,,,,,,,", u756 ,m48,,
24202, u756 ," I'm a toy to her.,,,,,,,,,,,,,,,,,,,,,,,,,,,,,,,", u753 ,m48,,
24203, u753 ," And Lydia telling Natalie the truth makes you a victim in what way?,,,,,,,,,,,,,,,,,,,,,,,,,,,,,,,", u756 ,m48,,
24204, u756 ," Lydia.,,,,,,,,,,,,,,,,,,,,,,,,,,,,,,,", u753 ,m48,,
24205, u753 ," Does this person have a name?,,,,,,,,,,,,,,,,,,,,,,,,,,,,,,,", u756 ,m48,,
24206, u756 ," She had me followed the other day and found out about Natalie.  Now, this person's demanding I blow her off or she'll do it for me by telling Nat about us."",,,,,,,,,,,,,,,,,,,,,,,,,,,,,,,", u753 ,m48,,
24207, u753 ," Then a sympathetic mouth, then a sympathetic--"",,,,,,,,,,,,,,,,,,,,,,,,,,,,,,,", u756 ,m48,,
24208, u756 ," Exactly.,,,,,,,,,,,,,,,,,,,,,,,,,,,,,,,", u753 ,m48,,
24209, u753 ," And you were a sympathetic ear.,,,,,,,,,,,,,,,,,,,,,,,,,,,,,,,", u756 ,m48,,
24210, u756 ," Hear me out.  This person I've been seeing is a Jam Pony client who happens to be married--,,,,,,,,,,,,,,,,,,,,,,,,,,,,,,,", u753 ,m48,,
24211, u753 ," Really?,,,,,,,,,,,,,,,,,,,,,,,,,,,,,,,", u756 ,m48,,
24212, u756 ," I'm the victim here.,,,,,,,,,,,,,,,,,,,,,,,,,,,,,,,", u753 ,m48,,
24213, u753 ," Here it comes.  The part where the guy turns everything around.,,,,,,,,,,,,,,,,,,,,,,,,,,,,,,,", u756 ,m48,,
24214, u756 ," But there's another side--,,,,,,,,,,,,,,,,,,,,,,,,,,,,,,,", u753 ,m48,,
24215, u753 ," You left out condescending.,,,,,,,,,,,,,,,,,,,,,,,,,,,,,,,", u756 ,m48,,
24216, u756 ," Lame, self-serving, arrogant...guilty as charged."",,,,,,,,,,,,,,,,,,,,,,,,,,,,,,,", u753 ,m48,,
24217, u753 ," Or do you think we're just so grateful to have one of you idiots we'll look the other way, which is arrogant and condescending."",,,,,,,,,,,,,,,,,,,,,,,,,,,,,,,", u756 ,m48,,
24218, u756 ," Max--,,,,,,,,,,,,,,,,,,,,,,,,,,,,,,,", u753 ,m48,,
24219, u753 ," Do guys actually believe their lame, self- serving excuses?"",,,,,,,,,,,,,,,,,,,,,,,,,,,,,,,", u756 ,m48,,
24220, u756 ," I know what you're thinking.  But the truth is, this other person is not someone I'm in love with.  As a matter of fact, after what she just did, she's not even someone I like much.  So in a technical sense, I'm not sure you could call me and her cheating...officially."",,,,,,,,,,,,,,,,,,,,,,,,,,,,,,,", u753 ,m48,,
24221, u753 ," I don't see how you cheating on Natalie involves me.,,,,,,,,,,,,,,,,,,,,,,,,,,,,,,,", u756 ,m48,,
24222, u756 ," Not half as pissed as she's gonna be when she finds out why I blew her off... I need your help, Max."",,,,,,,,,,,,,,,,,,,,,,,,,,,,,,,", u753 ,m48,,
24223, u753 ," You blew off your girlfriend last night, even though it was the big one-oh.  I'd be pissed off too if I was her."",,,,,,,,,,,,,,,,,,,,,,,,,,,,,,,", u753 ,m48,,
24224, u753 ," What's up?,,,,,,,,,,,,,,,,,,,,,,,,,,,,,,,", u756 ,m48,,
24225, u756 ," We gotta talk.,,,,,,,,,,,,,,,,,,,,,,,,,,,,,,,", u753 ,m48,,
24226, u753 ," Hey, Sketchy--"",,,,,,,,,,,,,,,,,,,,,,,,,,,,,,,", u756 ,m48,,
24227, u756 ," But I'll take a rain check...,,,,,,,,,,,,,,,,,,,,,,,,,,,,,,,", u753 ,m48,,
24228, u753 ," Right, the big one-oh."",,,,,,,,,,,,,,,,,,,,,,,,,,,,,,,", u756 ,m48,,
24229, u756 ," I gotta meet Natalie for dinner.,,,,,,,,,,,,,,,,,,,,,,,,,,,,,,,", u753 ,m48,,
24230, u753 ," Quitting time.  Grab a cold one?,,,,,,,,,,,,,,,,,,,,,,,,,,,,,,,", u756 ,m48,,
24231, u756 ," Later.,,,,,,,,,,,,,,,,,,,,,,,,,,,,,,,", u753 ,m48,,
24232, u753 ," Catch you back at the wall.,,,,,,,,,,,,,,,,,,,,,,,,,,,,,,,", u753 ,m48,,
24233, u753 ," Theo's dead.,,,,,,,,,,,,,,,,,,,,,,,,,,,,,,,", u754 ,m48,,
24234, u754 ," Hot run to 842 Beulah, corner of Haight... And you can tell your pal Theo he just got his worthless ass fired. Not that he cares but the wife and kid might."",,,,,,,,,,,,,,,,,,,,,,,,,,,,,,,", u753 ,m48,,
24235, u753 ," I'm taking the rest of the day off 'cause I'm not feeling so hot.,,,,,,,,,,,,,,,,,,,,,,,,,,,,,,,", u754 ,m48,,
24236, u754 ," What about this?,,,,,,,,,,,,,,,,,,,,,,,,,,,,,,,", u753 ,m48,,
24237, u753 ," Tell him I took the day off 'cause I wasn't feeling so hot.,,,,,,,,,,,,,,,,,,,,,,,,,,,,,,,", u754 ,m48,,
24238, u754 ," Fourteen-thirteen Market.  Get a signature, then take it to this address... By the way, that guy who was in here sniffing after you yesterday called twice already."",,,,,,,,,,,,,,,,,,,,,,,,,,,,,,,", u753 ,m48,,
24239, u753 ," I don't know how to break this to you, Normal, we're all looking for another job."",,,,,,,,,,,,,,,,,,,,,,,,,,,,,,,", u754 ,m48,,
24240, u754 ," You tell Theo he's not in tomorrow he can start looking for another job.,,,,,,,,,,,,,,,,,,,,,,,,,,,,,,,", u753 ,m48,,
24241, u753 ," How 'bout you don't break my sneakers on this.  The guy is seriously not well.,,,,,,,,,,,,,,,,,,,,,,,,,,,,,,,", u754 ,m48,,
24242, u754 ," For a change.,,,,,,,,,,,,,,,,,,,,,,,,,,,,,,,", u753 ,m48,,
24243, u753 ," He's sick.,,,,,,,,,,,,,,,,,,,,,,,,,,,,,,,", u754 ,m48,,
24244, u754 ," And Theo can't pick up his own check because?...,,,,,,,,,,,,,,,,,,,,,,,,,,,,,,,", u753 ,m48,,
24245, u753 ," I don't sleep... Theo asked me to pick up his check.,,,,,,,,,,,,,,,,,,,,,,,,,,,,,,,", u754 ,m48,,
24246, u754 ," More like deployed in bed asleep.,,,,,,,,,,,,,,,,,,,,,,,,,,,,,,,", u753 ,m48,,
24247, u753 ," What's the difference if I'm on call here or deployed in the field.,,,,,,,,,,,,,,,,,,,,,,,,,,,,,,,", u754 ,m48,,
24248, u754 ," I want you on call here.,,,,,,,,,,,,,,,,,,,,,,,,,,,,,,,", u753 ,m48,,
24249, u753 ," I was on call. ,,,,,,,,,,,,,,,,,,,,,,,,,,,,,,,", u754 ,m48,,
24250, u754 ," This is a hot run.  Beat it.  You're late.,,,,,,,,,,,,,,,,,,,,,,,,,,,,,,,", u753 ,m48,,
