,User_id,text,sec_user,movies_name,relationship,attachment
25112, u796 ," I'm gonna be on TV! Just like Diane Sawyer.,,,,,,,,,,,,,,,,,,,,,,,,,,,,,,,", u810 ,m51,,
25113, u810 ," Our baby's going to Nationals! Lincoln, Alabama -- look out!"",,,,,,,,,,,,,,,,,,,,,,,,,,,,,,,", u796 ,m51,,
25114, u796 ," I just, I just can't believe it. I'm Minnesota's American Teen Princess!"",,,,,,,,,,,,,,,,,,,,,,,,,,,,,,,", u810 ,m51,,
25115, u810 ," Okay, sweetie, that's all right. Let's go. Let's go."",,,,,,,,,,,,,,,,,,,,,,,,,,,,,,,", u796 ,m51,,
25116, u796 ," I gotta work with these women.,,,,,,,,,,,,,,,,,,,,,,,,,,,,,,,", u810 ,m51,,
25117, u810 ," I'm sorry. They're just starin'.,,,,,,,,,,,,,,,,,,,,,,,,,,,,,,,", u796 ,m51,,
25118, u796 ," Loretta, don't do that."",,,,,,,,,,,,,,,,,,,,,,,,,,,,,,,", u810 ,m51,,
25119, u810 ," I got it! Yeah, why don't ya take a..."",,,,,,,,,,,,,,,,,,,,,,,,,,,,,,,", u796 ,m51,,
25120, u796 ," Airport Ho-Jo!,,,,,,,,,,,,,,,,,,,,,,,,,,,,,,,", u810 ,m51,,
25121, u810 ," All right, say """"Airport Ho-Jo."""""",,,,,,,,,,,,,,,,,,,,,,,,,,,,,,,", u796 ,m51,,
25122, u796 ," There's an indoor swimming pool! Ahhhh!,,,,,,,,,,,,,,,,,,,,,,,,,,,,,,,", u810 ,m51,,
25123, u810 ," Right by the airport -- Oh, Amber..."",,,,,,,,,,,,,,,,,,,,,,,,,,,,,,,", u796 ,m51,,
25124, u796 ," I'll be stayin' overnight at... The Airport Howard Johnsons!,,,,,,,,,,,,,,,,,,,,,,,,,,,,,,,", u810 ,m51,,
25125, u810 ," What? For chrissakes, spit it out."",,,,,,,,,,,,,,,,,,,,,,,,,,,,,,,", u796 ,m51,,
25126, u796 ," It's all the stuff I get to do. Oh my God, oh my God... Okay, okay... We get a """"personal consultation"""" with a make-up artist -- Eeeh! Okay, um, there'll be a choreographer to the stars and, oh no -- No way. Oh... My... God!"",,,,,,,,,,,,,,,,,,,,,,,,,,,,,,,", u796 ,m51,,
25127, u796 ," Ah! It's from State! Oh my God!,,,,,,,,,,,,,,,,,,,,,,,,,,,,,,,", u810 ,m51,,
25128, u810 ," This came for you, sweetie."",,,,,,,,,,,,,,,,,,,,,,,,,,,,,,,", u796 ,m51,,
25129, u796 ," I never liked her, but she didn't deserve to die in the belly of a swan like that. The whole thing's just kinda sad and lame at the same time."",,,,,,,,,,,,,,,,,,,,,,,,,,,,,,,", u810 ,m51,,
25130, u810 ," Do you guys want some shots? I'm buyin'.,,,,,,,,,,,,,,,,,,,,,,,,,,,,,,,", u796 ,m51,,
25131, u796 ," Okay.,,,,,,,,,,,,,,,,,,,,,,,,,,,,,,,", u810 ,m51,,
25132, u810 ," No. It's pure bullshit, sweetie. You're lucky as hell, so you might as well enjoy it. Let's get you a root beer float."",,,,,,,,,,,,,,,,,,,,,,,,,,,,,,,", u796 ,m51,,
25133, u796 ," Really?,,,,,,,,,,,,,,,,,,,,,,,,,,,,,,,", u810 ,m51,,
25134, u810 ," You stop right there. You are a good person. Good things happen to good people.,,,,,,,,,,,,,,,,,,,,,,,,,,,,,,,", u796 ,m51,,
25135, u796 ," I don't know. I just didn't wanna win like this.,,,,,,,,,,,,,,,,,,,,,,,,,,,,,,,", u810 ,m51,,
25136, u810 ," What is wrong with you?,,,,,,,,,,,,,,,,,,,,,,,,,,,,,,,", u796 ,m51,,
25137, u796 ," ...Yah -- well, at least, y'know, I got to perform. And Mom got to see me.  I guess number eight only worked for Diane Sawyer..."",,,,,,,,,,,,,,,,,,,,,,,,,,,,,,,", u810 ,m51,,
25138, u810 ," Thank God for bunge cords.,,,,,,,,,,,,,,,,,,,,,,,,,,,,,,,", u796 ,m51,,
25139, u796 ," Oh, Mom's okay. They're just givin' her a ride back. She almost blew outta the back of Loretta's pick-up on the way over."",,,,,,,,,,,,,,,,,,,,,,,,,,,,,,,", u810 ,m51,,
25140, u810 ," Well God-love-ya for thinkin' I still could.,,,,,,,,,,,,,,,,,,,,,,,,,,,,,,,", u796 ,m51,,
25141, u796 ," Loretta, never have kids."",,,,,,,,,,,,,,,,,,,,,,,,,,,,,,,", u810 ,m51,,
25142, u810 ," Oh, shut up. I thought it might help you get some sleep."",,,,,,,,,,,,,,,,,,,,,,,,,,,,,,,", u796 ,m51,,
25143, u796 ," My mom wanted me to have this?,,,,,,,,,,,,,,,,,,,,,,,,,,,,,,,", u810 ,m51,,
25144, u810 ," You-betcha.,,,,,,,,,,,,,,,,,,,,,,,,,,,,,,,", u796 ,m51,,
25145, u796 ," Really, Loretta?"",,,,,,,,,,,,,,,,,,,,,,,,,,,,,,,", u810 ,m51,,
25146, u810 ," That was your mom. She wanted you to have this.,,,,,,,,,,,,,,,,,,,,,,,,,,,,,,,", u796 ,m51,,
25147, u796 ," Oh-yah.,,,,,,,,,,,,,,,,,,,,,,,,,,,,,,,", u810 ,m51,,
25148, u810 ," """"Once a carnie, always a carnie."""""",,,,,,,,,,,,,,,,,,,,,,,,,,,,,,,", u796 ,m51,,
25149, u796 ," No. Mom said if I did, she'd look up my dad and marry him."",,,,,,,,,,,,,,,,,,,,,,,,,,,,,,,", u810 ,m51,,
25150, u810 ," Hell-no, she ain't quittin'."",,,,,,,,,,,,,,,,,,,,,,,,,,,,,,,", u810 ,m51,,
25151, u810 ," Yeah, you betcha..."",,,,,,,,,,,,,,,,,,,,,,,,,,,,,,,", u796 ,m51,,
25152, u796 ," Oh my God. I'm so dead...,,,,,,,,,,,,,,,,,,,,,,,,,,,,,,,", u810 ,m51,,
25153, u810 ," Simple. Just say, """"Mom, I know you sacrificed everything -- relationships, dreams -- your tummy, ass and thighs -- all to bring me into this world. All so I could have tap lessons and be in the pageant -- the same one you were in. But, y'know what? I'm quittin'."""" There. Easy as pie."",,,,,,,,,,,,,,,,,,,,,,,,,,,,,,,", u796 ,m51,,
25154, u796 ," So, what do I say?"",,,,,,,,,,,,,,,,,,,,,,,,,,,,,,,", u796 ,m51,,
25155, u796 ," Oh God, I'm dead..."",,,,,,,,,,,,,,,,,,,,,,,,,,,,,,,", u810 ,m51,,
25156, u810 ," I heard you, I was just tryin' to scare you into changin' your mind. Oh for Chrissakes, Amber, the woman clung to your tap shoes while flyin' through the air like a Goddamn lawn dart!"",,,,,,,,,,,,,,,,,,,,,,,,,,,,,,,", u796 ,m51,,
25157, u796 ," I -- I'm quittin' the pageant.,,,,,,,,,,,,,,,,,,,,,,,,,,,,,,,", u810 ,m51,,
25158, u810 ," You're what?!,,,,,,,,,,,,,,,,,,,,,,,,,,,,,,,", u810 ,m51,,
25159, u810 ," Don't let that worry you, Annette!"",,,,,,,,,,,,,,,,,,,,,,,,,,,,,,,", u796 ,m51,,
25160, u796 ," Mommmm! I'll be right behind you in the hearse!,,,,,,,,,,,,,,,,,,,,,,,,,,,,,,,", u810 ,m51,,
25161, u810 ," She's right over there.,,,,,,,,,,,,,,,,,,,,,,,,,,,,,,,", u796 ,m51,,
25162, u796 ," Where is she?!,,,,,,,,,,,,,,,,,,,,,,,,,,,,,,,", u810 ,m51,,
25163, u810 ," She's alive, sweetie."",,,,,,,,,,,,,,,,,,,,,,,,,,,,,,,", u796 ,m51,,
25164, u796 ," Is Mom okay?,,,,,,,,,,,,,,,,,,,,,,,,,,,,,,,", u809 ,m51,,
25165, u809 ," Oh-you-beccha.,,,,,,,,,,,,,,,,,,,,,,,,,,,,,,,", u796 ,m51,,
25166, u796 ," Yah?,,,,,,,,,,,,,,,,,,,,,,,,,,,,,,,", u809 ,m51,,
25167, u809 ," Then do it for Peter. Mrs. Leeman used to call him a """"skinny little fag"""" when he'd bag her groceries. He'd pop his Nancy-belt if his old jacket somehow, I don't know, got her back."",,,,,,,,,,,,,,,,,,,,,,,,,,,,,,,", u796 ,m51,,
25168, u796 ," Lis, I want to, I really do, but... Oh, I can't."",,,,,,,,,,,,,,,,,,,,,,,,,,,,,,,", u809 ,m51,,
25169, u809 ," Oh c'mon, I love 'em, but you know they only had me 'cause Peter needed a kidney."",,,,,,,,,,,,,,,,,,,,,,,,,,,,,,,", u796 ,m51,,
25170, u796 ," Your parents'd kill you.,,,,,,,,,,,,,,,,,,,,,,,,,,,,,,,", u809 ,m51,,
25171, u809 ," Shut up, yous guys. Look, Amber, I'm not gonna win. And let's be honest, a family only needs one """"Liza"""" and you know Peter's got much better legs than me."",,,,,,,,,,,,,,,,,,,,,,,,,,,,,,,", u809 ,m51,,
25172, u809 ," My jacket. Take it 'cause, y'know, I got my costume okay'd before the pageant. You can wear it."",,,,,,,,,,,,,,,,,,,,,,,,,,,,,,,", u796 ,m51,,
25173, u796 ," """"Here,"""" wh-wh-what?"",,,,,,,,,,,,,,,,,,,,,,,,,,,,,,,", u809 ,m51,,
25174, u809 ," Amber? Here.,,,,,,,,,,,,,,,,,,,,,,,,,,,,,,,", u809 ,m51,,
25175, u809 ," I can't believe this is happenin'. I can't believe she said you couldn't...,,,,,,,,,,,,,,,,,,,,,,,,,,,,,,,", u796 ,m51,,
25176, u796 ," I -- I -- I -- I -- I --, j-uh-j-uh- just wanted to compe-e-e-e-ete."",,,,,,,,,,,,,,,,,,,,,,,,,,,,,,,", u809 ,m51,,
25177, u809 ," Oh, Amber..."",,,,,,,,,,,,,,,,,,,,,,,,,,,,,,,", u796 ,m51,,
25178, u796 ," But, you -- I mean... It's not my fault. I -- I... Please? I didn't do anything wrong..."",,,,,,,,,,,,,,,,,,,,,,,,,,,,,,,", u803 ,m51,,
25179, u803 ," Oh really -- I don't think so.  Uh, Amber, I hate to be the bearer of bad news, but rules state that a costume must be okay'd at least a week in advance. And this...  This is why we have the rule. My goodness gracious, I couldn't allow a neckline this low on stage. We have kids in the audience."",,,,,,,,,,,,,,,,,,,,,,,,,,,,,,,", u796 ,m51,,
25180, u796 ," I -- I'm wearin' this costume. I'm, uh, I'm gonna do my talent tonight."",,,,,,,,,,,,,,,,,,,,,,,,,,,,,,,", u803 ,m51,,
25181, u803 ," Huh?,,,,,,,,,,,,,,,,,,,,,,,,,,,,,,,", u796 ,m51,,
25182, u796 ," Mrs. Leeman?,,,,,,,,,,,,,,,,,,,,,,,,,,,,,,,", u803 ,m51,,
25183, u803 ," Oh, yeah, sure. You know, every pageant is special, but this one is extra-special to me. When I was seventeen, I don't know if you know this, but I was crowned Mount Rose's American Teen Princess. And this year... drum roll please, my lovely daughter, Rebecca Ann Leeman is competin'."",,,,,,,,,,,,,,,,,,,,,,,,,,,,,,,", u796 ,m51,,
25184, u796 ," I'm lucky I have an after-school job where I can practice my talent.,,,,,,,,,,,,,,,,,,,,,,,,,,,,,,,", u812 ,m51,,
25185, u812 ," No. Loretta called. There's been a... a fire.,,,,,,,,,,,,,,,,,,,,,,,,,,,,,,,", u796 ,m51,,
25186, u796 ," Relax, that's my ma's code for, """"Bring home milk and a carton-a Luckys."""""",,,,,,,,,,,,,,,,,,,,,,,,,,,,,,,", u812 ,m51,,
25187, u812 ," You hafta go home. There's some kinda emergency at the trailer park.,,,,,,,,,,,,,,,,,,,,,,,,,,,,,,,", u796 ,m51,,
25188, u796 ," I'm gonna need more caps.,,,,,,,,,,,,,,,,,,,,,,,,,,,,,,,", u796 ,m51,,
25189, u796 ," No, don't say it. Another stray bullet to the head."",,,,,,,,,,,,,,,,,,,,,,,,,,,,,,,", u812 ,m51,,
25190, u812 ," Amber...,,,,,,,,,,,,,,,,,,,,,,,,,,,,,,,", u796 ,m51,,
25191, u796 ," -- red nose and ears. I know, I know."",,,,,,,,,,,,,,,,,,,,,,,,,,,,,,,", u812 ,m51,,
25192, u812 ," Well, your """"cheap whore"""" is this family's """"lovin' mother.""""  The Clemens said to make him look like he just came from snowmobilin'. Pink cheeks, and..."",,,,,,,,,,,,,,,,,,,,,,,,,,,,,,,", u796 ,m51,,
25193, u796 ," Sorry. I just thought she might not wanna meet her Maker lookin' like a cheap whore.,,,,,,,,,,,,,,,,,,,,,,,,,,,,,,,", u796 ,m51,,
25194, u796 ," It's okay.,,,,,,,,,,,,,,,,,,,,,,,,,,,,,,,", u797 ,m51,,
25195, u797 ," We was robbed.,,,,,,,,,,,,,,,,,,,,,,,,,,,,,,,", u796 ,m51,,
25196, u796 ," Bye mom.,,,,,,,,,,,,,,,,,,,,,,,,,,,,,,,", u796 ,m51,,
25197, u796 ," I love you much.,,,,,,,,,,,,,,,,,,,,,,,,,,,,,,,", u797 ,m51,,
25198, u797 ," C'mere. I love you so much.,,,,,,,,,,,,,,,,,,,,,,,,,,,,,,,", u797 ,m51,,
25199, u797 ," It's me... I just don't want this to be the thing you'd do over. This pageant's your ticket outta here. I know you can win, Amber."",,,,,,,,,,,,,,,,,,,,,,,,,,,,,,,", u796 ,m51,,
25200, u796 ," God I hope that's you and not your concussion talkin'.,,,,,,,,,,,,,,,,,,,,,,,,,,,,,,,", u797 ,m51,,
25201, u797 ," Honest to God, if I got to do it over? I'd start walkin' outta this town the minute I took my first step. Practically the only thing I wouldn't do different is have you..."",,,,,,,,,,,,,,,,,,,,,,,,,,,,,,,", u796 ,m51,,
25202, u796 ," That's it, I'm goin'..."",,,,,,,,,,,,,,,,,,,,,,,,,,,,,,,", u797 ,m51,,
25203, u797 ," Let me tell you """"scary,"""" Amber. Look at me. Do you wanna look like you been rode hard and put away wet at my age? I'm a """"lifer"""" here. Best I can hope for is to end up in a descent """"raisin ranch"""" where they'll change me twice a day."",,,,,,,,,,,,,,,,,,,,,,,,,,,,,,,", u796 ,m51,,
25204, u796 ," Oh, c'mon... First the picture of Tammy, then Brett Clemens, now this? It's scary."",,,,,,,,,,,,,,,,,,,,,,,,,,,,,,,", u797 ,m51,,
25205, u797 ," You're not goin' through this again? You? You're not the one who knows how Jiffy Pop feels.,,,,,,,,,,,,,,,,,,,,,,,,,,,,,,,", u796 ,m51,,
25206, u796 ," Nice mouth you got there, Mom, but I -- I'm not goin' through this again."",,,,,,,,,,,,,,,,,,,,,,,,,,,,,,,", u797 ,m51,,
25207, u797 ," Would yous boys excuse us a second? Loretta, you too."",,,,,,,,,,,,,,,,,,,,,,,,,,,,,,,", u796 ,m51,,
25208, u796 ," Ow!,,,,,,,,,,,,,,,,,,,,,,,,,,,,,,,", u797 ,m51,,
25209, u797 ," What?!,,,,,,,,,,,,,,,,,,,,,,,,,,,,,,,", u796 ,m51,,
25210, u796 ," Okay. Yesterday I... I got this picture. So I kinda, y'know, I'm thinkin' no. I'm gonna, I -- I -- I'm gonna quit the pageant."",,,,,,,,,,,,,,,,,,,,,,,,,,,,,,,", u797 ,m51,,
25211, u797 ," I ain't lettin' go ktil you tell me what's up. I'm reaching' a point where I'd kill someone for the nicotine on their fingernails.,,,,,,,,,,,,,,,,,,,,,,,,,,,,,,,", u796 ,m51,,
25212, u796 ," Mom!,,,,,,,,,,,,,,,,,,,,,,,,,,,,,,,", u796 ,m51,,
25213, u796 ," Mom, look, don't say anything. First of all, I'm not pregnant."",,,,,,,,,,,,,,,,,,,,,,,,,,,,,,,", u797 ,m51,,
25214, u797 ," Go on! Get out!,,,,,,,,,,,,,,,,,,,,,,,,,,,,,,,", u797 ,m51,,
25215, u797 ," Ruined a brand-new pair of Lee Press- ons.  Well, I sat down for a beer and KA- BLEWEY! Next thing I know, somethin' blows through my kitchen window. Next thing I know, I'm ass up in Loretta's flower bed."",,,,,,,,,,,,,,,,,,,,,,,,,,,,,,,", u796 ,m51,,
25216, u796 ," Oh, Mom, it's so ugly."",,,,,,,,,,,,,,,,,,,,,,,,,,,,,,,", u797 ,m51,,
25217, u797 ," Oh... How quickly they grow up.  Hey, if they ask you to take off your shirt, get the money first."",,,,,,,,,,,,,,,,,,,,,,,,,,,,,,,", u796 ,m51,,
25218, u796 ," They're from L.A. They wanted to see my room and film me for their movie.,,,,,,,,,,,,,,,,,,,,,,,,,,,,,,,", u797 ,m51,,
25219, u797 ," Oh shit!,,,,,,,,,,,,,,,,,,,,,,,,,,,,,,,", u796 ,m51,,
25220, u796 ," That's my mom.  I'll get 'em in a sec.,,,,,,,,,,,,,,,,,,,,,,,,,,,,,,,", u797 ,m51,,
25221, u797 ," Hey, Amber, y'get my smokes?"",,,,,,,,,,,,,,,,,,,,,,,,,,,,,,,", u796 ,m51,,
25222, u796 ," ...Yah -- 1963. Her beauty worked against her when she started as a reporter in Louisville, her hometown. Those were different times."",,,,,,,,,,,,,,,,,,,,,,,,,,,,,,,", u796 ,m51,,
25223, u796 ," Good, 'cause this isn't an American Teen Princess Pageant -- it's, it's Nazi Germany!"",,,,,,,,,,,,,,,,,,,,,,,,,,,,,,,", u806 ,m51,,
25224, u806 ," Amber Atkins! That is not American Teen Princess language!,,,,,,,,,,,,,,,,,,,,,,,,,,,,,,,", u796 ,m51,,
25225, u796 ," This, this... This is bullshit!"",,,,,,,,,,,,,,,,,,,,,,,,,,,,,,,", u806 ,m51,,
25226, u806 ," Sorry. I -- I don't make the rules.,,,,,,,,,,,,,,,,,,,,,,,,,,,,,,,", u796 ,m51,,
25227, u796 ," But, doesn't someone taking your costume so you can't compete, overrule that rule?"",,,,,,,,,,,,,,,,,,,,,,,,,,,,,,,", u806 ,m51,,
25228, u806 ," Amber, I'm sorry. I really am. But you know the rules. All talent costumes hafta be okay'd by Gladys before the pageant."",,,,,,,,,,,,,,,,,,,,,,,,,,,,,,,", u796 ,m51,,
25229, u796 ," Mrs. Clark, why are you doing this to me? Why're you pretendin' you don't know what's goin' on?"",,,,,,,,,,,,,,,,,,,,,,,,,,,,,,,", u806 ,m51,,
25230, u806 ," We all do. Now let's go.,,,,,,,,,,,,,,,,,,,,,,,,,,,,,,,", u796 ,m51,,
25231, u796 ," I hate her!,,,,,,,,,,,,,,,,,,,,,,,,,,,,,,,", u796 ,m51,,
25232, u796 ," No, wait. It -- it was here before the openin' number... wait. What am I sayin'? I should just ask you, Becky. Where is it?"",,,,,,,,,,,,,,,,,,,,,,,,,,,,,,,", u806 ,m51,,
25233, u806 ," Uh, Amber? We're not puttin' on our Talent costumes. You need to put on your """"Physical Fitness"""" outfit. And let's shake a leg, ladies."",,,,,,,,,,,,,,,,,,,,,,,,,,,,,,,", u796 ,m51,,
25234, u796 ," Oh my God! My -- my tap costume's gone.,,,,,,,,,,,,,,,,,,,,,,,,,,,,,,,", u806 ,m51,,
25235, u806 ," Okay, okay!  Listen-up. Coupla notes from last night's dress rehearsal.  Number one, Gladys says a coupla yous are gettin' sexy with your hips durin' the """"Physical Fitness"""" routine..."",,,,,,,,,,,,,,,,,,,,,,,,,,,,,,,", u796 ,m51,,
25236, u796 ," Bitch!,,,,,,,,,,,,,,,,,,,,,,,,,,,,,,,", u798 ,m51,,
25237, u798 ," If you want seconds, then I'll make sure it's hot enough for ya."",,,,,,,,,,,,,,,,,,,,,,,,,,,,,,,", u796 ,m51,,
25238, u796 ," Oh, I'll """"get it."""" I'll """"get it"""" all right. I might even take seconds."",,,,,,,,,,,,,,,,,,,,,,,,,,,,,,,", u798 ,m51,,
25239, u798 ," Well, as my mother says at Sunday dinner, """"Come and get it,"""" bitch!"",,,,,,,,,,,,,,,,,,,,,,,,,,,,,,,", u796 ,m51,,
25240, u796 ," Oh -- oh, you bring me some of that snotty attitude, Becky -- bring it on."",,,,,,,,,,,,,,,,,,,,,,,,,,,,,,,", u798 ,m51,,
25241, u798 ," Well then, you better be willin' to back it up, 'cause you're talkin' like crazy."",,,,,,,,,,,,,,,,,,,,,,,,,,,,,,,", u796 ,m51,,
25242, u796 ," I just did.,,,,,,,,,,,,,,,,,,,,,,,,,,,,,,,", u798 ,m51,,
25243, u798 ," If you're gettin' at somethin', you better just say it."",,,,,,,,,,,,,,,,,,,,,,,,,,,,,,,", u796 ,m51,,
25244, u796 ," You heard me. Where is it?,,,,,,,,,,,,,,,,,,,,,,,,,,,,,,,", u798 ,m51,,
25245, u798 ," What?,,,,,,,,,,,,,,,,,,,,,,,,,,,,,,,", u798 ,m51,,
25246, u798 ," Oh, Amber, like you're the only one who visits Mary."",,,,,,,,,,,,,,,,,,,,,,,,,,,,,,,", u796 ,m51,,
25247, u796 ," What're you doin' here?,,,,,,,,,,,,,,,,,,,,,,,,,,,,,,,", u796 ,m51,,
25248, u796 ," Yes, Leslie!"",,,,,,,,,,,,,,,,,,,,,,,,,,,,,,,", u807 ,m51,,
25249, u807 ," I know it doesn't matter, but on my inner thighs."",,,,,,,,,,,,,,,,,,,,,,,,,,,,,,,", u796 ,m51,,
25250, u796 ," Yes...,,,,,,,,,,,,,,,,,,,,,,,,,,,,,,,", u807 ,m51,,
25251, u807 ," And the bite marks on my ears?,,,,,,,,,,,,,,,,,,,,,,,,,,,,,,,", u796 ,m51,,
25252, u796 ," Yeah...,,,,,,,,,,,,,,,,,,,,,,,,,,,,,,,", u807 ,m51,,
25253, u807 ," Amber, if I die from these fumes, will you be sure to cover the hickies on my neck?"",,,,,,,,,,,,,,,,,,,,,,,,,,,,,,,", u796 ,m51,,
25254, u796 ," Yah -- I brought her some flowers this morning. She's in the room next to my mom. She's super happy.,,,,,,,,,,,,,,,,,,,,,,,,,,,,,,,", u807 ,m51,,
25255, u807 ," So, anyone talk to Janelle?"",,,,,,,,,,,,,,,,,,,,,,,,,,,,,,,", u807 ,m51,,
25256, u807 ," Here, have some."",,,,,,,,,,,,,,,,,,,,,,,,,,,,,,,", u796 ,m51,,
25257, u796 ," Here, I didn't get any."",,,,,,,,,,,,,,,,,,,,,,,,,,,,,,,", u796 ,m51,,
25258, u796 ," Bye.,,,,,,,,,,,,,,,,,,,,,,,,,,,,,,,", u799 ,m51,,
25259, u799 ," Okay... well, bye."",,,,,,,,,,,,,,,,,,,,,,,,,,,,,,,", u796 ,m51,,
25260, u796 ," Yah-sure, fine... fine."",,,,,,,,,,,,,,,,,,,,,,,,,,,,,,,", u799 ,m51,,
25261, u799 ," Well, uh, I'm cuttin' out early today to do a little duck huntin'... but, uh, maybe I could call you tonight."",,,,,,,,,,,,,,,,,,,,,,,,,,,,,,,", u799 ,m51,,
25262, u799 ," So if, uh, you wanted to do somethin'..."",,,,,,,,,,,,,,,,,,,,,,,,,,,,,,,", u796 ,m51,,
25263, u796 ," I know.,,,,,,,,,,,,,,,,,,,,,,,,,,,,,,,", u799 ,m51,,
25264, u799 ," So, uh, I -- I'm not really busy Friday. I just said that -- y'know."",,,,,,,,,,,,,,,,,,,,,,,,,,,,,,,", u796 ,m51,,
25265, u796 ," Then it must be Wednesday.,,,,,,,,,,,,,,,,,,,,,,,,,,,,,,,", u799 ,m51,,
25266, u799 ," Oh man, you got leutefisk in your hair."",,,,,,,,,,,,,,,,,,,,,,,,,,,,,,,", u799 ,m51,,
25267, u799 ," NO...  It's all right. I got it. Don't worry about it.,,,,,,,,,,,,,,,,,,,,,,,,,,,,,,,", u796 ,m51,,
25268, u796 ," Here, I'll take it. It's my job."",,,,,,,,,,,,,,,,,,,,,,,,,,,,,,,", u796 ,m51,,
25269, u796 ," Hi.,,,,,,,,,,,,,,,,,,,,,,,,,,,,,,,", u799 ,m51,,
25270, u799 ," Hi...,,,,,,,,,,,,,,,,,,,,,,,,,,,,,,,", u797 ,m51,,
25271, u797 ," They told me to practice.,,,,,,,,,,,,,,,,,,,,,,,,,,,,,,,", u810 ,m51,,
25272, u810 ," Annette, just use your hand."",,,,,,,,,,,,,,,,,,,,,,,,,,,,,,,", u810 ,m51,,
25273, u810 ," Okay. Take her purse.,,,,,,,,,,,,,,,,,,,,,,,,,,,,,,,", u797 ,m51,,
25274, u797 ," We was robbed.,,,,,,,,,,,,,,,,,,,,,,,,,,,,,,,", u810 ,m51,,
25275, u810 ," Annette, why don't you just see if there's any beer left in that can and relax a bit."",,,,,,,,,,,,,,,,,,,,,,,,,,,,,,,", u797 ,m51,,
25276, u797 ," Oh-Jesus-Mary-n-Joseph, she's pregnant!  If you are -- come back, sweetie. Mommy wants to talk, then KILL YOU!"",,,,,,,,,,,,,,,,,,,,,,,,,,,,,,,", u810 ,m51,,
25277, u810 ," Anyone?,,,,,,,,,,,,,,,,,,,,,,,,,,,,,,,", u797 ,m51,,
25278, u797 ," Go on home, Loretta. Come on. Go on, the party's over."",,,,,,,,,,,,,,,,,,,,,,,,,,,,,,,", u810 ,m51,,
25279, u810 ," So? Be real easy.,,,,,,,,,,,,,,,,,,,,,,,,,,,,,,,", u797 ,m51,,
25280, u797 ," Don't fall for it. She lives two trailers down.,,,,,,,,,,,,,,,,,,,,,,,,,,,,,,,", u810 ,m51,,
25281, u810 ," I got a hairdo.,,,,,,,,,,,,,,,,,,,,,,,,,,,,,,,", u797 ,m51,,
25282, u797 ," You don't know where this is gonna...,,,,,,,,,,,,,,,,,,,,,,,,,,,,,,,", u810 ,m51,,
25283, u810 ," All right, they're makin' a movie."",,,,,,,,,,,,,,,,,,,,,,,,,,,,,,,", u797 ,m51,,
25284, u797 ," They're makin' a movie, here, goddamn it."",,,,,,,,,,,,,,,,,,,,,,,,,,,,,,,", u797 ,m51,,
25285, u797 ," I'll be right back. See ya later.,,,,,,,,,,,,,,,,,,,,,,,,,,,,,,,", u810 ,m51,,
25286, u810 ," Well, excuse me, Annette, but I'm braggin' up your kid, here.  Amber's gonna be the next Diane Sawyer, y'know..."",,,,,,,,,,,,,,,,,,,,,,,,,,,,,,,", u797 ,m51,,
25287, u797 ," """"Most smartest?"""" Oh, that's good, Loretta. Make sure you get a picture of that. """"Most smartest."""" We're cuttin you off and sendin' you home."",,,,,,,,,,,,,,,,,,,,,,,,,,,,,,,", u810 ,m51,,
25288, u810 ," She's the prettiest, y'know. The best damn tapper. The most smartest..."",,,,,,,,,,,,,,,,,,,,,,,,,,,,,,,", u797 ,m51,,
25289, u797 ," Why don't you paint a big red target on your ass, Loretta."",,,,,,,,,,,,,,,,,,,,,,,,,,,,,,,", u810 ,m51,,
25290, u810 ," Let's just say who should win, who deserves to win is Amber."",,,,,,,,,,,,,,,,,,,,,,,,,,,,,,,", u810 ,m51,,
25291, u810 ," Oh, Christ, it's true."",,,,,,,,,,,,,,,,,,,,,,,,,,,,,,,", u797 ,m51,,
25292, u797 ," Shut it up, Loretta."",,,,,,,,,,,,,,,,,,,,,,,,,,,,,,,", u810 ,m51,,
25293, u810 ," Y'know, if you have, you got all the pictures of the winner you need."",,,,,,,,,,,,,,,,,,,,,,,,,,,,,,,", u797 ,m51,,
25294, u797 ," Loretta, shut it."",,,,,,,,,,,,,,,,,,,,,,,,,,,,,,,", u810 ,m51,,
25295, u810 ," Say, yous boys been to the Leeman's?"",,,,,,,,,,,,,,,,,,,,,,,,,,,,,,,", u810 ,m51,,
25296, u810 ," I tell Annette, I says, """"You talk to me durin' my stories, you might as well be talkin' to the wall.""""  You guys want a beer?"",,,,,,,,,,,,,,,,,,,,,,,,,,,,,,,", u797 ,m51,,
25297, u797 ," This here's Loretta.,,,,,,,,,,,,,,,,,,,,,,,,,,,,,,,", u810 ,m51,,
25298, u810 ," Oh, naw. Hi."",,,,,,,,,,,,,,,,,,,,,,,,,,,,,,,", u797 ,m51,,
25299, u797 ," It's just the guys that are... you know, makin' the movie about the pageant. I told you about 'em."",,,,,,,,,,,,,,,,,,,,,,,,,,,,,,,", u797 ,m51,,
25300, u797 ," Hi.,,,,,,,,,,,,,,,,,,,,,,,,,,,,,,,", u810 ,m51,,
25301, u810 ," Hi.,,,,,,,,,,,,,,,,,,,,,,,,,,,,,,,", u797 ,m51,,
25302, u797 ," You could be quiet.,,,,,,,,,,,,,,,,,,,,,,,,,,,,,,,", u810 ,m51,,
25303, u810 ," Are we on """"Cops"""" again?"",,,,,,,,,,,,,,,,,,,,,,,,,,,,,,,", u797 ,m51,,
25304, u797 ," Oh, Jesus H. Christ!"",,,,,,,,,,,,,,,,,,,,,,,,,,,,,,,", u810 ,m51,,
25305, u810 ," What do you mean, they take out her butt?"",,,,,,,,,,,,,,,,,,,,,,,,,,,,,,,", u803 ,m51,,
25306, u803 ," Listen, little missy, this cost your dad a pretty penny. Now get your ass up there and show me some teeth."",,,,,,,,,,,,,,,,,,,,,,,,,,,,,,,", u798 ,m51,,
25307, u798 ," My dress'll reek.,,,,,,,,,,,,,,,,,,,,,,,,,,,,,,,", u803 ,m51,,
25308, u803 ," Oh for chrissakes, everything smells like that in Mexico."",,,,,,,,,,,,,,,,,,,,,,,,,,,,,,,", u798 ,m51,,
25309, u798 ," It smells funny. Like gasoline.,,,,,,,,,,,,,,,,,,,,,,,,,,,,,,,", u803 ,m51,,
25310, u803 ," C'mon, Rebecca, you wanted it. Now get up there. Ride it side-saddle if you have to -- like a horse. C'mon, now."",,,,,,,,,,,,,,,,,,,,,,,,,,,,,,,", u803 ,m51,,
25311, u803 ," She's the winner and we're going to state.,,,,,,,,,,,,,,,,,,,,,,,,,,,,,,,", u798 ,m51,,
25312, u798 ," Well, it's all happenin' so fast. Goodness-gracious, it hardly seems real, y'know? I mean, I won! I'm the winner! I'm going to State!"",,,,,,,,,,,,,,,,,,,,,,,,,,,,,,,", u814 ,m51,,
25313, u814 ," The important thing is that we have a winner...,,,,,,,,,,,,,,,,,,,,,,,,,,,,,,,", u800 ,m51,,
25314, u800 ," The bitch.,,,,,,,,,,,,,,,,,,,,,,,,,,,,,,,", u814 ,m51,,
25315, u814 ," All right, then."",,,,,,,,,,,,,,,,,,,,,,,,,,,,,,,", u800 ,m51,,
25316, u800 ," Wisconsin.,,,,,,,,,,,,,,,,,,,,,,,,,,,,,,,", u814 ,m51,,
25317, u814 ," What?,,,,,,,,,,,,,,,,,,,,,,,,,,,,,,,", u800 ,m51,,
25318, u800 ," That bitch from...,,,,,,,,,,,,,,,,,,,,,,,,,,,,,,,", u814 ,m51,,
25319, u814 ," Ohio...,,,,,,,,,,,,,,,,,,,,,,,,,,,,,,,", u800 ,m51,,
25320, u800 ," Dakota.,,,,,,,,,,,,,,,,,,,,,,,,,,,,,,,", u814 ,m51,,
25321, u814 ," Yeah.,,,,,,,,,,,,,,,,,,,,,,,,,,,,,,,", u800 ,m51,,
25322, u800 ," People, people -- wait, wait a minute, here. Uh, while we haven't ruled out sabotage from neighboring state pageants -- Iowa, Wisconsin, North Dakota..."",,,,,,,,,,,,,,,,,,,,,,,,,,,,,,,", u800 ,m51,,
25323, u800 ," Mm-hm.,,,,,,,,,,,,,,,,,,,,,,,,,,,,,,,", u814 ,m51,,
25324, u814 ," Okay?,,,,,,,,,,,,,,,,,,,,,,,,,,,,,,,", u800 ,m51,,
25325, u800 ," That's right.,,,,,,,,,,,,,,,,,,,,,,,,,,,,,,,", u814 ,m51,,
25326, u814 ," We're also the co-founders of the Minnesota Modeling Academy. Applications are at the tiki bar. We'll wave the fifty dollar application fee if you list a friend and put her address.,,,,,,,,,,,,,,,,,,,,,,,,,,,,,,,", u800 ,m51,,
25327, u800 ," Correction. This spunky monkey on my right is Terry Macey. And we are your Minnesota American Teen Princess State Board.,,,,,,,,,,,,,,,,,,,,,,,,,,,,,,,", u814 ,m51,,
25328, u814 ," I'm a mirror.,,,,,,,,,,,,,,,,,,,,,,,,,,,,,,,", u803 ,m51,,
25329, u803 ," """"Can I? I'm Amer-I-Can!"""" People ask me where I get this. I don't know, it's... maybe a gift from God or somethin'."",,,,,,,,,,,,,,,,,,,,,,,,,,,,,,,", u801 ,m51,,
25330, u801 ," Can you remember the theme of your favorite pageant?,,,,,,,,,,,,,,,,,,,,,,,,,,,,,,,", u803 ,m51,,
25331, u803 ," """"U.S.A. is A-okay."""""",,,,,,,,,,,,,,,,,,,,,,,,,,,,,,,", u801 ,m51,,
25332, u801 ," And the year before that?,,,,,,,,,,,,,,,,,,,,,,,,,,,,,,,", u803 ,m51,,
25333, u803 ," Last year? It was, """"Buy American."""""",,,,,,,,,,,,,,,,,,,,,,,,,,,,,,,", u801 ,m51,,
25334, u801 ," So what was the theme of the pageant last year?,,,,,,,,,,,,,,,,,,,,,,,,,,,,,,,", u803 ,m51,,
25335, u803 ," Oh yah-sure, I know what some of your big city, no bra wearin', hairy- legged women's libbers say, """"Pageants are old-fashioned"""" and, uh, and """"demeaning"""" to the girls --"",,,,,,,,,,,,,,,,,,,,,,,,,,,,,,,", u801 ,m51,,
25336, u801 ," Do you think that most people would say that teenage beauty pageants are a good idea?,,,,,,,,,,,,,,,,,,,,,,,,,,,,,,,", u813 ,m51,,
25337, u813 ," I wonder how she's gonna fix that one.,,,,,,,,,,,,,,,,,,,,,,,,,,,,,,,", u802 ,m51,,
25338, u802 ," What a surprise. Gladys Leeman's finally gonna go to State. And she'll probably ride on Becky's ass all the way to Nationals, too."",,,,,,,,,,,,,,,,,,,,,,,,,,,,,,,", u802 ,m51,,
25339, u802 ," Yeah.,,,,,,,,,,,,,,,,,,,,,,,,,,,,,,,", u813 ,m51,,
25340, u813 ," Yeah. And they say smokin' is bad for your health.,,,,,,,,,,,,,,,,,,,,,,,,,,,,,,,", u802 ,m51,,
25341, u802 ," Girls check in, but they don't check out."",,,,,,,,,,,,,,,,,,,,,,,,,,,,,,,", u813 ,m51,,
25342, u813 ," This pageant's like a roach motel.,,,,,,,,,,,,,,,,,,,,,,,,,,,,,,,", u802 ,m51,,
25343, u802 ," Yah -- yah. Everyone says this is a big accident? She got iced because she wins everything, and this time someone didn't want her to win."",,,,,,,,,,,,,,,,,,,,,,,,,,,,,,,", u813 ,m51,,
25344, u813 ," Tammy Curry?,,,,,,,,,,,,,,,,,,,,,,,,,,,,,,,", u802 ,m51,,
25345, u802 ," ...Oh, yeah-right. I ain't gonna be in no goddamn pageant! Look what happened to that dork-ass farm girl."",,,,,,,,,,,,,,,,,,,,,,,,,,,,,,,", u803 ,m51,,
25346, u803 ," Let go! Let go of me. Oh my God, it's COPS!"",,,,,,,,,,,,,,,,,,,,,,,,,,,,,,,", u808 ,m51,,
25347, u808 ," That's enough!,,,,,,,,,,,,,,,,,,,,,,,,,,,,,,,", u803 ,m51,,
25348, u803 ," Becky was my only shot at state!,,,,,,,,,,,,,,,,,,,,,,,,,,,,,,,", u808 ,m51,,
25349, u808 ," So help me, Gladys."",,,,,,,,,,,,,,,,,,,,,,,,,,,,,,,", u803 ,m51,,
25350, u803 ," Guess it wasn't a garage sale as much as it was a bake sale. Ah- hahahahahahahaha!,,,,,,,,,,,,,,,,,,,,,,,,,,,,,,,", u808 ,m51,,
25351, u808 ," Gladys! Stop it!,,,,,,,,,,,,,,,,,,,,,,,,,,,,,,,", u803 ,m51,,
25352, u803 ," Hey, Ted, sorry. I didn't know your family was in the garage when I set it on fire!"",,,,,,,,,,,,,,,,,,,,,,,,,,,,,,,", u808 ,m51,,
25353, u808 ," Yah -- Gladys had me order that swan special made from Mexico  in case Becky won. I do a lotta business with those people. I always offer to pay 'em in tacos.  Whoo, they love that."",,,,,,,,,,,,,,,,,,,,,,,,,,,,,,,", u803 ,m51,,
25354, u803 ," Hey! Turn that float around. You think a swan's gonna swim ass first up Main Street?,,,,,,,,,,,,,,,,,,,,,,,,,,,,,,,", u808 ,m51,,
25355, u808 ," Yeah, yeah, the Jew."",,,,,,,,,,,,,,,,,,,,,,,,,,,,,,,", u803 ,m51,,
25356, u803 ," Sammy Davis, Jr., honey."",,,,,,,,,,,,,,,,,,,,,,,,,,,,,,,", u808 ,m51,,
25357, u808 ," Yah -- she's damn near as good as that little black fella -- with the glass eye.,,,,,,,,,,,,,,,,,,,,,,,,,,,,,,,", u808 ,m51,,
25358, u808 ," Oh, all right  How soon they forget where all this comes from."",,,,,,,,,,,,,,,,,,,,,,,,,,,,,,,", u803 ,m51,,
25359, u803 ," Lester?,,,,,,,,,,,,,,,,,,,,,,,,,,,,,,,", u803 ,m51,,
25360, u803 ," We're not in the showroom, Dear."",,,,,,,,,,,,,,,,,,,,,,,,,,,,,,,", u808 ,m51,,
25361, u808 ," Hey, ya like it? Open it... Yah -- the globe. Pull at the equator there."",,,,,,,,,,,,,,,,,,,,,,,,,,,,,,,", u803 ,m51,,
25362, u803 ," Oh, Lester. He loves his weather, y'know."",,,,,,,,,,,,,,,,,,,,,,,,,,,,,,,", u808 ,m51,,
25363, u808 ," ...You betcha. S'posed to be colder- n-a witches tit tonight...,,,,,,,,,,,,,,,,,,,,,,,,,,,,,,,", u803 ,m51,,
25364, u803 ," I swear to God she can't do anything by herself.,,,,,,,,,,,,,,,,,,,,,,,,,,,,,,,", u806 ,m51,,
25365, u806 ," Enid ate a whole pan!,,,,,,,,,,,,,,,,,,,,,,,,,,,,,,,", u803 ,m51,,
25366, u803 ," This is -- what?,,,,,,,,,,,,,,,,,,,,,,,,,,,,,,,", u806 ,m51,,
25367, u806 ," We need more bars!,,,,,,,,,,,,,,,,,,,,,,,,,,,,,,,", u803 ,m51,,
25368, u803 ," What!,,,,,,,,,,,,,,,,,,,,,,,,,,,,,,,", u806 ,m51,,
25369, u806 ," Uh, Gladys?"",,,,,,,,,,,,,,,,,,,,,,,,,,,,,,,", u803 ,m51,,
25370, u803 ," Okay, I designed the float, you know. And, what's gonna happen here is that this is going to look like a glistening lake beneath the swan."",,,,,,,,,,,,,,,,,,,,,,,,,,,,,,,", u803 ,m51,,
25371, u803 ," Number one, American Teen Princess' don't cross their legs like streetwalkers."",,,,,,,,,,,,,,,,,,,,,,,,,,,,,,,", u806 ,m51,,
25372, u806 ," Okay, everybody, listen up!"",,,,,,,,,,,,,,,,,,,,,,,,,,,,,,,", u803 ,m51,,
25373, u803 ," So, remember the three most important parts of a good interview..."",,,,,,,,,,,,,,,,,,,,,,,,,,,,,,,", u806 ,m51,,
25374, u806 ," Yeah.,,,,,,,,,,,,,,,,,,,,,,,,,,,,,,,", u803 ,m51,,
25375, u803 ," You know that sometimes it's hard to understand God's great plan.,,,,,,,,,,,,,,,,,,,,,,,,,,,,,,,", u806 ,m51,,
25376, u806 ," It's always hard to see the young ones called home, especially on an exploding thresher. It's just so odd and gross."",,,,,,,,,,,,,,,,,,,,,,,,,,,,,,,", u803 ,m51,,
25377, u803 ," Well, you know, I think everyone's doing really well considering the fact that she was so young."",,,,,,,,,,,,,,,,,,,,,,,,,,,,,,,", u803 ,m51,,
25378, u803 ," """"Proud... to be... an... American."""""",,,,,,,,,,,,,,,,,,,,,,,,,,,,,,,", u806 ,m51,,
25379, u806 ," Oh! What is it?,,,,,,,,,,,,,,,,,,,,,,,,,,,,,,,", u806 ,m51,,
25380, u806 ," All right, let's go."",,,,,,,,,,,,,,,,,,,,,,,,,,,,,,,", u803 ,m51,,
25381, u803 ," I said I'd move if a cripple came. Let's just run in the store and pick out some outfits.,,,,,,,,,,,,,,,,,,,,,,,,,,,,,,,", u806 ,m51,,
25382, u806 ," It's a two-hundred dollar fine!,,,,,,,,,,,,,,,,,,,,,,,,,,,,,,,", u803 ,m51,,
25383, u803 ," You'd think they'd build the parking lot of America to go with the Mall of America!,,,,,,,,,,,,,,,,,,,,,,,,,,,,,,,", u806 ,m51,,
25384, u806 ," Oh, there's a parking space over there. Oh, no, that's just a compact. Sorry."",,,,,,,,,,,,,,,,,,,,,,,,,,,,,,,", u806 ,m51,,
25385, u806 ," That's why we Lutherans use grape Koolaid for the blood of Christ.,,,,,,,,,,,,,,,,,,,,,,,,,,,,,,,", u803 ,m51,,
25386, u803 ," Iris, stop!  It's not his fault. The communal wine just proves too temptin' for some of them."",,,,,,,,,,,,,,,,,,,,,,,,,,,,,,,", u803 ,m51,,
25387, u803 ," Oh, my!  Hello, Father Donigan! Sidewalks, sidewalks?"",,,,,,,,,,,,,,,,,,,,,,,,,,,,,,,", u806 ,m51,,
25388, u806 ," Gladys -- Gladys! Look out!,,,,,,,,,,,,,,,,,,,,,,,,,,,,,,,", u803 ,m51,,
25389, u803 ," Y'betcha, Iris. We still need a third judge and we need to think of a theme."",,,,,,,,,,,,,,,,,,,,,,,,,,,,,,,", u806 ,m51,,
25390, u806 ," Nothin' too showy!,,,,,,,,,,,,,,,,,,,,,,,,,,,,,,,", u803 ,m51,,
25391, u803 ," ...Today's """"To Do"""" list includes a trip to the Mall of America. We need outfits for the """"Physical Fitness"""" number --"",,,,,,,,,,,,,,,,,,,,,,,,,,,,,,,", u806 ,m51,,
25392, u806 ," A.k.a. Minneapolis -- St. Paul.,,,,,,,,,,,,,,,,,,,,,,,,,,,,,,,", u803 ,m51,,
25393, u803 ," ...that filth is better left in the """"Sin Cities."""""",,,,,,,,,,,,,,,,,,,,,,,,,,,,,,,", u805 ,m51,,
25394, u805 ," There's your paint can. The next time you drink window cleaner, I'm just gonna leave it in ya."",,,,,,,,,,,,,,,,,,,,,,,,,,,,,,,", u804 ,m51,,
25395, u804 ," I want to get the big bag of little donuts.,,,,,,,,,,,,,,,,,,,,,,,,,,,,,,,", u805 ,m51,,
25396, u805 ," You get nothing, Hank, okay?"",,,,,,,,,,,,,,,,,,,,,,,,,,,,,,,", u804 ,m51,,
25397, u804 ," I want to have the big bag of little donuts.,,,,,,,,,,,,,,,,,,,,,,,,,,,,,,,", u805 ,m51,,
25398, u805 ," Let's get this straight right now. We wouldn't have been late at all if it wasn't for you.,,,,,,,,,,,,,,,,,,,,,,,,,,,,,,,", u805 ,m51,,
25399, u805 ," Come on! Hankey here can't help it if he was born crazier than a shithouse rat!,,,,,,,,,,,,,,,,,,,,,,,,,,,,,,,", u804 ,m51,,
25400, u804 ," EE-AAAYEEEE-AAAAYOUIAAAEEEEEEEE!,,,,,,,,,,,,,,,,,,,,,,,,,,,,,,,", u805 ,m51,,
25401, u805 ," Close up shop!,,,,,,,,,,,,,,,,,,,,,,,,,,,,,,,", u804 ,m51,,
25402, u804 ," Harold!,,,,,,,,,,,,,,,,,,,,,,,,,,,,,,,", u805 ,m51,,
25403, u805 ," Close up shop. Close up shop, Hank."",,,,,,,,,,,,,,,,,,,,,,,,,,,,,,,", u805 ,m51,,
25404, u805 ," Don't make me kick-ya where the good Lord split-ya.,,,,,,,,,,,,,,,,,,,,,,,,,,,,,,,", u804 ,m51,,
25405, u804 ," I will if you shut your piehole.,,,,,,,,,,,,,,,,,,,,,,,,,,,,,,,", u805 ,m51,,
25406, u805 ," Well, Mom's dead, so shut your fly trap."",,,,,,,,,,,,,,,,,,,,,,,,,,,,,,,", u804 ,m51,,
25407, u804 ," Ow, Harold -- Mom said not the head."",,,,,,,,,,,,,,,,,,,,,,,,,,,,,,,", u805 ,m51,,
25408, u805 ," Shut up, Hank. This here's business."",,,,,,,,,,,,,,,,,,,,,,,,,,,,,,,", u804 ,m51,,
25409, u804 ," Are we on """"Cops?"""" Are we on """"Cops?"""" Are we on """"Cops?"""""",,,,,,,,,,,,,,,,,,,,,,,,,,,,,,,", u811 ,m51,,
25410, u811 ," What, you deaf? I say shut up -- shut up -- SHUT UP!  Cut her outta this!"",,,,,,,,,,,,,,,,,,,,,,,,,,,,,,,", u815 ,m51,,
25411, u815 ," Oh, I almost forgot...  I got my acceptance to Tokyo University."",,,,,,,,,,,,,,,,,,,,,,,,,,,,,,,", u811 ,m51,,
25412, u811 ," No! We not like to hear it! Go to your room and shut up!,,,,,,,,,,,,,,,,,,,,,,,,,,,,,,,", u815 ,m51,,
25413, u815 ," Mom, I just finished the third movement of that concerto I was working on. I put, like, this techno beat on this Japanese folk tune -- wanna hear it?"",,,,,,,,,,,,,,,,,,,,,,,,,,,,,,,", u811 ,m51,,
25414, u811 ," Tina! Tina!! TINA!!!,,,,,,,,,,,,,,,,,,,,,,,,,,,,,,,", u815 ,m51,,
25415, u815 ," I'm sorry, Dad, but with all due respect, my name isn't """"Tina,"""" it's Seiko."",,,,,,,,,,,,,,,,,,,,,,,,,,,,,,,", u811 ,m51,,
25416, u811 ," English! English, you stupid little retard! We America now, Tina!"",,,,,,,,,,,,,,,,,,,,,,,,,,,,,,,", u815 ,m51,,
25417, u815 ," Excuse me, Father, Mother, when are we moving back to Tokyo? I can't stand this place anymore. They put butter on everything."",,,,,,,,,,,,,,,,,,,,,,,,,,,,,,,", u811 ,m51,,
