,User_id,text,sec_user,movies_name,relationship,attachment
28344, u890 ," I like the sound of that.,,,,,,,,,,,,,,,,,,,,,,,,,,,,,,,", u889 ,m58,,
28345, u889 ," We're going to have to work on your touch.,,,,,,,,,,,,,,,,,,,,,,,,,,,,,,,", u889 ,m58,,
28346, u889 ," My step-dad's. I'm strictly into stone. I was wondering when you'd walk by.,,,,,,,,,,,,,,,,,,,,,,,,,,,,,,,", u890 ,m58,,
28347, u890 ," Those yours too?,,,,,,,,,,,,,,,,,,,,,,,,,,,,,,,", u890 ,m58,,
28348, u890 ," No, I mean... I'm a little... dusty..."",,,,,,,,,,,,,,,,,,,,,,,,,,,,,,,", u889 ,m58,,
28349, u889 ," Relax, it's casual."",,,,,,,,,,,,,,,,,,,,,,,,,,,,,,,", u890 ,m58,,
28350, u890 ," I'm not really dressed for a party.,,,,,,,,,,,,,,,,,,,,,,,,,,,,,,,", u889 ,m58,,
28351, u889 ," I'm blind, not deaf. Wanna come in?"",,,,,,,,,,,,,,,,,,,,,,,,,,,,,,,", u890 ,m58,,
28352, u890 ," How'd you know it was me?,,,,,,,,,,,,,,,,,,,,,,,,,,,,,,,", u890 ,m58,,
28353, u890 ," Trust me, this ain't one of those times."",,,,,,,,,,,,,,,,,,,,,,,,,,,,,,,", u889 ,m58,,
28354, u889 ," Such a sad face... You know, sometimes being different isn't a bad thing."",,,,,,,,,,,,,,,,,,,,,,,,,,,,,,,", u890 ,m58,,
28355, u890 ," You wouldn't say that, if you could see me."",,,,,,,,,,,,,,,,,,,,,,,,,,,,,,,", u889 ,m58,,
28356, u889 ," I don't think She's real big on hate.,,,,,,,,,,,,,,,,,,,,,,,,,,,,,,,", u889 ,m58,,
28357, u889 ," Tell me. When you grew up in Brooklyn, how many astronauts did you know?  You went your own way then. You didn't listen to people. So why start now...?"",,,,,,,,,,,,,,,,,,,,,,,,,,,,,,,", u898 ,m58,,
28358, u898 ," I mean...,,,,,,,,,,,,,,,,,,,,,,,,,,,,,,,", u889 ,m58,,
28359, u889 ," I wouldn't know anything about that.,,,,,,,,,,,,,,,,,,,,,,,,,,,,,,,", u898 ,m58,,
28360, u898 ," You don't know what it's like out there. Walking around like some kind of circus freak. People staring, whispering --"",,,,,,,,,,,,,,,,,,,,,,,,,,,,,,,", u898 ,m58,,
28361, u898 ," This ain't permanent. My friend Reed's working on a cure... I think.,,,,,,,,,,,,,,,,,,,,,,,,,,,,,,,", u889 ,m58,,
28362, u889 ," """"Sensual blind chick seeks three- ton, rock-hard he-man for deep spiritual relationship."""""",,,,,,,,,,,,,,,,,,,,,,,,,,,,,,,", u898 ,m58,,
28363, u898 ," You know, you could'a run an ad in the personals."",,,,,,,,,,,,,,,,,,,,,,,,,,,,,,,", u890 ,m58,,
28364, u890 ," Victor must've taken him.,,,,,,,,,,,,,,,,,,,,,,,,,,,,,,,", u897 ,m58,,
28365, u897 ," Where is Reed?,,,,,,,,,,,,,,,,,,,,,,,,,,,,,,,", u897 ,m58,,
28366, u897 ," No, it's not. I thought I was done waiting for Reed... We're all in this together now, Ben."",,,,,,,,,,,,,,,,,,,,,,,,,,,,,,,", u890 ,m58,,
28367, u890 ," It's easy for you to be patient.,,,,,,,,,,,,,,,,,,,,,,,,,,,,,,,", u897 ,m58,,
28368, u897 ," Just give Reed a little more time. You know how he works -- analyzing every little step before he takes one --,,,,,,,,,,,,,,,,,,,,,,,,,,,,,,,", u890 ,m58,,
28369, u890 ," It's not him. It's them.  I can't live like this.,,,,,,,,,,,,,,,,,,,,,,,,,,,,,,,", u897 ,m58,,
28370, u897 ," He didn't mean it. You know Johnny. He's always been a hothead --,,,,,,,,,,,,,,,,,,,,,,,,,,,,,,,", u897 ,m58,,
28371, u897 ," What did he do to the uniform?!,,,,,,,,,,,,,,,,,,,,,,,,,,,,,,,", u890 ,m58,,
28372, u890 ," Oh, he did."",,,,,,,,,,,,,,,,,,,,,,,,,,,,,,,", u897 ,m58,,
28373, u897 ," He didn't.,,,,,,,,,,,,,,,,,,,,,,,,,,,,,,,", u890 ,m58,,
28374, u890 ," I wouldn't be caught dead in that.,,,,,,,,,,,,,,,,,,,,,,,,,,,,,,,", u897 ,m58,,
28375, u897 ," The suit will stretch. You should try it --,,,,,,,,,,,,,,,,,,,,,,,,,,,,,,,", u890 ,m58,,
28376, u890 ," You look like an eighties rock band.,,,,,,,,,,,,,,,,,,,,,,,,,,,,,,,", u890 ,m58,,
28377, u890 ," Well why didn't you say so? You want me to lift some weights or something?,,,,,,,,,,,,,,,,,,,,,,,,,,,,,,,", u897 ,m58,,
28378, u897 ," We need to give you a physical, so we know what got zapped."",,,,,,,,,,,,,,,,,,,,,,,,,,,,,,,", u890 ,m58,,
28379, u890 ," Wouldn't want to keep Vic waiting.,,,,,,,,,,,,,,,,,,,,,,,,,,,,,,,", u897 ,m58,,
28380, u897 ," I can only stay for one drink, Ben. I've got to meet with Victor."",,,,,,,,,,,,,,,,,,,,,,,,,,,,,,,", u890 ,m58,,
28381, u890 ," Is it safe?,,,,,,,,,,,,,,,,,,,,,,,,,,,,,,,", u897 ,m58,,
28382, u897 ," We can monitor the cloud's approach and observe the tests from here.,,,,,,,,,,,,,,,,,,,,,,,,,,,,,,,", u897 ,m58,,
28383, u897 ," Victor did.,,,,,,,,,,,,,,,,,,,,,,,,,,,,,,,", u890 ,m58,,
28384, u890 ," I can handle the ship. I can even handle Mr. Blonde Ambition. But I don't know if I should be flying or playing Vegas in these suits. Who the hell came up with them?,,,,,,,,,,,,,,,,,,,,,,,,,,,,,,,", u897 ,m58,,
28385, u897 ," I'll schedule the launch. Call me in the morning to talk about resources and crew.,,,,,,,,,,,,,,,,,,,,,,,,,,,,,,,", u890 ,m58,,
28386, u890 ," Way to not overthink it.  So when do we leave?,,,,,,,,,,,,,,,,,,,,,,,,,,,,,,,", u890 ,m58,,
28387, u890 ," And you can? Power it up?,,,,,,,,,,,,,,,,,,,,,,,,,,,,,,,", u899 ,m58,,
28388, u899 ," He couldn't generate enough power for the machine to reach critical mass. Yet another mistake for """"Mr. Fantastic."""""",,,,,,,,,,,,,,,,,,,,,,,,,,,,,,,", u899 ,m58,,
28389, u899 ," He also said we'd avoid that storm in space. And we know how that turned out.,,,,,,,,,,,,,,,,,,,,,,,,,,,,,,,", u890 ,m58,,
28390, u890 ," Reed said it'd be weeks till --,,,,,,,,,,,,,,,,,,,,,,,,,,,,,,,", u899 ,m58,,
28391, u899 ," To help you. I've run every test known to man. And they all yield the same result: the machine is ready.,,,,,,,,,,,,,,,,,,,,,,,,,,,,,,,", u890 ,m58,,
28392, u890 ," What do you want, Vic?"",,,,,,,,,,,,,,,,,,,,,,,,,,,,,,,", u899 ,m58,,
28393, u899 ," Where do you think? With Sue.,,,,,,,,,,,,,,,,,,,,,,,,,,,,,,,", u890 ,m58,,
28394, u890 ," What is this? Where's Reed?,,,,,,,,,,,,,,,,,,,,,,,,,,,,,,,", u899 ,m58,,
28395, u899 ," Ben, come in."",,,,,,,,,,,,,,,,,,,,,,,,,,,,,,,", u899 ,m58,,
28396, u899 ," Come on. Let me buy you something to eat. Looks like you could use the company.,,,,,,,,,,,,,,,,,,,,,,,,,,,,,,,", u890 ,m58,,
28397, u890 ," About me? How sweet.,,,,,,,,,,,,,,,,,,,,,,,,,,,,,,,", u899 ,m58,,
28398, u899 ," I'm worried about you.,,,,,,,,,,,,,,,,,,,,,,,,,,,,,,,", u890 ,m58,,
28399, u890 ," What are you doing here?,,,,,,,,,,,,,,,,,,,,,,,,,,,,,,,", u890 ,m58,,
28400, u890 ," I already got it. Everything I want.,,,,,,,,,,,,,,,,,,,,,,,,,,,,,,,", u891 ,m58,,
28401, u891 ," What did you wish for, honey?"",,,,,,,,,,,,,,,,,,,,,,,,,,,,,,,", u890 ,m58,,
28402, u890 ," Deb, it's me. It's still me."",,,,,,,,,,,,,,,,,,,,,,,,,,,,,,,", u891 ,m58,,
28403, u891 ," Oh my G-g-g. What did you... do to Ben?,,,,,,,,,,,,,,,,,,,,,,,,,,,,,,,", u891 ,m58,,
28404, u891 ," Baby, you're scaring me."",,,,,,,,,,,,,,,,,,,,,,,,,,,,,,,", u890 ,m58,,
28405, u890 ," Don't come any closer for a sec. This is gonna be kind of a shock... You remember when we said """"together forever no matter what""""?"",,,,,,,,,,,,,,,,,,,,,,,,,,,,,,,", u891 ,m58,,
28406, u891 ," Ben?,,,,,,,,,,,,,,,,,,,,,,,,,,,,,,,", u891 ,m58,,
28407, u891 ," Out front? You home, baby? I got a surprise for you."",,,,,,,,,,,,,,,,,,,,,,,,,,,,,,,", u890 ,m58,,
28408, u890 ," Deb... It's me. I need you to step out front.,,,,,,,,,,,,,,,,,,,,,,,,,,,,,,,", u891 ,m58,,
28409, u891 ," I don't care about rocks, I care about you.  You bring him back in one piece, or you can forget being Best Man."",,,,,,,,,,,,,,,,,,,,,,,,,,,,,,,", u890 ,m58,,
28410, u890 ," Soon as I'm back, I'm gonna trade that in for a bigger rock."",,,,,,,,,,,,,,,,,,,,,,,,,,,,,,,", u891 ,m58,,
28411, u891 ," Just get back soon, or I start looking for a new groom."",,,,,,,,,,,,,,,,,,,,,,,,,,,,,,,", u890 ,m58,,
28412, u890 ," I'll be watching over you.,,,,,,,,,,,,,,,,,,,,,,,,,,,,,,,", u890 ,m58,,
28413, u890 ," Forget it, egghead. I'm good as is."",,,,,,,,,,,,,,,,,,,,,,,,,,,,,,,", u895 ,m58,,
28414, u895 ," Ben, I've been crunching the numbers on the machine. I think if we can rework the power settings..."",,,,,,,,,,,,,,,,,,,,,,,,,,,,,,,", u890 ,m58,,
28415, u890 ," Got it, teach."",,,,,,,,,,,,,,,,,,,,,,,,,,,,,,,", u895 ,m58,,
28416, u895 ," Time for your lesson, Vic. Chem 101: what happens when you supercool hot metal...?  Ben..."",,,,,,,,,,,,,,,,,,,,,,,,,,,,,,,", u895 ,m58,,
28417, u895 ," Ben, I don't know if this thing'll change us back or make us worse. I need you to be patient for a little while longe--"",,,,,,,,,,,,,,,,,,,,,,,,,,,,,,,", u890 ,m58,,
28418, u890 ," Glad """"nothing"""" could take you away from your work."",,,,,,,,,,,,,,,,,,,,,,,,,,,,,,,", u890 ,m58,,
28419, u890 ," Yeah. I can tell. Victor was right.,,,,,,,,,,,,,,,,,,,,,,,,,,,,,,,", u895 ,m58,,
28420, u895 ," We're working as hard as we can --,,,,,,,,,,,,,,,,,,,,,,,,,,,,,,,", u890 ,m58,,
28421, u890 ," Oh, you remember my name do you? You happen to remember what you swore to do with every breath in your body?"",,,,,,,,,,,,,,,,,,,,,,,,,,,,,,,", u895 ,m58,,
28422, u895 ," Ben --,,,,,,,,,,,,,,,,,,,,,,,,,,,,,,,", u895 ,m58,,
28423, u895 ," This isn't permanent, Johnny. We need to be careful until we're normal again."",,,,,,,,,,,,,,,,,,,,,,,,,,,,,,,", u890 ,m58,,
28424, u890 ," It's about to be a broken face.,,,,,,,,,,,,,,,,,,,,,,,,,,,,,,,", u895 ,m58,,
28425, u895 ," O-kay. We'll skip that question.,,,,,,,,,,,,,,,,,,,,,,,,,,,,,,,", u890 ,m58,,
28426, u890 ," Not unless you want that clipboard stretched up your --,,,,,,,,,,,,,,,,,,,,,,,,,,,,,,,", u895 ,m58,,
28427, u895 ," Ben, I'm afraid I've got to ask --"",,,,,,,,,,,,,,,,,,,,,,,,,,,,,,,", u890 ,m58,,
28428, u890 ," Yeah.  You don't wanna know the details.,,,,,,,,,,,,,,,,,,,,,,,,,,,,,,,", u895 ,m58,,
28429, u895 ," Okay. I've uh, got some questions, from Sue. That she thought might be better coming from me... Can you, you know, go to the bathroom... like normal..."",,,,,,,,,,,,,,,,,,,,,,,,,,,,,,,", u895 ,m58,,
28430, u895 ," If we're going to identify the source of the mutation, we need to isolate your recombinant DNA so we can activate positional genomes."",,,,,,,,,,,,,,,,,,,,,,,,,,,,,,,", u890 ,m58,,
28431, u890 ," You got a chisel round here?,,,,,,,,,,,,,,,,,,,,,,,,,,,,,,,", u890 ,m58,,
28432, u890 ," Yeah, nine years straight."",,,,,,,,,,,,,,,,,,,,,,,,,,,,,,,", u895 ,m58,,
28433, u895 ," We had a tough year.,,,,,,,,,,,,,,,,,,,,,,,,,,,,,,,", u890 ,m58,,
28434, u890 ," Am I okay?! You wanna explain that?!,,,,,,,,,,,,,,,,,,,,,,,,,,,,,,,", u895 ,m58,,
28435, u895 ," Ben. Are you okay?,,,,,,,,,,,,,,,,,,,,,,,,,,,,,,,", u890 ,m58,,
28436, u890 ," What the --!,,,,,,,,,,,,,,,,,,,,,,,,,,,,,,,", u890 ,m58,,
28437, u890 ," I think I need to lie down. Bad shrimp.,,,,,,,,,,,,,,,,,,,,,,,,,,,,,,,", u895 ,m58,,
28438, u895 ," Are you alright?,,,,,,,,,,,,,,,,,,,,,,,,,,,,,,,", u890 ,m58,,
28439, u890 ," Well maybe you should date him.,,,,,,,,,,,,,,,,,,,,,,,,,,,,,,,", u895 ,m58,,
28440, u895 ," He's smart, powerful, successful --"",,,,,,,,,,,,,,,,,,,,,,,,,,,,,,,", u890 ,m58,,
28441, u890 ," I'm sorry, did that cosmic-bath loosen your screws?"",,,,,,,,,,,,,,,,,,,,,,,,,,,,,,,", u895 ,m58,,
28442, u895 ," What? Come on. She's got a good thing with Victor --,,,,,,,,,,,,,,,,,,,,,,,,,,,,,,,", u890 ,m58,,
28443, u890 ," Reed, I'm not talking about Debbie."",,,,,,,,,,,,,,,,,,,,,,,,,,,,,,,", u895 ,m58,,
28444, u895 ," Yeah, you and Debbie and perfect --"",,,,,,,,,,,,,,,,,,,,,,,,,,,,,,,", u890 ,m58,,
28445, u890 ," You go through something like this, makes you appreciate having the right woman in your life."",,,,,,,,,,,,,,,,,,,,,,,,,,,,,,,", u895 ,m58,,
28446, u895 ," I should have done more, run more tests --"",,,,,,,,,,,,,,,,,,,,,,,,,,,,,,,", u890 ,m58,,
28447, u890 ," Reed. Even you can't compute every little thing.,,,,,,,,,,,,,,,,,,,,,,,,,,,,,,,", u895 ,m58,,
28448, u895 ," I don't know. I just keep going over and over the numbers.,,,,,,,,,,,,,,,,,,,,,,,,,,,,,,,", u890 ,m58,,
28449, u890 ," Solid.,,,,,,,,,,,,,,,,,,,,,,,,,,,,,,,", u895 ,m58,,
28450, u895 ," Three days. I was worried about you. How are you feeling?,,,,,,,,,,,,,,,,,,,,,,,,,,,,,,,", u890 ,m58,,
28451, u890 ," How long was I out?,,,,,,,,,,,,,,,,,,,,,,,,,,,,,,,", u895 ,m58,,
28452, u895 ," Ben. This is serious. Turn around.,,,,,,,,,,,,,,,,,,,,,,,,,,,,,,,", u890 ,m58,,
28453, u890 ," I ain't done arranging your flowers, egghead."",,,,,,,,,,,,,,,,,,,,,,,,,,,,,,,", u890 ,m58,,
28454, u890 ," Should?,,,,,,,,,,,,,,,,,,,,,,,,,,,,,,,", u895 ,m58,,
28455, u895 ," The shields on the station should protect us.,,,,,,,,,,,,,,,,,,,,,,,,,,,,,,,", u895 ,m58,,
28456, u895 ," Victor's better at these things.,,,,,,,,,,,,,,,,,,,,,,,,,,,,,,,", u890 ,m58,,
28457, u890 ," This is your dream, Reed. You should be the one up there."",,,,,,,,,,,,,,,,,,,,,,,,,,,,,,,", u895 ,m58,,
28458, u895 ," He's made a few changes.,,,,,,,,,,,,,,,,,,,,,,,,,,,,,,,", u890 ,m58,,
28459, u890 ," Isn't that your speech?,,,,,,,,,,,,,,,,,,,,,,,,,,,,,,,", u890 ,m58,,
28460, u890 ," This makes five.,,,,,,,,,,,,,,,,,,,,,,,,,,,,,,,", u895 ,m58,,
28461, u895 ," I had it at four.,,,,,,,,,,,,,,,,,,,,,,,,,,,,,,,", u890 ,m58,,
28462, u890 ," Five times.,,,,,,,,,,,,,,,,,,,,,,,,,,,,,,,", u895 ,m58,,
28463, u895 ," When have I asked you to do something you absolutely said you could not do?,,,,,,,,,,,,,,,,,,,,,,,,,,,,,,,", u895 ,m58,,
28464, u895 ," I'm sure he's matured since then.,,,,,,,,,,,,,,,,,,,,,,,,,,,,,,,", u890 ,m58,,
28465, u890 ," They crashed it into a wall. A flight simulator.,,,,,,,,,,,,,,,,,,,,,,,,,,,,,,,", u895 ,m58,,
28466, u895 ," Youthful high spirits.,,,,,,,,,,,,,,,,,,,,,,,,,,,,,,,", u890 ,m58,,
28467, u890 ," No. I cannot take orders from that underwear model. That wingnut washed out of NASA for sneaking two Victoria Secret wannabes into a flight simulator.,,,,,,,,,,,,,,,,,,,,,,,,,,,,,,,", u895 ,m58,,
28468, u895 ," External SRBs, orbital system engines. Its just like the shuttles you flew in --"",,,,,,,,,,,,,,,,,,,,,,,,,,,,,,,", u890 ,m58,,
28469, u890 ," Can't do it. I cannot do it.,,,,,,,,,,,,,,,,,,,,,,,,,,,,,,,", u890 ,m58,,
28470, u890 ," I know, I know. I'm just worried about what he wants... Speaking of which..."",,,,,,,,,,,,,,,,,,,,,,,,,,,,,,,", u895 ,m58,,
28471, u895 ," We got what we wanted. That's enough.,,,,,,,,,,,,,,,,,,,,,,,,,,,,,,,", u890 ,m58,,
28472, u890 ," Maybe you should think about yourself for once. You always let this guy push you round --,,,,,,,,,,,,,,,,,,,,,,,,,,,,,,,", u895 ,m58,,
28473, u895 ," Ben, think about all the people we can help if this works --"",,,,,,,,,,,,,,,,,,,,,,,,,,,,,,,", u890 ,m58,,
28474, u890 ," He knew about NASA. What if he made the call to shut us down --,,,,,,,,,,,,,,,,,,,,,,,,,,,,,,,", u895 ,m58,,
28475, u895 ," Ben, the money's not important. We could save lives."",,,,,,,,,,,,,,,,,,,,,,,,,,,,,,,", u890 ,m58,,
28476, u890 ," What about his first born?,,,,,,,,,,,,,,,,,,,,,,,,,,,,,,,", u895 ,m58,,
28477, u895 ," Ben. This is business. Just work.,,,,,,,,,,,,,,,,,,,,,,,,,,,,,,,", u890 ,m58,,
28478, u890 ," I can't take this.,,,,,,,,,,,,,,,,,,,,,,,,,,,,,,,", u890 ,m58,,
28479, u890 ," You'd never know it.,,,,,,,,,,,,,,,,,,,,,,,,,,,,,,,", u895 ,m58,,
28480, u895 ," He's financed some of the biggest breakthroughs of this century.,,,,,,,,,,,,,,,,,,,,,,,,,,,,,,,", u895 ,m58,,
28481, u895 ," This wasn't our first stop, in case you forgot NASA. And Victor's not that bad. He's just a little...  Larger than life."",,,,,,,,,,,,,,,,,,,,,,,,,,,,,,,", u890 ,m58,,
28482, u890 ," Good thing it ain't workin... Reed, what are we doing here? This guy's fast-food, strip-mall science --"",,,,,,,,,,,,,,,,,,,,,,,,,,,,,,,", u893 ,m58,,
28483, u893 ," Hey, I'm Mr. Sensitivity now.  Clear the way, wide load coming through."",,,,,,,,,,,,,,,,,,,,,,,,,,,,,,,", u890 ,m58,,
28484, u890 ," No more cracks about how I look.,,,,,,,,,,,,,,,,,,,,,,,,,,,,,,,", u893 ,m58,,
28485, u893 ," Really? With a name like Von Doom? Never saw that one coming.,,,,,,,,,,,,,,,,,,,,,,,,,,,,,,,", u890 ,m58,,
28486, u890 ," The machine works. And Vic's gone Mister Hyde on us --,,,,,,,,,,,,,,,,,,,,,,,,,,,,,,,", u890 ,m58,,
28487, u890 ," Go back to the drawing board.,,,,,,,,,,,,,,,,,,,,,,,,,,,,,,,", u893 ,m58,,
28488, u893 ," Hey! That's a prototype!,,,,,,,,,,,,,,,,,,,,,,,,,,,,,,,", u890 ,m58,,
28489, u890 ," Give me the god damn mirror!,,,,,,,,,,,,,,,,,,,,,,,,,,,,,,,", u893 ,m58,,
28490, u893 ," They said that's not such a good idea, the shock alone could --"",,,,,,,,,,,,,,,,,,,,,,,,,,,,,,,", u890 ,m58,,
28491, u890 ," Give me a mirror...,,,,,,,,,,,,,,,,,,,,,,,,,,,,,,,", u893 ,m58,,
28492, u893 ," I swear to you they've done everything humanly possible. The best plastic surgeons in the world, Ben. You had the best --"",,,,,,,,,,,,,,,,,,,,,,,,,,,,,,,", u890 ,m58,,
28493, u890 ," What's wrong with me?,,,,,,,,,,,,,,,,,,,,,,,,,,,,,,,", u893 ,m58,,
28494, u893 ," They're fine. Everybody else... is fine.,,,,,,,,,,,,,,,,,,,,,,,,,,,,,,,", u890 ,m58,,
28495, u890 ," Reed?... Sue?,,,,,,,,,,,,,,,,,,,,,,,,,,,,,,,", u893 ,m58,,
28496, u893 ," Back on Earth. Victor's medical facility... We're in quarantine.,,,,,,,,,,,,,,,,,,,,,,,,,,,,,,,", u890 ,m58,,
28497, u890 ," Where... where am I?,,,,,,,,,,,,,,,,,,,,,,,,,,,,,,,", u893 ,m58,,
28498, u893 ," Don't you wander off, boy."",,,,,,,,,,,,,,,,,,,,,,,,,,,,,,,", u890 ,m58,,
28499, u890 ," Put your tiny little mind at ease.,,,,,,,,,,,,,,,,,,,,,,,,,,,,,,,", u893 ,m58,,
28500, u893 ," Let's see: you got Victor, stud of the year, more coin than God? Or Reed, the world's dumbest smart guy worth less than a postage stamp. Hmmm, it's a toss-up."",,,,,,,,,,,,,,,,,,,,,,,,,,,,,,,", u890 ,m58,,
28501, u890 ," Hey, two hearts got busted last time. Maybe she's not over it either."",,,,,,,,,,,,,,,,,,,,,,,,,,,,,,,", u893 ,m58,,
28502, u893 ," Yeah, well, his eyes say different."",,,,,,,,,,,,,,,,,,,,,,,,,,,,,,,", u890 ,m58,,
28503, u890 ," 'Course not. Strictly business.,,,,,,,,,,,,,,,,,,,,,,,,,,,,,,,", u893 ,m58,,
28504, u893 ," Please tell me your dawg's not trying to rekindle things with my sister.,,,,,,,,,,,,,,,,,,,,,,,,,,,,,,,", u890 ,m58,,
28505, u890 ," Keep talking, there won't be a next time."",,,,,,,,,,,,,,,,,,,,,,,,,,,,,,,", u893 ,m58,,
28506, u893 ," If you behave, maybe next time daddy'll let you drive."",,,,,,,,,,,,,,,,,,,,,,,,,,,,,,,", u893 ,m58,,
28507, u893 ," Actually, the engines are SMEs. Hydrogenbase, carbon propellant. Couple generations past your last ride.  I'm not as dumb as you look."",,,,,,,,,,,,,,,,,,,,,,,,,,,,,,,", u890 ,m58,,
28508, u890 ," What the hell you smiling at? Just keep your mouth shut, and your mind on those SMBs --"",,,,,,,,,,,,,,,,,,,,,,,,,,,,,,,", u899 ,m58,,
28509, u899 ," That's terrible news...,,,,,,,,,,,,,,,,,,,,,,,,,,,,,,,", u892 ,m58,,
28510, u892 ," But... this disease... is progressive... degenerative...,,,,,,,,,,,,,,,,,,,,,,,,,,,,,,,", u892 ,m58,,
28511, u892 ," The Center for Disease Control. If this thing is contagious --,,,,,,,,,,,,,,,,,,,,,,,,,,,,,,,", u899 ,m58,,
28512, u899 ," What?,,,,,,,,,,,,,,,,,,,,,,,,,,,,,,,", u892 ,m58,,
28513, u892 ," I wish I could tell you. I can't pretend to know what we're dealing with here. I'll notify the CDC and --,,,,,,,,,,,,,,,,,,,,,,,,,,,,,,,", u899 ,m58,,
28514, u899 ," What do you mean """"complete""""?"",,,,,,,,,,,,,,,,,,,,,,,,,,,,,,,", u892 ,m58,,
28515, u892 ," At this rate, the infection should be complete in two, maybe three weeks --"",,,,,,,,,,,,,,,,,,,,,,,,,,,,,,,", u899 ,m58,,
28516, u899 ," Like the shields Reed said would protect us.  How long?,,,,,,,,,,,,,,,,,,,,,,,,,,,,,,,", u892 ,m58,,
28517, u892 ," I don't really know. A compound organic-metallic alloy. Stronger than titanium or carbon steel. Harder than diamonds --,,,,,,,,,,,,,,,,,,,,,,,,,,,,,,,", u899 ,m58,,
28518, u899 ," And they're changing into...,,,,,,,,,,,,,,,,,,,,,,,,,,,,,,,", u892 ,m58,,
28519, u892 ," Your tissue, your organs, your entire biophysical structure is changing. Every system is still functioning, somehow --"",,,,,,,,,,,,,,,,,,,,,,,,,,,,,,,", u896 ,m58,,
28520, u896 ," No: You're ON FIRE!,,,,,,,,,,,,,,,,,,,,,,,,,,,,,,,", u893 ,m58,,
28521, u893 ," Not this again --,,,,,,,,,,,,,,,,,,,,,,,,,,,,,,,", u896 ,m58,,
28522, u896 ," You're on fire!,,,,,,,,,,,,,,,,,,,,,,,,,,,,,,,", u896 ,m58,,
28523, u896 ," Last one down springs for room service.,,,,,,,,,,,,,,,,,,,,,,,,,,,,,,,", u893 ,m58,,
28524, u893 ," I though we went over this.,,,,,,,,,,,,,,,,,,,,,,,,,,,,,,,", u896 ,m58,,
28525, u896 ," Stay right. Left is trouble.,,,,,,,,,,,,,,,,,,,,,,,,,,,,,,,", u893 ,m58,,
28526, u893 ," Me like-y.,,,,,,,,,,,,,,,,,,,,,,,,,,,,,,,", u893 ,m58,,
28527, u893 ," Meet me at 4:01, top of the run. That'll give you a minute to freshen up."",,,,,,,,,,,,,,,,,,,,,,,,,,,,,,,", u896 ,m58,,
28528, u896 ," My shift ends at four, but I couldn't --"",,,,,,,,,,,,,,,,,,,,,,,,,,,,,,,", u893 ,m58,,
28529, u893 ," I've never felt better in my life. When do you get off work?,,,,,,,,,,,,,,,,,,,,,,,,,,,,,,,", u896 ,m58,,
28530, u896 ," I mean, you feel a little feverish."",,,,,,,,,,,,,,,,,,,,,,,,,,,,,,,", u893 ,m58,,
28531, u893 ," So are you!,,,,,,,,,,,,,,,,,,,,,,,,,,,,,,,", u896 ,m58,,
28532, u896 ," You're hot!,,,,,,,,,,,,,,,,,,,,,,,,,,,,,,,", u893 ,m58,,
28533, u893 ," I don't know if """"we've"""" noticed, but the sickest runs this side of the Alps are right outside that window --"",,,,,,,,,,,,,,,,,,,,,,,,,,,,,,,", u896 ,m58,,
28534, u896 ," And where do we think we're going?,,,,,,,,,,,,,,,,,,,,,,,,,,,,,,,", u895 ,m58,,
28535, u895 ," Now.,,,,,,,,,,,,,,,,,,,,,,,,,,,,,,,", u893 ,m58,,
28536, u893 ," But all these people...,,,,,,,,,,,,,,,,,,,,,,,,,,,,,,,", u895 ,m58,,
28537, u895 ," Johnny. SUPERNOVA.,,,,,,,,,,,,,,,,,,,,,,,,,,,,,,,", u895 ,m58,,
28538, u895 ," A higher calling like getting girls and making money?,,,,,,,,,,,,,,,,,,,,,,,,,,,,,,,", u893 ,m58,,
28539, u893 ," Act. Here we go again. Reed, what if we got these gifts for a reason? What if we have some, you know... like, calling?"",,,,,,,,,,,,,,,,,,,,,,,,,,,,,,,", u895 ,m58,,
28540, u895 ," You need to control yourself and think before you --,,,,,,,,,,,,,,,,,,,,,,,,,,,,,,,", u893 ,m58,,
28541, u893 ," Right, whatever, have fun."",,,,,,,,,,,,,,,,,,,,,,,,,,,,,,,", u895 ,m58,,
28542, u895 ," That's what I'm trying to calculate. And it's not rubber. It's muscle, tendon. I seem to have the ability to manipulate the malleability of my molecular structure and redistribute my density to --"",,,,,,,,,,,,,,,,,,,,,,,,,,,,,,,", u895 ,m58,,
28543, u895 ," They're not costumes.,,,,,,,,,,,,,,,,,,,,,,,,,,,,,,,", u893 ,m58,,
28544, u893 ," He's right. These costumes are... missing something. I can't put my finger on it --,,,,,,,,,,,,,,,,,,,,,,,,,,,,,,,", u893 ,m58,,
28545, u893 ," Oh, well that's easy: I'm hot. You're... well, you're a little limp. Sue's easy to see through. And Ben's always been a hardass.  Why aren't you writing this down?"",,,,,,,,,,,,,,,,,,,,,,,,,,,,,,,", u895 ,m58,,
28546, u895 ," What? No. I'm trying to figure out why we each ended up with different symptoms.,,,,,,,,,,,,,,,,,,,,,,,,,,,,,,,", u893 ,m58,,
28547, u893 ," What are you trying to say? Just because I dress well and like to dance --,,,,,,,,,,,,,,,,,,,,,,,,,,,,,,,", u895 ,m58,,
28548, u895 ," Is there something about flames? About flaming, that you --"",,,,,,,,,,,,,,,,,,,,,,,,,,,,,,,", u893 ,m58,,
28549, u893 ," Gotcha. Okay. Supernova bad.,,,,,,,,,,,,,,,,,,,,,,,,,,,,,,,", u895 ,m58,,
28550, u895 ," Not only could you kill yourself, but you could set fire to Earth's atmosphere and destroy all human life as we know it."",,,,,,,,,,,,,,,,,,,,,,,,,,,,,,,", u893 ,m58,,
28551, u893 ," I can go hotter!,,,,,,,,,,,,,,,,,,,,,,,,,,,,,,,", u895 ,m58,,
28552, u895 ," Back it down, Johnny!"",,,,,,,,,,,,,,,,,,,,,,,,,,,,,,,", u895 ,m58,,
28553, u895 ," ...and figure out how to reverse them. Let me show you to your rooms.,,,,,,,,,,,,,,,,,,,,,,,,,,,,,,,", u893 ,m58,,
28554, u893 ," This place is deluxe. You got cable?,,,,,,,,,,,,,,,,,,,,,,,,,,,,,,,", u895 ,m58,,
28555, u895 ," We should stay here until we can define the extent of our changes...,,,,,,,,,,,,,,,,,,,,,,,,,,,,,,,", u895 ,m58,,
28556, u895 ," Oh, it is."",,,,,,,,,,,,,,,,,,,,,,,,,,,,,,,", u893 ,m58,,
28557, u893 ," Twenty? From outside the place looks a lot taller.,,,,,,,,,,,,,,,,,,,,,,,,,,,,,,,", u893 ,m58,,
28558, u893 ," What he's trying to say is: every team needs a mascot...,,,,,,,,,,,,,,,,,,,,,,,,,,,,,,,", u895 ,m58,,
28559, u895 ," Ben Grimm is a genuine American hero who's been through a terrible orde--,,,,,,,,,,,,,,,,,,,,,,,,,,,,,,,", u895 ,m58,,
28560, u895 ," You've been working out.,,,,,,,,,,,,,,,,,,,,,,,,,,,,,,,", u893 ,m58,,
28561, u893 ," This is wrong in so many ways.,,,,,,,,,,,,,,,,,,,,,,,,,,,,,,,", u895 ,m58,,
28562, u895 ," Ben, are you there?"",,,,,,,,,,,,,,,,,,,,,,,,,,,,,,,", u893 ,m58,,
28563, u893 ," Oh, you dawg you. Better not be my nurse!"",,,,,,,,,,,,,,,,,,,,,,,,,,,,,,,", u893 ,m58,,
28564, u893 ," Cool. What'd it do to you guys?,,,,,,,,,,,,,,,,,,,,,,,,,,,,,,,", u895 ,m58,,
28565, u895 ," The cloud has fundamentally altered our DNA.,,,,,,,,,,,,,,,,,,,,,,,,,,,,,,,", u893 ,m58,,
28566, u893 ," Now what is up with that?,,,,,,,,,,,,,,,,,,,,,,,,,,,,,,,", u893 ,m58,,
28567, u893 ," Ben! Ben!,,,,,,,,,,,,,,,,,,,,,,,,,,,,,,,", u895 ,m58,,
28568, u895 ," He's not responsive --,,,,,,,,,,,,,,,,,,,,,,,,,,,,,,,", u893 ,m58,,
28569, u893 ," What about you?,,,,,,,,,,,,,,,,,,,,,,,,,,,,,,,", u895 ,m58,,
28570, u895 ," Victor's right. Johnny, get to the command center. Close the shields."",,,,,,,,,,,,,,,,,,,,,,,,,,,,,,,", u897 ,m58,,
28571, u897 ," But Johnny... you can't fly.,,,,,,,,,,,,,,,,,,,,,,,,,,,,,,,", u893 ,m58,,
28572, u893 ," Sis. Let me take care of you for once.,,,,,,,,,,,,,,,,,,,,,,,,,,,,,,,", u897 ,m58,,
28573, u897 ," What are you doing --,,,,,,,,,,,,,,,,,,,,,,,,,,,,,,,", u897 ,m58,,
28574, u897 ," No, I'm sorry, for pushing you out."",,,,,,,,,,,,,,,,,,,,,,,,,,,,,,,", u893 ,m58,,
28575, u893 ," I'm sorry, sis, for leaving you guys --"",,,,,,,,,,,,,,,,,,,,,,,,,,,,,,,", u897 ,m58,,
28576, u897 ," As soon as you stop acting like one. Come on, you're smarter than this. You think those people out there care about you? You're just a fad to them."",,,,,,,,,,,,,,,,,,,,,,,,,,,,,,,", u893 ,m58,,
28577, u893 ," Look around, sis! She's not here. So you can stop talking to me like I'm your little boy --"",,,,,,,,,,,,,,,,,,,,,,,,,,,,,,,", u897 ,m58,,
28578, u897 ," Johnny, slow down. Think. You know mom didn't raise us to --"",,,,,,,,,,,,,,,,,,,,,,,,,,,,,,,", u893 ,m58,,
28579, u893 ," At least it beats living in a lab like somebody's science project.,,,,,,,,,,,,,,,,,,,,,,,,,,,,,,,", u897 ,m58,,
28580, u897 ," Is that what you call it? """"Real""""?"",,,,,,,,,,,,,,,,,,,,,,,,,,,,,,,", u893 ,m58,,
28581, u893 ," Yeah, for the last time, I hope. I'm done with this freak show. I'm moving back to the real world."",,,,,,,,,,,,,,,,,,,,,,,,,,,,,,,", u897 ,m58,,
28582, u897 ," Johnny? Did you see Ben?,,,,,,,,,,,,,,,,,,,,,,,,,,,,,,,", u893 ,m58,,
28583, u893 ," Blockhead started it!,,,,,,,,,,,,,,,,,,,,,,,,,,,,,,,", u897 ,m58,,
28584, u897 ," You two need a time-out.,,,,,,,,,,,,,,,,,,,,,,,,,,,,,,,", u897 ,m58,,
28585, u897 ," You gave us names? What are you, the """"face"""" of the Fantastic Four now?"",,,,,,,,,,,,,,,,,,,,,,,,,,,,,,,", u893 ,m58,,
28586, u893 ," You're gonna pay for that, Pebbles.  What?!"",,,,,,,,,,,,,,,,,,,,,,,,,,,,,,,", u893 ,m58,,
28587, u893 ," Dude. That's my sister.,,,,,,,,,,,,,,,,,,,,,,,,,,,,,,,", u897 ,m58,,
28588, u897 ," I'm driving.,,,,,,,,,,,,,,,,,,,,,,,,,,,,,,,", u897 ,m58,,
28589, u897 ," Girl...?!,,,,,,,,,,,,,,,,,,,,,,,,,,,,,,,", u893 ,m58,,
28590, u893 ," Uh, we call my sister the invisible girl... the Invisible Girl."",,,,,,,,,,,,,,,,,,,,,,,,,,,,,,,", u897 ,m58,,
28591, u897 ," That's the temperature of the sun.,,,,,,,,,,,,,,,,,,,,,,,,,,,,,,,", u893 ,m58,,
28592, u893 ," Sweet.,,,,,,,,,,,,,,,,,,,,,,,,,,,,,,,", u897 ,m58,,
28593, u897 ," You were at 4000 Kelvin. Any hotter, you're approaching supernova --"",,,,,,,,,,,,,,,,,,,,,,,,,,,,,,,", u893 ,m58,,
28594, u893 ," You're really cramping my style here.,,,,,,,,,,,,,,,,,,,,,,,,,,,,,,,", u893 ,m58,,
28595, u893 ," Is that a trick question? C'mon, I can't be the only one who thinks this is cool."",,,,,,,,,,,,,,,,,,,,,,,,,,,,,,,", u897 ,m58,,
28596, u897 ," Grow up, Johnny. You want to run around on fire for the rest of your life?"",,,,,,,,,,,,,,,,,,,,,,,,,,,,,,,", u893 ,m58,,
28597, u893 ," Wait. You mean there's chance we could be full-on-24-7-fantastic?,,,,,,,,,,,,,,,,,,,,,,,,,,,,,,,", u897 ,m58,,
28598, u897 ," I think that thing is Ben.,,,,,,,,,,,,,,,,,,,,,,,,,,,,,,,", u893 ,m58,,
28599, u893 ," What is that thing?,,,,,,,,,,,,,,,,,,,,,,,,,,,,,,,", u893 ,m58,,
28600, u893 ," Okay, """"mom."""""",,,,,,,,,,,,,,,,,,,,,,,,,,,,,,,", u897 ,m58,,
28601, u897 ," Stop it.,,,,,,,,,,,,,,,,,,,,,,,,,,,,,,,", u897 ,m58,,
28602, u897 ," Johnny.,,,,,,,,,,,,,,,,,,,,,,,,,,,,,,,", u893 ,m58,,
28603, u893 ," Flame on, flame off. Flame on, flame off --"",,,,,,,,,,,,,,,,,,,,,,,,,,,,,,,", u893 ,m58,,
28604, u893 ," Please tell me you go silent too.,,,,,,,,,,,,,,,,,,,,,,,,,,,,,,,", u897 ,m58,,
28605, u897 ," Apparently I can disappear.,,,,,,,,,,,,,,,,,,,,,,,,,,,,,,,", u893 ,m58,,
28606, u893 ," Keep the hot side hot, and the cool side cool!"",,,,,,,,,,,,,,,,,,,,,,,,,,,,,,,", u897 ,m58,,
28607, u897 ," The synthetics act as a second skin, adapting to your individual needs to --"",,,,,,,,,,,,,,,,,,,,,,,,,,,,,,,", u894 ,m58,,
28608, u894 ," Top left, like you asked.  Today Wall Street. Tomorrow, who knows... maybe Washington."",,,,,,,,,,,,,,,,,,,,,,,,,,,,,,,", u899 ,m58,,
28609, u899 ," Front page?,,,,,,,,,,,,,,,,,,,,,,,,,,,,,,,", u894 ,m58,,
28610, u894 ," Yes sir. You've got the Mayor at eight, then a nine-thirty interview with the Journal --"",,,,,,,,,,,,,,,,,,,,,,,,,,,,,,,", u899 ,m58,,
28611, u899 ," Make sure you find Ben, bring him back here. And keep it quiet. I don't need this to hit the press."",,,,,,,,,,,,,,,,,,,,,,,,,,,,,,,", u899 ,m58,,
28612, u899 ," That's why. Because I could have any other woman... You know, when they asked Caesar """"why England,"""" he said, """"because it's not mine."""""",,,,,,,,,,,,,,,,,,,,,,,,,,,,,,,", u894 ,m58,,
28613, u894 ," Sir, I've always wondered... Why Sue? You could have any woman in the world but --"",,,,,,,,,,,,,,,,,,,,,,,,,,,,,,,", u899 ,m58,,
28614, u899 ," Later. First, I've got some unfinished business. A deal that needs closing..."",,,,,,,,,,,,,,,,,,,,,,,,,,,,,,,", u894 ,m58,,
28615, u894 ," You know, maybe you should get some rest --"",,,,,,,,,,,,,,,,,,,,,,,,,,,,,,,", u899 ,m58,,
28616, u899 ," And that's a good thing?,,,,,,,,,,,,,,,,,,,,,,,,,,,,,,,", u894 ,m58,,
28617, u894 ," Actually, uh, people seem to think the scar """"humanizes"""" you."",,,,,,,,,,,,,,,,,,,,,,,,,,,,,,,", u899 ,m58,,
28618, u899 ," Get me on the AM shows, Larry King, cover of the Journal...  I've got to do something about this scar. Make sure they only shoot my right side."",,,,,,,,,,,,,,,,,,,,,,,,,,,,,,,", u894 ,m58,,
28619, u894 ," Sir, I'm sure he wouldn't put himself --"",,,,,,,,,,,,,,,,,,,,,,,,,,,,,,,", u899 ,m58,,
28620, u899 ," Reed's disaster. You know, I half- think he did this to me on purpose."",,,,,,,,,,,,,,,,,,,,,,,,,,,,,,,", u894 ,m58,,
28621, u894 ," Stable. We're looking at low twenties. It's a good number, considering the fallout from --"",,,,,,,,,,,,,,,,,,,,,,,,,,,,,,,", u899 ,m58,,
28622, u899 ," How's the IPO?,,,,,,,,,,,,,,,,,,,,,,,,,,,,,,,", u894 ,m58,,
28623, u894 ," Recording, sir. We see you perfectly."",,,,,,,,,,,,,,,,,,,,,,,,,,,,,,,", u899 ,m58,,
28624, u899 ," Leonard, how's the feed?"",,,,,,,,,,,,,,,,,,,,,,,,,,,,,,,", u899 ,m58,,
28625, u899 ," History, Leonard. History. Everything else is conversation...  How's the other matter?"",,,,,,,,,,,,,,,,,,,,,,,,,,,,,,,", u894 ,m58,,
28626, u894 ," Then what is it?,,,,,,,,,,,,,,,,,,,,,,,,,,,,,,,", u899 ,m58,,
28627, u899 ," It's not just the money. I could make money in my sleep.,,,,,,,,,,,,,,,,,,,,,,,,,,,,,,,", u894 ,m58,,
28628, u894 ," Our numbers are through the roof. The IPO's tracking at fifty, sixty a share. The bank's five times oversubscribed --"",,,,,,,,,,,,,,,,,,,,,,,,,,,,,,,", u899 ,m58,,
28629, u899 ," Showtime.,,,,,,,,,,,,,,,,,,,,,,,,,,,,,,,", u894 ,m58,,
28630, u894 ," They're ready for you, sir."",,,,,,,,,,,,,,,,,,,,,,,,,,,,,,,", u899 ,m58,,
28631, u899 ," Reed's always right. Good thing he doesn't always know what he's got...,,,,,,,,,,,,,,,,,,,,,,,,,,,,,,,", u894 ,m58,,
28632, u894 ," And if he's not...?,,,,,,,,,,,,,,,,,,,,,,,,,,,,,,,", u899 ,m58,,
28633, u899 ," If Reed's right, then this little trip will double our stock offering."",,,,,,,,,,,,,,,,,,,,,,,,,,,,,,,", u897 ,m58,,
28634, u897 ," A gasket? Reed, we're at a party."",,,,,,,,,,,,,,,,,,,,,,,,,,,,,,,", u895 ,m58,,
28635, u895 ," I found a broken gasket, from space --"",,,,,,,,,,,,,,,,,,,,,,,,,,,,,,,", u897 ,m58,,
28636, u897 ," I'm sure I can come up with something.,,,,,,,,,,,,,,,,,,,,,,,,,,,,,,,", u895 ,m58,,
28637, u895 ," Sue, I need some of that anger, rage, frustration --"",,,,,,,,,,,,,,,,,,,,,,,,,,,,,,,", u897 ,m58,,
28638, u897 ," You need a doctor.,,,,,,,,,,,,,,,,,,,,,,,,,,,,,,,", u895 ,m58,,
28639, u895 ," The power... I need... more power... to control... the storm --,,,,,,,,,,,,,,,,,,,,,,,,,,,,,,,", u897 ,m58,,
28640, u897 ," Reed, stop, you need to rest your --"",,,,,,,,,,,,,,,,,,,,,,,,,,,,,,,", u895 ,m58,,
28641, u895 ," I can... make it work.,,,,,,,,,,,,,,,,,,,,,,,,,,,,,,,", u897 ,m58,,
28642, u897 ," That would have kinda defeated the purpose. And Reed...  I'm saying it now.,,,,,,,,,,,,,,,,,,,,,,,,,,,,,,,", u895 ,m58,,
28643, u895 ," Why didn't you say something?,,,,,,,,,,,,,,,,,,,,,,,,,,,,,,,", u897 ,m58,,
28644, u897 ," When I walked out, I waited ten minutes outside your door. Ten. Waiting for you to come find me."",,,,,,,,,,,,,,,,,,,,,,,,,,,,,,,", u897 ,m58,,
28645, u897 ," I did. I did, Reed... but I wanted you to be that man."",,,,,,,,,,,,,,,,,,,,,,,,,,,,,,,", u895 ,m58,,
28646, u895 ," You always talked about how you liked the kind of man who could approach you... speak his mind. One who wasn't afraid to tell you what he wanted.,,,,,,,,,,,,,,,,,,,,,,,,,,,,,,,", u897 ,m58,,
28647, u897 ," I gave him twenty.,,,,,,,,,,,,,,,,,,,,,,,,,,,,,,,", u895 ,m58,,
28648, u895 ," You know, I bribed the projectionist ten bucks to keep it open late?"",,,,,,,,,,,,,,,,,,,,,,,,,,,,,,,", u897 ,m58,,
28649, u897 ," Of course I was. I'd read all your papers on bioethics. Some of them two times just so I'd have something to say to you.,,,,,,,,,,,,,,,,,,,,,,,,,,,,,,,", u895 ,m58,,
28650, u895 ," You were?,,,,,,,,,,,,,,,,,,,,,,,,,,,,,,,", u897 ,m58,,
28651, u897 ," Remember our first date here...? God, I was so nervous."",,,,,,,,,,,,,,,,,,,,,,,,,,,,,,,", u897 ,m58,,
28652, u897 ," Reed. Shh. Just be quiet. And look up.,,,,,,,,,,,,,,,,,,,,,,,,,,,,,,,", u895 ,m58,,
28653, u895 ," I could get Ben to tap into the Baxter's main power to generate enough voltage --,,,,,,,,,,,,,,,,,,,,,,,,,,,,,,,", u895 ,m58,,
28654, u895 ," I'm not the only one in there. I got you, Vic, Ben, Johnny, all rattling around in there."",,,,,,,,,,,,,,,,,,,,,,,,,,,,,,,", u897 ,m58,,
28655, u897 ," Every variable but yourself. You don't eat, sleep. You can't live in your head like --"",,,,,,,,,,,,,,,,,,,,,,,,,,,,,,,", u895 ,m58,,
28656, u895 ," Which is why I'm working twenty hours a day, checking every variable --"",,,,,,,,,,,,,,,,,,,,,,,,,,,,,,,", u897 ,m58,,
28657, u897 ," Better than your life. Victor's not the one who has to get into that thing. We are.,,,,,,,,,,,,,,,,,,,,,,,,,,,,,,,", u895 ,m58,,
28658, u895 ," He was going to take away all my data, equipment --"",,,,,,,,,,,,,,,,,,,,,,,,,,,,,,,", u897 ,m58,,
28659, u897 ," Don't let Victor push you into making a mistake --,,,,,,,,,,,,,,,,,,,,,,,,,,,,,,,", u895 ,m58,,
28660, u895 ," No way to know. Without more tests, experiments."",,,,,,,,,,,,,,,,,,,,,,,,,,,,,,,", u897 ,m58,,
28661, u897 ," Reed. How close are we to a cure?,,,,,,,,,,,,,,,,,,,,,,,,,,,,,,,", u895 ,m58,,
28662, u895 ," With the right energy, we can stabilize the storm. Maybe tie into the city grid..."",,,,,,,,,,,,,,,,,,,,,,,,,,,,,,,", u897 ,m58,,
28663, u897 ," And you sure you can control this thing? Last time didn't work out so well.,,,,,,,,,,,,,,,,,,,,,,,,,,,,,,,", u895 ,m58,,
28664, u895 ," Of course. Of course.,,,,,,,,,,,,,,,,,,,,,,,,,,,,,,,", u897 ,m58,,
28665, u897 ," But we're the focus, right Reed? Reed...?"",,,,,,,,,,,,,,,,,,,,,,,,,,,,,,,", u895 ,m58,,
28666, u895 ," Curing countless diseases, not just ours."",,,,,,,,,,,,,,,,,,,,,,,,,,,,,,,", u897 ,m58,,
28667, u897 ," And reverse the mutations --,,,,,,,,,,,,,,,,,,,,,,,,,,,,,,,", u895 ,m58,,
28668, u895 ," If we can build a machine to re-create the storm, we can reverse the polarity --"",,,,,,,,,,,,,,,,,,,,,,,,,,,,,,,", u895 ,m58,,
28669, u895 ," The plants, from space. Their particles are still charged. With the right amount of energy, those ions could create the elemental profile of the cosmic storm."",,,,,,,,,,,,,,,,,,,,,,,,,,,,,,,", u897 ,m58,,
28670, u897 ," What are you doing?,,,,,,,,,,,,,,,,,,,,,,,,,,,,,,,", u897 ,m58,,
28671, u897 ," No. There weren't. There was you. And me. No variables, no math. It was actually the simplest thing in the world. But your head got in the way... like it always does."",,,,,,,,,,,,,,,,,,,,,,,,,,,,,,,", u895 ,m58,,
28672, u895 ," There were a lot of variables to consider --,,,,,,,,,,,,,,,,,,,,,,,,,,,,,,,", u897 ,m58,,
28673, u897 ," I just wanted to share an apartment. What was so complicated about that?,,,,,,,,,,,,,,,,,,,,,,,,,,,,,,,", u895 ,m58,,
28674, u895 ," I think it was a little more complicated than --,,,,,,,,,,,,,,,,,,,,,,,,,,,,,,,", u897 ,m58,,
28675, u897 ," Reed. I was ready for the next step, you weren't, ergo, I walked."",,,,,,,,,,,,,,,,,,,,,,,,,,,,,,,", u895 ,m58,,
28676, u895 ," No, I distinctly remember: you walked out my door. Ergo..."",,,,,,,,,,,,,,,,,,,,,,,,,,,,,,,", u897 ,m58,,
28677, u897 ," Are you kidding?,,,,,,,,,,,,,,,,,,,,,,,,,,,,,,,", u895 ,m58,,
28678, u895 ," I mean, you broke up with me, right?"",,,,,,,,,,,,,,,,,,,,,,,,,,,,,,,", u895 ,m58,,
28679, u895 ," What in the world would give me that idea?,,,,,,,,,,,,,,,,,,,,,,,,,,,,,,,", u897 ,m58,,
28680, u897 ," I'm sorry, I'm sorry, I didn't mean to do that... You must think that was some kind of latent hostility or --"",,,,,,,,,,,,,,,,,,,,,,,,,,,,,,,", u897 ,m58,,
28681, u897 ," I'm sure I can come up with something.,,,,,,,,,,,,,,,,,,,,,,,,,,,,,,,", u895 ,m58,,
28682, u895 ," Okay. Is there any way to duplicate that feeling? Some memory or...,,,,,,,,,,,,,,,,,,,,,,,,,,,,,,,", u897 ,m58,,
28683, u897 ," Anger. Rage. Frustration.,,,,,,,,,,,,,,,,,,,,,,,,,,,,,,,", u895 ,m58,,
28684, u895 ," I'm saying, if you had a little more self control, you could locate the trigger. Can you remember the exact emotions when --"",,,,,,,,,,,,,,,,,,,,,,,,,,,,,,,", u897 ,m58,,
28685, u897 ," Excuse me?,,,,,,,,,,,,,,,,,,,,,,,,,,,,,,,", u895 ,m58,,
28686, u895 ," You should be able to bend light around other objects, even people, if you could control your emotional state better --"",,,,,,,,,,,,,,,,,,,,,,,,,,,,,,,", u897 ,m58,,
28687, u897 ," What about you? You haven't eaten in days. How come you're never on this side of the microscope?,,,,,,,,,,,,,,,,,,,,,,,,,,,,,,,", u895 ,m58,,
28688, u895 ," It's not """"invisibility"""" per se. You're bending the light around you with some kind of malleable force field. That's what you projected on the Bridge."",,,,,,,,,,,,,,,,,,,,,,,,,,,,,,,", u897 ,m58,,
28689, u897 ," If it happened to him, then it could..."",,,,,,,,,,,,,,,,,,,,,,,,,,,,,,,", u895 ,m58,,
28690, u895 ," That's what we're here to find out.,,,,,,,,,,,,,,,,,,,,,,,,,,,,,,,", u897 ,m58,,
28691, u897 ," How come Ben can't turn it on and off like us?,,,,,,,,,,,,,,,,,,,,,,,,,,,,,,,", u897 ,m58,,
28692, u897 ," What...?  Oh.,,,,,,,,,,,,,,,,,,,,,,,,,,,,,,,", u895 ,m58,,
28693, u895 ," Sue. Your clothes. Lose them.,,,,,,,,,,,,,,,,,,,,,,,,,,,,,,,", u895 ,m58,,
28694, u895 ," We need to get past them.,,,,,,,,,,,,,,,,,,,,,,,,,,,,,,,", u897 ,m58,,
28695, u897 ," What?,,,,,,,,,,,,,,,,,,,,,,,,,,,,,,,", u895 ,m58,,
28696, u895 ," Let's not jump to conclusions, we need a massive amount of evidence before making that leap."",,,,,,,,,,,,,,,,,,,,,,,,,,,,,,,", u897 ,m58,,
28697, u897 ," It has to be the cloud. It's fundamentally altered our DNA.,,,,,,,,,,,,,,,,,,,,,,,,,,,,,,,", u895 ,m58,,
28698, u895 ," Sue... look at your hands.,,,,,,,,,,,,,,,,,,,,,,,,,,,,,,,", u897 ,m58,,
28699, u897 ," What? What do you mean you --,,,,,,,,,,,,,,,,,,,,,,,,,,,,,,,", u895 ,m58,,
28700, u895 ," Uh, Sue...? I can't."",,,,,,,,,,,,,,,,,,,,,,,,,,,,,,,", u897 ,m58,,
28701, u897 ," You are such a dork, Reed... You never got it and never will unless it's explained to you in quantum physics."",,,,,,,,,,,,,,,,,,,,,,,,,,,,,,,", u895 ,m58,,
28702, u895 ," For science.,,,,,,,,,,,,,,,,,,,,,,,,,,,,,,,", u895 ,m58,,
28703, u895 ," Passion.,,,,,,,,,,,,,,,,,,,,,,,,,,,,,,,", u897 ,m58,,
28704, u897 ," Which was?,,,,,,,,,,,,,,,,,,,,,,,,,,,,,,,", u895 ,m58,,
28705, u895 ," I can tell you guys are enjoying what was the best part of our relationship --,,,,,,,,,,,,,,,,,,,,,,,,,,,,,,,", u897 ,m58,,
28706, u897 ," You're happy for me and Victor.,,,,,,,,,,,,,,,,,,,,,,,,,,,,,,,", u897 ,m58,,
28707, u897 ," You always had a way with words.  I should be getting back.,,,,,,,,,,,,,,,,,,,,,,,,,,,,,,,", u895 ,m58,,
28708, u895 ," That's good. That's uh... good.,,,,,,,,,,,,,,,,,,,,,,,,,,,,,,,", u897 ,m58,,
28709, u897 ," Yes, thanks."",,,,,,,,,,,,,,,,,,,,,,,,,,,,,,,", u895 ,m58,,
28710, u895 ," Feeling better?,,,,,,,,,,,,,,,,,,,,,,,,,,,,,,,", u897 ,m58,,
28711, u897 ," Great minds think alike.,,,,,,,,,,,,,,,,,,,,,,,,,,,,,,,", u895 ,m58,,
28712, u895 ," Material made from self-regulating unstable molecules. I've been working on a formula for this.,,,,,,,,,,,,,,,,,,,,,,,,,,,,,,,", u897 ,m58,,
28713, u897 ," Well, he's welcome to ride shotgun, but we already have a pilot on our payroll. You remember my brother Johnny..."",,,,,,,,,,,,,,,,,,,,,,,,,,,,,,,", u895 ,m58,,
28714, u895 ," As far as crew, I was hoping Ben could pilot the mission --"",,,,,,,,,,,,,,,,,,,,,,,,,,,,,,,", u897 ,m58,,
28715, u897 ," It's been changed.,,,,,,,,,,,,,,,,,,,,,,,,,,,,,,,", u895 ,m58,,
28716, u895 ," I, uh, think I remember the number."",,,,,,,,,,,,,,,,,,,,,,,,,,,,,,,", u897 ,m58,,
28717, u897 ," Right. That's exactly what I meant.,,,,,,,,,,,,,,,,,,,,,,,,,,,,,,,", u895 ,m58,,
28718, u895 ," Well, uh, based on our history... you can handle the biogenetics, and I'll focus on the molecular physics. Or, uhm, maybe I should take the biotech, you work the microscopes, since you have some background in electropho--"",,,,,,,,,,,,,,,,,,,,,,,,,,,,,,,", u897 ,m58,,
28719, u897 ," I was talking about us. Working together.,,,,,,,,,,,,,,,,,,,,,,,,,,,,,,,", u895 ,m58,,
28720, u895 ," Those solar winds are flaring, but I factored them into my coordinates and --"",,,,,,,,,,,,,,,,,,,,,,,,,,,,,,,", u897 ,m58,,
28721, u897 ," Never better.,,,,,,,,,,,,,,,,,,,,,,,,,,,,,,,", u895 ,m58,,
28722, u895 ," You're, you've, I mean, how have you bee--"",,,,,,,,,,,,,,,,,,,,,,,,,,,,,,,", u899 ,m58,,
28723, u899 ," Which is precisely the point. Analysis is over. It's time for action. My men could have mass-produced this by now.,,,,,,,,,,,,,,,,,,,,,,,,,,,,,,,", u895 ,m58,,
28724, u895 ," But I'm not done with the machine --,,,,,,,,,,,,,,,,,,,,,,,,,,,,,,,", u899 ,m58,,
28725, u899 ," What I should have done a long time ago. Applications and patents, Reed. This all belongs to me."",,,,,,,,,,,,,,,,,,,,,,,,,,,,,,,", u895 ,m58,,
28726, u895 ," What are you doing here?,,,,,,,,,,,,,,,,,,,,,,,,,,,,,,,", u899 ,m58,,
28727, u899 ," I don't want to understand it. This isn't one of your science projects. I just want to fix it. Fast!,,,,,,,,,,,,,,,,,,,,,,,,,,,,,,,", u895 ,m58,,
28728, u895 ," Victor, if we could understand what happened to us --"",,,,,,,,,,,,,,,,,,,,,,,,,,,,,,,", u899 ,m58,,
28729, u899 ," Abort? Reed, I put my company, my name, billions of dollars on the line, and I will not let you make me look like a fool --"",,,,,,,,,,,,,,,,,,,,,,,,,,,,,,,", u895 ,m58,,
28730, u895 ," I ruined? With all due respect, I told you to abort --"",,,,,,,,,,,,,,,,,,,,,,,,,,,,,,,", u899 ,m58,,
28731, u899 ," Didn't go as planned? It was a catastrophe. You ruined the lives of four people --,,,,,,,,,,,,,,,,,,,,,,,,,,,,,,,", u895 ,m58,,
28732, u895 ," Not much. We need to run tests to see the extent of the damage.,,,,,,,,,,,,,,,,,,,,,,,,,,,,,,,", u899 ,m58,,
28733, u899 ," I'm starting to wonder the same thing... How much do you know about what happened to you?,,,,,,,,,,,,,,,,,,,,,,,,,,,,,,,", u895 ,m58,,
28734, u895 ," He's had some kind of... reaction to exposure from the cloud. And he's not the only one.,,,,,,,,,,,,,,,,,,,,,,,,,,,,,,,", u899 ,m58,,
28735, u899 ," Ben did this?,,,,,,,,,,,,,,,,,,,,,,,,,,,,,,,", u895 ,m58,,
28736, u895 ," Ben did this.,,,,,,,,,,,,,,,,,,,,,,,,,,,,,,,", u899 ,m58,,
28737, u899 ," Just a little banged up. A couple scrapes. Why?,,,,,,,,,,,,,,,,,,,,,,,,,,,,,,,", u899 ,m58,,
28738, u899 ," It's too late for him, and soon it'll be too late for all of us."",,,,,,,,,,,,,,,,,,,,,,,,,,,,,,,", u895 ,m58,,
28739, u895 ," Not until Ben is back inside!,,,,,,,,,,,,,,,,,,,,,,,,,,,,,,,", u899 ,m58,,
28740, u899 ," Reed, we're running out of time."",,,,,,,,,,,,,,,,,,,,,,,,,,,,,,,", u895 ,m58,,
28741, u895 ," Come on, Ben, come on..."",,,,,,,,,,,,,,,,,,,,,,,,,,,,,,,", u899 ,m58,,
28742, u899 ," So reel him in. But we came here to do a job. So let's do it. Quickly.,,,,,,,,,,,,,,,,,,,,,,,,,,,,,,,", u895 ,m58,,
28743, u895 ," Ben's still out there --,,,,,,,,,,,,,,,,,,,,,,,,,,,,,,,", u899 ,m58,,
28744, u899 ," Get a grip. Reed. We didn't come all this way to lose our nerve at the first little glitch. Just close the shields...,,,,,,,,,,,,,,,,,,,,,,,,,,,,,,,", u895 ,m58,,
28745, u895 ," We've got minutes until it hits, not hours... Victor, that storm's deadly -- the radiation's lethal. We need to abort."",,,,,,,,,,,,,,,,,,,,,,,,,,,,,,,", u895 ,m58,,
28746, u895 ," Sure.,,,,,,,,,,,,,,,,,,,,,,,,,,,,,,,", u899 ,m58,,
28747, u899 ," Got it. So take a walk, Ben... I'm going to borrow Susan for a second."",,,,,,,,,,,,,,,,,,,,,,,,,,,,,,,", u895 ,m58,,
28748, u895 ," Hilarious.,,,,,,,,,,,,,,,,,,,,,,,,,,,,,,,", u899 ,m58,,
28749, u899 ," Funny how things turn out, isn't it?"",,,,,,,,,,,,,,,,,,,,,,,,,,,,,,,", u899 ,m58,,
28750, u899 ," The number's seventy-five. And it's applications and patents.,,,,,,,,,,,,,,,,,,,,,,,,,,,,,,,", u895 ,m58,,
28751, u895 ," You back this mission, and I'll sign over a fair percentage of any applications or --"",,,,,,,,,,,,,,,,,,,,,,,,,,,,,,,", u895 ,m58,,
28752, u895 ," Not at all.,,,,,,,,,,,,,,,,,,,,,,,,,,,,,,,", u899 ,m58,,
28753, u899 ," This isn't going to be a problem, is it?"",,,,,,,,,,,,,,,,,,,,,,,,,,,,,,,", u895 ,m58,,
28754, u895 ," You remember in school we talked about working together. That's what I was about to explain...,,,,,,,,,,,,,,,,,,,,,,,,,,,,,,,", u899 ,m58,,
28755, u899 ," But dreams don't pay the bills, do they?  Same old Reed, the hopeless optimist. Still reaching for the stars, with the world on your back."",,,,,,,,,,,,,,,,,,,,,,,,,,,,,,,", u897 ,m58,,
28756, u897 ," Victor, we can't do anything until the research is ready."",,,,,,,,,,,,,,,,,,,,,,,,,,,,,,,", u899 ,m58,,
28757, u899 ," Oh, I think you already have."",,,,,,,,,,,,,,,,,,,,,,,,,,,,,,,", u897 ,m58,,
28758, u897 ," Please don't make this personal --,,,,,,,,,,,,,,,,,,,,,,,,,,,,,,,", u899 ,m58,,
28759, u899 ," Then why is Reed dragging his feet? Maybe he likes having his prize specimen under glass...  It's ironic, isn't it? You're finally the perfect woman for him... because you're his science project."",,,,,,,,,,,,,,,,,,,,,,,,,,,,,,,", u897 ,m58,,
28760, u897 ," If these molecules aren't stable, they could make us worse, maybe even kill us."",,,,,,,,,,,,,,,,,,,,,,,,,,,,,,,", u899 ,m58,,
28761, u899 ," Same old Reed. All analysis, no action. Wasn't that the problem with you two?"",,,,,,,,,,,,,,,,,,,,,,,,,,,,,,,", u897 ,m58,,
28762, u897 ," He's working round the clock. But the data needs to be tested, analyzed before --"",,,,,,,,,,,,,,,,,,,,,,,,,,,,,,,", u899 ,m58,,
28763, u899 ," Susan. What are you doing?,,,,,,,,,,,,,,,,,,,,,,,,,,,,,,,", u897 ,m58,,
28764, u897 ," Victor, wait, slow down a second. I want you to know I appreciate everything you've done for me, but I just don't --"",,,,,,,,,,,,,,,,,,,,,,,,,,,,,,,", u899 ,m58,,
28765, u899 ," It is. There's something we need to talk about. Something I need to ask you...,,,,,,,,,,,,,,,,,,,,,,,,,,,,,,,", u897 ,m58,,
28766, u897 ," You said it was urgent.,,,,,,,,,,,,,,,,,,,,,,,,,,,,,,,", u899 ,m58,,
28767, u899 ," Please, no apologies. I've arranged for your things to be moved to one of my condos. You'll have round-the clock care."",,,,,,,,,,,,,,,,,,,,,,,,,,,,,,,", u897 ,m58,,
28768, u897 ," I'm sorry I didn't get a chance to --,,,,,,,,,,,,,,,,,,,,,,,,,,,,,,,", u899 ,m58,,
28769, u899 ," I told you, I'm fine. It's you I'm worried about."",,,,,,,,,,,,,,,,,,,,,,,,,,,,,,,", u897 ,m58,,
28770, u897 ," Victor, your scar --"",,,,,,,,,,,,,,,,,,,,,,,,,,,,,,,", u899 ,m58,,
28771, u899 ," Just find him.,,,,,,,,,,,,,,,,,,,,,,,,,,,,,,,", u897 ,m58,,
28772, u897 ," Victor, I'm sorry I --"",,,,,,,,,,,,,,,,,,,,,,,,,,,,,,,", u897 ,m58,,
28773, u897 ," Victor, are you feeling alright?"",,,,,,,,,,,,,,,,,,,,,,,,,,,,,,,", u899 ,m58,,
28774, u899 ," What's going on?,,,,,,,,,,,,,,,,,,,,,,,,,,,,,,,", u897 ,m58,,
28775, u897 ," You can't leave them out there.,,,,,,,,,,,,,,,,,,,,,,,,,,,,,,,", u899 ,m58,,
28776, u899 ," Raising the shields.,,,,,,,,,,,,,,,,,,,,,,,,,,,,,,,", u897 ,m58,,
28777, u897 ," What are you doing?,,,,,,,,,,,,,,,,,,,,,,,,,,,,,,,", u899 ,m58,,
28778, u899 ," Sue, I've lived my life unafraid of taking big steps. And this is the biggest step yet. If it helps, think of this as a promotion. A merger of sorts...  Four little words that can change our lives..."",,,,,,,,,,,,,,,,,,,,,,,,,,,,,,,", u897 ,m58,,
28779, u897 ," Uh, Victor, I hope I haven't done something to make you think..."",,,,,,,,,,,,,,,,,,,,,,,,,,,,,,,", u899 ,m58,,
28780, u899 ," Right, of course, the company... But you see, I've come to realize all the accomplishments in the world mean nothing without someone to share them with --"",,,,,,,,,,,,,,,,,,,,,,,,,,,,,,,", u897 ,m58,,
28781, u897 ," It's been a good two years, Victor... The company's accomplished so much."",,,,,,,,,,,,,,,,,,,,,,,,,,,,,,,", u899 ,m58,,
28782, u899 ," Well, when you're looking at your future, it never hurts to find closure about the past."",,,,,,,,,,,,,,,,,,,,,,,,,,,,,,,", u897 ,m58,,
28783, u897 ," I understand the business reasons.,,,,,,,,,,,,,,,,,,,,,,,,,,,,,,,", u899 ,m58,,
28784, u899 ," Surprised I agreed to Reed's proposal?,,,,,,,,,,,,,,,,,,,,,,,,,,,,,,,", u899 ,m58,,
28785, u899 ," I think you both know my Director of Genetic Research, Susan Storm."",,,,,,,,,,,,,,,,,,,,,,,,,,,,,,,", u897 ,m58,,
28786, u897 ," It's just business.,,,,,,,,,,,,,,,,,,,,,,,,,,,,,,,", u898 ,m58,,
28787, u898 ," Skeptical...?,,,,,,,,,,,,,,,,,,,,,,,,,,,,,,,", u899 ,m58,,
28788, u899 ," For your sake I hope you're right. I'm sorry if that sounds a little skeptical.,,,,,,,,,,,,,,,,,,,,,,,,,,,,,,,", u898 ,m58,,
28789, u898 ," Reed's gonna fix me up --,,,,,,,,,,,,,,,,,,,,,,,,,,,,,,,", u899 ,m58,,
28790, u899 ," I'm just saying, I know what it's like to lose something you love. To see it slip away, and know it's never coming back."",,,,,,,,,,,,,,,,,,,,,,,,,,,,,,,", u898 ,m58,,
28791, u898 ," If you're trying to cheer me up you're doing a helluva job --,,,,,,,,,,,,,,,,,,,,,,,,,,,,,,,", u899 ,m58,,
28792, u899 ," I know it can't be easy. Life hasn't changed that much for Reed, Sue and Johnny. At least they can go out in public. But for you? People staring. Whispering behind your back..."",,,,,,,,,,,,,,,,,,,,,,,,,,,,,,,", u898 ,m58,,
28793, u898 ," 'Scuse me.,,,,,,,,,,,,,,,,,,,,,,,,,,,,,,,", u899 ,m58,,
