,User_id,text,sec_user,movies_name,relationship,attachment
28794, u900 ," All right!!,,,,,,,,,,,,,,,,,,,,,,,,,,,,,,,", u901 ,m59,,
28795, u901 ," I can probably get you in there. Just let me talk to Dennis Taylor.,,,,,,,,,,,,,,,,,,,,,,,,,,,,,,,", u900 ,m59,,
28796, u900 ," Oh, man, if you could swing something there, I'd do anything for you. I want to work with you guys."",,,,,,,,,,,,,,,,,,,,,,,,,,,,,,,", u901 ,m59,,
28797, u901 ," You want to work at Carl's?,,,,,,,,,,,,,,,,,,,,,,,,,,,,,,,", u900 ,m59,,
28798, u900 ," Brad, I really fuckin' hate McDonald's, man. Ever since they started in with the chicken, everything went downhill."",,,,,,,,,,,,,,,,,,,,,,,,,,,,,,,", u901 ,m59,,
28799, u901 ," Arnold. What's happening?,,,,,,,,,,,,,,,,,,,,,,,,,,,,,,,", u900 ,m59,,
28800, u900 ," Brad, can I talk to you a minute?"",,,,,,,,,,,,,,,,,,,,,,,,,,,,,,,", u911 ,m59,,
28801, u911 ," Look, Brad, I've been trying to think of a way to tell you this. We're almost out of high school, this is our last year. I think we owe it to ourselves to be free, and meet some new people. Then, if we get back together, we'll know it's the right thing."",,,,,,,,,,,,,,,,,,,,,,,,,,,,,,,", u901 ,m59,,
28802, u901 ," I'm just glad we're still together, Lisa, because I need you this year."",,,,,,,,,,,,,,,,,,,,,,,,,,,,,,,", u901 ,m59,,
28803, u901 ," Apologize to that wimp? No way. Fuck Dennis Taylor.,,,,,,,,,,,,,,,,,,,,,,,,,,,,,,,", u911 ,m59,,
28804, u911 ," If you'd apologize I think Dennis would take you back.,,,,,,,,,,,,,,,,,,,,,,,,,,,,,,,", u901 ,m59,,
28805, u901 ," Man, I don't even want to see those guys from Carl's again."",,,,,,,,,,,,,,,,,,,,,,,,,,,,,,,", u911 ,m59,,
28806, u911 ," I don't want to talk about it here, Brad."",,,,,,,,,,,,,,,,,,,,,,,,,,,,,,,", u901 ,m59,,
28807, u901 ," Tool? Tool for what? We've been going together almost two years!,,,,,,,,,,,,,,,,,,,,,,,,,,,,,,,", u911 ,m59,,
28808, u911 ," Brad. I don't want to have to use sex as a tool.,,,,,,,,,,,,,,,,,,,,,,,,,,,,,,,", u901 ,m59,,
28809, u901 ," What's there to do at the Point? God, Lisa, we've been going together almost two years, and..."",,,,,,,,,,,,,,,,,,,,,,,,,,,,,,,", u901 ,m59,,
28810, u901 ," Don't worry about it.,,,,,,,,,,,,,,,,,,,,,,,,,,,,,,,", u911 ,m59,,
28811, u911 ," How much did they cost?,,,,,,,,,,,,,,,,,,,,,,,,,,,,,,,", u901 ,m59,,
28812, u901 ," Of course.,,,,,,,,,,,,,,,,,,,,,,,,,,,,,,,", u911 ,m59,,
28813, u911 ," Were those flowers really for me, Brad?"",,,,,,,,,,,,,,,,,,,,,,,,,,,,,,,", u901 ,m59,,
28814, u901 ," Later.,,,,,,,,,,,,,,,,,,,,,,,,,,,,,,,", u914 ,m59,,
28815, u914 ," Easy, mon."",,,,,,,,,,,,,,,,,,,,,,,,,,,,,,,", u914 ,m59,,
28816, u914 ," There it is!,,,,,,,,,,,,,,,,,,,,,,,,,,,,,,,", u901 ,m59,,
28817, u901 ," First door on your left!,,,,,,,,,,,,,,,,,,,,,,,,,,,,,,,", u914 ,m59,,
28818, u914 ," On the ledge?,,,,,,,,,,,,,,,,,,,,,,,,,,,,,,,", u901 ,m59,,
28819, u901 ," It's the first door on your left!,,,,,,,,,,,,,,,,,,,,,,,,,,,,,,,", u914 ,m59,,
28820, u914 ," I can't find it, mon!"",,,,,,,,,,,,,,,,,,,,,,,,,,,,,,,", u901 ,m59,,
28821, u901 ," It's the first door on your left.,,,,,,,,,,,,,,,,,,,,,,,,,,,,,,,", u914 ,m59,,
28822, u914 ," Totally.,,,,,,,,,,,,,,,,,,,,,,,,,,,,,,,", u901 ,m59,,
28823, u901 ," Go ahead. Just make it quick.,,,,,,,,,,,,,,,,,,,,,,,,,,,,,,,", u901 ,m59,,
28824, u901 ," Come on, Spicoli. Why don't you just put your shirts back on? See the sign?"",,,,,,,,,,,,,,,,,,,,,,,,,,,,,,,", u914 ,m59,,
28825, u914 ," Something happened to them, mon."",,,,,,,,,,,,,,,,,,,,,,,,,,,,,,,", u908 ,m59,,
28826, u908 ," Yes. I think so. Show some pride, Hamilton."",,,,,,,,,,,,,,,,,,,,,,,,,,,,,,,", u901 ,m59,,
28827, u901 ," You really want me to put all this stuff back on?,,,,,,,,,,,,,,,,,,,,,,,,,,,,,,,", u908 ,m59,,
28828, u908 ," Come on, Hamilton. You're going over there to represent Captain Kidd Fish and Chips. We have stores all over Southern California. Part of our image, part of our appeal is in our uniforms. You know that!"",,,,,,,,,,,,,,,,,,,,,,,,,,,,,,,", u901 ,m59,,
28829, u901 ," I thought I'd take it off for the drive over to IBM. It's kind of uncomfortable.,,,,,,,,,,,,,,,,,,,,,,,,,,,,,,,", u908 ,m59,,
28830, u908 ," But you took off your Captain Kidd uniform.,,,,,,,,,,,,,,,,,,,,,,,,,,,,,,,", u901 ,m59,,
28831, u901 ," This is how I dress all the time.,,,,,,,,,,,,,,,,,,,,,,,,,,,,,,,", u908 ,m59,,
28832, u908 ," Hamilton, come over here. What is that you've got on?"",,,,,,,,,,,,,,,,,,,,,,,,,,,,,,,", u902 ,m59,,
28833, u902 ," Manager!!,,,,,,,,,,,,,,,,,,,,,,,,,,,,,,,", u901 ,m59,,
28834, u901 ," Mister, if you don't shut up, I'm gonna kick 100% of your ass."",,,,,,,,,,,,,,,,,,,,,,,,,,,,,,,", u902 ,m59,,
28835, u902 ," I am so tired. I am so tired of dealing with morons. How hard is it to...,,,,,,,,,,,,,,,,,,,,,,,,,,,,,,,", u901 ,m59,,
28836, u901 ," I'm sorry, sir. Just let me find the forms here."",,,,,,,,,,,,,,,,,,,,,,,,,,,,,,,", u902 ,m59,,
28837, u902 ," Look. Just put your little hand back in the cash register and give me my $2.75 back. Okay?  Please, Brad?"",,,,,,,,,,,,,,,,,,,,,,,,,,,,,,,", u901 ,m59,,
28838, u901 ," I can't do that. But if you wait a minute...,,,,,,,,,,,,,,,,,,,,,,,,,,,,,,,", u902 ,m59,,
28839, u902 ," See that sign? It says 100% Money Back Guarantee. Do you know the meaning of the word 'guarantee'? Do they teach you that here? Give me my money back.,,,,,,,,,,,,,,,,,,,,,,,,,,,,,,,", u901 ,m59,,
28840, u901 ," Well, that's not the way it works, really. And you ate most of your food already, too..."",,,,,,,,,,,,,,,,,,,,,,,,,,,,,,,", u902 ,m59,,
28841, u902 ," No. I want my money back right now.,,,,,,,,,,,,,,,,,,,,,,,,,,,,,,,", u901 ,m59,,
28842, u901 ," Well, I believe you have to fill out a form. There's a pad right around here."",,,,,,,,,,,,,,,,,,,,,,,,,,,,,,,", u901 ,m59,,
28843, u901 ," All right, then. It's your secret."",,,,,,,,,,,,,,,,,,,,,,,,,,,,,,,", u915 ,m59,,
28844, u915 ," No.,,,,,,,,,,,,,,,,,,,,,,,,,,,,,,,", u901 ,m59,,
28845, u901 ," You're not going to tell me, are you?"",,,,,,,,,,,,,,,,,,,,,,,,,,,,,,,", u915 ,m59,,
28846, u915 ," Brad. Please don't tell Mom and Dad...,,,,,,,,,,,,,,,,,,,,,,,,,,,,,,,", u901 ,m59,,
28847, u901 ," Since when do you shop at the Flea Market anyway?,,,,,,,,,,,,,,,,,,,,,,,,,,,,,,,", u915 ,m59,,
28848, u915 ," Thanks a lot, Brad. I really appreciate it."",,,,,,,,,,,,,,,,,,,,,,,,,,,,,,,", u901 ,m59,,
28849, u901 ," See you later.,,,,,,,,,,,,,,,,,,,,,,,,,,,,,,,", u915 ,m59,,
28850, u915 ," Yeah. This is it. I have some shopping to do.,,,,,,,,,,,,,,,,,,,,,,,,,,,,,,,", u915 ,m59,,
28851, u915 ," It's just Linda. And Mark from school.,,,,,,,,,,,,,,,,,,,,,,,,,,,,,,,", u901 ,m59,,
28852, u901 ," Does Mom know you have company?,,,,,,,,,,,,,,,,,,,,,,,,,,,,,,,", u901 ,m59,,
28853, u901 ," Don't give me that shit! I know you're still a virgin!,,,,,,,,,,,,,,,,,,,,,,,,,,,,,,,", u915 ,m59,,
28854, u915 ," Maybe yes. Maybe no.,,,,,,,,,,,,,,,,,,,,,,,,,,,,,,,", u901 ,m59,,
28855, u901 ," Are you still a virgin?,,,,,,,,,,,,,,,,,,,,,,,,,,,,,,,", u915 ,m59,,
28856, u915 ," But your face did!,,,,,,,,,,,,,,,,,,,,,,,,,,,,,,,", u901 ,m59,,
28857, u901 ," I didn't say that.,,,,,,,,,,,,,,,,,,,,,,,,,,,,,,,", u915 ,m59,,
28858, u915 ," You are a virgin!,,,,,,,,,,,,,,,,,,,,,,,,,,,,,,,", u901 ,m59,,
28859, u901 ," Maybe yes. Maybe no.,,,,,,,,,,,,,,,,,,,,,,,,,,,,,,,", u915 ,m59,,
28860, u915 ," I don't know. I was just curious.,,,,,,,,,,,,,,,,,,,,,,,,,,,,,,,", u901 ,m59,,
28861, u901 ," Why?,,,,,,,,,,,,,,,,,,,,,,,,,,,,,,,", u915 ,m59,,
28862, u915 ," Hey, Brad. Are you still a virgin?"",,,,,,,,,,,,,,,,,,,,,,,,,,,,,,,", u901 ,m59,,
28863, u901 ," Everybody loves Lisa. Everybody loves Lisa. But everybody doesn't have to be her boyfriend.,,,,,,,,,,,,,,,,,,,,,,,,,,,,,,,", u915 ,m59,,
28864, u915 ," Maybe you just need to give her some time. She's so nice, Brad. Everybody loves Lisa."",,,,,,,,,,,,,,,,,,,,,,,,,,,,,,,", u901 ,m59,,
28865, u901 ," Well... it's true.,,,,,,,,,,,,,,,,,,,,,,,,,,,,,,,", u915 ,m59,,
28866, u915 ," I'm just guessing.,,,,,,,,,,,,,,,,,,,,,,,,,,,,,,,", u901 ,m59,,
28867, u901 ," Where did you hear that?,,,,,,,,,,,,,,,,,,,,,,,,,,,,,,,", u915 ,m59,,
28868, u915 ," Why? Because she won't sleep with you?,,,,,,,,,,,,,,,,,,,,,,,,,,,,,,,", u901 ,m59,,
28869, u901 ," I've been doing some thinking. It's my last school year. I'm a single, successful guy. I think I want my freedom."",,,,,,,,,,,,,,,,,,,,,,,,,,,,,,,", u915 ,m59,,
28870, u915 ," You're going to break up with Lisa, aren't you?"",,,,,,,,,,,,,,,,,,,,,,,,,,,,,,,", u901 ,m59,,
28871, u901 ," Are you kidding? Work is great. I kill at work. I don't even mind Mom and Dad making me pay rent.,,,,,,,,,,,,,,,,,,,,,,,,,,,,,,,", u915 ,m59,,
28872, u915 ," Is everything okay at work?,,,,,,,,,,,,,,,,,,,,,,,,,,,,,,,", u901 ,m59,,
28873, u901 ," I don't care it you tell me or not. I got problems of my own.,,,,,,,,,,,,,,,,,,,,,,,,,,,,,,,", u915 ,m59,,
28874, u915 ," It's just some guy I met at Swenson's. You don't know him.,,,,,,,,,,,,,,,,,,,,,,,,,,,,,,,", u901 ,m59,,
28875, u901 ," Don't worry about it. Who sent the flowers?,,,,,,,,,,,,,,,,,,,,,,,,,,,,,,,", u915 ,m59,,
28876, u915 ," Thanks for getting rid of those flowers.,,,,,,,,,,,,,,,,,,,,,,,,,,,,,,,", u915 ,m59,,
28877, u915 ," I'll explain everything later.,,,,,,,,,,,,,,,,,,,,,,,,,,,,,,,", u901 ,m59,,
28878, u901 ," I'd say... who the hell is Ron Johnson?,,,,,,,,,,,,,,,,,,,,,,,,,,,,,,,", u915 ,m59,,
28879, u915 ," Brad, what would you say if I asked you to just put these flowers in the trunk of the Cruising Vessel and get rid of them at work?"",,,,,,,,,,,,,,,,,,,,,,,,,,,,,,,", u901 ,m59,,
28880, u901 ," They're not home yet.,,,,,,,,,,,,,,,,,,,,,,,,,,,,,,,", u915 ,m59,,
28881, u915 ," Brad! Have Mom or Dad seen this?,,,,,,,,,,,,,,,,,,,,,,,,,,,,,,,", u915 ,m59,,
28882, u915 ," Don't strain yourself.,,,,,,,,,,,,,,,,,,,,,,,,,,,,,,,", u901 ,m59,,
28883, u901 ," I take out the garbage.,,,,,,,,,,,,,,,,,,,,,,,,,,,,,,,", u915 ,m59,,
28884, u915 ," Your friends use the pool too.,,,,,,,,,,,,,,,,,,,,,,,,,,,,,,,", u901 ,m59,,
28885, u901 ," Your friends use the pool. Your friends messed it up.,,,,,,,,,,,,,,,,,,,,,,,,,,,,,,,", u915 ,m59,,
28886, u915 ," Why can't you do it?,,,,,,,,,,,,,,,,,,,,,,,,,,,,,,,", u901 ,m59,,
28887, u901 ," Mom says to clean up the pool.,,,,,,,,,,,,,,,,,,,,,,,,,,,,,,,", u901 ,m59,,
28888, u901 ," Hey-yo.,,,,,,,,,,,,,,,,,,,,,,,,,,,,,,,", u915 ,m59,,
28889, u915 ," U.S. History. Mr. Hand.,,,,,,,,,,,,,,,,,,,,,,,,,,,,,,,", u901 ,m59,,
28890, u901 ," Everyone wants to know where Lisa is. How should I know where Lisa is?  What am I gonna do? Now my little sister goes to the same high school. The party's over.  So who do you have first period?,,,,,,,,,,,,,,,,,,,,,,,,,,,,,,,", u901 ,m59,,
28891, u901 ," Sis.,,,,,,,,,,,,,,,,,,,,,,,,,,,,,,,", u915 ,m59,,
28892, u915 ," Hi, Brad."",,,,,,,,,,,,,,,,,,,,,,,,,,,,,,,", u905 ,m59,,
28893, u905 ," You're fired.,,,,,,,,,,,,,,,,,,,,,,,,,,,,,,,", u901 ,m59,,
28894, u901 ," Yes, sir."",,,,,,,,,,,,,,,,,,,,,,,,,,,,,,,", u905 ,m59,,
28895, u905 ," Did you threaten this customer or use profanity in any way?,,,,,,,,,,,,,,,,,,,,,,,,,,,,,,,", u901 ,m59,,
28896, u901 ," He insulted me first. He called me a moron.,,,,,,,,,,,,,,,,,,,,,,,,,,,,,,,", u905 ,m59,,
28897, u905 ," Did you threaten this man or use profanity in any way?,,,,,,,,,,,,,,,,,,,,,,,,,,,,,,,", u901 ,m59,,
28898, u901 ," Okay, Dennis."",,,,,,,,,,,,,,,,,,,,,,,,,,,,,,,", u905 ,m59,,
28899, u905 ," Come on. Clean that counter off Brad. Let's go. Play ball.,,,,,,,,,,,,,,,,,,,,,,,,,,,,,,,", u901 ,m59,,
28900, u901 ," But they weren't mine.,,,,,,,,,,,,,,,,,,,,,,,,,,,,,,,", u905 ,m59,,
28901, u905 ," Those were perfectly good fries, Hamilton.  Perfectly good."",,,,,,,,,,,,,,,,,,,,,,,,,,,,,,,", u901 ,m59,,
28902, u901 ," They were left over from the last shift.,,,,,,,,,,,,,,,,,,,,,,,,,,,,,,,", u905 ,m59,,
28903, u905 ," Did you throw away those fries, Hamilton?"",,,,,,,,,,,,,,,,,,,,,,,,,,,,,,,", u901 ,m59,,
28904, u901 ," No, just a couple of surfers with no shirts on. I took care of it, Dennis."",,,,,,,,,,,,,,,,,,,,,,,,,,,,,,,", u905 ,m59,,
28905, u905 ," Any problems?,,,,,,,,,,,,,,,,,,,,,,,,,,,,,,,", u914 ,m59,,
28906, u914 ," Go away, Curtis. If you can't knock, I can't hear you."",,,,,,,,,,,,,,,,,,,,,,,,,,,,,,,", u903 ,m59,,
28907, u903 ," Jeff you have company!,,,,,,,,,,,,,,,,,,,,,,,,,,,,,,,", u903 ,m59,,
28908, u903 ," Dad says!,,,,,,,,,,,,,,,,,,,,,,,,,,,,,,,", u914 ,m59,,
28909, u914 ," Leave me alone.,,,,,,,,,,,,,,,,,,,,,,,,,,,,,,,", u903 ,m59,,
28910, u903 ," Dad says you're late again, you butthole!"",,,,,,,,,,,,,,,,,,,,,,,,,,,,,,,", u914 ,m59,,
28911, u914 ," Leave me alone!,,,,,,,,,,,,,,,,,,,,,,,,,,,,,,,", u914 ,m59,,
28912, u914 ," Ugh.,,,,,,,,,,,,,,,,,,,,,,,,,,,,,,,", u903 ,m59,,
28913, u903 ," Dad says you have to get up!,,,,,,,,,,,,,,,,,,,,,,,,,,,,,,,", u915 ,m59,,
28914, u915 ," Get going.,,,,,,,,,,,,,,,,,,,,,,,,,,,,,,,", u904 ,m59,,
28915, u904 ," All right. All right. I just cleaned B-8. Give me a break.,,,,,,,,,,,,,,,,,,,,,,,,,,,,,,,", u915 ,m59,,
28916, u915 ," Mike! You have a mess on C-9!,,,,,,,,,,,,,,,,,,,,,,,,,,,,,,,", u904 ,m59,,
28917, u904 ," Seventy-five dollars, and a ride. Okay."",,,,,,,,,,,,,,,,,,,,,,,,,,,,,,,", u915 ,m59,,
28918, u915 ," Half. Okay?  Seventy-five dollars. And a ride to the clinic.,,,,,,,,,,,,,,,,,,,,,,,,,,,,,,,", u904 ,m59,,
28919, u904 ," Doesn't sound free to me.  So you want me to pay for it?,,,,,,,,,,,,,,,,,,,,,,,,,,,,,,,", u915 ,m59,,
28920, u915 ," It's already planned, Mike. It's going to cost $150 at the Free Clinic."",,,,,,,,,,,,,,,,,,,,,,,,,,,,,,,", u904 ,m59,,
28921, u904 ," Yeah. My brother Art got his girlfriend one once.,,,,,,,,,,,,,,,,,,,,,,,,,,,,,,,", u915 ,m59,,
28922, u915 ," We've got to get an abortion?,,,,,,,,,,,,,,,,,,,,,,,,,,,,,,,", u904 ,m59,,
28923, u904 ," There's only one thing we can do. We've got to get rid of it. We've got to get an abortion.,,,,,,,,,,,,,,,,,,,,,,,,,,,,,,,", u904 ,m59,,
28924, u904 ," All right, I take it back."",,,,,,,,,,,,,,,,,,,,,,,,,,,,,,,", u915 ,m59,,
28925, u915 ," Take that back.,,,,,,,,,,,,,,,,,,,,,,,,,,,,,,,", u915 ,m59,,
28926, u915 ," I know it's yours.,,,,,,,,,,,,,,,,,,,,,,,,,,,,,,,", u904 ,m59,,
28927, u904 ," How do you know it's mine? We only did it once.,,,,,,,,,,,,,,,,,,,,,,,,,,,,,,,", u915 ,m59,,
28928, u915 ," Mike. I want you to know that I'm pregnant.,,,,,,,,,,,,,,,,,,,,,,,,,,,,,,,", u904 ,m59,,
28929, u904 ," Why don't you call me up tonight?,,,,,,,,,,,,,,,,,,,,,,,,,,,,,,,", u904 ,m59,,
28930, u904 ," What? Now?,,,,,,,,,,,,,,,,,,,,,,,,,,,,,,,", u915 ,m59,,
28931, u915 ," Mike, there's something that's been on my mind and I have to tell you about it."",,,,,,,,,,,,,,,,,,,,,,,,,,,,,,,", u904 ,m59,,
28932, u904 ," What's going on?,,,,,,,,,,,,,,,,,,,,,,,,,,,,,,,", u904 ,m59,,
28933, u904 ," Hello.,,,,,,,,,,,,,,,,,,,,,,,,,,,,,,,", u915 ,m59,,
28934, u915 ," I'm in a hurry too. I just thought I could say hi to you.,,,,,,,,,,,,,,,,,,,,,,,,,,,,,,,", u904 ,m59,,
28935, u904 ," Look, I'm kind of in a hurry."",,,,,,,,,,,,,,,,,,,,,,,,,,,,,,,", u915 ,m59,,
28936, u915 ," I didn't see you this morning.,,,,,,,,,,,,,,,,,,,,,,,,,,,,,,,", u904 ,m59,,
28937, u904 ," Oh. Hi.,,,,,,,,,,,,,,,,,,,,,,,,,,,,,,,", u915 ,m59,,
28938, u915 ," I guess I did.,,,,,,,,,,,,,,,,,,,,,,,,,,,,,,,", u904 ,m59,,
28939, u904 ," I think I came. Didn't you feel it?,,,,,,,,,,,,,,,,,,,,,,,,,,,,,,,", u915 ,m59,,
28940, u915 ," What's wrong?,,,,,,,,,,,,,,,,,,,,,,,,,,,,,,,", u904 ,m59,,
28941, u904 ," I'm sorry. I'm really sorry.,,,,,,,,,,,,,,,,,,,,,,,,,,,,,,,", u915 ,m59,,
28942, u915 ," I think we're making a lot of noise.,,,,,,,,,,,,,,,,,,,,,,,,,,,,,,,", u904 ,m59,,
28943, u904 ," What? Are you all right?,,,,,,,,,,,,,,,,,,,,,,,,,,,,,,,", u915 ,m59,,
28944, u915 ," Hey, Mike?"",,,,,,,,,,,,,,,,,,,,,,,,,,,,,,,", u904 ,m59,,
28945, u904 ," Let's continue.,,,,,,,,,,,,,,,,,,,,,,,,,,,,,,,", u915 ,m59,,
28946, u915 ," I want you to know that it's your final decision if we should continue or not.,,,,,,,,,,,,,,,,,,,,,,,,,,,,,,,", u915 ,m59,,
28947, u915 ," How about both of us at the same time?,,,,,,,,,,,,,,,,,,,,,,,,,,,,,,,", u904 ,m59,,
28948, u904 ," You first.,,,,,,,,,,,,,,,,,,,,,,,,,,,,,,,", u915 ,m59,,
28949, u915 ," Why don't you take off your clothes, Mike?"",,,,,,,,,,,,,,,,,,,,,,,,,,,,,,,", u904 ,m59,,
28950, u904 ," No. Are you crazy?,,,,,,,,,,,,,,,,,,,,,,,,,,,,,,,", u915 ,m59,,
28951, u915 ," So are you.  Are you shaking?,,,,,,,,,,,,,,,,,,,,,,,,,,,,,,,", u904 ,m59,,
28952, u904 ," You're a really good kisser.,,,,,,,,,,,,,,,,,,,,,,,,,,,,,,,", u915 ,m59,,
28953, u915 ," He's my friend, too."",,,,,,,,,,,,,,,,,,,,,,,,,,,,,,,", u904 ,m59,,
28954, u904 ," Listen. I feel pretty strange here. Because Mark really likes you, and he's my friend."",,,,,,,,,,,,,,,,,,,,,,,,,,,,,,,", u904 ,m59,,
28955, u904 ," Come on...,,,,,,,,,,,,,,,,,,,,,,,,,,,,,,,", u915 ,m59,,
28956, u915 ," Are you really a virgin?,,,,,,,,,,,,,,,,,,,,,,,,,,,,,,,", u904 ,m59,,
28957, u904 ," I don't know. It's getting pretty late...,,,,,,,,,,,,,,,,,,,,,,,,,,,,,,,", u915 ,m59,,
28958, u915 ," Pick a suit.,,,,,,,,,,,,,,,,,,,,,,,,,,,,,,,", u915 ,m59,,
28959, u915 ," Brad probably has some trunks you can borrow... I'm going to my room to change!,,,,,,,,,,,,,,,,,,,,,,,,,,,,,,,", u904 ,m59,,
28960, u904 ," Well...,,,,,,,,,,,,,,,,,,,,,,,,,,,,,,,", u915 ,m59,,
28961, u915 ," Do you want to take a quick swim?,,,,,,,,,,,,,,,,,,,,,,,,,,,,,,,", u904 ,m59,,
28962, u904 ," I know what I look like.,,,,,,,,,,,,,,,,,,,,,,,,,,,,,,,", u915 ,m59,,
28963, u915 ," Aren't you curious to see how your class picture turned out?,,,,,,,,,,,,,,,,,,,,,,,,,,,,,,,", u904 ,m59,,
28964, u904 ," I don't know.,,,,,,,,,,,,,,,,,,,,,,,,,,,,,,,", u915 ,m59,,
28965, u915 ," I guess the annuals are coming in pretty soon. Are you going to get one?,,,,,,,,,,,,,,,,,,,,,,,,,,,,,,,", u915 ,m59,,
28966, u915 ," Sure. Come on in.,,,,,,,,,,,,,,,,,,,,,,,,,,,,,,,", u904 ,m59,,
28967, u904 ," Do you have any ice tea?,,,,,,,,,,,,,,,,,,,,,,,,,,,,,,,", u915 ,m59,,
28968, u915 ," Mark is a really nice boy...,,,,,,,,,,,,,,,,,,,,,,,,,,,,,,,", u904 ,m59,,
28969, u904 ," You know Mark Ratner really likes you. You like him?,,,,,,,,,,,,,,,,,,,,,,,,,,,,,,,", u904 ,m59,,
28970, u904 ," What a guy.,,,,,,,,,,,,,,,,,,,,,,,,,,,,,,,", u915 ,m59,,
28971, u915 ," Sometimes I get a ride with my brother. But he usually works in the mornings, and then drives to school himself."",,,,,,,,,,,,,,,,,,,,,,,,,,,,,,,", u904 ,m59,,
28972, u904 ," Get a ride with somebody.,,,,,,,,,,,,,,,,,,,,,,,,,,,,,,,", u915 ,m59,,
28973, u915 ," I can't wait until I can drive next year. I walk every day. It's such a drag.,,,,,,,,,,,,,,,,,,,,,,,,,,,,,,,", u915 ,m59,,
28974, u915 ," O-kay, you guys can come swimming. But you have to leave as soon as my Mom gets home. Okay?"",,,,,,,,,,,,,,,,,,,,,,,,,,,,,,,", u904 ,m59,,
28975, u904 ," Well, that's exactly why I brought some Wisk for the jacuzzi."",,,,,,,,,,,,,,,,,,,,,,,,,,,,,,,", u915 ,m59,,
28976, u915 ," Oh, really?"",,,,,,,,,,,,,,,,,,,,,,,,,,,,,,,", u904 ,m59,,
28977, u904 ," Hey! We came over to help you with Math homework!,,,,,,,,,,,,,,,,,,,,,,,,,,,,,,,", u915 ,m59,,
28978, u915 ," Nice to meet you.,,,,,,,,,,,,,,,,,,,,,,,,,,,,,,,", u904 ,m59,,
28979, u904 ," Nice to meet you, Stacy."",,,,,,,,,,,,,,,,,,,,,,,,,,,,,,,", u916 ,m59,,
28980, u916 ," It's a way, Damone. It's a vibe. I put it out, and I have personally found that girls do respond."",,,,,,,,,,,,,,,,,,,,,,,,,,,,,,,", u904 ,m59,,
28981, u904 ," Yeah, well, I saw the movie. That must mean I'm sensitive too."",,,,,,,,,,,,,,,,,,,,,,,,,,,,,,,", u916 ,m59,,
28982, u916 ," Lust For Life. It's the story of Vincent Van Gough.,,,,,,,,,,,,,,,,,,,,,,,,,,,,,,,", u904 ,m59,,
28983, u904 ," What do you read? What's the last book you read?,,,,,,,,,,,,,,,,,,,,,,,,,,,,,,,", u916 ,m59,,
28984, u916 ," Well, for one, I read. I don't watch as much television as you. I'm trying to feel things more. I'm learning a lot about people."",,,,,,,,,,,,,,,,,,,,,,,,,,,,,,,", u904 ,m59,,
28985, u904 ," So what makes you so sensitive?,,,,,,,,,,,,,,,,,,,,,,,,,,,,,,,", u916 ,m59,,
28986, u916 ," Sensitive is when you can tell how people feel without asking.,,,,,,,,,,,,,,,,,,,,,,,,,,,,,,,", u904 ,m59,,
28987, u904 ," Sensitive -- what is that?,,,,,,,,,,,,,,,,,,,,,,,,,,,,,,,", u916 ,m59,,
28988, u916 ," And... you can only tell it's the right girl if you're sensitive.,,,,,,,,,,,,,,,,,,,,,,,,,,,,,,,", u904 ,m59,,
28989, u904 ," Whatever you say, Rat."",,,,,,,,,,,,,,,,,,,,,,,,,,,,,,,", u916 ,m59,,
28990, u916 ," The Attitude, Damone, is only good until you meet the right girl."",,,,,,,,,,,,,,,,,,,,,,,,,,,,,,,", u904 ,m59,,
28991, u904 ," You're crazy. Those girls love me.,,,,,,,,,,,,,,,,,,,,,,,,,,,,,,,", u916 ,m59,,
28992, u916 ," You're losing it, Damone."",,,,,,,,,,,,,,,,,,,,,,,,,,,,,,,", u904 ,m59,,
28993, u904 ," Fine. Get lost.,,,,,,,,,,,,,,,,,,,,,,,,,,,,,,,", u916 ,m59,,
28994, u916 ," I always stick up for you. Whenever people say 'Aw, that Damone is a loudmouth' -- and they say that a lot -- I say 'You just don't know Damone.' When someone says you're an idiot, I tell them 'Damone's not an idiot. You just don't know him.' Well, you know, Damone, maybe they do know you pretty good. And I'm just finding out."",,,,,,,,,,,,,,,,,,,,,,,,,,,,,,,", u904 ,m59,,
28995, u904 ," Jesus. I'm sorry.,,,,,,,,,,,,,,,,,,,,,,,,,,,,,,,", u916 ,m59,,
28996, u916 ," Hey fuck you Damone. There's a lot of girls out there and you mess around with Stacy. What have you got to prove?,,,,,,,,,,,,,,,,,,,,,,,,,,,,,,,", u904 ,m59,,
28997, u904 ," She wasn't really your girlfriend anyway.,,,,,,,,,,,,,,,,,,,,,,,,,,,,,,,", u916 ,m59,,
28998, u916 ," No Damone. I don't understand.,,,,,,,,,,,,,,,,,,,,,,,,,,,,,,,", u904 ,m59,,
28999, u904 ," If you ask me, she's pretty aggressive. You understand what I'm saying?"",,,,,,,,,,,,,,,,,,,,,,,,,,,,,,,", u916 ,m59,,
29000, u916 ," Chicken!,,,,,,,,,,,,,,,,,,,,,,,,,,,,,,,", u904 ,m59,,
29001, u904 ," No. I don't think so. Not right now.,,,,,,,,,,,,,,,,,,,,,,,,,,,,,,,", u916 ,m59,,
29002, u916 ," Really.,,,,,,,,,,,,,,,,,,,,,,,,,,,,,,,", u904 ,m59,,
29003, u904 ," Poor guy.,,,,,,,,,,,,,,,,,,,,,,,,,,,,,,,", u916 ,m59,,
29004, u916 ," Okay. See ya.,,,,,,,,,,,,,,,,,,,,,,,,,,,,,,,", u904 ,m59,,
29005, u904 ," Well, I've gotta be running."",,,,,,,,,,,,,,,,,,,,,,,,,,,,,,,", u916 ,m59,,
29006, u916 ," Wow. I've been looking for that thing! Hey, Damone, have you met Stacy Hamilton? Stacy, this is Mike Damone."",,,,,,,,,,,,,,,,,,,,,,,,,,,,,,,", u904 ,m59,,
29007, u904 ," I come for the seafood. It's great! Hey... you know what, Mark? I found your wallet the other day. You want it back?"",,,,,,,,,,,,,,,,,,,,,,,,,,,,,,,", u916 ,m59,,
29008, u916 ," Damone! You come here?,,,,,,,,,,,,,,,,,,,,,,,,,,,,,,,", u904 ,m59,,
29009, u904 ," Hey, Mark. Is that you?"",,,,,,,,,,,,,,,,,,,,,,,,,,,,,,,", u904 ,m59,,
29010, u904 ," I'm really pretty busy...,,,,,,,,,,,,,,,,,,,,,,,,,,,,,,,", u916 ,m59,,
29011, u916 ," Damone, are you there?"",,,,,,,,,,,,,,,,,,,,,,,,,,,,,,,", u916 ,m59,,
29012, u916 ," No. It's too late. The food is coming and everything. Damone, I've got to ask you this favor, and I'll never ask you for anything again in this lifetime or any other. Will you please borrow your mom's car, go by my house, get my wallet, and meet me back here?"",,,,,,,,,,,,,,,,,,,,,,,,,,,,,,,", u904 ,m59,,
29013, u904 ," Did you go home and get it?,,,,,,,,,,,,,,,,,,,,,,,,,,,,,,,", u916 ,m59,,
29014, u916 ," It's happening right now. I'm here at the Atlantis. Everything's fine except... I left my wallet at home.,,,,,,,,,,,,,,,,,,,,,,,,,,,,,,,", u904 ,m59,,
29015, u904 ," Mark. What happened to your date?,,,,,,,,,,,,,,,,,,,,,,,,,,,,,,,", u916 ,m59,,
29016, u916 ," Damone. It's Mark.,,,,,,,,,,,,,,,,,,,,,,,,,,,,,,,", u904 ,m59,,
29017, u904 ," Yo.,,,,,,,,,,,,,,,,,,,,,,,,,,,,,,,", u904 ,m59,,
29018, u904 ," You wuss. It's no problem. One person says something to the other and that's how it starts...,,,,,,,,,,,,,,,,,,,,,,,,,,,,,,,", u916 ,m59,,
29019, u916 ," I think I've got it. Once I get going, I'll be okay. But... how do I get started? I mean, I hardly know her."",,,,,,,,,,,,,,,,,,,,,,,,,,,,,,,", u904 ,m59,,
29020, u904 ," And that is how you talk to a girl, Rat. Voila. You can't miss."",,,,,,,,,,,,,,,,,,,,,,,,,,,,,,,", u904 ,m59,,
29021, u904 ," All right. Pay attention.,,,,,,,,,,,,,,,,,,,,,,,,,,,,,,,", u916 ,m59,,
29022, u916 ," Okay. Tell me. What's the Five Point Plan?,,,,,,,,,,,,,,,,,,,,,,,,,,,,,,,", u904 ,m59,,
29023, u904 ," What do you mean? Men have died trying to obtain this information. I will give it to you for free.,,,,,,,,,,,,,,,,,,,,,,,,,,,,,,,", u916 ,m59,,
29024, u916 ," Knock it off, Damone. I need real help."",,,,,,,,,,,,,,,,,,,,,,,,,,,,,,,", u904 ,m59,,
29025, u904 ," Ace the jacket.,,,,,,,,,,,,,,,,,,,,,,,,,,,,,,,", u916 ,m59,,
29026, u916 ," Yeah?,,,,,,,,,,,,,,,,,,,,,,,,,,,,,,,", u904 ,m59,,
29027, u904 ," Hey, Rat."",,,,,,,,,,,,,,,,,,,,,,,,,,,,,,,", u904 ,m59,,
29028, u904 ," There used to be three or four of those guys. Now we see 'em every time we come to the mall.,,,,,,,,,,,,,,,,,,,,,,,,,,,,,,,", u916 ,m59,,
29029, u916 ," I hear they all dress like that at Lincoln now.,,,,,,,,,,,,,,,,,,,,,,,,,,,,,,,", u904 ,m59,,
29030, u904 ," The business is changing, Rat. I'll tell you, these kids today... they don't even listen to Aerosmith."",,,,,,,,,,,,,,,,,,,,,,,,,,,,,,,", u916 ,m59,,
29031, u916 ," The Attitude? The Attitude dictates that you don't care if she comes, stays, lays or prays. Whatever happens, your toes are still tappin'. When you are the cruelest and the coolest... then you have The Attitude."",,,,,,,,,,,,,,,,,,,,,,,,,,,,,,,", u904 ,m59,,
29032, u904 ," That's the idea, Rat. That's The Attitude."",,,,,,,,,,,,,,,,,,,,,,,,,,,,,,,", u916 ,m59,,
29033, u916 ," Of course something happens. You put the vibe out to thirty million chicks, you know something's gonna happen."",,,,,,,,,,,,,,,,,,,,,,,,,,,,,,,", u904 ,m59,,
29034, u904 ," Don't talk to her. Let her know. Use your face. Use your body. Use everything. This is what I do. I just sent out the vibe and I have personally found that... girls do respond. Something happens.,,,,,,,,,,,,,,,,,,,,,,,,,,,,,,,", u904 ,m59,,
29035, u904 ," Okay. Okay.  Here's what you do.,,,,,,,,,,,,,,,,,,,,,,,,,,,,,,,", u916 ,m59,,
29036, u916 ," You tell me, Mike. What do I do?"",,,,,,,,,,,,,,,,,,,,,,,,,,,,,,,", u904 ,m59,,
29037, u904 ," I can see it all now. This is going to be just like the girl you fell in love with at Fotomat this summer. You bought forty bucks of fuckin' film and you never even talked to her.,,,,,,,,,,,,,,,,,,,,,,,,,,,,,,,", u916 ,m59,,
29038, u916 ," Really?,,,,,,,,,,,,,,,,,,,,,,,,,,,,,,,", u904 ,m59,,
29039, u904 ," I would. Yeah.,,,,,,,,,,,,,,,,,,,,,,,,,,,,,,,", u916 ,m59,,
29040, u916 ," Well, what do you want me to do? Go up to this strange girl in my biology class and say, 'Hello! I'd like you to take your clothes off and jump on me?'"",,,,,,,,,,,,,,,,,,,,,,,,,,,,,,,", u904 ,m59,,
29041, u904 ," It's never too soon! Girls decide how far to let you go in the first five minutes.,,,,,,,,,,,,,,,,,,,,,,,,,,,,,,,", u916 ,m59,,
29042, u916 ," No. It's too soon.,,,,,,,,,,,,,,,,,,,,,,,,,,,,,,,", u904 ,m59,,
29043, u904 ," Did you get her name?,,,,,,,,,,,,,,,,,,,,,,,,,,,,,,,", u916 ,m59,,
29044, u916 ," No.,,,,,,,,,,,,,,,,,,,,,,,,,,,,,,,", u904 ,m59,,
29045, u904 ," Did you get her number?,,,,,,,,,,,,,,,,,,,,,,,,,,,,,,,", u916 ,m59,,
29046, u916 ," She's in my biology class.,,,,,,,,,,,,,,,,,,,,,,,,,,,,,,,", u904 ,m59,,
29047, u904 ," All right... where did you see her?,,,,,,,,,,,,,,,,,,,,,,,,,,,,,,,", u916 ,m59,,
29048, u916 ," Damone, you gotta listen to me."",,,,,,,,,,,,,,,,,,,,,,,,,,,,,,,", u904 ,m59,,
29049, u904 ," It's definitely your mama.,,,,,,,,,,,,,,,,,,,,,,,,,,,,,,,", u916 ,m59,,
29050, u916 ," What do you mean -- wuss? This girl is my exact type. It's her. Definitely her.,,,,,,,,,,,,,,,,,,,,,,,,,,,,,,,", u904 ,m59,,
29051, u904 ," You... are a wuss. Part wimp. Part pussy.,,,,,,,,,,,,,,,,,,,,,,,,,,,,,,,", u904 ,m59,,
29052, u904 ," You should work for yourself.,,,,,,,,,,,,,,,,,,,,,,,,,,,,,,,", u916 ,m59,,
29053, u916 ," Do you ever look at those girls who work at Swenson's? They're beautiful. And I have to stand out here and watch them six nights a week.,,,,,,,,,,,,,,,,,,,,,,,,,,,,,,,", u910 ,m59,,
29054, u910 ," And don't let them talk you into a diaphragm either.,,,,,,,,,,,,,,,,,,,,,,,,,,,,,,,", u906 ,m59,,
29055, u906 ," Okay. Thanks a lot, Linda."",,,,,,,,,,,,,,,,,,,,,,,,,,,,,,,", u910 ,m59,,
29056, u910 ," Not if you're over sixteen.,,,,,,,,,,,,,,,,,,,,,,,,,,,,,,,", u906 ,m59,,
29057, u906 ," And they don't call my parents?,,,,,,,,,,,,,,,,,,,,,,,,,,,,,,,", u910 ,m59,,
29058, u910 ," All right, what you want to do is go to the Free Clinic and tell the doctor that you have sex regularly -- several times a week -- and that you need Nornel One Plus Fifty's."",,,,,,,,,,,,,,,,,,,,,,,,,,,,,,,", u906 ,m59,,
29059, u906 ," I'm Carrie Frazier from Toys 'R Us. Judy Hinton from May Company told me I could ask you something.,,,,,,,,,,,,,,,,,,,,,,,,,,,,,,,", u910 ,m59,,
29060, u910 ," Yes.,,,,,,,,,,,,,,,,,,,,,,,,,,,,,,,", u906 ,m59,,
29061, u906 ," Are you Linda Barrett?,,,,,,,,,,,,,,,,,,,,,,,,,,,,,,,", u914 ,m59,,
29062, u914 ," Merv, I'm thinking... I've only got about four good hours of surfing left before these little clowns from junior high start showing up with their boogie boards."",,,,,,,,,,,,,,,,,,,,,,,,,,,,,,,", u907 ,m59,,
29063, u907 ," What's going through your mind right here, Jeff? The danger of it all?"",,,,,,,,,,,,,,,,,,,,,,,,,,,,,,,", u914 ,m59,,
29064, u914 ," Totally.,,,,,,,,,,,,,,,,,,,,,,,,,,,,,,,", u907 ,m59,,
29065, u907 ," Are you going to ride that wave?,,,,,,,,,,,,,,,,,,,,,,,,,,,,,,,", u914 ,m59,,
29066, u914 ," That's me, Merv."",,,,,,,,,,,,,,,,,,,,,,,,,,,,,,,", u907 ,m59,,
29067, u907 ," Who's that?,,,,,,,,,,,,,,,,,,,,,,,,,,,,,,,", u907 ,m59,,
29068, u907 ," Fascinating.,,,,,,,,,,,,,,,,,,,,,,,,,,,,,,,", u914 ,m59,,
29069, u914 ," Merv, this is the action down at Sunset Cliffs at about six in the morning."",,,,,,,,,,,,,,,,,,,,,,,,,,,,,,,", u914 ,m59,,
29070, u914 ," Well, it pretty much speaks for itself. Peter, you want to run with it?"",,,,,,,,,,,,,,,,,,,,,,,,,,,,,,,", u907 ,m59,,
29071, u907 ," I hear you brought a film clip with you. Do you want to set it up for us?,,,,,,,,,,,,,,,,,,,,,,,,,,,,,,,", u914 ,m59,,
29072, u914 ," I don't go at all.,,,,,,,,,,,,,,,,,,,,,,,,,,,,,,,", u907 ,m59,,
29073, u907 ," How often do you go?,,,,,,,,,,,,,,,,,,,,,,,,,,,,,,,", u914 ,m59,,
29074, u914 ," School.  School is no problem. All you have to do is go to get the grades. And if you know something, all you have to do is go about half the time."",,,,,,,,,,,,,,,,,,,,,,,,,,,,,,,", u907 ,m59,,
29075, u907 ," I wanted to talk a little bit about school, if I could..."",,,,,,,,,,,,,,,,,,,,,,,,,,,,,,,", u914 ,m59,,
29076, u914 ," Seriously, Merv, everything is great. I was thinking about picking up some hash this weekend, maybe going up to the mountains."",,,,,,,,,,,,,,,,,,,,,,,,,,,,,,,", u914 ,m59,,
29077, u914 ," I've been swimming, Merv."",,,,,,,,,,,,,,,,,,,,,,,,,,,,,,,", u907 ,m59,,
29078, u907 ," I was going to say... your eyes look a little red.,,,,,,,,,,,,,,,,,,,,,,,,,,,,,,,", u914 ,m59,,
29079, u914 ," Outrageous, Merv. Nice to be here. I feel great."",,,,,,,,,,,,,,,,,,,,,,,,,,,,,,,", u907 ,m59,,
29080, u907 ," How've you been?,,,,,,,,,,,,,,,,,,,,,,,,,,,,,,,", u914 ,m59,,
29081, u914 ," Hey, mon, I don't know what your trip is, but..."",,,,,,,,,,,,,,,,,,,,,,,,,,,,,,,", u909 ,m59,,
29082, u909 ," That's him! He did it!,,,,,,,,,,,,,,,,,,,,,,,,,,,,,,,", u909 ,m59,,
29083, u909 ," You can't fix this car, Spicoli."",,,,,,,,,,,,,,,,,,,,,,,,,,,,,,,", u914 ,m59,,
29084, u914 ," Will you just relax, mon? He's not gonna kill us. My father is a television repairman. He's got all kinds of tools. I can fix-this car."",,,,,,,,,,,,,,,,,,,,,,,,,,,,,,,", u909 ,m59,,
29085, u909 ," First he's gonna shit. And then he's gonna kill us.,,,,,,,,,,,,,,,,,,,,,,,,,,,,,,,", u914 ,m59,,
29086, u914 ," Make up your mind. Is he gonna shit, or is he gonna kill us?"",,,,,,,,,,,,,,,,,,,,,,,,,,,,,,,", u909 ,m59,,
29087, u909 ," My brother is gonna shit.,,,,,,,,,,,,,,,,,,,,,,,,,,,,,,,", u914 ,m59,,
29088, u914 ," Just be glad you're all right.,,,,,,,,,,,,,,,,,,,,,,,,,,,,,,,", u909 ,m59,,
29089, u909 ," My brother is going to kill us. He's gonna kill you and then he's gonna kill me. He's gonna kill us.,,,,,,,,,,,,,,,,,,,,,,,,,,,,,,,", u914 ,m59,,
29090, u914 ," You know the thing I love about Mustangs? The steering wheel.,,,,,,,,,,,,,,,,,,,,,,,,,,,,,,,", u909 ,m59,,
29091, u909 ," We just missed the turnoff to the party.,,,,,,,,,,,,,,,,,,,,,,,,,,,,,,,", u914 ,m59,,
29092, u914 ," All right. Die, Granada Jocks!"",,,,,,,,,,,,,,,,,,,,,,,,,,,,,,,", u909 ,m59,,
29093, u909 ," My brother's car!,,,,,,,,,,,,,,,,,,,,,,,,,,,,,,,", u909 ,m59,,
29094, u909 ," They're fuckin' with us.,,,,,,,,,,,,,,,,,,,,,,,,,,,,,,,", u914 ,m59,,
29095, u914 ," It's a bunch of Jocks in a Granada!,,,,,,,,,,,,,,,,,,,,,,,,,,,,,,,", u909 ,m59,,
29096, u909 ," This ain't no cop.,,,,,,,,,,,,,,,,,,,,,,,,,,,,,,,", u914 ,m59,,
29097, u914 ," What the fuck is this guy doing?,,,,,,,,,,,,,,,,,,,,,,,,,,,,,,,", u909 ,m59,,
29098, u909 ," I like sex.,,,,,,,,,,,,,,,,,,,,,,,,,,,,,,,", u914 ,m59,,
29099, u914 ," All right.,,,,,,,,,,,,,,,,,,,,,,,,,,,,,,,", u909 ,m59,,
29100, u909 ," Suzanne Somers' tits.,,,,,,,,,,,,,,,,,,,,,,,,,,,,,,,", u914 ,m59,,
29101, u914 ," Naw. Any good?,,,,,,,,,,,,,,,,,,,,,,,,,,,,,,,", u909 ,m59,,
29102, u909 ," Seen the new Playboy?,,,,,,,,,,,,,,,,,,,,,,,,,,,,,,,", u914 ,m59,,
29103, u914 ," Then don't hassle it.,,,,,,,,,,,,,,,,,,,,,,,,,,,,,,,", u909 ,m59,,
29104, u909 ," He is.,,,,,,,,,,,,,,,,,,,,,,,,,,,,,,,", u914 ,m59,,
29105, u914 ," I thought he was out of town.,,,,,,,,,,,,,,,,,,,,,,,,,,,,,,,", u909 ,m59,,
29106, u909 ," Hey, slow down. This is my brother's car."",,,,,,,,,,,,,,,,,,,,,,,,,,,,,,,", u915 ,m59,,
29107, u915 ," Hey -- Doug Stallworth? It's his loss.,,,,,,,,,,,,,,,,,,,,,,,,,,,,,,,", u910 ,m59,,
29108, u910 ," There's a world of guys out there. I just wish I didn't have to date any of them.,,,,,,,,,,,,,,,,,,,,,,,,,,,,,,,", u915 ,m59,,
29109, u915 ," I can't believe it! But what about Doug?,,,,,,,,,,,,,,,,,,,,,,,,,,,,,,,", u910 ,m59,,
29110, u910 ," I didn't tell anyone I applied cause I never thought I'd make it.,,,,,,,,,,,,,,,,,,,,,,,,,,,,,,,", u915 ,m59,,
29111, u915 ," Dartmouth?!,,,,,,,,,,,,,,,,,,,,,,,,,,,,,,,", u910 ,m59,,
29112, u910 ," Well I might go to Dartmouth.,,,,,,,,,,,,,,,,,,,,,,,,,,,,,,,", u915 ,m59,,
29113, u915 ," But what are you going to do?,,,,,,,,,,,,,,,,,,,,,,,,,,,,,,,", u910 ,m59,,
29114, u910 ," Yeah, like maybe never."",,,,,,,,,,,,,,,,,,,,,,,,,,,,,,,", u915 ,m59,,
29115, u915 ," Sometime?,,,,,,,,,,,,,,,,,,,,,,,,,,,,,,,", u910 ,m59,,
29116, u910 ," He says he's got to stay in Chicago.  He says I should visit him sometimes.,,,,,,,,,,,,,,,,,,,,,,,,,,,,,,,", u915 ,m59,,
29117, u915 ," Not coming? What happened?,,,,,,,,,,,,,,,,,,,,,,,,,,,,,,,", u910 ,m59,,
29118, u910 ," He's not coming.,,,,,,,,,,,,,,,,,,,,,,,,,,,,,,,", u915 ,m59,,
29119, u915 ," Where's Doug?,,,,,,,,,,,,,,,,,,,,,,,,,,,,,,,", u910 ,m59,,
29120, u910 ," Romance in Ridgemont? We don't even get cable TV.,,,,,,,,,,,,,,,,,,,,,,,,,,,,,,,", u915 ,m59,,
29121, u915 ," I want romance.,,,,,,,,,,,,,,,,,,,,,,,,,,,,,,,", u910 ,m59,,
29122, u910 ," What do you want?,,,,,,,,,,,,,,,,,,,,,,,,,,,,,,,", u915 ,m59,,
29123, u915 ," You know, Linda. I've finally figured it out. It's not sex I want. Anyone can have sex."",,,,,,,,,,,,,,,,,,,,,,,,,,,,,,,", u910 ,m59,,
29124, u910 ," Come on. There's lots of men around here. Keep your eyes open.,,,,,,,,,,,,,,,,,,,,,,,,,,,,,,,", u915 ,m59,,
29125, u915 ," Another summer of working at Swenson's.,,,,,,,,,,,,,,,,,,,,,,,,,,,,,,,", u910 ,m59,,
29126, u910 ," Stacy, he's not a guy.  He's a little prick!"",,,,,,,,,,,,,,,,,,,,,,,,,,,,,,,", u915 ,m59,,
29127, u915 ," Don't do anything, Linda. I'd rather just forget about it. I don't even like the guy."",,,,,,,,,,,,,,,,,,,,,,,,,,,,,,,", u910 ,m59,,
29128, u910 ," There goes your stereo for another year. Mike Damone is a no-brain little prick. I'm not letting him get away with this.,,,,,,,,,,,,,,,,,,,,,,,,,,,,,,,", u915 ,m59,,
29129, u915 ," I paid for it and everything.,,,,,,,,,,,,,,,,,,,,,,,,,,,,,,,", u910 ,m59,,
29130, u910 ," That little prick.,,,,,,,,,,,,,,,,,,,,,,,,,,,,,,,", u915 ,m59,,
29131, u915 ," Then I called his house, and his mother told me he was in the garage helping his father."",,,,,,,,,,,,,,,,,,,,,,,,,,,,,,,", u910 ,m59,,
29132, u910 ," That little prick.,,,,,,,,,,,,,,,,,,,,,,,,,,,,,,,", u915 ,m59,,
29133, u915 ," I really thought he would show up. I waited... and waited... and waited...,,,,,,,,,,,,,,,,,,,,,,,,,,,,,,,", u910 ,m59,,
29134, u910 ," You're right. I didn't tell you that.,,,,,,,,,,,,,,,,,,,,,,,,,,,,,,,", u915 ,m59,,
29135, u915 ," You didn't tell me that they can be so nice, so great... but then you sleep with them and they start acting like they're five years old."",,,,,,,,,,,,,,,,,,,,,,,,,,,,,,,", u910 ,m59,,
29136, u910 ," What?,,,,,,,,,,,,,,,,,,,,,,,,,,,,,,,", u915 ,m59,,
29137, u915 ," You know, there's one thing you didn't tell me about guys."",,,,,,,,,,,,,,,,,,,,,,,,,,,,,,,", u910 ,m59,,
29138, u910 ," But it costs money to have an abortion. Even at the Free Clinic. You tell Damone to pay for it. It's the least he can do. It's the guy's responsibility too.,,,,,,,,,,,,,,,,,,,,,,,,,,,,,,,", u915 ,m59,,
29139, u915 ," I'm not going to tell him. He's an asshole. I hate him.,,,,,,,,,,,,,,,,,,,,,,,,,,,,,,,", u910 ,m59,,
29140, u910 ," Of course it was Damone. If it was Ron Johnson, you'd be out to here!"",,,,,,,,,,,,,,,,,,,,,,,,,,,,,,,", u915 ,m59,,
29141, u915 ," It could be. I had a pregnancy test at the clinic. I'll find out Monday. I guess it was Damone.,,,,,,,,,,,,,,,,,,,,,,,,,,,,,,,", u910 ,m59,,
29142, u910 ," It couldn't be.,,,,,,,,,,,,,,,,,,,,,,,,,,,,,,,", u915 ,m59,,
29143, u915 ," What do you think it is?,,,,,,,,,,,,,,,,,,,,,,,,,,,,,,,", u910 ,m59,,
29144, u910 ," What do you think it is?,,,,,,,,,,,,,,,,,,,,,,,,,,,,,,,", u915 ,m59,,
29145, u915 ," I don't know... I just don't feel right.,,,,,,,,,,,,,,,,,,,,,,,,,,,,,,,", u910 ,m59,,
29146, u910 ," You have been acting very strange the last few weeks.,,,,,,,,,,,,,,,,,,,,,,,,,,,,,,,", u915 ,m59,,
29147, u915 ," I don't know, I'm just so depressed. Everything is just so... depressing."",,,,,,,,,,,,,,,,,,,,,,,,,,,,,,,", u910 ,m59,,
29148, u910 ," God, Stacy, it's not that sad. It's just David Soul and Ricardo Montalban."",,,,,,,,,,,,,,,,,,,,,,,,,,,,,,,", u915 ,m59,,
29149, u915 ," God, I don't think so. Better look in the house."",,,,,,,,,,,,,,,,,,,,,,,,,,,,,,,", u910 ,m59,,
29150, u910 ," Stacy! I've got water in my ears. Do you have any Q-Tips?,,,,,,,,,,,,,,,,,,,,,,,,,,,,,,,", u915 ,m59,,
29151, u915 ," I know. He hates to have to wear uniforms.,,,,,,,,,,,,,,,,,,,,,,,,,,,,,,,", u910 ,m59,,
29152, u910 ," God, he hardly even talks anymore."",,,,,,,,,,,,,,,,,,,,,,,,,,,,,,,", u910 ,m59,,
29153, u910 ," No.,,,,,,,,,,,,,,,,,,,,,,,,,,,,,,,", u915 ,m59,,
29154, u915 ," I didn't ask for any help. Did you, Linda?"",,,,,,,,,,,,,,,,,,,,,,,,,,,,,,,", u910 ,m59,,
29155, u910 ," I think they're both virgins.,,,,,,,,,,,,,,,,,,,,,,,,,,,,,,,", u915 ,m59,,
29156, u915 ," What do you think?,,,,,,,,,,,,,,,,,,,,,,,,,,,,,,,", u910 ,m59,,
29157, u910 ," He works for the airline. He'll be out here. You'll meet him.,,,,,,,,,,,,,,,,,,,,,,,,,,,,,,,", u915 ,m59,,
29158, u915 ," What's Doug do in Chicago?,,,,,,,,,,,,,,,,,,,,,,,,,,,,,,,", u910 ,m59,,
29159, u910 ," I don't know. Thirty to forty minutes.,,,,,,,,,,,,,,,,,,,,,,,,,,,,,,,", u915 ,m59,,
29160, u915 ," How long does Doug take?,,,,,,,,,,,,,,,,,,,,,,,,,,,,,,,", u915 ,m59,,
29161, u915 ," Listen to this... it says 'Most women derive pleasure from sex, but they don't have real orgasms.'"",,,,,,,,,,,,,,,,,,,,,,,,,,,,,,,", u910 ,m59,,
29162, u910 ," No. But it's a nice idea.,,,,,,,,,,,,,,,,,,,,,,,,,,,,,,,", u915 ,m59,,
29163, u915 ," Does that ever happen?,,,,,,,,,,,,,,,,,,,,,,,,,,,,,,,", u910 ,m59,,
29164, u910 ," Climax together.,,,,,,,,,,,,,,,,,,,,,,,,,,,,,,,", u915 ,m59,,
29165, u915 ," All right! Here's another one. 'The most satisfactory lovemaking occurs when your mate climaxes first, you climax first, you and your mate climax together?'"",,,,,,,,,,,,,,,,,,,,,,,,,,,,,,,", u910 ,m59,,
29166, u910 ," You're right. Probably penis, mouth and neck."",,,,,,,,,,,,,,,,,,,,,,,,,,,,,,,", u915 ,m59,,
29167, u915 ," Wouldn't penis and balls be the same category?,,,,,,,,,,,,,,,,,,,,,,,,,,,,,,,", u910 ,m59,,
29168, u910 ," Okay, penis, that's one, balls..."",,,,,,,,,,,,,,,,,,,,,,,,,,,,,,,", u915 ,m59,,
29169, u915 ," Listen to this... 'What are your mate's three most erogenous zones?',,,,,,,,,,,,,,,,,,,,,,,,,,,,,,,", u910 ,m59,,
29170, u910 ," Why don't you put your mother's secret book back?,,,,,,,,,,,,,,,,,,,,,,,,,,,,,,,", u915 ,m59,,
29171, u915 ," You really ought to look at this, Linda. There's a drawing on every page... and all these quizzes. It's like school."",,,,,,,,,,,,,,,,,,,,,,,,,,,,,,,", u910 ,m59,,
29172, u910 ," I sent a letter to Doug today. I'll be so glad when he gets out here.,,,,,,,,,,,,,,,,,,,,,,,,,,,,,,,", u915 ,m59,,
29173, u915 ," Sixteen.,,,,,,,,,,,,,,,,,,,,,,,,,,,,,,,", u910 ,m59,,
29174, u910 ," Oh, come on. What is he? Fifteen?"",,,,,,,,,,,,,,,,,,,,,,,,,,,,,,,", u915 ,m59,,
29175, u915 ," What do you think of that guy who works at the theatre? You know, Mark Ratner."",,,,,,,,,,,,,,,,,,,,,,,,,,,,,,,", u915 ,m59,,
29176, u915 ," Thanks a lot.,,,,,,,,,,,,,,,,,,,,,,,,,,,,,,,", u910 ,m59,,
29177, u910 ," Stacy. How many times do I have to tell you? You are really going to be beautiful... someday.,,,,,,,,,,,,,,,,,,,,,,,,,,,,,,,", u915 ,m59,,
29178, u915 ," I should quit this job. I'm going to get so fat working here... nobody will ever take me out.,,,,,,,,,,,,,,,,,,,,,,,,,,,,,,,", u910 ,m59,,
29179, u910 ," Stacy. What does it matter? He's a stereo salesman. You want to marry him? You want to have kids with him? You want this guy to come home, fifty years old, and he's still got that little Pacific Stereo badge on? Come on."",,,,,,,,,,,,,,,,,,,,,,,,,,,,,,,", u915 ,m59,,
29180, u915 ," Don't you think it meant anything to him. Even if I am fifteen?,,,,,,,,,,,,,,,,,,,,,,,,,,,,,,,", u915 ,m59,,
29181, u915 ," Not since November.,,,,,,,,,,,,,,,,,,,,,,,,,,,,,,,", u910 ,m59,,
29182, u910 ," I guess Ron hasn't called yet.,,,,,,,,,,,,,,,,,,,,,,,,,,,,,,,", u915 ,m59,,
29183, u915 ," I think Christmas brings out the worst in people.,,,,,,,,,,,,,,,,,,,,,,,,,,,,,,,", u910 ,m59,,
29184, u910 ," You've got to get used to working Christmas. People are always screaming and yelling... then they get home and they're all Christmasy.,,,,,,,,,,,,,,,,,,,,,,,,,,,,,,,", u910 ,m59,,
29185, u910 ," Boy I am so glad to be through with all these games.,,,,,,,,,,,,,,,,,,,,,,,,,,,,,,,", u915 ,m59,,
29186, u915 ," If he ever calls again I'll say I'm eighteen.,,,,,,,,,,,,,,,,,,,,,,,,,,,,,,,", u910 ,m59,,
29187, u910 ," Doug sees beyond that stuff to what the person inside is like. That's why I'm marrying him.,,,,,,,,,,,,,,,,,,,,,,,,,,,,,,,", u915 ,m59,,
29188, u915 ," Does Doug care that you're seventeen?,,,,,,,,,,,,,,,,,,,,,,,,,,,,,,,", u910 ,m59,,
29189, u910 ," Don't you dare, you'll never hear from him again."",,,,,,,,,,,,,,,,,,,,,,,,,,,,,,,", u915 ,m59,,
29190, u915 ," There... There's his car. I know he's at work tonight. He hasn't come into Swenson's since he called my house. My mother told him I was still at high school, after I told him I was nineteen. I guess I should tell him I'm fifteen."",,,,,,,,,,,,,,,,,,,,,,,,,,,,,,,", u910 ,m59,,
29191, u910 ," Hey! That's my line!,,,,,,,,,,,,,,,,,,,,,,,,,,,,,,,", u915 ,m59,,
29192, u915 ," Come on, Linda. It's just sex."",,,,,,,,,,,,,,,,,,,,,,,,,,,,,,,", u910 ,m59,,
29193, u910 ," So tell me, do you like Ron? Is it serious?"",,,,,,,,,,,,,,,,,,,,,,,,,,,,,,,", u915 ,m59,,
29194, u915 ," It was nice.,,,,,,,,,,,,,,,,,,,,,,,,,,,,,,,", u910 ,m59,,
29195, u910 ," You'll always remember your first time.,,,,,,,,,,,,,,,,,,,,,,,,,,,,,,,", u915 ,m59,,
29196, u915 ," It was okay.,,,,,,,,,,,,,,,,,,,,,,,,,,,,,,,", u910 ,m59,,
29197, u910 ," Was it great?,,,,,,,,,,,,,,,,,,,,,,,,,,,,,,,", u915 ,m59,,
29198, u915 ," Oh! That's where that group got its name from.,,,,,,,,,,,,,,,,,,,,,,,,,,,,,,,", u910 ,m59,,
29199, u910 ," Just kidding. About 10cc.,,,,,,,,,,,,,,,,,,,,,,,,,,,,,,,", u910 ,m59,,
29200, u910 ," There's nothing to it.,,,,,,,,,,,,,,,,,,,,,,,,,,,,,,,", u915 ,m59,,
29201, u915 ," Well I never did it.,,,,,,,,,,,,,,,,,,,,,,,,,,,,,,,", u910 ,m59,,
29202, u910 ," What's the big deal?,,,,,,,,,,,,,,,,,,,,,,,,,,,,,,,", u915 ,m59,,
29203, u915 ," Like, you know, giving blow jobs."",,,,,,,,,,,,,,,,,,,,,,,,,,,,,,,", u910 ,m59,,
29204, u910 ," What variables?,,,,,,,,,,,,,,,,,,,,,,,,,,,,,,,", u915 ,m59,,
29205, u915 ," No there are variables that, like, I might not be good at."",,,,,,,,,,,,,,,,,,,,,,,,,,,,,,,", u910 ,m59,,
29206, u910 ," What do you mean 'better in bed.' You either do it or you don't.,,,,,,,,,,,,,,,,,,,,,,,,,,,,,,,", u915 ,m59,,
29207, u915 ," Yeah but they look more sophisticated. You'd probably think they'd be better in bed.,,,,,,,,,,,,,,,,,,,,,,,,,,,,,,,", u910 ,m59,,
29208, u910 ," Oh, give me a break, Stacy. You're much prettier than them."",,,,,,,,,,,,,,,,,,,,,,,,,,,,,,,", u915 ,m59,,
29209, u915 ," Do you think guys find that attractive?,,,,,,,,,,,,,,,,,,,,,,,,,,,,,,,", u910 ,m59,,
29210, u910 ," I know.,,,,,,,,,,,,,,,,,,,,,,,,,,,,,,,", u915 ,m59,,
29211, u915 ," Linda. That girl looks just like Pat Benatar.,,,,,,,,,,,,,,,,,,,,,,,,,,,,,,,", u910 ,m59,,
29212, u910 ," God. People exaggerate so much at this school.,,,,,,,,,,,,,,,,,,,,,,,,,,,,,,,", u915 ,m59,,
29213, u915 ," No way! He just called him a dick.,,,,,,,,,,,,,,,,,,,,,,,,,,,,,,,", u910 ,m59,,
29214, u910 ," I hear some surfer pulled a knife on Mr. Hand this morning.,,,,,,,,,,,,,,,,,,,,,,,,,,,,,,,", u910 ,m59,,
29215, u910 ," Believe it.,,,,,,,,,,,,,,,,,,,,,,,,,,,,,,,", u915 ,m59,,
29216, u915 ," I can't believe I start high school tomorrow.,,,,,,,,,,,,,,,,,,,,,,,,,,,,,,,", u910 ,m59,,
29217, u910 ," If I didn't have a fianc� in Chicago, I'd go for it."",,,,,,,,,,,,,,,,,,,,,,,,,,,,,,,", u915 ,m59,,
29218, u915 ," He was hot, wasn't he?"",,,,,,,,,,,,,,,,,,,,,,,,,,,,,,,", u910 ,m59,,
29219, u910 ," Stacy, what are you waiting for? You're fifteen. I did it when I was thirteen. It's no huge thing. It's just sex. If you don't, one of the other girls will."",,,,,,,,,,,,,,,,,,,,,,,,,,,,,,,", u915 ,m59,,
29220, u915 ," Really?,,,,,,,,,,,,,,,,,,,,,,,,,,,,,,,", u910 ,m59,,
29221, u910 ," Face it. With some guys you have to make the first move. A lot of guys are just... wussies.,,,,,,,,,,,,,,,,,,,,,,,,,,,,,,,", u915 ,m59,,
29222, u915 ," I can't do that.,,,,,,,,,,,,,,,,,,,,,,,,,,,,,,,", u910 ,m59,,
29223, u910 ," I called them. If I was sitting next to a guy and I wanted to sit closer, I'd sit closer. If I wanted to kiss him, I'd just do it. You want Ron Johnson? Grab him."",,,,,,,,,,,,,,,,,,,,,,,,,,,,,,,", u915 ,m59,,
29224, u915 ," So what did you do?,,,,,,,,,,,,,,,,,,,,,,,,,,,,,,,", u910 ,m59,,
29225, u910 ," Listen, Stace, you want to know about guys? I'll tell you. They're mostly chicken. Before I met Doug I chased after every guy I thought was cute. I thought if I gave out a vibe they'd get the message and call me up. Well, guess what? They don't call."",,,,,,,,,,,,,,,,,,,,,,,,,,,,,,,", u915 ,m59,,
29226, u915 ," Come on, Linda, I haven't had a boyfriend all summer. You promised when I started working at the mall that my life would change... Do you think he'll call this week?"",,,,,,,,,,,,,,,,,,,,,,,,,,,,,,,", u910 ,m59,,
29227, u910 ," Should we buy a frame for that?,,,,,,,,,,,,,,,,,,,,,,,,,,,,,,,", u915 ,m59,,
29228, u915 ," He gave me his card.  'Ron Johnson, Audio Consultant.'"",,,,,,,,,,,,,,,,,,,,,,,,,,,,,,,", u910 ,m59,,
29229, u910 ," Just take his order, look him in the eye and if he says anything remotely funny, laugh a lot."",,,,,,,,,,,,,,,,,,,,,,,,,,,,,,,", u915 ,m59,,
29230, u915 ," What should I do?,,,,,,,,,,,,,,,,,,,,,,,,,,,,,,,", u910 ,m59,,
29231, u910 ," Come on, Stacy, it's your section and your man."",,,,,,,,,,,,,,,,,,,,,,,,,,,,,,,", u915 ,m59,,
29232, u915 ," Yeah, but I fucked up. You can take it. Really."",,,,,,,,,,,,,,,,,,,,,,,,,,,,,,,", u910 ,m59,,
29233, u910 ," Don't you like him?,,,,,,,,,,,,,,,,,,,,,,,,,,,,,,,", u915 ,m59,,
29234, u915 ," Do you think that guy's cute?,,,,,,,,,,,,,,,,,,,,,,,,,,,,,,,", u910 ,m59,,
29235, u910 ," How's it going.,,,,,,,,,,,,,,,,,,,,,,,,,,,,,,,", u912 ,m59,,
29236, u912 ," Aloha, Spicoli."",,,,,,,,,,,,,,,,,,,,,,,,,,,,,,,", u914 ,m59,,
29237, u914 ," Aloha, Mr. Hand!"",,,,,,,,,,,,,,,,,,,,,,,,,,,,,,,", u914 ,m59,,
29238, u914 ," All right! Oh, yeah!"",,,,,,,,,,,,,,,,,,,,,,,,,,,,,,,", u912 ,m59,,
29239, u912 ," Don't worry, Spicoli. You'll probably squeak by."",,,,,,,,,,,,,,,,,,,,,,,,,,,,,,,", u914 ,m59,,
29240, u914 ," You're gonna flunk me?!,,,,,,,,,,,,,,,,,,,,,,,,,,,,,,,", u912 ,m59,,
29241, u912 ," If you graduate.,,,,,,,,,,,,,,,,,,,,,,,,,,,,,,,", u914 ,m59,,
29242, u914 ," No way, mon. When I graduate U.S. history I ain't even coming over to your side of the building."",,,,,,,,,,,,,,,,,,,,,,,,,,,,,,,", u912 ,m59,,
29243, u912 ," Well, you'll find out next year."",,,,,,,,,,,,,,,,,,,,,,,,,,,,,,,", u914 ,m59,,
29244, u914 ," Do you have a guy like me every year? A guy to... I don't know, make a show of. Teach other kids lessons and stuff?"",,,,,,,,,,,,,,,,,,,,,,,,,,,,,,,", u912 ,m59,,
29245, u912 ," What's that?,,,,,,,,,,,,,,,,,,,,,,,,,,,,,,,", u914 ,m59,,
29246, u914 ," Hey, Mr. Hand, can I ask you a question?"",,,,,,,,,,,,,,,,,,,,,,,,,,,,,,,", u912 ,m59,,
29247, u912 ," I think I've made my point with you tonight.,,,,,,,,,,,,,,,,,,,,,,,,,,,,,,,", u912 ,m59,,
29248, u912 ," Well, then, I'm glad I remembered to bring an extra copy just for you."",,,,,,,,,,,,,,,,,,,,,,,,,,,,,,,", u914 ,m59,,
29249, u914 ," Hey, it's in my locker, Mr. Hand."",,,,,,,,,,,,,,,,,,,,,,,,,,,,,,,", u912 ,m59,,
29250, u912 ," Now, Mr. Spicoli, comes a rare moment for me. Now I have the unique pleasure of squaring our account. Tonight, you and I are going to talk in great detail about the Davis Agreement, all the associated treaties, and the American Revolution in particular. Now if you can just turn to Chapter 47 of Lord of Truth And Liberty."",,,,,,,,,,,,,,,,,,,,,,,,,,,,,,,", u912 ,m59,,
29251, u912 ," Fine. You sit right here on your bed. I'll use the chair here.  As I explained to your parents just a moment ago, and to you many times since the very beginning of the school year -- I don't like to spend my time waiting for late students, or detention cases. I'd rather be preparing the lesson."",,,,,,,,,,,,,,,,,,,,,,,,,,,,,,,", u914 ,m59,,
29252, u914 ," I don't know. I guess so.,,,,,,,,,,,,,,,,,,,,,,,,,,,,,,,", u912 ,m59,,
29253, u912 ," Do you want to sit there, Jeff?"",,,,,,,,,,,,,,,,,,,,,,,,,,,,,,,", u914 ,m59,,
29254, u914 ," Did I do something wrong, Mr. Hand?"",,,,,,,,,,,,,,,,,,,,,,,,,,,,,,,", u912 ,m59,,
29255, u912 ," I'm afraid we've got some things to discuss here, Jeff."",,,,,,,,,,,,,,,,,,,,,,,,,,,,,,,", u914 ,m59,,
29256, u914 ," Yeah. The Graduation Dance Mr. Hand. It's the last school event of the year.,,,,,,,,,,,,,,,,,,,,,,,,,,,,,,,", u912 ,m59,,
29257, u912 ," Were you going somewhere tonight, Jeff?"",,,,,,,,,,,,,,,,,,,,,,,,,,,,,,,", u912 ,m59,,
29258, u912 ," That's right, Jeff. Mind if I come in?"",,,,,,,,,,,,,,,,,,,,,,,,,,,,,,,", u914 ,m59,,
29259, u914 ," Mr... Mr. Hand.,,,,,,,,,,,,,,,,,,,,,,,,,,,,,,,", u912 ,m59,,
29260, u912 ," And you, my friend. I'll see you for a two-hour detention every afternoon this week."",,,,,,,,,,,,,,,,,,,,,,,,,,,,,,,", u914 ,m59,,
29261, u914 ," You better save some for me, you swine!"",,,,,,,,,,,,,,,,,,,,,,,,,,,,,,,", u914 ,m59,,
29262, u914 ," I've been thinking about this, Mr. Hand. If I'm here... and you're here... doesn't that make it our time?"",,,,,,,,,,,,,,,,,,,,,,,,,,,,,,,", u912 ,m59,,
29263, u912 ," Mr. Spicoli, you're on dangerous ground here. You're causing a major disturbance in my class and on my time."",,,,,,,,,,,,,,,,,,,,,,,,,,,,,,,", u914 ,m59,,
29264, u914 ," Learning about Cuba. Having some food.,,,,,,,,,,,,,,,,,,,,,,,,,,,,,,,", u912 ,m59,,
29265, u912 ," Am I hallucinating here? Just what in the hell do you think you're doing?,,,,,,,,,,,,,,,,,,,,,,,,,,,,,,,", u914 ,m59,,
29266, u914 ," I don't know.,,,,,,,,,,,,,,,,,,,,,,,,,,,,,,,", u912 ,m59,,
29267, u912 ," Food will be eaten on your time!  Why are you continuously late for this class, Mr. Spicoli? Why do you shamelessly waste my time like this?"",,,,,,,,,,,,,,,,,,,,,,,,,,,,,,,", u914 ,m59,,
29268, u914 ," I don't know, mon. The food lines took forever."",,,,,,,,,,,,,,,,,,,,,,,,,,,,,,,", u912 ,m59,,
29269, u912 ," You mean, you couldn't? Or you wouldn't?"",,,,,,,,,,,,,,,,,,,,,,,,,,,,,,,", u914 ,m59,,
29270, u914 ," I couldn't make it in time.,,,,,,,,,,,,,,,,,,,,,,,,,,,,,,,", u912 ,m59,,
29271, u912 ," Thank you, Desmond.  What's the reason for your truancy?"",,,,,,,,,,,,,,,,,,,,,,,,,,,,,,,", u914 ,m59,,
29272, u914 ," Hey! Wait a minute! There's no birthday party for me here!,,,,,,,,,,,,,,,,,,,,,,,,,,,,,,,", u914 ,m59,,
29273, u914 ," Hey, bud. What's your problem?"",,,,,,,,,,,,,,,,,,,,,,,,,,,,,,,", u912 ,m59,,
29274, u912 ," Yes.,,,,,,,,,,,,,,,,,,,,,,,,,,,,,,,", u914 ,m59,,
29275, u914 ," You just ripped my card in two!,,,,,,,,,,,,,,,,,,,,,,,,,,,,,,,", u914 ,m59,,
29276, u914 ," That's the name they gave me.,,,,,,,,,,,,,,,,,,,,,,,,,,,,,,,", u912 ,m59,,
29277, u912 ," Mr. Spicoli?,,,,,,,,,,,,,,,,,,,,,,,,,,,,,,,", u912 ,m59,,
29278, u912 ," Oh, please. I get so lonely when that third attendance bell rings and I don't see all my kids here."",,,,,,,,,,,,,,,,,,,,,,,,,,,,,,,", u914 ,m59,,
29279, u914 ," Can I come in?,,,,,,,,,,,,,,,,,,,,,,,,,,,,,,,", u912 ,m59,,
29280, u912 ," Really?,,,,,,,,,,,,,,,,,,,,,,,,,,,,,,,", u914 ,m59,,
29281, u914 ," This is U.S. History, right? I saw the globe in the window."",,,,,,,,,,,,,,,,,,,,,,,,,,,,,,,", u912 ,m59,,
29282, u912 ," What class?,,,,,,,,,,,,,,,,,,,,,,,,,,,,,,,", u914 ,m59,,
29283, u914 ," Yeah. I'm registered for this class.,,,,,,,,,,,,,,,,,,,,,,,,,,,,,,,", u915 ,m59,,
29284, u915 ," Yes.,,,,,,,,,,,,,,,,,,,,,,,,,,,,,,,", u913 ,m59,,
29285, u913 ," Is this your first time?,,,,,,,,,,,,,,,,,,,,,,,,,,,,,,,", u913 ,m59,,
29286, u913 ," No. I mean back to your home.,,,,,,,,,,,,,,,,,,,,,,,,,,,,,,,", u915 ,m59,,
29287, u915 ," What about those other guys you live with?,,,,,,,,,,,,,,,,,,,,,,,,,,,,,,,", u913 ,m59,,
29288, u913 ," I think I better take you home.,,,,,,,,,,,,,,,,,,,,,,,,,,,,,,,", u915 ,m59,,
29289, u915 ," Yes... I am really nineteen.,,,,,,,,,,,,,,,,,,,,,,,,,,,,,,,", u913 ,m59,,
29290, u913 ," Are you really nineteen?,,,,,,,,,,,,,,,,,,,,,,,,,,,,,,,", u915 ,m59,,
29291, u915 ," It is. It's very warm. I wonder how long it will last?,,,,,,,,,,,,,,,,,,,,,,,,,,,,,,,", u913 ,m59,,
29292, u913 ," It's very warm out tonight.,,,,,,,,,,,,,,,,,,,,,,,,,,,,,,,", u913 ,m59,,
29293, u913 ," Thanks. Thanks a lot.,,,,,,,,,,,,,,,,,,,,,,,,,,,,,,,", u915 ,m59,,
29294, u915 ," That's a nice shirt.,,,,,,,,,,,,,,,,,,,,,,,,,,,,,,,", u913 ,m59,,
29295, u913 ," All right, the point it is."",,,,,,,,,,,,,,,,,,,,,,,,,,,,,,,", u915 ,m59,,
29296, u915 ," The point sounds fine.,,,,,,,,,,,,,,,,,,,,,,,,,,,,,,,", u913 ,m59,,
29297, u913 ," How about the point?,,,,,,,,,,,,,,,,,,,,,,,,,,,,,,,", u915 ,m59,,
29298, u915 ," I don't know. Wherever you want.,,,,,,,,,,,,,,,,,,,,,,,,,,,,,,,", u913 ,m59,,
29299, u913 ," Where do you feel like going?,,,,,,,,,,,,,,,,,,,,,,,,,,,,,,,", u915 ,m59,,
29300, u915 ," Thanks. So do you.,,,,,,,,,,,,,,,,,,,,,,,,,,,,,,,", u913 ,m59,,
29301, u913 ," 'The Cuer-vo Gold, the fi-ine Columbian.'  You look nice tonight."",,,,,,,,,,,,,,,,,,,,,,,,,,,,,,,", u913 ,m59,,
29302, u913 ," No problem.,,,,,,,,,,,,,,,,,,,,,,,,,,,,,,,", u915 ,m59,,
29303, u915 ," Thanks for picking me up.,,,,,,,,,,,,,,,,,,,,,,,,,,,,,,,", u913 ,m59,,
29304, u913 ," How about your phone number?,,,,,,,,,,,,,,,,,,,,,,,,,,,,,,,", u915 ,m59,,
29305, u915 ," What can I get for you tonight.,,,,,,,,,,,,,,,,,,,,,,,,,,,,,,,", u915 ,m59,,
29306, u915 ," I know, everyone says that."",,,,,,,,,,,,,,,,,,,,,,,,,,,,,,,", u913 ,m59,,
29307, u913 ," You look like you could still be in high school.,,,,,,,,,,,,,,,,,,,,,,,,,,,,,,,", u915 ,m59,,
29308, u915 ," I'd like that.,,,,,,,,,,,,,,,,,,,,,,,,,,,,,,,", u916 ,m59,,
29309, u916 ," Well, I don't know, I may be doing some traveling this summer. I don't know how much I'll be around...  But I'll give you a call sometime."",,,,,,,,,,,,,,,,,,,,,,,,,,,,,,,", u915 ,m59,,
29310, u915 ," Yeah. I want you to have this picture, so you won't forget what I look like. And so you'll remember to call me over the summer."",,,,,,,,,,,,,,,,,,,,,,,,,,,,,,,", u916 ,m59,,
29311, u916 ," Really?,,,,,,,,,,,,,,,,,,,,,,,,,,,,,,,", u915 ,m59,,
29312, u915 ," I know everybody says it, but I really mean it."",,,,,,,,,,,,,,,,,,,,,,,,,,,,,,,", u916 ,m59,,
29313, u916 ," Yeah? About fifty people I didn't know wrote that in my annual.,,,,,,,,,,,,,,,,,,,,,,,,,,,,,,,", u915 ,m59,,
29314, u915 ," I'm fine. Mark, I'm so glad you came over here because I want you to know something. I just thought I would tell you that I really enjoyed getting to know you this year."",,,,,,,,,,,,,,,,,,,,,,,,,,,,,,,", u916 ,m59,,
29315, u916 ," Hi, Stacy. How are you?"",,,,,,,,,,,,,,,,,,,,,,,,,,,,,,,", u915 ,m59,,
29316, u915 ," Hi, Mark."",,,,,,,,,,,,,,,,,,,,,,,,,,,,,,,", u916 ,m59,,
29317, u916 ," I'll get you the notes.,,,,,,,,,,,,,,,,,,,,,,,,,,,,,,,", u915 ,m59,,
29318, u915 ," What about the notes?,,,,,,,,,,,,,,,,,,,,,,,,,,,,,,,", u916 ,m59,,
29319, u916 ," Nobody noticed. Don't worry about it. We'll just stay out here until everyone comes out, we'll blend back in."",,,,,,,,,,,,,,,,,,,,,,,,,,,,,,,", u915 ,m59,,
29320, u915 ," I made a fool of myself.,,,,,,,,,,,,,,,,,,,,,,,,,,,,,,,", u915 ,m59,,
29321, u915 ," Oh. I see.,,,,,,,,,,,,,,,,,,,,,,,,,,,,,,,", u916 ,m59,,
29322, u916 ," John Bonham. The drummer for Led Zeppelin. He died a couple years ago. Every birthday he stays home and plays everything John Bonham ever recorded. It's like his own holiday.,,,,,,,,,,,,,,,,,,,,,,,,,,,,,,,", u915 ,m59,,
29323, u915 ," John Bonham?,,,,,,,,,,,,,,,,,,,,,,,,,,,,,,,", u916 ,m59,,
29324, u916 ," It's John Bonham's birthday.,,,,,,,,,,,,,,,,,,,,,,,,,,,,,,,", u915 ,m59,,
29325, u915 ," What's April 16th?,,,,,,,,,,,,,,,,,,,,,,,,,,,,,,,", u916 ,m59,,
29326, u916 ," Today's April 16th. Damone never comes to school on April 16th.,,,,,,,,,,,,,,,,,,,,,,,,,,,,,,,", u915 ,m59,,
29327, u915 ," Where's Mike today?,,,,,,,,,,,,,,,,,,,,,,,,,,,,,,,", u916 ,m59,,
29328, u916 ," Well... it's getting kind of late.,,,,,,,,,,,,,,,,,,,,,,,,,,,,,,,", u915 ,m59,,
29329, u915 ," Do you really have to go?,,,,,,,,,,,,,,,,,,,,,,,,,,,,,,,", u916 ,m59,,
29330, u916 ," ...I've got to go home.,,,,,,,,,,,,,,,,,,,,,,,,,,,,,,,", u916 ,m59,,
29331, u916 ," Oh, yeah. I had Mr. Deegan."",,,,,,,,,,,,,,,,,,,,,,,,,,,,,,,", u915 ,m59,,
29332, u915 ," This is me in the eighth grade. Did you have Mr. Deegan?,,,,,,,,,,,,,,,,,,,,,,,,,,,,,,,", u916 ,m59,,
29333, u916 ," Sure.,,,,,,,,,,,,,,,,,,,,,,,,,,,,,,,", u915 ,m59,,
29334, u915 ," Do you want to see some pictures? I kept a lot of scrapbooks and pictures and stuff from junior high. How stupid, right?"",,,,,,,,,,,,,,,,,,,,,,,,,,,,,,,", u916 ,m59,,
29335, u916 ," I don't know.,,,,,,,,,,,,,,,,,,,,,,,,,,,,,,,", u915 ,m59,,
29336, u915 ," Thanks. So...  What do you want to do?,,,,,,,,,,,,,,,,,,,,,,,,,,,,,,,", u916 ,m59,,
29337, u916 ," So... pretty nice house you've got here.,,,,,,,,,,,,,,,,,,,,,,,,,,,,,,,", u916 ,m59,,
29338, u916 ," Naw. I don't mind.,,,,,,,,,,,,,,,,,,,,,,,,,,,,,,,", u915 ,m59,,
29339, u915 ," Well, I'm going to change real quick. I hope you don't mind."",,,,,,,,,,,,,,,,,,,,,,,,,,,,,,,", u916 ,m59,,
29340, u916 ," No. That's okay.,,,,,,,,,,,,,,,,,,,,,,,,,,,,,,,", u915 ,m59,,
29341, u915 ," I don't know. Probably out. Want something to drink?,,,,,,,,,,,,,,,,,,,,,,,,,,,,,,,", u916 ,m59,,
29342, u916 ," Where's your brother?,,,,,,,,,,,,,,,,,,,,,,,,,,,,,,,", u916 ,m59,,
29343, u916 ," Okay. Sure. I'll come in.,,,,,,,,,,,,,,,,,,,,,,,,,,,,,,,", u915 ,m59,,
29344, u915 ," No, they're away for the weekend. Brad and I are watching the house."",,,,,,,,,,,,,,,,,,,,,,,,,,,,,,,", u916 ,m59,,
29345, u916 ," Aren't your parents asleep?,,,,,,,,,,,,,,,,,,,,,,,,,,,,,,,", u915 ,m59,,
29346, u915 ," Do you want to come inside?,,,,,,,,,,,,,,,,,,,,,,,,,,,,,,,", u916 ,m59,,
29347, u916 ," I never thought it would happen at The Atlantis. Jeez.,,,,,,,,,,,,,,,,,,,,,,,,,,,,,,,", u915 ,m59,,
29348, u915 ," Me, too. I'm real sorry someone broke in and stole your tape deck."",,,,,,,,,,,,,,,,,,,,,,,,,,,,,,,", u916 ,m59,,
29349, u916 ," I had a really nice time tonight.,,,,,,,,,,,,,,,,,,,,,,,,,,,,,,,", u916 ,m59,,
29350, u916 ," Two more Cokes.,,,,,,,,,,,,,,,,,,,,,,,,,,,,,,,", u915 ,m59,,
29351, u915 ," Sure. I'll... have another Coke.,,,,,,,,,,,,,,,,,,,,,,,,,,,,,,,", u915 ,m59,,
29352, u915 ," Not at all.,,,,,,,,,,,,,,,,,,,,,,,,,,,,,,,", u916 ,m59,,
29353, u916 ," Do you mind if I excuse myself for a moment?,,,,,,,,,,,,,,,,,,,,,,,,,,,,,,,", u916 ,m59,,
29354, u916 ," Oh yeah.,,,,,,,,,,,,,,,,,,,,,,,,,,,,,,,", u915 ,m59,,
29355, u915 ," Are you all right?,,,,,,,,,,,,,,,,,,,,,,,,,,,,,,,", u916 ,m59,,
29356, u916 ," Excellent.,,,,,,,,,,,,,,,,,,,,,,,,,,,,,,,", u915 ,m59,,
29357, u915 ," I think I'll have the Seafood Salad Special.,,,,,,,,,,,,,,,,,,,,,,,,,,,,,,,", u916 ,m59,,
29358, u916 ," Do you know what you want?,,,,,,,,,,,,,,,,,,,,,,,,,,,,,,,", u915 ,m59,,
29359, u915 ," I've heard that, too."",,,,,,,,,,,,,,,,,,,,,,,,,,,,,,,", u916 ,m59,,
29360, u916 ," Joey at Cinema Four said this is a pretty good restaurant.,,,,,,,,,,,,,,,,,,,,,,,,,,,,,,,", u915 ,m59,,
29361, u915 ," Yeah. She is pretty good.,,,,,,,,,,,,,,,,,,,,,,,,,,,,,,,", u916 ,m59,,
29362, u916 ," Yeah. She is pretty good.,,,,,,,,,,,,,,,,,,,,,,,,,,,,,,,", u915 ,m59,,
29363, u915 ," Do you have Mrs. George for English?,,,,,,,,,,,,,,,,,,,,,,,,,,,,,,,", u916 ,m59,,
29364, u916 ," Yeah. It's my sister's.,,,,,,,,,,,,,,,,,,,,,,,,,,,,,,,", u915 ,m59,,
29365, u915 ," This is a nice car.,,,,,,,,,,,,,,,,,,,,,,,,,,,,,,,", u916 ,m59,,
29366, u916 ," Sure thing.,,,,,,,,,,,,,,,,,,,,,,,,,,,,,,,", u915 ,m59,,
29367, u915 ," Thanks for coming to get me.,,,,,,,,,,,,,,,,,,,,,,,,,,,,,,,", u916 ,m59,,
29368, u916 ," Oh... yes.,,,,,,,,,,,,,,,,,,,,,,,,,,,,,,,", u915 ,m59,,
29369, u915 ," Do you have a pen? This one's out of ink.,,,,,,,,,,,,,,,,,,,,,,,,,,,,,,,", u916 ,m59,,
29370, u916 ," My other question is... can-I-have your-phone-number-so-I-can-ask-you out-sometime?,,,,,,,,,,,,,,,,,,,,,,,,,,,,,,,", u915 ,m59,,
29371, u915 ," What's your other question?,,,,,,,,,,,,,,,,,,,,,,,,,,,,,,,", u915 ,m59,,
29372, u915 ," We keep them, in case the people come back."",,,,,,,,,,,,,,,,,,,,,,,,,,,,,,,", u916 ,m59,,
29373, u916 ," You keep them.,,,,,,,,,,,,,,,,,,,,,,,,,,,,,,,", u915 ,m59,,
29374, u915 ," We keep them.,,,,,,,,,,,,,,,,,,,,,,,,,,,,,,,", u916 ,m59,,
29375, u916 ," What do you do with the jackets people leave here?,,,,,,,,,,,,,,,,,,,,,,,,,,,,,,,", u916 ,m59,,
29376, u916 ," I'll have one more Coke... Do you want another Coke, Stacy?"",,,,,,,,,,,,,,,,,,,,,,,,,,,,,,,", u917 ,m59,,
29377, u917 ," Are you sure there's nothing else I can bring you?,,,,,,,,,,,,,,,,,,,,,,,,,,,,,,,", u917 ,m59,,
29378, u917 ," Okay. Thanks.,,,,,,,,,,,,,,,,,,,,,,,,,,,,,,,", u916 ,m59,,
29379, u916 ," Two Cokes.,,,,,,,,,,,,,,,,,,,,,,,,,,,,,,,", u917 ,m59,,
29380, u917 ," Anything to drink?,,,,,,,,,,,,,,,,,,,,,,,,,,,,,,,", u916 ,m59,,
29381, u916 ," Well... sure.  She will have the Seafood Salad Special. And I will have... the same.,,,,,,,,,,,,,,,,,,,,,,,,,,,,,,,", u917 ,m59,,
29382, u917 ," Are you ready to order here?,,,,,,,,,,,,,,,,,,,,,,,,,,,,,,,", u916 ,m59,,
