,User_id,text,sec_user,movies_name,relationship,attachment
30841, u971 ," Build for him a pyre. Light up the sky with his passing.,,,,,,,,,,,,,,,,,,,,,,,,,,,,,,,", u982 ,m63,,
30842, u982 ," What kindness?,,,,,,,,,,,,,,,,,,,,,,,,,,,,,,,", u971 ,m63,,
30843, u971 ," I've never been shown a kindness. Show me one now.,,,,,,,,,,,,,,,,,,,,,,,,,,,,,,,", u971 ,m63,,
30844, u971 ," Would you not? He was father. And mother. We fell from grace together. He from his God. I from mine.,,,,,,,,,,,,,,,,,,,,,,,,,,,,,,,", u982 ,m63,,
30845, u982 ," Then why weep for him?,,,,,,,,,,,,,,,,,,,,,,,,,,,,,,,", u971 ,m63,,
30846, u971 ," And he drove me to mine.,,,,,,,,,,,,,,,,,,,,,,,,,,,,,,,", u982 ,m63,,
30847, u982 ," You drove him to his torment.,,,,,,,,,,,,,,,,,,,,,,,,,,,,,,,", u971 ,m63,,
30848, u971 ," I am as he made me. In his own image.,,,,,,,,,,,,,,,,,,,,,,,,,,,,,,,", u982 ,m63,,
30849, u982 ," What is that to you? Evil as you are.,,,,,,,,,,,,,,,,,,,,,,,,,,,,,,,", u971 ,m63,,
30850, u971 ," I longed to be with him. But I wanted his final moments to have peace. I could see you were a friend to him.,,,,,,,,,,,,,,,,,,,,,,,,,,,,,,,", u971 ,m63,,
30851, u971 ," I was watching.,,,,,,,,,,,,,,,,,,,,,,,,,,,,,,,", u982 ,m63,,
30852, u982 ," Yes.,,,,,,,,,,,,,,,,,,,,,,,,,,,,,,,", u971 ,m63,,
30853, u971 ," You were with him at the end.,,,,,,,,,,,,,,,,,,,,,,,,,,,,,,,", u971 ,m63,,
30854, u971 ," I am afraid.,,,,,,,,,,,,,,,,,,,,,,,,,,,,,,,", u974 ,m63,,
30855, u974 ," People can be kinder than you think.,,,,,,,,,,,,,,,,,,,,,,,,,,,,,,,", u971 ,m63,,
30856, u971 ," I have been... afraid. Afraid... they will hate me... because I am so very ugly... and they are so very beautiful,,,,,,,,,,,,,,,,,,,,,,,,,,,,,,,", u974 ,m63,,
30857, u974 ," Why do you not go to them?,,,,,,,,,,,,,,,,,,,,,,,,,,,,,,,", u971 ,m63,,
30858, u971 ," Yes. Very close,,,,,,,,,,,,,,,,,,,,,,,,,,,,,,,", u974 ,m63,,
30859, u974 ," Friends? Do they live around here?,,,,,,,,,,,,,,,,,,,,,,,,,,,,,,,", u971 ,m63,,
30860, u971 ," Yes. I have been seeking my friends.,,,,,,,,,,,,,,,,,,,,,,,,,,,,,,,", u974 ,m63,,
30861, u974 ," You're an outcast.,,,,,,,,,,,,,,,,,,,,,,,,,,,,,,,", u971 ,m63,,
30862, u971 ," Worse.,,,,,,,,,,,,,,,,,,,,,,,,,,,,,,,", u974 ,m63,,
30863, u974 ," It can't be as bad as that.,,,,,,,,,,,,,,,,,,,,,,,,,,,,,,,", u971 ,m63,,
30864, u971 ," I'm... very, very ugly. People are afraid. Except you."",,,,,,,,,,,,,,,,,,,,,,,,,,,,,,,", u974 ,m63,,
30865, u974 ," Why?,,,,,,,,,,,,,,,,,,,,,,,,,,,,,,,", u971 ,m63,,
30866, u971 ," Better that way... for me.,,,,,,,,,,,,,,,,,,,,,,,,,,,,,,,", u974 ,m63,,
30867, u974 ," I'm glad you finally came to the door. A man shouldn't have to scurry in the shadows.,,,,,,,,,,,,,,,,,,,,,,,,,,,,,,,", u974 ,m63,,
30868, u974 ," The music? Or the fire?,,,,,,,,,,,,,,,,,,,,,,,,,,,,,,,", u971 ,m63,,
30869, u971 ," Nice.,,,,,,,,,,,,,,,,,,,,,,,,,,,,,,,", u980 ,m63,,
30870, u980 ," SHE'LL NEVER BE YOURS! SHE SAID MY NAME! SHE REMEMBERS!,,,,,,,,,,,,,,,,,,,,,,,,,,,,,,,", u971 ,m63,,
30871, u971 ," GET AWAY FROM HER! SHE'S MINE!,,,,,,,,,,,,,,,,,,,,,,,,,,,,,,,", u971 ,m63,,
30872, u971 ," I'm sure the lady knows her own mind. Doesn't she? Let her decide the proper suitor.,,,,,,,,,,,,,,,,,,,,,,,,,,,,,,,", u980 ,m63,,
30873, u980 ," She's not for you.,,,,,,,,,,,,,,,,,,,,,,,,,,,,,,,", u971 ,m63,,
30874, u971 ," She's beautiful.,,,,,,,,,,,,,,,,,,,,,,,,,,,,,,,", u971 ,m63,,
30875, u971 ," That is mild compared to what will come. If you deny me my wedding night. I'll be with you on yours.,,,,,,,,,,,,,,,,,,,,,,,,,,,,,,,", u980 ,m63,,
30876, u980 ," I will not! Kill me now!,,,,,,,,,,,,,,,,,,,,,,,,,,,,,,,", u971 ,m63,,
30877, u971 ," You will honor your promise to me!,,,,,,,,,,,,,,,,,,,,,,,,,,,,,,,", u980 ,m63,,
30878, u980 ," No. I draw the line.,,,,,,,,,,,,,,,,,,,,,,,,,,,,,,,", u971 ,m63,,
30879, u971 ," What does it matter? She'll live again. You'll make her.,,,,,,,,,,,,,,,,,,,,,,,,,,,,,,,", u980 ,m63,,
30880, u980 ," This was not taken from a grave.,,,,,,,,,,,,,,,,,,,,,,,,,,,,,,,", u971 ,m63,,
30881, u971 ," A brain. Extremities.,,,,,,,,,,,,,,,,,,,,,,,,,,,,,,,", u980 ,m63,,
30882, u980 ," What is this?,,,,,,,,,,,,,,,,,,,,,,,,,,,,,,,", u971 ,m63,,
30883, u971 ," Her body pleases me.,,,,,,,,,,,,,,,,,,,,,,,,,,,,,,,", u980 ,m63,,
30884, u980 ," Why... her?,,,,,,,,,,,,,,,,,,,,,,,,,,,,,,,", u971 ,m63,,
30885, u971 ," I'll be waiting. And watching.,,,,,,,,,,,,,,,,,,,,,,,,,,,,,,,", u980 ,m63,,
30886, u980 ," Yes. I want this over and done with.,,,,,,,,,,,,,,,,,,,,,,,,,,,,,,,", u971 ,m63,,
30887, u971 ," Soon?,,,,,,,,,,,,,,,,,,,,,,,,,,,,,,,", u971 ,m63,,
30888, u971 ," We'd travel north, my bride and I. To the furthest reaches of the Pole, where no man has ever set foot. There we would live out our lives. Together.  No human eye would ever see us again. This I vow."",,,,,,,,,,,,,,,,,,,,,,,,,,,,,,,", u980 ,m63,,
30889, u980 ," And if I consent?,,,,,,,,,,,,,,,,,,,,,,,,,,,,,,,", u971 ,m63,,
30890, u971 ," I do know that for the sympathy of one living being, I would make peace with all.  I have love in me the likes of which you can scarcely imagine. And rage the likes of which you would not believe. If I cannot satisfy the one, I will demonically indulge the other. That choice is yours.  You're the one who set this in motion, Frankenstein."",,,,,,,,,,,,,,,,,,,,,,,,,,,,,,,", u980 ,m63,,
30891, u980 ," Like you? Oh, God, you don't know what you're asking."",,,,,,,,,,,,,,,,,,,,,,,,,,,,,,,", u971 ,m63,,
30892, u971 ," A companion. A female. Like me, so she won't hate me."",,,,,,,,,,,,,,,,,,,,,,,,,,,,,,,", u980 ,m63,,
30893, u980 ," Friend?,,,,,,,,,,,,,,,,,,,,,,,,,,,,,,,", u971 ,m63,,
30894, u971 ," There is something I want.  A friend.,,,,,,,,,,,,,,,,,,,,,,,,,,,,,,,", u980 ,m63,,
30895, u980 ," What can I do?,,,,,,,,,,,,,,,,,,,,,,,,,,,,,,,", u971 ,m63,,
30896, u971 ," Then perhaps I believe in evil after all.,,,,,,,,,,,,,,,,,,,,,,,,,,,,,,,", u980 ,m63,,
30897, u980 ," I don't know.,,,,,,,,,,,,,,,,,,,,,,,,,,,,,,,", u971 ,m63,,
30898, u971 ," Stolen memories. Stolen and hazy. They taunt me in my dreams. I've seen a beautiful woman lying back and beckoning for me to love her. Whose woman was this? I've seen boys playing, splashing about in a stream. Whose childhood friends were these?  Who am I?"",,,,,,,,,,,,,,,,,,,,,,,,,,,,,,,", u980 ,m63,,
30899, u980 ," Trace memories in the brain, perhaps."",,,,,,,,,,,,,,,,,,,,,,,,,,,,,,,", u971 ,m63,,
30900, u971 ," In which part of me did this knowledge reside? In these hands? In this mind? In this heart?  And reading and speaking. Not things learned... so much as things remembered.,,,,,,,,,,,,,,,,,,,,,,,,,,,,,,,", u971 ,m63,,
30901, u971 ," You're wrong. Do you know I knew how to play this?,,,,,,,,,,,,,,,,,,,,,,,,,,,,,,,", u980 ,m63,,
30902, u980 ," Materials. Nothing more.,,,,,,,,,,,,,,,,,,,,,,,,,,,,,,,", u971 ,m63,,
30903, u971 ," What of my soul? Do I have one? Or was that a part you left out?  Who were these people of which I am comprised? Good people? Bad people?,,,,,,,,,,,,,,,,,,,,,,,,,,,,,,,", u980 ,m63,,
30904, u980 ," There was something at work in my soul which I do not understand.,,,,,,,,,,,,,,,,,,,,,,,,,,,,,,,", u971 ,m63,,
30905, u971 ," Why, Victor? Why? What were you thinking?"",,,,,,,,,,,,,,,,,,,,,,,,,,,,,,,", u971 ,m63,,
30906, u971 ," I'm not sure I believe. But then I had no one to instruct me. I had no mother... and my father abandoned me at birth.,,,,,,,,,,,,,,,,,,,,,,,,,,,,,,,", u980 ,m63,,
30907, u980 ," I see it before me.,,,,,,,,,,,,,,,,,,,,,,,,,,,,,,,", u971 ,m63,,
30908, u971 ," Evil?  Do you believe in evil?,,,,,,,,,,,,,,,,,,,,,,,,,,,,,,,", u980 ,m63,,
30909, u980 ," How dare you. You're disgusting and evil.,,,,,,,,,,,,,,,,,,,,,,,,,,,,,,,", u971 ,m63,,
30910, u971 ," Your crime... as well as mine.,,,,,,,,,,,,,,,,,,,,,,,,,,,,,,,", u980 ,m63,,
30911, u980 ," Fine words from a child killer. You who murdered my brother.,,,,,,,,,,,,,,,,,,,,,,,,,,,,,,,", u971 ,m63,,
30912, u971 ," More to the point, why am I here? What did you want with me?  What does one say to one's Maker, having finally met him face to face? Milton gave it voice.  Did I request thee, Maker, from my clay to mould me Man? Did I solicit thee from Darkness to promote me?"",,,,,,,,,,,,,,,,,,,,,,,,,,,,,,,", u980 ,m63,,
30913, u980 ," Then why am I here? What did you want with me?,,,,,,,,,,,,,,,,,,,,,,,,,,,,,,,", u971 ,m63,,
30914, u971 ," Kill you? Hardly that.,,,,,,,,,,,,,,,,,,,,,,,,,,,,,,,", u980 ,m63,,
30915, u980 ," Kill me and have done with it.,,,,,,,,,,,,,,,,,,,,,,,,,,,,,,,", u971 ,m63,,
30916, u971 ," The letters in your journal. That and a geography book.  Your Elizabeth sounds lovely.,,,,,,,,,,,,,,,,,,,,,,,,,,,,,,,", u980 ,m63,,
30917, u980 ," How did you find me?,,,,,,,,,,,,,,,,,,,,,,,,,,,,,,,", u971 ,m63,,
30918, u971 ," Yes, I speak. And read. And think... and know the ways of Man.  I've been waiting for you. Two months now."",,,,,,,,,,,,,,,,,,,,,,,,,,,,,,,", u980 ,m63,,
30919, u980 ," You speak.,,,,,,,,,,,,,,,,,,,,,,,,,,,,,,,", u971 ,m63,,
30920, u971 ," Come warm yourself if you like.,,,,,,,,,,,,,,,,,,,,,,,,,,,,,,,", u977 ,m63,,
30921, u977 ," Fine.,,,,,,,,,,,,,,,,,,,,,,,,,,,,,,,", u972 ,m63,,
30922, u972 ," Are you all right?,,,,,,,,,,,,,,,,,,,,,,,,,,,,,,,", u977 ,m63,,
30923, u977 ," Read him one of the old letters and rephrase it. We'll say it came today. It'll set his mind at ease.,,,,,,,,,,,,,,,,,,,,,,,,,,,,,,,", u972 ,m63,,
30924, u972 ," And not a word of them to Father. He's agitated enough not hearing from Victor.,,,,,,,,,,,,,,,,,,,,,,,,,,,,,,,", u977 ,m63,,
30925, u977 ," Elizabeth. If it's true, travel into Germany would be banned. You'd never get near Ingolstadt.  Besides, they're only rumors."",,,,,,,,,,,,,,,,,,,,,,,,,,,,,,,", u972 ,m63,,
30926, u972 ," I should go. I should leave today.,,,,,,,,,,,,,,,,,,,,,,,,,,,,,,,", u977 ,m63,,
30927, u977 ," So have I,,,,,,,,,,,,,,,,,,,,,,,,,,,,,,,", u972 ,m63,,
30928, u972 ," Something's wrong. I know it.  I've heard rumors of cholera spreading south from Hamburg.,,,,,,,,,,,,,,,,,,,,,,,,,,,,,,,", u977 ,m63,,
30929, u977 ," It's been months. It's not like him.,,,,,,,,,,,,,,,,,,,,,,,,,,,,,,,", u972 ,m63,,
30930, u972 ," Nothing. Still nothing.,,,,,,,,,,,,,,,,,,,,,,,,,,,,,,,", u972 ,m63,,
30931, u972 ," He was almost expelled for calling one of his professors a """"pompous...  Fellow..."""""",,,,,,,,,,,,,,,,,,,,,,,,,,,,,,,", u977 ,m63,,
30932, u977 ," Must've been a terrible row.,,,,,,,,,,,,,,,,,,,,,,,,,,,,,,,", u972 ,m63,,
30933, u972 ," And you look so lovely.,,,,,,,,,,,,,,,,,,,,,,,,,,,,,,,", u977 ,m63,,
30934, u977 ," You dance so beautifully together.,,,,,,,,,,,,,,,,,,,,,,,,,,,,,,,", u977 ,m63,,
30935, u977 ," One-two-three, one-two-three, twirl- two-three..."",,,,,,,,,,,,,,,,,,,,,,,,,,,,,,,", u972 ,m63,,
30936, u972 ," Scandalous! What would your dear mother say?,,,,,,,,,,,,,,,,,,,,,,,,,,,,,,,", u977 ,m63,,
30937, u977 ," Elizabeth, really! He's quite mad!"",,,,,,,,,,,,,,,,,,,,,,,,,,,,,,,", u977 ,m63,,
30938, u977 ," Quite right!,,,,,,,,,,,,,,,,,,,,,,,,,,,,,,,", u972 ,m63,,
30939, u972 ," That's the nature of all progress, William. Don't let your brother sway you otherwise."",,,,,,,,,,,,,,,,,,,,,,,,,,,,,,,", u972 ,m63,,
30940, u972 ," There, there... shhh..."",,,,,,,,,,,,,,,,,,,,,,,,,,,,,,,", u977 ,m63,,
30941, u977 ," Poor William! What indignant tears!,,,,,,,,,,,,,,,,,,,,,,,,,,,,,,,", u972 ,m63,,
30942, u972 ," It's far too late for him to still be out.,,,,,,,,,,,,,,,,,,,,,,,,,,,,,,,", u973 ,m63,,
30943, u973 ," Claude rode over there to see if held lost track of time. They say he never arrived.,,,,,,,,,,,,,,,,,,,,,,,,,,,,,,,", u972 ,m63,,
30944, u972 ," Is he not back yet?,,,,,,,,,,,,,,,,,,,,,,,,,,,,,,,", u973 ,m63,,
30945, u973 ," Have you seen Willie?,,,,,,,,,,,,,,,,,,,,,,,,,,,,,,,", u972 ,m63,,
30946, u972 ," Let this locket be a token of the vow we took the night I left.  He's coming home to marry me.,,,,,,,,,,,,,,,,,,,,,,,,,,,,,,,", u973 ,m63,,
30947, u973 ," What does it say?,,,,,,,,,,,,,,,,,,,,,,,,,,,,,,,", u972 ,m63,,
30948, u972 ," He set things right with a proper apology... and now they've put him in charge of dissection lab!,,,,,,,,,,,,,,,,,,,,,,,,,,,,,,,", u973 ,m63,,
30949, u973 ," He always was opinionated.,,,,,,,,,,,,,,,,,,,,,,,,,,,,,,,", u980 ,m63,,
30950, u980 ," Open this door for no-one!,,,,,,,,,,,,,,,,,,,,,,,,,,,,,,,", u972 ,m63,,
30951, u972 ," Victor!,,,,,,,,,,,,,,,,,,,,,,,,,,,,,,,", u972 ,m63,,
30952, u972 ," I have been waiting for this ever since.,,,,,,,,,,,,,,,,,,,,,,,,,,,,,,,", u980 ,m63,,
30953, u980 ," I remember the first time I ever saw you. Crossing the floor of the grand ballroom with my parents at your side. So beautiful even then.,,,,,,,,,,,,,,,,,,,,,,,,,,,,,,,", u980 ,m63,,
30954, u980 ," Now husband and wife.,,,,,,,,,,,,,,,,,,,,,,,,,,,,,,,", u972 ,m63,,
30955, u972 ," Brother and sister no more.,,,,,,,,,,,,,,,,,,,,,,,,,,,,,,,", u980 ,m63,,
30956, u980 ," I do. But you must trust me for now.,,,,,,,,,,,,,,,,,,,,,,,,,,,,,,,", u972 ,m63,,
30957, u972 ," Victor, tell me why! Trust me!"",,,,,,,,,,,,,,,,,,,,,,,,,,,,,,,", u980 ,m63,,
30958, u980 ," Yes. We're in danger here. Every moment we stay.,,,,,,,,,,,,,,,,,,,,,,,,,,,,,,,", u972 ,m63,,
30959, u972 ," Does this have something to do with that man you saw?,,,,,,,,,,,,,,,,,,,,,,,,,,,,,,,", u980 ,m63,,
30960, u980 ," We'll leave this afternoon, right after the ceremony. Pack only what you need."",,,,,,,,,,,,,,,,,,,,,,,,,,,,,,,", u972 ,m63,,
30961, u972 ," It is,,,,,,,,,,,,,,,,,,,,,,,,,,,,,,,", u980 ,m63,,
30962, u980 ," It was misguided and pointless. Is your answer yes?,,,,,,,,,,,,,,,,,,,,,,,,,,,,,,,", u972 ,m63,,
30963, u972 ," Why the change? What about your work?,,,,,,,,,,,,,,,,,,,,,,,,,,,,,,,", u980 ,m63,,
30964, u980 ," No. Not tomorrow, not next week, Marry me today."",,,,,,,,,,,,,,,,,,,,,,,,,,,,,,,", u980 ,m63,,
30965, u980 ," A month at most, that's all I ask.  Elizabeth, please. Things have not yet resolved. I must take steps to see that they do. For our family's sake. For our sake.  You are life itself. We shall seal our vow. The moment I am done."",,,,,,,,,,,,,,,,,,,,,,,,,,,,,,,", u972 ,m63,,
30966, u972 ," We need each other now, I need your comfort and strength, not separation and solitude."",,,,,,,,,,,,,,,,,,,,,,,,,,,,,,,", u980 ,m63,,
30967, u980 ," So do I.,,,,,,,,,,,,,,,,,,,,,,,,,,,,,,,", u972 ,m63,,
30968, u972 ," What of our marriage? Victor, we've had so much tragedy. I want this family to live again."",,,,,,,,,,,,,,,,,,,,,,,,,,,,,,,", u980 ,m63,,
30969, u980 ," It's not something I can explain now. Perhaps someday.,,,,,,,,,,,,,,,,,,,,,,,,,,,,,,,", u972 ,m63,,
30970, u972 ," What sort of task?,,,,,,,,,,,,,,,,,,,,,,,,,,,,,,,", u980 ,m63,,
30971, u980 ," I'm all right. I'm safe,"",,,,,,,,,,,,,,,,,,,,,,,,,,,,,,,", u972 ,m63,,
30972, u972 ," I thought I'd never see you again!,,,,,,,,,,,,,,,,,,,,,,,,,,,,,,,", u980 ,m63,,
30973, u980 ," I know only that he is a killer. And I shall bring back his carcass.,,,,,,,,,,,,,,,,,,,,,,,,,,,,,,,", u972 ,m63,,
30974, u972 ," Do you know this man? Is there something between you?,,,,,,,,,,,,,,,,,,,,,,,,,,,,,,,", u980 ,m63,,
30975, u980 ," They've done a fine job. Hanging an innocent for the crime of a fiend.,,,,,,,,,,,,,,,,,,,,,,,,,,,,,,,", u972 ,m63,,
30976, u972 ," If what you say is true, it is a matter for the police!"",,,,,,,,,,,,,,,,,,,,,,,,,,,,,,,", u980 ,m63,,
30977, u980 ," I've no choice,,,,,,,,,,,,,,,,,,,,,,,,,,,,,,,", u972 ,m63,,
30978, u972 ," But why risk yourself? Hasn't this family suffered enough?,,,,,,,,,,,,,,,,,,,,,,,,,,,,,,,", u980 ,m63,,
30979, u980 ," My mind was not playing tricks. He was there in the storm... gloating over his crimes... challenging me to come.,,,,,,,,,,,,,,,,,,,,,,,,,,,,,,,", u980 ,m63,,
30980, u980 ," Elizabeth. My more than sister.,,,,,,,,,,,,,,,,,,,,,,,,,,,,,,,", u972 ,m63,,
30981, u972 ," Victor. I love you,"",,,,,,,,,,,,,,,,,,,,,,,,,,,,,,,", u980 ,m63,,
30982, u980 ," ...until our wedding night. When our bodies will join.,,,,,,,,,,,,,,,,,,,,,,,,,,,,,,,", u972 ,m63,,
30983, u972 ," I give you my soul...,,,,,,,,,,,,,,,,,,,,,,,,,,,,,,,", u980 ,m63,,
30984, u980 ," Your decision. For us.,,,,,,,,,,,,,,,,,,,,,,,,,,,,,,,", u972 ,m63,,
30985, u972 ," Our decision. Together.,,,,,,,,,,,,,,,,,,,,,,,,,,,,,,,", u972 ,m63,,
30986, u972 ," Not as weak as I.,,,,,,,,,,,,,,,,,,,,,,,,,,,,,,,", u980 ,m63,,
30987, u980 ," You make me weak.,,,,,,,,,,,,,,,,,,,,,,,,,,,,,,,", u972 ,m63,,
30988, u972 ," I will be here when you return.,,,,,,,,,,,,,,,,,,,,,,,,,,,,,,,", u980 ,m63,,
30989, u980 ," Only you.,,,,,,,,,,,,,,,,,,,,,,,,,,,,,,,", u972 ,m63,,
30990, u972 ," If only I could. But one of us must stay. Father's not strong. Willie's just a child. Who can look after them in your absence? Who can run the estate?,,,,,,,,,,,,,,,,,,,,,,,,,,,,,,,", u980 ,m63,,
30991, u980 ," Then come with me to Ingolstadt. Marry me now.,,,,,,,,,,,,,,,,,,,,,,,,,,,,,,,", u972 ,m63,,
30992, u972 ," I wish to be your wife.,,,,,,,,,,,,,,,,,,,,,,,,,,,,,,,", u980 ,m63,,
30993, u980 ," I wish to be your husband.,,,,,,,,,,,,,,,,,,,,,,,,,,,,,,,", u972 ,m63,,
30994, u972 ," Brother and sister still?,,,,,,,,,,,,,,,,,,,,,,,,,,,,,,,", u972 ,m63,,
30995, u972 ," Is that what makes it so delicious?,,,,,,,,,,,,,,,,,,,,,,,,,,,,,,,", u980 ,m63,,
30996, u980 ," This feels... incestuous.,,,,,,,,,,,,,,,,,,,,,,,,,,,,,,,", u972 ,m63,,
30997, u972 ," All my life I've known.,,,,,,,,,,,,,,,,,,,,,,,,,,,,,,,", u980 ,m63,,
30998, u980 ," I've loved you all my life,,,,,,,,,,,,,,,,,,,,,,,,,,,,,,,", u980 ,m63,,
30999, u980 ," To be the best there ever was. To push our knowledge beyond our dreams... to eradicate disease and pestilence... to purge mankind of ignorance and fear...,,,,,,,,,,,,,,,,,,,,,,,,,,,,,,,", u972 ,m63,,
31000, u972 ," You will.  What do you want, Victor?"",,,,,,,,,,,,,,,,,,,,,,,,,,,,,,,", u980 ,m63,,
31001, u980 ," I'll have to do better than that.,,,,,,,,,,,,,,,,,,,,,,,,,,,,,,,", u972 ,m63,,
31002, u972 ," Prouder still. You'll be the handsomest student there.,,,,,,,,,,,,,,,,,,,,,,,,,,,,,,,", u980 ,m63,,
31003, u980 ," And you?,,,,,,,,,,,,,,,,,,,,,,,,,,,,,,,", u972 ,m63,,
31004, u972 ," Father's so proud.,,,,,,,,,,,,,,,,,,,,,,,,,,,,,,,", u980 ,m63,,
31005, u980 ," Quite a send-off, isn't it?"",,,,,,,,,,,,,,,,,,,,,,,,,,,,,,,", u972 ,m63,,
31006, u972 ," Smell the air. Wonderful.,,,,,,,,,,,,,,,,,,,,,,,,,,,,,,,", u972 ,m63,,
31007, u972 ," Give me that child before you fill his head with drivel!,,,,,,,,,,,,,,,,,,,,,,,,,,,,,,,", u980 ,m63,,
31008, u980 ," Don't listen, Willie. Progress is a feast to be consumed. Women would have you believe you must walk before you can run. Or run before you can waltz!"",,,,,,,,,,,,,,,,,,,,,,,,,,,,,,,", u980 ,m63,,
31009, u980 ," He needs to vent his outrage to the skies! Make yourself heard, Willie! Learning to walk is not an easy thing! Why should it be so?"",,,,,,,,,,,,,,,,,,,,,,,,,,,,,,,", u972 ,m63,,
31010, u972 ," Oh, do give him here! He needs to be comforted and held!"",,,,,,,,,,,,,,,,,,,,,,,,,,,,,,,", u980 ,m63,,
31011, u980 ," The world is a dizzying place.,,,,,,,,,,,,,,,,,,,,,,,,,,,,,,,", u972 ,m63,,
31012, u972 ," Victor, have a care! You'll make him dizzy!"",,,,,,,,,,,,,,,,,,,,,,,,,,,,,,,", u972 ,m63,,
31013, u972 ," He left a beautiful gift in her place. A baby boy. To cherish and love as our very own. Your brother,,,,,,,,,,,,,,,,,,,,,,,,,,,,,,,", u980 ,m63,,
31014, u980 ," God took her from us.,,,,,,,,,,,,,,,,,,,,,,,,,,,,,,,", u972 ,m63,,
31015, u972 ," She was mother to me as well. But ours is the job of the living. It's up to us now to hold this family together. We must think of Father and be strong for him.  I cannot do that alone.,,,,,,,,,,,,,,,,,,,,,,,,,,,,,,,", u980 ,m63,,
31016, u980 ," What kind of God is He to will this?,,,,,,,,,,,,,,,,,,,,,,,,,,,,,,,", u972 ,m63,,
31017, u972 ," It's not ours to decide. All that live must die. It's God's will.,,,,,,,,,,,,,,,,,,,,,,,,,,,,,,,", u980 ,m63,,
31018, u980 ," How could all my father's knowledge and skill fail to save her?,,,,,,,,,,,,,,,,,,,,,,,,,,,,,,,", u980 ,m63,,
31019, u980 ," Nothing can. Not ever.,,,,,,,,,,,,,,,,,,,,,,,,,,,,,,,", u972 ,m63,,
31020, u972 ," Are you sure it can't hurt us?,,,,,,,,,,,,,,,,,,,,,,,,,,,,,,,", u972 ,m63,,
31021, u972 ," Aren't you?,,,,,,,,,,,,,,,,,,,,,,,,,,,,,,,", u980 ,m63,,
31022, u980 ," Don't cry, Elizabeth."",,,,,,,,,,,,,,,,,,,,,,,,,,,,,,,", u975 ,m63,,
31023, u975 ," Aye, Captain."",,,,,,,,,,,,,,,,,,,,,,,,,,,,,,,", u982 ,m63,,
31024, u982 ," He died. Raving about phantoms. He was mad, poor devil.  Gather a detail. Have the body removed from my cabin."",,,,,,,,,,,,,,,,,,,,,,,,,,,,,,,", u975 ,m63,,
31025, u975 ," This ice will break yet.  How's our guest?,,,,,,,,,,,,,,,,,,,,,,,,,,,,,,,", u982 ,m63,,
31026, u982 ," A warming wind.,,,,,,,,,,,,,,,,,,,,,,,,,,,,,,,", u975 ,m63,,
31027, u975 ," Then you run the danger of pushing them to mutiny.,,,,,,,,,,,,,,,,,,,,,,,,,,,,,,,", u982 ,m63,,
31028, u982 ," They knew the risks when they signed on. I've come too far to turn back now.,,,,,,,,,,,,,,,,,,,,,,,,,,,,,,,", u975 ,m63,,
31029, u975 ," Captain, I implore you. The men are frightened and angry. They want your assurance."",,,,,,,,,,,,,,,,,,,,,,,,,,,,,,,", u982 ,m63,,
31030, u982 ," It wouldn't dare.,,,,,,,,,,,,,,,,,,,,,,,,,,,,,,,", u975 ,m63,,
31031, u975 ," It's going to ram us.,,,,,,,,,,,,,,,,,,,,,,,,,,,,,,,", u981 ,m63,,
31032, u981 ," Oh God.,,,,,,,,,,,,,,,,,,,,,,,,,,,,,,,", u976 ,m63,,
31033, u976 ," Professor?,,,,,,,,,,,,,,,,,,,,,,,,,,,,,,,", u976 ,m63,,
31034, u976 ," Thank goodness. We'd be out of work.,,,,,,,,,,,,,,,,,,,,,,,,,,,,,,,", u981 ,m63,,
31035, u981 ," No. But someday.,,,,,,,,,,,,,,,,,,,,,,,,,,,,,,,", u976 ,m63,,
31036, u976 ," Do you foresee this happening in our lifetimes?,,,,,,,,,,,,,,,,,,,,,,,,,,,,,,,", u981 ,m63,,
31037, u981 ," I'm convinced. Not by treating symptoms, but by diving nature's most jealously-guarded secrets."",,,,,,,,,,,,,,,,,,,,,,,,,,,,,,,", u976 ,m63,,
31038, u976 ," You're saying all disease will eventually be eradicated?,,,,,,,,,,,,,,,,,,,,,,,,,,,,,,,", u981 ,m63,,
31039, u981 ," I'm quite serious. Look at all the charity and clinic work we do. Up until thirty years ago, the concept of vaccine was unheard of."",,,,,,,,,,,,,,,,,,,,,,,,,,,,,,,", u976 ,m63,,
31040, u976 ," Let it go.,,,,,,,,,,,,,,,,,,,,,,,,,,,,,,,", u980 ,m63,,
31041, u980 ," All that I once loved lies in a shallow grave. By my hand.,,,,,,,,,,,,,,,,,,,,,,,,,,,,,,,", u980 ,m63,,
31042, u980 ," I owe you that. Done.,,,,,,,,,,,,,,,,,,,,,,,,,,,,,,,", u976 ,m63,,
31043, u976 ," Only if you'll tell me who he is.,,,,,,,,,,,,,,,,,,,,,,,,,,,,,,,", u980 ,m63,,
31044, u980 ," I'll be back as soon as I've got her far away and safe. We'll hunt this fiend down together.,,,,,,,,,,,,,,,,,,,,,,,,,,,,,,,", u976 ,m63,,
31045, u976 ," Yes, don't worry. I'll look after your father. You look after her."",,,,,,,,,,,,,,,,,,,,,,,,,,,,,,,", u980 ,m63,,
31046, u980 ," Are you sure you'll be all right?,,,,,,,,,,,,,,,,,,,,,,,,,,,,,,,", u980 ,m63,,
31047, u980 ," I didn't find what I was looking for.,,,,,,,,,,,,,,,,,,,,,,,,,,,,,,,", u976 ,m63,,
31048, u976 ," What happened up there?,,,,,,,,,,,,,,,,,,,,,,,,,,,,,,,", u980 ,m63,,
31049, u980 ," This. My home. My family.  If not for you, I'd be dead in a burial pit somewhere."",,,,,,,,,,,,,,,,,,,,,,,,,,,,,,,", u976 ,m63,,
31050, u976 ," For what?,,,,,,,,,,,,,,,,,,,,,,,,,,,,,,,", u980 ,m63,,
31051, u980 ," Thank you, Henry."",,,,,,,,,,,,,,,,,,,,,,,,,,,,,,,", u976 ,m63,,
31052, u976 ," Quite a place.,,,,,,,,,,,,,,,,,,,,,,,,,,,,,,,", u976 ,m63,,
31053, u976 ," Victor. This place looked like a charnel house. What went on here?,,,,,,,,,,,,,,,,,,,,,,,,,,,,,,,", u980 ,m63,,
31054, u980 ," No. They don't.,,,,,,,,,,,,,,,,,,,,,,,,,,,,,,,", u976 ,m63,,
31055, u976 ," It's the down-and-outs I pity most. Those who can't fend for themselves. They'll be dead by the thousands before this is done. They don't stand a chance out there.,,,,,,,,,,,,,,,,,,,,,,,,,,,,,,,", u976 ,m63,,
31056, u976 ," Nothing in moderation, Frankenstein."",,,,,,,,,,,,,,,,,,,,,,,,,,,,,,,", u980 ,m63,,
31057, u980 ," Everything in moderation, Clerval."",,,,,,,,,,,,,,,,,,,,,,,,,,,,,,,", u976 ,m63,,
31058, u976 ," We catch a few hours sleep where we can. Usually here at your bedside.,,,,,,,,,,,,,,,,,,,,,,,,,,,,,,,", u980 ,m63,,
31059, u980 ," You've been going round-the-clock?,,,,,,,,,,,,,,,,,,,,,,,,,,,,,,,", u976 ,m63,,
31060, u976 ," Mine and Professor Krempe's.  We've been trading off nursing you in shifts. The rest of the time we're out working with the cholera victims. It's his turn for that just now.,,,,,,,,,,,,,,,,,,,,,,,,,,,,,,,", u980 ,m63,,
31061, u980 ," Is that your diagnosis?,,,,,,,,,,,,,,,,,,,,,,,,,,,,,,,", u976 ,m63,,
31062, u976 ," We feared cholera. Turned out to be pneumonia, brought on by nervous exhaustion and some idiot running around in a storm."",,,,,,,,,,,,,,,,,,,,,,,,,,,,,,,", u980 ,m63,,
31063, u980 ," A... week?,,,,,,,,,,,,,,,,,,,,,,,,,,,,,,,", u976 ,m63,,
31064, u976 ," Thank God your fever broke.  Slowly, now. Just a sip.  I've been worried we might lose you. It's been touch-and-go for a week."",,,,,,,,,,,,,,,,,,,,,,,,,,,,,,,", u980 ,m63,,
31065, u980 ," You'll be leaving then.  Just as well. You never were cut out for this, Henry. Goodbye."",,,,,,,,,,,,,,,,,,,,,,,,,,,,,,,", u976 ,m63,,
31066, u976 ," Listen to what I'm saying. The militia's arriving to quarantine the city. Most of us are getting out while we still can.,,,,,,,,,,,,,,,,,,,,,,,,,,,,,,,", u980 ,m63,,
31067, u980 ," Yes? And?,,,,,,,,,,,,,,,,,,,,,,,,,,,,,,,", u976 ,m63,,
31068, u976 ," Things have gone worse with this cholera outbreak. Thousand new cases a day now. Classes have been suspended. University's shut down.,,,,,,,,,,,,,,,,,,,,,,,,,,,,,,,", u980 ,m63,,
31069, u980 ," This is a bad time, Henry. I'm busy just now. What do you want?"",,,,,,,,,,,,,,,,,,,,,,,,,,,,,,,", u980 ,m63,,
31070, u980 ," Few months perhaps. I'm gathering the raw materials even now.,,,,,,,,,,,,,,,,,,,,,,,,,,,,,,,", u976 ,m63,,
31071, u976 ," How much longer?,,,,,,,,,,,,,,,,,,,,,,,,,,,,,,,", u980 ,m63,,
31072, u980 ," That is my concern.  I'm involved in something just now. I want to finish it in Waldman's memory.,,,,,,,,,,,,,,,,,,,,,,,,,,,,,,,", u976 ,m63,,
31073, u976 ," We all know how hard you took Waldman's death. Even Krempe is sympathetic. But it is time to move on. It is time to concern yourself with life.,,,,,,,,,,,,,,,,,,,,,,,,,,,,,,,", u980 ,m63,,
31074, u980 ," I've been preoccupied.,,,,,,,,,,,,,,,,,,,,,,,,,,,,,,,", u976 ,m63,,
31075, u976 ," Victor. This has got to stop.  Nobody's seen you in months. You haven't attended a single class.,,,,,,,,,,,,,,,,,,,,,,,,,,,,,,,", u976 ,m63,,
31076, u976 ," There are sick people who need our help. Here and now. Not in some future time. Consider that.,,,,,,,,,,,,,,,,,,,,,,,,,,,,,,,", u980 ,m63,,
31077, u980 ," No. He had more important work.,,,,,,,,,,,,,,,,,,,,,,,,,,,,,,,", u976 ,m63,,
31078, u976 ," All the more reason for us to continue his work with the poor!,,,,,,,,,,,,,,,,,,,,,,,,,,,,,,,", u980 ,m63,,
31079, u980 ," Blasphemy be damned! Waldman spent his life trying to help people!,,,,,,,,,,,,,,,,,,,,,,,,,,,,,,,", u976 ,m63,,
31080, u976 ," That's blasphemy!,,,,,,,,,,,,,,,,,,,,,,,,,,,,,,,", u980 ,m63,,
31081, u980 ," I resent God's monopoly.,,,,,,,,,,,,,,,,,,,,,,,,,,,,,,,", u976 ,m63,,
31082, u976 ," You can't. Death is God's will!,,,,,,,,,,,,,,,,,,,,,,,,,,,,,,,", u980 ,m63,,
31083, u980 ," Why Waldman? He of all people should have cheated death!,,,,,,,,,,,,,,,,,,,,,,,,,,,,,,,", u976 ,m63,,
31084, u976 ," You're making a scene!,,,,,,,,,,,,,,,,,,,,,,,,,,,,,,,", u980 ,m63,,
31085, u980 ," It was wrong, Henry! It shouldn't have happened! The bastard deserves to die."",,,,,,,,,,,,,,,,,,,,,,,,,,,,,,,", u976 ,m63,,
31086, u976 ," Keep your voice down. You don't know what you're saying.,,,,,,,,,,,,,,,,,,,,,,,,,,,,,,,", u980 ,m63,,
31087, u980 ," Good. I'll be there to hear his worthless neck snap.,,,,,,,,,,,,,,,,,,,,,,,,,,,,,,,", u976 ,m63,,
31088, u976 ," They'll hang him all the same.,,,,,,,,,,,,,,,,,,,,,,,,,,,,,,,", u980 ,m63,,
31089, u980 ," He was a frightened soul who acted out of fear and ignorance.,,,,,,,,,,,,,,,,,,,,,,,,,,,,,,,", u976 ,m63,,
31090, u976 ," They just caught the man who did it.,,,,,,,,,,,,,,,,,,,,,,,,,,,,,,,", u980 ,m63,,
31091, u980 ," Nothing in moderation, Clerval."",,,,,,,,,,,,,,,,,,,,,,,,,,,,,,,", u976 ,m63,,
31092, u976 ," And here's to Him. Everything in moderation, Frankenstein."",,,,,,,,,,,,,,,,,,,,,,,,,,,,,,,", u976 ,m63,,
31093, u976 ," Somebody has to!,,,,,,,,,,,,,,,,,,,,,,,,,,,,,,,", u980 ,m63,,
31094, u980 ," Only you would think of that!,,,,,,,,,,,,,,,,,,,,,,,,,,,,,,,", u980 ,m63,,
31095, u980 ," But you haven't listened, Never in history has so much seemed possible. We're on the verge of answers undreamt of... but only if we have the courage to ask the questions."",,,,,,,,,,,,,,,,,,,,,,,,,,,,,,,", u976 ,m63,,
31096, u976 ," ...yes, and thanks to him, smallpox has been virtually eliminated. I've heard this speech before."",,,,,,,,,,,,,,,,,,,,,,,,,,,,,,,", u980 ,m63,,
31097, u980 ," These are exciting times, Henry. We're entering an era of amazing breakthroughs. Look at Edward Jenner. He wasn't content to bleed people with leeches, he pioneered a new frontier of thought"",,,,,,,,,,,,,,,,,,,,,,,,,,,,,,,", u976 ,m63,,
31098, u976 ," Now you've got him started.,,,,,,,,,,,,,,,,,,,,,,,,,,,,,,,", u980 ,m63,,
31099, u980 ," It's a letter to my father.,,,,,,,,,,,,,,,,,,,,,,,,,,,,,,,", u976 ,m63,,
31100, u976 ," What now? Writing about it in your journal won't help.,,,,,,,,,,,,,,,,,,,,,,,,,,,,,,,", u980 ,m63,,
31101, u980 ," You're a comfort to me, Henry."",,,,,,,,,,,,,,,,,,,,,,,,,,,,,,,", u976 ,m63,,
31102, u976 ," The entire school heard it. It wasn't something one could miss.,,,,,,,,,,,,,,,,,,,,,,,,,,,,,,,", u976 ,m63,,
31103, u976 ," Do me a favor then...  ...keep them to yourself.,,,,,,,,,,,,,,,,,,,,,,,,,,,,,,,", u980 ,m63,,
31104, u980 ," Quite a few.,,,,,,,,,,,,,,,,,,,,,,,,,,,,,,,", u976 ,m63,,
31105, u976 ," Can you think of a better reason?,,,,,,,,,,,,,,,,,,,,,,,,,,,,,,,", u980 ,m63,,
31106, u980 ," Rich old ladies and their daughters?,,,,,,,,,,,,,,,,,,,,,,,,,,,,,,,", u976 ,m63,,
31107, u976 ," Come now. Magnus? Agrippa? Next thing you know, you'll be teaching toadstools to speak."",,,,,,,,,,,,,,,,,,,,,,,,,,,,,,,", u980 ,m63,,
31108, u980 ," Do you really think I'm mad?,,,,,,,,,,,,,,,,,,,,,,,,,,,,,,,", u976 ,m63,,
31109, u976 ," I know. You have a way of making an impression.,,,,,,,,,,,,,,,,,,,,,,,,,,,,,,,", u980 ,m63,,
31110, u980 ," Victor, Victor Frankenstein."",,,,,,,,,,,,,,,,,,,,,,,,,,,,,,,", u976 ,m63,,
31111, u976 ," Henry Clerval.,,,,,,,,,,,,,,,,,,,,,,,,,,,,,,,", u976 ,m63,,
31112, u976 ," Of course I am. It pays to humor the insane.,,,,,,,,,,,,,,,,,,,,,,,,,,,,,,,", u980 ,m63,,
31113, u980 ," Are you having me on?,,,,,,,,,,,,,,,,,,,,,,,,,,,,,,,", u976 ,m63,,
31114, u976 ," As a march hare.,,,,,,,,,,,,,,,,,,,,,,,,,,,,,,,", u980 ,m63,,
31115, u980 ," I am not mad.,,,,,,,,,,,,,,,,,,,,,,,,,,,,,,,", u980 ,m63,,
31116, u980 ," Very well then.,,,,,,,,,,,,,,,,,,,,,,,,,,,,,,,", u976 ,m63,,
31117, u976 ," I was just clearing my throat.,,,,,,,,,,,,,,,,,,,,,,,,,,,,,,,", u977 ,m63,,
31118, u977 ," I have no knowledge of that.,,,,,,,,,,,,,,,,,,,,,,,,,,,,,,,", u979 ,m63,,
31119, u979 ," So you have claimed. Yet you have no explanation for this.  The locket last seen in the hands of the poor murdered child was found hidden in your dress the morning following the murder. The locket you so coveted.  How did it come to be in your possession?,,,,,,,,,,,,,,,,,,,,,,,,,,,,,,,", u977 ,m63,,
31120, u977 ," Murder Willie? In my heart, he was our child. Victor's and mine. Such a thing could never have entered my mind."",,,,,,,,,,,,,,,,,,,,,,,,,,,,,,,", u979 ,m63,,
31121, u979 ," Is it also not true that you murdered his brother William in a misdirected crime of passion?,,,,,,,,,,,,,,,,,,,,,,,,,,,,,,,", u977 ,m63,,
31122, u977 ," I have always loved him.,,,,,,,,,,,,,,,,,,,,,,,,,,,,,,,", u979 ,m63,,
31123, u979 ," And is it true, Miss Moritz, that you love Victor Frankenstein? That your heart was broken?  Answer the question. Do you love Victor Frankenstein?"",,,,,,,,,,,,,,,,,,,,,,,,,,,,,,,", u977 ,m63,,
31124, u977 ," Yes. I took refuge in the barn. Wouldn't you? Lost in the storm? Freezing and wet? I was exhausted and could search no longer.,,,,,,,,,,,,,,,,,,,,,,,,,,,,,,,", u980 ,m63,,
31125, u980 ," Despite the lack of challenge.,,,,,,,,,,,,,,,,,,,,,,,,,,,,,,,", u978 ,m63,,
31126, u978 ," You seem to be adapting well to the approved curriculum.,,,,,,,,,,,,,,,,,,,,,,,,,,,,,,,", u978 ,m63,,
31127, u978 ," Of Geneva.  Tell me, Mr. Frankenstein of Geneva. Do you wish to study medicine? Or mysticism?"",,,,,,,,,,,,,,,,,,,,,,,,,,,,,,,", u980 ,m63,,
31128, u980 ," Victor Frankenstein, sir.  Of geneva."",,,,,,,,,,,,,,,,,,,,,,,,,,,,,,,", u978 ,m63,,
31129, u978 ," What is your name?,,,,,,,,,,,,,,,,,,,,,,,,,,,,,,,", u980 ,m63,,
31130, u980 ," Or Albertus Magnus. Cornelius Agrippa...,,,,,,,,,,,,,,,,,,,,,,,,,,,,,,,", u978 ,m63,,
31131, u978 ," Paracelsus?,,,,,,,,,,,,,,,,,,,,,,,,,,,,,,,", u980 ,m63,,
31132, u980 ," Those which stir the imagination as well as the intellect. Paracelsus, for one."",,,,,,,,,,,,,,,,,,,,,,,,,,,,,,,", u978 ,m63,,
31133, u978 ," Philosophical?,,,,,,,,,,,,,,,,,,,,,,,,,,,,,,,", u980 ,m63,,
31134, u980 ," But surely, Professor, you don't intend we disregard the more... philosophical works."",,,,,,,,,,,,,,,,,,,,,,,,,,,,,,,", u978 ,m63,,
31135, u978 ," In science, the letter of fact is the letter of law. Our pursuit is as dogmatic as any religious precept. Think of yourselves as disciples of a strict and hallowed sect. Someday you may be priests... but only if you learn the scripture chapter and verse.  Any questions?"",,,,,,,,,,,,,,,,,,,,,,,,,,,,,,,", u981 ,m63,,
31136, u981 ," Oh, now you have gone too far. There's only one God, Victor."",,,,,,,,,,,,,,,,,,,,,,,,,,,,,,,", u980 ,m63,,
31137, u980 ," I tell you what we need, my friends. Forget the symptoms and diseases. What we need is a vaccine for death itself."",,,,,,,,,,,,,,,,,,,,,,,,,,,,,,,", u980 ,m63,,
31138, u980 ," The strain was evident.,,,,,,,,,,,,,,,,,,,,,,,,,,,,,,,", u981 ,m63,,
31139, u981 ," Victor. He was trying to be gracious.,,,,,,,,,,,,,,,,,,,,,,,,,,,,,,,", u980 ,m63,,
31140, u980 ," Numbers four and twelve directly into the nervous system?,,,,,,,,,,,,,,,,,,,,,,,,,,,,,,,", u981 ,m63,,
31141, u981 ," Re-configure the leads?,,,,,,,,,,,,,,,,,,,,,,,,,,,,,,,", u981 ,m63,,
31142, u981 ," Our profession needs talent like yours. Destroy your career over an issue of pride? What a waste.,,,,,,,,,,,,,,,,,,,,,,,,,,,,,,,", u980 ,m63,,
31143, u980 ," Why?,,,,,,,,,,,,,,,,,,,,,,,,,,,,,,,", u981 ,m63,,
31144, u981 ," """"...a sincere and heartfelt apology which you will then read aloud to him before the assembled student body and faculty."",,,,,,,,,,,,,,,,,,,,,,,,,,,,,,,", u981 ,m63,,
31145, u981 ," Nonsense. Tonight you will draft an apology to Professor Krempe...,,,,,,,,,,,,,,,,,,,,,,,,,,,,,,,", u980 ,m63,,
31146, u980 ," I doubt that decision is still mine to make.,,,,,,,,,,,,,,,,,,,,,,,,,,,,,,,", u981 ,m63,,
31147, u981 ," It is a thrilling direction to explore. Thrilling and dangerous.  Nature can be wonderful and terrible. Science is not a realm for the reckless; it needs a conscience. We must proceed cautiously. Assess as we go.  What I do on my own time is my own business. The same holds true for you. You wish to expand your mind? Fine, do so. You can even join me here, if you like. But not at the expense of your normal studies."",,,,,,,,,,,,,,,,,,,,,,,,,,,,,,,", u980 ,m63,,
31148, u980 ," But the possibilities. Combining ancient knowledge with new? Something like this could change our fundamental views!,,,,,,,,,,,,,,,,,,,,,,,,,,,,,,,", u981 ,m63,,
31149, u981 ," Why? God alone knows what it means. Until it has proven value, it's nothing more than a ghoulish parlor trick. Hardly fit for the classroom."",,,,,,,,,,,,,,,,,,,,,,,,,,,,,,,", u980 ,m63,,
31150, u980 ," It's utterly fantastic! This is the sort of thing I'm talking about! We should be learning this!,,,,,,,,,,,,,,,,,,,,,,,,,,,,,,,", u981 ,m63,,
31151, u981 ," Electricity.,,,,,,,,,,,,,,,,,,,,,,,,,,,,,,,", u981 ,m63,,
31152, u981 ," I once saw it done, as a boy in Canton. My parents were missionaries. The cure was nothing short of miraculous.  I've never forgotten it. Been fascinated ever since."",,,,,,,,,,,,,,,,,,,,,,,,,,,,,,,", u980 ,m63,,
31153, u980 ," Preposterous.,,,,,,,,,,,,,,,,,,,,,,,,,,,,,,,", u980 ,m63,,
31154, u980 ," No, I embrace it... as something to be used or discarded as we advance the boundaries of what is known."",,,,,,,,,,,,,,,,,,,,,,,,,,,,,,,", u981 ,m63,,
31155, u981 ," You disdain accepted wisdom?,,,,,,,,,,,,,,,,,,,,,,,,,,,,,,,", u980 ,m63,,
31156, u980 ," To say the least. I came here to expand my mind, but honest inquiry seems strangled at every turn. All we do is cling to the old knowledge instead of seeking the new."",,,,,,,,,,,,,,,,,,,,,,,,,,,,,,,", u981 ,m63,,
31157, u981 ," You have a way of provoking his.  I've been watching you. You seem impatient with your studies.,,,,,,,,,,,,,,,,,,,,,,,,,,,,,,,", u980 ,m63,,
31158, u980 ," Krempe has a way of provoking my temper.,,,,,,,,,,,,,,,,,,,,,,,,,,,,,,,", u981 ,m63,,
31159, u981 ," Victor, explain yourself."",,,,,,,,,,,,,,,,,,,,,,,,,,,,,,,", u980 ,m63,,
31160, u980 ," Professor Waldman.,,,,,,,,,,,,,,,,,,,,,,,,,,,,,,,", u980 ,m63,,
31161, u980 ," My name is Frankenstein...,,,,,,,,,,,,,,,,,,,,,,,,,,,,,,,", u982 ,m63,,
31162, u982 ," Who are you?,,,,,,,,,,,,,,,,,,,,,,,,,,,,,,,", u980 ,m63,,
31163, u980 ," We are kindred, you and I. Men of ambition. Let me tell you all that I have lost in such pursuits. I pray my story will come to mean for you all that is capricious and evil in man."",,,,,,,,,,,,,,,,,,,,,,,,,,,,,,,", u982 ,m63,,
31164, u982 ," Madness?,,,,,,,,,,,,,,,,,,,,,,,,,,,,,,,", u980 ,m63,,
31165, u980 ," Do you share my madness?,,,,,,,,,,,,,,,,,,,,,,,,,,,,,,,", u982 ,m63,,
31166, u982 ," Lives are ephemeral. The knowledge we gain, the achievements we leave behind... those live on."",,,,,,,,,,,,,,,,,,,,,,,,,,,,,,,", u980 ,m63,,
31167, u980 ," You'd persist at the cost of your own life? The lives of your crew?,,,,,,,,,,,,,,,,,,,,,,,,,,,,,,,", u982 ,m63,,
31168, u982 ," Then explain it, whatever it is. It could save the voyage. I've spent years planning this. My entire fortune."",,,,,,,,,,,,,,,,,,,,,,,,,,,,,,,", u980 ,m63,,
31169, u980 ," Your men are right to be afraid.,,,,,,,,,,,,,,,,,,,,,,,,,,,,,,,", u982 ,m63,,
31170, u982 ," You know of it?,,,,,,,,,,,,,,,,,,,,,,,,,,,,,,,", u980 ,m63,,
31171, u980 ," Creature? A... human like creature?,,,,,,,,,,,,,,,,,,,,,,,,,,,,,,,", u982 ,m63,,
31172, u982 ," I can't say I blame them. We're trapped in this ice and bedeviled by some sort of... creature.,,,,,,,,,,,,,,,,,,,,,,,,,,,,,,,", u980 ,m63,,
31173, u980 ," I heard.,,,,,,,,,,,,,,,,,,,,,,,,,,,,,,,", u982 ,m63,,
31174, u982 ," Would-be. I'm plagued with my share of difficulties just at the moment.,,,,,,,,,,,,,,,,,,,,,,,,,,,,,,,", u980 ,m63,,
31175, u980 ," Ah. An explorer.,,,,,,,,,,,,,,,,,,,,,,,,,,,,,,,", u982 ,m63,,
31176, u982 ," There's a startling question, coming from you.  I'm captain of this ship. We sailed from Archangel a month ago, seeking a passage to the North Pole."",,,,,,,,,,,,,,,,,,,,,,,,,,,,,,,", u980 ,m63,,
31177, u980 ," How is it you come to be here?,,,,,,,,,,,,,,,,,,,,,,,,,,,,,,,", u982 ,m63,,
31178, u982 ," Are you a physician?,,,,,,,,,,,,,,,,,,,,,,,,,,,,,,,", u980 ,m63,,
31179, u980 ," Frostbite. Gangrene. A simple diagnosis.,,,,,,,,,,,,,,,,,,,,,,,,,,,,,,,", u980 ,m63,,
31180, u980 ," I'm... dying.,,,,,,,,,,,,,,,,,,,,,,,,,,,,,,,", u982 ,m63,,
31181, u982 ," You're awake. I've prepared some broth. It'll help restore you.,,,,,,,,,,,,,,,,,,,,,,,,,,,,,,,", u980 ,m63,,
