,User_id,text,sec_user,movies_name,relationship,attachment
31863, u1017 ," What'd you find, Kathy?"",,,,,,,,,,,,,,,,,,,,,,,,,,,,,,,", u1007 ,m66,,
31864, u1007 ," Wow...,,,,,,,,,,,,,,,,,,,,,,,,,,,,,,,", u1007 ,m66,,
31865, u1007 ," Uh... don't see it.  There's no signature.  But hang on -- there's a note to """"See Addendum.""""  Checking..."",,,,,,,,,,,,,,,,,,,,,,,,,,,,,,,", u1017 ,m66,,
31866, u1017 ," Who signed as his """"sponsoring officer""""?"",,,,,,,,,,,,,,,,,,,,,,,,,,,,,,,", u1007 ,m66,,
31867, u1007 ," Got it.,,,,,,,,,,,,,,,,,,,,,,,,,,,,,,,", u1017 ,m66,,
31868, u1017 ," """"Wickwire, Thomas Dane.""""  See what you can find."",,,,,,,,,,,,,,,,,,,,,,,,,,,,,,,", u1007 ,m66,,
31869, u1007 ," Okay, but... You didn't have to do what you did.  Not for me."",,,,,,,,,,,,,,,,,,,,,,,,,,,,,,,", u1017 ,m66,,
31870, u1017 ," Or rank.  But can you do me a favor and pull a transfer order?,,,,,,,,,,,,,,,,,,,,,,,,,,,,,,,", u1007 ,m66,,
31871, u1007 ," Who's...  Lieuten --,,,,,,,,,,,,,,,,,,,,,,,,,,,,,,,", u1017 ,m66,,
31872, u1017 ," Don't say my name.,,,,,,,,,,,,,,,,,,,,,,,,,,,,,,,", u1007 ,m66,,
31873, u1007 ," Administration, Ensign Blondell."",,,,,,,,,,,,,,,,,,,,,,,,,,,,,,,", u1007 ,m66,,
31874, u1007 ," More than you'd guess.  It's just that we don't hold coffee klatches. If more then three of us get together at any one time, the guys think it's some kind of uprising."",,,,,,,,,,,,,,,,,,,,,,,,,,,,,,,", u1017 ,m66,,
31875, u1017 ," But are there... I mean, how many..."",,,,,,,,,,,,,,,,,,,,,,,,,,,,,,,", u1007 ,m66,,
31876, u1007 ," Just a friend.  We have friends, too, you know."",,,,,,,,,,,,,,,,,,,,,,,,,,,,,,,", u1017 ,m66,,
31877, u1017 ," The woman I saw you with...,,,,,,,,,,,,,,,,,,,,,,,,,,,,,,,", u1007 ,m66,,
31878, u1007 ," I've been accused of that wish.,,,,,,,,,,,,,,,,,,,,,,,,,,,,,,,", u1017 ,m66,,
31879, u1017 ," I don't know if there's any single reason.  But my father was Navy. And he had this old-time recruiting poster in his den.  It showed a girl trying on a sailor's uniform while saying, """"Gee, I wish I were a man! I'd join the Navy!""""  Was maybe 10 years old when I first saw it, and even then it felt wrong.  Made me mad.  And I don't think a month has gone by that I haven't thought about that poster.  """"Gee, I wish I were a man."""""",,,,,,,,,,,,,,,,,,,,,,,,,,,,,,,", u1007 ,m66,,
31880, u1007 ," Just some of the women.,,,,,,,,,,,,,,,,,,,,,,,,,,,,,,,", u1017 ,m66,,
31881, u1017 ," Who's """"we""""?"",,,,,,,,,,,,,,,,,,,,,,,,,,,,,,,", u1007 ,m66,,
31882, u1007 ," Can I ask you somethin', lieutenant? How come you're doing this?  I mean, we're kinda curious."",,,,,,,,,,,,,,,,,,,,,,,,,,,,,,,", u1017 ,m66,,
31883, u1017 ," That's what I hear.,,,,,,,,,,,,,,,,,,,,,,,,,,,,,,,", u1007 ,m66,,
31884, u1007 ," They take you away to San Clemente Island.  Half the guys quit when they come back.  Supposed to be just hell-and-a-half.,,,,,,,,,,,,,,,,,,,,,,,,,,,,,,,", u1007 ,m66,,
31885, u1007 ," No problem, lieutenant."",,,,,,,,,,,,,,,,,,,,,,,,,,,,,,,", u1017 ,m66,,
31886, u1017 ," Thank you, ensign."",,,,,,,,,,,,,,,,,,,,,,,,,,,,,,,", u1007 ,m66,,
31887, u1007 ," B.O.Q., south side.  Take a starboard tack out the door."",,,,,,,,,,,,,,,,,,,,,,,,,,,,,,,", u1010 ,m66,,
31888, u1010 ," Then set out the good plates, we'll all have lunch.  My office will follow up with details.  Jumping off, now..."",,,,,,,,,,,,,,,,,,,,,,,,,,,,,,,", u1008 ,m66,,
31889, u1008 ," Of course, but there's more --"",,,,,,,,,,,,,,,,,,,,,,,,,,,,,,,", u1010 ,m66,,
31890, u1010 ," """"Security""""?  What the hell you talkin' about?  Your base isn't secure?"",,,,,,,,,,,,,,,,,,,,,,,,,,,,,,,", u1008 ,m66,,
31891, u1008 ," Uh, V.I.P. security arrangements generally take some time, Senator."",,,,,,,,,,,,,,,,,,,,,,,,,,,,,,,", u1010 ,m66,,
31892, u1010 ," Jordan, dear.  How are they treating you?"",,,,,,,,,,,,,,,,,,,,,,,,,,,,,,,", u1008 ,m66,,
31893, u1008 ," Standing right here in my office.,,,,,,,,,,,,,,,,,,,,,,,,,,,,,,,", u1010 ,m66,,
31894, u1010 ," Awright.  How's our girl doin', anyway?"",,,,,,,,,,,,,,,,,,,,,,,,,,,,,,,", u1008 ,m66,,
31895, u1008 ," Your prerogative, Senator."",,,,,,,,,,,,,,,,,,,,,,,,,,,,,,,", u1010 ,m66,,
31896, u1010 ," Well, seein's how this thing is out, you let me handle the r.p.m.  From this point forward, I want all press matters coordinated via my office. I'll be god-damned if I'm gonna watch Hayes pull flowers out of his ass and take credit for this one. Him or the President.  This my shade?  """"Midnight Mahogany""""? 'Cuz I'm comin' dangerously close to lookin' like Ronald Reagan here."",,,,,,,,,,,,,,,,,,,,,,,,,,,,,,,", u1010 ,m66,,
31897, u1010 ," Are you truly mouthin' off to a senior member of the Senate Arms Committee?  I mean, I'll give you points for style -- just nothin' for smarts."",,,,,,,,,,,,,,,,,,,,,,,,,,,,,,,", u1008 ,m66,,
31898, u1008 ," -- nothing I can do about it unless you're suggesting I infringe on their civil liberties -- which I'd happily do if you'll just trim a little fat off the Constitution.,,,,,,,,,,,,,,,,,,,,,,,,,,,,,,,", u1010 ,m66,,
31899, u1010 ," -- and now I got reporters from Toadsquat, Iowa, calling my office and askin' what I know about this """"G.I. Jane"""" thing."",,,,,,,,,,,,,,,,,,,,,,,,,,,,,,,", u1008 ,m66,,
31900, u1008 ," Senator, they stand out on the public highway with telephoto lenses --"",,,,,,,,,,,,,,,,,,,,,,,,,,,,,,,", u1010 ,m66,,
31901, u1010 ," Commander, are you of the habit of letting photographers traipse around your base snappin' their fill? These were supposed to have been discreet test cases --"",,,,,,,,,,,,,,,,,,,,,,,,,,,,,,,", u1008 ,m66,,
31902, u1008 ," Basically -- he asked me if I could unring a bell.,,,,,,,,,,,,,,,,,,,,,,,,,,,,,,,", u1017 ,m66,,
31903, u1017 ," Sir?  What did he say?,,,,,,,,,,,,,,,,,,,,,,,,,,,,,,,", u1008 ,m66,,
31904, u1008 ," Well, if you had to go over my head, lieutenant, that's the way to do it.  Christ, nothin' like a 0-200 call from the Commander and Chief to get the bowels movin'."",,,,,,,,,,,,,,,,,,,,,,,,,,,,,,,", u1017 ,m66,,
31905, u1017 ," Would you have the discretion to end it right then and there?,,,,,,,,,,,,,,,,,,,,,,,,,,,,,,,", u1008 ,m66,,
31906, u1008 ," I'm not sure what --,,,,,,,,,,,,,,,,,,,,,,,,,,,,,,,", u1017 ,m66,,
31907, u1017 ," Sir.  If tomorrow... I was not under your command... would the inquiry still go forward?,,,,,,,,,,,,,,,,,,,,,,,,,,,,,,,", u1008 ,m66,,
31908, u1008 ," I don't see how, O'Neil.  Dismissed."",,,,,,,,,,,,,,,,,,,,,,,,,,,,,,,", u1017 ,m66,,
31909, u1017 ," Sir, please... if there's any way to do this without dragging everyone through the mud..."",,,,,,,,,,,,,,,,,,,,,,,,,,,,,,,", u1008 ,m66,,
31910, u1008 ," I find this as distasteful as you, lieutenant.  But if it's on my desk, it's on my shoulders.  There's going to be an inquiry -- it will not be quick and it will definitely not be pretty.  You should prepare yourself."",,,,,,,,,,,,,,,,,,,,,,,,,,,,,,,", u1017 ,m66,,
31911, u1017 ," I'm saying, we're just friends."",,,,,,,,,,,,,,,,,,,,,,,,,,,,,,,", u1017 ,m66,,
31912, u1017 ," Sir, if someone is suggesting that I'm a lesbian, they're wrong."",,,,,,,,,,,,,,,,,,,,,,,,,,,,,,,", u1008 ,m66,,
31913, u1008 ," I don't know of any delicate way to say this, lieutenant, so I won't try.  Claims have been made that you have engaged in fraternization -- of the same-sex variety.  Specifically, that you were...  """"... seen leaving the apartment of another female officer at such a time and in such a manner as to suggest conduct unbecoming."""""",,,,,,,,,,,,,,,,,,,,,,,,,,,,,,,", u1008 ,m66,,
31914, u1008 ," Permission to evaporate, O'Neil."",,,,,,,,,,,,,,,,,,,,,,,,,,,,,,,", u1017 ,m66,,
31915, u1017 ," Permission to leave, sir?"",,,,,,,,,,,,,,,,,,,,,,,,,,,,,,,", u1008 ,m66,,
31916, u1008 ," """"We'll all have lunch.""""  Good idea. Oh, and let's be sure to invite this sociologist, too -- just in case we want to have a FUCKING BRIDGE GAME AFTERWARDS!"",,,,,,,,,,,,,,,,,,,,,,,,,,,,,,,", u1017 ,m66,,
31917, u1017 ," Sir, I want you to know that I had nothing to do with any of this.  Not this article, not --"",,,,,,,,,,,,,,,,,,,,,,,,,,,,,,,", u1008 ,m66,,
31918, u1008 ," You makin' friends with the press, lieutenant?"",,,,,,,,,,,,,,,,,,,,,,,,,,,,,,,", u1017 ,m66,,
31919, u1017 ," See me, sir?"",,,,,,,,,,,,,,,,,,,,,,,,,,,,,,,", u1008 ,m66,,
31920, u1008 ," You'll get everything you want, O'Neil.  Let's see if you want what you're gonna get."",,,,,,,,,,,,,,,,,,,,,,,,,,,,,,,", u1017 ,m66,,
31921, u1017 ," So I'll get a fair shot?,,,,,,,,,,,,,,,,,,,,,,,,,,,,,,,", u1008 ,m66,,
31922, u1008 ," Then good night.,,,,,,,,,,,,,,,,,,,,,,,,,,,,,,,", u1017 ,m66,,
31923, u1017 ," Wouldn't dream of it, sir."",,,,,,,,,,,,,,,,,,,,,,,,,,,,,,,", u1008 ,m66,,
31924, u1008 ," And if you just happen to wash out, I won't have to contend with you bitchin' to some hairy-chested female Senator?  And please note I did not identify any one in particular."",,,,,,,,,,,,,,,,,,,,,,,,,,,,,,,", u1017 ,m66,,
31925, u1017 ," Across the board, sir."",,,,,,,,,,,,,,,,,,,,,,,,,,,,,,,", u1008 ,m66,,
31926, u1008 ," Straight up?,,,,,,,,,,,,,,,,,,,,,,,,,,,,,,,", u1017 ,m66,,
31927, u1017 ," Same rules for everyone, sir."",,,,,,,,,,,,,,,,,,,,,,,,,,,,,,,", u1008 ,m66,,
31928, u1008 ," Well.  'Least now we're talking the same language.  So one standard.  Is that what you're after?,,,,,,,,,,,,,,,,,,,,,,,,,,,,,,,", u1017 ,m66,,
31929, u1017 ," The shape doesn't bother me.  It's just that goddamn rotten stench.,,,,,,,,,,,,,,,,,,,,,,,,,,,,,,,", u1008 ,m66,,
31930, u1008 ," No, sir, WHAT?"",,,,,,,,,,,,,,,,,,,,,,,,,,,,,,,", u1017 ,m66,,
31931, u1017 ," No, sir."",,,,,,,,,,,,,,,,,,,,,,,,,,,,,,,", u1008 ,m66,,
31932, u1008 ," What I resent, lieutenant, is some politician using my base as a test tube for her grand social experiment.  What I resent is the sensitivity training that is now mandatory for my men... the day-care center I have to build where an officer's lounge used to be... and the OB/GYN I have to keep on staff just so someone can keep track of your personal pap smears.  But most of all, lieutenant, I resent your perfume, however subtle it may be, competing with the aroma of my fine three-dollar-and-fifty- nine cent cigar, which I will happily put out this very instant if the phallic nature of it happens to offend your goddamn fragile sensibilities.  DOES IT?"",,,,,,,,,,,,,,,,,,,,,,,,,,,,,,,", u1017 ,m66,,
31933, u1017 ," I think you've resented me from the start, sir."",,,,,,,,,,,,,,,,,,,,,,,,,,,,,,,", u1008 ,m66,,
31934, u1008 ," Did you just barge in here and curse at your base commander?  If so, I regard that as a bonafide brain- fart, and I resent it when people fart inside my home."",,,,,,,,,,,,,,,,,,,,,,,,,,,,,,,", u1017 ,m66,,
31935, u1017 ," Pardon?,,,,,,,,,,,,,,,,,,,,,,,,,,,,,,,", u1008 ,m66,,
31936, u1008 ," Did you just have a brain-fart?,,,,,,,,,,,,,,,,,,,,,,,,,,,,,,,", u1017 ,m66,,
31937, u1017 ," I can't afford civility, sir.  How am I supposed to fit in with these guys when you've got me set up as an outsider?  Even if I make it under these rules, I still lose, because there'll always be a flag in my file -- """"Yeah, she made it, but...""""  I mean, really -- why didn't you just issue me a goddamn petticoat to wear around the base?"",,,,,,,,,,,,,,,,,,,,,,,,,,,,,,,", u1008 ,m66,,
31938, u1008 ," Because I was civil, now you're complaining."",,,,,,,,,,,,,,,,,,,,,,,,,,,,,,,", u1017 ,m66,,
31939, u1017 ," It's this double-standard, the separate quarters, the deferential treatment.  It's how you pulled out my chair and nearly served high tea the first time we met."",,,,,,,,,,,,,,,,,,,,,,,,,,,,,,,", u1008 ,m66,,
31940, u1008 ," Oh, really."",,,,,,,,,,,,,,,,,,,,,,,,,,,,,,,", u1017 ,m66,,
31941, u1017 ," It's you, sir.  And it started the day I came here."",,,,,,,,,,,,,,,,,,,,,,,,,,,,,,,", u1008 ,m66,,
31942, u1008 ," All right, lieutenant, give me a name and specifics, I'll have the X.O. file an action first thing in the morning.  A name?"",,,,,,,,,,,,,,,,,,,,,,,,,,,,,,,", u1008 ,m66,,
31943, u1008 ," Didn't take long.,,,,,,,,,,,,,,,,,,,,,,,,,,,,,,,", u1017 ,m66,,
31944, u1017 ," Pardon the hour, sir.  But you told me to come to you immediately if I felt I was being mistreated in any way."",,,,,,,,,,,,,,,,,,,,,,,,,,,,,,,", u1008 ,m66,,
31945, u1008 ," If you were like everyone else, lieutenant, I suspect we wouldn't be making statements about not making statements, would we?  Take your leave."",,,,,,,,,,,,,,,,,,,,,,,,,,,,,,,", u1017 ,m66,,
31946, u1017 ," Sir, I just want you to know... I'm not here to make a statement.  I don't want to make men look foolish. All I care about is completing the training and getting operational experience -- just like everyone else, I suspect."",,,,,,,,,,,,,,,,,,,,,,,,,,,,,,,", u1008 ,m66,,
31947, u1008 ," Then that's all I have to say. Dismissed.,,,,,,,,,,,,,,,,,,,,,,,,,,,,,,,", u1017 ,m66,,
31948, u1017 ," None at this time, sir."",,,,,,,,,,,,,,,,,,,,,,,,,,,,,,,", u1008 ,m66,,
31949, u1008 ," I'm not out to change your sex, lieutenant.  You'll have separate beds, separate heads.  If you have specific medical needs, inform the infirmary.  If a classmate or superior acts in an harassing or otherwise unbecoming manner, please inform me immediately so I can deal with it immediately.  Questions?"",,,,,,,,,,,,,,,,,,,,,,,,,,,,,,,", u1017 ,m66,,
31950, u1017 ," Really, I have no problem with --"",,,,,,,,,,,,,,,,,,,,,,,,,,,,,,,", u1008 ,m66,,
31951, u1008 ," Don't worry about it.  If it's off your collar and out of your eyes, that's all I'm going to ask."",,,,,,,,,,,,,,,,,,,,,,,,,,,,,,,", u1017 ,m66,,
31952, u1017 ," Barber was my next stop, sir. Would've had it regulation sooner, only --"",,,,,,,,,,,,,,,,,,,,,,,,,,,,,,,", u1017 ,m66,,
31953, u1017 ," Thank you, sir.  But I expect a certain amount of pain."",,,,,,,,,,,,,,,,,,,,,,,,,,,,,,,", u1008 ,m66,,
31954, u1008 ," So.  We're still coming to terms with the exact protocol for this -- for integrating the Spec-Recon training.  It may not always be smooth, but we're trying to make it as painless as possible for you."",,,,,,,,,,,,,,,,,,,,,,,,,,,,,,,", u1017 ,m66,,
31955, u1017 ," I'm fine, sir."",,,,,,,,,,,,,,,,,,,,,,,,,,,,,,,", u1008 ,m66,,
31956, u1008 ," Would you care for a beverage?  Tea?,,,,,,,,,,,,,,,,,,,,,,,,,,,,,,,", u1017 ,m66,,
31957, u1017 ," Thank you, sir."",,,,,,,,,,,,,,,,,,,,,,,,,,,,,,,", u1008 ,m66,,
31958, u1008 ," Yes, of course.  Please, have a seat, lieutenant..."",,,,,,,,,,,,,,,,,,,,,,,,,,,,,,,", u1017 ,m66,,
31959, u1017 ," West?,,,,,,,,,,,,,,,,,,,,,,,,,,,,,,,", u1009 ,m66,,
31960, u1009 ," Entering my scan now...,,,,,,,,,,,,,,,,,,,,,,,,,,,,,,,", u1017 ,m66,,
31961, u1017 ," Newberry, get a photo.  South?"",,,,,,,,,,,,,,,,,,,,,,,,,,,,,,,", u1009 ,m66,,
31962, u1009 ," No problem, sir!"",,,,,,,,,,,,,,,,,,,,,,,,,,,,,,,", u1017 ,m66,,
31963, u1017 ," Fine by me, sir!"",,,,,,,,,,,,,,,,,,,,,,,,,,,,,,,", u1009 ,m66,,
31964, u1009 ," Motherachrist...,,,,,,,,,,,,,,,,,,,,,,,,,,,,,,,", u1017 ,m66,,
31965, u1017 ," Ah, c'mon..."",,,,,,,,,,,,,,,,,,,,,,,,,,,,,,,", u1017 ,m66,,
31966, u1017 ," Sir...,,,,,,,,,,,,,,,,,,,,,,,,,,,,,,,", u1009 ,m66,,
31967, u1009 ," Aw, what is this..."",,,,,,,,,,,,,,,,,,,,,,,,,,,,,,,", u1018 ,m66,,
31968, u1018 ," O'Neil.  Our air's gonna crap out as soon as we get down there.  You know that, don't you?"",,,,,,,,,,,,,,,,,,,,,,,,,,,,,,,", u1009 ,m66,,
31969, u1009 ," What, we're gonna pry 'em out with paddles?"",,,,,,,,,,,,,,,,,,,,,,,,,,,,,,,", u1018 ,m66,,
31970, u1018 ," Fuck me.,,,,,,,,,,,,,,,,,,,,,,,,,,,,,,,", u1009 ,m66,,
31971, u1009 ," Banditos on the east perimeter!  150 yards!  Shit, she was part of it!"",,,,,,,,,,,,,,,,,,,,,,,,,,,,,,,", u1018 ,m66,,
31972, u1018 ," Hey.  Ain't your call, man."",,,,,,,,,,,,,,,,,,,,,,,,,,,,,,,", u1009 ,m66,,
31973, u1009 ," Only blanks.  Lemme do it.,,,,,,,,,,,,,,,,,,,,,,,,,,,,,,,", u1018 ,m66,,
31974, u1018 ," I ain't gonna shoot her.,,,,,,,,,,,,,,,,,,,,,,,,,,,,,,,", u1009 ,m66,,
31975, u1009 ," Smoke her.,,,,,,,,,,,,,,,,,,,,,,,,,,,,,,,", u1018 ,m66,,
31976, u1018 ," Shit.  Think we're had.,,,,,,,,,,,,,,,,,,,,,,,,,,,,,,,", u1011 ,m66,,
31977, u1011 ," Not that.  The White House just announced that it was sponsoring legislation that would, in one stroke, void all remaining elements of the 1948 Combat Exclusion Laws."",,,,,,,,,,,,,,,,,,,,,,,,,,,,,,,", u1010 ,m66,,
31978, u1010 ," She made it through S.E.R.E. training.  Got a call this morning from --,,,,,,,,,,,,,,,,,,,,,,,,,,,,,,,", u1011 ,m66,,
31979, u1011 ," Did you hear?,,,,,,,,,,,,,,,,,,,,,,,,,,,,,,,", u1010 ,m66,,
31980, u1010 ," Yes?,,,,,,,,,,,,,,,,,,,,,,,,,,,,,,,", u1011 ,m66,,
31981, u1011 ," Congress and the Pentagon share a lot of plumbing.  They'll never know whose leak it is.,,,,,,,,,,,,,,,,,,,,,,,,,,,,,,,", u1010 ,m66,,
31982, u1010 ," Think I overplayed it?,,,,,,,,,,,,,,,,,,,,,,,,,,,,,,,", u1010 ,m66,,
31983, u1010 ," I'll act surprised.,,,,,,,,,,,,,,,,,,,,,,,,,,,,,,,", u1011 ,m66,,
31984, u1011 ," White House boys want a private meeting.,,,,,,,,,,,,,,,,,,,,,,,,,,,,,,,", u1010 ,m66,,
31985, u1010 ," That aside for the moment, I'm struck by the tenor, the ill-spirit of your report... the degrading remarks by other aviators... innuendo about her performance in unrelated situations... even a reference to her sexual activity the weekend prior.  In my seven years on this committee, I've never seen a downed aviator treated like this.  Never.  I'm deeply disturbed by this report, Mr. Hayes.  Not just what it bodes for women in the military -- but for your own confirmation as well."",,,,,,,,,,,,,,,,,,,,,,,,,,,,,,,", u1014 ,m66,,
31986, u1014 ," The commission concluded that the aviator in question failed to execute a proper approach to the carrier.,,,,,,,,,,,,,,,,,,,,,,,,,,,,,,,", u1010 ,m66,,
31987, u1010 ," I'd like to think our next Secretary of the Navy would be prepared for anything, Mr. Hayes."",,,,,,,,,,,,,,,,,,,,,,,,,,,,,,,", u1014 ,m66,,
31988, u1014 ," I'm really not prepared for any kind of in-depth review of --,,,,,,,,,,,,,,,,,,,,,,,,,,,,,,,", u1010 ,m66,,
31989, u1010 ," Yes, I see your signature right here -- twice the size of everyone else's.  And your conclusion was """"pilot error,"""" hmm?"",,,,,,,,,,,,,,,,,,,,,,,,,,,,,,,", u1014 ,m66,,
31990, u1014 ," I was one member of the investigating commission.,,,,,,,,,,,,,,,,,,,,,,,,,,,,,,,", u1010 ,m66,,
31991, u1010 ," The Navy's conclusion regarding the crash of an F-14 aboard an aircraft carrier.  Female aviator, it just so happens.  You're familiar with this report and its conclusion, am I right?"",,,,,,,,,,,,,,,,,,,,,,,,,,,,,,,", u1014 ,m66,,
31992, u1014 ," Madam Senator... this is an internal document of the U.S. Navy.  I must seriously question whether --,,,,,,,,,,,,,,,,,,,,,,,,,,,,,,,", u1010 ,m66,,
31993, u1010 ," """"The Lark Report."""""",,,,,,,,,,,,,,,,,,,,,,,,,,,,,,,", u1010 ,m66,,
31994, u1010 ," Well, I'm just an old dame without much time left, so you'll pardon me if I jump right in here before they discontinue my blood-type.  I am deeply concerned over the Navy's seemingly incontrovertible attitude toward women in the military.  Case in point..."",,,,,,,,,,,,,,,,,,,,,,,,,,,,,,,", u1014 ,m66,,
31995, u1014 ," Hardly the case, Senator."",,,,,,,,,,,,,,,,,,,,,,,,,,,,,,,", u1010 ,m66,,
31996, u1010 ," Whoa, whoa, whoa.  """"Land-based maritime specialties."""" Gimme a second here to de-euphemize that..."",,,,,,,,,,,,,,,,,,,,,,,,,,,,,,,", u1014 ,m66,,
31997, u1014 ," ... last few years have brought many advances in the interests of women in naval service, particularly in the land-based maritime specialties. What's more, the Navy has instituted special sensitivity courses with an eye on --"",,,,,,,,,,,,,,,,,,,,,,,,,,,,,,,", u1010 ,m66,,
31998, u1010 ," Well, I spoke with Mr. Hayes this morning myself -- and told him the deal was off.  No more test cases. He was only too happy to oblige.  Don't play politics with me, little darlin'.  You'd be up way past your bedtime."",,,,,,,,,,,,,,,,,,,,,,,,,,,,,,,", u1017 ,m66,,
31999, u1017 ," You know, I wonder what the SecNav would think about it.  If I spoke with him."",,,,,,,,,,,,,,,,,,,,,,,,,,,,,,,", u1010 ,m66,,
32000, u1010 ," You'll think about my offer?,,,,,,,,,,,,,,,,,,,,,,,,,,,,,,,", u1017 ,m66,,
32001, u1017 ," I'm sure it is.,,,,,,,,,,,,,,,,,,,,,,,,,,,,,,,", u1010 ,m66,,
32002, u1010 ," I've had no direct communication with him since this whole thing began.  And that's quite verifiable.,,,,,,,,,,,,,,,,,,,,,,,,,,,,,,,", u1017 ,m66,,
32003, u1017 ," You promise Wickwire a fast ticket, too?"",,,,,,,,,,,,,,,,,,,,,,,,,,,,,,,", u1010 ,m66,,
32004, u1010 ," I once promised you a fast ticket, Jordan, and I always meant to make good on that.  Come work for me.  I can always use a hard-charger on my team."",,,,,,,,,,,,,,,,,,,,,,,,,,,,,,,", u1017 ,m66,,
32005, u1017 ," I wanted the choice.  The chance to prove myself, my skills, my work, me.  That's how it should've been."",,,,,,,,,,,,,,,,,,,,,,,,,,,,,,,", u1010 ,m66,,
32006, u1010 ," The reality is this:  We send far too many men off to war.  I don't need to compound the problem with women.  Can you honestly tell me you wanted that life?  Squat-pissing in some third-world jungle with --,,,,,,,,,,,,,,,,,,,,,,,,,,,,,,,", u1017 ,m66,,
32007, u1017 ," So the rhetoric gets you headlines. But the reality gets you in trouble.,,,,,,,,,,,,,,,,,,,,,,,,,,,,,,,", u1010 ,m66,,
32008, u1010 ," Jordan.  I don't expect you to fully understand this -- but sometimes there's more to be gained from the fight than the victory.,,,,,,,,,,,,,,,,,,,,,,,,,,,,,,,", u1017 ,m66,,
32009, u1017 ," You were never going to let women serve in combat.  You always had a safety net.  Or thought you did.,,,,,,,,,,,,,,,,,,,,,,,,,,,,,,,", u1010 ,m66,,
32010, u1010 ," I'm saying it's not going to happen. Not when the President is set to turn this into a third-rail issue should I choose to ever campaign against him.  He will fry me six ways to Sunday for sending daughters and young mothers off to war -- and, quite possibly, for bringing them back in body bags."",,,,,,,,,,,,,,,,,,,,,,,,,,,,,,,", u1017 ,m66,,
32011, u1017 ," What are you saying?  That a women's life is more valuable than a man's? That a women's death hurts a family more?,,,,,,,,,,,,,,,,,,,,,,,,,,,,,,,", u1010 ,m66,,
32012, u1010 ," In face, I do:  Roper, Harris, Gallop -- they all come back the same."",,,,,,,,,,,,,,,,,,,,,,,,,,,,,,,", u1017 ,m66,,
32013, u1017 ," You don't know that.,,,,,,,,,,,,,,,,,,,,,,,,,,,,,,,", u1010 ,m66,,
32014, u1010 ," What he did was light the bandwagon on fire.  Because he knows what I know -- that American families are not prepared to put their daughters in harm's way.,,,,,,,,,,,,,,,,,,,,,,,,,,,,,,,", u1017 ,m66,,
32015, u1017 ," So?  Isn't the President jumping on your bandwagon?,,,,,,,,,,,,,,,,,,,,,,,,,,,,,,,", u1017 ,m66,,
32016, u1017 ," If I have to ask again, Senator, I'll be asking in front of cameras."",,,,,,,,,,,,,,,,,,,,,,,,,,,,,,,", u1010 ,m66,,
32017, u1010 ," Should probably ask him that.,,,,,,,,,,,,,,,,,,,,,,,,,,,,,,,", u1017 ,m66,,
32018, u1017 ," What changed?,,,,,,,,,,,,,,,,,,,,,,,,,,,,,,,", u1010 ,m66,,
32019, u1010 ," Wickwire was there to help.  To be my eyes on the inside, to make sure you were getting a fair shot.  At least that was the intent."",,,,,,,,,,,,,,,,,,,,,,,,,,,,,,,", u1010 ,m66,,
32020, u1010 ," Absolutely not.,,,,,,,,,,,,,,,,,,,,,,,,,,,,,,,", u1017 ,m66,,
32021, u1017 ," Did you set me up?  Did you set me up just to see me fail?,,,,,,,,,,,,,,,,,,,,,,,,,,,,,,,", u1010 ,m66,,
32022, u1010 ," Jordan.  Might we do this over lunch tomorrow?  I do very much want to talk, but now is scarcely --"",,,,,,,,,,,,,,,,,,,,,,,,,,,,,,,", u1017 ,m66,,
32023, u1017 ," It should.  You nominated him for Spec-Recon just three days after you nominated me.,,,,,,,,,,,,,,,,,,,,,,,,,,,,,,,", u1010 ,m66,,
32024, u1010 ," Sounds familiar.,,,,,,,,,,,,,,,,,,,,,,,,,,,,,,,", u1017 ,m66,,
32025, u1017 ," You know him.,,,,,,,,,,,,,,,,,,,,,,,,,,,,,,,", u1017 ,m66,,
32026, u1017 ," Lieutenant Thomas Wickwire.,,,,,,,,,,,,,,,,,,,,,,,,,,,,,,,", u1010 ,m66,,
32027, u1010 ," Jordan.  I always hoped we'd get together -- though just now I'm gearing up for a child-care vote that --,,,,,,,,,,,,,,,,,,,,,,,,,,,,,,,", u1010 ,m66,,
32028, u1010 ," Gonna be visiting that all-woman's America's cup team in a few weeks -- If I were a gambler, I'd say Dennis O'Conner's days are numbered.  But they're in San Diego, so I thought I'd take a quick promenade of the base."",,,,,,,,,,,,,,,,,,,,,,,,,,,,,,,", u1017 ,m66,,
32029, u1017 ," Uh, ma'am."",,,,,,,,,,,,,,,,,,,,,,,,,,,,,,,", u1010 ,m66,,
32030, u1010 ," Hmmm.  Maybe I'll ask when I see you in person.,,,,,,,,,,,,,,,,,,,,,,,,,,,,,,,", u1017 ,m66,,
32031, u1017 ," Can't complain, ma'am."",,,,,,,,,,,,,,,,,,,,,,,,,,,,,,,", u1010 ,m66,,
32032, u1010 ," There'll be more to follow -- but yes, dear, right now you're the pick of a very large litter.  And your success would mean a lot.  Jumping, now..."",,,,,,,,,,,,,,,,,,,,,,,,,,,,,,,", u1017 ,m66,,
32033, u1017 ," Would I be the only one?  The only woman?,,,,,,,,,,,,,,,,,,,,,,,,,,,,,,,", u1010 ,m66,,
32034, u1010 ," Yes, dear."",,,,,,,,,,,,,,,,,,,,,,,,,,,,,,,", u1017 ,m66,,
32035, u1017 ," Uh, question, ma'am."",,,,,,,,,,,,,,,,,,,,,,,,,,,,,,,", u1010 ,m66,,
32036, u1010 ," My office will fill him in and help expedite.  Look forward to meeting you at the proper time.  Jumping off now...,,,,,,,,,,,,,,,,,,,,,,,,,,,,,,,", u1017 ,m66,,
32037, u1017 ," Captain Dwyer.  Technically.,,,,,,,,,,,,,,,,,,,,,,,,,,,,,,,", u1010 ,m66,,
32038, u1010 ," This is just a test case, O'Neil. But if it works out -- if you work out -- it could well change the Navy's official policy on women in combat.  Or, actually, its official non-policy.  Now who's your immediate superior there?"",,,,,,,,,,,,,,,,,,,,,,,,,,,,,,,", u1017 ,m66,,
32039, u1017 ," I know that, sir.  Ma'am.  It's just that... Beggin' your pardon, Senator, but... do you understand that this involves combat training?"",,,,,,,,,,,,,,,,,,,,,,,,,,,,,,,", u1010 ,m66,,
32040, u1010 ," California.,,,,,,,,,,,,,,,,,,,,,,,,,,,,,,,", u1017 ,m66,,
32041, u1017 ," """"Coronado."""""",,,,,,,,,,,,,,,,,,,,,,,,,,,,,,,", u1010 ,m66,,
32042, u1010 ," High-school pentathlete... ROTC scholarship, graduated with honors... top marks in Basic Training... and, as it just so happens, a constituent of my home state of Virginia.  Oh, the things I'll do for one extra vote."",,,,,,,,,,,,,,,,,,,,,,,,,,,,,,,", u1017 ,m66,,
32043, u1017 ," Thank you, ma'am.  Um, may I ask what this is regarding?"",,,,,,,,,,,,,,,,,,,,,,,,,,,,,,,", u1010 ,m66,,
32044, u1010 ," So everyone I talk to says you're top drawer with silk stockings inside.,,,,,,,,,,,,,,,,,,,,,,,,,,,,,,,", u1014 ,m66,,
32045, u1014 ," """"G.I. Jane.""""  And which one of you told me she wouldn't last a week? Huh?"",,,,,,,,,,,,,,,,,,,,,,,,,,,,,,,", u1012 ,m66,,
32046, u1012 ," I think it's more important, sir, to decide what we're going to do -- since it's apparent this issue is not going away quietly."",,,,,,,,,,,,,,,,,,,,,,,,,,,,,,,", u1014 ,m66,,
32047, u1014 ," What the hell is the President trying to do?  Steal DeHaven's thunder?,,,,,,,,,,,,,,,,,,,,,,,,,,,,,,,", u1012 ,m66,,
32048, u1012 ," Doesn't matter who she picks.  No woman is going to last one week in a commando training course.  And I don't care who it is.,,,,,,,,,,,,,,,,,,,,,,,,,,,,,,,", u1014 ,m66,,
32049, u1014 ," Then I suggest we start there.,,,,,,,,,,,,,,,,,,,,,,,,,,,,,,,", u1012 ,m66,,
32050, u1012 ," I'd go Special Reconnaissance. Every bit as tough -- and we have a 60 percent drop-out rate among the men.,,,,,,,,,,,,,,,,,,,,,,,,,,,,,,,", u1014 ,m66,,
32051, u1014 ," So she picks the women, we pick the programs.  Seals?"",,,,,,,,,,,,,,,,,,,,,,,,,,,,,,,", u1017 ,m66,,
32052, u1017 ," Spotted you, Chief.  Pri One is to slip you some air, so we're coming down with a tank -- just something until the A-team shows.  Over."",,,,,,,,,,,,,,,,,,,,,,,,,,,,,,,", u1013 ,m66,,
32053, u1013 ," Six o'clock!  Marking, marking!"",,,,,,,,,,,,,,,,,,,,,,,,,,,,,,,", u1017 ,m66,,
32054, u1017 ," Flea, 'Cool, Cortez, Newman -- take your minis, hit the water.  Go, GO!"",,,,,,,,,,,,,,,,,,,,,,,,,,,,,,,", u1013 ,m66,,
32055, u1013 ," Close as I can get, el-tee!"",,,,,,,,,,,,,,,,,,,,,,,,,,,,,,,", u1017 ,m66,,
32056, u1017 ," Fuck.  Basher-Basher, this is Ground Crew Six requesting emergency extraction. Stand by for a PRC fix..."",,,,,,,,,,,,,,,,,,,,,,,,,,,,,,,", u1013 ,m66,,
32057, u1013 ," Really don't wanna be captured, el- tee.  Heard some bad things."",,,,,,,,,,,,,,,,,,,,,,,,,,,,,,,", u1013 ,m66,,
32058, u1013 ," 'Snot me.  It's him.,,,,,,,,,,,,,,,,,,,,,,,,,,,,,,,", u1017 ,m66,,
32059, u1017 ," Hey.  You okay, Flea?"",,,,,,,,,,,,,,,,,,,,,,,,,,,,,,,", u1017 ,m66,,
32060, u1017 ," Do that.,,,,,,,,,,,,,,,,,,,,,,,,,,,,,,,", u1013 ,m66,,
32061, u1013 ," I'll work on it, ma'am."",,,,,,,,,,,,,,,,,,,,,,,,,,,,,,,", u1017 ,m66,,
32062, u1017 ," Well, Flea, I appreciate the respect you just showed me.  But I don't need it and don't want it -- not that kind of respect, anyway.  It's just gonna hurt us both, okay?"",,,,,,,,,,,,,,,,,,,,,,,,,,,,,,,", u1013 ,m66,,
32063, u1013 ," No, ma'am."",,,,,,,,,,,,,,,,,,,,,,,,,,,,,,,", u1017 ,m66,,
32064, u1017 ," So it really has nothing to do with actual brain size?,,,,,,,,,,,,,,,,,,,,,,,,,,,,,,,", u1013 ,m66,,
32065, u1013 ," It's really """"F. Lee Montgomery"""" -- but that gets whittled down to just """"Flea.""""  For short, ma'am."",,,,,,,,,,,,,,,,,,,,,,,,,,,,,,,", u1017 ,m66,,
32066, u1017 ," Montgomery, why do they call you """"Flea""""?"",,,,,,,,,,,,,,,,,,,,,,,,,,,,,,,", u1015 ,m66,,
32067, u1015 ," You're wanted at the C.O.'s.,,,,,,,,,,,,,,,,,,,,,,,,,,,,,,,", u1017 ,m66,,
32068, u1017 ," Sir?,,,,,,,,,,,,,,,,,,,,,,,,,,,,,,,", u1015 ,m66,,
32069, u1015 ," O'Neil?,,,,,,,,,,,,,,,,,,,,,,,,,,,,,,,", u1015 ,m66,,
32070, u1015 ," Flea!  O'Neil!  Why is there a break in that line?,,,,,,,,,,,,,,,,,,,,,,,,,,,,,,,", u1017 ,m66,,
32071, u1017 ," Come on, Montgomery..."",,,,,,,,,,,,,,,,,,,,,,,,,,,,,,,", u1015 ,m66,,
32072, u1015 ," If you can't feel the other guy's pecker, you ain't in tight enough! I want nuts to butts!"",,,,,,,,,,,,,,,,,,,,,,,,,,,,,,,", u1017 ,m66,,
32073, u1017 ," Just do it, okay?"",,,,,,,,,,,,,,,,,,,,,,,,,,,,,,,", u1015 ,m66,,
32074, u1015 ," ... two... one... MARK!,,,,,,,,,,,,,,,,,,,,,,,,,,,,,,,", u1017 ,m66,,
32075, u1017 ," I can make this wall without --,,,,,,,,,,,,,,,,,,,,,,,,,,,,,,,", u1015 ,m66,,
32076, u1015 ," Don't have to use it, O'Neil, but it's gotta go out.  Five... four... three..."",,,,,,,,,,,,,,,,,,,,,,,,,,,,,,,", u1021 ,m66,,
32077, u1021 ," I think you probably would -- if you didn't know I was right.,,,,,,,,,,,,,,,,,,,,,,,,,,,,,,,", u1016 ,m66,,
32078, u1016 ," I oughtta report you.,,,,,,,,,,,,,,,,,,,,,,,,,,,,,,,", u1021 ,m66,,
32079, u1021 ," Of course it is.  And I'm gonna stay on her until everyone realizes this is not some bullshit equal-rights thing, that real lives are gonna be lost.  Maybe mine, maybe yours."",,,,,,,,,,,,,,,,,,,,,,,,,,,,,,,", u1016 ,m66,,
32080, u1016 ," She's a women, and that's why you're ridin' her bareback."",,,,,,,,,,,,,,,,,,,,,,,,,,,,,,,", u1021 ,m66,,
32081, u1021 ," She's an officer.  There's a higher standard.,,,,,,,,,,,,,,,,,,,,,,,,,,,,,,,", u1016 ,m66,,
32082, u1016 ," She's a trainee, just like the others.  Why are you coming down so hard?"",,,,,,,,,,,,,,,,,,,,,,,,,,,,,,,", u1021 ,m66,,
32083, u1021 ," I've had it.  Just because they pay me like a baby-sitter doesn't mean I'm gonna be one.,,,,,,,,,,,,,,,,,,,,,,,,,,,,,,,", u1016 ,m66,,
32084, u1016 ," You broke a dozen training rules back there -- before I lost count.,,,,,,,,,,,,,,,,,,,,,,,,,,,,,,,", u1021 ,m66,,
32085, u1021 ," You don't think she'd be raped if she were captured?  You don't think the threat of rape would be used to leverage the men?,,,,,,,,,,,,,,,,,,,,,,,,,,,,,,,", u1016 ,m66,,
32086, u1016 ," Get it up!,,,,,,,,,,,,,,,,,,,,,,,,,,,,,,,", u1021 ,m66,,
32087, u1021 ," Boat Five -- Wickwire, Cozad, Vinyl, Intagliata, Ayers, and Wise. Lieutenant Wickwire is your senior officer.  Follow his orders to your death."",,,,,,,,,,,,,,,,,,,,,,,,,,,,,,,", u1021 ,m66,,
32088, u1021 ," Every class has its surprises, Pyro. This one'll be no different."",,,,,,,,,,,,,,,,,,,,,,,,,,,,,,,", u1016 ,m66,,
32089, u1016 ," Miller.  Thought the guy was made of depleted uranium.  Really didn't expect to lose him.,,,,,,,,,,,,,,,,,,,,,,,,,,,,,,,", u1021 ,m66,,
32090, u1021 ," Check your watch, Pyro.  Seems fast."",,,,,,,,,,,,,,,,,,,,,,,,,,,,,,,", u1016 ,m66,,
32091, u1016 ," Time.,,,,,,,,,,,,,,,,,,,,,,,,,,,,,,,", u1016 ,m66,,
32092, u1016 ," Maybe it's not my place to speculate on his private thoughts.  But I think the Chief knew that his way -- his world -- had come and gone.,,,,,,,,,,,,,,,,,,,,,,,,,,,,,,,", u1017 ,m66,,
32093, u1017 ," Just a coincidence?,,,,,,,,,,,,,,,,,,,,,,,,,,,,,,,", u1016 ,m66,,
32094, u1016 ," The Chief was granted early retirement as of 17-hundred yesterday.  By 18-hundred he was gone.  Out of the Navy.,,,,,,,,,,,,,,,,,,,,,,,,,,,,,,,", u1017 ,m66,,
32095, u1017 ," I was looking for him earlier, but..."",,,,,,,,,,,,,,,,,,,,,,,,,,,,,,,", u1016 ,m66,,
32096, u1016 ," I believe he earned it for saving a man's life in Saudi Arabia.  He wanted you to have it.  He was very clear on that point.,,,,,,,,,,,,,,,,,,,,,,,,,,,,,,,", u1017 ,m66,,
32097, u1017 ," The Navy Cross...,,,,,,,,,,,,,,,,,,,,,,,,,,,,,,,", u1017 ,m66,,
32098, u1017 ," What """"all females""""?  If I'm the only --"",,,,,,,,,,,,,,,,,,,,,,,,,,,,,,,", u1016 ,m66,,
32099, u1016 ," Automatic five-second deduction, which slips you under the wire. It's called """"gender-norming,"""" O'Neil -- standard procedure for all females in physical training courses.  Where you been the last few years?"",,,,,,,,,,,,,,,,,,,,,,,,,,,,,,,", u1016 ,m66,,
32100, u1016 ," You'll try what we tell you to try, O'Neil.  Go regulation."",,,,,,,,,,,,,,,,,,,,,,,,,,,,,,,", u1017 ,m66,,
32101, u1017 ," I'll try anyway, sir."",,,,,,,,,,,,,,,,,,,,,,,,,,,,,,,", u1016 ,m66,,
32102, u1016 ," Not doin' them very fine, O'Neil."",,,,,,,,,,,,,,,,,,,,,,,,,,,,,,,", u1017 ,m66,,
32103, u1017 ," Thank you, sir.  But I like these just fine."",,,,,,,,,,,,,,,,,,,,,,,,,,,,,,,", u1019 ,m66,,
32104, u1019 ," """"Yes, Jordan -- I'll wait for you no matter how long."""""",,,,,,,,,,,,,,,,,,,,,,,,,,,,,,,", u1017 ,m66,,
32105, u1017 ," Which is guy-speak for...,,,,,,,,,,,,,,,,,,,,,,,,,,,,,,,", u1019 ,m66,,
32106, u1019 ," Look.  It's not like you'd be completely out of reach.  And maybe we could call in a few favors, get you stationed at Norfolk instead of Coronado.  There are ways of dealing with these things -- I mean, if people are so inclined."",,,,,,,,,,,,,,,,,,,,,,,,,,,,,,,", u1017 ,m66,,
32107, u1017 ," So here we are again.  Staring three years of operational duty in the face.,,,,,,,,,,,,,,,,,,,,,,,,,,,,,,,", u1017 ,m66,,
32108, u1017 ," Yeah.  Me too.,,,,,,,,,,,,,,,,,,,,,,,,,,,,,,,", u1019 ,m66,,
32109, u1019 ," I'd sure like to know who.,,,,,,,,,,,,,,,,,,,,,,,,,,,,,,,", u1017 ,m66,,
32110, u1017 ," You don't crap out of Spec-Recon and get another shot without dispensation from someone up in flag country.  He's got a Sea Daddy somewhere.,,,,,,,,,,,,,,,,,,,,,,,,,,,,,,,", u1019 ,m66,,
32111, u1019 ," """"Wickwire, Thomas Dane""""... Second run at Coronado... and correct, they had him stashed in the """"Appropriation Liaison Office,"""" whatever that is."",,,,,,,,,,,,,,,,,,,,,,,,,,,,,,,", u1017 ,m66,,
32112, u1017 ," Wickwire said he was dry-docked in Washington between stints at Coronado...,,,,,,,,,,,,,,,,,,,,,,,,,,,,,,,", u1019 ,m66,,
32113, u1019 ," What?,,,,,,,,,,,,,,,,,,,,,,,,,,,,,,,", u1017 ,m66,,
32114, u1017 ," """"In Washington..."""""",,,,,,,,,,,,,,,,,,,,,,,,,,,,,,,", u1019 ,m66,,
32115, u1019 ," Well, pardon me if I do.  Now who else?  Who could've leveraged a class officer like that?  C'mon, Jordan, keep your head in the game."",,,,,,,,,,,,,,,,,,,,,,,,,,,,,,,", u1017 ,m66,,
32116, u1017 ," I don't know, I don't care."",,,,,,,,,,,,,,,,,,,,,,,,,,,,,,,", u1019 ,m66,,
32117, u1019 ," Or like maybe he was baby sitting a problem child for the Navy.,,,,,,,,,,,,,,,,,,,,,,,,,,,,,,,", u1017 ,m66,,
32118, u1017 ," Sounds like an amazing coincidence.,,,,,,,,,,,,,,,,,,,,,,,,,,,,,,,", u1017 ,m66,,
32119, u1017 ," Instructors typically pull three year assignments.  This guy's in and out in one year -- your year.  That sound right?,,,,,,,,,,,,,,,,,,,,,,,,,,,,,,,", u1017 ,m66,,
32120, u1017 ," What about him.,,,,,,,,,,,,,,,,,,,,,,,,,,,,,,,", u1019 ,m66,,
32121, u1019 ," """"John James Urgayle.""""  The Chief."",,,,,,,,,,,,,,,,,,,,,,,,,,,,,,,", u1019 ,m66,,
32122, u1019 ," Well, before you crawl off to die, Jordan, give me five minutes of good headwork."",,,,,,,,,,,,,,,,,,,,,,,,,,,,,,,", u1017 ,m66,,
32123, u1017 ," I'm tired of fighting back.  I just wanted to come home and be safe and have you here and the river there and just forget the rest of the world, okay?"",,,,,,,,,,,,,,,,,,,,,,,,,,,,,,,", u1019 ,m66,,
32124, u1019 ," Someone screwed you over like this, left unanswered charges hanging over your head, and you're not gonna fight back?"",,,,,,,,,,,,,,,,,,,,,,,,,,,,,,,", u1017 ,m66,,
32125, u1017 ," It's done with, Royce.  Let it go."",,,,,,,,,,,,,,,,,,,,,,,,,,,,,,,", u1019 ,m66,,
32126, u1019 ," C'mon, Jordan.  Do the headwork with me."",,,,,,,,,,,,,,,,,,,,,,,,,,,,,,,", u1019 ,m66,,
32127, u1019 ," The Chief?  Or maybe even Turrentine?  Your C.O.?,,,,,,,,,,,,,,,,,,,,,,,,,,,,,,,", u1017 ,m66,,
32128, u1017 ," No shortage of suspects.,,,,,,,,,,,,,,,,,,,,,,,,,,,,,,,", u1019 ,m66,,
32129, u1019 ," Almost like someone put him up to it.  Okay, who?"",,,,,,,,,,,,,,,,,,,,,,,,,,,,,,,", u1017 ,m66,,
32130, u1017 ," Maybe.  Though it didn't seem like he was getting any satisfaction out of it.  Almost like...  Did I say he was class officer?,,,,,,,,,,,,,,,,,,,,,,,,,,,,,,,", u1019 ,m66,,
32131, u1019 ," And this class officer... """"Wickwire.""""  You think he was just trying to get even?  Striking back for..."",,,,,,,,,,,,,,,,,,,,,,,,,,,,,,,", u1017 ,m66,,
32132, u1017 ," All I wanted was an honest chance. And If I couldn't get it, I couldn't stay."",,,,,,,,,,,,,,,,,,,,,,,,,,,,,,,", u1017 ,m66,,
32133, u1017 ," Sure.  I'll join the crowd.,,,,,,,,,,,,,,,,,,,,,,,,,,,,,,,", u1019 ,m66,,
32134, u1019 ," Jordan.  You watch your ass.,,,,,,,,,,,,,,,,,,,,,,,,,,,,,,,", u1017 ,m66,,
32135, u1017 ," Still can't make up your mind, huh? Gotta go, Royce."",,,,,,,,,,,,,,,,,,,,,,,,,,,,,,,", u1019 ,m66,,
32136, u1019 ," That's not what I want, Jordan.  I mean... it is and it isn't..."",,,,,,,,,,,,,,,,,,,,,,,,,,,,,,,", u1017 ,m66,,
32137, u1017 ," Well, let me warm you:  I'm going though with this.  The more everybody fucks with me, fucks with my head, the more it just makes me want to finish.  So don't expect me back crying in your arms any time soon, okay?"",,,,,,,,,,,,,,,,,,,,,,,,,,,,,,,", u1019 ,m66,,
32138, u1019 ," I'm only trying to warn you in case --,,,,,,,,,,,,,,,,,,,,,,,,,,,,,,,", u1017 ,m66,,
32139, u1017 ," You know, Royce, I got enough heat on me without you turning up the jets, too."",,,,,,,,,,,,,,,,,,,,,,,,,,,,,,,", u1019 ,m66,,
32140, u1019 ," Big symbols make big targets, Jordan.  I think someone's gunning for you."",,,,,,,,,,,,,,,,,,,,,,,,,,,,,,,", u1017 ,m66,,
32141, u1017 ," So why are you telling me this?,,,,,,,,,,,,,,,,,,,,,,,,,,,,,,,", u1019 ,m66,,
32142, u1019 ," I can't walk two blocks in Washington without hearing about """"G.I. Jane.""""  You're all over the place, and whether you wanted it or not, the feminists are sizing you up for that poster."",,,,,,,,,,,,,,,,,,,,,,,,,,,,,,,", u1017 ,m66,,
32143, u1017 ," I saw an article...,,,,,,,,,,,,,,,,,,,,,,,,,,,,,,,", u1019 ,m66,,
32144, u1019 ," Don't you know?  How they're talking about you?,,,,,,,,,,,,,,,,,,,,,,,,,,,,,,,", u1017 ,m66,,
32145, u1017 ," Me?  Why me?,,,,,,,,,,,,,,,,,,,,,,,,,,,,,,,", u1019 ,m66,,
32146, u1019 ," Well, not this.  I was doing the Pentagon scene few nights ago.  Got some fresh stuff -- about you.  You may be in a hostile camp.  I think someone may be taking steps to ensure that you crash and burn."",,,,,,,,,,,,,,,,,,,,,,,,,,,,,,,", u1017 ,m66,,
32147, u1017 ," I feel like there's men here, there's women here -- then there's men.  But hey, what'd I expect?"",,,,,,,,,,,,,,,,,,,,,,,,,,,,,,,", u1019 ,m66,,
32148, u1019 ," That bad?,,,,,,,,,,,,,,,,,,,,,,,,,,,,,,,", u1019 ,m66,,
32149, u1019 ," How hard they making it on you?,,,,,,,,,,,,,,,,,,,,,,,,,,,,,,,", u1017 ,m66,,
32150, u1017 ," It's hard to find time to sleep, Royce.  Much less keep up with my phone life."",,,,,,,,,,,,,,,,,,,,,,,,,,,,,,,", u1019 ,m66,,
32151, u1019 ," I've been trying you for five days. Don't they give you messages?,,,,,,,,,,,,,,,,,,,,,,,,,,,,,,,", u1017 ,m66,,
32152, u1017 ," Thank you, Royce.  It was shaping up like such a tough call -- and then you go and make it so goddamn easy. Really, thank you so much."",,,,,,,,,,,,,,,,,,,,,,,,,,,,,,,", u1019 ,m66,,
32153, u1019 ," Jordan...,,,,,,,,,,,,,,,,,,,,,,,,,,,,,,,", u1017 ,m66,,
32154, u1017 ," You know, right up until you said that -- I thought I did know."",,,,,,,,,,,,,,,,,,,,,,,,,,,,,,,", u1019 ,m66,,
32155, u1019 ," Sounded lame as soon as it came out of my mouth.  But I'm trying to be honest, okay?  Three years is a long time.  Don't ask me to predict how I'll feel then, Jordan, because I don't know.  And either do you."",,,,,,,,,,,,,,,,,,,,,,,,,,,,,,,", u1017 ,m66,,
32156, u1017 ," Which is guy-speak for...,,,,,,,,,,,,,,,,,,,,,,,,,,,,,,,", u1019 ,m66,,
32157, u1019 ," I don't feel like doing an option paper on the rest of my life, Jordan.  Maybe we should just let it happen."",,,,,,,,,,,,,,,,,,,,,,,,,,,,,,,", u1017 ,m66,,
32158, u1017 ," Wai', wait.  What happens if it works?  Four months of training, three years of operational duty. What then?"",,,,,,,,,,,,,,,,,,,,,,,,,,,,,,,", u1019 ,m66,,
32159, u1019 ," I'll try to keep the door open.  If you wash out, I make it so that --"",,,,,,,,,,,,,,,,,,,,,,,,,,,,,,,", u1017 ,m66,,
32160, u1017 ," Sorry.  But after our days...  So if I try this thing... if I ship out to Coronado... what happens here?,,,,,,,,,,,,,,,,,,,,,,,,,,,,,,,", u1019 ,m66,,
32161, u1019 ," You're such a ball-breaker sometimes.  Especially at night.,,,,,,,,,,,,,,,,,,,,,,,,,,,,,,,", u1017 ,m66,,
32162, u1017 ," Get your dick back here.  It has everything to do with you.,,,,,,,,,,,,,,,,,,,,,,,,,,,,,,,", u1019 ,m66,,
32163, u1019 ," Well, guess I don't even need to be here..."",,,,,,,,,,,,,,,,,,,,,,,,,,,,,,,", u1017 ,m66,,
32164, u1017 ," This has nothing to do with you.,,,,,,,,,,,,,,,,,,,,,,,,,,,,,,,", u1019 ,m66,,
32165, u1019 ," So dump on me.,,,,,,,,,,,,,,,,,,,,,,,,,,,,,,,", u1017 ,m66,,
32166, u1017 ," You need operational duty to really advance... you need combat training to go operational... yet combat training is off-limits to people with tits.  I'm topped out at Intel. Forget the glass ceiling -- I'm beating my head on a big brass ceiling.,,,,,,,,,,,,,,,,,,,,,,,,,,,,,,,", u1019 ,m66,,
32167, u1019 ," She's haze grey and underway...,,,,,,,,,,,,,,,,,,,,,,,,,,,,,,,", u1017 ,m66,,
32168, u1017 ," Royce.  We're the same age, we started the same time -- and now you're sitting in the upperdecks while I'm still down in the bullpen. What does that tell you about the Navy?"",,,,,,,,,,,,,,,,,,,,,,,,,,,,,,,", u1019 ,m66,,
32169, u1019 ," Well, you're doin' shit-hot at Intel."",,,,,,,,,,,,,,,,,,,,,,,,,,,,,,,", u1017 ,m66,,
32170, u1017 ," I take it you don't either.  Feet.,,,,,,,,,,,,,,,,,,,,,,,,,,,,,,,", u1019 ,m66,,
32171, u1019 ," Spec-Recon.  Those guys are world- class warriors.  And they will not want you there, Jordan."",,,,,,,,,,,,,,,,,,,,,,,,,,,,,,,", u1017 ,m66,,
32172, u1017 ," Just like you would be.,,,,,,,,,,,,,,,,,,,,,,,,,,,,,,,", u1019 ,m66,,
32173, u1019 ," So why're you even considering it? Are you?,,,,,,,,,,,,,,,,,,,,,,,,,,,,,,,", u1017 ,m66,,
32174, u1017 ," Is this my glory, sir?"",,,,,,,,,,,,,,,,,,,,,,,,,,,,,,,", u1019 ,m66,,
32175, u1019 ," By the way, I'll need that option paper by 11-hundred today so I can review it with Admiral Hanover.  And do we have any of that breakfast tea around here?"",,,,,,,,,,,,,,,,,,,,,,,,,,,,,,,", u1019 ,m66,,
32176, u1019 ," Intel has its own glory, lieutenant -- no matter how subtle."",,,,,,,,,,,,,,,,,,,,,,,,,,,,,,,", u1017 ,m66,,
32177, u1017 ," Hate this part.  Just sweating it out on the sidelines.,,,,,,,,,,,,,,,,,,,,,,,,,,,,,,,", u1019 ,m66,,
32178, u1019 ," Probably hear back from CNN first.,,,,,,,,,,,,,,,,,,,,,,,,,,,,,,,", u1017 ,m66,,
32179, u1017 ," Thank you, sir.  We hear back from the Pentagon?"",,,,,,,,,,,,,,,,,,,,,,,,,,,,,,,", u1019 ,m66,,
32180, u1019 ," That was good headwork, lieutenant."",,,,,,,,,,,,,,,,,,,,,,,,,,,,,,,", u1017 ,m66,,
32181, u1017 ," Only four minutes to neutral waters, sir.  Why not?"",,,,,,,,,,,,,,,,,,,,,,,,,,,,,,,", u1019 ,m66,,
32182, u1019 ," You expect the extraction team to ride the sub bare-back?  Is that correct, O'Neil?"",,,,,,,,,,,,,,,,,,,,,,,,,,,,,,,", u1017 ,m66,,
32183, u1017 ," Quick-hit technique used by Capone. Rigged a getaway car with running boards and handles.  All his guys had to do was jump on and take a ride.  Check the files -- DPRK-57 -- I doped it out as a contingency plan:  Seal Team infiltrates, picks up the package, links up with recovery sub.  But don't waste time opening and closing hatches.  They just grab the periscope and hang on for neutral waters."",,,,,,,,,,,,,,,,,,,,,,,,,,,,,,,", u1019 ,m66,,
32184, u1019 ," Blank faces here, O'Neil."",,,,,,,,,,,,,,,,,,,,,,,,,,,,,,,", u1017 ,m66,,
32185, u1017 ," Unless you Whiskey Run.,,,,,,,,,,,,,,,,,,,,,,,,,,,,,,,", u1019 ,m66,,
32186, u1019 ," Halfway 'round the world.  So that's the problem -- we can get the team in, just not out."",,,,,,,,,,,,,,,,,,,,,,,,,,,,,,,", u1017 ,m66,,
32187, u1017 ," North Korean beaches are the best protected, most heavily monitored in the world.  The civilian population is so propagandized that it acts as an Early Warning system.  Extraction team has to be small and silent -- I'd go with Seals over Delta Force. Problem is, don't want to hold a conventional sub off-shore for target practice.  Where's The Polk?"",,,,,,,,,,,,,,,,,,,,,,,,,,,,,,,", u1019 ,m66,,
32188, u1019 ," You're the analyst for East China, O'Neil.  Analyze."",,,,,,,,,,,,,,,,,,,,,,,,,,,,,,,", u1017 ,m66,,
32189, u1017 ," Chances of recovery?,,,,,,,,,,,,,,,,,,,,,,,,,,,,,,,", u1019 ,m66,,
32190, u1019 ," Signals received only sparingly, in such a pattern that leads us to conclude it is a downed aviator trying to conserve his batteries."",,,,,,,,,,,,,,,,,,,,,,,,,,,,,,,", u1017 ,m66,,
32191, u1017 ," Do we know it's him using the beacon?  Not a decoy?,,,,,,,,,,,,,,,,,,,,,,,,,,,,,,,", u1017 ,m66,,
32192, u1017 ," Not due in for 22 minutes, sir. Watcha got?"",,,,,,,,,,,,,,,,,,,,,,,,,,,,,,,", u1019 ,m66,,
32193, u1019 ," Gotta situation here.  Where are you?  Stuck in traffic?,,,,,,,,,,,,,,,,,,,,,,,,,,,,,,,", u1017 ,m66,,
32194, u1017 ," Lieutenant O'Neil.,,,,,,,,,,,,,,,,,,,,,,,,,,,,,,,", u1017 ,m66,,
32195, u1017 ," This is insane.  You've got no proof.,,,,,,,,,,,,,,,,,,,,,,,,,,,,,,,", u1023 ,m66,,
32196, u1023 ," I'm sorry, O'Neil.  But as class officer, it's my obligation to report all violations."",,,,,,,,,,,,,,,,,,,,,,,,,,,,,,,", u1023 ,m66,,
32197, u1023 ," Okay.  Well... thought I'd ask.,,,,,,,,,,,,,,,,,,,,,,,,,,,,,,,", u1017 ,m66,,
32198, u1017 ," We're going over to her place to make salad and pasta.  Just, you know, nothing special."",,,,,,,,,,,,,,,,,,,,,,,,,,,,,,,", u1023 ,m66,,
32199, u1023 ," Sure, sure."",,,,,,,,,,,,,,,,,,,,,,,,,,,,,,,", u1017 ,m66,,
32200, u1017 ," Do you, uh, know..."",,,,,,,,,,,,,,,,,,,,,,,,,,,,,,,", u1017 ,m66,,
32201, u1017 ," Thanks for lying.  But you're the class officer, Wick, and it'd just be weird if we hook up.  Besides..."",,,,,,,,,,,,,,,,,,,,,,,,,,,,,,,", u1023 ,m66,,
32202, u1023 ," I think you look beautiful.,,,,,,,,,,,,,,,,,,,,,,,,,,,,,,,", u1017 ,m66,,
32203, u1017 ," I can't go out.  Not like this.,,,,,,,,,,,,,,,,,,,,,,,,,,,,,,,", u1023 ,m66,,
32204, u1023 ," Maybe I'll just head over to McP's with the others, have a drink or four.  Don't wanna come, do you?"",,,,,,,,,,,,,,,,,,,,,,,,,,,,,,,", u1017 ,m66,,
32205, u1017 ," First big night of liberty and no date?  You're pathetic, Wickwire."",,,,,,,,,,,,,,,,,,,,,,,,,,,,,,,", u1023 ,m66,,
32206, u1023 ," That's okay.  Just an ex-girlfriend. And know I remember why.,,,,,,,,,,,,,,,,,,,,,,,,,,,,,,,", u1017 ,m66,,
32207, u1017 ," Sorry, didn't mean to --"",,,,,,,,,,,,,,,,,,,,,,,,,,,,,,,", u1017 ,m66,,
32208, u1017 ," Let's keep talkin', Wick.  Just keep talkin' to me..."",,,,,,,,,,,,,,,,,,,,,,,,,,,,,,,", u1023 ,m66,,
32209, u1023 ," Last time I didn't.,,,,,,,,,,,,,,,,,,,,,,,,,,,,,,,", u1017 ,m66,,
32210, u1017 ," How'd you make it last time, Wick? How'd you get through this part?"",,,,,,,,,,,,,,,,,,,,,,,,,,,,,,,", u1023 ,m66,,
32211, u1023 ," O'Neil?,,,,,,,,,,,,,,,,,,,,,,,,,,,,,,,", u1023 ,m66,,
32212, u1023 ," Not me.  You?,,,,,,,,,,,,,,,,,,,,,,,,,,,,,,,", u1017 ,m66,,
32213, u1017 ," You got anybody, Wick?"",,,,,,,,,,,,,,,,,,,,,,,,,,,,,,,", u1023 ,m66,,
32214, u1023 ," At first.,,,,,,,,,,,,,,,,,,,,,,,,,,,,,,,", u1017 ,m66,,
32215, u1017 ," He was married?,,,,,,,,,,,,,,,,,,,,,,,,,,,,,,,", u1023 ,m66,,
32216, u1023 ," So the shit you gotta go through? To get from here to there?  Brother said it was worth it.  Worth the training... worth the divorce... worth anything.,,,,,,,,,,,,,,,,,,,,,,,,,,,,,,,", u1017 ,m66,,
32217, u1017 ," That's a good story.,,,,,,,,,,,,,,,,,,,,,,,,,,,,,,,", u1023 ,m66,,
32218, u1023 ," Nah, they were dead-ass asleep.  But on every guard's chest,they left one Marlboro cigarette.  Just a little calling card to say they'd been there -- and could come back any time they wanted."",,,,,,,,,,,,,,,,,,,,,,,,,,,,,,,", u1017 ,m66,,
32219, u1017 ," They had to kill 'em?,,,,,,,,,,,,,,,,,,,,,,,,,,,,,,,", u1023 ,m66,,
32220, u1023 ," One time he was doing a rekkie of the Libyan coastline.  This is, like, right before we bombed Khadaffi into the past tense.  So his crew does a nighttime infil, maps all the big artillery placements and stuff, then turns around to get the hell gone.  But between them and the water are five Libyan guards, all armed to the nuts."",,,,,,,,,,,,,,,,,,,,,,,,,,,,,,,", u1017 ,m66,,
32221, u1017 ," If you got a good one, Wick..."",,,,,,,,,,,,,,,,,,,,,,,,,,,,,,,", u1023 ,m66,,
32222, u1023 ," When I was sittin' behind a desk in Washington, it made sense, somehow. Blame it on my big brother.  He was Spec-Recon.  And the stories he used to tell..."",,,,,,,,,,,,,,,,,,,,,,,,,,,,,,,", u1017 ,m66,,
32223, u1017 ," You really came back for more?  Of this?,,,,,,,,,,,,,,,,,,,,,,,,,,,,,,,", u1023 ,m66,,
32224, u1023 ," Intagliata was out chasing breakfast.  They found his tracks. Well, shit."",,,,,,,,,,,,,,,,,,,,,,,,,,,,,,,", u1017 ,m66,,
32225, u1017 ," Wick.  They got your crew, too?"",,,,,,,,,,,,,,,,,,,,,,,,,,,,,,,", u1023 ,m66,,
32226, u1023 ," You know, I had an apartment about this size once."",,,,,,,,,,,,,,,,,,,,,,,,,,,,,,,", u1017 ,m66,,
32227, u1017 ," Who is it?,,,,,,,,,,,,,,,,,,,,,,,,,,,,,,,", u1017 ,m66,,
32228, u1017 ," Thanks, Wick."",,,,,,,,,,,,,,,,,,,,,,,,,,,,,,,", u1023 ,m66,,
32229, u1023 ," Hey.  Way to gut it out.,,,,,,,,,,,,,,,,,,,,,,,,,,,,,,,", u1023 ,m66,,
32230, u1023 ," You're kind of a surprise yourself.,,,,,,,,,,,,,,,,,,,,,,,,,,,,,,,", u1017 ,m66,,
32231, u1017 ," I didn't know they let you try again.  Especially at your age.,,,,,,,,,,,,,,,,,,,,,,,,,,,,,,,", u1023 ,m66,,
32232, u1023 ," Made it to Week 10 last time.,,,,,,,,,,,,,,,,,,,,,,,,,,,,,,,", u1017 ,m66,,
32233, u1017 ," And how do you know that?,,,,,,,,,,,,,,,,,,,,,,,,,,,,,,,", u1023 ,m66,,
32234, u1023 ," It was made clear.  Anyway, stay ballsy.  First week's hell, then it levels out.  Until S.E.R.E. training, anyway.  That's hell-and-a-half."",,,,,,,,,,,,,,,,,,,,,,,,,,,,,,,", u1017 ,m66,,
32235, u1017 ," Whose orders were those?,,,,,,,,,,,,,,,,,,,,,,,,,,,,,,,", u1023 ,m66,,
32236, u1023 ," It was made clear before you came -- harassment equals career suicide. Can't say anything good, so they don't say much at all.  To your face, anyway."",,,,,,,,,,,,,,,,,,,,,,,,,,,,,,,", u1017 ,m66,,
32237, u1017 ," Well, now I feel so much better."",,,,,,,,,,,,,,,,,,,,,,,,,,,,,,,", u1023 ,m66,,
32238, u1023 ," They're more afraid of you.,,,,,,,,,,,,,,,,,,,,,,,,,,,,,,,", u1017 ,m66,,
32239, u1017 ," Grab an oar, find a way to weight it down, we're gonna need it.  Cortez, help him.  Flea?  You take one of the two full minis -- and just follow my lead."",,,,,,,,,,,,,,,,,,,,,,,,,,,,,,,", u1018 ,m66,,
32240, u1018 ," Maybe half.  Not even.,,,,,,,,,,,,,,,,,,,,,,,,,,,,,,,", u1017 ,m66,,
32241, u1017 ," So we got two full mini-tanks, three minutes each.  'Cool?  How much air in yours?"",,,,,,,,,,,,,,,,,,,,,,,,,,,,,,,", u1018 ,m66,,
32242, u1018 ," Smoke it!,,,,,,,,,,,,,,,,,,,,,,,,,,,,,,,", u1017 ,m66,,
32243, u1017 ," 'Cool?,,,,,,,,,,,,,,,,,,,,,,,,,,,,,,,", u1017 ,m66,,
32244, u1017 ," I'm lookin', I'm lookin'!"",,,,,,,,,,,,,,,,,,,,,,,,,,,,,,,", u1018 ,m66,,
32245, u1018 ," 32 feet, six inches!"",,,,,,,,,,,,,,,,,,,,,,,,,,,,,,,", u1018 ,m66,,
32246, u1018 ," Mighta been civilian.,,,,,,,,,,,,,,,,,,,,,,,,,,,,,,,", u1017 ,m66,,
32247, u1017 ," If not, firing will only give away our position to hostiles in the area.  Now how smart is that?"",,,,,,,,,,,,,,,,,,,,,,,,,,,,,,,", u1017 ,m66,,
32248, u1017 ," I don't know...,,,,,,,,,,,,,,,,,,,,,,,,,,,,,,,", u1018 ,m66,,
32249, u1018 ," She part of the training?,,,,,,,,,,,,,,,,,,,,,,,,,,,,,,,", u1017 ,m66,,
32250, u1017 ," What, you gonna give it all up for a maple twist?  How dumb you gotta be? That's exactly what they --"",,,,,,,,,,,,,,,,,,,,,,,,,,,,,,,", u1018 ,m66,,
32251, u1018 ," Just askin',,,,,,,,,,,,,,,,,,,,,,,,,,,,,,,", u1017 ,m66,,
32252, u1017 ," What're you guys doing?  Huh?,,,,,,,,,,,,,,,,,,,,,,,,,,,,,,,", u1017 ,m66,,
32253, u1017 ," Shut up, sir.  I'm concentrating."",,,,,,,,,,,,,,,,,,,,,,,,,,,,,,,", u1021 ,m66,,
32254, u1021 ," O'Neil...,,,,,,,,,,,,,,,,,,,,,,,,,,,,,,,", u1017 ,m66,,
32255, u1017 ," Show us where you are, Chief."",,,,,,,,,,,,,,,,,,,,,,,,,,,,,,,", u1021 ,m66,,
32256, u1021 ," Got it.,,,,,,,,,,,,,,,,,,,,,,,,,,,,,,,", u1017 ,m66,,
32257, u1017 ," 15, sir."",,,,,,,,,,,,,,,,,,,,,,,,,,,,,,,", u1021 ,m66,,
32258, u1021 ," Say again?  How many micks?,,,,,,,,,,,,,,,,,,,,,,,,,,,,,,,", u1017 ,m66,,
32259, u1017 ," Chief, sir -- rescue team won't be here for 15 minutes.  What's your air situation?  Over."",,,,,,,,,,,,,,,,,,,,,,,,,,,,,,,", u1021 ,m66,,
32260, u1021 ," Managed to activate the ELB.  If you just radio base and let them know, they'll fix on that.  Oh, and make sure they send a helo with a winch -- door's blocked by a reef.  Over."",,,,,,,,,,,,,,,,,,,,,,,,,,,,,,,", u1021 ,m66,,
32261, u1021 ," Okay, O'Neil.  So you've impressed all the others.  Now try me."",,,,,,,,,,,,,,,,,,,,,,,,,,,,,,,", u1017 ,m66,,
32262, u1017 ," Good to see you again, too, sir."",,,,,,,,,,,,,,,,,,,,,,,,,,,,,,,", u1021 ,m66,,
32263, u1021 ," Well, I'm trying to figure out if you're stupid, unlucky, gluttonous -- or some new alloy of all three."",,,,,,,,,,,,,,,,,,,,,,,,,,,,,,,", u1021 ,m66,,
32264, u1021 ," I think we oughtta practice it, just so you know what to expect."",,,,,,,,,,,,,,,,,,,,,,,,,,,,,,,", u1017 ,m66,,
32265, u1017 ," Sure.  Just like your men do.,,,,,,,,,,,,,,,,,,,,,,,,,,,,,,,", u1021 ,m66,,
32266, u1021 ," Didn't you know you'd be raped if you were captured?  Didn't you even think about that?,,,,,,,,,,,,,,,,,,,,,,,,,,,,,,,", u1021 ,m66,,
32267, u1021 ," I'm so glad we agree.,,,,,,,,,,,,,,,,,,,,,,,,,,,,,,,", u1017 ,m66,,
32268, u1017 ," No.,,,,,,,,,,,,,,,,,,,,,,,,,,,,,,,", u1021 ,m66,,
32269, u1021 ," Do you?,,,,,,,,,,,,,,,,,,,,,,,,,,,,,,,", u1021 ,m66,,
32270, u1021 ," You think we should go easy on women, O'Neil?"",,,,,,,,,,,,,,,,,,,,,,,,,,,,,,,", u1017 ,m66,,
32271, u1017 ," We didn't know we were compromised. Firing would only've given away our position.,,,,,,,,,,,,,,,,,,,,,,,,,,,,,,,", u1021 ,m66,,
32272, u1021 ," I'm not the one who got five good men thrown in a bamboo cage.  You wear the bars, you made the call, and you got your whole crew --"",,,,,,,,,,,,,,,,,,,,,,,,,,,,,,,", u1017 ,m66,,
32273, u1017 ," I think you're the liar.,,,,,,,,,,,,,,,,,,,,,,,,,,,,,,,", u1021 ,m66,,
32274, u1021 ," That's what your crew said.  Are they lying?  Or are you?,,,,,,,,,,,,,,,,,,,,,,,,,,,,,,,", u1017 ,m66,,
32275, u1017 ," That's not right.,,,,,,,,,,,,,,,,,,,,,,,,,,,,,,,", u1021 ,m66,,
32276, u1021 ," The others already told me, O'Neil. They wanted to shoot, but you wouldn't let them.  Because you went soft on another women --"",,,,,,,,,,,,,,,,,,,,,,,,,,,,,,,", u1017 ,m66,,
32277, u1017 ," No.  Yes.  I mean, depends on --"",,,,,,,,,,,,,,,,,,,,,,,,,,,,,,,", u1021 ,m66,,
32278, u1021 ," Would you have shot if it was a man?,,,,,,,,,,,,,,,,,,,,,,,,,,,,,,,", u1021 ,m66,,
32279, u1021 ," She led us right to you.  That's no threat?,,,,,,,,,,,,,,,,,,,,,,,,,,,,,,,", u1017 ,m66,,
32280, u1017 ," Wasn't deemed a threat.,,,,,,,,,,,,,,,,,,,,,,,,,,,,,,,", u1021 ,m66,,
32281, u1021 ," Why didn't you shoot the woman, O'Neil?"",,,,,,,,,,,,,,,,,,,,,,,,,,,,,,,", u1021 ,m66,,
32282, u1021 ," Right down to your worthless womb, and I'll tell you why.  This is my island.  My world.  And here I can get away with shit that would get me arrested anywhere else in the world. Take another scan of my little joy- boy outside.  If I can do that to a Navy Seal, what's gonna happen to you?  Huh?"",,,,,,,,,,,,,,,,,,,,,,,,,,,,,,,", u1017 ,m66,,
32283, u1017 ," Should I be afraid?,,,,,,,,,,,,,,,,,,,,,,,,,,,,,,,", u1021 ,m66,,
32284, u1021 ," You are in the cage, O'Neil.  Right here, right now."",,,,,,,,,,,,,,,,,,,,,,,,,,,,,,,", u1017 ,m66,,
32285, u1017 ," Green Eggs and Ham.  You're not going to get anywhere.  You might as well put me in the cage.,,,,,,,,,,,,,,,,,,,,,,,,,,,,,,,", u1021 ,m66,,
32286, u1021 ," Are you hungry?  What's your favorite food?  We'll try to get it for you.,,,,,,,,,,,,,,,,,,,,,,,,,,,,,,,", u1017 ,m66,,
32287, u1017 ," Dick, Jane, and Spot."",,,,,,,,,,,,,,,,,,,,,,,,,,,,,,,", u1021 ,m66,,
32288, u1021 ," Any brothers?  Sisters?,,,,,,,,,,,,,,,,,,,,,,,,,,,,,,,", u1017 ,m66,,
32289, u1017 ," """"Dad."""""",,,,,,,,,,,,,,,,,,,,,,,,,,,,,,,", u1021 ,m66,,
32290, u1021 ," Simple question, lieutenant.  No reason not to answer.  What is your father's name?"",,,,,,,,,,,,,,,,,,,,,,,,,,,,,,,", u1021 ,m66,,
32291, u1021 ," You were commissioned one month earlier, which makes you the senior officer.  Remember.  There are no bad crews -- only bad leaders."",,,,,,,,,,,,,,,,,,,,,,,,,,,,,,,", u1017 ,m66,,
32292, u1017 ," McCool's that same rank.  We're both j.g.'s.,,,,,,,,,,,,,,,,,,,,,,,,,,,,,,,", u1021 ,m66,,
32293, u1021 ," England went out with a stress fracture.  That puts you in charge, lieutenant."",,,,,,,,,,,,,,,,,,,,,,,,,,,,,,,", u1017 ,m66,,
32294, u1017 ," It also seems like a problem with the men's attitude, sir.  So maybe you should be sniffing around their shower room instead."",,,,,,,,,,,,,,,,,,,,,,,,,,,,,,,", u1021 ,m66,,
32295, u1021 ," Females in combat situations impact unit cohesion.  Men fight better without women around.  And that is an historical fact.,,,,,,,,,,,,,,,,,,,,,,,,,,,,,,,", u1021 ,m66,,
32296, u1021 ," Could you have pulled that 210-pound man clear, lieutenant?"",,,,,,,,,,,,,,,,,,,,,,,,,,,,,,,", u1017 ,m66,,
32297, u1017 ," I see.  So when a man tries to rescue another man, he's a hero. But when he tries to rescue a woman, he's gone soft."",,,,,,,,,,,,,,,,,,,,,,,,,,,,,,,", u1021 ,m66,,
32298, u1021 ," For pulling a 210-pound man out of a burning barrack in Saudi Arabia.,,,,,,,,,,,,,,,,,,,,,,,,,,,,,,,", u1017 ,m66,,
32299, u1017 ," Sir, someone mentioned you received the Navy Cross.  May I ask what you got it for?"",,,,,,,,,,,,,,,,,,,,,,,,,,,,,,,", u1021 ,m66,,
32300, u1021 ," It seems the men couldn't get used to the sight of women blown open and their viscera hanging from tree limbs.  Israeli men would linger over wounded females -- often to the detriment of the mission, often endangering their own lives.  They don't use women anymore."",,,,,,,,,,,,,,,,,,,,,,,,,,,,,,,", u1017 ,m66,,
32301, u1017 ," Permission to get dressed, sir?"",,,,,,,,,,,,,,,,,,,,,,,,,,,,,,,", u1021 ,m66,,
32302, u1021 ," Educate her, Pyro."",,,,,,,,,,,,,,,,,,,,,,,,,,,,,,,", u1017 ,m66,,
32303, u1017 ," Chief, sir, I don't understand why --"",,,,,,,,,,,,,,,,,,,,,,,,,,,,,,,", u1021 ,m66,,
32304, u1021 ," You heard me.  Move on.,,,,,,,,,,,,,,,,,,,,,,,,,,,,,,,", u1017 ,m66,,
32305, u1017 ," Say again, sir?"",,,,,,,,,,,,,,,,,,,,,,,,,,,,,,,", u1017 ,m66,,
32306, u1017 ," Shut your hole, Slutnik."",,,,,,,,,,,,,,,,,,,,,,,,,,,,,,,", u1020 ,m66,,
32307, u1020 ," Maybe we should call the Coast Guard.,,,,,,,,,,,,,,,,,,,,,,,,,,,,,,,", u1017 ,m66,,
32308, u1017 ," FLEA!  KEEP YOUR EYES ON THAT SPOT! Mark it, mark it!  Cortez?  What the hell you waiting for?"",,,,,,,,,,,,,,,,,,,,,,,,,,,,,,,", u1020 ,m66,,
32309, u1020 ," You don't suppose this is just part of...,,,,,,,,,,,,,,,,,,,,,,,,,,,,,,,", u1017 ,m66,,
32310, u1017 ," Cortez, see if you can dig out the tools without losing the rest of out gear.  Try a wrench on that thing."",,,,,,,,,,,,,,,,,,,,,,,,,,,,,,,", u1020 ,m66,,
32311, u1020 ," I just wonder how that happened.,,,,,,,,,,,,,,,,,,,,,,,,,,,,,,,", u1017 ,m66,,
32312, u1017 ," MOVE!,,,,,,,,,,,,,,,,,,,,,,,,,,,,,,,", u1020 ,m66,,
32313, u1020 ," Sure.  Now she wants to shoot.,,,,,,,,,,,,,,,,,,,,,,,,,,,,,,,", u1017 ,m66,,
32314, u1017 ," All right, fire-and-evade maneuvers. Drop everything but weapons and the PRC radio -- we're gonna be high speed, low drag all the way to the link-up site.  Ready?"",,,,,,,,,,,,,,,,,,,,,,,,,,,,,,,", u1017 ,m66,,
32315, u1017 ," North?,,,,,,,,,,,,,,,,,,,,,,,,,,,,,,,", u1020 ,m66,,
32316, u1020 ," Clear.,,,,,,,,,,,,,,,,,,,,,,,,,,,,,,,", u1017 ,m66,,
32317, u1017 ," Listen, Sex Ape.  I'm here to stay. And if you don't want me for a roommate or classmate, you got two options -- move out or ring out. End of file."",,,,,,,,,,,,,,,,,,,,,,,,,,,,,,,", u1020 ,m66,,
32318, u1020 ," WOULD YOU JUST GET OUTTA HERE?,,,,,,,,,,,,,,,,,,,,,,,,,,,,,,,", u1017 ,m66,,
32319, u1017 ," That your desk?  I'll take this one.,,,,,,,,,,,,,,,,,,,,,,,,,,,,,,,", u1020 ,m66,,
32320, u1020 ," Aw, lookit this, lookit this -- she's bringin' Tampax in here. C'mon, you got nothin' but rooms over there."",,,,,,,,,,,,,,,,,,,,,,,,,,,,,,,", u1017 ,m66,,
32321, u1017 ," Funny, the C.O. says I can."",,,,,,,,,,,,,,,,,,,,,,,,,,,,,,,", u1020 ,m66,,
32322, u1020 ," Hey, hey, HEY.  No possibility.  You can't stay in here.  You can't sleep right next to me."",,,,,,,,,,,,,,,,,,,,,,,,,,,,,,,", u1017 ,m66,,
32323, u1017 ," Anybody usin' these drawers here?,,,,,,,,,,,,,,,,,,,,,,,,,,,,,,,", u1017 ,m66,,
32324, u1017 ," Your new roommate.,,,,,,,,,,,,,,,,,,,,,,,,,,,,,,,", u1020 ,m66,,
32325, u1020 ," Well, who the shit you think you are?  Comin' in here like that?"",,,,,,,,,,,,,,,,,,,,,,,,,,,,,,,", u1020 ,m66,,
32326, u1020 ," This ain't even workin' wrong!,,,,,,,,,,,,,,,,,,,,,,,,,,,,,,,", u1018 ,m66,,
32327, u1018 ," What's our go-to-shit plan, O'Neil?"",,,,,,,,,,,,,,,,,,,,,,,,,,,,,,,", u1020 ,m66,,
32328, u1020 ," This ain't workin' right!,,,,,,,,,,,,,,,,,,,,,,,,,,,,,,,", u1020 ,m66,,
32329, u1020 ," So am I.,,,,,,,,,,,,,,,,,,,,,,,,,,,,,,,", u1018 ,m66,,
32330, u1018 ," You mind?  I'm trying to eat here.,,,,,,,,,,,,,,,,,,,,,,,,,,,,,,,", u1018 ,m66,,
32331, u1018 ," Somebody throw a tent over this circus.,,,,,,,,,,,,,,,,,,,,,,,,,,,,,,,", u1020 ,m66,,
32332, u1020 ," Can't live with them, can't kill them.  What's the point?"",,,,,,,,,,,,,,,,,,,,,,,,,,,,,,,", u1018 ,m66,,
32333, u1018 ," We are so fucked.,,,,,,,,,,,,,,,,,,,,,,,,,,,,,,,", u1020 ,m66,,
32334, u1020 ," Darth Vader reads poetry...,,,,,,,,,,,,,,,,,,,,,,,,,,,,,,,", u1018 ,m66,,
32335, u1018 ," We're fucked.,,,,,,,,,,,,,,,,,,,,,,,,,,,,,,,", u1022 ,m66,,
32336, u1022 ," This is what you get for brain- picking an old CIA spook.  but if I needed to control the outcome of this test case, that's how I'd do it.  A man-in-place.  Makes everything very controllable."",,,,,,,,,,,,,,,,,,,,,,,,,,,,,,,", u1019 ,m66,,
32337, u1019 ," I don't...  What, someone on base?  A """"mole""""?"",,,,,,,,,,,,,,,,,,,,,,,,,,,,,,,", u1022 ,m66,,
32338, u1022 ," Okay, so now work it from the other end.  Think about California -- and how things might be handled there."",,,,,,,,,,,,,,,,,,,,,,,,,,,,,,,", u1019 ,m66,,
32339, u1019 ," Even tough I don't talk to her every day -- I still talk to her every day.  Know what I mean?,,,,,,,,,,,,,,,,,,,,,,,,,,,,,,,", u1022 ,m66,,
32340, u1022 ," I take it this file is still open.,,,,,,,,,,,,,,,,,,,,,,,,,,,,,,,", u1019 ,m66,,
32341, u1019 ," Christ, I don't want to see her take a fall.  She thinks I do, but..."",,,,,,,,,,,,,,,,,,,,,,,,,,,,,,,", u1022 ,m66,,
32342, u1022 ," This ain't about some little soldier girl sloggin' her way through commando school.  The implications go way beyond.,,,,,,,,,,,,,,,,,,,,,,,,,,,,,,,", u1019 ,m66,,
32343, u1019 ," I don't know.  Seems...,,,,,,,,,,,,,,,,,,,,,,,,,,,,,,,", u1022 ,m66,,
32344, u1022 ," If you were the President, wouldn't that put a little piss in your shoes?"",,,,,,,,,,,,,,,,,,,,,,,,,,,,,,,", u1019 ,m66,,
32345, u1019 ," Women.,,,,,,,,,,,,,,,,,,,,,,,,,,,,,,,", u1022 ,m66,,
32346, u1022 ," Don't for a second think she didn't leak this story.  """"G.I. Jane"""" gives DeHaven a symbol that taps into the biggest constituency of them all."",,,,,,,,,,,,,,,,,,,,,,,,,,,,,,,", u1019 ,m66,,
32347, u1019 ," The first female President?,,,,,,,,,,,,,,,,,,,,,,,,,,,,,,,", u1022 ,m66,,
32348, u1022 ," The White House.  If Jordan wins, DeHaven wins in spades.  Why?  Well, it's been said that the only man the President fears -- ain't no man."",,,,,,,,,,,,,,,,,,,,,,,,,,,,,,,", u1022 ,m66,,
32349, u1022 ," Hmm.  Let's aim higher.,,,,,,,,,,,,,,,,,,,,,,,,,,,,,,,", u1019 ,m66,,
32350, u1019 ," Possibly.  Just to spite DeHaven.,,,,,,,,,,,,,,,,,,,,,,,,,,,,,,,", u1022 ,m66,,
32351, u1022 ," Sabotage born of economics? Wouldn't be a first.  But is Hayes really going to start his watch with such a public failure?,,,,,,,,,,,,,,,,,,,,,,,,,,,,,,,", u1019 ,m66,,
32352, u1019 ," The Navy?  They've made it clear they don't want to pull missiles out of subs to make room for women's heads.  What's it gonna cost to make a fleet of Trident's co-ed?,,,,,,,,,,,,,,,,,,,,,,,,,,,,,,,", u1022 ,m66,,
32353, u1022 ," Congress cuts, military bleeds.  But Pentagon's a big place.  Let's narrow the sights."",,,,,,,,,,,,,,,,,,,,,,,,,,,,,,,", u1019 ,m66,,
32354, u1019 ," The E-Ringers?  Full integration is gonna cost the services billions at the worst possible time -- when Congress is already swinging the axe.,,,,,,,,,,,,,,,,,,,,,,,,,,,,,,,", u1022 ,m66,,
32355, u1022 ," All right.  So who stands to gain if Jordan flames out in a big way?,,,,,,,,,,,,,,,,,,,,,,,,,,,,,,,", u1022 ,m66,,
32356, u1022 ," Sorry.  Thought you knew I knew.,,,,,,,,,,,,,,,,,,,,,,,,,,,,,,,", u1019 ,m66,,
32357, u1019 ," You knew about us?,,,,,,,,,,,,,,,,,,,,,,,,,,,,,,,", u1022 ,m66,,
32358, u1022 ," Thought you two were file-closed.,,,,,,,,,,,,,,,,,,,,,,,,,,,,,,,", u1019 ,m66,,
32359, u1019 ," O'Neil, Jordan."",,,,,,,,,,,,,,,,,,,,,,,,,,,,,,,", u1022 ,m66,,
32360, u1022 ," Subject?,,,,,,,,,,,,,,,,,,,,,,,,,,,,,,,", u1019 ,m66,,
