,User_id,text,sec_user,movies_name,relationship,attachment
36794, u1136 ," What's the matter, dear?"",,,,,,,,,,,,,,,,,,,,,,,,,,,,,,,", u1141 ,m75,,
36795, u1141 ," Uuuuuuugh!!,,,,,,,,,,,,,,,,,,,,,,,,,,,,,,,", u1136 ,m75,,
36796, u1136 ," Hey, sweetheart, will you CUT THAT OUT!!!"",,,,,,,,,,,,,,,,,,,,,,,,,,,,,,,", u1136 ,m75,,
36797, u1136 ," Have I done the right thing?,,,,,,,,,,,,,,,,,,,,,,,,,,,,,,,", u1141 ,m75,,
36798, u1141 ," To the bathroom, where do you think?"",,,,,,,,,,,,,,,,,,,,,,,,,,,,,,,", u1136 ,m75,,
36799, u1136 ," Now where are you going?,,,,,,,,,,,,,,,,,,,,,,,,,,,,,,,", u1136 ,m75,,
36800, u1136 ," I didn't break your precious clock, Roy!"",,,,,,,,,,,,,,,,,,,,,,,,,,,,,,,", u1141 ,m75,,
36801, u1141 ," Nice going, honey.  It was brand new."",,,,,,,,,,,,,,,,,,,,,,,,,,,,,,,", u1136 ,m75,,
36802, u1136 ," Roy?  Your clock broke.,,,,,,,,,,,,,,,,,,,,,,,,,,,,,,,", u1136 ,m75,,
36803, u1136 ," Well, thanks a lot."",,,,,,,,,,,,,,,,,,,,,,,,,,,,,,,", u1141 ,m75,,
36804, u1141 ," I don't know.  It probably would've been the same.,,,,,,,,,,,,,,,,,,,,,,,,,,,,,,,", u1136 ,m75,,
36805, u1136 ," Aren't you glad we waited?,,,,,,,,,,,,,,,,,,,,,,,,,,,,,,,", u1152 ,m75,,
36806, u1152 ," I was just going to say """"eight.""""  You're fantastic!"",,,,,,,,,,,,,,,,,,,,,,,,,,,,,,,", u1137 ,m75,,
36807, u1137 ," Eight o'clock?,,,,,,,,,,,,,,,,,,,,,,,,,,,,,,,", u1152 ,m75,,
36808, u1152 ," Okay.  Just give me a second here.  I have to leave now but if you've got some time I'd like you to come back this evening and do some more work with me.,,,,,,,,,,,,,,,,,,,,,,,,,,,,,,,", u1152 ,m75,,
36809, u1152 ," Definitely.  I think you may be a very gifted telepath.,,,,,,,,,,,,,,,,,,,,,,,,,,,,,,,", u1137 ,m75,,
36810, u1137 ," Do you think I have it, Dr. Venkman?"",,,,,,,,,,,,,,,,,,,,,,,,,,,,,,,", u1152 ,m75,,
36811, u1152 ," Well, I guess some people have it and some don't."",,,,,,,,,,,,,,,,,,,,,,,,,,,,,,,", u1152 ,m75,,
36812, u1152 ," Well, you're doing great.  Keep it up."",,,,,,,,,,,,,,,,,,,,,,,,,,,,,,,", u1137 ,m75,,
36813, u1137 ," No.  They're just coming to me.,,,,,,,,,,,,,,,,,,,,,,,,,,,,,,,", u1152 ,m75,,
36814, u1152 ," Incredible!  Five for five.  You're not cheating on me here, are you?"",,,,,,,,,,,,,,,,,,,,,,,,,,,,,,,", u1137 ,m75,,
36815, u1137 ," Ummm -- figure eight?,,,,,,,,,,,,,,,,,,,,,,,,,,,,,,,", u1152 ,m75,,
36816, u1152 ," Ready?  What is it?,,,,,,,,,,,,,,,,,,,,,,,,,,,,,,,", u1152 ,m75,,
36817, u1152 ," It is a star!  That's great.  You're very good.,,,,,,,,,,,,,,,,,,,,,,,,,,,,,,,", u1137 ,m75,,
36818, u1137 ," Is it a star?,,,,,,,,,,,,,,,,,,,,,,,,,,,,,,,", u1138 ,m75,,
36819, u1138 ," All right, what happened to me?"",,,,,,,,,,,,,,,,,,,,,,,,,,,,,,,", u1144 ,m75,,
36820, u1144 ," I'm innocent!  Honest, Dana.  I never touched you.  Not that I remember anyway."",,,,,,,,,,,,,,,,,,,,,,,,,,,,,,,", u1138 ,m75,,
36821, u1138 ," Oh, sure.  I'm getting used to this."",,,,,,,,,,,,,,,,,,,,,,,,,,,,,,,", u1138 ,m75,,
36822, u1138 ," I am Zuul.,,,,,,,,,,,,,,,,,,,,,,,,,,,,,,,", u1144 ,m75,,
36823, u1144 ," Are you the Gatekeeper?,,,,,,,,,,,,,,,,,,,,,,,,,,,,,,,", u1144 ,m75,,
36824, u1144 ," I got the Twister game for later ...,,,,,,,,,,,,,,,,,,,,,,,,,,,,,,,", u1138 ,m75,,
36825, u1138 ," Fine, Louis.  We'll stop in for a drink."",,,,,,,,,,,,,,,,,,,,,,,,,,,,,,,", u1144 ,m75,,
36826, u1144 ," Great!  Bring her, too.  But you better hurry.  I made nachos with non-fat cheese and they're almost gone.  I'll make some more though."",,,,,,,,,,,,,,,,,,,,,,,,,,,,,,,", u1138 ,m75,,
36827, u1138 ," Well, actually Louis I have a friend coming by."",,,,,,,,,,,,,,,,,,,,,,,,,,,,,,,", u1144 ,m75,,
36828, u1144 ," Hey, it's crazy in here.  You're missing a classic party."",,,,,,,,,,,,,,,,,,,,,,,,,,,,,,,", u1138 ,m75,,
36829, u1138 ," Hi, Louis."",,,,,,,,,,,,,,,,,,,,,,,,,,,,,,,", u1144 ,m75,,
36830, u1144 ," Oh, Dana, it's you."",,,,,,,,,,,,,,,,,,,,,,,,,,,,,,,", u1138 ,m75,,
36831, u1138 ," I thought I turned it off.  I guess I forgot.,,,,,,,,,,,,,,,,,,,,,,,,,,,,,,,", u1144 ,m75,,
36832, u1144 ," You know you shouldn't leave your TV on so loud when you go out.  That creep down the hall phoned the manager.,,,,,,,,,,,,,,,,,,,,,,,,,,,,,,,", u1138 ,m75,,
36833, u1138 ," Oh, that's nice, Louis.  I'll stop by if I'm around."",,,,,,,,,,,,,,,,,,,,,,,,,,,,,,,", u1144 ,m75,,
36834, u1144 ," Okay.  I'll take a raincheck.  I always have plenty of mineral water and other nutritious health foods, but you know that.  Listen, that reminds me, I'm having a party for all my clients.  It's gonna be my fourth anniversary as an accountant.  I know you fill out your own tax return, but I'd like you to come being that you're my next door neighbor and all ..."",,,,,,,,,,,,,,,,,,,,,,,,,,,,,,,", u1138 ,m75,,
36835, u1138 ," No thanks, Louis.  I'm really tired.  I've been rehearsing all morning."",,,,,,,,,,,,,,,,,,,,,,,,,,,,,,,", u1144 ,m75,,
36836, u1144 ," Oh, no, I feel great.  I just ordered some more vitamins.  I see you were exercising. So was I.  I taped """"20 Minute Workout"""" and played it back at high speed so it only took ten minutes and I got a really good workout. You wanna have a mineral water with me?"",,,,,,,,,,,,,,,,,,,,,,,,,,,,,,,", u1138 ,m75,,
36837, u1138 ," Are you sick, Louis?"",,,,,,,,,,,,,,,,,,,,,,,,,,,,,,,", u1144 ,m75,,
36838, u1144 ," ... I thought it was the drug store.,,,,,,,,,,,,,,,,,,,,,,,,,,,,,,,", u1138 ,m75,,
36839, u1138 ," Hi, Louis."",,,,,,,,,,,,,,,,,,,,,,,,,,,,,,,", u1144 ,m75,,
36840, u1144 ," Oh, Dana, it's you ..."",,,,,,,,,,,,,,,,,,,,,,,,,,,,,,,", u1138 ,m75,,
36841, u1138 ," Talk to my accountant. ,,,,,,,,,,,,,,,,,,,,,,,,,,,,,,,", u1152 ,m75,,
36842, u1152 ," This is going to cost you, you know.  Our fees are ridiculously high."",,,,,,,,,,,,,,,,,,,,,,,,,,,,,,,", u1138 ,m75,,
36843, u1138 ," Thank you.  Next time I want to break a lease I'll know who to call.,,,,,,,,,,,,,,,,,,,,,,,,,,,,,,,", u1152 ,m75,,
36844, u1152 ," Yeah, along with most of your furniture and a lot of your personal possessions.  This one took some work."",,,,,,,,,,,,,,,,,,,,,,,,,,,,,,,", u1138 ,m75,,
36845, u1138 ," Really!  Is it gone?,,,,,,,,,,,,,,,,,,,,,,,,,,,,,,,", u1152 ,m75,,
36846, u1152 ," Nothing!  We just got rid of that thing in your kitchen.,,,,,,,,,,,,,,,,,,,,,,,,,,,,,,,", u1152 ,m75,,
36847, u1152 ," Whoa!! Nice voice.,,,,,,,,,,,,,,,,,,,,,,,,,,,,,,,", u1138 ,m75,,
36848, u1138 ," There is no Dana.  I am Zuul.,,,,,,,,,,,,,,,,,,,,,,,,,,,,,,,", u1152 ,m75,,
36849, u1152 ," Right ... You're the Gatekeeper.  But I want Dana.  Dana, speak to me ..."",,,,,,,,,,,,,,,,,,,,,,,,,,,,,,,", u1138 ,m75,,
36850, u1138 ," I am Zuul.  I am ...,,,,,,,,,,,,,,,,,,,,,,,,,,,,,,,", u1152 ,m75,,
36851, u1152 ," I don't know.  You've got two people in there already.  It could get a little crowded.  I want you to close your eyes and relax.  Now I'm going to speak to Dana and I want Dana to answer.,,,,,,,,,,,,,,,,,,,,,,,,,,,,,,,", u1138 ,m75,,
36852, u1138 ," I want you inside me.,,,,,,,,,,,,,,,,,,,,,,,,,,,,,,,", u1152 ,m75,,
36853, u1152 ," Actually, it's more of a policy than a rule."",,,,,,,,,,,,,,,,,,,,,,,,,,,,,,,", u1138 ,m75,,
36854, u1138 ," Take me now.,,,,,,,,,,,,,,,,,,,,,,,,,,,,,,,", u1152 ,m75,,
36855, u1152 ," Well, I'll just use it for a while and get it right back to you."",,,,,,,,,,,,,,,,,,,,,,,,,,,,,,,", u1138 ,m75,,
36856, u1138 ," Do you want this body?,,,,,,,,,,,,,,,,,,,,,,,,,,,,,,,", u1152 ,m75,,
36857, u1152 ," Really?  Can't wait to meet him.  As long as we're waiting for him, I'd really like to try something with you -- in the bedroom."",,,,,,,,,,,,,,,,,,,,,,,,,,,,,,,", u1138 ,m75,,
36858, u1138 ," He is the Destructor.,,,,,,,,,,,,,,,,,,,,,,,,,,,,,,,", u1152 ,m75,,
36859, u1152 ," Okay, I'll help you.  Should we make some dip or something?"",,,,,,,,,,,,,,,,,,,,,,,,,,,,,,,", u1138 ,m75,,
36860, u1138 ," We must prepare for the coming of Gozer.,,,,,,,,,,,,,,,,,,,,,,,,,,,,,,,", u1138 ,m75,,
36861, u1138 ," I am Zuul.  I am the Gatekeeper.,,,,,,,,,,,,,,,,,,,,,,,,,,,,,,,", u1152 ,m75,,
36862, u1152 ," Hey, Dana.  What is it?  What happened?"",,,,,,,,,,,,,,,,,,,,,,,,,,,,,,,", u1138 ,m75,,
36863, u1138 ," I've got to go now.,,,,,,,,,,,,,,,,,,,,,,,,,,,,,,,", u1152 ,m75,,
36864, u1152 ," I'll pick you up at your place.  I'll bring along the Roylance Guide -- we can read after we eat.,,,,,,,,,,,,,,,,,,,,,,,,,,,,,,,", u1138 ,m75,,
36865, u1138 ," All right.  Since you put it that way.,,,,,,,,,,,,,,,,,,,,,,,,,,,,,,,", u1152 ,m75,,
36866, u1152 ," You think I enjoy giving up my evenings to spend time with clients?  I'm making an exception because I respect you as an artist and as a dresser.,,,,,,,,,,,,,,,,,,,,,,,,,,,,,,,", u1138 ,m75,,
36867, u1138 ," I don't think so.  I'm busy Thursday night.,,,,,,,,,,,,,,,,,,,,,,,,,,,,,,,", u1152 ,m75,,
36868, u1152 ," I'm checking on that.  I think we should meet Thursday night at nine to talk about it.,,,,,,,,,,,,,,,,,,,,,,,,,,,,,,,", u1138 ,m75,,
36869, u1138 ," What's he doing in my refrigerator.,,,,,,,,,,,,,,,,,,,,,,,,,,,,,,,", u1152 ,m75,,
36870, u1152 ," """"Gozer"""" -- he was very big in the Sumerian religion.  One of their gods."",,,,,,,,,,,,,,,,,,,,,,,,,,,,,,,", u1138 ,m75,,
36871, u1138 ," Hittites,  the Mesopotamians and the Sumerians.  """"Zuul was the Minion of Gozer."""""",,,,,,,,,,,,,,,,,,,,,,,,,,,,,,,", u1152 ,m75,,
36872, u1152 ," Well, the name Zuul refers to a demi-god worshipped around 6000 B.C. by the ... What's that say?"",,,,,,,,,,,,,,,,,,,,,,,,,,,,,,,", u1138 ,m75,,
36873, u1138 ," You must have gotten the last copy.,,,,,,,,,,,,,,,,,,,,,,,,,,,,,,,", u1152 ,m75,,
36874, u1152 ," I'll cancel the reservation,  I found the name """"Zuul"""" in ...  The Roylance Guide to Secret Societies and Sects.  I don't suppose you've  read it."",,,,,,,,,,,,,,,,,,,,,,,,,,,,,,,", u1138 ,m75,,
36875, u1138 ," Can't you tell me now?,,,,,,,,,,,,,,,,,,,,,,,,,,,,,,,", u1152 ,m75,,
36876, u1152 ," Yes, but I have to tell you in private at a fine restaurant."",,,,,,,,,,,,,,,,,,,,,,,,,,,,,,,", u1138 ,m75,,
36877, u1138 ," He is a very close friend.  Do you have some explanation of what happened in my apartment?,,,,,,,,,,,,,,,,,,,,,,,,,,,,,,,", u1152 ,m75,,
36878, u1152 ," Is he dying or something?,,,,,,,,,,,,,,,,,,,,,,,,,,,,,,,", u1138 ,m75,,
36879, u1138 ," The """"stiff?""""  He happens to be one of the finest musicians in the world and a wonderful man."",,,,,,,,,,,,,,,,,,,,,,,,,,,,,,,", u1152 ,m75,,
36880, u1152 ," Who's the stiff?,,,,,,,,,,,,,,,,,,,,,,,,,,,,,,,", u1138 ,m75,,
36881, u1138 ," I know.  You're quite a celebrity these days.  Are you here because you have info ... about my case?,,,,,,,,,,,,,,,,,,,,,,,,,,,,,,,", u1152 ,m75,,
36882, u1152 ," I don't have to take abuse from you.  I have other people dying to give it to me.,,,,,,,,,,,,,,,,,,,,,,,,,,,,,,,", u1138 ,m75,,
36883, u1138 ," Most people can't hear me with the whole orchestra playing.  You're good.,,,,,,,,,,,,,,,,,,,,,,,,,,,,,,,", u1152 ,m75,,
36884, u1152 ," You're the best one in your row.,,,,,,,,,,,,,,,,,,,,,,,,,,,,,,,", u1138 ,m75,,
36885, u1138 ," You heard it?,,,,,,,,,,,,,,,,,,,,,,,,,,,,,,,", u1152 ,m75,,
36886, u1152 ," Great rehearsal.,,,,,,,,,,,,,,,,,,,,,,,,,,,,,,,", u1152 ,m75,,
36887, u1152 ," No kiss?,,,,,,,,,,,,,,,,,,,,,,,,,,,,,,,", u1138 ,m75,,
36888, u1138 ," Goodbye.,,,,,,,,,,,,,,,,,,,,,,,,,,,,,,,", u1152 ,m75,,
36889, u1152 ," Okay.  Then I'll go.,,,,,,,,,,,,,,,,,,,,,,,,,,,,,,,", u1138 ,m75,,
36890, u1138 ," All right.,,,,,,,,,,,,,,,,,,,,,,,,,,,,,,,", u1152 ,m75,,
36891, u1152 ," Okay, okay.  But if anything else happens, you have to promise you'll call me."",,,,,,,,,,,,,,,,,,,,,,,,,,,,,,,", u1138 ,m75,,
36892, u1138 ," Then leave.,,,,,,,,,,,,,,,,,,,,,,,,,,,,,,,", u1152 ,m75,,
36893, u1152 ," Don't scream.,,,,,,,,,,,,,,,,,,,,,,,,,,,,,,,", u1138 ,m75,,
36894, u1138 ," I'll scream.,,,,,,,,,,,,,,,,,,,,,,,,,,,,,,,", u1152 ,m75,,
36895, u1152 ," I want to help you.,,,,,,,,,,,,,,,,,,,,,,,,,,,,,,,", u1138 ,m75,,
36896, u1138 ," Out!,,,,,,,,,,,,,,,,,,,,,,,,,,,,,,,", u1152 ,m75,,
36897, u1152 ," On a purely scientific basis.,,,,,,,,,,,,,,,,,,,,,,,,,,,,,,,", u1138 ,m75,,
36898, u1138 ," That's it.  Get out.,,,,,,,,,,,,,,,,,,,,,,,,,,,,,,,", u1152 ,m75,,
36899, u1152 ," I think I should spend the night here.,,,,,,,,,,,,,,,,,,,,,,,,,,,,,,,", u1138 ,m75,,
36900, u1138 ," All right.  What do you want to do?,,,,,,,,,,,,,,,,,,,,,,,,,,,,,,,", u1152 ,m75,,
36901, u1152 ," I'm a qualified psychologist.  I've got a degree and everything.  I believe that something happened here and I want to do something about it.,,,,,,,,,,,,,,,,,,,,,,,,,,,,,,,", u1138 ,m75,,
36902, u1138 ," Thanks.  Coming from you that really means a lot to me.,,,,,,,,,,,,,,,,,,,,,,,,,,,,,,,", u1152 ,m75,,
36903, u1152 ," If it's any comfort to you, I don't think you're crazy."",,,,,,,,,,,,,,,,,,,,,,,,,,,,,,,", u1138 ,m75,,
36904, u1138 ," This is terrible.  Either there's a monster in my kitchen or I'm completely crazy.,,,,,,,,,,,,,,,,,,,,,,,,,,,,,,,", u1152 ,m75,,
36905, u1152 ," There's nothing there now and I don't get any significant readings.,,,,,,,,,,,,,,,,,,,,,,,,,,,,,,,", u1152 ,m75,,
36906, u1152 ," Yeah, yeah."",,,,,,,,,,,,,,,,,,,,,,,,,,,,,,,", u1138 ,m75,,
36907, u1138 ," Are you all right?,,,,,,,,,,,,,,,,,,,,,,,,,,,,,,,", u1152 ,m75,,
36908, u1152 ," Damn!,,,,,,,,,,,,,,,,,,,,,,,,,,,,,,,", u1152 ,m75,,
36909, u1152 ," I know.  It happened by itself.,,,,,,,,,,,,,,,,,,,,,,,,,,,,,,,", u1138 ,m75,,
36910, u1138 ," I told you, I ..."",,,,,,,,,,,,,,,,,,,,,,,,,,,,,,,", u1152 ,m75,,
36911, u1152 ," You're quite a housekeeper.,,,,,,,,,,,,,,,,,,,,,,,,,,,,,,,", u1138 ,m75,,
36912, u1138 ," I'll wait here if you don't mind.,,,,,,,,,,,,,,,,,,,,,,,,,,,,,,,", u1152 ,m75,,
36913, u1152 ," Well, let's check it out."",,,,,,,,,,,,,,,,,,,,,,,,,,,,,,,", u1138 ,m75,,
36914, u1138 ," Uh-huh.,,,,,,,,,,,,,,,,,,,,,,,,,,,,,,,", u1152 ,m75,,
36915, u1152 ," Nothing.  Is that the kitchen?,,,,,,,,,,,,,,,,,,,,,,,,,,,,,,,", u1138 ,m75,,
36916, u1138 ," What?,,,,,,,,,,,,,,,,,,,,,,,,,,,,,,,", u1152 ,m75,,
36917, u1152 ," That's too bad.,,,,,,,,,,,,,,,,,,,,,,,,,,,,,,,", u1152 ,m75,,
36918, u1152 ," Thanks.  What's in there?,,,,,,,,,,,,,,,,,,,,,,,,,,,,,,,", u1138 ,m75,,
36919, u1138 ," Like a used car salesman.,,,,,,,,,,,,,,,,,,,,,,,,,,,,,,,", u1152 ,m75,,
36920, u1152 ," No?  What do I act like?,,,,,,,,,,,,,,,,,,,,,,,,,,,,,,,", u1138 ,m75,,
36921, u1138 ," You really don't act like a scientist.,,,,,,,,,,,,,,,,,,,,,,,,,,,,,,,", u1152 ,m75,,
36922, u1152 ," Yeah, but it's got a great cello break."",,,,,,,,,,,,,,,,,,,,,,,,,,,,,,,", u1138 ,m75,,
36923, u1138 ," That's a violin concerto.,,,,,,,,,,,,,,,,,,,,,,,,,,,,,,,", u1152 ,m75,,
36924, u1152 ," I'd have to say Prokofiev's third concerto.,,,,,,,,,,,,,,,,,,,,,,,,,,,,,,,", u1138 ,m75,,
36925, u1138 ," Really?  Do you have a favorite piece?,,,,,,,,,,,,,,,,,,,,,,,,,,,,,,,", u1152 ,m75,,
36926, u1152 ," You play the cello!  It's my favorite instrument.,,,,,,,,,,,,,,,,,,,,,,,,,,,,,,,", u1138 ,m75,,
36927, u1138 ," No.  If I moved out now I'd be acknowledging that what happened was real.  I'm not ready to do that.,,,,,,,,,,,,,,,,,,,,,,,,,,,,,,,", u1152 ,m75,,
36928, u1152 ," Have you ever thought of moving out -- at least until this disturbance blows over?,,,,,,,,,,,,,,,,,,,,,,,,,,,,,,,", u1152 ,m75,,
36929, u1152 ," Spengler,  see if you can find the word """"Zuul"""" in any of the literature.  I'll take Miss Barrett home and check out her apartment."",,,,,,,,,,,,,,,,,,,,,,,,,,,,,,,", u1138 ,m75,,
36930, u1138 ," No, just that one word -- Zuul -- but I have no idea what it means."",,,,,,,,,,,,,,,,,,,,,,,,,,,,,,,", u1152 ,m75,,
36931, u1152 ," It's in the stars.,,,,,,,,,,,,,,,,,,,,,,,,,,,,,,,", u1138 ,m75,,
36932, u1138 ," Is that your professional opinion?,,,,,,,,,,,,,,,,,,,,,,,,,,,,,,,", u1152 ,m75,,
36933, u1152 ," Some people like the attention.  Some people are just crazy.,,,,,,,,,,,,,,,,,,,,,,,,,,,,,,,", u1138 ,m75,,
36934, u1138 ," Why would anyone make up a thing like that?,,,,,,,,,,,,,,,,,,,,,,,,,,,,,,,", u1152 ,m75,,
36935, u1152 ," So what do you think it was?,,,,,,,,,,,,,,,,,,,,,,,,,,,,,,,", u1138 ,m75,,
36936, u1138 ," ... and then I opened the door again but it was gone.  There was nothing there.,,,,,,,,,,,,,,,,,,,,,,,,,,,,,,,", u1138 ,m75,,
36937, u1138 ," Barrett.  Dana Barrett.,,,,,,,,,,,,,,,,,,,,,,,,,,,,,,,", u1152 ,m75,,
36938, u1152 ," We're all professionals here, Miss ..."",,,,,,,,,,,,,,,,,,,,,,,,,,,,,,,", u1138 ,m75,,
36939, u1138 ," Yes ... well ... I'm not sure.  What I have to say may sound a little ... unusual.,,,,,,,,,,,,,,,,,,,,,,,,,,,,,,,", u1152 ,m75,,
36940, u1152 ," Hello.  I'm Peter Venkman.  May I help you?,,,,,,,,,,,,,,,,,,,,,,,,,,,,,,,", u1152 ,m75,,
36941, u1152 ," I see.,,,,,,,,,,,,,,,,,,,,,,,,,,,,,,,", u1139 ,m75,,
36942, u1139 ," Dr. Venkman, we believe that the purpose of science is to serve mankind.  You, however, seem to regard science as some kind of """"dodge"""" or """"hustle.""""  Your theories are the worst kind of popular tripe, your methods are sloppy and your conclusions are highly questionable.  You're a poor scientist, Dr. Venkman, and you have no place in this department or in this University."",,,,,,,,,,,,,,,,,,,,,,,,,,,,,,,", u1152 ,m75,,
36943, u1152 ," But why?  The students love us!,,,,,,,,,,,,,,,,,,,,,,,,,,,,,,,", u1139 ,m75,,
36944, u1139 ," Fine.  This University will no longer continue any funding of any kind for your group's activities.,,,,,,,,,,,,,,,,,,,,,,,,,,,,,,,", u1152 ,m75,,
36945, u1152 ," This is preposterous!  I demand an explanation.,,,,,,,,,,,,,,,,,,,,,,,,,,,,,,,", u1139 ,m75,,
36946, u1139 ," No, we're moving you OFF CAMPUS.  The Board of Regents has decided to terminate your grant.  You are to vacate these premises immediately."",,,,,,,,,,,,,,,,,,,,,,,,,,,,,,,", u1152 ,m75,,
36947, u1152 ," I trust you're moving us to a better space somewhere on campus.,,,,,,,,,,,,,,,,,,,,,,,,,,,,,,,", u1140 ,m75,,
36948, u1140 ," That would definitely explain it.,,,,,,,,,,,,,,,,,,,,,,,,,,,,,,,", u1147 ,m75,,
36949, u1147 ," I wonder if there might not be a very large cup of hot chocolate somewhere in the area.,,,,,,,,,,,,,,,,,,,,,,,,,,,,,,,", u1140 ,m75,,
36950, u1140 ," You have to wonder why anybody would dump a marshmallow that size right in the middle of the street.,,,,,,,,,,,,,,,,,,,,,,,,,,,,,,,", u1147 ,m75,,
36951, u1147 ," Yeah, it's some kind of mallow-type substance - that's for sure."",,,,,,,,,,,,,,,,,,,,,,,,,,,,,,,", u1140 ,m75,,
36952, u1140 ," Well, that definitely looks like marshmallow to me."",,,,,,,,,,,,,,,,,,,,,,,,,,,,,,,", u1147 ,m75,,
36953, u1147 ," Definitely some sort of fighting Spaniel, I think."",,,,,,,,,,,,,,,,,,,,,,,,,,,,,,,", u1140 ,m75,,
36954, u1140 ," He's a big one.  You don't want to mess with that particular breed.,,,,,,,,,,,,,,,,,,,,,,,,,,,,,,,", u1147 ,m75,,
36955, u1147 ," That is one speedy mutt.,,,,,,,,,,,,,,,,,,,,,,,,,,,,,,,", u1152 ,m75,,
36956, u1152 ," We'll get back to you.,,,,,,,,,,,,,,,,,,,,,,,,,,,,,,,", u1142 ,m75,,
36957, u1142 ," Did you see it?  What was it?,,,,,,,,,,,,,,,,,,,,,,,,,,,,,,,", u1152 ,m75,,
36958, u1152 ," Back off, man!  I'm a scientist!"",,,,,,,,,,,,,,,,,,,,,,,,,,,,,,,", u1142 ,m75,,
36959, u1142 ," What's that got to do with it?,,,,,,,,,,,,,,,,,,,,,,,,,,,,,,,", u1152 ,m75,,
36960, u1152 ," One thing at a time.  We don't even know what it is yet.,,,,,,,,,,,,,,,,,,,,,,,,,,,,,,,", u1142 ,m75,,
36961, u1142 ," Thank you for coming.  I'd appreciate it if we could take care of this quickly and quietly.,,,,,,,,,,,,,,,,,,,,,,,,,,,,,,,", u1152 ,m75,,
36962, u1152 ," Yes.  I'm Dr. Venkman and this is Dr. Stantz.,,,,,,,,,,,,,,,,,,,,,,,,,,,,,,,", u1142 ,m75,,
36963, u1142 ," Hello, I'm Roger Delacorte - the Head Librarian.  Are you the men from the University?"",,,,,,,,,,,,,,,,,,,,,,,,,,,,,,,", u1149 ,m75,,
36964, u1149 ," Thank you.,,,,,,,,,,,,,,,,,,,,,,,,,,,,,,,", u1143 ,m75,,
36965, u1143 ," Keep it anyway.  I have another one at home.,,,,,,,,,,,,,,,,,,,,,,,,,,,,,,,", u1149 ,m75,,
36966, u1149 ," I don't believe in luck.,,,,,,,,,,,,,,,,,,,,,,,,,,,,,,,", u1143 ,m75,,
36967, u1143 ," It's a souvenir from the 1964 World's Fair at Flushing Meadow.  It's my lucky coin.,,,,,,,,,,,,,,,,,,,,,,,,,,,,,,,", u1149 ,m75,,
36968, u1149 ," What is it?,,,,,,,,,,,,,,,,,,,,,,,,,,,,,,,", u1143 ,m75,,
36969, u1143 ," I want you to have this. ,,,,,,,,,,,,,,,,,,,,,,,,,,,,,,,", u1143 ,m75,,
36970, u1143 ," That's so romantic.,,,,,,,,,,,,,,,,,,,,,,,,,,,,,,,", u1149 ,m75,,
36971, u1149 ," I don't care.  I see us as tiny parts of a vast organism, like two bacteria living on a rotting speck of dust floating in an infinite void."",,,,,,,,,,,,,,,,,,,,,,,,,,,,,,,", u1143 ,m75,,
36972, u1143 ," In the physical sense.,,,,,,,,,,,,,,,,,,,,,,,,,,,,,,,", u1149 ,m75,,
36973, u1149 ," Die in what sense?,,,,,,,,,,,,,,,,,,,,,,,,,,,,,,,", u1143 ,m75,,
36974, u1143 ," Egon, there's something very strange about that man.  I'm very psychic usually and right now I have this terrible feeling that something awful is going to happen to you.  I'm afraid you're going to die."",,,,,,,,,,,,,,,,,,,,,,,,,,,,,,,", u1143 ,m75,,
36975, u1143 ," Remind me not to go to lunch with you.,,,,,,,,,,,,,,,,,,,,,,,,,,,,,,,", u1149 ,m75,,
36976, u1149 ," I think it's the food of the future.,,,,,,,,,,,,,,,,,,,,,,,,,,,,,,,", u1143 ,m75,,
36977, u1143 ," Oh, that's very - unusual."",,,,,,,,,,,,,,,,,,,,,,,,,,,,,,,", u1149 ,m75,,
36978, u1149 ," I collect spores, molds and fungus."",,,,,,,,,,,,,,,,,,,,,,,,,,,,,,,", u1143 ,m75,,
36979, u1143 ," It's a great game!  You should play sometime.  I bet you'd be good.  You seem very athletic.  Do you have any hobbies?,,,,,,,,,,,,,,,,,,,,,,,,,,,,,,,", u1149 ,m75,,
36980, u1149 ," Is that a game?,,,,,,,,,,,,,,,,,,,,,,,,,,,,,,,", u1143 ,m75,,
36981, u1143 ," That's very fascinating to me.  I read a lot myself.  Some people think I'm too intellectual.  But I think reading is a fabulous way to spend your spare time.  I also play racketball.  Do you ever play?,,,,,,,,,,,,,,,,,,,,,,,,,,,,,,,", u1149 ,m75,,
36982, u1149 ," Print is dead.,,,,,,,,,,,,,,,,,,,,,,,,,,,,,,,", u1143 ,m75,,
36983, u1143 ," You're very handy, I can tell.  I bet you like to read a lot, too."",,,,,,,,,,,,,,,,,,,,,,,,,,,,,,,", u1143 ,m75,,
36984, u1143 ," Oh, really?  Well, I've quit better jobs than this one, believe me."",,,,,,,,,,,,,,,,,,,,,,,,,,,,,,,", u1152 ,m75,,
36985, u1152 ," Janine, I'm sure a woman with your qualifications would have no trouble finding a top flight job in the housekeeping or food service industry."",,,,,,,,,,,,,,,,,,,,,,,,,,,,,,,", u1143 ,m75,,
36986, u1143 ," I didn't ask him.  All I know is that I haven't had a break in two weeks and you promised you'd hire more help.,,,,,,,,,,,,,,,,,,,,,,,,,,,,,,,", u1152 ,m75,,
36987, u1152 ," The EPA?  What's he want?,,,,,,,,,,,,,,,,,,,,,,,,,,,,,,,", u1143 ,m75,,
36988, u1143 ," And someone from the EPA is here to see you.,,,,,,,,,,,,,,,,,,,,,,,,,,,,,,,", u1143 ,m75,,
36989, u1143 ," Here are tonight's calls.,,,,,,,,,,,,,,,,,,,,,,,,,,,,,,,", u1152 ,m75,,
36990, u1152 ," Here's the paper on the Brooklyn job.  She paid with a Visa card.,,,,,,,,,,,,,,,,,,,,,,,,,,,,,,,", u1143 ,m75,,
36991, u1143 ," What calls?,,,,,,,,,,,,,,,,,,,,,,,,,,,,,,,", u1152 ,m75,,
36992, u1152 ," Why don't you step into the office and we'll talk about it.  Hold all my calls, Janine."",,,,,,,,,,,,,,,,,,,,,,,,,,,,,,,", u1150 ,m75,,
36993, u1150 ," Yes, sir.  Don't worry.  We handle this kind of thing all the time."",,,,,,,,,,,,,,,,,,,,,,,,,,,,,,,", u1145 ,m75,,
36994, u1145 ," Heavens, no!  The owners don't like us to even talk about it.  I hoped we could take care of this quietly tonight."",,,,,,,,,,,,,,,,,,,,,,,,,,,,,,,", u1150 ,m75,,
36995, u1150 ," Did you ever report it to anyone?,,,,,,,,,,,,,,,,,,,,,,,,,,,,,,,", u1145 ,m75,,
36996, u1145 ," Well, most of the original staff knows about the twelfth floor ... The disturbances, I mean ... But it's been quiet for years ... Up until two weeks ago ... It was never ever this bad, though."",,,,,,,,,,,,,,,,,,,,,,,,,,,,,,,", u1150 ,m75,,
36997, u1150 ," Has this ever happened before?,,,,,,,,,,,,,,,,,,,,,,,,,,,,,,,", u1145 ,m75,,
36998, u1145 ," Thank you for coming so quickly.  The guests are starting to ask questions and I'm running out of excuses.,,,,,,,,,,,,,,,,,,,,,,,,,,,,,,,", u1152 ,m75,,
36999, u1152 ," ... or you can accept the fact that this city is heading for a disaster of really Biblical proportions.,,,,,,,,,,,,,,,,,,,,,,,,,,,,,,,", u1146 ,m75,,
37000, u1146 ," That's """"Peck!"""""",,,,,,,,,,,,,,,,,,,,,,,,,,,,,,,", u1152 ,m75,,
37001, u1152 ," Mr. Mayor, it's a pretty simple choice. You can believe Mr. Pecker here ..."",,,,,,,,,,,,,,,,,,,,,,,,,,,,,,,", u1146 ,m75,,
37002, u1146 ," Probably a mixture of gases, no doubt stolen from the Army ..."",,,,,,,,,,,,,,,,,,,,,,,,,,,,,,,", u1152 ,m75,,
37003, u1152 ," The man is a psychopath, Your Honor."",,,,,,,,,,,,,,,,,,,,,,,,,,,,,,,", u1146 ,m75,,
37004, u1146 ," See!  They are using drugs.,,,,,,,,,,,,,,,,,,,,,,,,,,,,,,,", u1152 ,m75,,
37005, u1152 ," You turned off the power!  Look, there was another man here ... You have to find him and bring him back.  A short determined-looking guy with the eyes of a happy zombie."",,,,,,,,,,,,,,,,,,,,,,,,,,,,,,,", u1146 ,m75,,
37006, u1146 ," Forget it, Venkman.  You had your chance to cooperate but you thought it was more fun to insult me.  Now it's my turn, smart-ass."",,,,,,,,,,,,,,,,,,,,,,,,,,,,,,,", u1152 ,m75,,
37007, u1152 ," At ease, Officers.  I'm Peter Venkman.  I think there's been some kind of misunderstanding here and I want to cooperate in every way I can."",,,,,,,,,,,,,,,,,,,,,,,,,,,,,,,", u1152 ,m75,,
37008, u1152 ," Hey!  Make yourself useful!  Go save a tree!,,,,,,,,,,,,,,,,,,,,,,,,,,,,,,,", u1146 ,m75,,
37009, u1146 ," Have it your way, Mr. Venkman."",,,,,,,,,,,,,,,,,,,,,,,,,,,,,,,", u1152 ,m75,,
37010, u1152 ," Go ahead!  Get a court order.  Then I'm gonna sue your ass off for wrongful prosecution.,,,,,,,,,,,,,,,,,,,,,,,,,,,,,,,", u1146 ,m75,,
37011, u1146 ," Well, because I'm curious.  I want to know more about what you do here.  Frankly, there have been a lot of wild stories in the media and we want to assess any possible environmental impact from your operation. For instance, the storage of noxious, possibly hazardous waste materials in your basement.  Now either you show me what's down there or I come back with a court order."",,,,,,,,,,,,,,,,,,,,,,,,,,,,,,,", u1152 ,m75,,
37012, u1152 ," Why do you want to see it?,,,,,,,,,,,,,,,,,,,,,,,,,,,,,,,", u1146 ,m75,,
37013, u1146 ," May I please see the storage facility?,,,,,,,,,,,,,,,,,,,,,,,,,,,,,,,", u1152 ,m75,,
37014, u1152 ," The magic word is """"please."""""",,,,,,,,,,,,,,,,,,,,,,,,,,,,,,,", u1146 ,m75,,
37015, u1146 ," And what is the magic word, Mr. Venkman?"",,,,,,,,,,,,,,,,,,,,,,,,,,,,,,,", u1152 ,m75,,
37016, u1152 ," Because you didn't say the magic word.,,,,,,,,,,,,,,,,,,,,,,,,,,,,,,,", u1146 ,m75,,
37017, u1146 ," And why not, Mr. Venkman?"",,,,,,,,,,,,,,,,,,,,,,,,,,,,,,,", u1152 ,m75,,
37018, u1152 ," No, you may not."",,,,,,,,,,,,,,,,,,,,,,,,,,,,,,,", u1146 ,m75,,
37019, u1146 ," And may I see this storage facility?,,,,,,,,,,,,,,,,,,,,,,,,,,,,,,,", u1152 ,m75,,
37020, u1152 ," Yes, it would."",,,,,,,,,,,,,,,,,,,,,,,,,,,,,,,", u1146 ,m75,,
37021, u1146 ," And would this storage facility be located on these premises?,,,,,,,,,,,,,,,,,,,,,,,,,,,,,,,", u1152 ,m75,,
37022, u1152 ," In a storage facility.,,,,,,,,,,,,,,,,,,,,,,,,,,,,,,,", u1146 ,m75,,
37023, u1146 ," And where do you put these ghosts once you catch them?,,,,,,,,,,,,,,,,,,,,,,,,,,,,,,,", u1152 ,m75,,
37024, u1152 ," I'm not at liberty to say.,,,,,,,,,,,,,,,,,,,,,,,,,,,,,,,", u1146 ,m75,,
37025, u1146 ," And how many ghosts have you caught, Mr. Venkman?"",,,,,,,,,,,,,,,,,,,,,,,,,,,,,,,", u1152 ,m75,,
37026, u1152 ," You could say that.,,,,,,,,,,,,,,,,,,,,,,,,,,,,,,,", u1146 ,m75,,
37027, u1146 ," I see.  And now you catch ghosts?,,,,,,,,,,,,,,,,,,,,,,,,,,,,,,,", u1152 ,m75,,
37028, u1152 ," I have Ph.D's in psychology and parapsychology.,,,,,,,,,,,,,,,,,,,,,,,,,,,,,,,", u1146 ,m75,,
37029, u1146 ," Exactly what are you a doctor of, Mr. Venkman?"",,,,,,,,,,,,,,,,,,,,,,,,,,,,,,,", u1152 ,m75,,
37030, u1152 ," Yes, I'm Doctor Venkman."",,,,,,,,,,,,,,,,,,,,,,,,,,,,,,,", u1146 ,m75,,
37031, u1146 ," Are you Peter Venkman?,,,,,,,,,,,,,,,,,,,,,,,,,,,,,,,", u1152 ,m75,,
37032, u1152 ," Great!  How's it going?,,,,,,,,,,,,,,,,,,,,,,,,,,,,,,,", u1146 ,m75,,
37033, u1146 ," I'm Walter Peck.  I represent the Environmental Protection Agency, Third District."",,,,,,,,,,,,,,,,,,,,,,,,,,,,,,,", u1152 ,m75,,
37034, u1152 ," Can I help you?,,,,,,,,,,,,,,,,,,,,,,,,,,,,,,,", u1152 ,m75,,
37035, u1152 ," Then my theory was correct.,,,,,,,,,,,,,,,,,,,,,,,,,,,,,,,", u1148 ,m75,,
37036, u1148 ," I'll tell you the effect!  It pisses me off!,,,,,,,,,,,,,,,,,,,,,,,,,,,,,,,", u1152 ,m75,,
37037, u1152 ," I'm studying the effect of negative reinforcement on ESP ability.,,,,,,,,,,,,,,,,,,,,,,,,,,,,,,,", u1148 ,m75,,
37038, u1148 ," Yeah, but I didn't know you were going to give me electric shocks.  What are you trying to prove?"",,,,,,,,,,,,,,,,,,,,,,,,,,,,,,,", u1152 ,m75,,
37039, u1152 ," You volunteered, didn't you?  Aren't we paying you for this?"",,,,,,,,,,,,,,,,,,,,,,,,,,,,,,,", u1148 ,m75,,
37040, u1148 ," Hey!  I'm getting a little tired of this.,,,,,,,,,,,,,,,,,,,,,,,,,,,,,,,", u1152 ,m75,,
37041, u1152 ," Sorry.  This isn't your day.,,,,,,,,,,,,,,,,,,,,,,,,,,,,,,,", u1148 ,m75,,
37042, u1148 ," Two wavy lines?,,,,,,,,,,,,,,,,,,,,,,,,,,,,,,,", u1152 ,m75,,
37043, u1152 ," Well, just 75 more to go.  What's this one?"",,,,,,,,,,,,,,,,,,,,,,,,,,,,,,,", u1148 ,m75,,
37044, u1148 ," Yes.  I don't like this.,,,,,,,,,,,,,,,,,,,,,,,,,,,,,,,", u1152 ,m75,,
37045, u1152 ," Nervous?,,,,,,,,,,,,,,,,,,,,,,,,,,,,,,,", u1152 ,m75,,
37046, u1152 ," Close -- but definitely wrong.,,,,,,,,,,,,,,,,,,,,,,,,,,,,,,,", u1148 ,m75,,
37047, u1148 ," Circle?,,,,,,,,,,,,,,,,,,,,,,,,,,,,,,,", u1152 ,m75,,
37048, u1152 ," Good guess -- but no.,,,,,,,,,,,,,,,,,,,,,,,,,,,,,,,", u1148 ,m75,,
37049, u1148 ," A square?,,,,,,,,,,,,,,,,,,,,,,,,,,,,,,,", u1152 ,m75,,
37050, u1152 ," All right.  What is it?,,,,,,,,,,,,,,,,,,,,,,,,,,,,,,,", u1151 ,m75,,
37051, u1151 ," Wow!,,,,,,,,,,,,,,,,,,,,,,,,,,,,,,,", u1149 ,m75,,
37052, u1149 ," On Earth -- no.  But on Krypton we could slice him up like Oscar Mayer Bologna.,,,,,,,,,,,,,,,,,,,,,,,,,,,,,,,", u1151 ,m75,,
37053, u1151 ," Wait!  Wait!  Let me ask you something.  If you like shot Superman with those guns, would he feel it or what?"",,,,,,,,,,,,,,,,,,,,,,,,,,,,,,,", u1149 ,m75,,
37054, u1149 ," I couldn't do that.  You might hurt someone.,,,,,,,,,,,,,,,,,,,,,,,,,,,,,,,", u1151 ,m75,,
37055, u1151 ," Yeah, yeah.  I just want to see 'em."",,,,,,,,,,,,,,,,,,,,,,,,,,,,,,,", u1149 ,m75,,
37056, u1149 ," They're not guns.  They're particle throwers.,,,,,,,,,,,,,,,,,,,,,,,,,,,,,,,", u1151 ,m75,,
37057, u1151 ," Hey, Mister!  Can I see those guns?"",,,,,,,,,,,,,,,,,,,,,,,,,,,,,,,", u1149 ,m75,,
37058, u1149 ," When you were in the bathroom, did you notice anything that was yellow and unusually smelly?"",,,,,,,,,,,,,,,,,,,,,,,,,,,,,,,", u1154 ,m75,,
37059, u1154 ," You're a regular Sherlock Holmes.  Now what do you want?,,,,,,,,,,,,,,,,,,,,,,,,,,,,,,,", u1149 ,m75,,
37060, u1149 ," The wet towels, residual moisture on your lower limbs and hair, the redness in your cheeks indicating ..."",,,,,,,,,,,,,,,,,,,,,,,,,,,,,,,", u1154 ,m75,,
37061, u1154 ," What on earth gave you that idea?,,,,,,,,,,,,,,,,,,,,,,,,,,,,,,,", u1149 ,m75,,
37062, u1149 ," Were you recently in the bathroom?,,,,,,,,,,,,,,,,,,,,,,,,,,,,,,,", u1154 ,m75,,
37063, u1154 ," Yes?,,,,,,,,,,,,,,,,,,,,,,,,,,,,,,,", u1152 ,m75,,
37064, u1152 ," But it's my favorite state.,,,,,,,,,,,,,,,,,,,,,,,,,,,,,,,", u1149 ,m75,,
37065, u1149 ," Life is just a state of mind.,,,,,,,,,,,,,,,,,,,,,,,,,,,,,,,", u1152 ,m75,,
37066, u1152 ," No!  You said crossing the beams would be BAD.  It'll kill her!  And us!,,,,,,,,,,,,,,,,,,,,,,,,,,,,,,,", u1149 ,m75,,
37067, u1149 ," No!  Them!  Shoot them!  Cross the beams.,,,,,,,,,,,,,,,,,,,,,,,,,,,,,,,", u1152 ,m75,,
37068, u1152 ," On the count of three!  One ... Two ...,,,,,,,,,,,,,,,,,,,,,,,,,,,,,,,", u1149 ,m75,,
37069, u1149 ," Full-stream with strogon pulse.,,,,,,,,,,,,,,,,,,,,,,,,,,,,,,,", u1152 ,m75,,
37070, u1152 ," What now?,,,,,,,,,,,,,,,,,,,,,,,,,,,,,,,", u1152 ,m75,,
37071, u1152 ," Get a grip on yourself, Egon.  I talked to Dana Barrett and she referred to Gozer as the Destructor."",,,,,,,,,,,,,,,,,,,,,,,,,,,,,,,", u1149 ,m75,,
37072, u1149 ," You talked to Gozer?,,,,,,,,,,,,,,,,,,,,,,,,,,,,,,,", u1152 ,m75,,
37073, u1152 ," Gozer.,,,,,,,,,,,,,,,,,,,,,,,,,,,,,,,", u1149 ,m75,,
37074, u1149 ," Who?,,,,,,,,,,,,,,,,,,,,,,,,,,,,,,,", u1152 ,m75,,
37075, u1152 ," She said he was """"the Destructor."""""",,,,,,,,,,,,,,,,,,,,,,,,,,,,,,,", u1149 ,m75,,
37076, u1149 ," Yes.  After the First World War Shandor decided that society was too sick to survive.  And he wasn't alone.  He had close to a thousand followers when he died.  They conducted rituals, bizarre rituals, intended to bring about the end of the world."",,,,,,,,,,,,,,,,,,,,,,,,,,,,,,,", u1152 ,m75,,
37077, u1152 ," Let me guess -- Gozer Worshippers.,,,,,,,,,,,,,,,,,,,,,,,,,,,,,,,", u1149 ,m75,,
37078, u1149 ," Of course!  Ivo Shandor,  I saw his name in Tobin's SPIRIT GUIDE.  He started a secret society in 1920."",,,,,,,,,,,,,,,,,,,,,,,,,,,,,,,", u1149 ,m75,,
37079, u1149 ," Oh, shit!"",,,,,,,,,,,,,,,,,,,,,,,,,,,,,,,", u1152 ,m75,,
37080, u1152 ," Where's the Keymaster?,,,,,,,,,,,,,,,,,,,,,,,,,,,,,,,", u1152 ,m75,,
37081, u1152 ," If you turn that thing off we won't be responsible for the consequences.,,,,,,,,,,,,,,,,,,,,,,,,,,,,,,,", u1149 ,m75,,
37082, u1149 ," He wants to shut down the storage grid.,,,,,,,,,,,,,,,,,,,,,,,,,,,,,,,", u1149 ,m75,,
37083, u1149 ," All right, Peter.  Good night."",,,,,,,,,,,,,,,,,,,,,,,,,,,,,,,", u1152 ,m75,,
37084, u1152 ," I'll spend the night here and get back first thing in the morning.,,,,,,,,,,,,,,,,,,,,,,,,,,,,,,,", u1149 ,m75,,
37085, u1149 ," All right.  I'll try.,,,,,,,,,,,,,,,,,,,,,,,,,,,,,,,", u1152 ,m75,,
37086, u1152 ," You have to keep him there.  Do whatever you have to, but don't let him leave,  He could be very dangerous."",,,,,,,,,,,,,,,,,,,,,,,,,,,,,,,", u1149 ,m75,,
37087, u1149 ," I agree.,,,,,,,,,,,,,,,,,,,,,,,,,,,,,,,", u1152 ,m75,,
37088, u1152 ," Yeah, yeah.  I was just thinking.  It probably wouldn't be a good idea for them to get together at this point."",,,,,,,,,,,,,,,,,,,,,,,,,,,,,,,", u1149 ,m75,,
37089, u1149 ," Some.  I just met the Keymaster.  He's here with me now.  Venkman?  Are you there?,,,,,,,,,,,,,,,,,,,,,,,,,,,,,,,", u1152 ,m75,,
37090, u1152 ," I don't think so.  It's more of that Gozer thing.  She says she's the Gatekeeper.  Does that make any sense to you?,,,,,,,,,,,,,,,,,,,,,,,,,,,,,,,", u1149 ,m75,,
37091, u1149 ," Does she want to be?,,,,,,,,,,,,,,,,,,,,,,,,,,,,,,,", u1152 ,m75,,
37092, u1152 ," I'm with Dana Barrett and she's floating three feet off the bed.,,,,,,,,,,,,,,,,,,,,,,,,,,,,,,,", u1149 ,m75,,
37093, u1149 ," What is it?,,,,,,,,,,,,,,,,,,,,,,,,,,,,,,,", u1152 ,m75,,
37094, u1152 ," It's Peter, Egon.  I've got a problem."",,,,,,,,,,,,,,,,,,,,,,,,,,,,,,,", u1149 ,m75,,
37095, u1149 ," It's hard to explain, but try to imagine all life as you know it stopping instantaneously and finding yourself confined forever in another dimension."",,,,,,,,,,,,,,,,,,,,,,,,,,,,,,,", u1152 ,m75,,
37096, u1152 ," What do you mean """"bad?"""""",,,,,,,,,,,,,,,,,,,,,,,,,,,,,,,", u1149 ,m75,,
37097, u1149 ," Trust me.  It will be bad.,,,,,,,,,,,,,,,,,,,,,,,,,,,,,,,", u1152 ,m75,,
37098, u1152 ," Why not?,,,,,,,,,,,,,,,,,,,,,,,,,,,,,,,", u1149 ,m75,,
37099, u1149 ," Don't cross the beams.,,,,,,,,,,,,,,,,,,,,,,,,,,,,,,,", u1152 ,m75,,
37100, u1152 ," What?,,,,,,,,,,,,,,,,,,,,,,,,,,,,,,,", u1149 ,m75,,
37101, u1149 ," Wait!  Wait!  There's something I forgot to tell you.,,,,,,,,,,,,,,,,,,,,,,,,,,,,,,,", u1152 ,m75,,
37102, u1152 ," Yeah, I can smell it."",,,,,,,,,,,,,,,,,,,,,,,,,,,,,,,", u1149 ,m75,,
37103, u1149 ," Something was definitely here.,,,,,,,,,,,,,,,,,,,,,,,,,,,,,,,", u1152 ,m75,,
37104, u1152 ," Didn't see anything,  Didn't get anything. Nice girl - no ghost.  I'm starting to worry.  You said your graph was pointing to something big.  You told me things were going to start popping."",,,,,,,,,,,,,,,,,,,,,,,,,,,,,,,", u1149 ,m75,,
37105, u1149 ," Did you see anything?,,,,,,,,,,,,,,,,,,,,,,,,,,,,,,,", u1149 ,m75,,
37106, u1149 ," She's telling the truth -- or at least she thinks she is.,,,,,,,,,,,,,,,,,,,,,,,,,,,,,,,", u1152 ,m75,,
37107, u1152 ," Generally, you don't see that kind of behavior in a major appliance.  What do you think, Egon?"",,,,,,,,,,,,,,,,,,,,,,,,,,,,,,,", u1152 ,m75,,
37108, u1152 ," Will you guys relax?  We are on the threshold of establishing the indispensable defense science of the next decade - Professional Paranormal Investigations and Eliminations.  The franchise rights alone will make us wealthy beyond your wildest dreams.,,,,,,,,,,,,,,,,,,,,,,,,,,,,,,,", u1149 ,m75,,
37109, u1149 ," Just for your information, Ray, the interest payments alone for the first five years come to over $75,000."",,,,,,,,,,,,,,,,,,,,,,,,,,,,,,,", u1152 ,m75,,
37110, u1152 ," Wow!,,,,,,,,,,,,,,,,,,,,,,,,,,,,,,,", u1149 ,m75,,
37111, u1149 ," I'm always serious.,,,,,,,,,,,,,,,,,,,,,,,,,,,,,,,", u1152 ,m75,,
37112, u1152 ," Spengler, are you serious about actually catching a ghost?"",,,,,,,,,,,,,,,,,,,,,,,,,,,,,,,", u1152 ,m75,,
37113, u1152 ," Egon, somehow this reminds me of the time you tried to drill a hole in your head.  Do you remember that?"",,,,,,,,,,,,,,,,,,,,,,,,,,,,,,,", u1149 ,m75,,
37114, u1149 ," Oh, this is big, Peter.  This is very big. There's definitely something here."",,,,,,,,,,,,,,,,,,,,,,,,,,,,,,,", u1152 ,m75,,
37115, u1152 ," What have you got, Egon?"",,,,,,,,,,,,,,,,,,,,,,,,,,,,,,,", u1149 ,m75,,
37116, u1149 ," Oh!  You're here.,,,,,,,,,,,,,,,,,,,,,,,,,,,,,,,", u1149 ,m75,,
37117, u1149 ," That appears to be the case.,,,,,,,,,,,,,,,,,,,,,,,,,,,,,,,", u1150 ,m75,,
37118, u1150 ," You mean if I stand here and concentrate on the image of Roberto Clemente, Gozer will appear as Roberto Clemente and wipe us out?"",,,,,,,,,,,,,,,,,,,,,,,,,,,,,,,", u1149 ,m75,,
37119, u1149 ," And look at this, Peter  Cold-riveted girders with selenium cores."",,,,,,,,,,,,,,,,,,,,,,,,,,,,,,,", u1150 ,m75,,
37120, u1150 ," Look at the structure of the roof cap.  It looks exactly like the kind of telemetry tracker NASA uses to identify dead pulsars in other galaxies.,,,,,,,,,,,,,,,,,,,,,,,,,,,,,,,", u1149 ,m75,,
37121, u1149 ," The storage facility blew.  This one ...  ... shut off the protection grid.,,,,,,,,,,,,,,,,,,,,,,,,,,,,,,,", u1150 ,m75,,
37122, u1150 ," What happened??!!!?,,,,,,,,,,,,,,,,,,,,,,,,,,,,,,,", u1149 ,m75,,
37123, u1149 ," I'm worried, Ray.  It's getting crowded in there.  And all my recent data points to something big on the bottom."",,,,,,,,,,,,,,,,,,,,,,,,,,,,,,,", u1150 ,m75,,
37124, u1150 ," I need two new purge valves.  How's the grid around the storage facility holding up?,,,,,,,,,,,,,,,,,,,,,,,,,,,,,,,", u1149 ,m75,,
37125, u1149 ," I've got to sleep.,,,,,,,,,,,,,,,,,,,,,,,,,,,,,,,", u1149 ,m75,,
37126, u1149 ," Neutronize.  System shut.,,,,,,,,,,,,,,,,,,,,,,,,,,,,,,,", u1150 ,m75,,
37127, u1150 ," Set entry grid.,,,,,,,,,,,,,,,,,,,,,,,,,,,,,,,", u1149 ,m75,,
37128, u1149 ," Easy ... Easy ... I'm going to throw in my trap now.,,,,,,,,,,,,,,,,,,,,,,,,,,,,,,,", u1150 ,m75,,
37129, u1150 ," It's working!,,,,,,,,,,,,,,,,,,,,,,,,,,,,,,,", u1150 ,m75,,
37130, u1150 ," God, it's ugly!"",,,,,,,,,,,,,,,,,,,,,,,,,,,,,,,", u1149 ,m75,,
37131, u1149 ," Ray!  Where are you?  Are you all right?,,,,,,,,,,,,,,,,,,,,,,,,,,,,,,,", u1149 ,m75,,
37132, u1149 ," We'd better adjust our streams.,,,,,,,,,,,,,,,,,,,,,,,,,,,,,,,", u1150 ,m75,,
37133, u1150 ," Sorry, Buddy!"",,,,,,,,,,,,,,,,,,,,,,,,,,,,,,,", u1149 ,m75,,
37134, u1149 ," I blame myself.,,,,,,,,,,,,,,,,,,,,,,,,,,,,,,,", u1150 ,m75,,
37135, u1150 ," I just realized something.  We've never had a completely successful test with any of the equipment.,,,,,,,,,,,,,,,,,,,,,,,,,,,,,,,", u1149 ,m75,,
37136, u1149 ," Or even a race memory, stored in the collective unconscious.  And I wouldn't rule out clairvoyance or telepathic contact either."",,,,,,,,,,,,,,,,,,,,,,,,,,,,,,,", u1150 ,m75,,
37137, u1150 ," You know, Peter, this could be a past life experience intruding on the present."",,,,,,,,,,,,,,,,,,,,,,,,,,,,,,,", u1152 ,m75,,
37138, u1152 ," Great!  The marshmallows are about to get their revenge.,,,,,,,,,,,,,,,,,,,,,,,,,,,,,,,", u1150 ,m75,,
37139, u1150 ," The Stay-Puft Marshmallow Man!  He was on all the packages we used to buy when I was a kid.  We used to roast Stay-Puft marshmallows at Camp Waconda!,,,,,,,,,,,,,,,,,,,,,,,,,,,,,,,", u1152 ,m75,,
37140, u1152 ," AND YOU CAME UP WITH THAT?,,,,,,,,,,,,,,,,,,,,,,,,,,,,,,,", u1150 ,m75,,
37141, u1150 ," Look!,,,,,,,,,,,,,,,,,,,,,,,,,,,,,,,", u1152 ,m75,,
37142, u1152 ," What?  What popped in there?,,,,,,,,,,,,,,,,,,,,,,,,,,,,,,,", u1150 ,m75,,
37143, u1150 ," I couldn't help it!  It just popped in there!,,,,,,,,,,,,,,,,,,,,,,,,,,,,,,,", u1150 ,m75,,
37144, u1150 ," Forget the trapping!  Just blast him!,,,,,,,,,,,,,,,,,,,,,,,,,,,,,,,", u1152 ,m75,,
37145, u1152 ," Agile bastard, isn't he?"",,,,,,,,,,,,,,,,,,,,,,,,,,,,,,,", u1152 ,m75,,
37146, u1152 ," Well, that ought to do it."",,,,,,,,,,,,,,,,,,,,,,,,,,,,,,,", u1150 ,m75,,
37147, u1150 ," As a duly-constituted representative of the City of New York, and on behalf of the County and State of New York, the United States of America, the Planet Earth and all its inhabitants, I hereby order you to cease and desist any and all supernatural activity and return at once to your place of origin or next parallel dimension."",,,,,,,,,,,,,,,,,,,,,,,,,,,,,,,", u1150 ,m75,,
37148, u1150 ," I don't think it's Shandor.,,,,,,,,,,,,,,,,,,,,,,,,,,,,,,,", u1152 ,m75,,
37149, u1152 ," It doesn't seem to have slowed him down any.,,,,,,,,,,,,,,,,,,,,,,,,,,,,,,,", u1150 ,m75,,
37150, u1150 ," He's listed on the blueprints as I. Shandor.,,,,,,,,,,,,,,,,,,,,,,,,,,,,,,,", u1152 ,m75,,
37151, u1152 ," Who was the architect?,,,,,,,,,,,,,,,,,,,,,,,,,,,,,,,", u1150 ,m75,,
37152, u1150 ," No!  Nobody ever built them like this!  The architect was either an authentic whacko or a certified genius.  The whole building is like a huge antenna for pulling in and concentrating psychokinetic energy.,,,,,,,,,,,,,,,,,,,,,,,,,,,,,,,", u1152 ,m75,,
37153, u1152 ," I guess they don't build them like they used to, huh?"",,,,,,,,,,,,,,,,,,,,,,,,,,,,,,,", u1150 ,m75,,
37154, u1150 ," It's not good, Pete."",,,,,,,,,,,,,,,,,,,,,,,,,,,,,,,", u1152 ,m75,,
37155, u1152 ," Egon, how's the grid around the storage facility holding up?"",,,,,,,,,,,,,,,,,,,,,,,,,,,,,,,", u1152 ,m75,,
37156, u1152 ," I can't take much more of this.  The pace is killing me.,,,,,,,,,,,,,,,,,,,,,,,,,,,,,,,", u1150 ,m75,,
37157, u1150 ," Boy, that was a rough one."",,,,,,,,,,,,,,,,,,,,,,,,,,,,,,,", u1150 ,m75,,
37158, u1150 ," I don't know.  I'm just guessing.,,,,,,,,,,,,,,,,,,,,,,,,,,,,,,,", u1152 ,m75,,
37159, u1152 ," How do you know?,,,,,,,,,,,,,,,,,,,,,,,,,,,,,,,", u1150 ,m75,,
37160, u1150 ," Don't move.  It won't hurt you.,,,,,,,,,,,,,,,,,,,,,,,,,,,,,,,", u1152 ,m75,,
37161, u1152 ," It's here, Ray.  It's looking at me."",,,,,,,,,,,,,,,,,,,,,,,,,,,,,,,", u1152 ,m75,,
37162, u1152 ," Well, hurry up.  The needle's going wild."",,,,,,,,,,,,,,,,,,,,,,,,,,,,,,,", u1150 ,m75,,
37163, u1150 ," Sit tight.  I'm on my way.,,,,,,,,,,,,,,,,,,,,,,,,,,,,,,,", u1152 ,m75,,
37164, u1152 ," Third floor.  Get down here,"",,,,,,,,,,,,,,,,,,,,,,,,,,,,,,,", u1150 ,m75,,
37165, u1150 ," Where are you, Pete?"",,,,,,,,,,,,,,,,,,,,,,,,,,,,,,,", u1152 ,m75,,
37166, u1152 ," Ray -- Something's here.,,,,,,,,,,,,,,,,,,,,,,,,,,,,,,,", u1150 ,m75,,
37167, u1150 ," All right.  Let's cool the negative vibes. These things can sense them.,,,,,,,,,,,,,,,,,,,,,,,,,,,,,,,", u1152 ,m75,,
37168, u1152 ," So far all we got is a shit smell on the twelfth floor and we almost fried a Puerto Rican bellboy.,,,,,,,,,,,,,,,,,,,,,,,,,,,,,,,", u1150 ,m75,,
37169, u1150 ," I'm getting high readings near the air vents.  It must be using the duct system to get around.  See, I told you we'd get something."",,,,,,,,,,,,,,,,,,,,,,,,,,,,,,,", u1152 ,m75,,
37170, u1152 ," Sure.  Each of us is wearing an unlicensed nuclear accelerator on our back.  No problem.,,,,,,,,,,,,,,,,,,,,,,,,,,,,,,,", u1150 ,m75,,
37171, u1150 ," No sense worrying about it now.,,,,,,,,,,,,,,,,,,,,,,,,,,,,,,,", u1152 ,m75,,
37172, u1152 ," So do I.,,,,,,,,,,,,,,,,,,,,,,,,,,,,,,,", u1152 ,m75,,
37173, u1152 ," Do you know when that might be?  We're on the brink of a very serious cash-flow problem.,,,,,,,,,,,,,,,,,,,,,,,,,,,,,,,", u1150 ,m75,,
37174, u1150 ," They will.,,,,,,,,,,,,,,,,,,,,,,,,,,,,,,,", u1152 ,m75,,
37175, u1152 ," It wasn't a date.  It was an investigation.,,,,,,,,,,,,,,,,,,,,,,,,,,,,,,,", u1150 ,m75,,
37176, u1150 ," How was your date?,,,,,,,,,,,,,,,,,,,,,,,,,,,,,,,", u1152 ,m75,,
37177, u1152 ," Good idea.  Were any other words spoken that you remember?,,,,,,,,,,,,,,,,,,,,,,,,,,,,,,,", u1150 ,m75,,
37178, u1150 ," Why don't I check out the building?  It may have a history of psychic turbulence.,,,,,,,,,,,,,,,,,,,,,,,,,,,,,,,", u1150 ,m75,,
37179, u1150 ," Fourteen hundred.,,,,,,,,,,,,,,,,,,,,,,,,,,,,,,,", u1152 ,m75,,
37180, u1152 ," Do you think it's wide enough?  How much?,,,,,,,,,,,,,,,,,,,,,,,,,,,,,,,", u1150 ,m75,,
37181, u1150 ," Everybody can relax.  I found the car.  How do you like it?,,,,,,,,,,,,,,,,,,,,,,,,,,,,,,,", u1152 ,m75,,
37182, u1152 ," This might do ... I don't know ... it just seems kind of """"pricey"""" for a fixer-upper, don't you think?  We're trying to keep our costs down.  You know how it is when you're starting a new company."",,,,,,,,,,,,,,,,,,,,,,,,,,,,,,,", u1150 ,m75,,
37183, u1150 ," Wow!  Does this pole still work?,,,,,,,,,,,,,,,,,,,,,,,,,,,,,,,", u1152 ,m75,,
37184, u1152 ," Maybe.  But no one ever advertised before.,,,,,,,,,,,,,,,,,,,,,,,,,,,,,,,", u1150 ,m75,,
37185, u1150 ," But most people are afraid to even report these things.,,,,,,,,,,,,,,,,,,,,,,,,,,,,,,,", u1150 ,m75,,
37186, u1150 ," But at nineteen percent interest!  You didn't even bargain with the guy.,,,,,,,,,,,,,,,,,,,,,,,,,,,,,,,", u1152 ,m75,,
37187, u1152 ," You're not going to lose the house. Everybody has three mortgages these days.,,,,,,,,,,,,,,,,,,,,,,,,,,,,,,,", u1150 ,m75,,
37188, u1150 ," My parents left me that house, I was born there."",,,,,,,,,,,,,,,,,,,,,,,,,,,,,,,", u1152 ,m75,,
37189, u1152 ," You'll never regret this, Ray."",,,,,,,,,,,,,,,,,,,,,,,,,,,,,,,", u1152 ,m75,,
37190, u1152 ," To go into business for ourselves.,,,,,,,,,,,,,,,,,,,,,,,,,,,,,,,", u1150 ,m75,,
37191, u1150 ," For what purpose?,,,,,,,,,,,,,,,,,,,,,,,,,,,,,,,", u1152 ,m75,,
37192, u1152 ," Let me tell you, Ray, everything in life happens for a reason.  Call it fate, call it luck, Karma, whatever.  I think we were destined to get kicked out of there."",,,,,,,,,,,,,,,,,,,,,,,,,,,,,,,", u1150 ,m75,,
37193, u1150 ," Do you know what a patent clerk makes?  I liked the University.  They gave us money, they gave us the facilities and we didn't have to produce anything!  I've worked in the private sector.  They expect results. You've never been out of college.  You don't know what it's like out there."",,,,,,,,,,,,,,,,,,,,,,,,,,,,,,,", u1152 ,m75,,
37194, u1152 ," You're always so worried about your reputation.  We don't need the University. Einstein did his best stuff while he was working as a patent clerk.'They can't stop progress.,,,,,,,,,,,,,,,,,,,,,,,,,,,,,,,", u1150 ,m75,,
37195, u1150 ," This is like a major disgrace.  Forget M.I.T. or Stanford now ... they wouldn't touch us with a three-meter cattle prod.,,,,,,,,,,,,,,,,,,,,,,,,,,,,,,,", u1152 ,m75,,
37196, u1152 ," Ray, I apologize.  I guess my confidence in the Regents was misplaced.  They did this to Galileo, too."",,,,,,,,,,,,,,,,,,,,,,,,,,,,,,,", u1150 ,m75,,
37197, u1150 ," You said you floored 'em at the Regents' meeting.,,,,,,,,,,,,,,,,,,,,,,,,,,,,,,,", u1152 ,m75,,
37198, u1152 ," Yeah, but I introduced you guys.  You never would've met if not for me.  That's got to be worth something."",,,,,,,,,,,,,,,,,,,,,,,,,,,,,,,", u1150 ,m75,,
37199, u1150 ," If anyone deserves it, it's Spengler and me. We're doing all the hard research and designing the equipment."",,,,,,,,,,,,,,,,,,,,,,,,,,,,,,,", u1152 ,m75,,
37200, u1152 ," If you guys are right, if we can actually trap a ghost and hold it somehow, I think I could win the Nobel Prize."",,,,,,,,,,,,,,,,,,,,,,,,,,,,,,,", u1152 ,m75,,
37201, u1152 ," Oh, yeah.  This could be bigger than the microchip.  They'll probably throw out the entire engineering department and turn their building over to us.  We're probably the first serious scientists to ever molest a dead old lady."",,,,,,,,,,,,,,,,,,,,,,,,,,,,,,,", u1150 ,m75,,
37202, u1150 ," I guess I got a little overexcited.  Wasn't it incredible!  I'm telling you, this is a first.  You know what this could mean to the University?"",,,,,,,,,,,,,,,,,,,,,,,,,,,,,,,", u1152 ,m75,,
37203, u1152 ," """"Get her?""""  That was your whole plan?  You call that science?"",,,,,,,,,,,,,,,,,,,,,,,,,,,,,,,", u1150 ,m75,,
37204, u1150 ," Okay.  Okay.  I got it.  I know what to do. Stay close.  I have a plan.,,,,,,,,,,,,,,,,,,,,,,,,,,,,,,,", u1152 ,m75,,
37205, u1152 ," Hey, Lady?  Lady!  Can you talk?  Who are you?   This is not working.  Think of something else."",,,,,,,,,,,,,,,,,,,,,,,,,,,,,,,", u1150 ,m75,,
37206, u1150 ," Anything!  Just make contact.,,,,,,,,,,,,,,,,,,,,,,,,,,,,,,,", u1152 ,m75,,
37207, u1152 ," What do I say?,,,,,,,,,,,,,,,,,,,,,,,,,,,,,,,", u1150 ,m75,,
37208, u1150 ," I don't know.  Talk to it.,,,,,,,,,,,,,,,,,,,,,,,,,,,,,,,", u1152 ,m75,,
37209, u1152 ," What do we do now?,,,,,,,,,,,,,,,,,,,,,,,,,,,,,,,", u1150 ,m75,,
37210, u1150 ," I told you it's real.,,,,,,,,,,,,,,,,,,,,,,,,,,,,,,,", u1152 ,m75,,
37211, u1152 ," It looks like a big pair of breasts and a pot belly.,,,,,,,,,,,,,,,,,,,,,,,,,,,,,,,", u1150 ,m75,,
37212, u1150 ," What is it?,,,,,,,,,,,,,,,,,,,,,,,,,,,,,,,", u1152 ,m75,,
37213, u1152 ," Uh-huh.  I've heard about the rockfall, Ray. I think you've been spending too much time with Spengler."",,,,,,,,,,,,,,,,,,,,,,,,,,,,,,,", u1150 ,m75,,
37214, u1150 ," Well, I was at an unexplained multiple high-altitude rockfall once."",,,,,,,,,,,,,,,,,,,,,,,,,,,,,,,", u1152 ,m75,,
37215, u1152 ," Looked at with your eyes.,,,,,,,,,,,,,,,,,,,,,,,,,,,,,,,", u1150 ,m75,,
37216, u1150 ," What do you mean by """"seen?"""""",,,,,,,,,,,,,,,,,,,,,,,,,,,,,,,", u1152 ,m75,,
37217, u1152 ," Ray, as your friend I have to tell you I think you've really gone around the bend on this ghost stuff.  You've been running your ass off for two years checking out every schizo in the Five Boroughs who thinks he's had an experience.  And what have you seen?"",,,,,,,,,,,,,,,,,,,,,,,,,,,,,,,", u1150 ,m75,,
37218, u1150 ," Spengler and I have charted every psychic occurrence in the Tri-State area for the past two years.  The graph we came up with definitely points to something big.,,,,,,,,,,,,,,,,,,,,,,,,,,,,,,,", u1150 ,m75,,
37219, u1150 ," No, this one's for real, Peter.  Spengler went down there and took some PKE readings. Right off the top of the scale.  Buried the needle.  We're close this time. I can feel it."",,,,,,,,,,,,,,,,,,,,,,,,,,,,,,,", u1152 ,m75,,
37220, u1152 ," Sure.  That's great, Ray.  I think you should get down there right away and check it out.  Let me know what happens."",,,,,,,,,,,,,,,,,,,,,,,,,,,,,,,", u1150 ,m75,,
37221, u1150 ," Peter, at 1:40 this afternoon at the main branch of the New York Public Library on Fifth Avenue, ten people witnessed a free-roaming, vaporous, full-torso apparition.  It blew books from shelves at twenty feet away.  Scared the socks off some poor librarian."",,,,,,,,,,,,,,,,,,,,,,,,,,,,,,,", u1152 ,m75,,
37222, u1152 ," Excuse me for a minute.  Ray, I'm right in the middle of something here.  Can you come back in about an hour?"",,,,,,,,,,,,,,,,,,,,,,,,,,,,,,,", u1150 ,m75,,
37223, u1150 ," What do you mean """"choose?""""  We don't understand."",,,,,,,,,,,,,,,,,,,,,,,,,,,,,,,", u1153 ,m75,,
37224, u1153 ," What's he talking about?  Choose what?,,,,,,,,,,,,,,,,,,,,,,,,,,,,,,,", u1150 ,m75,,
37225, u1150 ," LATER, MAN!!"",,,,,,,,,,,,,,,,,,,,,,,,,,,,,,,", u1153 ,m75,,
37226, u1153 ," Stantz?  You okay in there?,,,,,,,,,,,,,,,,,,,,,,,,,,,,,,,", u1153 ,m75,,
37227, u1153 ," Right.  We'll believe anything.,,,,,,,,,,,,,,,,,,,,,,,,,,,,,,,", u1150 ,m75,,
37228, u1150 ," You don't have to worry about that with us, sir."",,,,,,,,,,,,,,,,,,,,,,,,,,,,,,,", u1153 ,m75,,
37229, u1153 ," Well, has it ever occurred to you that the reason you've been so busy lately is because the dead have been rising from their graves?"",,,,,,,,,,,,,,,,,,,,,,,,,,,,,,,", u1150 ,m75,,
37230, u1150 ," Every ancient religion had its own myth about the end of the world.,,,,,,,,,,,,,,,,,,,,,,,,,,,,,,,", u1153 ,m75,,
37231, u1153 ," Yeah, Judgement Day."",,,,,,,,,,,,,,,,,,,,,,,,,,,,,,,", u1150 ,m75,,
37232, u1150 ," Judgement Day ...,,,,,,,,,,,,,,,,,,,,,,,,,,,,,,,", u1153 ,m75,,
37233, u1153 ," Right.  And the sky would fall ...,,,,,,,,,,,,,,,,,,,,,,,,,,,,,,,", u1150 ,m75,,
37234, u1150 ," And the seas would boil ...,,,,,,,,,,,,,,,,,,,,,,,,,,,,,,,", u1153 ,m75,,
37235, u1153 ," Ray, do you remember something in the Bible about a day when the dead would rise up from their graves?"",,,,,,,,,,,,,,,,,,,,,,,,,,,,,,,", u1150 ,m75,,
37236, u1150 ," The whole roof cap was fabricated with a magnesium-tungsten alloy.,,,,,,,,,,,,,,,,,,,,,,,,,,,,,,,", u1153 ,m75,,
37237, u1153 ," Me, too. Parts of the Bible are great."",,,,,,,,,,,,,,,,,,,,,,,,,,,,,,,", u1150 ,m75,,
37238, u1150 ," No.  But I liked Jesus' style.,,,,,,,,,,,,,,,,,,,,,,,,,,,,,,,", u1153 ,m75,,
37239, u1153 ," Do you believe in God?,,,,,,,,,,,,,,,,,,,,,,,,,,,,,,,", u1150 ,m75,,
37240, u1150 ," Boy!  Solid cores of shielded Selenium .325.,,,,,,,,,,,,,,,,,,,,,,,,,,,,,,,", u1153 ,m75,,
37241, u1153 ," Me, too."",,,,,,,,,,,,,,,,,,,,,,,,,,,,,,,", u1150 ,m75,,
37242, u1150 ," Mmmhmmm.,,,,,,,,,,,,,,,,,,,,,,,,,,,,,,,", u1153 ,m75,,
37243, u1153 ," Are you a Christian, Ray?"",,,,,,,,,,,,,,,,,,,,,,,,,,,,,,,", u1150 ,m75,,
37244, u1150 ," Uh ... Oh these are blueprints of the structural ironwork in Dana Barrett's apartment building ... And they're most unusual.,,,,,,,,,,,,,,,,,,,,,,,,,,,,,,,", u1153 ,m75,,
37245, u1153 ," Hey man.  What is it you're so involved with there?,,,,,,,,,,,,,,,,,,,,,,,,,,,,,,,", u1153 ,m75,,
37246, u1153 ," Yeah, I heard that.  Now tell me what you really do."",,,,,,,,,,,,,,,,,,,,,,,,,,,,,,,", u1150 ,m75,,
37247, u1150 ," Very impressive resume.  Electronic countermeasures, Strategic Air Command ... Black belt in Karate ... Small arms expert ... Mr. Zeddemore, as you may have heard, we locate ghosts and spirits, trap them with streams of concentrated quantum energy and remove them from people's homes, offices and places of worship."",,,,,,,,,,,,,,,,,,,,,,,,,,,,,,,", u1153 ,m75,,
