,User_id,text,sec_user,movies_name,relationship,attachment
39471, u1210 ," I will. So long, Bobo."",,,,,,,,,,,,,,,,,,,,,,,,,,,,,,,", u1202 ,m79,,
39472, u1202 ," Worries about his mother, eh? Give him a hug for me."",,,,,,,,,,,,,,,,,,,,,,,,,,,,,,,", u1210 ,m79,,
39473, u1210 ," Well, you can tell them I said they're right.  I better get going. Roy'll wonder where I am."",,,,,,,,,,,,,,,,,,,,,,,,,,,,,,,", u1202 ,m79,,
39474, u1202 ," Yeah? You really think so? A lot of people been telling me the same thing.,,,,,,,,,,,,,,,,,,,,,,,,,,,,,,,", u1210 ,m79,,
39475, u1210 ," You know, I like that suit, Bobo. I don't know what there is about it, but it somehow makes you look taller."",,,,,,,,,,,,,,,,,,,,,,,,,,,,,,,", u1202 ,m79,,
39476, u1202 ," You know it, Lilly."",,,,,,,,,,,,,,,,,,,,,,,,,,,,,,,", u1210 ,m79,,
39477, u1210 ," Or else he's working an angle. If he doesn't steal a little, he's steeling big."",,,,,,,,,,,,,,,,,,,,,,,,,,,,,,,", u1202 ,m79,,
39478, u1202 ," You're a thousand percent right!,,,,,,,,,,,,,,,,,,,,,,,,,,,,,,,", u1210 ,m79,,
39479, u1210 ," A person that don't look out for himself is too dumb to look out for anybody else. He's a liability, right, Bobo?"",,,,,,,,,,,,,,,,,,,,,,,,,,,,,,,", u1202 ,m79,,
39480, u1202 ," That's right. Take a little, leave a little."",,,,,,,,,,,,,,,,,,,,,,,,,,,,,,,", u1210 ,m79,,
39481, u1210 ," Oh, well, you know. I just clip a buck here and a buck there. Not enough to notice."",,,,,,,,,,,,,,,,,,,,,,,,,,,,,,,", u1202 ,m79,,
39482, u1202 ," Not skimming a thing, Lilly?"",,,,,,,,,,,,,,,,,,,,,,,,,,,,,,,", u1202 ,m79,,
39483, u1202 ," On the square, huh? And how are you making out these days? Stealing much?"",,,,,,,,,,,,,,,,,,,,,,,,,,,,,,,", u1210 ,m79,,
39484, u1210 ," He's a good kid. A salesman.,,,,,,,,,,,,,,,,,,,,,,,,,,,,,,,", u1202 ,m79,,
39485, u1202 ," See your son, huh? Well, that's nice. A side of you I didn't know, Lilly."",,,,,,,,,,,,,,,,,,,,,,,,,,,,,,,", u1210 ,m79,,
39486, u1210 ," Gee, I better not, if it's okay. I still gotta drive back up to Los Ang-gleez."",,,,,,,,,,,,,,,,,,,,,,,,,,,,,,,", u1202 ,m79,,
39487, u1202 ," You want a drink?,,,,,,,,,,,,,,,,,,,,,,,,,,,,,,,", u1210 ,m79,,
39488, u1210 ," Oh, thanks, Bobo."",,,,,,,,,,,,,,,,,,,,,,,,,,,,,,,", u1202 ,m79,,
39489, u1202 ," Almost forgot. That ten grand of yours. It's in the envelope by the door.,,,,,,,,,,,,,,,,,,,,,,,,,,,,,,,", u1202 ,m79,,
39490, u1202 ," You'll never shit right again.,,,,,,,,,,,,,,,,,,,,,,,,,,,,,,,", u1210 ,m79,,
39491, u1210 ," Permanent damage.,,,,,,,,,,,,,,,,,,,,,,,,,,,,,,,", u1202 ,m79,,
39492, u1202 ," What's that, Lilly?"",,,,,,,,,,,,,,,,,,,,,,,,,,,,,,,", u1210 ,m79,,
39493, u1210 ," It can louse up your insides. You can get puh, puh, puh..."",,,,,,,,,,,,,,,,,,,,,,,,,,,,,,,", u1202 ,m79,,
39494, u1202 ," And if you do it wrong?,,,,,,,,,,,,,,,,,,,,,,,,,,,,,,,", u1210 ,m79,,
39495, u1210 ," You hit a person with the oranges in the towel, they get big, awful looking bruises, but they don't really get hurt, not if you do it right. It's for working scams against insurance companies."",,,,,,,,,,,,,,,,,,,,,,,,,,,,,,,", u1202 ,m79,,
39496, u1202 ," Tell me about the oranges, Lilly."",,,,,,,,,,,,,,,,,,,,,,,,,,,,,,,", u1210 ,m79,,
39497, u1210 ," You mean, the insurance frammis?"",,,,,,,,,,,,,,,,,,,,,,,,,,,,,,,", u1202 ,m79,,
39498, u1202 ," You ever hear about the oranges?,,,,,,,,,,,,,,,,,,,,,,,,,,,,,,,", u1202 ,m79,,
39499, u1202 ," I'll loan you a raincoat.,,,,,,,,,,,,,,,,,,,,,,,,,,,,,,,", u1210 ,m79,,
39500, u1210 ," No.,,,,,,,,,,,,,,,,,,,,,,,,,,,,,,,", u1202 ,m79,,
39501, u1202 ," You got any kind of long coat in the car? Anything you can wear home over your clothes?,,,,,,,,,,,,,,,,,,,,,,,,,,,,,,,", u1210 ,m79,,
39502, u1210 ," You're calling the shots.,,,,,,,,,,,,,,,,,,,,,,,,,,,,,,,", u1202 ,m79,,
39503, u1202 ," It happened once. With me, that's making a habit of it."",,,,,,,,,,,,,,,,,,,,,,,,,,,,,,,", u1210 ,m79,,
39504, u1210 ," It'll never happen again. I swear.,,,,,,,,,,,,,,,,,,,,,,,,,,,,,,,", u1202 ,m79,,
39505, u1202 ," I got a lot of people work for me, Lilly. I can't have shit like this."",,,,,,,,,,,,,,,,,,,,,,,,,,,,,,,", u1202 ,m79,,
39506, u1202 ," You expect me to buy this?,,,,,,,,,,,,,,,,,,,,,,,,,,,,,,,", u1210 ,m79,,
39507, u1210 ," I never fucked up before, Bobo."",,,,,,,,,,,,,,,,,,,,,,,,,,,,,,,", u1202 ,m79,,
39508, u1202 ," Motherhood.,,,,,,,,,,,,,,,,,,,,,,,,,,,,,,,", u1210 ,m79,,
39509, u1210 ," He left home a long time ago. He was in the hospital, up in Los Ang gleez, real sick."",,,,,,,,,,,,,,,,,,,,,,,,,,,,,,,", u1202 ,m79,,
39510, u1202 ," What the fuck are you doin with a son?,,,,,,,,,,,,,,,,,,,,,,,,,,,,,,,", u1210 ,m79,,
39511, u1210 ," My son was in the hospital --,,,,,,,,,,,,,,,,,,,,,,,,,,,,,,,", u1202 ,m79,,
39512, u1202 ," Your what?,,,,,,,,,,,,,,,,,,,,,,,,,,,,,,,", u1210 ,m79,,
39513, u1210 ," My son --,,,,,,,,,,,,,,,,,,,,,,,,,,,,,,,", u1202 ,m79,,
39514, u1202 ," You wanna talk to me straight up?,,,,,,,,,,,,,,,,,,,,,,,,,,,,,,,", u1210 ,m79,,
39515, u1210 ," Bobo, no, I --"",,,,,,,,,,,,,,,,,,,,,,,,,,,,,,,", u1202 ,m79,,
39516, u1202 ," Now I'll ask you another. You think I got no contacts out here? That nag paid off at just the opening price. There wasn't hardly a flutter on the tote board from the time the odds were posted. There ain't enough action to tickle the tote, but you claim a ten grand win! You send me ten thousand dollars, like I'm some mark you can blow off!"",,,,,,,,,,,,,,,,,,,,,,,,,,,,,,,", u1210 ,m79,,
39517, u1210 ," I want to keep my teeth.,,,,,,,,,,,,,,,,,,,,,,,,,,,,,,,", u1202 ,m79,,
39518, u1202 ," One question. Do you want to stick to that story, or do you want to keep your teeth?"",,,,,,,,,,,,,,,,,,,,,,,,,,,,,,,", u1210 ,m79,,
39519, u1210 ," I was down on that horse, Bobo. Not as much as I should have been, but there was a lot of action on those--"",,,,,,,,,,,,,,,,,,,,,,,,,,,,,,,", u1202 ,m79,,
39520, u1202 ," You're fuckin right you're not. How much did your pals cut you in for on that nag, huh? Or did they give you the same kind of screwing you gave me?"",,,,,,,,,,,,,,,,,,,,,,,,,,,,,,,", u1210 ,m79,,
39521, u1210 ," I'm not getting away with anything, Bobo."",,,,,,,,,,,,,,,,,,,,,,,,,,,,,,,", u1202 ,m79,,
39522, u1202 ," How'd you figure you were gonna get away with that?,,,,,,,,,,,,,,,,,,,,,,,,,,,,,,,", u1202 ,m79,,
39523, u1202 ," You work for me, huh? Then I just may flush you down the toilet. Drive me to the Durando."",,,,,,,,,,,,,,,,,,,,,,,,,,,,,,,", u1210 ,m79,,
39524, u1210 ," Well, I guess so. You're the guy I work for."",,,,,,,,,,,,,,,,,,,,,,,,,,,,,,,", u1202 ,m79,,
39525, u1202 ," Did I buy you that dress, you piece of shit?"",,,,,,,,,,,,,,,,,,,,,,,,,,,,,,,", u1210 ,m79,,
39526, u1210 ," Hi, Bobo."",,,,,,,,,,,,,,,,,,,,,,,,,,,,,,,", u1203 ,m79,,
39527, u1203 ," No problem. My husband gets up the crack of dawn.  It's his kidneys.,,,,,,,,,,,,,,,,,,,,,,,,,,,,,,,", u1210 ,m79,,
39528, u1210 ," And I'll want to leave an early wake-up call.,,,,,,,,,,,,,,,,,,,,,,,,,,,,,,,", u1210 ,m79,,
39529, u1210 ," Fine.,,,,,,,,,,,,,,,,,,,,,,,,,,,,,,,", u1203 ,m79,,
39530, u1203 ," Right in front of the room.,,,,,,,,,,,,,,,,,,,,,,,,,,,,,,,", u1210 ,m79,,
39531, u1210 ," Sounds perfect. I can park my car back there?,,,,,,,,,,,,,,,,,,,,,,,,,,,,,,,", u1203 ,m79,,
39532, u1203 ," I'll put you in one thirty-one. Very quiet. Faces the desert.,,,,,,,,,,,,,,,,,,,,,,,,,,,,,,,", u1210 ,m79,,
39533, u1210 ," Do you have something around back, facing away from the road?"",,,,,,,,,,,,,,,,,,,,,,,,,,,,,,,", u1203 ,m79,,
39534, u1203 ," Those trucks. I know exactly what you mean.,,,,,,,,,,,,,,,,,,,,,,,,,,,,,,,", u1210 ,m79,,
39535, u1210 ," I'm a very light sleeper, traffic noise keeps me wide awake all night."",,,,,,,,,,,,,,,,,,,,,,,,,,,,,,,", u1203 ,m79,,
39536, u1203 ," Oh, everything's the same size, same price."",,,,,,,,,,,,,,,,,,,,,,,,,,,,,,,", u1210 ,m79,,
39537, u1210 ," Good evening. I'd like a single for tonight.,,,,,,,,,,,,,,,,,,,,,,,,,,,,,,,", u1203 ,m79,,
39538, u1203 ," Evening. Welcome to Phoenix.,,,,,,,,,,,,,,,,,,,,,,,,,,,,,,,", u1203 ,m79,,
39539, u1203 ," Hah.,,,,,,,,,,,,,,,,,,,,,,,,,,,,,,,", u1210 ,m79,,
39540, u1210 ," Come on, kid, let's see if there's any food in the house."",,,,,,,,,,,,,,,,,,,,,,,,,,,,,,,", u1210 ,m79,,
39541, u1210 ," I like you, too."",,,,,,,,,,,,,,,,,,,,,,,,,,,,,,,", u1203 ,m79,,
39542, u1203 ," The kids beat him up, because his home life is, uh, different."",,,,,,,,,,,,,,,,,,,,,,,,,,,,,,,", u1210 ,m79,,
39543, u1210 ," Roy? He's always crying.,,,,,,,,,,,,,,,,,,,,,,,,,,,,,,,", u1203 ,m79,,
39544, u1203 ," Your kid's in the back here. He's crying.,,,,,,,,,,,,,,,,,,,,,,,,,,,,,,,", u1213 ,m79,,
39545, u1213 ," Oh, Cole, please. Please come out of it. What would I do without you?"",,,,,,,,,,,,,,,,,,,,,,,,,,,,,,,", u1204 ,m79,,
39546, u1204 ," Demon! Demon! That's why you can walk on it! Demon!,,,,,,,,,,,,,,,,,,,,,,,,,,,,,,,", u1204 ,m79,,
39547, u1204 ," It's all hollow. Nothing behind it.,,,,,,,,,,,,,,,,,,,,,,,,,,,,,,,", u1213 ,m79,,
39548, u1213 ," It's just the strain again, the stress. We'll take a vacation."",,,,,,,,,,,,,,,,,,,,,,,,,,,,,,,", u1204 ,m79,,
39549, u1204 ," Can't move.,,,,,,,,,,,,,,,,,,,,,,,,,,,,,,,", u1213 ,m79,,
39550, u1213 ," Cole, it'll be all right. Honey?"",,,,,,,,,,,,,,,,,,,,,,,,,,,,,,,", u1213 ,m79,,
39551, u1213 ," Henry, no!"",,,,,,,,,,,,,,,,,,,,,,,,,,,,,,,", u1204 ,m79,,
39552, u1204 ," You ruined me! You destroyed me!,,,,,,,,,,,,,,,,,,,,,,,,,,,,,,,", u1213 ,m79,,
39553, u1213 ," We're not really interested, Henry."",,,,,,,,,,,,,,,,,,,,,,,,,,,,,,,", u1204 ,m79,,
39554, u1204 ," Come take a look. An entire-suite of main-frame computer.,,,,,,,,,,,,,,,,,,,,,,,,,,,,,,,", u1213 ,m79,,
39555, u1213 ," Oh, Henry, no, that's just boring."",,,,,,,,,,,,,,,,,,,,,,,,,,,,,,,", u1204 ,m79,,
39556, u1204 ," Want a look?,,,,,,,,,,,,,,,,,,,,,,,,,,,,,,,", u1204 ,m79,,
39557, u1204 ," Mister Hebbing, we are talking about breaking the law here, I want to be sure you understand that. No one gets hurt, but the law does get broken."",,,,,,,,,,,,,,,,,,,,,,,,,,,,,,,", u1213 ,m79,,
39558, u1213 ," So here we are!,,,,,,,,,,,,,,,,,,,,,,,,,,,,,,,", u1204 ,m79,,
39559, u1204 ," Well. If Mary Beth vouches for you, and if she told you the story already..."",,,,,,,,,,,,,,,,,,,,,,,,,,,,,,,", u1213 ,m79,,
39560, u1213 ," Oh, I know, I know, and you've been wonderful since I was widowed. But Mister Hebbing has--  -- you don't mind my telling him, darling --  -- suffered reverses. If he could..."",,,,,,,,,,,,,,,,,,,,,,,,,,,,,,,", u1204 ,m79,,
39561, u1204 ," Mary Beth! This has never been anything but --,,,,,,,,,,,,,,,,,,,,,,,,,,,,,,,", u1213 ,m79,,
39562, u1213 ," Henry, next time, couldn't Mister Hebbing --"",,,,,,,,,,,,,,,,,,,,,,,,,,,,,,,", u1213 ,m79,,
39563, u1213 ," Goody!,,,,,,,,,,,,,,,,,,,,,,,,,,,,,,,", u1204 ,m79,,
39564, u1204 ," Well, I'll have to take your word for it, Mary Beth. Here's your money."",,,,,,,,,,,,,,,,,,,,,,,,,,,,,,,", u1213 ,m79,,
39565, u1213 ," Well, of course not! I know how dangerous this is. But I would trust Mister Hebbing with anything.  Wouldn't I, darling?"",,,,,,,,,,,,,,,,,,,,,,,,,,,,,,,", u1204 ,m79,,
39566, u1204 ," Mary Beth, I hope you aren't spreading this good news too widely."",,,,,,,,,,,,,,,,,,,,,,,,,,,,,,,", u1213 ,m79,,
39567, u1213 ," Oh, I told Mister Hebbing all about it, how brilliant you are at making money for your special clients!"",,,,,,,,,,,,,,,,,,,,,,,,,,,,,,,", u1204 ,m79,,
39568, u1204 ," Mary Beth, what we have here, uh..."",,,,,,,,,,,,,,,,,,,,,,,,,,,,,,,", u1204 ,m79,,
39569, u1204 ," You brought a case? Good.,,,,,,,,,,,,,,,,,,,,,,,,,,,,,,,", u1206 ,m79,,
39570, u1206 ," I must admit, Mister Fellowes, I had moments I was worried."",,,,,,,,,,,,,,,,,,,,,,,,,,,,,,,", u1204 ,m79,,
39571, u1204 ," Here you are! Two rich people!,,,,,,,,,,,,,,,,,,,,,,,,,,,,,,,", u1204 ,m79,,
39572, u1204 ," These machines -- They're in here.,,,,,,,,,,,,,,,,,,,,,,,,,,,,,,,", u1206 ,m79,,
39573, u1206 ," Seven seconds. I don't see how you do it.,,,,,,,,,,,,,,,,,,,,,,,,,,,,,,,", u1204 ,m79,,
39574, u1204 ," We have to be ready. We have to have the money, and we have to know what the information means, and we have to move immediately."",,,,,,,,,,,,,,,,,,,,,,,,,,,,,,,", u1206 ,m79,,
39575, u1206 ," Not much time.,,,,,,,,,,,,,,,,,,,,,,,,,,,,,,,", u1204 ,m79,,
39576, u1204 ," Every once in a while, a major change comes through. We have seven seconds to take advantage, put our buy order, our sell order, into the computer in New York before the Tokyo data comes in."",,,,,,,,,,,,,,,,,,,,,,,,,,,,,,,", u1206 ,m79,,
39577, u1206 ," Well, you've got your information ahead of New York, I see that."",,,,,,,,,,,,,,,,,,,,,,,,,,,,,,,", u1204 ,m79,,
39578, u1204 ," You're right! And this boy tapped into that main link between Tokyo and the New York Stock Exchange. He can give us, when it's really useful, a seven second delay in that movement of information. Do you know what that means?"",,,,,,,,,,,,,,,,,,,,,,,,,,,,,,,", u1206 ,m79,,
39579, u1206 ," One of those computer geniuses, isn't it?"",,,,,,,,,,,,,,,,,,,,,,,,,,,,,,,", u1204 ,m79,,
39580, u1204 ," The Tokyo Exchange is nine hours ahead of us, New York one hour behind. There isn't one hour of the day when both are open. Information moves, but it has to wait. Now, we have a young fellow working here -- Do you know what a hacker is, Mister Hebbing?"",,,,,,,,,,,,,,,,,,,,,,,,,,,,,,,", u1206 ,m79,,
39581, u1206 ," I can keep my mouth shut, Mister Fellowes."",,,,,,,,,,,,,,,,,,,,,,,,,,,,,,,", u1204 ,m79,,
39582, u1204 ," Loose talk is the one thing I worry about.,,,,,,,,,,,,,,,,,,,,,,,,,,,,,,,", u1206 ,m79,,
39583, u1206 ," I certainly hope not.,,,,,,,,,,,,,,,,,,,,,,,,,,,,,,,", u1204 ,m79,,
39584, u1204 ," And I don't just mean the SEC. We could have the FBI breathing down our necks.,,,,,,,,,,,,,,,,,,,,,,,,,,,,,,,", u1206 ,m79,,
39585, u1206 ," Well, that's what the law's for, isn't it?"",,,,,,,,,,,,,,,,,,,,,,,,,,,,,,,", u1210 ,m79,,
39586, u1210 ," My son will be all right. If he isn't, I'll have you killed."",,,,,,,,,,,,,,,,,,,,,,,,,,,,,,,", u1205 ,m79,,
39587, u1205 ," Yes, yes, but that's --"",,,,,,,,,,,,,,,,,,,,,,,,,,,,,,,", u1210 ,m79,,
39588, u1210 ," You know who I work for.,,,,,,,,,,,,,,,,,,,,,,,,,,,,,,,", u1205 ,m79,,
39589, u1205 ," His blood pressure is under a hundred. I don't think he'll live to get to the hospital.,,,,,,,,,,,,,,,,,,,,,,,,,,,,,,,", u1210 ,m79,,
39590, u1210 ," Well, make it stop!"",,,,,,,,,,,,,,,,,,,,,,,,,,,,,,,", u1205 ,m79,,
39591, u1205 ," Mrs. Dillon, your son was in some sort of accident. He's had an internal hemorrhage, he's bleeding to death inside."",,,,,,,,,,,,,,,,,,,,,,,,,,,,,,,", u1210 ,m79,,
39592, u1210 ," What? He's going to be all right!,,,,,,,,,,,,,,,,,,,,,,,,,,,,,,,", u1205 ,m79,,
39593, u1205 ," The ambulance is on the way, for what good it will do."",,,,,,,,,,,,,,,,,,,,,,,,,,,,,,,", u1210 ,m79,,
39594, u1210 ," Maybe I'll swing around Los Ang gleez on the way.,,,,,,,,,,,,,,,,,,,,,,,,,,,,,,,", u1207 ,m79,,
39595, u1207 ," Take two, three days. Call when you get there."",,,,,,,,,,,,,,,,,,,,,,,,,,,,,,,", u1210 ,m79,,
39596, u1210 ," I know.,,,,,,,,,,,,,,,,,,,,,,,,,,,,,,,", u1207 ,m79,,
39597, u1207 ," Nine hundred. Bobo needs somebody to handle playback this time. Come on, Lilly, you don't argue with Bobo."",,,,,,,,,,,,,,,,,,,,,,,,,,,,,,,", u1210 ,m79,,
39598, u1210 ," Delmar? I never go out to California. That's a thousand miles from here.,,,,,,,,,,,,,,,,,,,,,,,,,,,,,,,", u1207 ,m79,,
39599, u1207 ," Bobo wants you to go on to Delmar.,,,,,,,,,,,,,,,,,,,,,,,,,,,,,,,", u1213 ,m79,,
39600, u1213 ," You are seeing it. You're looking right at it.,,,,,,,,,,,,,,,,,,,,,,,,,,,,,,,", u1208 ,m79,,
39601, u1208 ," Well, I'd have to see it, of course."",,,,,,,,,,,,,,,,,,,,,,,,,,,,,,,", u1213 ,m79,,
39602, u1213 ," I have only one thing now. Are you interested?,,,,,,,,,,,,,,,,,,,,,,,,,,,,,,,", u1208 ,m79,,
39603, u1208 ," You'll give us an opportunity to serve you again, I hope. If there's anything you think we might be interested in..."",,,,,,,,,,,,,,,,,,,,,,,,,,,,,,,", u1213 ,m79,,
39604, u1213 ," It's not your fault.,,,,,,,,,,,,,,,,,,,,,,,,,,,,,,,", u1208 ,m79,,
39605, u1208 ," I hope you're not too badly disappointed with us, Mrs. Langtry."",,,,,,,,,,,,,,,,,,,,,,,,,,,,,,,", u1208 ,m79,,
39606, u1208 ," I'll get you a check.,,,,,,,,,,,,,,,,,,,,,,,,,,,,,,,", u1213 ,m79,,
39607, u1213 ," All right.,,,,,,,,,,,,,,,,,,,,,,,,,,,,,,,", u1208 ,m79,,
39608, u1208 ," Why, of course it is. I can offer you -- well, five hundred dollars."",,,,,,,,,,,,,,,,,,,,,,,,,,,,,,,", u1213 ,m79,,
39609, u1213 ," It was a gift. It isn't worth anything at all?,,,,,,,,,,,,,,,,,,,,,,,,,,,,,,,", u1208 ,m79,,
39610, u1208 ," Glass will cut glass, Mrs. Langtry. Do you know where it was purchased?"",,,,,,,,,,,,,,,,,,,,,,,,,,,,,,,", u1213 ,m79,,
39611, u1213 ," But they must be! They cut glass!,,,,,,,,,,,,,,,,,,,,,,,,,,,,,,,", u1208 ,m79,,
39612, u1208 ," This is some of the finest filigreed platinum I've ever seen. But the stones, no. They're not diamonds, Mrs. Langtry."",,,,,,,,,,,,,,,,,,,,,,,,,,,,,,,", u1213 ,m79,,
39613, u1213 ," What is?,,,,,,,,,,,,,,,,,,,,,,,,,,,,,,,", u1208 ,m79,,
39614, u1208 ," I can't understand a thing like this. It's something you almost never see.,,,,,,,,,,,,,,,,,,,,,,,,,,,,,,,", u1213 ,m79,,
39615, u1213 ," But what's wrong?,,,,,,,,,,,,,,,,,,,,,,,,,,,,,,,", u1208 ,m79,,
39616, u1208 ," You are a valued customer, as you know."",,,,,,,,,,,,,,,,,,,,,,,,,,,,,,,", u1213 ,m79,,
39617, u1213 ," Why? What's wrong?,,,,,,,,,,,,,,,,,,,,,,,,,,,,,,,", u1208 ,m79,,
39618, u1208 ," Mrs. Langtry, I'm sorry."",,,,,,,,,,,,,,,,,,,,,,,,,,,,,,,", u1215 ,m79,,
39619, u1215 ," Fair enough.,,,,,,,,,,,,,,,,,,,,,,,,,,,,,,,", u1209 ,m79,,
39620, u1209 ," That's what we'll do, then. But I tell you what, Roy. Before I hire anybody else, I'll ask you one last time. Fair enough?"",,,,,,,,,,,,,,,,,,,,,,,,,,,,,,,", u1215 ,m79,,
39621, u1215 ," Oh, I'd like to stay on. Just keep everything the way it was."",,,,,,,,,,,,,,,,,,,,,,,,,,,,,,,", u1209 ,m79,,
39622, u1209 ," Well, Roy, if that's the way you feel, I won't badger you.  Don't want to lose you as a salesman, too."",,,,,,,,,,,,,,,,,,,,,,,,,,,,,,,", u1215 ,m79,,
39623, u1215 ," Maybe I'm just not ready for that yet.,,,,,,,,,,,,,,,,,,,,,,,,,,,,,,,", u1209 ,m79,,
39624, u1209 ," A well-rounded life. I respect that. But it has to have a center, Roy, something you care about, something you can think about."",,,,,,,,,,,,,,,,,,,,,,,,,,,,,,,", u1215 ,m79,,
39625, u1215 ," Okay, fine. Perk, the truth is, I like things the way they are now. Pick my own hours, have time for, uh, other activities..."",,,,,,,,,,,,,,,,,,,,,,,,,,,,,,,", u1209 ,m79,,
39626, u1209 ," Perk, remember?"",,,,,,,,,,,,,,,,,,,,,,,,,,,,,,,", u1215 ,m79,,
39627, u1215 ," The truth is, Mr. Kaggs --"",,,,,,,,,,,,,,,,,,,,,,,,,,,,,,,", u1209 ,m79,,
39628, u1209 ," Oh, come on, Roy."",,,,,,,,,,,,,,,,,,,,,,,,,,,,,,,", u1215 ,m79,,
39629, u1215 ," I guess I'm just not a leader of men.,,,,,,,,,,,,,,,,,,,,,,,,,,,,,,,", u1209 ,m79,,
39630, u1209 ," You're turning me down? Makes no sense, Roy."",,,,,,,,,,,,,,,,,,,,,,,,,,,,,,,", u1215 ,m79,,
39631, u1215 ," Mr. Kaggs, I'm sorry."",,,,,,,,,,,,,,,,,,,,,,,,,,,,,,,", u1209 ,m79,,
39632, u1209 ," Good to have you back, Roy. I was just looking at --"",,,,,,,,,,,,,,,,,,,,,,,,,,,,,,,", u1215 ,m79,,
39633, u1215 ," Perk.,,,,,,,,,,,,,,,,,,,,,,,,,,,,,,,", u1209 ,m79,,
39634, u1209 ," And I'm Perk. Short for Percy, I'm afraid."",,,,,,,,,,,,,,,,,,,,,,,,,,,,,,,", u1215 ,m79,,
39635, u1215 ," Oh, sure. Fine."",,,,,,,,,,,,,,,,,,,,,,,,,,,,,,,", u1209 ,m79,,
39636, u1209 ," See you in a week, Roy. I can call you Roy?"",,,,,,,,,,,,,,,,,,,,,,,,,,,,,,,", u1215 ,m79,,
39637, u1215 ," Well...,,,,,,,,,,,,,,,,,,,,,,,,,,,,,,,", u1209 ,m79,,
39638, u1209 ," I take care of the being-fair-to-me department. Things've gone to hell this long, they can go a little longer."",,,,,,,,,,,,,,,,,,,,,,,,,,,,,,,", u1215 ,m79,,
39639, u1215 ," But you need a man right now. It wouldn't be fair to you to --,,,,,,,,,,,,,,,,,,,,,,,,,,,,,,,", u1209 ,m79,,
39640, u1209 ," I didn't realize. Yeah, you do look a little pale. How soon will you be ready? A week?"",,,,,,,,,,,,,,,,,,,,,,,,,,,,,,,", u1215 ,m79,,
39641, u1215 ," I can't take that job! I mean, I mean, I can't take it right away. I'm still recuperating, I just dropped in to say hello, see everybody --"",,,,,,,,,,,,,,,,,,,,,,,,,,,,,,,", u1209 ,m79,,
39642, u1209 ," No?,,,,,,,,,,,,,,,,,,,,,,,,,,,,,,,", u1215 ,m79,,
39643, u1215 ," Well, uh... No."",,,,,,,,,,,,,,,,,,,,,,,,,,,,,,,", u1209 ,m79,,
39644, u1209 ," That's just the first year. If you aren't worth a lot more than that the second year, I'll kick you out. What do you say?"",,,,,,,,,,,,,,,,,,,,,,,,,,,,,,,", u1215 ,m79,,
39645, u1215 ," What? Me?,,,,,,,,,,,,,,,,,,,,,,,,,,,,,,,", u1209 ,m79,,
39646, u1209 ," I don't know offhand what your best year's been, we can look it up. The idea is, we'll top it by fifteen percent."",,,,,,,,,,,,,,,,,,,,,,,,,,,,,,,", u1215 ,m79,,
39647, u1215 ," Sounds like a good Idea.,,,,,,,,,,,,,,,,,,,,,,,,,,,,,,,", u1209 ,m79,,
39648, u1209 ," That's right, you've had to supervise yourself. This place needs a sales manager. Somebody who's proved he's a salesman and can handle other salesmen. He'd have a lot of deadwood to clear out, new men to hire. What do you think?"",,,,,,,,,,,,,,,,,,,,,,,,,,,,,,,", u1215 ,m79,,
39649, u1215 ," Just myself.,,,,,,,,,,,,,,,,,,,,,,,,,,,,,,,", u1209 ,m79,,
39650, u1209 ," Makes no difference to me if they're only on commission. If they don't make good money, they're not giving us good representation, and we can't afford to have them around. Ever supervise salesmen?"",,,,,,,,,,,,,,,,,,,,,,,,,,,,,,,", u1215 ,m79,,
39651, u1215 ," So I heard.,,,,,,,,,,,,,,,,,,,,,,,,,,,,,,,", u1209 ,m79,,
39652, u1209 ," When I said you being the best salesman here didn't say much, I meant for us. I know your record with Sarber and Webb, and I'd say you're a top-flight man, but you've had no incentive. No one walking on your heels. Just a lot of half asses, so the tendency's been not to stretch yourself. I'm bouncing the slobs, incidentally."",,,,,,,,,,,,,,,,,,,,,,,,,,,,,,,", u1215 ,m79,,
39653, u1215 ," Lead on.,,,,,,,,,,,,,,,,,,,,,,,,,,,,,,,", u1209 ,m79,,
39654, u1209 ," You're right. I apologize. But I still want to talk to you.,,,,,,,,,,,,,,,,,,,,,,,,,,,,,,,", u1215 ,m79,,
39655, u1215 ," That was a pretty backhanded compliment. If I let people get away with things like that, I wouldn't be a good salesman."",,,,,,,,,,,,,,,,,,,,,,,,,,,,,,,", u1209 ,m79,,
39656, u1209 ," What's up?,,,,,,,,,,,,,,,,,,,,,,,,,,,,,,,", u1209 ,m79,,
39657, u1209 ," I know that. Knew it when I saw you out there. The best salesman here, which isn't saying much. Want to talk to you, Dillon."",,,,,,,,,,,,,,,,,,,,,,,,,,,,,,,", u1215 ,m79,,
39658, u1215 ," Roy Dillon.,,,,,,,,,,,,,,,,,,,,,,,,,,,,,,,", u1209 ,m79,,
39659, u1209 ," Kaggs. Home office.,,,,,,,,,,,,,,,,,,,,,,,,,,,,,,,", u1209 ,m79,,
39660, u1209 ," Hello.,,,,,,,,,,,,,,,,,,,,,,,,,,,,,,,", u1215 ,m79,,
39661, u1215 ," Whadaya say?,,,,,,,,,,,,,,,,,,,,,,,,,,,,,,,", u1215 ,m79,,
39662, u1215 ," NO!,,,,,,,,,,,,,,,,,,,,,,,,,,,,,,,", u1210 ,m79,,
39663, u1210 ," Is there nothing I can do, Roy, nothing at --"",,,,,,,,,,,,,,,,,,,,,,,,,,,,,,,", u1215 ,m79,,
39664, u1215 ," Lilly, Jesus, what are you doing?"",,,,,,,,,,,,,,,,,,,,,,,,,,,,,,,", u1210 ,m79,,
39665, u1210 ," I have to have that money, Roy. What do I have to do to get it?"",,,,,,,,,,,,,,,,,,,,,,,,,,,,,,,", u1215 ,m79,,
39666, u1215 ," There's nothing more to talk about.,,,,,,,,,,,,,,,,,,,,,,,,,,,,,,,", u1215 ,m79,,
39667, u1215 ," What?,,,,,,,,,,,,,,,,,,,,,,,,,,,,,,,", u1210 ,m79,,
39668, u1210 ," Roy... What if I told you I wasn't really your mother? That we weren't related?,,,,,,,,,,,,,,,,,,,,,,,,,,,,,,,", u1215 ,m79,,
39669, u1215 ," Just trying to help, Lilly."",,,,,,,,,,,,,,,,,,,,,,,,,,,,,,,", u1210 ,m79,,
39670, u1210 ," ) That's what it is, isn't it? Keep me down. Your turn to be in charge, have the power."",,,,,,,,,,,,,,,,,,,,,,,,,,,,,,,", u1215 ,m79,,
39671, u1215 ," That money wouldn't last forever. And then what? You'd be back in some other part of the rackets. Another Bobo Justus to slap you around and burn holes in your hands. This way, you've got to go the square route. You could send me a card when you're settled, I could maybe help out sometimes..."",,,,,,,,,,,,,,,,,,,,,,,,,,,,,,,", u1210 ,m79,,
39672, u1210 ," A future. The only future I've got.,,,,,,,,,,,,,,,,,,,,,,,,,,,,,,,", u1215 ,m79,,
39673, u1215 ," If I should get out of the racket, that goes double for you. That's why you've got to change your life completely, go to some town, get a square job, live like a john yourself. If you try to do it your way, what future is in it?"",,,,,,,,,,,,,,,,,,,,,,,,,,,,,,,", u1215 ,m79,,
39674, u1215 ," Oh, that's it! You're stealing my money for my own good! How very motherly of you, Lilly."",,,,,,,,,,,,,,,,,,,,,,,,,,,,,,,", u1210 ,m79,,
39675, u1210 ," And that's why you've got to get rid of this money. If you keep it around, it'll just make you think how clever you are. It'll be a temptation to get back into the game."",,,,,,,,,,,,,,,,,,,,,,,,,,,,,,,", u1215 ,m79,,
39676, u1215 ," Well, it doesn't matter, does it? I'm getting out."",,,,,,,,,,,,,,,,,,,,,,,,,,,,,,,", u1210 ,m79,,
39677, u1210 ," Sure, sure, that doesn't count. That's different."",,,,,,,,,,,,,,,,,,,,,,,,,,,,,,,", u1215 ,m79,,
39678, u1215 ," Well, uh..."",,,,,,,,,,,,,,,,,,,,,,,,,,,,,,,", u1210 ,m79,,
39679, u1210 ," Well, I guess I got it wrong, then. Seems to me I heard about a guy just your age that got hit so hard in the guts it almost killed him."",,,,,,,,,,,,,,,,,,,,,,,,,,,,,,,", u1215 ,m79,,
39680, u1215 ," I don't see why not.,,,,,,,,,,,,,,,,,,,,,,,,,,,,,,,", u1210 ,m79,,
39681, u1210 ," If you stayed a crook, do you think you'd live to be my ripe age?"",,,,,,,,,,,,,,,,,,,,,,,,,,,,,,,", u1215 ,m79,,
39682, u1215 ," I don't?,,,,,,,,,,,,,,,,,,,,,,,,,,,,,,,", u1210 ,m79,,
39683, u1210 ," That's good. You don't really belong on this side of the fence, you know."",,,,,,,,,,,,,,,,,,,,,,,,,,,,,,,", u1215 ,m79,,
39684, u1215 ," That's right.,,,,,,,,,,,,,,,,,,,,,,,,,,,,,,,", u1210 ,m79,,
39685, u1210 ," You're getting off the grift?,,,,,,,,,,,,,,,,,,,,,,,,,,,,,,,", u1215 ,m79,,
39686, u1215 ," No.,,,,,,,,,,,,,,,,,,,,,,,,,,,,,,,", u1210 ,m79,,
39687, u1210 ," I gave you your life twice. I'm asking you to give me mine once. I need the money.,,,,,,,,,,,,,,,,,,,,,,,,,,,,,,,", u1215 ,m79,,
39688, u1215 ," For God's sake, Lilly!"",,,,,,,,,,,,,,,,,,,,,,,,,,,,,,,", u1210 ,m79,,
39689, u1210 ," And making you feel bad at the same time, huh? But that's the way I am, you know, the way I've always been. Always picking on poor little Roy."",,,,,,,,,,,,,,,,,,,,,,,,,,,,,,,", u1215 ,m79,,
39690, u1215 ," What do you want me to do? Pin a halo on you? You're doing a pretty good job of that yourself.,,,,,,,,,,,,,,,,,,,,,,,,,,,,,,,", u1210 ,m79,,
39691, u1210 ," No, I guess not. It was pretty lousy of me, I guess, to be a child at the same time you were. Not to stop being a child just because I had a child. I guess I was a real stinker not to be a grown-up when you needed a grown-up."",,,,,,,,,,,,,,,,,,,,,,,,,,,,,,,", u1215 ,m79,,
39692, u1215 ," Never.,,,,,,,,,,,,,,,,,,,,,,,,,,,,,,,", u1210 ,m79,,
39693, u1210 ," I wonder did you ever think about it from my side.,,,,,,,,,,,,,,,,,,,,,,,,,,,,,,,", u1215 ,m79,,
39694, u1215 ," Uh-huh.,,,,,,,,,,,,,,,,,,,,,,,,,,,,,,,", u1210 ,m79,,
39695, u1210 ," A bad mother. By any standards. I've thought about it, you know, from your side, since then. I know just how bad I was."",,,,,,,,,,,,,,,,,,,,,,,,,,,,,,,", u1215 ,m79,,
39696, u1215 ," Not very good!,,,,,,,,,,,,,,,,,,,,,,,,,,,,,,,", u1210 ,m79,,
39697, u1210 ," Oh, really? You've got a legitimate complaint, Roy, I don't deny that. I wasn't a very good mother when you were a kid."",,,,,,,,,,,,,,,,,,,,,,,,,,,,,,,", u1215 ,m79,,
39698, u1215 ," Oh? I didn't know anything was.,,,,,,,,,,,,,,,,,,,,,,,,,,,,,,,", u1210 ,m79,,
39699, u1210 ," I know what's bugging you, of course."",,,,,,,,,,,,,,,,,,,,,,,,,,,,,,,", u1215 ,m79,,
39700, u1215 ," Oh, you'll live, Lilly."",,,,,,,,,,,,,,,,,,,,,,,,,,,,,,,", u1210 ,m79,,
39701, u1210 ," You don't know what I'd do, Roy. You have no idea. To live."",,,,,,,,,,,,,,,,,,,,,,,,,,,,,,,", u1210 ,m79,,
39702, u1210 ," I'll get it.,,,,,,,,,,,,,,,,,,,,,,,,,,,,,,,", u1215 ,m79,,
39703, u1215 ," Yeah, sure, that sounds nice."",,,,,,,,,,,,,,,,,,,,,,,,,,,,,,,", u1210 ,m79,,
39704, u1210 ," No, but I'm goddamn thirsty. Ice water?"",,,,,,,,,,,,,,,,,,,,,,,,,,,,,,,", u1215 ,m79,,
39705, u1215 ," I don't think so. You probably shouldn't either.,,,,,,,,,,,,,,,,,,,,,,,,,,,,,,,", u1210 ,m79,,
39706, u1210 ," You want a drink?,,,,,,,,,,,,,,,,,,,,,,,,,,,,,,,", u1215 ,m79,,
39707, u1215 ," No.,,,,,,,,,,,,,,,,,,,,,,,,,,,,,,,", u1210 ,m79,,
39708, u1210 ," And to survive, my way, I need money. Bobo knows about the stash in the car, so I didn't dare touch it, not if Lilly Dillon's dead. So that leaves this."",,,,,,,,,,,,,,,,,,,,,,,,,,,,,,,", u1215 ,m79,,
39709, u1215 ," I know you do, so that's why --"",,,,,,,,,,,,,,,,,,,,,,,,,,,,,,,", u1210 ,m79,,
39710, u1210 ," Bobo isn't after you! Bobo's after me, and he's goddamn good! But so am I. I'm a survivor, Roy. I survive."",,,,,,,,,,,,,,,,,,,,,,,,,,,,,,,", u1215 ,m79,,
39711, u1215 ," I thought you'd be happy for me. After all, you --"",,,,,,,,,,,,,,,,,,,,,,,,,,,,,,,", u1210 ,m79,,
39712, u1210 ," Roy, that's fine, but I don't have time for this. Bobo --"",,,,,,,,,,,,,,,,,,,,,,,,,,,,,,,", u1215 ,m79,,
39713, u1215 ," I thought it over, and you were right. You wanted me out of the rackets, and now --"",,,,,,,,,,,,,,,,,,,,,,,,,,,,,,,", u1210 ,m79,,
39714, u1210 ," What?,,,,,,,,,,,,,,,,,,,,,,,,,,,,,,,", u1215 ,m79,,
39715, u1215 ," Not any more. Lilly, listen, I'm giving you good advice. I'm following it myself."",,,,,,,,,,,,,,,,,,,,,,,,,,,,,,,", u1210 ,m79,,
39716, u1210 ," Roy, I know what to do with myself! It's a big world out there."",,,,,,,,,,,,,,,,,,,,,,,,,,,,,,,", u1215 ,m79,,
39717, u1215 ," Well, you're gonna start, if you hope to live through this. A square job and a quiet life. You start showing up at the track or the hot spots and Bobo's boys will be all over you."",,,,,,,,,,,,,,,,,,,,,,,,,,,,,,,", u1210 ,m79,,
39718, u1210 ," A job? I've never had a legit job in my life!,,,,,,,,,,,,,,,,,,,,,,,,,,,,,,,", u1215 ,m79,,
39719, u1215 ," You're smart, Lilly, and you're good-looking. You won't have any trouble finding a job."",,,,,,,,,,,,,,,,,,,,,,,,,,,,,,,", u1210 ,m79,,
39720, u1210 ," At what?,,,,,,,,,,,,,,,,,,,,,,,,,,,,,,,", u1215 ,m79,,
39721, u1215 ," Far enough. Maybe up to San Francisco. Or St. Louis, someplace new. Start over."",,,,,,,,,,,,,,,,,,,,,,,,,,,,,,,", u1210 ,m79,,
39722, u1210 ," Her credit cards. How far am I gonna get with that?,,,,,,,,,,,,,,,,,,,,,,,,,,,,,,,", u1215 ,m79,,
39723, u1215 ," And Myra's stuff?,,,,,,,,,,,,,,,,,,,,,,,,,,,,,,,", u1210 ,m79,,
39724, u1210 ," Just a few bucks.,,,,,,,,,,,,,,,,,,,,,,,,,,,,,,,", u1215 ,m79,,
39725, u1215 ," You must have some money.,,,,,,,,,,,,,,,,,,,,,,,,,,,,,,,", u1210 ,m79,,
39726, u1210 ," I need this, Roy. I can't run without money, and if I can't run I'm dead."",,,,,,,,,,,,,,,,,,,,,,,,,,,,,,,", u1215 ,m79,,
39727, u1215 ," Don't be sorry. You're not taking it.,,,,,,,,,,,,,,,,,,,,,,,,,,,,,,,", u1210 ,m79,,
39728, u1210 ," I'm sorry. I hated to take your money, but --"",,,,,,,,,,,,,,,,,,,,,,,,,,,,,,,", u1215 ,m79,,
39729, u1215 ," You've already made a start. Doesn't look that clean, though."",,,,,,,,,,,,,,,,,,,,,,,,,,,,,,,", u1210 ,m79,,
39730, u1210 ," It is, isn't it? And maybe it's a break for me after all. I've been wanting out of the racket for years, and now I'm out. I can make a clean start, and --"",,,,,,,,,,,,,,,,,,,,,,,,,,,,,,,", u1215 ,m79,,
39731, u1215 ," This way's perfect.,,,,,,,,,,,,,,,,,,,,,,,,,,,,,,,", u1210 ,m79,,
39732, u1210 ," I sat in there with her, I thought, what do I do now? Run and I've got Bobo and the law after me. Stay, and how do I explain?"",,,,,,,,,,,,,,,,,,,,,,,,,,,,,,,", u1215 ,m79,,
39733, u1215 ," That's pretty funny, all right. What happened in Phoenix?"",,,,,,,,,,,,,,,,,,,,,,,,,,,,,,,", u1210 ,m79,,
39734, u1210 ," As though you do what I say.,,,,,,,,,,,,,,,,,,,,,,,,,,,,,,,", u1215 ,m79,,
39735, u1215 ," I wouldn't go in on a deal with her. She blamed you for it.,,,,,,,,,,,,,,,,,,,,,,,,,,,,,,,", u1210 ,m79,,
39736, u1210 ," No, you wouldn't. That's what she was after, though. But why hit on me?"",,,,,,,,,,,,,,,,,,,,,,,,,,,,,,,", u1215 ,m79,,
39737, u1215 ," No.,,,,,,,,,,,,,,,,,,,,,,,,,,,,,,,", u1210 ,m79,,
39738, u1210 ," She must have been the one that blew me off with Bobo. I guess to get me running. Did you tell her about my stash?,,,,,,,,,,,,,,,,,,,,,,,,,,,,,,,", u1215 ,m79,,
39739, u1215 ," Myra followed you, huh?"",,,,,,,,,,,,,,,,,,,,,,,,,,,,,,,", u1215 ,m79,,
39740, u1215 ," Even so. You still got time. Relax a minute, tell me what happened. Sit down."",,,,,,,,,,,,,,,,,,,,,,,,,,,,,,,", u1210 ,m79,,
39741, u1210 ," Bobo won't be. He'll spend the money to make sure.,,,,,,,,,,,,,,,,,,,,,,,,,,,,,,,", u1215 ,m79,,
39742, u1215 ," Why should they? The cops are satisfied.,,,,,,,,,,,,,,,,,,,,,,,,,,,,,,,", u1210 ,m79,,
39743, u1210 ," Not for long. Not when they do a fingerprint check.,,,,,,,,,,,,,,,,,,,,,,,,,,,,,,,", u1215 ,m79,,
39744, u1215 ," You're dead, Lilly, it worked."",,,,,,,,,,,,,,,,,,,,,,,,,,,,,,,", u1210 ,m79,,
39745, u1210 ," I've really got to --,,,,,,,,,,,,,,,,,,,,,,,,,,,,,,,", u1215 ,m79,,
39746, u1215 ," Looks very solid, Lilly. Sit down. Take a minute, tell me about it."",,,,,,,,,,,,,,,,,,,,,,,,,,,,,,,", u1210 ,m79,,
39747, u1210 ," Oh, yeah? Is the frame holding?"",,,,,,,,,,,,,,,,,,,,,,,,,,,,,,,", u1215 ,m79,,
39748, u1215 ," I just came back from Phoenix.,,,,,,,,,,,,,,,,,,,,,,,,,,,,,,,", u1210 ,m79,,
39749, u1210 ," Somewhere else, that's for sure."",,,,,,,,,,,,,,,,,,,,,,,,,,,,,,,", u1215 ,m79,,
39750, u1215 ," Going somewhere?,,,,,,,,,,,,,,,,,,,,,,,,,,,,,,,", u1215 ,m79,,
39751, u1215 ," Well, that's good news."",,,,,,,,,,,,,,,,,,,,,,,,,,,,,,,", u1210 ,m79,,
39752, u1210 ," Well, sure, Roy. You want me to drive up --? Okay, fine, come on down.  It won't be a home-cooked meal, you know."",,,,,,,,,,,,,,,,,,,,,,,,,,,,,,,", u1210 ,m79,,
39753, u1210 ," You, too, Roy."",,,,,,,,,,,,,,,,,,,,,,,,,,,,,,,", u1215 ,m79,,
39754, u1215 ," Well... nice to see you again, Lilly."",,,,,,,,,,,,,,,,,,,,,,,,,,,,,,,", u1210 ,m79,,
39755, u1210 ," After the meet. Back to Baltimore.,,,,,,,,,,,,,,,,,,,,,,,,,,,,,,,", u1215 ,m79,,
39756, u1215 ," I guess not. You'll be heading east from here, huh?"",,,,,,,,,,,,,,,,,,,,,,,,,,,,,,,", u1210 ,m79,,
39757, u1210 ," I thought... I was hoping we could play it straight with one another.,,,,,,,,,,,,,,,,,,,,,,,,,,,,,,,", u1210 ,m79,,
39758, u1210 ," No can do. Have to dip in and out of my bag too much. Besides, it'll heal in the air."",,,,,,,,,,,,,,,,,,,,,,,,,,,,,,,", u1215 ,m79,,
39759, u1215 ," You ought to put a bandage on that.,,,,,,,,,,,,,,,,,,,,,,,,,,,,,,,", u1210 ,m79,,
39760, u1210 ," No. That was the point.,,,,,,,,,,,,,,,,,,,,,,,,,,,,,,,", u1215 ,m79,,
39761, u1215 ," Expecting visitors?,,,,,,,,,,,,,,,,,,,,,,,,,,,,,,,", u1210 ,m79,,
39762, u1210 ," You do?,,,,,,,,,,,,,,,,,,,,,,,,,,,,,,,", u1215 ,m79,,
39763, u1215 ," I pay my debts.,,,,,,,,,,,,,,,,,,,,,,,,,,,,,,,", u1210 ,m79,,
39764, u1210 ," Roy, I don't want money from you."",,,,,,,,,,,,,,,,,,,,,,,,,,,,,,,", u1215 ,m79,,
39765, u1215 ," Four grand. For the hospital. Is that enough?,,,,,,,,,,,,,,,,,,,,,,,,,,,,,,,", u1210 ,m79,,
39766, u1210 ," What's that?,,,,,,,,,,,,,,,,,,,,,,,,,,,,,,,", u1215 ,m79,,
39767, u1215 ," We won't hit the track. The beach. Couple a nice restaurants.,,,,,,,,,,,,,,,,,,,,,,,,,,,,,,,", u1210 ,m79,,
39768, u1210 ," If you come out to the track, don't know me."",,,,,,,,,,,,,,,,,,,,,,,,,,,,,,,", u1215 ,m79,,
39769, u1215 ," Myra and me come down to LaJolla for the weekend.,,,,,,,,,,,,,,,,,,,,,,,,,,,,,,,", u1210 ,m79,,
39770, u1210 ," Roy! What are you doing in San Diego?,,,,,,,,,,,,,,,,,,,,,,,,,,,,,,,", u1215 ,m79,,
39771, u1215 ," That's right.,,,,,,,,,,,,,,,,,,,,,,,,,,,,,,,", u1210 ,m79,,
39772, u1210 ," I just give you your life. What you do with it is up to you.,,,,,,,,,,,,,,,,,,,,,,,,,,,,,,,", u1210 ,m79,,
39773, u1210 ," You don't have the stomach for it.,,,,,,,,,,,,,,,,,,,,,,,,,,,,,,,", u1215 ,m79,,
39774, u1215 ," Why?,,,,,,,,,,,,,,,,,,,,,,,,,,,,,,,", u1210 ,m79,,
39775, u1210 ," Get off the grift, Roy."",,,,,,,,,,,,,,,,,,,,,,,,,,,,,,,", u1215 ,m79,,
39776, u1215 ," I tripped over a chair.,,,,,,,,,,,,,,,,,,,,,,,,,,,,,,,", u1210 ,m79,,
39777, u1210 ," You do if you're where I am. Where you want to be. How'd you get that punch in the stomach, Roy?"",,,,,,,,,,,,,,,,,,,,,,,,,,,,,,,", u1215 ,m79,,
39778, u1215 ," You don't put up with that! Nobody has to put up with that!,,,,,,,,,,,,,,,,,,,,,,,,,,,,,,,", u1210 ,m79,,
39779, u1210 ," He let me live. He let me be his friend.,,,,,,,,,,,,,,,,,,,,,,,,,,,,,,,", u1215 ,m79,,
39780, u1215 ," Lucky? You call that lucky?,,,,,,,,,,,,,,,,,,,,,,,,,,,,,,,", u1210 ,m79,,
39781, u1210 ," I sent Bobo ten grand of my own money, like it was the winnings from my bets. I hoped that would cover me.  It didn't."",,,,,,,,,,,,,,,,,,,,,,,,,,,,,,,", u1215 ,m79,,
39782, u1215 ," Bluebell came in?,,,,,,,,,,,,,,,,,,,,,,,,,,,,,,,", u1210 ,m79,,
39783, u1210 ," That was my choice, nothing to do with you. I took a chance, and it didn't work out."",,,,,,,,,,,,,,,,,,,,,,,,,,,,,,,", u1210 ,m79,,
39784, u1210 ," The first day of the Delmar meet, there was a nag called Bluebell. I should have been on it. But that was the day after you came in here, so I stuck around to see how you were gonna be."",,,,,,,,,,,,,,,,,,,,,,,,,,,,,,,", u1215 ,m79,,
39785, u1215 ," Sure.,,,,,,,,,,,,,,,,,,,,,,,,,,,,,,,", u1210 ,m79,,
39786, u1210 ," My boss is a guy named Bobo Justus, back in Baltimore. When a long shot gets too much action, I have to put money on that horse at the track, because it's the only way to get the odds down."",,,,,,,,,,,,,,,,,,,,,,,,,,,,,,,", u1215 ,m79,,
39787, u1215 ," Up to you.,,,,,,,,,,,,,,,,,,,,,,,,,,,,,,,", u1210 ,m79,,
39788, u1210 ," No. And you have to be.,,,,,,,,,,,,,,,,,,,,,,,,,,,,,,,", u1215 ,m79,,
39789, u1215 ," Not as tough as you, huh?"",,,,,,,,,,,,,,,,,,,,,,,,,,,,,,,", u1215 ,m79,,
39790, u1215 ," How come?,,,,,,,,,,,,,,,,,,,,,,,,,,,,,,,", u1210 ,m79,,
39791, u1210 ," That's me. That's who I am. You were never cut out for the rackets, Roy, and if you --"",,,,,,,,,,,,,,,,,,,,,,,,,,,,,,,", u1215 ,m79,,
39792, u1215 ," You're one to talk. Still running playback money for the mob.,,,,,,,,,,,,,,,,,,,,,,,,,,,,,,,", u1210 ,m79,,
39793, u1210 ," You do not! Roy Dillon? Cornball clown pictures? Commission salesman? It's all a front, isn't it? You're on the grift, I know you are. You're working some angle, and don't tell me you're not because I wrote the book!"",,,,,,,,,,,,,,,,,,,,,,,,,,,,,,,", u1215 ,m79,,
39794, u1215 ," I like those.,,,,,,,,,,,,,,,,,,,,,,,,,,,,,,,", u1210 ,m79,,
39795, u1210 ," And that dump you live in! Those clown pictures on the walls!,,,,,,,,,,,,,,,,,,,,,,,,,,,,,,,", u1215 ,m79,,
39796, u1215 ," It's there. The boss called, you said so yourself."",,,,,,,,,,,,,,,,,,,,,,,,,,,,,,,", u1210 ,m79,,
39797, u1210 ," Stop kidding me! Four years in a town like Los Ang-gleez, and a peanut selling job is the best you can do? You expect me to believe that?"",,,,,,,,,,,,,,,,,,,,,,,,,,,,,,,", u1215 ,m79,,
39798, u1215 ," What are you talking about? So I've got a job. So what?,,,,,,,,,,,,,,,,,,,,,,,,,,,,,,,", u1210 ,m79,,
39799, u1210 ," Whatever you say. The manager says your boss called.  Really pulled the wool over everybody's eyes, huh?"",,,,,,,,,,,,,,,,,,,,,,,,,,,,,,,", u1215 ,m79,,
39800, u1215 ," I can take care of my own bills, Lilly."",,,,,,,,,,,,,,,,,,,,,,,,,,,,,,,", u1210 ,m79,,
39801, u1210 ," Just a little accident. I went by your place, picked up your mall. Just bills, I'll take care of them."",,,,,,,,,,,,,,,,,,,,,,,,,,,,,,,", u1215 ,m79,,
39802, u1215 ," What happened to your hand?,,,,,,,,,,,,,,,,,,,,,,,,,,,,,,,", u1210 ,m79,,
39803, u1210 ," You always did.,,,,,,,,,,,,,,,,,,,,,,,,,,,,,,,", u1215 ,m79,,
39804, u1215 ," I guess I owe you my life.,,,,,,,,,,,,,,,,,,,,,,,,,,,,,,,", u1210 ,m79,,
39805, u1210 ," Don't mention it.,,,,,,,,,,,,,,,,,,,,,,,,,,,,,,,", u1215 ,m79,,
39806, u1215 ," Thanks, uh, Lilly."",,,,,,,,,,,,,,,,,,,,,,,,,,,,,,,", u1210 ,m79,,
39807, u1210 ," Well... You're all right now, I guess. I have to get down to the track."",,,,,,,,,,,,,,,,,,,,,,,,,,,,,,,", u1215 ,m79,,
39808, u1215 ," Nice to see you.  What am I doing in here?,,,,,,,,,,,,,,,,,,,,,,,,,,,,,,,", u1210 ,m79,,
39809, u1210 ," I'm working down in San Diego. Just for a few weeks.  Thought I'd drop in on my long-lost son.,,,,,,,,,,,,,,,,,,,,,,,,,,,,,,,", u1215 ,m79,,
39810, u1215 ," Sure I am. What made you turn up, after all these years?"",,,,,,,,,,,,,,,,,,,,,,,,,,,,,,,", u1210 ,m79,,
39811, u1210 ," Only one tooth?,,,,,,,,,,,,,,,,,,,,,,,,,,,,,,,", u1215 ,m79,,
39812, u1215 ," They knocked out my tooth!,,,,,,,,,,,,,,,,,,,,,,,,,,,,,,,", u1210 ,m79,,
39813, u1210 ," Only one arm?,,,,,,,,,,,,,,,,,,,,,,,,,,,,,,,", u1215 ,m79,,
39814, u1215 ," They twisted my arm.,,,,,,,,,,,,,,,,,,,,,,,,,,,,,,,", u1210 ,m79,,
39815, u1210 ," So what's your story today?,,,,,,,,,,,,,,,,,,,,,,,,,,,,,,,", u1213 ,m79,,
39816, u1213 ," We'll work something out, Joe."",,,,,,,,,,,,,,,,,,,,,,,,,,,,,,,", u1211 ,m79,,
39817, u1211 ," This time...,,,,,,,,,,,,,,,,,,,,,,,,,,,,,,,", u1213 ,m79,,
39818, u1213 ," I'll have it tonight. Nine o'clock? Ten?,,,,,,,,,,,,,,,,,,,,,,,,,,,,,,,", u1211 ,m79,,
39819, u1211 ," My wife sent me here, Myra. For the money. She's waiting."",,,,,,,,,,,,,,,,,,,,,,,,,,,,,,,", u1213 ,m79,,
39820, u1213 ," Joe, could we talk it over? Do you want a drink?"",,,,,,,,,,,,,,,,,,,,,,,,,,,,,,,", u1213 ,m79,,
39821, u1213 ," Joe, you know you'll --"",,,,,,,,,,,,,,,,,,,,,,,,,,,,,,,", u1211 ,m79,,
39822, u1211 ," It isn't the owner, Myra, it's my wife. She knows what's going on. This time, I gotta have the money."",,,,,,,,,,,,,,,,,,,,,,,,,,,,,,,", u1213 ,m79,,
39823, u1213 ," Joe, I thought I was gonna be all right by now, I just need a little more --"",,,,,,,,,,,,,,,,,,,,,,,,,,,,,,,", u1211 ,m79,,
39824, u1211 ," I don't care about that. This time, I gotta have the rent."",,,,,,,,,,,,,,,,,,,,,,,,,,,,,,,", u1213 ,m79,,
39825, u1213 ," You heard the shower, didn't you?"",,,,,,,,,,,,,,,,,,,,,,,,,,,,,,,", u1215 ,m79,,
39826, u1215 ," In your other hand.,,,,,,,,,,,,,,,,,,,,,,,,,,,,,,,", u1212 ,m79,,
39827, u1212 ," Where's the five?,,,,,,,,,,,,,,,,,,,,,,,,,,,,,,,", u1215 ,m79,,
39828, u1215 ," I am in school.,,,,,,,,,,,,,,,,,,,,,,,,,,,,,,,", u1212 ,m79,,
39829, u1212 ," You're too young. You should be in school.,,,,,,,,,,,,,,,,,,,,,,,,,,,,,,,", u1215 ,m79,,
39830, u1215 ," I can't. I just left home.,,,,,,,,,,,,,,,,,,,,,,,,,,,,,,,", u1212 ,m79,,
39831, u1212 ," Scram. Go home.,,,,,,,,,,,,,,,,,,,,,,,,,,,,,,,", u1215 ,m79,,
39832, u1215 ," Let me see how you did that one.,,,,,,,,,,,,,,,,,,,,,,,,,,,,,,,", u1215 ,m79,,
39833, u1215 ," You taught me a lot. Then I invented.,,,,,,,,,,,,,,,,,,,,,,,,,,,,,,,", u1212 ,m79,,
39834, u1212 ," I didn't teach you that.,,,,,,,,,,,,,,,,,,,,,,,,,,,,,,,", u1213 ,m79,,
39835, u1213 ," I'm wise to you, I should have seen it before, you rotten son of a bitch. How is it, huh? How do you like --"",,,,,,,,,,,,,,,,,,,,,,,,,,,,,,,", u1215 ,m79,,
39836, u1215 ," You watch that mouth.,,,,,,,,,,,,,,,,,,,,,,,,,,,,,,,", u1213 ,m79,,
39837, u1213 ," Don't act so goddamned innocent! You and your own mother, gah! You like to go back where you been, huh?"",,,,,,,,,,,,,,,,,,,,,,,,,,,,,,,", u1215 ,m79,,
39838, u1215 ," What's that?,,,,,,,,,,,,,,,,,,,,,,,,,,,,,,,", u1213 ,m79,,
39839, u1213 ," Sure it is. That's why you act so funny around each other.,,,,,,,,,,,,,,,,,,,,,,,,,,,,,,,", u1215 ,m79,,
39840, u1215 ," ) What?,,,,,,,,,,,,,,,,,,,,,,,,,,,,,,,", u1213 ,m79,,
39841, u1213 ," By God, it's your mother. It's Lilly."",,,,,,,,,,,,,,,,,,,,,,,,,,,,,,,", u1215 ,m79,,
39842, u1215 ," I'm happy the way I am.,,,,,,,,,,,,,,,,,,,,,,,,,,,,,,,", u1213 ,m79,,
39843, u1213 ," What is it? What's going on?,,,,,,,,,,,,,,,,,,,,,,,,,,,,,,,", u1215 ,m79,,
39844, u1215 ," No; history. Sooner or later, the lightning hits. I don't want to be around when it hits you."",,,,,,,,,,,,,,,,,,,,,,,,,,,,,,,", u1213 ,m79,,
39845, u1213 ," Bullshit!,,,,,,,,,,,,,,,,,,,,,,,,,,,,,,,", u1215 ,m79,,
39846, u1215 ," Mostly, because you scare the shit out of me. I've seen people like you before, baby. Double-tough and sharp as they come, and you get what you want or else. But you don't make it work forever."",,,,,,,,,,,,,,,,,,,,,,,,,,,,,,,", u1213 ,m79,,
39847, u1213 ," For Christ's sake, why not?"",,,,,,,,,,,,,,,,,,,,,,,,,,,,,,,", u1215 ,m79,,
39848, u1215 ," What I say is, no. We don't do partners."",,,,,,,,,,,,,,,,,,,,,,,,,,,,,,,", u1213 ,m79,,
39849, u1213 ," What?,,,,,,,,,,,,,,,,,,,,,,,,,,,,,,,", u1215 ,m79,,
39850, u1215 ," That's what I say.,,,,,,,,,,,,,,,,,,,,,,,,,,,,,,,", u1213 ,m79,,
39851, u1213 ," No! Because I --,,,,,,,,,,,,,,,,,,,,,,,,,,,,,,,", u1215 ,m79,,
39852, u1215 ," Don't I get any say in this?,,,,,,,,,,,,,,,,,,,,,,,,,,,,,,,", u1215 ,m79,,
39853, u1215 ," Maybe I like it where I am.,,,,,,,,,,,,,,,,,,,,,,,,,,,,,,,", u1213 ,m79,,
39854, u1213 ," You're too good for the small-time, Roy. Move up to where there's big dough to be made, and you don't have to stick your neck out every day."",,,,,,,,,,,,,,,,,,,,,,,,,,,,,,,", u1215 ,m79,,
39855, u1215 ," I don't think I need it.,,,,,,,,,,,,,,,,,,,,,,,,,,,,,,,", u1213 ,m79,,
39856, u1213 ," But the setup's there. It's there now.,,,,,,,,,,,,,,,,,,,,,,,,,,,,,,,", u1215 ,m79,,
39857, u1215 ," The last I looked, we were just talking things over."",,,,,,,,,,,,,,,,,,,,,,,,,,,,,,,", u1213 ,m79,,
39858, u1213 ," What?,,,,,,,,,,,,,,,,,,,,,,,,,,,,,,,", u1215 ,m79,,
39859, u1215 ," Wait a minute! When did this happen, that we're partners?"",,,,,,,,,,,,,,,,,,,,,,,,,,,,,,,", u1213 ,m79,,
39860, u1213 ," I called a fellow I know in Tulsa, the one who plays my chauffeur. There's a sucker there he says is made for us. And a boroker that just shut down, we can use their office, not change a thing! Now, I can scrape up ten grand without much trouble. That leaves fifteen or twenty for your end. We could start this weekend, get the sucker into position --"",,,,,,,,,,,,,,,,,,,,,,,,,,,,,,,", u1215 ,m79,,
39861, u1215 ," And hello to you, too."",,,,,,,,,,,,,,,,,,,,,,,,,,,,,,,", u1215 ,m79,,
39862, u1215 ," Yes or no. They're both easier at home. Okay?,,,,,,,,,,,,,,,,,,,,,,,,,,,,,,,", u1213 ,m79,,
39863, u1213 ," You mean, it would be too tough to give me a turndown here. Easier on home grounds."",,,,,,,,,,,,,,,,,,,,,,,,,,,,,,,", u1215 ,m79,,
39864, u1215 ," Come on, Myra, don't talk business here. This is time out."",,,,,,,,,,,,,,,,,,,,,,,,,,,,,,,", u1213 ,m79,,
39865, u1213 ," But why not? I thought it was settled. What's holding you back?,,,,,,,,,,,,,,,,,,,,,,,,,,,,,,,", u1215 ,m79,,
39866, u1215 ," Regret what? I didn't say I was coming aboard.,,,,,,,,,,,,,,,,,,,,,,,,,,,,,,,", u1213 ,m79,,
39867, u1213 ," You and me, Roy. What a team we'll make. We think alike; we get along together. Once or twice a year we take some slob, the rest of the time we live like this. You won't regret this, Roy."",,,,,,,,,,,,,,,,,,,,,,,,,,,,,,,", u1215 ,m79,,
39868, u1215 ," Running your broker scam, you mean."",,,,,,,,,,,,,,,,,,,,,,,,,,,,,,,", u1213 ,m79,,
39869, u1213 ," I'm well connected, Roy, Cole introduced me to a lot of people. Very valuable. Valuable for us."",,,,,,,,,,,,,,,,,,,,,,,,,,,,,,,", u1215 ,m79,,
39870, u1215 ," You must have some very knowledgeable friends.,,,,,,,,,,,,,,,,,,,,,,,,,,,,,,,", u1213 ,m79,,
39871, u1213 ," I'm not trying to make trouble, Roy. It's just, she's always so nasty to me, I thought, who is she to be so high and mighty. I saw her out there, and I called a friend of mine in Baltimore, so now I know who she is."",,,,,,,,,,,,,,,,,,,,,,,,,,,,,,,", u1215 ,m79,,
39872, u1215 ," She didn't see you, in other words."",,,,,,,,,,,,,,,,,,,,,,,,,,,,,,,", u1213 ,m79,,
39873, u1213 ," I saw her.,,,,,,,,,,,,,,,,,,,,,,,,,,,,,,,", u1215 ,m79,,
39874, u1215 ," ) The track? Did you run into Lilly?,,,,,,,,,,,,,,,,,,,,,,,,,,,,,,,", u1213 ,m79,,
39875, u1213 ," I went out to Delmar.,,,,,,,,,,,,,,,,,,,,,,,,,,,,,,,", u1215 ,m79,,
39876, u1215 ," You were gone for a while.,,,,,,,,,,,,,,,,,,,,,,,,,,,,,,,", u1215 ,m79,,
39877, u1215 ," Oh, come here."",,,,,,,,,,,,,,,,,,,,,,,,,,,,,,,", u1213 ,m79,,
39878, u1213 ," ) If you could have seen your face when I told you good night! You looked so, so... Ah!"",,,,,,,,,,,,,,,,,,,,,,,,,,,,,,,", u1215 ,m79,,
39879, u1215 ," You -- I don't know.,,,,,,,,,,,,,,,,,,,,,,,,,,,,,,,", u1213 ,m79,,
39880, u1213 ," Open it and find out.,,,,,,,,,,,,,,,,,,,,,,,,,,,,,,,", u1215 ,m79,,
39881, u1215 ," What?  What for?,,,,,,,,,,,,,,,,,,,,,,,,,,,,,,,", u1213 ,m79,,
39882, u1213 ," Open your door.,,,,,,,,,,,,,,,,,,,,,,,,,,,,,,,", u1215 ,m79,,
39883, u1215 ," Yeah?,,,,,,,,,,,,,,,,,,,,,,,,,,,,,,,", u1215 ,m79,,
39884, u1215 ," Sure. I'm pretty tired myself.,,,,,,,,,,,,,,,,,,,,,,,,,,,,,,,", u1213 ,m79,,
39885, u1213 ," You don't mind, really, do you, Roy? It's been such a wonderful evening, I guess I just wore myself out."",,,,,,,,,,,,,,,,,,,,,,,,,,,,,,,", u1215 ,m79,,
39886, u1215 ," Things a man isn't supposed to know.,,,,,,,,,,,,,,,,,,,,,,,,,,,,,,,", u1213 ,m79,,
39887, u1213 ," Separate bathrooms, darling. I will not lay out all my cosmetics for you to knock over."",,,,,,,,,,,,,,,,,,,,,,,,,,,,,,,", u1215 ,m79,,
39888, u1215 ," I still don't see why we have to have separate rooms. You expect your father to come through?,,,,,,,,,,,,,,,,,,,,,,,,,,,,,,,", u1215 ,m79,,
39889, u1215 ," Sure.,,,,,,,,,,,,,,,,,,,,,,,,,,,,,,,", u1213 ,m79,,
39890, u1213 ," Think about it. Okay?,,,,,,,,,,,,,,,,,,,,,,,,,,,,,,,", u1213 ,m79,,
39891, u1213 ," Not to take soldiers for a hundred bucks. But how about taking a bank president for a hundred grand?,,,,,,,,,,,,,,,,,,,,,,,,,,,,,,,", u1215 ,m79,,
39892, u1215 ," I don't know, Myra, I never had partners. I never needed them."",,,,,,,,,,,,,,,,,,,,,,,,,,,,,,,", u1213 ,m79,,
39893, u1213 ," I need a partner, Roy. I need an inside man, and you're it. You could be as wonderful as Cole."",,,,,,,,,,,,,,,,,,,,,,,,,,,,,,,", u1215 ,m79,,
39894, u1215 ," Take a hike, you mean?"",,,,,,,,,,,,,,,,,,,,,,,,,,,,,,,", u1213 ,m79,,
39895, u1213 ," Join up with you! I watched you, Roy, I've been watching you, wondering if I should talk about this at all, or maybe just... "",,,,,,,,,,,,,,,,,,,,,,,,,,,,,,,", u1215 ,m79,,
39896, u1215 ," I just bet you are, too. And now you're trying to rope me."",,,,,,,,,,,,,,,,,,,,,,,,,,,,,,,", u1215 ,m79,,
39897, u1215 ," That's where they keep the criminally insane, isn't it?"",,,,,,,,,,,,,,,,,,,,,,,,,,,,,,,", u1213 ,m79,,
39898, u1213 ," Atascadero.,,,,,,,,,,,,,,,,,,,,,,,,,,,,,,,", u1215 ,m79,,
39899, u1215 ," Upstate where?,,,,,,,,,,,,,,,,,,,,,,,,,,,,,,,", u1213 ,m79,,
39900, u1213 ," Upstate.,,,,,,,,,,,,,,,,,,,,,,,,,,,,,,,", u1215 ,m79,,
39901, u1215 ," Where?,,,,,,,,,,,,,,,,,,,,,,,,,,,,,,,", u1213 ,m79,,
39902, u1213 ," He retired.,,,,,,,,,,,,,,,,,,,,,,,,,,,,,,,", u1215 ,m79,,
39903, u1215 ," What happened to Cole?,,,,,,,,,,,,,,,,,,,,,,,,,,,,,,,", u1213 ,m79,,
39904, u1213 ," Oh, Roy, it was great! We were rolling in dough, lived wherever we wanted, only pulled two or three scams a year."",,,,,,,,,,,,,,,,,,,,,,,,,,,,,,,", u1215 ,m79,,
39905, u1215 ," Yeah? How?,,,,,,,,,,,,,,,,,,,,,,,,,,,,,,,", u1213 ,m79,,
39906, u1213 ," No no! He never calls the cops, not after we give him the blow-off."",,,,,,,,,,,,,,,,,,,,,,,,,,,,,,,", u1215 ,m79,,
39907, u1215 ," And a month later, the sucker calls the cops and you're on the run."",,,,,,,,,,,,,,,,,,,,,,,,,,,,,,,", u1213 ,m79,,
39908, u1213 ," No, no, Roy, just cash poor. They had savings accounts, stocks to sell, houses to mortgage. Sell their wife's jewelry. Oh, they had a lot of money, when they put their minds to it. Or when I put their minds to it. I stayed with them, that's the roper's job, made them get up every penny they could raise, turn it all over to Cole."",,,,,,,,,,,,,,,,,,,,,,,,,,,,,,,", u1215 ,m79,,
39909, u1215 ," I thought these people were broke.,,,,,,,,,,,,,,,,,,,,,,,,,,,,,,,", u1213 ,m79,,
39910, u1213 ," He'd explain he had to have cash, so there wouldn't be any paper trail for the SEC. And a lot of cash, or it wasn't worth while. The least we ever took was forty thousand, and the most was one hundred eighty-five thousand dollars! From one sucker!"",,,,,,,,,,,,,,,,,,,,,,,,,,,,,,,", u1215 ,m79,,
39911, u1215 ," And when he got serious?,,,,,,,,,,,,,,,,,,,,,,,,,,,,,,,", u1213 ,m79,,
39912, u1213 ," He didn't think they were risks. He was so good, Roy, he could just play with the mark."",,,,,,,,,,,,,,,,,,,,,,,,,,,,,,,", u1213 ,m79,,
39913, u1213 ," It is, Roy! And now, right now, it's the perfect time, the best time since I've been in the game."",,,,,,,,,,,,,,,,,,,,,,,,,,,,,,,", u1215 ,m79,,
39914, u1215 ," Is that right?,,,,,,,,,,,,,,,,,,,,,,,,,,,,,,,", u1213 ,m79,,
39915, u1213 ," It was beautiful. And getting better all the time.,,,,,,,,,,,,,,,,,,,,,,,,,,,,,,,", u1215 ,m79,,
39916, u1215 ," I've heard the name.,,,,,,,,,,,,,,,,,,,,,,,,,,,,,,,", u1213 ,m79,,
39917, u1213 ," I was teamed ten years with the best in the business. Cole Langley.,,,,,,,,,,,,,,,,,,,,,,,,,,,,,,,", u1215 ,m79,,
39918, u1215 ," Nobody does that single-o.,,,,,,,,,,,,,,,,,,,,,,,,,,,,,,,", u1213 ,m79,,
39919, u1213 ," The long end. Big con.,,,,,,,,,,,,,,,,,,,,,,,,,,,,,,,", u1215 ,m79,,
39920, u1215 ," You talk the lingo. What's your pitch?,,,,,,,,,,,,,,,,,,,,,,,,,,,,,,,", u1213 ,m79,,
39921, u1213 ," Roy, you're a short-con operator. And a good one, I think. Don't talk to me like I'm another square."",,,,,,,,,,,,,,,,,,,,,,,,,,,,,,,", u1215 ,m79,,
39922, u1215 ," Myra, I'm not following this."",,,,,,,,,,,,,,,,,,,,,,,,,,,,,,,", u1213 ,m79,,
39923, u1213 ," You're on the grift. Same as me.,,,,,,,,,,,,,,,,,,,,,,,,,,,,,,,", u1215 ,m79,,
39924, u1215 ," I'm a salesman.,,,,,,,,,,,,,,,,,,,,,,,,,,,,,,,", u1213 ,m79,,
39925, u1213 ," The tap. What you do for a living.,,,,,,,,,,,,,,,,,,,,,,,,,,,,,,,", u1213 ,m79,,
39926, u1213 ," Oh, come on, Roy."",,,,,,,,,,,,,,,,,,,,,,,,,,,,,,,", u1215 ,m79,,
39927, u1215 ," Working the what?,,,,,,,,,,,,,,,,,,,,,,,,,,,,,,,", u1213 ,m79,,
39928, u1213 ," I watched you. Working the tap on those soldier boys.,,,,,,,,,,,,,,,,,,,,,,,,,,,,,,,", u1215 ,m79,,
39929, u1215 ," What?,,,,,,,,,,,,,,,,,,,,,,,,,,,,,,,", u1213 ,m79,,
39930, u1213 ," You already went back to work.,,,,,,,,,,,,,,,,,,,,,,,,,,,,,,,", u1215 ,m79,,
39931, u1215 ," Great to get away, take it easy. Next week, I'll get back to work."",,,,,,,,,,,,,,,,,,,,,,,,,,,,,,,", u1213 ,m79,,
39932, u1213 ," I'll sign that affidavit.,,,,,,,,,,,,,,,,,,,,,,,,,,,,,,,", u1215 ,m79,,
39933, u1215 ," You were right, I had to get out of that hospital. Nothing wrong with me any more."",,,,,,,,,,,,,,,,,,,,,,,,,,,,,,,", u1215 ,m79,,
39934, u1215 ," See you soon.,,,,,,,,,,,,,,,,,,,,,,,,,,,,,,,", u1213 ,m79,,
39935, u1213 ," No.,,,,,,,,,,,,,,,,,,,,,,,,,,,,,,,", u1215 ,m79,,
39936, u1215 ," You ain't seen nothin.,,,,,,,,,,,,,,,,,,,,,,,,,,,,,,,", u1213 ,m79,,
39937, u1213 ," Big spender.,,,,,,,,,,,,,,,,,,,,,,,,,,,,,,,", u1215 ,m79,,
39938, u1215 ," We'll rent a car.,,,,,,,,,,,,,,,,,,,,,,,,,,,,,,,", u1213 ,m79,,
39939, u1213 ," What if we want to drive somewhere while we're there?,,,,,,,,,,,,,,,,,,,,,,,,,,,,,,,", u1215 ,m79,,
39940, u1215 ," Because it's comfortable.,,,,,,,,,,,,,,,,,,,,,,,,,,,,,,,", u1213 ,m79,,
39941, u1213 ," I don't see why we have to take the train.,,,,,,,,,,,,,,,,,,,,,,,,,,,,,,,", u1213 ,m79,,
39942, u1213 ," I'll see you when you get home.,,,,,,,,,,,,,,,,,,,,,,,,,,,,,,,", u1215 ,m79,,
39943, u1215 ," Every day in every way.,,,,,,,,,,,,,,,,,,,,,,,,,,,,,,,", u1213 ,m79,,
39944, u1213 ," Get well soon.,,,,,,,,,,,,,,,,,,,,,,,,,,,,,,,", u1213 ,m79,,
39945, u1213 ," You're a mama's boy, if you want the truth."",,,,,,,,,,,,,,,,,,,,,,,,,,,,,,,", u1215 ,m79,,
39946, u1215 ," Oh, don't be stupid."",,,,,,,,,,,,,,,,,,,,,,,,,,,,,,,", u1213 ,m79,,
39947, u1213 ," And you never defend me. You're afraid of her.,,,,,,,,,,,,,,,,,,,,,,,,,,,,,,,", u1215 ,m79,,
39948, u1215 ," That's just Lilly's way.,,,,,,,,,,,,,,,,,,,,,,,,,,,,,,,", u1213 ,m79,,
39949, u1213 ," I don't like to come here, Roy. Every time I do, your mother comes in and makes remarks."",,,,,,,,,,,,,,,,,,,,,,,,,,,,,,,", u1215 ,m79,,
39950, u1215 ," I'll pay Lilly back, don't you worry about that."",,,,,,,,,,,,,,,,,,,,,,,,,,,,,,,", u1213 ,m79,,
39951, u1213 ," Who else is paying for all this? You badmouth the woman all the time, but you sure do take the payoffs she gives you."",,,,,,,,,,,,,,,,,,,,,,,,,,,,,,,", u1215 ,m79,,
39952, u1215 ," Mama!,,,,,,,,,,,,,,,,,,,,,,,,,,,,,,,", u1213 ,m79,,
39953, u1213 ," You're just comfortable, that's all. You don't even ask to go home. You just lie around, let your mama take care of you."",,,,,,,,,,,,,,,,,,,,,,,,,,,,,,,", u1215 ,m79,,
39954, u1215 ," I just do what the doctor says, babe."",,,,,,,,,,,,,,,,,,,,,,,,,,,,,,,", u1213 ,m79,,
39955, u1213 ," I don't see why you're still here. You look healthy to me.,,,,,,,,,,,,,,,,,,,,,,,,,,,,,,,", u1215 ,m79,,
39956, u1215 ," You do. And once I'm out of here, I'll remind you of the best parts."",,,,,,,,,,,,,,,,,,,,,,,,,,,,,,,", u1213 ,m79,,
39957, u1213 ," I want to know everything about you.,,,,,,,,,,,,,,,,,,,,,,,,,,,,,,,", u1215 ,m79,,
39958, u1215 ," Her job.,,,,,,,,,,,,,,,,,,,,,,,,,,,,,,,", u1215 ,m79,,
39959, u1215 ," Oh, yeah?  Thanks.  How long do they say I'm in here?"",,,,,,,,,,,,,,,,,,,,,,,,,,,,,,,", u1213 ,m79,,
39960, u1213 ," Well, no, Roy. Your mother found you."",,,,,,,,,,,,,,,,,,,,,,,,,,,,,,,", u1215 ,m79,,
39961, u1215 ," You called the doctor, huh?"",,,,,,,,,,,,,,,,,,,,,,,,,,,,,,,", u1213 ,m79,,
39962, u1213 ," You were bleeding inside, honey. Remember that bruise you had?"",,,,,,,,,,,,,,,,,,,,,,,,,,,,,,,", u1213 ,m79,,
39963, u1213 ," No, baby. Come to Mama."",,,,,,,,,,,,,,,,,,,,,,,,,,,,,,,", u1215 ,m79,,
39964, u1215 ," Ow! Hey, what are you trying to do, throw me off my game?"",,,,,,,,,,,,,,,,,,,,,,,,,,,,,,,", u1213 ,m79,,
39965, u1213 ," I didn't say that. You aren't marriage material.,,,,,,,,,,,,,,,,,,,,,,,,,,,,,,,", u1215 ,m79,,
39966, u1215 ," What are you talking abut, Myra? Marriage?"",,,,,,,,,,,,,,,,,,,,,,,,,,,,,,,", u1213 ,m79,,
39967, u1213 ," No more than this?,,,,,,,,,,,,,,,,,,,,,,,,,,,,,,,", u1215 ,m79,,
39968, u1215 ," All? It ain't bad.,,,,,,,,,,,,,,,,,,,,,,,,,,,,,,,", u1213 ,m79,,
39969, u1213 ," Roy? It this all we have?,,,,,,,,,,,,,,,,,,,,,,,,,,,,,,,", u1215 ,m79,,
39970, u1215 ," Oh, I am, baby, believe me."",,,,,,,,,,,,,,,,,,,,,,,,,,,,,,,", u1213 ,m79,,
39971, u1213 ," Look at me.,,,,,,,,,,,,,,,,,,,,,,,,,,,,,,,", u1215 ,m79,,
39972, u1215 ," Mm?,,,,,,,,,,,,,,,,,,,,,,,,,,,,,,,", u1213 ,m79,,
39973, u1213 ," Roy?,,,,,,,,,,,,,,,,,,,,,,,,,,,,,,,", u1215 ,m79,,
39974, u1215 ," Let's find out.,,,,,,,,,,,,,,,,,,,,,,,,,,,,,,,", u1213 ,m79,,
39975, u1213 ," Are you sure?,,,,,,,,,,,,,,,,,,,,,,,,,,,,,,,", u1215 ,m79,,
39976, u1215 ," That isn't granite. If that fell on me, it wouldn't hurt at all."",,,,,,,,,,,,,,,,,,,,,,,,,,,,,,,", u1215 ,m79,,
39977, u1215 ," Taking you for granite?,,,,,,,,,,,,,,,,,,,,,,,,,,,,,,,", u1213 ,m79,,
39978, u1213 ," You aren't taking me for granted, are you?"",,,,,,,,,,,,,,,,,,,,,,,,,,,,,,,", u1215 ,m79,,
39979, u1215 ," Always, for you, baby."",,,,,,,,,,,,,,,,,,,,,,,,,,,,,,,", u1213 ,m79,,
39980, u1213 ," Well, well. In a real hurry, are we?"",,,,,,,,,,,,,,,,,,,,,,,,,,,,,,,", u1215 ,m79,,
39981, u1215 ," Oh, yeah. That's that."",,,,,,,,,,,,,,,,,,,,,,,,,,,,,,,", u1214 ,m79,,
39982, u1214 ," That's that, then."",,,,,,,,,,,,,,,,,,,,,,,,,,,,,,,", u1215 ,m79,,
39983, u1215 ," No, its -- Why did she--?"",,,,,,,,,,,,,,,,,,,,,,,,,,,,,,,", u1214 ,m79,,
39984, u1214 ," No question, huh?"",,,,,,,,,,,,,,,,,,,,,,,,,,,,,,,", u1215 ,m79,,
39985, u1215 ," Oh, Jesus."",,,,,,,,,,,,,,,,,,,,,,,,,,,,,,,", u1214 ,m79,,
39986, u1214 ," Not many.,,,,,,,,,,,,,,,,,,,,,,,,,,,,,,,", u1215 ,m79,,
39987, u1215 ," Not many laughs in this room, eh?"",,,,,,,,,,,,,,,,,,,,,,,,,,,,,,,", u1215 ,m79,,
39988, u1215 ," Well, let's get the shock over with."",,,,,,,,,,,,,,,,,,,,,,,,,,,,,,,", u1214 ,m79,,
39989, u1214 ," Someone who knows her well could still identify her, that's not the problem. It's just there's, uh, it's likely to be a shock."",,,,,,,,,,,,,,,,,,,,,,,,,,,,,,,", u1215 ,m79,,
39990, u1215 ," Ate the gun. Oh.,,,,,,,,,,,,,,,,,,,,,,,,,,,,,,,", u1214 ,m79,,
39991, u1214 ," I'm sorry, that's an unfortunate phrase, it slipped out, I'm, to tell you the truth, Mr. Dillon, this isn't an everyday occurrence around here."",,,,,,,,,,,,,,,,,,,,,,,,,,,,,,,", u1215 ,m79,,
39992, u1215 ," What?,,,,,,,,,,,,,,,,,,,,,,,,,,,,,,,", u1214 ,m79,,
39993, u1214 ," Well, uh, you know, she ate the gun."",,,,,,,,,,,,,,,,,,,,,,,,,,,,,,,", u1215 ,m79,,
39994, u1215 ," Yes, I know, I know."",,,,,,,,,,,,,,,,,,,,,,,,,,,,,,,", u1214 ,m79,,
39995, u1214 ," One thing I have to caution you about. A gunshot wound...,,,,,,,,,,,,,,,,,,,,,,,,,,,,,,,", u1215 ,m79,,
39996, u1215 ," Sure. Let's get it over.,,,,,,,,,,,,,,,,,,,,,,,,,,,,,,,", u1214 ,m79,,
39997, u1214 ," You up to it now?,,,,,,,,,,,,,,,,,,,,,,,,,,,,,,,", u1215 ,m79,,
39998, u1215 ," Not that it matters.  This is the morgue?,,,,,,,,,,,,,,,,,,,,,,,,,,,,,,,", u1214 ,m79,,
39999, u1214 ," A hit, you mean. Honestly, it doesn't have that feel to it, but I'll certainly consider the possibility. Thank you for telling me."",,,,,,,,,,,,,,,,,,,,,,,,,,,,,,,", u1215 ,m79,,
40000, u1215 ," My mother... Well, I guess it doesn't matter now. She worked for gamblers. She always knew they might turn on her some day."",,,,,,,,,,,,,,,,,,,,,,,,,,,,,,,", u1214 ,m79,,
40001, u1214 ," Do you have any particular reason to say that?,,,,,,,,,,,,,,,,,,,,,,,,,,,,,,,", u1215 ,m79,,
40002, u1215 ," It may be Lilly, but it isn't suicide."",,,,,,,,,,,,,,,,,,,,,,,,,,,,,,,", u1214 ,m79,,
40003, u1214 ," I grant you, it's a little odd, shoot yourself with a gun with a silencer on it, but it was hers, all right. It really is your mother, Mister Dillon."",,,,,,,,,,,,,,,,,,,,,,,,,,,,,,,", u1215 ,m79,,
40004, u1215 ," Gun?,,,,,,,,,,,,,,,,,,,,,,,,,,,,,,,", u1214 ,m79,,
40005, u1214 ," I'm sorry, it was her all right. Her gun, even."",,,,,,,,,,,,,,,,,,,,,,,,,,,,,,,", u1215 ,m79,,
40006, u1215 ," No. I mean, I don't believe it. Lilly is not a suicide. I know my mother, nothing would make her check out."",,,,,,,,,,,,,,,,,,,,,,,,,,,,,,,", u1214 ,m79,,
40007, u1214 ," That's natural.,,,,,,,,,,,,,,,,,,,,,,,,,,,,,,,", u1215 ,m79,,
40008, u1215 ," Well, mostly, I don't believe it."",,,,,,,,,,,,,,,,,,,,,,,,,,,,,,,", u1214 ,m79,,
40009, u1214 ," I realize this is a shock.,,,,,,,,,,,,,,,,,,,,,,,,,,,,,,,", u1215 ,m79,,
40010, u1215 ," Thank you.,,,,,,,,,,,,,,,,,,,,,,,,,,,,,,,", u1214 ,m79,,
40011, u1214 ," Lieutenant Pierson, Phoenix police. I have a car here."",,,,,,,,,,,,,,,,,,,,,,,,,,,,,,,", u1215 ,m79,,
40012, u1215 ," Yes?,,,,,,,,,,,,,,,,,,,,,,,,,,,,,,,", u1214 ,m79,,
40013, u1214 ," Roy Dillon?,,,,,,,,,,,,,,,,,,,,,,,,,,,,,,,", u1216 ,m79,,
40014, u1216 ," Happy to see you looking so good.,,,,,,,,,,,,,,,,,,,,,,,,,,,,,,,", u1215 ,m79,,
40015, u1215 ," Well, I'm back now. I just wanted you to know. Gotta rush."",,,,,,,,,,,,,,,,,,,,,,,,,,,,,,,", u1216 ,m79,,
40016, u1216 ," We never know when and we never know why. We never know how. The only blessed thing we know is, it'll be at the most inconvenient and unexpected time. Just when you've got tickets to the World Series. And that's the way the permanent waves."",,,,,,,,,,,,,,,,,,,,,,,,,,,,,,,", u1215 ,m79,,
40017, u1215 ," That's true, Mr. Simms."",,,,,,,,,,,,,,,,,,,,,,,,,,,,,,,", u1216 ,m79,,
40018, u1216 ," Sickness comes to us all, Mister Dillon."",,,,,,,,,,,,,,,,,,,,,,,,,,,,,,,", u1215 ,m79,,
40019, u1215 ," Well, thank you. And thank them."",,,,,,,,,,,,,,,,,,,,,,,,,,,,,,,", u1215 ,m79,,
40020, u1215 ," Uh-huh. Mrs. Langtry may drop by.,,,,,,,,,,,,,,,,,,,,,,,,,,,,,,,", u1216 ,m79,,
40021, u1216 ," Why yes, Mr. Dillon. Here's a potential new neighbor, looking at--"",,,,,,,,,,,,,,,,,,,,,,,,,,,,,,,", u1215 ,m79,,
40022, u1215 ," Mr. Simms.,,,,,,,,,,,,,,,,,,,,,,,,,,,,,,,", u1216 ,m79,,
