,User_id,text,sec_user,movies_name,relationship,attachment
42165, u1268 ," Oh, <u>yes</u>? Well, that's all right. I've got a brother who's a real cut-up, too. I'll never forget the time we had this old TV set with no parts in it. Well, Tommy stuck his head behind it and started giving a newscast before the whole family. We were all hysterical. And here's little Tommy pretending to be Walter Cronkite."",,,,,,,,,,,,,,,,,,,,,,,,,,,,,,,", u1274 ,m84,,
42166, u1274 ," I think I should mention, Candy, that Harold does have his eccentric moments."",,,,,,,,,,,,,,,,,,,,,,,,,,,,,,,", u1274 ,m84,,
42167, u1274 ," Yes, that's good planning. Tell me, are you a regular, Candy, in this computer club?"",,,,,,,,,,,,,,,,,,,,,,,,,,,,,,,", u1268 ,m84,,
42168, u1268 ," He seems very nice. Is Harold interested in, eh, what's going on? I think it's such a super thing to study. And then, of course, I can always fall back on home ec."",,,,,,,,,,,,,,,,,,,,,,,,,,,,,,,", u1268 ,m84,,
42169, u1268 ," Political Science. It's all about what's going on.,,,,,,,,,,,,,,,,,,,,,,,,,,,,,,,", u1274 ,m84,,
42170, u1274 ," Eh, Poli Sci?"",,,,,,,,,,,,,,,,,,,,,,,,,,,,,,,", u1268 ,m84,,
42171, u1268 ," Poli. Sci. With a home ec minor.,,,,,,,,,,,,,,,,,,,,,,,,,,,,,,,", u1274 ,m84,,
42172, u1274 ," And what are you studying?,,,,,,,,,,,,,,,,,,,,,,,,,,,,,,,", u1268 ,m84,,
42173, u1268 ," Yes, I am."",,,,,,,,,,,,,,,,,,,,,,,,,,,,,,,", u1274 ,m84,,
42174, u1274 ," You are at the University, Candy?"",,,,,,,,,,,,,,,,,,,,,,,,,,,,,,,", u1274 ,m84,,
42175, u1274 ," How do you do. I'm Mrs. Chasen. Come in.,,,,,,,,,,,,,,,,,,,,,,,,,,,,,,,", u1268 ,m84,,
42176, u1268 ," Hello, I'm Candy Gulf."",,,,,,,,,,,,,,,,,,,,,,,,,,,,,,,", u1269 ,m84,,
42177, u1269 ," Lady! Be quiet.,,,,,,,,,,,,,,,,,,,,,,,,,,,,,,,", u1273 ,m84,,
42178, u1273 ," Because if you are...,,,,,,,,,,,,,,,,,,,,,,,,,,,,,,,", u1269 ,m84,,
42179, u1269 ," Wait here.,,,,,,,,,,,,,,,,,,,,,,,,,,,,,,,", u1273 ,m84,,
42180, u1273 ," I suppose they are in the truck. Are you going to take a lot of time with this?,,,,,,,,,,,,,,,,,,,,,,,,,,,,,,,", u1269 ,m84,,
42181, u1269 ," Where are the papers?,,,,,,,,,,,,,,,,,,,,,,,,,,,,,,,", u1273 ,m84,,
42182, u1273 ," Well, I don't know. Do you know, Harold?"",,,,,,,,,,,,,,,,,,,,,,,,,,,,,,,", u1269 ,m84,,
42183, u1269 ," Then whose name is it registered in?,,,,,,,,,,,,,,,,,,,,,,,,,,,,,,,", u1273 ,m84,,
42184, u1273 ," Oh no! Not in <u>my</u> name.,,,,,,,,,,,,,,,,,,,,,,,,,,,,,,,", u1269 ,m84,,
42185, u1269 ," And that truck - is it registered in your name?,,,,,,,,,,,,,,,,,,,,,,,,,,,,,,,", u1273 ,m84,,
42186, u1273 ," Check.,,,,,,,,,,,,,,,,,,,,,,,,,,,,,,,", u1269 ,m84,,
42187, u1269 ," Lady, is it true you're driving without a license?"",,,,,,,,,,,,,,,,,,,,,,,,,,,,,,,", u1273 ,m84,,
42188, u1273 ," Oh, don't get officious. You're not yourself when you're officious. That's the curse of a government job."",,,,,,,,,,,,,,,,,,,,,,,,,,,,,,,", u1269 ,m84,,
42189, u1269 ," Lady, resisting arrest is a serious criminal offense. Under the state criminal code, section 545, paragraph 10-B..."",,,,,,,,,,,,,,,,,,,,,,,,,,,,,,,", u1273 ,m84,,
42190, u1273 ," Officer, I can explain."",,,,,,,,,,,,,,,,,,,,,,,,,,,,,,,", u1269 ,m84,,
42191, u1269 ," Possession of a stolen shovel.,,,,,,,,,,,,,,,,,,,,,,,,,,,,,,,", u1273 ,m84,,
42192, u1273 ," No.,,,,,,,,,,,,,,,,,,,,,,,,,,,,,,,", u1269 ,m84,,
42193, u1269 ," Is this your shovel?,,,,,,,,,,,,,,,,,,,,,,,,,,,,,,,", u1273 ,m84,,
42194, u1273 ," We planted it.,,,,,,,,,,,,,,,,,,,,,,,,,,,,,,,", u1269 ,m84,,
42195, u1269 ," You too, Buster. Stand over here. Lady, you're in a heap of trouble. I have you down here for several violations; speeding, resisting arrest, driving without a license, driving a stolen vehicle, possession of a stolen tree... Where's the tree?"",,,,,,,,,,,,,,,,,,,,,,,,,,,,,,,", u1273 ,m84,,
42196, u1273 ," But there is a family resemblance.,,,,,,,,,,,,,,,,,,,,,,,,,,,,,,,", u1269 ,m84,,
42197, u1269 ," Out!,,,,,,,,,,,,,,,,,,,,,,,,,,,,,,,", u1273 ,m84,,
42198, u1273 ," Oh, well. Must have been your brother."",,,,,,,,,,,,,,,,,,,,,,,,,,,,,,,", u1269 ,m84,,
42199, u1269 ," None of that, lady."",,,,,,,,,,,,,,,,,,,,,,,,,,,,,,,", u1273 ,m84,,
42200, u1273 ," Haven't we met before?,,,,,,,,,,,,,,,,,,,,,,,,,,,,,,,", u1273 ,m84,,
42201, u1273 ," Hello.,,,,,,,,,,,,,,,,,,,,,,,,,,,,,,,", u1269 ,m84,,
42202, u1269 ," Okay, lady. Out."",,,,,,,,,,,,,,,,,,,,,,,,,,,,,,,", u1273 ,m84,,
42203, u1273 ," All right, then, and we'll be off.  Nice chatting with you."",,,,,,,,,,,,,,,,,,,,,,,,,,,,,,,", u1269 ,m84,,
42204, u1269 ," Lady, let me get this straight."",,,,,,,,,,,,,,,,,,,,,,,,,,,,,,,", u1273 ,m84,,
42205, u1273 ," Well, it's not really mine. I dug it up in front of the courthouse. We're transplanting it. Letting it breathe, you know. But, of course, we would like to get it into soil, as soon as possible."",,,,,,,,,,,,,,,,,,,,,,,,,,,,,,,", u1269 ,m84,,
42206, u1269 ," Your tree.,,,,,,,,,,,,,,,,,,,,,,,,,,,,,,,", u1273 ,m84,,
42207, u1273 ," Yes. You see I have to plant my tree.,,,,,,,,,,,,,,,,,,,,,,,,,,,,,,,", u1269 ,m84,,
42208, u1269 ," Took it?,,,,,,,,,,,,,,,,,,,,,,,,,,,,,,,", u1273 ,m84,,
42209, u1273 ," No, no. I just took it."",,,,,,,,,,,,,,,,,,,,,,,,,,,,,,,", u1269 ,m84,,
42210, u1269 ," Isn't this your vehicle?,,,,,,,,,,,,,,,,,,,,,,,,,,,,,,,", u1273 ,m84,,
42211, u1273 ," I just don't think we have one, unless it's in the glove compartment. Could you look, Harold?"",,,,,,,,,,,,,,,,,,,,,,,,,,,,,,,", u1269 ,m84,,
42212, u1269 ," Could I see your registration?,,,,,,,,,,,,,,,,,,,,,,,,,,,,,,,", u1273 ,m84,,
42213, u1273 ," About forty-five minutes, wouldn't you say, Harold? We were hoping to start sooner but, you see, it's rather hard to find a truck."",,,,,,,,,,,,,,,,,,,,,,,,,,,,,,,", u1269 ,m84,,
42214, u1269 ," How long have you been driving?,,,,,,,,,,,,,,,,,,,,,,,,,,,,,,,", u1273 ,m84,,
42215, u1273 ," I don't have one. I don't believe in them.,,,,,,,,,,,,,,,,,,,,,,,,,,,,,,,", u1269 ,m84,,
42216, u1269 ," Come again.,,,,,,,,,,,,,,,,,,,,,,,,,,,,,,,", u1273 ,m84,,
42217, u1273 ," Oh, I don't have one."",,,,,,,,,,,,,,,,,,,,,,,,,,,,,,,", u1269 ,m84,,
42218, u1269 ," Yes.,,,,,,,,,,,,,,,,,,,,,,,,,,,,,,,", u1273 ,m84,,
42219, u1273 ," Yes. Those little pieces of paper with your picture on it?,,,,,,,,,,,,,,,,,,,,,,,,,,,,,,,", u1269 ,m84,,
42220, u1269 ," Lady, you were going 70 miles an hour in a 45-mile zone. Could I see your license, please?"",,,,,,,,,,,,,,,,,,,,,,,,,,,,,,,", u1270 ,m84,,
42221, u1270 ," Well, not all the southwest. Although we do have a large business... Barley was very big last week...  Fifteen hundred..."",,,,,,,,,,,,,,,,,,,,,,,,,,,,,,,", u1274 ,m84,,
42222, u1274 ," She supplies the whole southwest with chicken feed.,,,,,,,,,,,,,,,,,,,,,,,,,,,,,,,", u1270 ,m84,,
42223, u1270 ," Harrison. Harrison Feed and Grain... At Hamilton and Fourth... I'm in charge of the invoices... And I type up the schedule for the trucking fleet...,,,,,,,,,,,,,,,,,,,,,,,,,,,,,,,", u1274 ,m84,,
42224, u1274 ," Yes. Henderson Feed and Grain.,,,,,,,,,,,,,,,,,,,,,,,,,,,,,,,", u1270 ,m84,,
42225, u1270 ," I'm a file clerk.,,,,,,,,,,,,,,,,,,,,,,,,,,,,,,,", u1274 ,m84,,
42226, u1274 ," Edith was just telling me about her job.,,,,,,,,,,,,,,,,,,,,,,,,,,,,,,,", u1270 ,m84,,
42227, u1270 ," I'm in charge of all the invoices for the southwest. We supply, for example, most of the egg farmers in Southern California. So you can imagine."",,,,,,,,,,,,,,,,,,,,,,,,,,,,,,,", u1274 ,m84,,
42228, u1274 ," Oh. Well, what is it exactly that you do?"",,,,,,,,,,,,,,,,,,,,,,,,,,,,,,,", u1270 ,m84,,
42229, u1270 ," Not very.,,,,,,,,,,,,,,,,,,,,,,,,,,,,,,,", u1274 ,m84,,
42230, u1274 ," How interesting.,,,,,,,,,,,,,,,,,,,,,,,,,,,,,,,", u1270 ,m84,,
42231, u1270 ," I'm a file clerk - Harrison Feed and Grain.,,,,,,,,,,,,,,,,,,,,,,,,,,,,,,,", u1274 ,m84,,
42232, u1274 ," And what do you do, my dear?"",,,,,,,,,,,,,,,,,,,,,,,,,,,,,,,", u1270 ,m84,,
42233, u1270 ," Fern. I'm very pleased to make your acquaintance.,,,,,,,,,,,,,,,,,,,,,,,,,,,,,,,", u1274 ,m84,,
42234, u1274 ," Edith, I'd like you to meet my son, Harold. Harold, this is Edith... eh?"",,,,,,,,,,,,,,,,,,,,,,,,,,,,,,,", u1270 ,m84,,
42235, u1270 ," Oh. It looks like a hearse.  Very nice. Compact.,,,,,,,,,,,,,,,,,,,,,,,,,,,,,,,", u1270 ,m84,,
42236, u1270 ," What kind of a car is it?,,,,,,,,,,,,,,,,,,,,,,,,,,,,,,,", u1274 ,m84,,
42237, u1274 ," This way, Edith. Harold is out by the garage. He has a new car and he has been tuning it up. He's very mechanical."",,,,,,,,,,,,,,,,,,,,,,,,,,,,,,,", u1271 ,m84,,
42238, u1271 ," What?... Oh yes... Shovel... Create ... Verily these issues lie in the lap of the gods... Iliad... Just sit down for a minute.,,,,,,,,,,,,,,,,,,,,,,,,,,,,,,,", u1272 ,m84,,
42239, u1272 ," Here's your shovel.,,,,,,,,,,,,,,,,,,,,,,,,,,,,,,,", u1271 ,m84,,
42240, u1271 ," I see the eternal goddess of beauty and love. I see Aphrodite. The consummate woman.,,,,,,,,,,,,,,,,,,,,,,,,,,,,,,,", u1272 ,m84,,
42241, u1272 ," What do you see?,,,,,,,,,,,,,,,,,,,,,,,,,,,,,,,", u1271 ,m84,,
42242, u1271 ," Exactly! Now, ask me what I see."",,,,,,,,,,,,,,,,,,,,,,,,,,,,,,,", u1272 ,m84,,
42243, u1272 ," A block of ice.,,,,,,,,,,,,,,,,,,,,,,,,,,,,,,,", u1271 ,m84,,
42244, u1271 ," A rather free translation but nonetheless correct. Greetings to you too, my little one.  Tell me, what do you see?"",,,,,,,,,,,,,,,,,,,,,,,,,,,,,,,", u1272 ,m84,,
42245, u1272 ," Sorry I'm late.,,,,,,,,,,,,,,,,,,,,,,,,,,,,,,,", u1272 ,m84,,
42246, u1272 ," I'm sorry. I was looking for Maude.,,,,,,,,,,,,,,,,,,,,,,,,,,,,,,,", u1271 ,m84,,
42247, u1271 ," What do you want?,,,,,,,,,,,,,,,,,,,,,,,,,,,,,,,", u1273 ,m84,,
42248, u1273 ," Well, not <u>dying</u>, actually. I'm changing. You know, like from winter to spring. Of course, it is a big step to take."",,,,,,,,,,,,,,,,,,,,,,,,,,,,,,,", u1272 ,m84,,
42249, u1272 ," Please, don't you realize? She is dying."",,,,,,,,,,,,,,,,,,,,,,,,,,,,,,,", u1272 ,m84,,
42250, u1272 ," Please! She has got to see a doctor right away.,,,,,,,,,,,,,,,,,,,,,,,,,,,,,,,", u1273 ,m84,,
42251, u1273 ," Chardin. Dame Marjorie. But you may call me Maude.,,,,,,,,,,,,,,,,,,,,,,,,,,,,,,,", u1273 ,m84,,
42252, u1273 ," Oh! That's wonderful, Harold. Go - and love some more."",,,,,,,,,,,,,,,,,,,,,,,,,,,,,,,", u1272 ,m84,,
42253, u1272 ," Never! Never! I'll never forget you. I wanted to marry you. Don't you understand! I love you. I love you!,,,,,,,,,,,,,,,,,,,,,,,,,,,,,,,", u1273 ,m84,,
42254, u1273 ," """"And this too shall pass away."""""",,,,,,,,,,,,,,,,,,,,,,,,,,,,,,,", u1272 ,m84,,
42255, u1272 ," It's true. I can't live without you.,,,,,,,,,,,,,,,,,,,,,,,,,,,,,,,", u1273 ,m84,,
42256, u1273 ," Oh, Harold, don't upset yourself so."",,,,,,,,,,,,,,,,,,,,,,,,,,,,,,,", u1272 ,m84,,
42257, u1272 ," But Maude, you don't understand. I love you. Do you hear me? I've never said that to anyone in my life before. You're the first. Maude. Please don't leave me."",,,,,,,,,,,,,,,,,,,,,,,,,,,,,,,", u1273 ,m84,,
42258, u1273 ," I feel giddy.,,,,,,,,,,,,,,,,,,,,,,,,,,,,,,,", u1273 ,m84,,
42259, u1273 ," I thought eighty was a good round number.,,,,,,,,,,,,,,,,,,,,,,,,,,,,,,,", u1272 ,m84,,
42260, u1272 ," But why now?,,,,,,,,,,,,,,,,,,,,,,,,,,,,,,,", u1273 ,m84,,
42261, u1273 ," But, Harold, we begin to die as soon as we are born. What is so strange about death? It's no surprise. It's part of life. It's change."",,,,,,,,,,,,,,,,,,,,,,,,,,,,,,,", u1272 ,m84,,
42262, u1272 ," Maude, please. Don't die. I couldn't bear it. Please, don't die."",,,,,,,,,,,,,,,,,,,,,,,,,,,,,,,", u1273 ,m84,,
42263, u1273 ," Oh, Harold! What a fuss this is.  So unnecessary."",,,,,,,,,,,,,,,,,,,,,,,,,,,,,,,", u1273 ,m84,,
42264, u1273 ," Oh yes, dear. I took the pills an hour ago. I should be gone by midnight."",,,,,,,,,,,,,,,,,,,,,,,,,,,,,,,", u1272 ,m84,,
42265, u1272 ," But you're not going anywhere, are you?"",,,,,,,,,,,,,,,,,,,,,,,,,,,,,,,", u1273 ,m84,,
42266, u1273 ," Why yes. It's my eightieth birthday.,,,,,,,,,,,,,,,,,,,,,,,,,,,,,,,", u1272 ,m84,,
42267, u1272 ," Farewell?,,,,,,,,,,,,,,,,,,,,,,,,,,,,,,,", u1273 ,m84,,
42268, u1273 ," Oh, I am happy, Harold. Ecstatically happy. I couldn't imagine a lovelier farewell."",,,,,,,,,,,,,,,,,,,,,,,,,,,,,,,", u1272 ,m84,,
42269, u1272 ," ... which I hope will make you very happy.,,,,,,,,,,,,,,,,,,,,,,,,,,,,,,,", u1272 ,m84,,
42270, u1272 ," For you.,,,,,,,,,,,,,,,,,,,,,,,,,,,,,,,", u1273 ,m84,,
42271, u1273 ," Oh, Harold. "",,,,,,,,,,,,,,,,,,,,,,,,,,,,,,,", u1272 ,m84,,
42272, u1272 ," It's all right. It's organic.,,,,,,,,,,,,,,,,,,,,,,,,,,,,,,,", u1273 ,m84,,
42273, u1273 ," Oh, you've thought of everything. And champagne."",,,,,,,,,,,,,,,,,,,,,,,,,,,,,,,", u1272 ,m84,,
42274, u1272 ," Supper for two.,,,,,,,,,,,,,,,,,,,,,,,,,,,,,,,", u1273 ,m84,,
42275, u1273 ," Oh, Harold. You are so young."",,,,,,,,,,,,,,,,,,,,,,,,,,,,,,,", u1272 ,m84,,
42276, u1272 ," You've never cried before. I never thought you would. I thought, despite anything, you could always be happy."",,,,,,,,,,,,,,,,,,,,,,,,,,,,,,,", u1273 ,m84,,
42277, u1273 ," I was remembering how much this meant to me. It was after the war... I had nothing... except my life. How different I was then - and yet how the same.,,,,,,,,,,,,,,,,,,,,,,,,,,,,,,,", u1272 ,m84,,
42278, u1272 ," You haven't changed a bit. I'll put it in my wallet.,,,,,,,,,,,,,,,,,,,,,,,,,,,,,,,", u1273 ,m84,,
42279, u1273 ," Harold, that picture is almost twenty-five years old."",,,,,,,,,,,,,,,,,,,,,,,,,,,,,,,", u1272 ,m84,,
42280, u1272 ," It looks like you. Thanks.,,,,,,,,,,,,,,,,,,,,,,,,,,,,,,,", u1272 ,m84,,
42281, u1272 ," I'll never forget you, Maude.  But I would like a photo of you."",,,,,,,,,,,,,,,,,,,,,,,,,,,,,,,", u1273 ,m84,,
42282, u1273 ," They mocked me. They were representations of people I dearly loved yet they knew these people were gradually fading from me, and that in time all I would have left would be vague feelings - but sharp photographs! So I tossed them out. My memory fades, I know. But I prefer pictures made by me with feeling, and not by Kodak with silver nitrate."",,,,,,,,,,,,,,,,,,,,,,,,,,,,,,,", u1272 ,m84,,
42283, u1272 ," Why?,,,,,,,,,,,,,,,,,,,,,,,,,,,,,,,", u1273 ,m84,,
42284, u1273 ," I took them out.,,,,,,,,,,,,,,,,,,,,,,,,,,,,,,,", u1272 ,m84,,
42285, u1272 ," Why are there no photographs in these frames?,,,,,,,,,,,,,,,,,,,,,,,,,,,,,,,", u1272 ,m84,,
42286, u1272 ," Here.,,,,,,,,,,,,,,,,,,,,,,,,,,,,,,,", u1273 ,m84,,
42287, u1273 ," Yes.,,,,,,,,,,,,,,,,,,,,,,,,,,,,,,,", u1272 ,m84,,
42288, u1272 ," Maude.,,,,,,,,,,,,,,,,,,,,,,,,,,,,,,,", u1273 ,m84,,
42289, u1273 ," - end where I began.,,,,,,,,,,,,,,,,,,,,,,,,,,,,,,,", u1273 ,m84,,
42290, u1273 ," Oh, no. But I should have liked to have been an astronaut. A private astronaut able to just go out and explore. Like the men who sailed with Magellan, I want to see if we really can fall off the edge of the world.  What a joke it will be if like them I -"",,,,,,,,,,,,,,,,,,,,,,,,,,,,,,,", u1272 ,m84,,
42291, u1272 ," You should have been a poet.,,,,,,,,,,,,,,,,,,,,,,,,,,,,,,,", u1273 ,m84,,
42292, u1273 ," We <u>are</u> alone - you and me and everybody. But we can look at those stars and maybe someone down the beach or across the sea in China is looking at them, too. Someone we don't know and most likely will never see - that someone is breathing along with us. And the star- gazers of the past - from peasant to princes - and the star-gazers of the future - all of us breathing and looking up there. We are alone - but look at the stars and never feel lonely."",,,,,,,,,,,,,,,,,,,,,,,,,,,,,,,", u1272 ,m84,,
42293, u1272 ," Science thinks there isn't. That we are all alone in the universe.,,,,,,,,,,,,,,,,,,,,,,,,,,,,,,,", u1273 ,m84,,
42294, u1273 ," I don't know. Perhaps.,,,,,,,,,,,,,,,,,,,,,,,,,,,,,,,", u1272 ,m84,,
42295, u1272 ," Do you think there is any life up there?,,,,,,,,,,,,,,,,,,,,,,,,,,,,,,,", u1273 ,m84,,
42296, u1273 ," Yes. They're old friends.,,,,,,,,,,,,,,,,,,,,,,,,,,,,,,,", u1272 ,m84,,
42297, u1272 ," Look at the stars.,,,,,,,,,,,,,,,,,,,,,,,,,,,,,,,", u1273 ,m84,,
42298, u1273 ," Well, they're my species."",,,,,,,,,,,,,,,,,,,,,,,,,,,,,,,", u1272 ,m84,,
42299, u1272 ," You sure have a way with people.,,,,,,,,,,,,,,,,,,,,,,,,,,,,,,,", u1273 ,m84,,
42300, u1273 ," Right on! It wouldn't be a celebration without it.,,,,,,,,,,,,,,,,,,,,,,,,,,,,,,,", u1272 ,m84,,
42301, u1272 ," How about some candy floss?,,,,,,,,,,,,,,,,,,,,,,,,,,,,,,,", u1272 ,m84,,
42302, u1272 ," Come on, you loved it. It was a new experience."",,,,,,,,,,,,,,,,,,,,,,,,,,,,,,,", u1273 ,m84,,
42303, u1273 ," Scared? Swimming underwater with that oxygen device of yours. I was petrified.,,,,,,,,,,,,,,,,,,,,,,,,,,,,,,,", u1272 ,m84,,
42304, u1272 ," Oh, you weren't scared."",,,,,,,,,,,,,,,,,,,,,,,,,,,,,,,", u1273 ,m84,,
42305, u1273 ," No. It had nothing on this afternoon.,,,,,,,,,,,,,,,,,,,,,,,,,,,,,,,", u1272 ,m84,,
42306, u1272 ," That wasn't very scary.,,,,,,,,,,,,,,,,,,,,,,,,,,,,,,,", u1272 ,m84,,
42307, u1272 ," She took my head.,,,,,,,,,,,,,,,,,,,,,,,,,,,,,,,", u1273 ,m84,,
42308, u1273 ," Give me that.  I'm going to throw it in the sewer where it belongs.,,,,,,,,,,,,,,,,,,,,,,,,,,,,,,,", u1272 ,m84,,
42309, u1272 ," Just like this.,,,,,,,,,,,,,,,,,,,,,,,,,,,,,,,", u1272 ,m84,,
42310, u1272 ," ... of you. You'll all end up like this.,,,,,,,,,,,,,,,,,,,,,,,,,,,,,,,", u1273 ,m84,,
42311, u1273 ," Don't you advance on me.,,,,,,,,,,,,,,,,,,,,,,,,,,,,,,,", u1272 ,m84,,
42312, u1272 ," Traitor! Benedict Arnold! Remember Nathan Hale, right, sir?"",,,,,,,,,,,,,,,,,,,,,,,,,,,,,,,", u1273 ,m84,,
42313, u1273 ," Don't you talk to me like that, you little foul mouth degenerate!  Really, sir, I thought that you at least..."",,,,,,,,,,,,,,,,,,,,,,,,,,,,,,,", u1273 ,m84,,
42314, u1273 ," What? With your skill and my experience... I think we can come up with something.,,,,,,,,,,,,,,,,,,,,,,,,,,,,,,,", u1272 ,m84,,
42315, u1272 ," Maude, do you think you can help me?"",,,,,,,,,,,,,,,,,,,,,,,,,,,,,,,", u1273 ,m84,,
42316, u1273 ," They'd put you in jail, eh? Well, historically you'd be in very good company.  That's what my husband used to say when we were in the French Underground dealing with the Gestapo. Would you like to do a little raking?  Work, I'm told, done with no selfish interest, purifies the mind. You sink your separate self and become one with the universal self. On the other hand, senseless labor is a bloody bore and should be scrupulously avoided."",,,,,,,,,,,,,,,,,,,,,,,,,,,,,,,", u1273 ,m84,,
42317, u1273 ," Really. Just put it there, Harold."",,,,,,,,,,,,,,,,,,,,,,,,,,,,,,,", u1272 ,m84,,
42318, u1272 ," But they'll put me in jail.,,,,,,,,,,,,,,,,,,,,,,,,,,,,,,,", u1273 ,m84,,
42319, u1273 ," Well, don't go."",,,,,,,,,,,,,,,,,,,,,,,,,,,,,,,", u1272 ,m84,,
42320, u1272 ," But they have.,,,,,,,,,,,,,,,,,,,,,,,,,,,,,,,", u1273 ,m84,,
42321, u1273 ," But they can't do that. You haven't even got the vote.,,,,,,,,,,,,,,,,,,,,,,,,,,,,,,,", u1272 ,m84,,
42322, u1272 ," They're going to draft me. In the Army. I'm going to be sent away.,,,,,,,,,,,,,,,,,,,,,,,,,,,,,,,", u1273 ,m84,,
42323, u1273 ," What is it, Harold?"",,,,,,,,,,,,,,,,,,,,,,,,,,,,,,,", u1272 ,m84,,
42324, u1272 ," Maude, I must speak to you."",,,,,,,,,,,,,,,,,,,,,,,,,,,,,,,", u1273 ,m84,,
42325, u1273 ," Well, be kind. I've lived a long time, Harold, seen evil as well as good, and it has been my experience that kindness..."",,,,,,,,,,,,,,,,,,,,,,,,,,,,,,,", u1272 ,m84,,
42326, u1272 ," I've never met her. My mother set it up.,,,,,,,,,,,,,,,,,,,,,,,,,,,,,,,", u1273 ,m84,,
42327, u1273 ," Oh.,,,,,,,,,,,,,,,,,,,,,,,,,,,,,,,", u1272 ,m84,,
42328, u1272 ," Shall I drop by tomorrow?  Oh, I have a luncheon date. With this girl."",,,,,,,,,,,,,,,,,,,,,,,,,,,,,,,", u1273 ,m84,,
42329, u1273 ," Oh, Harold. You make me feel like a schoolgirl."",,,,,,,,,,,,,,,,,,,,,,,,,,,,,,,", u1272 ,m84,,
42330, u1272 ," Boy! It sure has been a wonderful day. And you - you are beautiful.,,,,,,,,,,,,,,,,,,,,,,,,,,,,,,,", u1273 ,m84,,
42331, u1273 ," From the guys who got the matches, of course. "",,,,,,,,,,,,,,,,,,,,,,,,,,,,,,,", u1272 ,m84,,
42332, u1272 ," Where's that?,,,,,,,,,,,,,,,,,,,,,,,,,,,,,,,", u1273 ,m84,,
42333, u1273 ," It's sinking, Harold. Going over the horizon - where we are all going to go. It's getting dark. """"Let each man hold on to his candle and get a light where'er he can."""""",,,,,,,,,,,,,,,,,,,,,,,,,,,,,,,", u1272 ,m84,,
42334, u1272 ," Yodeling?,,,,,,,,,,,,,,,,,,,,,,,,,,,,,,,", u1273 ,m84,,
42335, u1273 ," No. I feel more like - yodeling.,,,,,,,,,,,,,,,,,,,,,,,,,,,,,,,", u1272 ,m84,,
42336, u1272 ," Want to join me in some cartwheels?,,,,,,,,,,,,,,,,,,,,,,,,,,,,,,,", u1273 ,m84,,
42337, u1273 ," Harold, everyone has the right to make an ass out of themselves. You just can't let the world judge you too much."",,,,,,,,,,,,,,,,,,,,,,,,,,,,,,,", u1272 ,m84,,
42338, u1272 ," No. I'd feel stupid.,,,,,,,,,,,,,,,,,,,,,,,,,,,,,,,", u1273 ,m84,,
42339, u1273 ," Well, why don't you?"",,,,,,,,,,,,,,,,,,,,,,,,,,,,,,,", u1272 ,m84,,
42340, u1272 ," This is really nice. Makes me feel like a kid. I want to do somersaults .,,,,,,,,,,,,,,,,,,,,,,,,,,,,,,,", u1273 ,m84,,
42341, u1273 ," With Life.,,,,,,,,,,,,,,,,,,,,,,,,,,,,,,,", u1272 ,m84,,
42342, u1272 ," With God?,,,,,,,,,,,,,,,,,,,,,,,,,,,,,,,", u1273 ,m84,,
42343, u1273 ," Pray? No.  I communicate. ,,,,,,,,,,,,,,,,,,,,,,,,,,,,,,,", u1272 ,m84,,
42344, u1272 ," Maude, do you pray?"",,,,,,,,,,,,,,,,,,,,,,,,,,,,,,,", u1273 ,m84,,
42345, u1273 ," Spreckled with uncountable stars. The stars are shining right now. We just can't see them. Just another instance of all that's going on that is beyond human perception.,,,,,,,,,,,,,,,,,,,,,,,,,,,,,,,", u1272 ,m84,,
42346, u1272 ," And beyond the blue is the blackness of the cosmos.,,,,,,,,,,,,,,,,,,,,,,,,,,,,,,,", u1273 ,m84,,
42347, u1273 ," It's so blue.,,,,,,,,,,,,,,,,,,,,,,,,,,,,,,,", u1272 ,m84,,
42348, u1272 ," Look at that sky.  It's so big.,,,,,,,,,,,,,,,,,,,,,,,,,,,,,,,", u1273 ,m84,,
42349, u1273 ," I like you, Harold.  Come, I'll teach you to waltz."",,,,,,,,,,,,,,,,,,,,,,,,,,,,,,,", u1272 ,m84,,
42350, u1272 ," I like you, Maude."",,,,,,,,,,,,,,,,,,,,,,,,,,,,,,,", u1273 ,m84,,
42351, u1273 ," Yes. I understand. A lot of people enjoy being dead. But they are not dead really. They're just backing away from life.  They're players - but they sit on the bench. The game goes on before them. At any moment they can join in.  Reach out! Take a chance! Get hurt maybe. But play as well as you can.  Go team, go! Give me an """"L."""" Give me an """"I.""""  Give me a """"V."""" Give me an """"E."""" LIVE!!!!!  Otherwise you'll have nothing to talk about in the locker room."",,,,,,,,,,,,,,,,,,,,,,,,,,,,,,,", u1272 ,m84,,
42352, u1272 ," Okay.,,,,,,,,,,,,,,,,,,,,,,,,,,,,,,,", u1273 ,m84,,
42353, u1273 ," Of course.,,,,,,,,,,,,,,,,,,,,,,,,,,,,,,,", u1272 ,m84,,
42354, u1272 ," Well, it's a question of timing, and the right equipment, and plenty of patience... You really want to hear about this?"",,,,,,,,,,,,,,,,,,,,,,,,,,,,,,,", u1273 ,m84,,
42355, u1273 ," How ingenious! Tell me about them.,,,,,,,,,,,,,,,,,,,,,,,,,,,,,,,", u1272 ,m84,,
42356, u1272 ," Died! Seventeen times - not counting maiming.  Shot myself in the face once with a popgun and a pellet of blood.,,,,,,,,,,,,,,,,,,,,,,,,,,,,,,,", u1273 ,m84,,
42357, u1273 ," What was that?,,,,,,,,,,,,,,,,,,,,,,,,,,,,,,,", u1272 ,m84,,
42358, u1272 ," Yes. I haven't lived.  I've died a few times.,,,,,,,,,,,,,,,,,,,,,,,,,,,,,,,", u1273 ,m84,,
42359, u1273 ," Me!  When I look around me I know I know nothing. I remember though, once long ago in Persia, we met a wise man in the bazaar. He was a professional and used to sell his wisdom to anyone willing to pay. His specialty for tourists was a maxim engraved on the head of a pin. """"The wisest,"""" he said, """"the truest, the most instructive words for all men at all times."""" Frederick bought one for me and back at the hotel I peered through a magnifying glass to read the words - """"And this too shall pass away.""""  Well, the wise man was right - if you remember that, you can't help but live life fully."",,,,,,,,,,,,,,,,,,,,,,,,,,,,,,,", u1272 ,m84,,
42360, u1272 ," You are the wisest person I know.,,,,,,,,,,,,,,,,,,,,,,,,,,,,,,,", u1273 ,m84,,
42361, u1273 ," Well --  - they say he was very wise, so I'm sure he must have."",,,,,,,,,,,,,,,,,,,,,,,,,,,,,,,", u1272 ,m84,,
42362, u1272 ," Did Confucius say that?,,,,,,,,,,,,,,,,,,,,,,,,,,,,,,,", u1273 ,m84,,
42363, u1273 ," Vice? Virtue? It's best not to be too moral. You cheat yourself out of too much life. Aim above morality. As Confucius says, """"Don't simply be good. Make good things happen."""""",,,,,,,,,,,,,,,,,,,,,,,,,,,,,,,", u1272 ,m84,,
42364, u1272 ," I'm sure picking up on vices.,,,,,,,,,,,,,,,,,,,,,,,,,,,,,,,", u1273 ,m84,,
42365, u1273 ," It's all right.  It's organic.,,,,,,,,,,,,,,,,,,,,,,,,,,,,,,,", u1272 ,m84,,
42366, u1272 ," Well, I really don't smoke."",,,,,,,,,,,,,,,,,,,,,,,,,,,,,,,", u1273 ,m84,,
42367, u1273 ," Yes, so do I. But I think he is a little... old-fashioned. Like a puff, Harold?"",,,,,,,,,,,,,,,,,,,,,,,,,,,,,,,", u1272 ,m84,,
42368, u1272 ," I like Glaucus.,,,,,,,,,,,,,,,,,,,,,,,,,,,,,,,", u1273 ,m84,,
42369, u1273 ," Why? There'll be a new block of ice in the morning.,,,,,,,,,,,,,,,,,,,,,,,,,,,,,,,", u1272 ,m84,,
42370, u1272 ," Don't you think we should turn off the heat?,,,,,,,,,,,,,,,,,,,,,,,,,,,,,,,", u1273 ,m84,,
42371, u1273 ," Yes.,,,,,,,,,,,,,,,,,,,,,,,,,,,,,,,", u1272 ,m84,,
42372, u1272 ," The ice is melting.,,,,,,,,,,,,,,,,,,,,,,,,,,,,,,,", u1273 ,m84,,
42373, u1273 ," Yes. It's almost there.,,,,,,,,,,,,,,,,,,,,,,,,,,,,,,,", u1272 ,m84,,
42374, u1272 ," I <u>think</u> I see it.,,,,,,,,,,,,,,,,,,,,,,,,,,,,,,,", u1272 ,m84,,
42375, u1272 ," Yeah. And it is cold in here. Hello, Glaucus."",,,,,,,,,,,,,,,,,,,,,,,,,,,,,,,", u1273 ,m84,,
42376, u1273 ," Oh, those motorcycles are awfully chilly."",,,,,,,,,,,,,,,,,,,,,,,,,,,,,,,", u1273 ,m84,,
42377, u1273 ," I suppose I did.  Well, farewell little tree. Grow up tall, and change, and fall to replenish the earth. Isn't it wonderful, Harold? All around us. Living things."",,,,,,,,,,,,,,,,,,,,,,,,,,,,,,,", u1272 ,m84,,
42378, u1272 ," I don't know.,,,,,,,,,,,,,,,,,,,,,,,,,,,,,,,", u1273 ,m84,,
42379, u1273 ," There. Oh, I like the feel of soil, don't you? And the smell. It's the earth. """"The earth is my body. My head is in the stars.""""  Who said that?"",,,,,,,,,,,,,,,,,,,,,,,,,,,,,,,", u1273 ,m84,,
42380, u1273 ," The old double U-turn. Gets them every time.,,,,,,,,,,,,,,,,,,,,,,,,,,,,,,,", u1272 ,m84,,
42381, u1272 ," He's stopped.,,,,,,,,,,,,,,,,,,,,,,,,,,,,,,,", u1273 ,m84,,
42382, u1273 ," Is he? Ah, the police. Always wanting to play games. Well, here goes."",,,,,,,,,,,,,,,,,,,,,,,,,,,,,,,", u1272 ,m84,,
42383, u1272 ," I think he's following us.,,,,,,,,,,,,,,,,,,,,,,,,,,,,,,,", u1273 ,m84,,
42384, u1273 ," Superb.,,,,,,,,,,,,,,,,,,,,,,,,,,,,,,,", u1272 ,m84,,
42385, u1272 ," Okay?,,,,,,,,,,,,,,,,,,,,,,,,,,,,,,,", u1273 ,m84,,
42386, u1273 ," Don't play anything! Dear me. Everyone should be able to make some music. Why, it's life! - Rhythm and harmony - That's the cosmic dance. Come with me."",,,,,,,,,,,,,,,,,,,,,,,,,,,,,,,", u1272 ,m84,,
42387, u1272 ," But I don't play anything.,,,,,,,,,,,,,,,,,,,,,,,,,,,,,,,", u1273 ,m84,,
42388, u1273 ," Oh, that was fun. Let's play something together."",,,,,,,,,,,,,,,,,,,,,,,,,,,,,,,", u1273 ,m84,,
42389, u1273 ," Oh come on. I'll teach you.,,,,,,,,,,,,,,,,,,,,,,,,,,,,,,,", u1272 ,m84,,
42390, u1272 ," Well, I don't..."",,,,,,,,,,,,,,,,,,,,,,,,,,,,,,,", u1273 ,m84,,
42391, u1273 ," Oh, yes! Every day. But I don't need a defense anymore. I embrace! Still fighting for the Big Issues but now in my small, individual way. Shall we have a song?"",,,,,,,,,,,,,,,,,,,,,,,,,,,,,,,", u1272 ,m84,,
42392, u1272 ," No more revolts.,,,,,,,,,,,,,,,,,,,,,,,,,,,,,,,", u1273 ,m84,,
42393, u1273 ," No.,,,,,,,,,,,,,,,,,,,,,,,,,,,,,,,", u1273 ,m84,,
42394, u1273 ," Oh, Big Issues. Liberty. Rights. Justice. Kings died and kingdoms fell. I don't regret the kingdoms - what sense in borders and nations and patriotism - but I do miss the kings. When I was a little girl I was taken to the palace in Vienna, to a garden party. I can still see the sunshine, the parasols, and the flashing uniforms of the young officers. I thought then I would marry a soldier.  Later, Frederick would chide me about it.  He was so serious. A doctor at the University. And in the government."",,,,,,,,,,,,,,,,,,,,,,,,,,,,,,,", u1272 ,m84,,
42395, u1272 ," What were you fighting for?,,,,,,,,,,,,,,,,,,,,,,,,,,,,,,,", u1273 ,m84,,
42396, u1273 ," My umbrella?  Oh, that's just a relic. I found it when I was packing to come to America. It used to be my defense on picket lines and rallies and political meetings - being dragged off by police or attacked by thugs of the opposition.  A long time ago."",,,,,,,,,,,,,,,,,,,,,,,,,,,,,,,", u1272 ,m84,,
42397, u1272 ," What's that?,,,,,,,,,,,,,,,,,,,,,,,,,,,,,,,", u1272 ,m84,,
42398, u1272 ," Thank you.,,,,,,,,,,,,,,,,,,,,,,,,,,,,,,,", u1273 ,m84,,
42399, u1273 ," Some nuts? Some licorice? It has no nutritional value but then consistency is not really a human trait.,,,,,,,,,,,,,,,,,,,,,,,,,,,,,,,", u1272 ,m84,,
42400, u1272 ," Thank you.,,,,,,,,,,,,,,,,,,,,,,,,,,,,,,,", u1273 ,m84,,
42401, u1273 ," Oh, it's all right. It's organic."",,,,,,,,,,,,,,,,,,,,,,,,,,,,,,,", u1272 ,m84,,
42402, u1272 ," Well, I really don't drink..."",,,,,,,,,,,,,,,,,,,,,,,,,,,,,,,", u1273 ,m84,,
42403, u1273 ," A little after-dinner liqueur, Harold?"",,,,,,,,,,,,,,,,,,,,,,,,,,,,,,,", u1273 ,m84,,
42404, u1273 ," Yes.,,,,,,,,,,,,,,,,,,,,,,,,,,,,,,,", u1272 ,m84,,
42405, u1272 ," Look, the ice is melting."",,,,,,,,,,,,,,,,,,,,,,,,,,,,,,,", u1273 ,m84,,
42406, u1273 ," He's never finished one yet. He has around him every kind of hand tool known to man, but the poor dear has difficulty staying awake."",,,,,,,,,,,,,,,,,,,,,,,,,,,,,,,", u1272 ,m84,,
42407, u1272 ," It is kind of rough.,,,,,,,,,,,,,,,,,,,,,,,,,,,,,,,", u1273 ,m84,,
42408, u1273 ," An ice sculpture. It's Venus - the Goddess of Love, the completion of which is his unfulfilled dream."",,,,,,,,,,,,,,,,,,,,,,,,,,,,,,,", u1272 ,m84,,
42409, u1272 ," What is that he's working on?,,,,,,,,,,,,,,,,,,,,,,,,,,,,,,,", u1273 ,m84,,
42410, u1273 ," We'll come back in the morning.,,,,,,,,,,,,,,,,,,,,,,,,,,,,,,,", u1273 ,m84,,
42411, u1273 ," He's fallen asleep, as usual."",,,,,,,,,,,,,,,,,,,,,,,,,,,,,,,", u1272 ,m84,,
42412, u1272 ," Is he all right?,,,,,,,,,,,,,,,,,,,,,,,,,,,,,,,", u1273 ,m84,,
42413, u1273 ," Oh, my. We're too late."",,,,,,,,,,,,,,,,,,,,,,,,,,,,,,,", u1272 ,m84,,
42414, u1272 ," Oh, wait, Maude. Look!"",,,,,,,,,,,,,,,,,,,,,,,,,,,,,,,", u1273 ,m84,,
42415, u1273 ," Yes, you're right. We'll go see Glaucus. Come on."",,,,,,,,,,,,,,,,,,,,,,,,,,,,,,,", u1272 ,m84,,
42416, u1272 ," Don't you think we should get some tools, maybe?"",,,,,,,,,,,,,,,,,,,,,,,,,,,,,,,", u1273 ,m84,,
42417, u1273 ," Exactly.,,,,,,,,,,,,,,,,,,,,,,,,,,,,,,,", u1272 ,m84,,
42418, u1272 ," But this is public property.,,,,,,,,,,,,,,,,,,,,,,,,,,,,,,,", u1273 ,m84,,
42419, u1273 ," Why not?,,,,,,,,,,,,,,,,,,,,,,,,,,,,,,,", u1272 ,m84,,
42420, u1272 ," But we can't just dig it up!,,,,,,,,,,,,,,,,,,,,,,,,,,,,,,,", u1273 ,m84,,
42421, u1273 ," We'll transplant it. To the forest.,,,,,,,,,,,,,,,,,,,,,,,,,,,,,,,", u1272 ,m84,,
42422, u1272 ," But what?,,,,,,,,,,,,,,,,,,,,,,,,,,,,,,,", u1273 ,m84,,
42423, u1273 ," Look at it, Harold. It's suffocating. It's the smog. People can live with it, but it gives trees asthma. They can't breathe. See the leaves are all brown. Harold, we've got to do something about this life."",,,,,,,,,,,,,,,,,,,,,,,,,,,,,,,", u1273 ,m84,,
42424, u1273 ," That little tree. It's in trouble. Come on.,,,,,,,,,,,,,,,,,,,,,,,,,,,,,,,", u1272 ,m84,,
42425, u1272 ," What is it?,,,,,,,,,,,,,,,,,,,,,,,,,,,,,,,", u1273 ,m84,,
42426, u1273 ," Over there by the courthouse.,,,,,,,,,,,,,,,,,,,,,,,,,,,,,,,", u1272 ,m84,,
42427, u1272 ," What?,,,,,,,,,,,,,,,,,,,,,,,,,,,,,,,", u1273 ,m84,,
42428, u1273 ," Look.,,,,,,,,,,,,,,,,,,,,,,,,,,,,,,,", u1272 ,m84,,
42429, u1272 ," What happened?,,,,,,,,,,,,,,,,,,,,,,,,,,,,,,,", u1272 ,m84,,
42430, u1272 ," Well...,,,,,,,,,,,,,,,,,,,,,,,,,,,,,,,", u1273 ,m84,,
42431, u1273 ," The universal language of mankind.  What music do you like, Harold?"",,,,,,,,,,,,,,,,,,,,,,,,,,,,,,,", u1273 ,m84,,
42432, u1273 ," Oh, it's only a machine, Harold. It's not as if it were <u>alive</u>, like a horse or a camel. We may live in a machine age, but I simply can't treat them as equals.  Of course, the age has its advantages."",,,,,,,,,,,,,,,,,,,,,,,,,,,,,,,", u1272 ,m84,,
42433, u1272 ," Boy, Maude. The way you handle cars. I'd never handle a car like that."",,,,,,,,,,,,,,,,,,,,,,,,,,,,,,,", u1273 ,m84,,
42434, u1273 ," Oooh, but they are not. Look."",,,,,,,,,,,,,,,,,,,,,,,,,,,,,,,", u1272 ,m84,,
42435, u1272 ," Because they are all the same.,,,,,,,,,,,,,,,,,,,,,,,,,,,,,,,", u1273 ,m84,,
42436, u1273 ," Why do you say that?,,,,,,,,,,,,,,,,,,,,,,,,,,,,,,,", u1272 ,m84,,
42437, u1272 ," I don't know. Just one of those. ,,,,,,,,,,,,,,,,,,,,,,,,,,,,,,,", u1273 ,m84,,
42438, u1273 ," I should like to change into a sunflower most of all. They are so <u>tall</u> and simple. And you, Harold, what flower would you like to be?"",,,,,,,,,,,,,,,,,,,,,,,,,,,,,,,", u1272 ,m84,,
42439, u1272 ," What do you mean?,,,,,,,,,,,,,,,,,,,,,,,,,,,,,,,", u1273 ,m84,,
42440, u1273 ," Well, it's all very thrilling, of course, but I ask you, Harold... Is it enough?"",,,,,,,,,,,,,,,,,,,,,,,,,,,,,,,", u1273 ,m84,,
42441, u1273 ," Sterling silver. It was my dear mother-in-law's, part of a dinner set of fifty pieces. It's one of the few things that survived.  Oh, but I do rattle on so. Tell me about yourself, Harold.  What do you do when you aren't visiting funerals?"",,,,,,,,,,,,,,,,,,,,,,,,,,,,,,,", u1272 ,m84,,
42442, u1272 ," That's a nice teapot.,,,,,,,,,,,,,,,,,,,,,,,,,,,,,,,", u1273 ,m84,,
42443, u1273 ," That's the influence of the right food, the right exercise, and the right breathing.  Greet the dawn with the Breath of Fire!  Of course, there's no doubt the body is giving out. I'm well into autumn. I'll have to be giving it all up after Saturday. Sweeten the tea with honey, Harold. It's delicious."",,,,,,,,,,,,,,,,,,,,,,,,,,,,,,,", u1272 ,m84,,
42444, u1272 ," You don't look eighty.,,,,,,,,,,,,,,,,,,,,,,,,,,,,,,,", u1273 ,m84,,
42445, u1273 ," Me. Ha! Did I tell you I'll be eighty on Saturday?,,,,,,,,,,,,,,,,,,,,,,,,,,,,,,,", u1272 ,m84,,
42446, u1272 ," You look as if you could.,,,,,,,,,,,,,,,,,,,,,,,,,,,,,,,", u1273 ,m84,,
42447, u1273 ," Wonderful! Try something new each day. After all, we're given life to find it out. It doesn't last forever."",,,,,,,,,,,,,,,,,,,,,,,,,,,,,,,", u1272 ,m84,,
42448, u1272 ," Certainly a new experience for me.,,,,,,,,,,,,,,,,,,,,,,,,,,,,,,,", u1273 ,m84,,
42449, u1273 ," Here we are, Harold. Oat straw tea and ginger pie."",,,,,,,,,,,,,,,,,,,,,,,,,,,,,,,", u1273 ,m84,,
42450, u1273 ," No, you have to touch it.  You have to run your hands over it, get close to it, really reach out and feel. You try it."",,,,,,,,,,,,,,,,,,,,,,,,,,,,,,,", u1272 ,m84,,
42451, u1272 ," Oh. Eh, I like it."",,,,,,,,,,,,,,,,,,,,,,,,,,,,,,,", u1273 ,m84,,
42452, u1273 ," What do you think?,,,,,,,,,,,,,,,,,,,,,,,,,,,,,,,", u1272 ,m84,,
42453, u1272 ," That's really great.,,,,,,,,,,,,,,,,,,,,,,,,,,,,,,,", u1273 ,m84,,
42454, u1273 ," It goes on and on.,,,,,,,,,,,,,,,,,,,,,,,,,,,,,,,", u1272 ,m84,,
42455, u1272 ," Subways... Perfume... Cigarette...  ... Cologne... Carpet... Chestnuts! ... <u>Snow!</u>,,,,,,,,,,,,,,,,,,,,,,,,,,,,,,,", u1273 ,m84,,
42456, u1273 ," Now I'll pump it up...  ... and you just turn the handles.  Okay. What do you smell?,,,,,,,,,,,,,,,,,,,,,,,,,,,,,,,", u1273 ,m84,,
42457, u1273 ," It was my last. I then became infatuated with these -- my """"Odorifics."""""",,,,,,,,,,,,,,,,,,,,,,,,,,,,,,,", u1272 ,m84,,
42458, u1272 ," Yes. Very much.,,,,,,,,,,,,,,,,,,,,,,,,,,,,,,,", u1273 ,m84,,
42459, u1273 ," A self-portrait.  But over here is my favorite. It's titled """"Rainbow with Egg Underneath and an Elephant."""" Do you like it?"",,,,,,,,,,,,,,,,,,,,,,,,,,,,,,,", u1273 ,m84,,
42460, u1273 ," Oh, I'm so happy you said that because I wanted to show you my paintings. This is the """"Rape of Rome"""" and, of course, there in the corner is quite a graphic depiction of Leda and the Swan."",,,,,,,,,,,,,,,,,,,,,,,,,,,,,,,", u1272 ,m84,,
42461, u1272 ," No. ,,,,,,,,,,,,,,,,,,,,,,,,,,,,,,,", u1273 ,m84,,
42462, u1273 ," Really. Do you think it's wrong?,,,,,,,,,,,,,,,,,,,,,,,,,,,,,,,", u1272 ,m84,,
42463, u1272 ," Me! No. Of course not.,,,,,,,,,,,,,,,,,,,,,,,,,,,,,,,", u1273 ,m84,,
42464, u1273 ," Heavens no! I don't have the time. But I like to keep in practice and poor Glaucus occasionally needs his memory refreshed as to the contours of the female form.  Do you disapprove?,,,,,,,,,,,,,,,,,,,,,,,,,,,,,,,", u1272 ,m84,,
42465, u1272 ," Do you often model for Glaucus?,,,,,,,,,,,,,,,,,,,,,,,,,,,,,,,", u1273 ,m84,,
42466, u1273 ," She seemed yare to me.,,,,,,,,,,,,,,,,,,,,,,,,,,,,,,,", u1272 ,m84,,
42467, u1272 ," Oh, it's fine. Fine."",,,,,,,,,,,,,,,,,,,,,,,,,,,,,,,", u1273 ,m84,,
42468, u1273 ," I'll heat some up. My, it's nice to see you again, Harold. How's your hearse?"",,,,,,,,,,,,,,,,,,,,,,,,,,,,,,,", u1272 ,m84,,
42469, u1272 ," Eh, fine."",,,,,,,,,,,,,,,,,,,,,,,,,,,,,,,", u1273 ,m84,,
42470, u1273 ," How about some ginger pie?,,,,,,,,,,,,,,,,,,,,,,,,,,,,,,,", u1272 ,m84,,
42471, u1272 ," Maude???!,,,,,,,,,,,,,,,,,,,,,,,,,,,,,,,", u1273 ,m84,,
42472, u1273 ," Harold?,,,,,,,,,,,,,,,,,,,,,,,,,,,,,,,", u1273 ,m84,,
42473, u1273 ," Promise?,,,,,,,,,,,,,,,,,,,,,,,,,,,,,,,", u1272 ,m84,,
42474, u1272 ," All right.,,,,,,,,,,,,,,,,,,,,,,,,,,,,,,,", u1273 ,m84,,
42475, u1273 ," My door is always open.,,,,,,,,,,,,,,,,,,,,,,,,,,,,,,,", u1272 ,m84,,
42476, u1272 ," All right.,,,,,,,,,,,,,,,,,,,,,,,,,,,,,,,", u1273 ,m84,,
42477, u1273 ," Well, then, you must come back and visit."",,,,,,,,,,,,,,,,,,,,,,,,,,,,,,,", u1272 ,m84,,
42478, u1272 ," Sort of.,,,,,,,,,,,,,,,,,,,,,,,,,,,,,,,", u1273 ,m84,,
42479, u1273 ," Oh, at the dentist's?"",,,,,,,,,,,,,,,,,,,,,,,,,,,,,,,", u1272 ,m84,,
42480, u1272 ," Thank you, but it's an appointment. I really shouldn't miss it."",,,,,,,,,,,,,,,,,,,,,,,,,,,,,,,", u1273 ,m84,,
42481, u1273 ," Well then.,,,,,,,,,,,,,,,,,,,,,,,,,,,,,,,", u1272 ,m84,,
42482, u1272 ," No.,,,,,,,,,,,,,,,,,,,,,,,,,,,,,,,", u1273 ,m84,,
42483, u1273 ," But it's oat straw tea. You've never had oat straw tea, have you?"",,,,,,,,,,,,,,,,,,,,,,,,,,,,,,,", u1272 ,m84,,
42484, u1272 ," Thank you, but I really have to go."",,,,,,,,,,,,,,,,,,,,,,,,,,,,,,,", u1273 ,m84,,
42485, u1273 ," She's very sweet, but so old- fashioned. Please sit down, Harold. I'll put on the kettle and we'll have a nice hot cup of tea."",,,,,,,,,,,,,,,,,,,,,,,,,,,,,,,", u1273 ,m84,,
42486, u1273 ," Oh, look! The birds."",,,,,,,,,,,,,,,,,,,,,,,,,,,,,,,", u1272 ,m84,,
42487, u1272 ," It's very interesting.,,,,,,,,,,,,,,,,,,,,,,,,,,,,,,,", u1273 ,m84,,
42488, u1273 ," It's all memorabilia, but incidental and not integral, if you know what I mean."",,,,,,,,,,,,,,,,,,,,,,,,,,,,,,,", u1273 ,m84,,
42489, u1273 ," Well, if some people are upset because they feel they have a hold on some things, then I'm merely acting as a gentle reminder - I'm sort of breaking it easy -- Here today, gone tomorrow, so don't get attached to <u>things</u>. Now, with that in mind, I'm not against collecting stuff..."",,,,,,,,,,,,,,,,,,,,,,,,,,,,,,,", u1272 ,m84,,
42490, u1272 ," Still, I think you'd upset people and I'm not sure that's right."",,,,,,,,,,,,,,,,,,,,,,,,,,,,,,,", u1273 ,m84,,
42491, u1273 ," What owners, Harold? We don't <u>own</u> anything. It's a transitory world. We come on the earth with nothing, and we go out with nothing, so isn't """"ownership"""" a little absurd?"",,,,,,,,,,,,,,,,,,,,,,,,,,,,,,,", u1272 ,m84,,
42492, u1272 ," Thank you. But when you take these cars don't you think you are wronging the owners?,,,,,,,,,,,,,,,,,,,,,,,,,,,,,,,", u1273 ,m84,,
42493, u1273 ," Not <u>any</u> car. I like to keep a variety. I'm always looking for the new experience, like this one. I liked it."",,,,,,,,,,,,,,,,,,,,,,,,,,,,,,,", u1272 ,m84,,
42494, u1272 ," And you get into any car you want and just drive off?,,,,,,,,,,,,,,,,,,,,,,,,,,,,,,,", u1273 ,m84,,
42495, u1273 ," Of course, I've had to make some additions for the new models, but not as many as you might think. Once you have your basic set it's then only a question of variation."",,,,,,,,,,,,,,,,,,,,,,,,,,,,,,,", u1273 ,m84,,
42496, u1273 ," Oh.,,,,,,,,,,,,,,,,,,,,,,,,,,,,,,,", u1272 ,m84,,
42497, u1272 ," Yearse!,,,,,,,,,,,,,,,,,,,,,,,,,,,,,,,", u1273 ,m84,,
42498, u1273 ," Your hearse?,,,,,,,,,,,,,,,,,,,,,,,,,,,,,,,", u1272 ,m84,,
42499, u1272 ," But this is my car.,,,,,,,,,,,,,,,,,,,,,,,,,,,,,,,", u1273 ,m84,,
42500, u1273 ," Well, it's a new experience for me.  Good on curves. Shall I take you home, Harold?"",,,,,,,,,,,,,,,,,,,,,,,,,,,,,,,", u1272 ,m84,,
42501, u1272 ," Yes.,,,,,,,,,,,,,,,,,,,,,,,,,,,,,,,", u1273 ,m84,,
42502, u1273 ," Oh, so do I. They're such fun, aren't they? It's all change. All revolving. Burials and births. The end to the beginning and the beginning to the end -  - the great circle of life. My, this old thing handles well. Ever drive a hearse, Harold?"",,,,,,,,,,,,,,,,,,,,,,,,,,,,,,,", u1272 ,m84,,
42503, u1272 ," Yes.,,,,,,,,,,,,,,,,,,,,,,,,,,,,,,,", u1273 ,m84,,
42504, u1273 ," No.  I thought not.,,,,,,,,,,,,,,,,,,,,,,,,,,,,,,,", u1272 ,m84,,
42505, u1272 ," Eh, no."",,,,,,,,,,,,,,,,,,,,,,,,,,,,,,,", u1273 ,m84,,
42506, u1273 ," Do you sing and dance?,,,,,,,,,,,,,,,,,,,,,,,,,,,,,,,", u1272 ,m84,,
42507, u1272 ," What?,,,,,,,,,,,,,,,,,,,,,,,,,,,,,,,", u1273 ,m84,,
42508, u1273 ," Do you dance?,,,,,,,,,,,,,,,,,,,,,,,,,,,,,,,", u1273 ,m84,,
42509, u1273 ," Well then, I must be off.  We shall have to meet again."",,,,,,,,,,,,,,,,,,,,,,,,,,,,,,,", u1272 ,m84,,
42510, u1272 ," No, thank you. I have my car."",,,,,,,,,,,,,,,,,,,,,,,,,,,,,,,", u1273 ,m84,,
42511, u1273 ," Can I drop you anywhere, Harold?"",,,,,,,,,,,,,,,,,,,,,,,,,,,,,,,", u1273 ,m84,,
42512, u1273 ," Oh, thank you. I think we shall be great friends, don't you?"",,,,,,,,,,,,,,,,,,,,,,,,,,,,,,,", u1272 ,m84,,
42513, u1272 ," Nice to meet you.,,,,,,,,,,,,,,,,,,,,,,,,,,,,,,,", u1273 ,m84,,
42514, u1273 ," How do you do? I am Dame Marjorie Chardin, but you may call me Maude."",,,,,,,,,,,,,,,,,,,,,,,,,,,,,,,", u1272 ,m84,,
42515, u1272 ," Harold Chasen.,,,,,,,,,,,,,,,,,,,,,,,,,,,,,,,", u1273 ,m84,,
42516, u1273 ," Oh, of course. What is your name?"",,,,,,,,,,,,,,,,,,,,,,,,,,,,,,,", u1272 ,m84,,
42517, u1272 ," Eh, could I have my pen back now, please?"",,,,,,,,,,,,,,,,,,,,,,,,,,,,,,,", u1273 ,m84,,
42518, u1273 ," It's a question of emphasis, you might say. Accentuate the positive, so to speak."",,,,,,,,,,,,,,,,,,,,,,,,,,,,,,,", u1273 ,m84,,
42519, u1273 ," I mean, seventy-five is too early, but at eighty-five, well, you're just marking time and you may as well look over the horizon."",,,,,,,,,,,,,,,,,,,,,,,,,,,,,,,", u1272 ,m84,,
42520, u1272 ," I don't know.,,,,,,,,,,,,,,,,,,,,,,,,,,,,,,,", u1273 ,m84,,
42521, u1273 ," Me neither. I heard he was eighty years old. I'll be eighty next week. A good time to move on, don't you think?"",,,,,,,,,,,,,,,,,,,,,,,,,,,,,,,", u1272 ,m84,,
42522, u1272 ," Eh, no."",,,,,,,,,,,,,,,,,,,,,,,,,,,,,,,", u1273 ,m84,,
42523, u1273 ," You're welcome.  Did you know him?,,,,,,,,,,,,,,,,,,,,,,,,,,,,,,,", u1272 ,m84,,
42524, u1272 ," Eh, no. Thank you."",,,,,,,,,,,,,,,,,,,,,,,,,,,,,,,", u1272 ,m84,,
42525, u1272 ," Perhaps it is.,,,,,,,,,,,,,,,,,,,,,,,,,,,,,,,", u1274 ,m84,,
42526, u1274 ," This is insane.,,,,,,,,,,,,,,,,,,,,,,,,,,,,,,,", u1274 ,m84,,
42527, u1274 ," Harold!,,,,,,,,,,,,,,,,,,,,,,,,,,,,,,,", u1272 ,m84,,
42528, u1272 ," I'm going to marry the woman I love.,,,,,,,,,,,,,,,,,,,,,,,,,,,,,,,", u1274 ,m84,,
42529, u1274 ," You don't care! """"Miss Shroud of 1890 Weds the Boy of a Thousand Deaths!"""" Listen to me..."",,,,,,,,,,,,,,,,,,,,,,,,,,,,,,,", u1272 ,m84,,
42530, u1272 ," I don't care what people say.,,,,,,,,,,,,,,,,,,,,,,,,,,,,,,,", u1274 ,m84,,
42531, u1274 ," Oh... That's wonderful... I get an eighty-year-old pallbearer for a daughter-in-law! Be reasonable, Harold! You're dealing with your life! What will people say?!"",,,,,,,,,,,,,,,,,,,,,,,,,,,,,,,", u1272 ,m84,,
42532, u1272 ," At a funeral.,,,,,,,,,,,,,,,,,,,,,,,,,,,,,,,", u1274 ,m84,,
42533, u1274 ," Love? Love? What do you <u>know</u> about her? Where does she come from? Where did you meet her?,,,,,,,,,,,,,,,,,,,,,,,,,,,,,,,", u1274 ,m84,,
42534, u1274 ," A sunflower?,,,,,,,,,,,,,,,,,,,,,,,,,,,,,,,", u1272 ,m84,,
42535, u1272 ," What?,,,,,,,,,,,,,,,,,,,,,,,,,,,,,,,", u1274 ,m84,,
42536, u1274 ," I suppose you think this is very funny, Harold."",,,,,,,,,,,,,,,,,,,,,,,,,,,,,,,", u1272 ,m84,,
42537, u1272 ," To a girl. Here.,,,,,,,,,,,,,,,,,,,,,,,,,,,,,,,", u1274 ,m84,,
42538, u1274 ," To whom?,,,,,,,,,,,,,,,,,,,,,,,,,,,,,,,", u1272 ,m84,,
42539, u1272 ," I'm getting married.,,,,,,,,,,,,,,,,,,,,,,,,,,,,,,,", u1274 ,m84,,
42540, u1274 ," Fay, I'll call you back.  What did you say?"",,,,,,,,,,,,,,,,,,,,,,,,,,,,,,,", u1272 ,m84,,
42541, u1272 ," Mother. I'm going to get married.,,,,,,,,,,,,,,,,,,,,,,,,,,,,,,,", u1274 ,m84,,
42542, u1274 ," Harold, please! I'm on the phone."",,,,,,,,,,,,,,,,,,,,,,,,,,,,,,,", u1272 ,m84,,
42543, u1272 ," Mother.,,,,,,,,,,,,,,,,,,,,,,,,,,,,,,,", u1274 ,m84,,
42544, u1274 ," Not now, Harold...  You can't put me down for Monday?"",,,,,,,,,,,,,,,,,,,,,,,,,,,,,,,", u1272 ,m84,,
42545, u1272 ," Mother.,,,,,,,,,,,,,,,,,,,,,,,,,,,,,,,", u1274 ,m84,,
42546, u1274 ," Well, I want you to go to bed directly after dinner. You know how susceptible you are to colds. Harold has always been a delicate child. Even as a baby he seemed to be abnormally prone to illness - Harold, dear, eat up your beets..."",,,,,,,,,,,,,,,,,,,,,,,,,,,,,,,", u1272 ,m84,,
42547, u1272 ," I have a sore throat.,,,,,,,,,,,,,,,,,,,,,,,,,,,,,,,", u1274 ,m84,,
42548, u1274 ," Of course, Harold's father had a similar sense of the absurd. I remember once in Paris he stepped out for cigarettes and the next I hear he's arrested for floating nude down the Seine - experimenting in river currents with a pair of yellow rubber water wings. Well, that cost quite a little bit of """"enfluence"""" and """"d'argent"""" to hush up, I can tell you. Harold, dear, stop playing with your food. Don't you feel well?"",,,,,,,,,,,,,,,,,,,,,,,,,,,,,,,", u1272 ,m84,,
42549, u1272 ," No. Like this.,,,,,,,,,,,,,,,,,,,,,,,,,,,,,,,", u1278 ,m84,,
42550, u1278 ," Like a tea ceremony?,,,,,,,,,,,,,,,,,,,,,,,,,,,,,,,", u1272 ,m84,,
42551, u1272 ," An ancient Japanese ceremony.,,,,,,,,,,,,,,,,,,,,,,,,,,,,,,,", u1278 ,m84,,
42552, u1278 ," Ohhh. What's hari-kari?,,,,,,,,,,,,,,,,,,,,,,,,,,,,,,,", u1272 ,m84,,
42553, u1272 ," This one is particularly interesting. It's a hari-kari blade.,,,,,,,,,,,,,,,,,,,,,,,,,,,,,,,", u1278 ,m84,,
42554, u1278 ," Oh, he's in the Army. I do so like the military, don't you? Those uniforms make men look so virile. I did """"What Price Glory?"""" in summer stock. I played Charmaine - with a French accent."",,,,,,,,,,,,,,,,,,,,,,,,,,,,,,,", u1272 ,m84,,
42555, u1272 ," No. My uncle.,,,,,,,,,,,,,,,,,,,,,,,,,,,,,,,", u1278 ,m84,,
42556, u1278 ," Oh, is this your father?"",,,,,,,,,,,,,,,,,,,,,,,,,,,,,,,", u1278 ,m84,,
42557, u1278 ," Oh, I studied the guitar. I had to give it up. Gave me calluses on my fingers. As an actress I can't afford to have a tarnished instrument."",,,,,,,,,,,,,,,,,,,,,,,,,,,,,,,", u1272 ,m84,,
42558, u1272 ," No. I'm learning the banjo. Do you?,,,,,,,,,,,,,,,,,,,,,,,,,,,,,,,", u1278 ,m84,,
42559, u1278 ," Do you play?,,,,,,,,,,,,,,,,,,,,,,,,,,,,,,,", u1278 ,m84,,
42560, u1278 ," Well, actually, it was the name of my drama teacher - Louis Sunshine. Perhaps you've heard of him. He was such an influence on the development of my instrument. That means my body - in theatre talk. Well, when I came to Hollywood I felt the need to express the emerging me in a new form, so I took on """"Sunshine."""" Dore is my real name... Well, Dore, actually. My, what a lovely place you have here."",,,,,,,,,,,,,,,,,,,,,,,,,,,,,,,", u1272 ,m84,,
42561, u1272 ," Is Sunshine your real name?,,,,,,,,,,,,,,,,,,,,,,,,,,,,,,,", u1278 ,m84,,
42562, u1278 ," No, thank you. They stain my fingers."",,,,,,,,,,,,,,,,,,,,,,,,,,,,,,,", u1272 ,m84,,
42563, u1272 ," Would you like a cigarette?,,,,,,,,,,,,,,,,,,,,,,,,,,,,,,,", u1278 ,m84,,
42564, u1278 ," Can't complain.,,,,,,,,,,,,,,,,,,,,,,,,,,,,,,,", u1272 ,m84,,
42565, u1272 ," How do you do?,,,,,,,,,,,,,,,,,,,,,,,,,,,,,,,", u1277 ,m84,,
42566, u1277 ," What kind of stuff?,,,,,,,,,,,,,,,,,,,,,,,,,,,,,,,", u1272 ,m84,,
42567, u1272 ," I'd show him my hearse. And my room, and stuff."",,,,,,,,,,,,,,,,,,,,,,,,,,,,,,,", u1277 ,m84,,
42568, u1277 ," What would you say?,,,,,,,,,,,,,,,,,,,,,,,,,,,,,,,", u1272 ,m84,,
42569, u1272 ," I'd have liked to talk to him.,,,,,,,,,,,,,,,,,,,,,,,,,,,,,,,", u1277 ,m84,,
42570, u1277 ," Why?,,,,,,,,,,,,,,,,,,,,,,,,,,,,,,,", u1272 ,m84,,
42571, u1272 ," No.  I'd have liked to.,,,,,,,,,,,,,,,,,,,,,,,,,,,,,,,", u1277 ,m84,,
42572, u1277 ," I see. Tell me, Harold, do you remember your father at all?"",,,,,,,,,,,,,,,,,,,,,,,,,,,,,,,", u1277 ,m84,,
42573, u1277 ," Very well.  Now your mother tells me she is arranging several dates for you with some young ladies. How do you feel about that?,,,,,,,,,,,,,,,,,,,,,,,,,,,,,,,", u1272 ,m84,,
42574, u1272 ," Yes.,,,,,,,,,,,,,,,,,,,,,,,,,,,,,,,", u1277 ,m84,,
42575, u1277 ," We are not relating today, Harold. I sense a definite resistance. A lack of true and helpful communication. I find you a very interesting case, Harold, but this reluctance of yours is detrimental to the psycho-analytical process, and can only hinder the possibility of effective treatment. Do you understand?"",,,,,,,,,,,,,,,,,,,,,,,,,,,,,,,", u1272 ,m84,,
42576, u1272 ," I burnt down the Chemistry building.,,,,,,,,,,,,,,,,,,,,,,,,,,,,,,,", u1277 ,m84,,
42577, u1277 ," Then why did you leave?,,,,,,,,,,,,,,,,,,,,,,,,,,,,,,,", u1272 ,m84,,
42578, u1272 ," Yes.,,,,,,,,,,,,,,,,,,,,,,,,,,,,,,,", u1277 ,m84,,
42579, u1277 ," Your studies?,,,,,,,,,,,,,,,,,,,,,,,,,,,,,,,", u1272 ,m84,,
42580, u1272 ," Yes.,,,,,,,,,,,,,,,,,,,,,,,,,,,,,,,", u1277 ,m84,,
42581, u1277 ," Your classmates?,,,,,,,,,,,,,,,,,,,,,,,,,,,,,,,", u1272 ,m84,,
42582, u1272 ," Yes.,,,,,,,,,,,,,,,,,,,,,,,,,,,,,,,", u1277 ,m84,,
42583, u1277 ," You liked your teachers?,,,,,,,,,,,,,,,,,,,,,,,,,,,,,,,", u1272 ,m84,,
42584, u1272 ," Yes.,,,,,,,,,,,,,,,,,,,,,,,,,,,,,,,", u1277 ,m84,,
42585, u1277 ," I see.  Were you happy at school, Harold?"",,,,,,,,,,,,,,,,,,,,,,,,,,,,,,,", u1272 ,m84,,
42586, u1272 ," No.,,,,,,,,,,,,,,,,,,,,,,,,,,,,,,,", u1277 ,m84,,
42587, u1277 ," Is this a friend you had when you were away at school?,,,,,,,,,,,,,,,,,,,,,,,,,,,,,,,", u1272 ,m84,,
42588, u1272 ," No.,,,,,,,,,,,,,,,,,,,,,,,,,,,,,,,", u1277 ,m84,,
42589, u1277 ," Would you care to talk about this friend?,,,,,,,,,,,,,,,,,,,,,,,,,,,,,,,", u1272 ,m84,,
42590, u1272 ," Well, maybe one."",,,,,,,,,,,,,,,,,,,,,,,,,,,,,,,", u1277 ,m84,,
42591, u1277 ," None at all?,,,,,,,,,,,,,,,,,,,,,,,,,,,,,,,", u1272 ,m84,,
42592, u1272 ," No.,,,,,,,,,,,,,,,,,,,,,,,,,,,,,,,", u1277 ,m84,,
42593, u1277 ," You don't seem to be listening. I asked do you have any friends?,,,,,,,,,,,,,,,,,,,,,,,,,,,,,,,", u1272 ,m84,,
42594, u1272 ," Huh?,,,,,,,,,,,,,,,,,,,,,,,,,,,,,,,", u1277 ,m84,,
42595, u1277 ," Harold?,,,,,,,,,,,,,,,,,,,,,,,,,,,,,,,", u1272 ,m84,,
42596, u1272 ," I go to funerals.,,,,,,,,,,,,,,,,,,,,,,,,,,,,,,,", u1277 ,m84,,
42597, u1277 ," That's very interesting, Harold, and I think very illuminative. There seems to be a definite pattern emerging.  Your fondness for useless machines and demolitions seems indicative of your present emotional state, your self-destructive urges and your alienation from the regular social interaction. What do you think? And of course this pattern once isolated can be coped with. Recognize the problem and you are half way on the road to its solution. But tell me, what do you do for <u>fun</u>? What activity gives you a different sense of enjoyment than the others? What do you find fulfilling? What gives you that certain satisfaction?"",,,,,,,,,,,,,,,,,,,,,,,,,,,,,,,", u1277 ,m84,,
42598, u1277 ," What else do you like?,,,,,,,,,,,,,,,,,,,,,,,,,,,,,,,", u1272 ,m84,,
42599, u1272 ," No. It's the junk. I like to look at junk.,,,,,,,,,,,,,,,,,,,,,,,,,,,,,,,", u1277 ,m84,,
42600, u1277 ," Is it the machines? The noise? The people?,,,,,,,,,,,,,,,,,,,,,,,,,,,,,,,", u1272 ,m84,,
42601, u1272 ," I don't know.,,,,,,,,,,,,,,,,,,,,,,,,,,,,,,,", u1277 ,m84,,
42602, u1277 ," I see. Junkyards. What is the fascination there?,,,,,,,,,,,,,,,,,,,,,,,,,,,,,,,", u1277 ,m84,,
42603, u1277 ," Yes. What kind of things do you do?,,,,,,,,,,,,,,,,,,,,,,,,,,,,,,,", u1272 ,m84,,
42604, u1272 ," You mean when I'm not working on a...,,,,,,,,,,,,,,,,,,,,,,,,,,,,,,,", u1277 ,m84,,
42605, u1277 ," Oh. Well, how do you spend your day?"",,,,,,,,,,,,,,,,,,,,,,,,,,,,,,,", u1272 ,m84,,
42606, u1272 ," My mother spoke to my Uncle Victor. He's in the Army and he fixed it up.,,,,,,,,,,,,,,,,,,,,,,,,,,,,,,,", u1277 ,m84,,
42607, u1277 ," What about the draft?,,,,,,,,,,,,,,,,,,,,,,,,,,,,,,,", u1272 ,m84,,
42608, u1272 ," No.,,,,,,,,,,,,,,,,,,,,,,,,,,,,,,,", u1277 ,m84,,
42609, u1277 ," I'm sure. But what else do you do with your time? Do you go to school?,,,,,,,,,,,,,,,,,,,,,,,,,,,,,,,", u1272 ,m84,,
42610, u1272 ," And a lot of time.,,,,,,,,,,,,,,,,,,,,,,,,,,,,,,,", u1277 ,m84,,
42611, u1277 ," Ah, yes."",,,,,,,,,,,,,,,,,,,,,,,,,,,,,,,", u1272 ,m84,,
42612, u1272 ," I put a lot of effort into these things.,,,,,,,,,,,,,,,,,,,,,,,,,,,,,,,", u1277 ,m84,,
42613, u1277 ," Why?,,,,,,,,,,,,,,,,,,,,,,,,,,,,,,,", u1272 ,m84,,
42614, u1272 ," Yes. It does.,,,,,,,,,,,,,,,,,,,,,,,,,,,,,,,", u1277 ,m84,,
42615, u1277 ," Does that worry you?,,,,,,,,,,,,,,,,,,,,,,,,,,,,,,,", u1272 ,m84,,
42616, u1272 ," I don't think I'm getting through to Mother like I used to.,,,,,,,,,,,,,,,,,,,,,,,,,,,,,,,", u1277 ,m84,,
42617, u1277 ," No, I suppose not. How do you feel about your mother?"",,,,,,,,,,,,,,,,,,,,,,,,,,,,,,,", u1272 ,m84,,
42618, u1272 ," I wouldn't say """"benefit."""""",,,,,,,,,,,,,,,,,,,,,,,,,,,,,,,", u1277 ,m84,,
42619, u1277 ," And were they all done for your mother's benefit?,,,,,,,,,,,,,,,,,,,,,,,,,,,,,,,", u1272 ,m84,,
42620, u1272 ," A rough estimate.,,,,,,,,,,,,,,,,,,,,,,,,,,,,,,,", u1277 ,m84,,
42621, u1277 ," Fifteen.,,,,,,,,,,,,,,,,,,,,,,,,,,,,,,,", u1272 ,m84,,
42622, u1272 ," Well, a rough estimate... I'd say fifteen."",,,,,,,,,,,,,,,,,,,,,,,,,,,,,,,", u1277 ,m84,,
42623, u1277 ," Just give me a rough estimate.,,,,,,,,,,,,,,,,,,,,,,,,,,,,,,,", u1272 ,m84,,
42624, u1272 ," Well, some worked out better than others - some had to be abandoned in the planning stages - do you include the first time? - then there's the question of maiming..."",,,,,,,,,,,,,,,,,,,,,,,,,,,,,,,", u1277 ,m84,,
42625, u1277 ," And why is that?,,,,,,,,,,,,,,,,,,,,,,,,,,,,,,,", u1272 ,m84,,
42626, u1272 ," An accurate number would be difficult to gauge.,,,,,,,,,,,,,,,,,,,,,,,,,,,,,,,", u1277 ,m84,,
42627, u1277 ," Tell me, Harold, how many of these, eh, suicides have you performed?"",,,,,,,,,,,,,,,,,,,,,,,,,,,,,,,", u1272 ,m84,,
42628, u1272 ," She took my head.,,,,,,,,,,,,,,,,,,,,,,,,,,,,,,,", u1279 ,m84,,
42629, u1279 ," Stay where you are, Harold ."",,,,,,,,,,,,,,,,,,,,,,,,,,,,,,,", u1272 ,m84,,
42630, u1272 ," She's a Commie pig. We're going to nail every last one...,,,,,,,,,,,,,,,,,,,,,,,,,,,,,,,", u1279 ,m84,,
42631, u1279 ," Harold, calm down! This is..."",,,,,,,,,,,,,,,,,,,,,,,,,,,,,,,", u1272 ,m84,,
42632, u1272 ," Crazy parasite! Commie bastard! Get out of here.,,,,,,,,,,,,,,,,,,,,,,,,,,,,,,,", u1279 ,m84,,
42633, u1279 ," Harold!,,,,,,,,,,,,,,,,,,,,,,,,,,,,,,,", u1272 ,m84,,
42634, u1272 ," Parasite!,,,,,,,,,,,,,,,,,,,,,,,,,,,,,,,", u1279 ,m84,,
42635, u1279 ," Harold! That's <u>disgusting</u>!,,,,,,,,,,,,,,,,,,,,,,,,,,,,,,,", u1272 ,m84,,
42636, u1272 ," Boy, to think I could maybe make my own."",,,,,,,,,,,,,,,,,,,,,,,,,,,,,,,", u1272 ,m84,,
42637, u1272 ," What's the chance of getting one of these?,,,,,,,,,,,,,,,,,,,,,,,,,,,,,,,", u1279 ,m84,,
42638, u1279 ," Harold!,,,,,,,,,,,,,,,,,,,,,,,,,,,,,,,", u1272 ,m84,,
42639, u1272 ," Of your kill - ears, nose, scalp, privates."",,,,,,,,,,,,,,,,,,,,,,,,,,,,,,,", u1279 ,m84,,
42640, u1279 ," Souvenirs?,,,,,,,,,,,,,,,,,,,,,,,,,,,,,,,", u1272 ,m84,,
42641, u1272 ," Sir, how about souvenirs?"",,,,,,,,,,,,,,,,,,,,,,,,,,,,,,,", u1279 ,m84,,
42642, u1279 ," Harold, I think you're getting carried away here."",,,,,,,,,,,,,,,,,,,,,,,,,,,,,,,", u1272 ,m84,,
42643, u1272 ," I'd like that. You could see the blood squirt out.,,,,,,,,,,,,,,,,,,,,,,,,,,,,,,,", u1279 ,m84,,
42644, u1279 ," Well, I don't..."",,,,,,,,,,,,,,,,,,,,,,,,,,,,,,,", u1272 ,m84,,
42645, u1272 ," How about to slit his throat?,,,,,,,,,,,,,,,,,,,,,,,,,,,,,,,", u1279 ,m84,,
42646, u1279 ," Eh?,,,,,,,,,,,,,,,,,,,,,,,,,,,,,,,", u1272 ,m84,,
42647, u1272 ," To strangle someone. Choke him. Squeeze out his life between your hands.,,,,,,,,,,,,,,,,,,,,,,,,,,,,,,,", u1279 ,m84,,
42648, u1279 ," Yes.,,,,,,,,,,,,,,,,,,,,,,,,,,,,,,,", u1272 ,m84,,
42649, u1272 ," How about hand-to-hand combat?,,,,,,,,,,,,,,,,,,,,,,,,,,,,,,,", u1279 ,m84,,
42650, u1279 ," Oh sure.,,,,,,,,,,,,,,,,,,,,,,,,,,,,,,,", u1272 ,m84,,
42651, u1272 ," And to use the bayonet? PACHOIE!,,,,,,,,,,,,,,,,,,,,,,,,,,,,,,,", u1279 ,m84,,
42652, u1279 ," Oh, sure. A variety of weapons."",,,,,,,,,,,,,,,,,,,,,,,,,,,,,,,", u1272 ,m84,,
42653, u1272 ," Will they really teach me to shoot?,,,,,,,,,,,,,,,,,,,,,,,,,,,,,,,", u1272 ,m84,,
42654, u1272 ," ZAT!,,,,,,,,,,,,,,,,,,,,,,,,,,,,,,,", u1279 ,m84,,
42655, u1279 ," Yes.,,,,,,,,,,,,,,,,,,,,,,,,,,,,,,,", u1272 ,m84,,
42656, u1272 ," Another man's life in your sights.,,,,,,,,,,,,,,,,,,,,,,,,,,,,,,,", u1279 ,m84,,
42657, u1279 ," The moment of truth.,,,,,,,,,,,,,,,,,,,,,,,,,,,,,,,", u1272 ,m84,,
42658, u1272 ," To kill. The taste of blood in your mouth.,,,,,,,,,,,,,,,,,,,,,,,,,,,,,,,", u1279 ,m84,,
42659, u1279 ," That's right.,,,,,,,,,,,,,,,,,,,,,,,,,,,,,,,", u1272 ,m84,,
42660, u1272 ," To pit your own life against another.,,,,,,,,,,,,,,,,,,,,,,,,,,,,,,,", u1279 ,m84,,
42661, u1279 ," It's the greatest excitement in the world.,,,,,,,,,,,,,,,,,,,,,,,,,,,,,,,", u1272 ,m84,,
42662, u1272 ," I hope so, sir. Golly I never knew it could be so exciting."",,,,,,,,,,,,,,,,,,,,,,,,,,,,,,,", u1279 ,m84,,
42663, u1279 ," Sure. Be able to tell your children. Something for them to look up to. Be proud of.,,,,,,,,,,,,,,,,,,,,,,,,,,,,,,,", u1272 ,m84,,
42664, u1272 ," You think so, sir?"",,,,,,,,,,,,,,,,,,,,,,,,,,,,,,,", u1279 ,m84,,
42665, u1279 ," Well, you'll soon have stories like that to tell of your own."",,,,,,,,,,,,,,,,,,,,,,,,,,,,,,,", u1272 ,m84,,
42666, u1272 ," Jeez! That's a great story,"",,,,,,,,,,,,,,,,,,,,,,,,,,,,,,,", u1279 ,m84,,
42667, u1279 ," They came at me from all sides, hundreds of 'em. We kept firing - Zat-Tat-Tat-Tat! """"Throw the grenades,"""" I shouted. """"Mac, throw the grenades!"""" """"He's dead,"""" Joe said, and kept right on feeding me bullets.  Zat-Tat-Tat-Tat!  They kept falling, but they kept coming. Bullets whizzing all around me. Zot! Joe falls back with a neat red hole in his head. I thought I was done for. But I kept firing. Zat-Tat-Tat! Only one thought kept me going. Kill! Kill! For Mac, and Joe, and the rest of the guys. Kill! - a blinding flash. I wake up on a stretcher. """"Did we hold?"""" I asked the medic. """"Yes, sir,"""" he said, and I slipped into unconsciousness."",,,,,,,,,,,,,,,,,,,,,,,,,,,,,,,", u1272 ,m84,,
42668, u1272 ," Jeez, sir. That's pretty strong stuff."",,,,,,,,,,,,,,,,,,,,,,,,,,,,,,,", u1279 ,m84,,
42669, u1279 ," And so I ask you - why the hell did we give up on the Germans? Those damn politicians in Washington chalked them up on our side and the wars ever since have been a national disgrace. Hell, look at history. The two best wars this country has fought were against the Jerries. Now I say, get the Krauts on the other side of the fence where they belong, and let's get back to the kind of enemy worth killing and the kind of war this whole country can support."",,,,,,,,,,,,,,,,,,,,,,,,,,,,,,,", u1272 ,m84,,
42670, u1272 ," War is not all black.,,,,,,,,,,,,,,,,,,,,,,,,,,,,,,,", u1279 ,m84,,
42671, u1279 ," Is that a fact? Well, that fits in right along with everything I've been saying. War is not all black."",,,,,,,,,,,,,,,,,,,,,,,,,,,,,,,", u1272 ,m84,,
42672, u1272 ," During wartime the national suicide rate goes down.,,,,,,,,,,,,,,,,,,,,,,,,,,,,,,,", u1279 ,m84,,
42673, u1279 ," Let's examine the facts on it. I say this country has been too harsh in its outright condemnation of war. I say you can point to many material advantages brought about by a crisis and conflict policy. Hell, World War II gave us the ballpoint pen. That's common knowledge."",,,,,,,,,,,,,,,,,,,,,,,,,,,,,,,", u1279 ,m84,,
42674, u1279 ," Perfectly lovely. You know, this is what we're defending. Everything that's good and beautiful in the American way of life. Oh, there's some nut peace petitioner over there. Let's go off this way. Those crazy Commie bastards. I don't know why we tolerate 'em. Parasites."",,,,,,,,,,,,,,,,,,,,,,,,,,,,,,,", u1272 ,m84,,
42675, u1272 ," Yes, sir."",,,,,,,,,,,,,,,,,,,,,,,,,,,,,,,", u1279 ,m84,,
42676, u1279 ," Call me """"sir,"""" Harold. First thing you learn in the Army - an officer deserves your respect."",,,,,,,,,,,,,,,,,,,,,,,,,,,,,,,", u1272 ,m84,,
42677, u1272 ," Thank you, Uncle."",,,,,,,,,,,,,,,,,,,,,,,,,,,,,,,", u1279 ,m84,,
42678, u1279 ," Good idea of yours to come out here, Harold. It's a lovely spot."",,,,,,,,,,,,,,,,,,,,,,,,,,,,,,,", u1273 ,m84,,
42679, u1273 ," Well, thank you. Eh, officer, you might turn off the radio. Saves the battery."",,,,,,,,,,,,,,,,,,,,,,,,,,,,,,,", u1275 ,m84,,
42680, u1275 ," Oh yes. That's fine.,,,,,,,,,,,,,,,,,,,,,,,,,,,,,,,", u1273 ,m84,,
42681, u1273 ," Tell me --  -- is that car parked all right?,,,,,,,,,,,,,,,,,,,,,,,,,,,,,,,", u1275 ,m84,,
42682, u1275 ," Eh, yes, ma'm."",,,,,,,,,,,,,,,,,,,,,,,,,,,,,,,", u1273 ,m84,,
42683, u1273 ," Well, it's a tricky turn."",,,,,,,,,,,,,,,,,,,,,,,,,,,,,,,", u1275 ,m84,,
42684, u1275 ," Yes, ma'am. Somebody had some trouble parking."",,,,,,,,,,,,,,,,,,,,,,,,,,,,,,,", u1273 ,m84,,
42685, u1273 ," Good afternoon, Officer. Bit of trouble here?"",,,,,,,,,,,,,,,,,,,,,,,,,,,,,,,", u1276 ,m84,,
42686, u1276 ," But wait...,,,,,,,,,,,,,,,,,,,,,,,,,,,,,,,", u1273 ,m84,,
42687, u1273 ," Oh, don't be too discouraged. For aesthetic appreciation - always a little time."",,,,,,,,,,,,,,,,,,,,,,,,,,,,,,,", u1276 ,m84,,
42688, u1276 ," Well, I didn't."",,,,,,,,,,,,,,,,,,,,,,,,,,,,,,,", u1273 ,m84,,
42689, u1273 ," Oh, yes. How did you like that?"",,,,,,,,,,,,,,,,,,,,,,,,,,,,,,,", u1276 ,m84,,
42690, u1276 ," Were you also the one who painted the statues?,,,,,,,,,,,,,,,,,,,,,,,,,,,,,,,", u1273 ,m84,,
42691, u1273 ," Then I suppose it was me. Get in, Harold."",,,,,,,,,,,,,,,,,,,,,,,,,,,,,,,", u1276 ,m84,,
42692, u1276 ," Yes.,,,,,,,,,,,,,,,,,,,,,,,,,,,,,,,", u1273 ,m84,,
42693, u1273 ," Was that the one with the St. Christopher medal on the dashboard?,,,,,,,,,,,,,,,,,,,,,,,,,,,,,,,", u1276 ,m84,,
42694, u1276 ," Ah! There you are, madam. Were not you the lady who drove my car off yesterday?"",,,,,,,,,,,,,,,,,,,,,,,,,,,,,,,", u1273 ,m84,,
