,User_id,text,sec_user,movies_name,relationship,attachment
46533, u1388 ," Please don't kill us, please don't kill us."",,,,,,,,,,,,,,,,,,,,,,,,,,,,,,,", u1394 ,m92,,
46534, u1394 ," Please don't kill us, please don't kill us."",,,,,,,,,,,,,,,,,,,,,,,,,,,,,,,", u1388 ,m92,,
46535, u1388 ," Yeah, it won't take long and besides you sassy poodle girls will slow us down."",,,,,,,,,,,,,,,,,,,,,,,,,,,,,,,", u1394 ,m92,,
46536, u1394 ," I agree.,,,,,,,,,,,,,,,,,,,,,,,,,,,,,,,", u1388 ,m92,,
46537, u1388 ," Things like that get a lot bloodier than ya think.,,,,,,,,,,,,,,,,,,,,,,,,,,,,,,,", u1394 ,m92,,
46538, u1394 ," The lions were totally covered in this guy's blood... I think they ate his face off, tore open his rib cage, pulled his legs off... it was a wild scene."",,,,,,,,,,,,,,,,,,,,,,,,,,,,,,,", u1394 ,m92,,
46539, u1394 ," Cool.,,,,,,,,,,,,,,,,,,,,,,,,,,,,,,,", u1388 ,m92,,
46540, u1388 ," Oh, I know. I'll show you where it's at, sweetie. Aren't you just so cute all bundled up like a cinnamon roll of Christmas love."",,,,,,,,,,,,,,,,,,,,,,,,,,,,,,,", u1388 ,m92,,
46541, u1388 ," I know I hate Swiss cheese, the holes make me nervous."",,,,,,,,,,,,,,,,,,,,,,,,,,,,,,,", u1394 ,m92,,
46542, u1394 ," I always hate saying the word cheese, every time you get your picture taken... smile, say cheese."",,,,,,,,,,,,,,,,,,,,,,,,,,,,,,,", u1388 ,m92,,
46543, u1388 ," Any cone, yeah...  I hate that word... sounds ugly, I don't like crumple either."",,,,,,,,,,,,,,,,,,,,,,,,,,,,,,,", u1394 ,m92,,
46544, u1394 ," Huh... what cone?,,,,,,,,,,,,,,,,,,,,,,,,,,,,,,,", u1388 ,m92,,
46545, u1388 ," Cone.,,,,,,,,,,,,,,,,,,,,,,,,,,,,,,,", u1394 ,m92,,
46546, u1394 ," What?,,,,,,,,,,,,,,,,,,,,,,,,,,,,,,,", u1388 ,m92,,
46547, u1388 ," Maybe, maybe, maybe... hey, you know what word I hate?"",,,,,,,,,,,,,,,,,,,,,,,,,,,,,,,", u1394 ,m92,,
46548, u1394 ," Deadwood, is that what it's called? Cool, will you show us?"",,,,,,,,,,,,,,,,,,,,,,,,,,,,,,,", u1388 ,m92,,
46549, u1388 ," Yeah, it's a tree. I used to play there all the time. But, you can't find it without me. Outsider can't find no deadwood."",,,,,,,,,,,,,,,,,,,,,,,,,,,,,,,", u1394 ,m92,,
46550, u1394 ," Really, wow, so it's really a real thing."",,,,,,,,,,,,,,,,,,,,,,,,,,,,,,,", u1388 ,m92,,
46551, u1388 ," Yeah, I know where that is, it's right by my house. It's Dr. Satan's tree. I can show ya."",,,,,,,,,,,,,,,,,,,,,,,,,,,,,,,", u1388 ,m92,,
46552, u1388 ," Yeah, icky. This one guy stops and I look in and he's got his thing out waving it around like a drunk monkey."",,,,,,,,,,,,,,,,,,,,,,,,,,,,,,,", u1394 ,m92,,
46553, u1394 ," Yikes.,,,,,,,,,,,,,,,,,,,,,,,,,,,,,,,", u1388 ,m92,,
46554, u1388 ," Yeah, most people just whiz on by like I was invisible or something... or else they're creeps who wanna jam their slimy hands down my pants and twiddle my naughty-naughty."",,,,,,,,,,,,,,,,,,,,,,,,,,,,,,,", u1394 ,m92,,
46555, u1394 ," Really, that's a long time."",,,,,,,,,,,,,,,,,,,,,,,,,,,,,,,", u1388 ,m92,,
46556, u1388 ," Whoa, thanks for stopping. I been standing out there in that toad strangling rain for like a hundred million years."",,,,,,,,,,,,,,,,,,,,,,,,,,,,,,,", u1396 ,m92,,
46557, u1396 ," Yeah, I like the screaming too... it's so much more exciting."",,,,,,,,,,,,,,,,,,,,,,,,,,,,,,,", u1388 ,m92,,
46558, u1388 ," Take his gag out, it's more fun with the screaming."",,,,,,,,,,,,,,,,,,,,,,,,,,,,,,,", u1396 ,m92,,
46559, u1396 ," Who's your Daddy!,,,,,,,,,,,,,,,,,,,,,,,,,,,,,,,", u1388 ,m92,,
46560, u1388 ," Who's your Daddy!,,,,,,,,,,,,,,,,,,,,,,,,,,,,,,,", u1388 ,m92,,
46561, u1388 ," Oh, he's coming, he got something real special this year."",,,,,,,,,,,,,,,,,,,,,,,,,,,,,,,", u1396 ,m92,,
46562, u1396 ," Enjoy your last night...  ...where's Otis?,,,,,,,,,,,,,,,,,,,,,,,,,,,,,,,", u1388 ,m92,,
46563, u1388 ," Drink up, it's party time."",,,,,,,,,,,,,,,,,,,,,,,,,,,,,,,", u1396 ,m92,,
46564, u1396 ," No, I told you..."",,,,,,,,,,,,,,,,,,,,,,,,,,,,,,,", u1388 ,m92,,
46565, u1388 ," Come on, ma... this bitch's got it coming."",,,,,,,,,,,,,,,,,,,,,,,,,,,,,,,", u1396 ,m92,,
46566, u1396 ," Baby! Stop!,,,,,,,,,,,,,,,,,,,,,,,,,,,,,,,", u1388 ,m92,,
46567, u1388 ," I'll cut your fucking tits off and shove 'em down your throat.,,,,,,,,,,,,,,,,,,,,,,,,,,,,,,,", u1396 ,m92,,
46568, u1396 ," Go tell him to get your Grandpa.,,,,,,,,,,,,,,,,,,,,,,,,,,,,,,,", u1388 ,m92,,
46569, u1388 ," Ma, Tiny's in."",,,,,,,,,,,,,,,,,,,,,,,,,,,,,,,", u1388 ,m92,,
46570, u1388 ," Oh, he was already gone before I seen him... but Tiny saw him and said he said he was going out to the yard to get a new wheel."",,,,,,,,,,,,,,,,,,,,,,,,,,,,,,,", u1396 ,m92,,
46571, u1396 ," What about R.J.?,,,,,,,,,,,,,,,,,,,,,,,,,,,,,,,", u1388 ,m92,,
46572, u1388 ," Tiny's home.,,,,,,,,,,,,,,,,,,,,,,,,,,,,,,,", u1388 ,m92,,
46573, u1388 ," Whoopie fucking doo.,,,,,,,,,,,,,,,,,,,,,,,,,,,,,,,", u1389 ,m92,,
46574, u1389 ," Hey, great they're back."",,,,,,,,,,,,,,,,,,,,,,,,,,,,,,,", u1388 ,m92,,
46575, u1388 ," OK, sorry... maybe the Great Pumpkin ate 'em up."",,,,,,,,,,,,,,,,,,,,,,,,,,,,,,,", u1389 ,m92,,
46576, u1389 ," That's not something to joke about.,,,,,,,,,,,,,,,,,,,,,,,,,,,,,,,", u1388 ,m92,,
46577, u1388 ," Oh. Maybe R.J. got into a crash and killed everbody?,,,,,,,,,,,,,,,,,,,,,,,,,,,,,,,", u1389 ,m92,,
46578, u1389 ," What? No, I'm was worried that... I was just wondering what's taking so long."",,,,,,,,,,,,,,,,,,,,,,,,,,,,,,,", u1388 ,m92,,
46579, u1388 ," Don't worry, sugar. It ain't past my bedtime... are you flirting with me?"",,,,,,,,,,,,,,,,,,,,,,,,,,,,,,,", u1389 ,m92,,
46580, u1389 ," I wonder what time it is. Seems kind of late.,,,,,,,,,,,,,,,,,,,,,,,,,,,,,,,", u1388 ,m92,,
46581, u1388 ," Ain't the only thing tasty in this house. ,,,,,,,,,,,,,,,,,,,,,,,,,,,,,,,", u1389 ,m92,,
46582, u1389 ," Mmmmm, this is tasty."",,,,,,,,,,,,,,,,,,,,,,,,,,,,,,,", u1388 ,m92,,
46583, u1388 ," A dead one.,,,,,,,,,,,,,,,,,,,,,,,,,,,,,,,", u1389 ,m92,,
46584, u1389 ," Hey, um...  ...what kind of animal is that?"",,,,,,,,,,,,,,,,,,,,,,,,,,,,,,,", u1388 ,m92,,
46585, u1388 ," You're welcome.,,,,,,,,,,,,,,,,,,,,,,,,,,,,,,,", u1389 ,m92,,
46586, u1389 ," Thank you.,,,,,,,,,,,,,,,,,,,,,,,,,,,,,,,", u1388 ,m92,,
46587, u1388 ," You sure do a lot of guessing.,,,,,,,,,,,,,,,,,,,,,,,,,,,,,,,", u1389 ,m92,,
46588, u1389 ," Um, yeah sure, I guess."",,,,,,,,,,,,,,,,,,,,,,,,,,,,,,,", u1388 ,m92,,
46589, u1388 ," No. There's a bunch a us 'round somewhere... I think Mamma's sleepin'. She sleeps a lot, now... do you want marshmallows?"",,,,,,,,,,,,,,,,,,,,,,,,,,,,,,,", u1389 ,m92,,
46590, u1389 ," So, you live here alone... I mean with just your brother?"",,,,,,,,,,,,,,,,,,,,,,,,,,,,,,,", u1388 ,m92,,
46591, u1388 ," Yeah, come on."",,,,,,,,,,,,,,,,,,,,,,,,,,,,,,,", u1389 ,m92,,
46592, u1389 ," He left!,,,,,,,,,,,,,,,,,,,,,,,,,,,,,,,", u1388 ,m92,,
46593, u1388 ," Oh... yeah, he already left. We'll wait inside, come on."",,,,,,,,,,,,,,,,,,,,,,,,,,,,,,,", u1389 ,m92,,
46594, u1389 ," Is your brother ready to go?,,,,,,,,,,,,,,,,,,,,,,,,,,,,,,,", u1388 ,m92,,
46595, u1388 ," Aw, you ain't seen nothing yet."",,,,,,,,,,,,,,,,,,,,,,,,,,,,,,,", u1389 ,m92,,
46596, u1389 ," Christ, you scared the shit out of me."",,,,,,,,,,,,,,,,,,,,,,,,,,,,,,,", u1389 ,m92,,
46597, u1389 ," OK.,,,,,,,,,,,,,,,,,,,,,,,,,,,,,,,", u1388 ,m92,,
46598, u1388 ," The door's locked. I'll gotta go around... wait here.,,,,,,,,,,,,,,,,,,,,,,,,,,,,,,,", u1389 ,m92,,
46599, u1389 ," Well, yeah, kind of."",,,,,,,,,,,,,,,,,,,,,,,,,,,,,,,", u1388 ,m92,,
46600, u1388 ," Almost there... are you in a hurry or something?,,,,,,,,,,,,,,,,,,,,,,,,,,,,,,,", u1389 ,m92,,
46601, u1389 ," How much further?,,,,,,,,,,,,,,,,,,,,,,,,,,,,,,,", u1388 ,m92,,
46602, u1388 ," Come on.,,,,,,,,,,,,,,,,,,,,,,,,,,,,,,,", u1389 ,m92,,
46603, u1389 ," Don't worry, I'll be right back."",,,,,,,,,,,,,,,,,,,,,,,,,,,,,,,", u1388 ,m92,,
46604, u1388 ," OK.,,,,,,,,,,,,,,,,,,,,,,,,,,,,,,,", u1389 ,m92,,
46605, u1389 ," OK, whatever. Let's go get your brother's truck. Faster we get the truck, faster we get out of here."",,,,,,,,,,,,,,,,,,,,,,,,,,,,,,,", u1388 ,m92,,
46606, u1388 ," If you keep going straight you can get back on the interstate... it's easier.,,,,,,,,,,,,,,,,,,,,,,,,,,,,,,,", u1389 ,m92,,
46607, u1389 ," I guess I'll try to back it out on the rim... at least to the main road.,,,,,,,,,,,,,,,,,,,,,,,,,,,,,,,", u1388 ,m92,,
46608, u1388 ," Go straight up about another mile... til we hit Cherrypicker Road and turn right... it ain't far from there.,,,,,,,,,,,,,,,,,,,,,,,,,,,,,,,", u1389 ,m92,,
46609, u1389 ," Which way?,,,,,,,,,,,,,,,,,,,,,,,,,,,,,,,", u1388 ,m92,,
46610, u1388 ," Oh yeah, the tree."",,,,,,,,,,,,,,,,,,,,,,,,,,,,,,,", u1389 ,m92,,
46611, u1389 ," What about the tree?,,,,,,,,,,,,,,,,,,,,,,,,,,,,,,,", u1388 ,m92,,
46612, u1388 ," Couple more miles up this road.,,,,,,,,,,,,,,,,,,,,,,,,,,,,,,,", u1389 ,m92,,
46613, u1389 ," Where's that?,,,,,,,,,,,,,,,,,,,,,,,,,,,,,,,", u1388 ,m92,,
46614, u1388 ," Aw, I was going home to my Mamma's house... yeah, I was out doing this thing."",,,,,,,,,,,,,,,,,,,,,,,,,,,,,,,", u1388 ,m92,,
46615, u1388 ," Yeah, I'll do something."",,,,,,,,,,,,,,,,,,,,,,,,,,,,,,,", u1395 ,m92,,
46616, u1395 ," Why? You gonna do something about it?,,,,,,,,,,,,,,,,,,,,,,,,,,,,,,,", u1388 ,m92,,
46617, u1388 ," You shouldn't a done that.,,,,,,,,,,,,,,,,,,,,,,,,,,,,,,,", u1395 ,m92,,
46618, u1395 ," Take that, you fucking slut!  Fucking redneck whore!"",,,,,,,,,,,,,,,,,,,,,,,,,,,,,,,", u1395 ,m92,,
46619, u1395 ," Fucking great.,,,,,,,,,,,,,,,,,,,,,,,,,,,,,,,", u1388 ,m92,,
46620, u1388 ," He walks, duh."",,,,,,,,,,,,,,,,,,,,,,,,,,,,,,,", u1395 ,m92,,
46621, u1395 ," Oh, wonderful.  Fucking psycho."",,,,,,,,,,,,,,,,,,,,,,,,,,,,,,,", u1388 ,m92,,
46622, u1388 ," I just pictured the tire sitting in a chair watching TV.,,,,,,,,,,,,,,,,,,,,,,,,,,,,,,,", u1395 ,m92,,
46623, u1395 ," What the hell are you laughing about?,,,,,,,,,,,,,,,,,,,,,,,,,,,,,,,", u1388 ,m92,,
46624, u1388 ," I was just wondering, cause you got a pissy look about you... like a real pussy licking bitch."",,,,,,,,,,,,,,,,,,,,,,,,,,,,,,,", u1395 ,m92,,
46625, u1395 ," Do you believe this fucking girl?,,,,,,,,,,,,,,,,,,,,,,,,,,,,,,,", u1388 ,m92,,
46626, u1388 ," You know... a couple of queers.,,,,,,,,,,,,,,,,,,,,,,,,,,,,,,,", u1395 ,m92,,
46627, u1395 ," What?,,,,,,,,,,,,,,,,,,,,,,,,,,,,,,,", u1388 ,m92,,
46628, u1388 ," Are you two gals all funny with each other?,,,,,,,,,,,,,,,,,,,,,,,,,,,,,,,", u1395 ,m92,,
46629, u1395 ," Wondering what?,,,,,,,,,,,,,,,,,,,,,,,,,,,,,,,", u1388 ,m92,,
46630, u1388 ," I was just wondering.,,,,,,,,,,,,,,,,,,,,,,,,,,,,,,,", u1395 ,m92,,
46631, u1395 ," Can I help you with something?,,,,,,,,,,,,,,,,,,,,,,,,,,,,,,,", u1395 ,m92,,
46632, u1395 ," Nice.,,,,,,,,,,,,,,,,,,,,,,,,,,,,,,,", u1388 ,m92,,
46633, u1388 ," I'd like to see that.,,,,,,,,,,,,,,,,,,,,,,,,,,,,,,,", u1395 ,m92,,
46634, u1395 ," The animals have got nothing to do with it.,,,,,,,,,,,,,,,,,,,,,,,,,,,,,,,", u1388 ,m92,,
46635, u1388 ," No! He's one of God's creatures, he can't help it if he's dumb... I'm just crazy about animals."",,,,,,,,,,,,,,,,,,,,,,,,,,,,,,,", u1391 ,m92,,
46636, u1391 ," A missing girl. I use'ta go to school with her, she just up and disappeared some day... real weird."",,,,,,,,,,,,,,,,,,,,,,,,,,,,,,,", u1388 ,m92,,
46637, u1388 ," What's this?,,,,,,,,,,,,,,,,,,,,,,,,,,,,,,,", u1391 ,m92,,
46638, u1391 ," Hey, wait take this."",,,,,,,,,,,,,,,,,,,,,,,,,,,,,,,", u1388 ,m92,,
46639, u1388 ," Come on, bro. Let's go."",,,,,,,,,,,,,,,,,,,,,,,,,,,,,,,", u1391 ,m92,,
46640, u1391 ," Holy crap, thanks!"",,,,,,,,,,,,,,,,,,,,,,,,,,,,,,,", u1388 ,m92,,
46641, u1388 ," Keep the change and get yourself a new name.,,,,,,,,,,,,,,,,,,,,,,,,,,,,,,,", u1391 ,m92,,
46642, u1391 ," Ummmm... two hundred and eighty-five dollars.,,,,,,,,,,,,,,,,,,,,,,,,,,,,,,,", u1388 ,m92,,
46643, u1388 ," Great story Goober, how much?"",,,,,,,,,,,,,,,,,,,,,,,,,,,,,,,", u1391 ,m92,,
46644, u1391 ," Actually it's G. Ober... Gerry Ober, but the guys drew in the other O, fucking assholes."",,,,,,,,,,,,,,,,,,,,,,,,,,,,,,,", u1388 ,m92,,
46645, u1388 ," I'll bet you do... how much we owe ya...  ...Goober?,,,,,,,,,,,,,,,,,,,,,,,,,,,,,,,", u1391 ,m92,,
46646, u1391 ," Yeah, yeah...  ...I like to fuck shit up."",,,,,,,,,,,,,,,,,,,,,,,,,,,,,,,", u1388 ,m92,,
46647, u1388 ," Yeah, well we like to get fucked up and do fucked up shit, you know what I mean?"",,,,,,,,,,,,,,,,,,,,,,,,,,,,,,,", u1391 ,m92,,
46648, u1391 ," You all sure are buying a lot of holy water for two people.,,,,,,,,,,,,,,,,,,,,,,,,,,,,,,,", u1388 ,m92,,
46649, u1388 ," Now, what makes you think that?"",,,,,,,,,,,,,,,,,,,,,,,,,,,,,,,", u1391 ,m92,,
46650, u1391 ," You all having a Halloween party tonight?,,,,,,,,,,,,,,,,,,,,,,,,,,,,,,,", u1390 ,m92,,
46651, u1390 ," Well fuck me Side Sally, who want to read about all that horse shit anyway."",,,,,,,,,,,,,,,,,,,,,,,,,,,,,,,", u1389 ,m92,,
46652, u1389 ," No, no I think it's really interesting."",,,,,,,,,,,,,,,,,,,,,,,,,,,,,,,", u1390 ,m92,,
46653, u1390 ," Y'all find us country people real funny like don't ya... well, God damn pack up the mule and sling me some grits, I'ze a gotta get me some schooling."",,,,,,,,,,,,,,,,,,,,,,,,,,,,,,,", u1389 ,m92,,
46654, u1389 ," But suppose for a second you did.,,,,,,,,,,,,,,,,,,,,,,,,,,,,,,,", u1390 ,m92,,
46655, u1390 ," I don't.,,,,,,,,,,,,,,,,,,,,,,,,,,,,,,,", u1389 ,m92,,
46656, u1389 ," But if you did.,,,,,,,,,,,,,,,,,,,,,,,,,,,,,,,", u1390 ,m92,,
46657, u1390 ," I don't drive cross country.,,,,,,,,,,,,,,,,,,,,,,,,,,,,,,,", u1389 ,m92,,
46658, u1389 ," You see me and my friends are writing a book on offbeat roadside attractions. You know all the crazy shit you see when you drive cross country.,,,,,,,,,,,,,,,,,,,,,,,,,,,,,,,", u1390 ,m92,,
46659, u1390 ," I figured that much. Why the fuck you asking so many jackass questions for?,,,,,,,,,,,,,,,,,,,,,,,,,,,,,,,", u1389 ,m92,,
46660, u1389 ," Yeah, I was never that big of a western fan. I like science fiction."",,,,,,,,,,,,,,,,,,,,,,,,,,,,,,,", u1390 ,m92,,
46661, u1390 ," Hell, boy there some other Duke you know about?  A great American."",,,,,,,,,,,,,,,,,,,,,,,,,,,,,,,", u1389 ,m92,,
46662, u1389 ," You mean John Wayne?,,,,,,,,,,,,,,,,,,,,,,,,,,,,,,,", u1390 ,m92,,
46663, u1390 ," Yeah, my Pa wasn't right in the head after that."",,,,,,,,,,,,,,,,,,,,,,,,,,,,,,,", u1389 ,m92,,
46664, u1389 ," The Duke?,,,,,,,,,,,,,,,,,,,,,,,,,,,,,,,", u1390 ,m92,,
46665, u1390 ," Shit, I don't remember exactly. I took over for my Pa just after the Duke nabbed the Oscar."",,,,,,,,,,,,,,,,,,,,,,,,,,,,,,,", u1389 ,m92,,
46666, u1389 ," No, really."",,,,,,,,,,,,,,,,,,,,,,,,,,,,,,,", u1390 ,m92,,
46667, u1390 ," How long is a piece of string? Too God damn long, that's how long."",,,,,,,,,,,,,,,,,,,,,,,,,,,,,,,", u1389 ,m92,,
46668, u1389 ," How long have you been running this place?,,,,,,,,,,,,,,,,,,,,,,,,,,,,,,,", u1394 ,m92,,
46669, u1394 ," Jesus, you think she was really gonna cut you?"",,,,,,,,,,,,,,,,,,,,,,,,,,,,,,,", u1389 ,m92,,
46670, u1389 ," Almost there.,,,,,,,,,,,,,,,,,,,,,,,,,,,,,,,", u1394 ,m92,,
46671, u1394 ," I know, this is fucking nuts."",,,,,,,,,,,,,,,,,,,,,,,,,,,,,,,", u1389 ,m92,,
46672, u1389 ," I can't believe what I'm seeing.,,,,,,,,,,,,,,,,,,,,,,,,,,,,,,,", u1394 ,m92,,
46673, u1394 ," Tasted pretty good.,,,,,,,,,,,,,,,,,,,,,,,,,,,,,,,", u1389 ,m92,,
46674, u1389 ," Didn't look like chicken to me, more like fried pussy cat."",,,,,,,,,,,,,,,,,,,,,,,,,,,,,,,", u1394 ,m92,,
46675, u1394 ," Hey, I asked you if you wanted some chicken."",,,,,,,,,,,,,,,,,,,,,,,,,,,,,,,", u1389 ,m92,,
46676, u1389 ," Whatever, at this point all I care about is food. I'm starving and I got a fucking killer headache."",,,,,,,,,,,,,,,,,,,,,,,,,,,,,,,", u1394 ,m92,,
46677, u1394 ," Oh, don't worry she didn't get offended by what I said. You two got to lighten up... right, Bill?"",,,,,,,,,,,,,,,,,,,,,,,,,,,,,,,", u1394 ,m92,,
46678, u1394 ," No problem.,,,,,,,,,,,,,,,,,,,,,,,,,,,,,,,", u1389 ,m92,,
46679, u1389 ," Thanks.,,,,,,,,,,,,,,,,,,,,,,,,,,,,,,,", u1394 ,m92,,
46680, u1394 ," Don't forget the flashlight, it's pretty dark out there."",,,,,,,,,,,,,,,,,,,,,,,,,,,,,,,", u1389 ,m92,,
46681, u1389 ," And the spare is safely sitting in Jerry's garage.,,,,,,,,,,,,,,,,,,,,,,,,,,,,,,,", u1394 ,m92,,
46682, u1394 ," Tire's fucking gone crap on us, man. There's no saving it now."",,,,,,,,,,,,,,,,,,,,,,,,,,,,,,,", u1389 ,m92,,
46683, u1389 ," You're a real fucking piece of work.,,,,,,,,,,,,,,,,,,,,,,,,,,,,,,,", u1394 ,m92,,
46684, u1394 ," Well, technically I did what ya said."",,,,,,,,,,,,,,,,,,,,,,,,,,,,,,,", u1389 ,m92,,
46685, u1389 ," Jesus Christ, Jerry."",,,,,,,,,,,,,,,,,,,,,,,,,,,,,,,", u1394 ,m92,,
46686, u1394 ," Yeah, I fixed it. Well, I ain't... um, I can't remember. I think I took it out to fit the bags and forgot to put it back."",,,,,,,,,,,,,,,,,,,,,,,,,,,,,,,", u1389 ,m92,,
46687, u1389 ," I hope you fixed the spare like I asked ya.,,,,,,,,,,,,,,,,,,,,,,,,,,,,,,,", u1389 ,m92,,
46688, u1389 ," Gee, ya think it wouldn't be too much trouble."",,,,,,,,,,,,,,,,,,,,,,,,,,,,,,,", u1394 ,m92,,
46689, u1394 ," I'll help ya.,,,,,,,,,,,,,,,,,,,,,,,,,,,,,,,", u1389 ,m92,,
46690, u1389 ," OK, let's relax. I'll check it, maybe I'm wrong. Don't everybody freak out just yet."",,,,,,,,,,,,,,,,,,,,,,,,,,,,,,,", u1389 ,m92,,
46691, u1389 ," Fuck. I think we blew a tire.,,,,,,,,,,,,,,,,,,,,,,,,,,,,,,,", u1394 ,m92,,
46692, u1394 ," What was that?,,,,,,,,,,,,,,,,,,,,,,,,,,,,,,,", u1394 ,m92,,
46693, u1394 ," No... yeah, they ripped him to pieces while his family watched from the car. The wife is screaming, the kids are crying. Some dude in another car filmed the whole thing."",,,,,,,,,,,,,,,,,,,,,,,,,,,,,,,", u1389 ,m92,,
46694, u1389 ," Oh yeah, I heard about that. I always thought it was bullshit."",,,,,,,,,,,,,,,,,,,,,,,,,,,,,,,", u1394 ,m92,,
46695, u1394 ," That reminds me of a film I saw once of a guy who got out of his car at Lion Country Safari to take a picture of a lion cub and got eaten by the lions.,,,,,,,,,,,,,,,,,,,,,,,,,,,,,,,", u1394 ,m92,,
46696, u1394 ," Cat fight, cat fight."",,,,,,,,,,,,,,,,,,,,,,,,,,,,,,,", u1389 ,m92,,
46697, u1389 ," She looks like she stinks.,,,,,,,,,,,,,,,,,,,,,,,,,,,,,,,", u1389 ,m92,,
46698, u1389 ," Way out here?,,,,,,,,,,,,,,,,,,,,,,,,,,,,,,,", u1394 ,m92,,
46699, u1394 ," It's a hitchhiker.,,,,,,,,,,,,,,,,,,,,,,,,,,,,,,,", u1389 ,m92,,
46700, u1389 ," What's that?,,,,,,,,,,,,,,,,,,,,,,,,,,,,,,,", u1394 ,m92,,
46701, u1394 ," Come on, we need something like this. It could be the real deal. It's too far out of the way to come back to."",,,,,,,,,,,,,,,,,,,,,,,,,,,,,,,", u1389 ,m92,,
46702, u1389 ," I don't know.,,,,,,,,,,,,,,,,,,,,,,,,,,,,,,,", u1394 ,m92,,
46703, u1394 ," I'm not exactly sure... it looks close. Did we pass an abandoned school bus yet?,,,,,,,,,,,,,,,,,,,,,,,,,,,,,,,", u1389 ,m92,,
46704, u1389 ," How much further?,,,,,,,,,,,,,,,,,,,,,,,,,,,,,,,", u1394 ,m92,,
46705, u1394 ," Keep straight on this road here.,,,,,,,,,,,,,,,,,,,,,,,,,,,,,,,", u1394 ,m92,,
46706, u1394 ," Hell yeah.,,,,,,,,,,,,,,,,,,,,,,,,,,,,,,,", u1389 ,m92,,
46707, u1389 ," Wake up the chicks and bust out the camera awesome?,,,,,,,,,,,,,,,,,,,,,,,,,,,,,,,", u1394 ,m92,,
46708, u1394 ," Really fucking awesome.,,,,,,,,,,,,,,,,,,,,,,,,,,,,,,,", u1389 ,m92,,
46709, u1389 ," How awesome?,,,,,,,,,,,,,,,,,,,,,,,,,,,,,,,", u1394 ,m92,,
46710, u1394 ," Holy crap. You gotta see this place. It's awesome.,,,,,,,,,,,,,,,,,,,,,,,,,,,,,,,", u1394 ,m92,,
46711, u1394 ," OK, Boss."",,,,,,,,,,,,,,,,,,,,,,,,,,,,,,,", u1389 ,m92,,
46712, u1389 ," I'll pump the gas. Go inside and see if it's worth thinking about.,,,,,,,,,,,,,,,,,,,,,,,,,,,,,,,", u1394 ,m92,,
46713, u1394 ," I hope this place is cool. We could use something interesting to liven up chapter 12.,,,,,,,,,,,,,,,,,,,,,,,,,,,,,,,", u1389 ,m92,,
46714, u1389 ," Perfect.,,,,,,,,,,,,,,,,,,,,,,,,,,,,,,,", u1394 ,m92,,
46715, u1394 ," Don't panic yourself, way too much caffeine guy... I see a sign.  Captain Spaulding's Museum of Madmen and Monsters... cool. Also... fried chicken and... gasoline... next exit."",,,,,,,,,,,,,,,,,,,,,,,,,,,,,,,", u1389 ,m92,,
46716, u1389 ," I dunno... we'll ask around as we get closer. Man, I really don't want to run out of gas out here in the middle of Petticoat Junction, man."",,,,,,,,,,,,,,,,,,,,,,,,,,,,,,,", u1394 ,m92,,
46717, u1394 ," Yeah, no shit I just told ya.  Hey, you think this place called Alien Ed's UFO Welcoming Center is still around? It says, """"Where the Fact is separated from the Fantasy."""""",,,,,,,,,,,,,,,,,,,,,,,,,,,,,,,", u1389 ,m92,,
46718, u1389 ," Oh yeah, I remember now."",,,,,,,,,,,,,,,,,,,,,,,,,,,,,,,", u1394 ,m92,,
46719, u1394 ," Then the devil says, """"are you gay?"""" Guy says, """"fuck no""""... Devil says, """"Well then, I guess you're gonna hate Thursdays."""""",,,,,,,,,,,,,,,,,,,,,,,,,,,,,,,", u1389 ,m92,,
46720, u1389 ," Yeah.,,,,,,,,,,,,,,,,,,,,,,,,,,,,,,,", u1394 ,m92,,
46721, u1394 ," Then the devil asks, """"do you drink?"""" Guy says, """"yeah""""... devil say, """"wonderful, Wednesday is free drinks night, best booze you ever had... all made from the finest stuff."""""",,,,,,,,,,,,,,,,,,,,,,,,,,,,,,,", u1389 ,m92,,
46722, u1389 ," Shit, we really need to find some gas."",,,,,,,,,,,,,,,,,,,,,,,,,,,,,,,", u1394 ,m92,,
46723, u1394 ," So, the guy goes to Hell and the devil says, """"do you smoke?"""" The guy say, """"yeah""""... the devil say, """"great cause Tuesday is cigar night, sweetest Cuban cigars you ever had."""""",,,,,,,,,,,,,,,,,,,,,,,,,,,,,,,", u1389 ,m92,,
46724, u1389 ," Hold on, I've heard this before... but I can't remember the end."",,,,,,,,,,,,,,,,,,,,,,,,,,,,,,,", u1389 ,m92,,
46725, u1389 ," Hot has got nothing to do with it.,,,,,,,,,,,,,,,,,,,,,,,,,,,,,,,", u1394 ,m92,,
46726, u1394 ," Yeah, I guess... hot chicks are always nuts."",,,,,,,,,,,,,,,,,,,,,,,,,,,,,,,", u1389 ,m92,,
46727, u1389 ," Dude, talk about baggage, that ain't no carry-on shit, that's some heavy duty Samsonite shit."",,,,,,,,,,,,,,,,,,,,,,,,,,,,,,,", u1394 ,m92,,
46728, u1394 ," I'll let it slide, she was only seventeen."",,,,,,,,,,,,,,,,,,,,,,,,,,,,,,,", u1389 ,m92,,
46729, u1389 ," I thought she tried to murder a witness for the prosecution.,,,,,,,,,,,,,,,,,,,,,,,,,,,,,,,", u1394 ,m92,,
46730, u1394 ," Fuck yeah, she is. I'd join a cult to get some of that... and the best part is she didn't try to kill the President or nothing, so that baggage ain't hanging around."",,,,,,,,,,,,,,,,,,,,,,,,,,,,,,,", u1389 ,m92,,
46731, u1389 ," Oh yeah, I forgot about her. She was pretty hot."",,,,,,,,,,,,,,,,,,,,,,,,,,,,,,,", u1394 ,m92,,
46732, u1394 ," As far a hot... goes I gotta go with... Ruth Ann Moorehouse.,,,,,,,,,,,,,,,,,,,,,,,,,,,,,,,", u1389 ,m92,,
46733, u1389 ," Yeah, no shit."",,,,,,,,,,,,,,,,,,,,,,,,,,,,,,,", u1394 ,m92,,
46734, u1394 ," If we're talking cute... like regular cute, I'd say Leslie Van Houton, but cute ain't hot."",,,,,,,,,,,,,,,,,,,,,,,,,,,,,,,", u1389 ,m92,,
46735, u1389 ," Better than pissing... anyway so, what's your choice?"",,,,,,,,,,,,,,,,,,,,,,,,,,,,,,,", u1394 ,m92,,
46736, u1394 ," There always one kid with no bodily controls. We had this dude, Jeff Baxter, he was a puker. The fucker would just sit there puke all over himself."",,,,,,,,,,,,,,,,,,,,,,,,,,,,,,,", u1389 ,m92,,
46737, u1389 ," Yeah but, she reminds me of this chick that I remember from fourth grade... called a... shit, what did we call her?  Oh yeah, Patty Pee-pee Pants... when ever she got called on by Miss Chumski, this chick would piss in her pants and start bawling."",,,,,,,,,,,,,,,,,,,,,,,,,,,,,,,", u1394 ,m92,,
46738, u1394 ," She's pretty cute.,,,,,,,,,,,,,,,,,,,,,,,,,,,,,,,", u1389 ,m92,,
46739, u1389 ," Sqeaky! No way, she ain't that hot."",,,,,,,,,,,,,,,,,,,,,,,,,,,,,,,", u1394 ,m92,,
46740, u1394 ," Really? Huh, I thought for sure you'd say Lynette Fromme. She's got that snooty vibe I know you dig."",,,,,,,,,,,,,,,,,,,,,,,,,,,,,,,", u1392 ,m92,,
46741, u1392 ," Lock the fucking doors.,,,,,,,,,,,,,,,,,,,,,,,,,,,,,,,", u1389 ,m92,,
46742, u1389 ," Don't look back, just get in the car."",,,,,,,,,,,,,,,,,,,,,,,,,,,,,,,", u1392 ,m92,,
46743, u1392 ," I suppose. I mean they're obviously all bonkers, but I guess they're harmless."",,,,,,,,,,,,,,,,,,,,,,,,,,,,,,,", u1389 ,m92,,
46744, u1389 ," Yeah, I'd say at this point all we can do is just wait it out. There's nothing else."",,,,,,,,,,,,,,,,,,,,,,,,,,,,,,,", u1389 ,m92,,
46745, u1389 ," Man, it's already ten thirty."",,,,,,,,,,,,,,,,,,,,,,,,,,,,,,,", u1392 ,m92,,
46746, u1392 ," Shit, I'm all for being a sport, but this is ridiculous."",,,,,,,,,,,,,,,,,,,,,,,,,,,,,,,", u1392 ,m92,,
46747, u1392 ," That food...  ugh, I feel like I'm gonna puke."",,,,,,,,,,,,,,,,,,,,,,,,,,,,,,,", u1389 ,m92,,
46748, u1389 ," Just grin and bear it.,,,,,,,,,,,,,,,,,,,,,,,,,,,,,,,", u1392 ,m92,,
46749, u1392 ," Yeah, showtime for what?"",,,,,,,,,,,,,,,,,,,,,,,,,,,,,,,", u1389 ,m92,,
46750, u1389 ," What's he so excited about?,,,,,,,,,,,,,,,,,,,,,,,,,,,,,,,", u1392 ,m92,,
46751, u1392 ," I mean obviously we will compensate you for your troubles.,,,,,,,,,,,,,,,,,,,,,,,,,,,,,,,", u1389 ,m92,,
46752, u1389 ," Yeah, maybe R.J. could just tow us and our car to the nearest garage."",,,,,,,,,,,,,,,,,,,,,,,,,,,,,,,", u1392 ,m92,,
46753, u1392 ," Turn that fucking radio off!,,,,,,,,,,,,,,,,,,,,,,,,,,,,,,,", u1389 ,m92,,
46754, u1389 ," Fuck! We are fucked!,,,,,,,,,,,,,,,,,,,,,,,,,,,,,,,", u1389 ,m92,,
46755, u1389 ," He won't move.,,,,,,,,,,,,,,,,,,,,,,,,,,,,,,,", u1392 ,m92,,
46756, u1392 ," Honk at him. Scare him.,,,,,,,,,,,,,,,,,,,,,,,,,,,,,,,", u1392 ,m92,,
46757, u1392 ," Here he comes.,,,,,,,,,,,,,,,,,,,,,,,,,,,,,,,", u1389 ,m92,,
46758, u1389 ," I like sleep.,,,,,,,,,,,,,,,,,,,,,,,,,,,,,,,", u1389 ,m92,,
46759, u1389 ," It won't work.,,,,,,,,,,,,,,,,,,,,,,,,,,,,,,,", u1395 ,m92,,
46760, u1395 ," Drive through it!,,,,,,,,,,,,,,,,,,,,,,,,,,,,,,,", u1389 ,m92,,
46761, u1389 ," I gotta open the gate.,,,,,,,,,,,,,,,,,,,,,,,,,,,,,,,", u1395 ,m92,,
46762, u1395 ," What are you doing!,,,,,,,,,,,,,,,,,,,,,,,,,,,,,,,", u1395 ,m92,,
46763, u1395 ," Oh, I'm sorry, bothering you? Was I disturbing your viewing pleasure?"",,,,,,,,,,,,,,,,,,,,,,,,,,,,,,,", u1389 ,m92,,
46764, u1389 ," Quiet.,,,,,,,,,,,,,,,,,,,,,,,,,,,,,,,", u1395 ,m92,,
46765, u1395 ," How much is a person supposed to stand?,,,,,,,,,,,,,,,,,,,,,,,,,,,,,,,", u1389 ,m92,,
46766, u1389 ," Just sit back and enjoy the show.,,,,,,,,,,,,,,,,,,,,,,,,,,,,,,,", u1395 ,m92,,
46767, u1395 ," This is starting to make me real uncomfortable.,,,,,,,,,,,,,,,,,,,,,,,,,,,,,,,", u1389 ,m92,,
46768, u1389 ," Well, ya can't complain I never take you anyplace."",,,,,,,,,,,,,,,,,,,,,,,,,,,,,,,", u1395 ,m92,,
46769, u1395 ," Check this out.,,,,,,,,,,,,,,,,,,,,,,,,,,,,,,,", u1389 ,m92,,
46770, u1389 ," Whatever it is just do it. The more we play along the faster we'll get the hell out of here.,,,,,,,,,,,,,,,,,,,,,,,,,,,,,,,", u1395 ,m92,,
46771, u1395 ," I hope to Christ she doesn't expect us to wear these things.,,,,,,,,,,,,,,,,,,,,,,,,,,,,,,,", u1389 ,m92,,
46772, u1389 ," Don't worry, I'll be quick. Just stay here, no sense everybody getting drenched."",,,,,,,,,,,,,,,,,,,,,,,,,,,,,,,", u1395 ,m92,,
46773, u1395 ," Screw that, no way, I ain't letting you go by yourself."",,,,,,,,,,,,,,,,,,,,,,,,,,,,,,,", u1389 ,m92,,
46774, u1389 ," Forget it. I'll just go.,,,,,,,,,,,,,,,,,,,,,,,,,,,,,,,", u1389 ,m92,,
46775, u1389 ," Fine! I'll go straight!,,,,,,,,,,,,,,,,,,,,,,,,,,,,,,,", u1395 ,m92,,
46776, u1395 ," What!,,,,,,,,,,,,,,,,,,,,,,,,,,,,,,,", u1389 ,m92,,
46777, u1389 ," Fine. I'll go straight.,,,,,,,,,,,,,,,,,,,,,,,,,,,,,,,", u1395 ,m92,,
46778, u1395 ," What?,,,,,,,,,,,,,,,,,,,,,,,,,,,,,,,", u1389 ,m92,,
46779, u1389 ," Well, I got some bad news and some bad news."",,,,,,,,,,,,,,,,,,,,,,,,,,,,,,,", u1395 ,m92,,
46780, u1395 ," Let's get going before that thing tries to eat the car or something.,,,,,,,,,,,,,,,,,,,,,,,,,,,,,,,", u1389 ,m92,,
46781, u1389 ," Hey, he moved."",,,,,,,,,,,,,,,,,,,,,,,,,,,,,,,", u1395 ,m92,,
46782, u1395 ," Then run him over, he'll move."",,,,,,,,,,,,,,,,,,,,,,,,,,,,,,,", u1389 ,m92,,
46783, u1389 ," There's not enough room.,,,,,,,,,,,,,,,,,,,,,,,,,,,,,,,", u1395 ,m92,,
46784, u1395 ," Go around him.,,,,,,,,,,,,,,,,,,,,,,,,,,,,,,,", u1389 ,m92,,
46785, u1389 ," There's a dog in the road.,,,,,,,,,,,,,,,,,,,,,,,,,,,,,,,", u1395 ,m92,,
46786, u1395 ," Why are we stopping?,,,,,,,,,,,,,,,,,,,,,,,,,,,,,,,", u1389 ,m92,,
46787, u1389 ," Where ya headed?,,,,,,,,,,,,,,,,,,,,,,,,,,,,,,,", u1395 ,m92,,
46788, u1395 ," Sounds like a magical trip through the heartland.,,,,,,,,,,,,,,,,,,,,,,,,,,,,,,,", u1395 ,m92,,
46789, u1395 ," She looks like a freak.,,,,,,,,,,,,,,,,,,,,,,,,,,,,,,,", u1389 ,m92,,
46790, u1389 ," We can't leave her out here in the rain... maybe we can just drop her at the next rest area.,,,,,,,,,,,,,,,,,,,,,,,,,,,,,,,", u1395 ,m92,,
46791, u1395 ," Should we stop?,,,,,,,,,,,,,,,,,,,,,,,,,,,,,,,", u1389 ,m92,,
46792, u1389 ," It's a girl.,,,,,,,,,,,,,,,,,,,,,,,,,,,,,,,", u1395 ,m92,,
46793, u1395 ," Well, don't even think about playing the good samaritan, there's way too many psychos wandering loose these days."",,,,,,,,,,,,,,,,,,,,,,,,,,,,,,,", u1395 ,m92,,
46794, u1395 ," Alright, alright. I know... I wanted to be the photographer."",,,,,,,,,,,,,,,,,,,,,,,,,,,,,,,", u1389 ,m92,,
46795, u1389 ," We'll need pictures of the inside too.,,,,,,,,,,,,,,,,,,,,,,,,,,,,,,,", u1401 ,m92,,
46796, u1401 ," Enough talk, write."",,,,,,,,,,,,,,,,,,,,,,,,,,,,,,,", u1390 ,m92,,
46797, u1390 ," Yeah, yeah, sure. You don't have to get all True Grit all over my ass... I'll give'm to ya... you can knock yourself silly for all I care."",,,,,,,,,,,,,,,,,,,,,,,,,,,,,,,", u1401 ,m92,,
46798, u1401 ," How's about you give me those same directions.,,,,,,,,,,,,,,,,,,,,,,,,,,,,,,,", u1390 ,m92,,
46799, u1390 ," Yeah, they weren't here but a few minutes, didn't really have time to get as up close and personal as I do with most of the assholes that wander through here."",,,,,,,,,,,,,,,,,,,,,,,,,,,,,,,", u1401 ,m92,,
46800, u1401 ," Is that all... think real hard.,,,,,,,,,,,,,,,,,,,,,,,,,,,,,,,", u1390 ,m92,,
46801, u1390 ," And I gave 'em directions out there, up by the old farm row... I figured what's the harm. Stupid kids probably going out to piss up a rope and got themselves turned around backasswards and got lost as shit."",,,,,,,,,,,,,,,,,,,,,,,,,,,,,,,", u1401 ,m92,,
46802, u1401 ," And...,,,,,,,,,,,,,,,,,,,,,,,,,,,,,,,", u1390 ,m92,,
46803, u1390 ," Aw, she was with some nosey, smartass high-rise kids. They were poking around... asking stupid questions."",,,,,,,,,,,,,,,,,,,,,,,,,,,,,,,", u1401 ,m92,,
46804, u1401 ," What'd you see, who was she with, where were they going?"",,,,,,,,,,,,,,,,,,,,,,,,,,,,,,,", u1390 ,m92,,
46805, u1390 ," Hmmmmmmmmm?,,,,,,,,,,,,,,,,,,,,,,,,,,,,,,,", u1401 ,m92,,
46806, u1401 ," Come on, get with the facts."",,,,,,,,,,,,,,,,,,,,,,,,,,,,,,,", u1401 ,m92,,
46807, u1401 ," You seen this girl? Say... within the last 24 hours.,,,,,,,,,,,,,,,,,,,,,,,,,,,,,,,", u1390 ,m92,,
46808, u1390 ," Well, I'll try but I don't know nothing 'bout nobody. I'm a guy who likes to mind his own business, if ya get what I'm saying."",,,,,,,,,,,,,,,,,,,,,,,,,,,,,,,", u1401 ,m92,,
46809, u1401 ," What I need are some answers. ,,,,,,,,,,,,,,,,,,,,,,,,,,,,,,,", u1390 ,m92,,
46810, u1390 ," Officers, officers what can I do for you today? I ain't fried up the birds yet... if that's what you're ring a ding dinging about."",,,,,,,,,,,,,,,,,,,,,,,,,,,,,,,", u1400 ,m92,,
46811, u1400 ," Yeah, I remember Mr. Alacard the shop teacher use'ta call you Little Dick Wick. Hey, wasn't there a song we made up to go with that?"",,,,,,,,,,,,,,,,,,,,,,,,,,,,,,,", u1390 ,m92,,
46812, u1390 ," Fuck your grandmother.,,,,,,,,,,,,,,,,,,,,,,,,,,,,,,,", u1400 ,m92,,
46813, u1400 ," I hear ya.,,,,,,,,,,,,,,,,,,,,,,,,,,,,,,,", u1390 ,m92,,
46814, u1390 ," Ya hear me? You bust that crapper and I'll beat your ass.,,,,,,,,,,,,,,,,,,,,,,,,,,,,,,,", u1400 ,m92,,
46815, u1400 ," Can I get some stamps off ya?  Did you fix the toilet yet?,,,,,,,,,,,,,,,,,,,,,,,,,,,,,,,", u1390 ,m92,,
46816, u1390 ," Yeah, now there's the perfect woman."",,,,,,,,,,,,,,,,,,,,,,,,,,,,,,,", u1400 ,m92,,
46817, u1400 ," Nova, yeah she looked pretty sweet."",,,,,,,,,,,,,,,,,,,,,,,,,,,,,,,", u1390 ,m92,,
46818, u1390 ," I always loved that mute broad that Chuck Heston was shacking up with.,,,,,,,,,,,,,,,,,,,,,,,,,,,,,,,", u1400 ,m92,,
46819, u1400 ," Had to take him to the hospital. Kid had Dr. Zaius stuck half way up his butt, couldn't get it out."",,,,,,,,,,,,,,,,,,,,,,,,,,,,,,,", u1390 ,m92,,
46820, u1390 ," Goddamn.,,,,,,,,,,,,,,,,,,,,,,,,,,,,,,,", u1400 ,m92,,
46821, u1400 ," Naw, he don't do anything else with 'em, but he did get caught once with a Planet of the Apes doll hanging out his asshole."",,,,,,,,,,,,,,,,,,,,,,,,,,,,,,,", u1390 ,m92,,
46822, u1390 ," I'm sure that ain't the only place he's sticking those pencils.,,,,,,,,,,,,,,,,,,,,,,,,,,,,,,,", u1400 ,m92,,
46823, u1400 ," Yeah, doesn't hurt himself, just spins it around next to his eyeball."",,,,,,,,,,,,,,,,,,,,,,,,,,,,,,,", u1390 ,m92,,
46824, u1390 ," What?,,,,,,,,,,,,,,,,,,,,,,,,,,,,,,,", u1400 ,m92,,
46825, u1400 ," Yeah, I guess, you know next to wacking his weasel his other favorite thing is twisting sharpened pencils in the corner of his eyes."",,,,,,,,,,,,,,,,,,,,,,,,,,,,,,,", u1390 ,m92,,
46826, u1390 ," Worse than a fucking rabid baboon.,,,,,,,,,,,,,,,,,,,,,,,,,,,,,,,", u1400 ,m92,,
46827, u1400 ," Well, yeah... I think that if you knew him... I mean if you'd understand his urges, shit the guy's like forty or something."",,,,,,,,,,,,,,,,,,,,,,,,,,,,,,,", u1390 ,m92,,
46828, u1390 ," Christ, ain't they all. All them retards wanna do is fuck and eat."",,,,,,,,,,,,,,,,,,,,,,,,,,,,,,,", u1400 ,m92,,
46829, u1400 ," That kid is one horny retard.,,,,,,,,,,,,,,,,,,,,,,,,,,,,,,,", u1390 ,m92,,
46830, u1390 ," Fascinating.,,,,,,,,,,,,,,,,,,,,,,,,,,,,,,,", u1400 ,m92,,
46831, u1400 ," Yeah, he's all hot on her after he found some of his dad's old nudie books hidden in the basement. He keeps 'em taped inside his school workbook."",,,,,,,,,,,,,,,,,,,,,,,,,,,,,,,", u1390 ,m92,,
46832, u1390 ," The retard over at Molly's fruit stand.,,,,,,,,,,,,,,,,,,,,,,,,,,,,,,,", u1400 ,m92,,
46833, u1400 ," Shit, this ain't worth nothing now that my name gotten all over it. I was a fixin' on trading it to Jackie Cobb."",,,,,,,,,,,,,,,,,,,,,,,,,,,,,,,", u1390 ,m92,,
46834, u1390 ," Hmmmmm.,,,,,,,,,,,,,,,,,,,,,,,,,,,,,,,", u1400 ,m92,,
46835, u1400 ," I... I got back a stack today. Some nice shots.  See, a good topless June Wilkinson... unfortunately she personalized it...  to Stucky, love June."",,,,,,,,,,,,,,,,,,,,,,,,,,,,,,,", u1396 ,m92,,
46836, u1396 ," He tried to burn the house down, said it was possessed by the spirits. Tiny was sleeping in the basement where the fire started. I don't think Earl ever meant to harm us... but Tiny was badly burnt, his ears were destroyed and most of his skin."",,,,,,,,,,,,,,,,,,,,,,,,,,,,,,,", u1392 ,m92,,
46837, u1392 ," What happened? Oh, I'm sorry, it's none of my business."",,,,,,,,,,,,,,,,,,,,,,,,,,,,,,,", u1396 ,m92,,
46838, u1396 ," Yeah, my poor baby. It's his Daddy's fault. I mean Earl was a good man... I mean he never hit me or nothing, but one day he just got up and went pure devil on us all."",,,,,,,,,,,,,,,,,,,,,,,,,,,,,,,", u1392 ,m92,,
46839, u1392 ," Oh.,,,,,,,,,,,,,,,,,,,,,,,,,,,,,,,", u1396 ,m92,,
46840, u1396 ," You'll have to forgive Tiny, he can't hear so much."",,,,,,,,,,,,,,,,,,,,,,,,,,,,,,,", u1396 ,m92,,
46841, u1396 ," No dear, I'm fine. Now what kind of host would I be if I put my guests to this kind of work."",,,,,,,,,,,,,,,,,,,,,,,,,,,,,,,", u1392 ,m92,,
46842, u1392 ," You sure you don't need any help in there?,,,,,,,,,,,,,,,,,,,,,,,,,,,,,,,", u1392 ,m92,,
46843, u1392 ," How's he get around out here?,,,,,,,,,,,,,,,,,,,,,,,,,,,,,,,", u1396 ,m92,,
46844, u1396 ," Tiny ain't got no car, he ain't even got a bicycle."",,,,,,,,,,,,,,,,,,,,,,,,,,,,,,,", u1396 ,m92,,
46845, u1396 ," He should be back in a couple hours.,,,,,,,,,,,,,,,,,,,,,,,,,,,,,,,", u1392 ,m92,,
46846, u1392 ," How long is that gonna take?,,,,,,,,,,,,,,,,,,,,,,,,,,,,,,,", u1392 ,m92,,
46847, u1392 ," Yeah, I guess I'll just help him hand out candy to the trick or treaters."",,,,,,,,,,,,,,,,,,,,,,,,,,,,,,,", u1396 ,m92,,
46848, u1396 ," That's nice.,,,,,,,,,,,,,,,,,,,,,,,,,,,,,,,", u1392 ,m92,,
46849, u1392 ," No, he's just joking. We don't really have any plans other than spending the night at my Dad's house...  ...which is where we were headed when our car broke down."",,,,,,,,,,,,,,,,,,,,,,,,,,,,,,,", u1396 ,m92,,
46850, u1396 ," No, none. I had one once, back in '57 maybe... I don't know. Really ain't nobody we wanna be jaw flapping at around here no more."",,,,,,,,,,,,,,,,,,,,,,,,,,,,,,,", u1392 ,m92,,
46851, u1392 ," Huh? Oh, hi. You really don't have a phone?"",,,,,,,,,,,,,,,,,,,,,,,,,,,,,,,", u1392 ,m92,,
46852, u1392 ," Help, help us."",,,,,,,,,,,,,,,,,,,,,,,,,,,,,,,", u1394 ,m92,,
46853, u1394 ," Someone is out there...  ...help, we're in here!"",,,,,,,,,,,,,,,,,,,,,,,,,,,,,,,", u1392 ,m92,,
46854, u1392 ," That's not me. I didn't... I'm not doing that.,,,,,,,,,,,,,,,,,,,,,,,,,,,,,,,", u1394 ,m92,,
46855, u1394 ," That was good babe, just keep doing that."",,,,,,,,,,,,,,,,,,,,,,,,,,,,,,,", u1394 ,m92,,
46856, u1394 ," I know, but we can make it out of here. We can do it."",,,,,,,,,,,,,,,,,,,,,,,,,,,,,,,", u1392 ,m92,,
46857, u1392 ," I can't... I can't move my arms. I hurt so much.,,,,,,,,,,,,,,,,,,,,,,,,,,,,,,,", u1394 ,m92,,
46858, u1394 ," Think, think. Try to open the lid, try to kick a hole in the wood."",,,,,,,,,,,,,,,,,,,,,,,,,,,,,,,", u1392 ,m92,,
46859, u1392 ," We've got get out of here, we got get out of here."",,,,,,,,,,,,,,,,,,,,,,,,,,,,,,,", u1394 ,m92,,
46860, u1394 ," Shhhhhh.,,,,,,,,,,,,,,,,,,,,,,,,,,,,,,,", u1392 ,m92,,
46861, u1392 ," You gotta be kidding me. This chick is wasted.,,,,,,,,,,,,,,,,,,,,,,,,,,,,,,,", u1392 ,m92,,
46862, u1392 ," This isn't funny, it's twisted."",,,,,,,,,,,,,,,,,,,,,,,,,,,,,,,", u1394 ,m92,,
46863, u1394 ," I don't know, I think he's funny."",,,,,,,,,,,,,,,,,,,,,,,,,,,,,,,", u1392 ,m92,,
46864, u1392 ," What are you laughing at?,,,,,,,,,,,,,,,,,,,,,,,,,,,,,,,", u1392 ,m92,,
46865, u1392 ," Shhhhhh.,,,,,,,,,,,,,,,,,,,,,,,,,,,,,,,", u1394 ,m92,,
46866, u1394 ," Hey, I'm just waiting for Cousin Itt to show up."",,,,,,,,,,,,,,,,,,,,,,,,,,,,,,,", u1392 ,m92,,
46867, u1392 ," Really, now is not the time to make waves."",,,,,,,,,,,,,,,,,,,,,,,,,,,,,,,", u1394 ,m92,,
46868, u1394 ," Yes, thank you. Thank you very much."",,,,,,,,,,,,,,,,,,,,,,,,,,,,,,,", u1392 ,m92,,
46869, u1392 ," Thank you.,,,,,,,,,,,,,,,,,,,,,,,,,,,,,,,", u1394 ,m92,,
46870, u1394 ," Dude, your chick's a little high strung."",,,,,,,,,,,,,,,,,,,,,,,,,,,,,,,", u1392 ,m92,,
46871, u1392 ," Thanks for coming to get us. Little brother almost scared us to death.,,,,,,,,,,,,,,,,,,,,,,,,,,,,,,,", u1394 ,m92,,
46872, u1394 ," Hey, nice outfit Billy Bob."",,,,,,,,,,,,,,,,,,,,,,,,,,,,,,,", u1392 ,m92,,
46873, u1392 ," When you were outside with Bill.,,,,,,,,,,,,,,,,,,,,,,,,,,,,,,,", u1394 ,m92,,
46874, u1394 ," When?,,,,,,,,,,,,,,,,,,,,,,,,,,,,,,,", u1392 ,m92,,
46875, u1392 ," Yeah, Jerry, she said some pretty fucked shit to us."",,,,,,,,,,,,,,,,,,,,,,,,,,,,,,,", u1394 ,m92,,
46876, u1394 ," I don't...  ...I just thought it was weird.,,,,,,,,,,,,,,,,,,,,,,,,,,,,,,,", u1392 ,m92,,
46877, u1392 ," You know what Jerry, who really cares at this point?"",,,,,,,,,,,,,,,,,,,,,,,,,,,,,,,", u1394 ,m92,,
46878, u1394 ," I don't know, I just thought it was interesting."",,,,,,,,,,,,,,,,,,,,,,,,,,,,,,,", u1392 ,m92,,
46879, u1392 ," So what?,,,,,,,,,,,,,,,,,,,,,,,,,,,,,,,", u1394 ,m92,,
46880, u1394 ," These dates perfectly correspond with the time frame of our beloved Dr. Satan working at the looney bin. I'll bet he amputated her arms.,,,,,,,,,,,,,,,,,,,,,,,,,,,,,,,", u1392 ,m92,,
46881, u1392 ," Yeah?,,,,,,,,,,,,,,,,,,,,,,,,,,,,,,,", u1394 ,m92,,
46882, u1394 ," Blah, blah, blah... it doesn't say, but she was released sometime in 1937, only to reappear as Ellie Bogdan, the arm-less wonder. Says she, """"criss-crossed the United States constantly in carnivals and freak shows until her death in 1946."""""",,,,,,,,,,,,,,,,,,,,,,,,,,,,,,,", u1392 ,m92,,
46883, u1392 ," Why?,,,,,,,,,,,,,,,,,,,,,,,,,,,,,,,", u1394 ,m92,,
46884, u1394 ," Now she was put in the nuthouse in 1930 at the age of 16.,,,,,,,,,,,,,,,,,,,,,,,,,,,,,,,", u1392 ,m92,,
46885, u1392 ," So.,,,,,,,,,,,,,,,,,,,,,,,,,,,,,,,", u1394 ,m92,,
46886, u1394 ," It says, """"records show that Ellie Thompson was born in 1914 of normal physical stature and lived a life of normal bearings, until such time that she was placed in the care of the Willows State Mental Facility."""""",,,,,,,,,,,,,,,,,,,,,,,,,,,,,,,", u1392 ,m92,,
46887, u1392 ," Yeah, so how does that fit with the story of four morons with a flat tire looking for a dead tree?"",,,,,,,,,,,,,,,,,,,,,,,,,,,,,,,", u1394 ,m92,,
46888, u1394 ," Yeah, in this book there's a chapter called Self Made Freaks about how people would mutilate themselves in order to work in a freak show. It mostly talks about tattooed people and wild men of Borneo and shit like that, but there is one mention of a single case where a woman was suspected of having her arms removed on purpose to become an arm-less wonder."",,,,,,,,,,,,,,,,,,,,,,,,,,,,,,,", u1392 ,m92,,
46889, u1392 ," Oh, yeah."",,,,,,,,,,,,,,,,,,,,,,,,,,,,,,,", u1394 ,m92,,
46890, u1394 ," Hey, listen to this... I think this is related to our Dr. Satan."",,,,,,,,,,,,,,,,,,,,,,,,,,,,,,,", u1392 ,m92,,
46891, u1392 ," Fuck, it's freezing."",,,,,,,,,,,,,,,,,,,,,,,,,,,,,,,", u1392 ,m92,,
46892, u1392 ," That seems likely.,,,,,,,,,,,,,,,,,,,,,,,,,,,,,,,", u1394 ,m92,,
46893, u1394 ," Hey, maybe she knows where this is?"",,,,,,,,,,,,,,,,,,,,,,,,,,,,,,,", u1394 ,m92,,
46894, u1394 ," Fried chicken.  Anybody want some?,,,,,,,,,,,,,,,,,,,,,,,,,,,,,,,", u1392 ,m92,,
46895, u1392 ," Ugh, what's that smell?"",,,,,,,,,,,,,,,,,,,,,,,,,,,,,,,", u1392 ,m92,,
46896, u1392 ," Oh yeah, murder museum... sounds fun."",,,,,,,,,,,,,,,,,,,,,,,,,,,,,,,", u1394 ,m92,,
46897, u1394 ," Aw, come on. It will be fun."",,,,,,,,,,,,,,,,,,,,,,,,,,,,,,,", u1392 ,m92,,
46898, u1392 ," I don't want to see that.,,,,,,,,,,,,,,,,,,,,,,,,,,,,,,,", u1394 ,m92,,
46899, u1394 ," This isn't everything. Get ready for this... there's a Museum of Murder and Mayhem.,,,,,,,,,,,,,,,,,,,,,,,,,,,,,,,", u1392 ,m92,,
46900, u1392 ," Tickets for what?,,,,,,,,,,,,,,,,,,,,,,,,,,,,,,,", u1394 ,m92,,
46901, u1394 ," Great, you're back. Let's go. We already paid for the tickets."",,,,,,,,,,,,,,,,,,,,,,,,,,,,,,,", u1394 ,m92,,
46902, u1394 ," Grab Mary and come inside.,,,,,,,,,,,,,,,,,,,,,,,,,,,,,,,", u1392 ,m92,,
46903, u1392 ," Huh?,,,,,,,,,,,,,,,,,,,,,,,,,,,,,,,", u1397 ,m92,,
46904, u1397 ," Well, just promise me you'll be careful... alright, alright see ya soon... good-bye."",,,,,,,,,,,,,,,,,,,,,,,,,,,,,,,", u1392 ,m92,,
46905, u1392 ," Hopefully I can move things along here and make up the lost time by speeding all the way home... yes, Dad I'm kidding."",,,,,,,,,,,,,,,,,,,,,,,,,,,,,,,", u1397 ,m92,,
46906, u1397 ," Well, don't take too long, the kids are already knocking down the door demanding their sugar fix... I know, I know I forgot to mention that Halloween falls on a school night, so they're trick or treating tonight... I got the joint decked out this year, built a graveyard in the front yard like when you were a kid."",,,,,,,,,,,,,,,,,,,,,,,,,,,,,,,", u1392 ,m92,,
46907, u1392 ," Yeah, well he's still here. I think him and Jerry are fast becoming buddies, you know Jerry... yeah, he's gotta see everything... yeah, I know... thinks there's some unsolved mystery around every corner."",,,,,,,,,,,,,,,,,,,,,,,,,,,,,,,", u1397 ,m92,,
46908, u1397 ," Oh yeah, yeah I've driven by that place before. I seem to remember a crabby old bastard in a crummy clown suit running the place."",,,,,,,,,,,,,,,,,,,,,,,,,,,,,,,", u1392 ,m92,,
46909, u1392 ," No, nothing like that... yeah, we're gonna be a little late. We stopped for gas at this place called Capt. Spaulding's outside of Ruggsville and it turned into a whole thing, so we're kind of behind schedule."",,,,,,,,,,,,,,,,,,,,,,,,,,,,,,,", u1397 ,m92,,
46910, u1397 ," Hello...  ...hey Denise... what, what's wrong, did you break down?"",,,,,,,,,,,,,,,,,,,,,,,,,,,,,,,", u1395 ,m92,,
46911, u1395 ," Yeah, it's really your fault that we're stuck in this shithole in the first place."",,,,,,,,,,,,,,,,,,,,,,,,,,,,,,,", u1392 ,m92,,
46912, u1392 ," Don't be such a fucking smart ass.,,,,,,,,,,,,,,,,,,,,,,,,,,,,,,,", u1392 ,m92,,
46913, u1392 ," Can't Tiny drive us to a phone?,,,,,,,,,,,,,,,,,,,,,,,,,,,,,,,", u1395 ,m92,,
46914, u1395 ," A couple hours!,,,,,,,,,,,,,,,,,,,,,,,,,,,,,,,", u1395 ,m92,,
46915, u1395 ," Bill, why don't you ask her... she's your special friend."",,,,,,,,,,,,,,,,,,,,,,,,,,,,,,,", u1392 ,m92,,
46916, u1392 ," Excuse me, may I please use your phone?"",,,,,,,,,,,,,,,,,,,,,,,,,,,,,,,", u1395 ,m92,,
46917, u1395 ," I think I'm gonna have a fucking heart attack.,,,,,,,,,,,,,,,,,,,,,,,,,,,,,,,", u1392 ,m92,,
46918, u1392 ," Jesus Christ.,,,,,,,,,,,,,,,,,,,,,,,,,,,,,,,", u1392 ,m92,,
46919, u1392 ," Turn on the headlights. See if anything is out there.,,,,,,,,,,,,,,,,,,,,,,,,,,,,,,,", u1395 ,m92,,
46920, u1395 ," I still don't.,,,,,,,,,,,,,,,,,,,,,,,,,,,,,,,", u1392 ,m92,,
46921, u1392 ," Shhhhhh, quiet."",,,,,,,,,,,,,,,,,,,,,,,,,,,,,,,", u1395 ,m92,,
46922, u1395 ," I don't hear anything.,,,,,,,,,,,,,,,,,,,,,,,,,,,,,,,", u1395 ,m92,,
46923, u1395 ," Wait... quiet. Turn off the radio.,,,,,,,,,,,,,,,,,,,,,,,,,,,,,,,", u1392 ,m92,,
46924, u1392 ," What? I didn't hear anything.,,,,,,,,,,,,,,,,,,,,,,,,,,,,,,,", u1395 ,m92,,
46925, u1395 ," What was that?,,,,,,,,,,,,,,,,,,,,,,,,,,,,,,,", u1392 ,m92,,
46926, u1392 ," I don't know... about half an hour.,,,,,,,,,,,,,,,,,,,,,,,,,,,,,,,", u1395 ,m92,,
46927, u1395 ," How long has it been?,,,,,,,,,,,,,,,,,,,,,,,,,,,,,,,", u1392 ,m92,,
46928, u1392 ," Yeah, she said we looked queer."",,,,,,,,,,,,,,,,,,,,,,,,,,,,,,,", u1395 ,m92,,
46929, u1395 ," She said we look like pussy lickers or some shit like that.,,,,,,,,,,,,,,,,,,,,,,,,,,,,,,,", u1392 ,m92,,
46930, u1392 ," I can't believe...,,,,,,,,,,,,,,,,,,,,,,,,,,,,,,,", u1395 ,m92,,
46931, u1395 ," I think I'm going fucking crazy.,,,,,,,,,,,,,,,,,,,,,,,,,,,,,,,", u1395 ,m92,,
46932, u1395 ," God damn it, I knew this witch-hunt was fucking bullshit."",,,,,,,,,,,,,,,,,,,,,,,,,,,,,,,", u1392 ,m92,,
46933, u1392 ," You got to be fucking joking.,,,,,,,,,,,,,,,,,,,,,,,,,,,,,,,", u1395 ,m92,,
46934, u1395 ," Don't even say it.,,,,,,,,,,,,,,,,,,,,,,,,,,,,,,,", u1395 ,m92,,
46935, u1395 ," She looks like she stinks.,,,,,,,,,,,,,,,,,,,,,,,,,,,,,,,", u1392 ,m92,,
46936, u1392 ," Stick her in the front, if you want to pick her up so bad. She's soaked."",,,,,,,,,,,,,,,,,,,,,,,,,,,,,,,", u1392 ,m92,,
46937, u1392 ," Aw Christ, Jerry. We can't see anything now, it's too dark. Let's forget it."",,,,,,,,,,,,,,,,,,,,,,,,,,,,,,,", u1395 ,m92,,
46938, u1395 ," Let's just skip it. It is probably nothing anyway.,,,,,,,,,,,,,,,,,,,,,,,,,,,,,,,", u1395 ,m92,,
46939, u1395 ," Maybe he's a cyborg.,,,,,,,,,,,,,,,,,,,,,,,,,,,,,,,", u1392 ,m92,,
46940, u1392 ," Never. I swear to God he never sleeps, he goes to bed after me, wakes up before me. He's always working on 10."",,,,,,,,,,,,,,,,,,,,,,,,,,,,,,,", u1395 ,m92,,
46941, u1395 ," Geez, he never gets tired does he."",,,,,,,,,,,,,,,,,,,,,,,,,,,,,,,", u1395 ,m92,,
46942, u1395 ," Exactly... well, I guess a couple more photos won't kill me."",,,,,,,,,,,,,,,,,,,,,,,,,,,,,,,", u1392 ,m92,,
46943, u1392 ," Scattered, smothered and covered."",,,,,,,,,,,,,,,,,,,,,,,,,,,,,,,", u1395 ,m92,,
46944, u1395 ," If I never eat at another Waffle House again, I can die a happy girl."",,,,,,,,,,,,,,,,,,,,,,,,,,,,,,,", u1392 ,m92,,
46945, u1392 ," A decent meal every once in a while wouldn't hurt either, this road food is crap."",,,,,,,,,,,,,,,,,,,,,,,,,,,,,,,", u1395 ,m92,,
46946, u1395 ," I know, that was some crazy shit. I never in a million years would have believed it if I hadn't seen it."",,,,,,,,,,,,,,,,,,,,,,,,,,,,,,,", u1392 ,m92,,
46947, u1392 ," Yeah, I hit burn out mode back at that old stripper lady's place. Watching her dance around with those ratty-looking animals was ridiculous."",,,,,,,,,,,,,,,,,,,,,,,,,,,,,,,", u1395 ,m92,,
46948, u1395 ," It will be nice to have a few days off to regenerate. This trip is fun, but it's starting to get brutal."",,,,,,,,,,,,,,,,,,,,,,,,,,,,,,,", u1395 ,m92,,
46949, u1395 ," Yeah, hey how far do you think we are from your Dad's?"",,,,,,,,,,,,,,,,,,,,,,,,,,,,,,,", u1392 ,m92,,
46950, u1392 ," God, I hate falling asleep in the afternoon. Now I'll be up all night...  ...ugh, my back is killing me."",,,,,,,,,,,,,,,,,,,,,,,,,,,,,,,", u1395 ,m92,,
46951, u1395 ," Tell me about it.,,,,,,,,,,,,,,,,,,,,,,,,,,,,,,,", u1392 ,m92,,
46952, u1392 ," I swear I've aged five years since this trip started.,,,,,,,,,,,,,,,,,,,,,,,,,,,,,,,", u1395 ,m92,,
46953, u1395 ," Aw, shit...  I gotta pee anyway."",,,,,,,,,,,,,,,,,,,,,,,,,,,,,,,", u1392 ,m92,,
46954, u1392 ," Aw, it ain't crap... it's... cute.  ...and really who are we to judge the artistic merit of the tin-can Mona Lisa?"",,,,,,,,,,,,,,,,,,,,,,,,,,,,,,,", u1395 ,m92,,
46955, u1395 ," Christ, I hope this isn't more crappy folk art. It's so quaint... it's so primal... it's so crap."",,,,,,,,,,,,,,,,,,,,,,,,,,,,,,,", u1392 ,m92,,
46956, u1392 ," Too late. You're in for life, let's move it out Private Shutterbug."",,,,,,,,,,,,,,,,,,,,,,,,,,,,,,,", u1395 ,m92,,
46957, u1395 ," I resign.,,,,,,,,,,,,,,,,,,,,,,,,,,,,,,,", u1392 ,m92,,
46958, u1392 ," Let's go. You're the one who wanted to be a photographer.,,,,,,,,,,,,,,,,,,,,,,,,,,,,,,,", u1395 ,m92,,
46959, u1395 ," No please, let me sit this one out."",,,,,,,,,,,,,,,,,,,,,,,,,,,,,,,", u1392 ,m92,,
46960, u1392 ," Rise and shine.,,,,,,,,,,,,,,,,,,,,,,,,,,,,,,,", u1395 ,m92,,
46961, u1395 ," Sleeping.,,,,,,,,,,,,,,,,,,,,,,,,,,,,,,,", u1392 ,m92,,
46962, u1392 ," Come on sleeping beauty, time to go to work."",,,,,,,,,,,,,,,,,,,,,,,,,,,,,,,", u1401 ,m92,,
46963, u1401 ," Yep, I found something."",,,,,,,,,,,,,,,,,,,,,,,,,,,,,,,", u1393 ,m92,,
46964, u1393 ," You find something, Georgie?"",,,,,,,,,,,,,,,,,,,,,,,,,,,,,,,", u1401 ,m92,,
46965, u1401 ," God damn.,,,,,,,,,,,,,,,,,,,,,,,,,,,,,,,", u1401 ,m92,,
46966, u1401 ," Yep, I suppose it is."",,,,,,,,,,,,,,,,,,,,,,,,,,,,,,,", u1393 ,m92,,
46967, u1393 ," That's the understatement of the year.,,,,,,,,,,,,,,,,,,,,,,,,,,,,,,,", u1401 ,m92,,
46968, u1401 ," Just in the wrong place at the wrong time.,,,,,,,,,,,,,,,,,,,,,,,,,,,,,,,", u1393 ,m92,,
46969, u1393 ," Shit, I wonder what these kids did to bring this much hell down on 'em."",,,,,,,,,,,,,,,,,,,,,,,,,,,,,,,", u1401 ,m92,,
46970, u1401 ," Not yet.,,,,,,,,,,,,,,,,,,,,,,,,,,,,,,,", u1393 ,m92,,
46971, u1393 ," Recover any bodies?,,,,,,,,,,,,,,,,,,,,,,,,,,,,,,,", u1401 ,m92,,
46972, u1401 ," Yeah, no mercy here."",,,,,,,,,,,,,,,,,,,,,,,,,,,,,,,", u1393 ,m92,,
46973, u1393 ," Holy Jesus, somebody had themselves a field day beating the shit outta this thing."",,,,,,,,,,,,,,,,,,,,,,,,,,,,,,,", u1401 ,m92,,
46974, u1401 ," A vehicle registered to a William S. Hudley.,,,,,,,,,,,,,,,,,,,,,,,,,,,,,,,", u1393 ,m92,,
46975, u1393 ," What'd we here, Georgie?"",,,,,,,,,,,,,,,,,,,,,,,,,,,,,,,", u1398 ,m92,,
46976, u1398 ," Yes, sir."",,,,,,,,,,,,,,,,,,,,,,,,,,,,,,,", u1393 ,m92,,
46977, u1393 ," Open up the trunk.,,,,,,,,,,,,,,,,,,,,,,,,,,,,,,,", u1398 ,m92,,
46978, u1398 ," Huh?,,,,,,,,,,,,,,,,,,,,,,,,,,,,,,,", u1393 ,m92,,
46979, u1393 ," Well Christ boy, don't stand there like a prize dog dick with his butthole caught up a tree."",,,,,,,,,,,,,,,,,,,,,,,,,,,,,,,", u1398 ,m92,,
46980, u1398 ," Keys.,,,,,,,,,,,,,,,,,,,,,,,,,,,,,,,", u1393 ,m92,,
46981, u1393 ," What'd ya got there?,,,,,,,,,,,,,,,,,,,,,,,,,,,,,,,", u1396 ,m92,,
46982, u1396 ," Aw, honey you know I can't do that."",,,,,,,,,,,,,,,,,,,,,,,,,,,,,,,", u1394 ,m92,,
46983, u1394 ," Please, let us go, we won't tell anybody."",,,,,,,,,,,,,,,,,,,,,,,,,,,,,,,", u1396 ,m92,,
46984, u1396 ," Bye sweety, we could of been great together."",,,,,,,,,,,,,,,,,,,,,,,,,,,,,,,", u1394 ,m92,,
46985, u1394 ," Great.,,,,,,,,,,,,,,,,,,,,,,,,,,,,,,,", u1396 ,m92,,
46986, u1396 ," No, no, no it's so much more special than that... you'll see, you'll be the first to ever see. I think this is something you'll really love."",,,,,,,,,,,,,,,,,,,,,,,,,,,,,,,", u1394 ,m92,,
46987, u1394 ," Oh, you mean on TV."",,,,,,,,,,,,,,,,,,,,,,,,,,,,,,,", u1396 ,m92,,
46988, u1396 ," For the show. It's Halloween eve and time for our show.,,,,,,,,,,,,,,,,,,,,,,,,,,,,,,,", u1394 ,m92,,
46989, u1394 ," Firefly... mmmmm odd name. Mrs. Firefly, do you know anything about the legend of Dr. Satan?"",,,,,,,,,,,,,,,,,,,,,,,,,,,,,,,", u1396 ,m92,,
46990, u1396 ," Firefly.,,,,,,,,,,,,,,,,,,,,,,,,,,,,,,,", u1394 ,m92,,
46991, u1394 ," I've been meaning to ask you, Mrs... Ummmm."",,,,,,,,,,,,,,,,,,,,,,,,,,,,,,,", u1394 ,m92,,
46992, u1394 ," Didn't ya think, Mary?"",,,,,,,,,,,,,,,,,,,,,,,,,,,,,,,", u1396 ,m92,,
46993, u1396 ," Maybe. He's a real lady killer.,,,,,,,,,,,,,,,,,,,,,,,,,,,,,,,", u1394 ,m92,,
46994, u1394 ," Great. I thought I felt a certain attraction between Mary and Tiny soon as he walked in.,,,,,,,,,,,,,,,,,,,,,,,,,,,,,,,", u1394 ,m92,,
46995, u1394 ," I was just kidding.,,,,,,,,,,,,,,,,,,,,,,,,,,,,,,,", u1396 ,m92,,
46996, u1396 ," I'll bet you are... you are a naughty little thing aren't ya.,,,,,,,,,,,,,,,,,,,,,,,,,,,,,,,", u1394 ,m92,,
46997, u1394 ," And I'm gonna help put the razor blades in the candy apples.,,,,,,,,,,,,,,,,,,,,,,,,,,,,,,,", u1394 ,m92,,
46998, u1394 ," I don't doubt that.,,,,,,,,,,,,,,,,,,,,,,,,,,,,,,,", u1396 ,m92,,
46999, u1396 ," Oh, really...  ...well, I'm a pretty good dancer if you know what I mean... I bet I got a few moves you ain't never seen."",,,,,,,,,,,,,,,,,,,,,,,,,,,,,,,", u1394 ,m92,,
47000, u1394 ," Well, I thought I'd maybe take in a hoedown."",,,,,,,,,,,,,,,,,,,,,,,,,,,,,,,", u1396 ,m92,,
47001, u1396 ," So, what brings you kids way out here, ain't you got something better to do for Halloween than wander around out here in the sticks?"",,,,,,,,,,,,,,,,,,,,,,,,,,,,,,,", u1394 ,m92,,
47002, u1394 ," Um, I'm Jerry... that's Bill... Denise and Mary."",,,,,,,,,,,,,,,,,,,,,,,,,,,,,,,", u1396 ,m92,,
47003, u1396 ," What do they call you, sweety?"",,,,,,,,,,,,,,,,,,,,,,,,,,,,,,,", u1394 ,m92,,
47004, u1394 ," Oh, right."",,,,,,,,,,,,,,,,,,,,,,,,,,,,,,,", u1396 ,m92,,
47005, u1396 ," His name is Rufus, Rufus Jr., but we all call him R.J."",,,,,,,,,,,,,,,,,,,,,,,,,,,,,,,", u1394 ,m92,,
47006, u1394 ," Hey, maybe the guy with the tow truck could drive us to a phone."",,,,,,,,,,,,,,,,,,,,,,,,,,,,,,,", u1394 ,m92,,
47007, u1394 ," Negative. Shit, we are so deep in the sticks we could walk for hours and find zero."",,,,,,,,,,,,,,,,,,,,,,,,,,,,,,,", u1395 ,m92,,
47008, u1395 ," I'm with Denise, can't we just walk to someplace, this is getting fucking stupid."",,,,,,,,,,,,,,,,,,,,,,,,,,,,,,,", u1395 ,m92,,
47009, u1395 ," I know the words... fucking psycho fucking bullshit, that's the words."",,,,,,,,,,,,,,,,,,,,,,,,,,,,,,,", u1394 ,m92,,
47010, u1394 ," This is way too fucked up for words.,,,,,,,,,,,,,,,,,,,,,,,,,,,,,,,", u1395 ,m92,,
47011, u1395 ," Enough with the stupid voices.,,,,,,,,,,,,,,,,,,,,,,,,,,,,,,,", u1394 ,m92,,
47012, u1394 ," OK lassies, I think it's time you get to gripping reality."",,,,,,,,,,,,,,,,,,,,,,,,,,,,,,,", u1395 ,m92,,
47013, u1395 ," What!,,,,,,,,,,,,,,,,,,,,,,,,,,,,,,,", u1394 ,m92,,
47014, u1394 ," Hold on, hold on! Everybody calm down! It's the tow truck guy."",,,,,,,,,,,,,,,,,,,,,,,,,,,,,,,", u1395 ,m92,,
47015, u1395 ," You didn't see the look she threw me. She's up to something.,,,,,,,,,,,,,,,,,,,,,,,,,,,,,,,", u1394 ,m92,,
47016, u1394 ," Oh, don't blow everything out of proportion."",,,,,,,,,,,,,,,,,,,,,,,,,,,,,,,", u1395 ,m92,,
47017, u1395 ," That stupid hillbilly slut.,,,,,,,,,,,,,,,,,,,,,,,,,,,,,,,", u1394 ,m92,,
47018, u1394 ," Huh?,,,,,,,,,,,,,,,,,,,,,,,,,,,,,,,", u1395 ,m92,,
47019, u1395 ," God damn it, I must be fucking crazy to let him go off with that crazy fucking bitch."",,,,,,,,,,,,,,,,,,,,,,,,,,,,,,,", u1395 ,m92,,
47020, u1395 ," You said it, not me."",,,,,,,,,,,,,,,,,,,,,,,,,,,,,,,", u1394 ,m92,,
47021, u1394 ," I'll go. It's my fault.,,,,,,,,,,,,,,,,,,,,,,,,,,,,,,,", u1394 ,m92,,
47022, u1394 ," I think we should go straight. I mean we know for a fact there ain't nothing back that way, right?"",,,,,,,,,,,,,,,,,,,,,,,,,,,,,,,", u1395 ,m92,,
47023, u1395 ," Just back up.,,,,,,,,,,,,,,,,,,,,,,,,,,,,,,,", u1395 ,m92,,
47024, u1395 ," Huh?,,,,,,,,,,,,,,,,,,,,,,,,,,,,,,,", u1394 ,m92,,
47025, u1394 ," We hit the jackpot! Let's roll, good buddy. We got ourselves a convoy."",,,,,,,,,,,,,,,,,,,,,,,,,,,,,,,", u1394 ,m92,,
47026, u1394 ," Shit, it is only sprinkling and it's worth the trouble. Hold on for two seconds."",,,,,,,,,,,,,,,,,,,,,,,,,,,,,,,", u1395 ,m92,,
47027, u1395 ," Aw, come on Jerry. We've gotten all we're gonna get out of this place and its starting to rain."",,,,,,,,,,,,,,,,,,,,,,,,,,,,,,,", u1394 ,m92,,
47028, u1394 ," I'm gonna go ask him.,,,,,,,,,,,,,,,,,,,,,,,,,,,,,,,", u1395 ,m92,,
47029, u1395 ," Don't worry, I'm gone."",,,,,,,,,,,,,,,,,,,,,,,,,,,,,,,", u1396 ,m92,,
47030, u1396 ," I suggest you kids leave now.,,,,,,,,,,,,,,,,,,,,,,,,,,,,,,,", u1396 ,m92,,
47031, u1396 ," Well, even though I know it seems childish to you all. Tonight is Halloween eve and it special to us so you are all invited to stay for dinner."",,,,,,,,,,,,,,,,,,,,,,,,,,,,,,,", u1395 ,m92,,
47032, u1395 ," Sorry.,,,,,,,,,,,,,,,,,,,,,,,,,,,,,,,", u1396 ,m92,,
47033, u1396 ," I know you're my guests and welcome but I'd please advise you to keep from cussing while in my house, thank you."",,,,,,,,,,,,,,,,,,,,,,,,,,,,,,,", u1396 ,m92,,
47034, u1396 ," Oh really, well I hope something changes your mind some day."",,,,,,,,,,,,,,,,,,,,,,,,,,,,,,,", u1395 ,m92,,
47035, u1395 ," No, just a little too old."",,,,,,,,,,,,,,,,,,,,,,,,,,,,,,,", u1396 ,m92,,
47036, u1396 ," Oh, I get it... I guess you think you're too good for the simple pleasures of Halloween."",,,,,,,,,,,,,,,,,,,,,,,,,,,,,,,", u1399 ,m92,,
47037, u1399 ," You, my dear worm feeder, are about to become immortalized."",,,,,,,,,,,,,,,,,,,,,,,,,,,,,,,", u1395 ,m92,,
47038, u1395 ," What are you doing?  ...no, stop... please, please."",,,,,,,,,,,,,,,,,,,,,,,,,,,,,,,", u1399 ,m92,,
47039, u1399 ," Oh, come now... we're all creatures of God and freaks in our own way...  ...but if you'll notice...  right here, needs a little something, heh?"",,,,,,,,,,,,,,,,,,,,,,,,,,,,,,,", u1395 ,m92,,
47040, u1395 ," Fuck you, you fucking freak!"",,,,,,,,,,,,,,,,,,,,,,,,,,,,,,,", u1399 ,m92,,
47041, u1399 ," Oh, it's real... as real as I want it to be, mamma...  ...look, see the magic in my brush strokes."",,,,,,,,,,,,,,,,,,,,,,,,,,,,,,,", u1395 ,m92,,
47042, u1395 ," This can't be real, this can't be real, this can't be real."",,,,,,,,,,,,,,,,,,,,,,,,,,,,,,,", u1399 ,m92,,
47043, u1399 ," Behold... The Fish-Boy!,,,,,,,,,,,,,,,,,,,,,,,,,,,,,,,", u1399 ,m92,,
47044, u1399 ," Let's go see.,,,,,,,,,,,,,,,,,,,,,,,,,,,,,,,", u1395 ,m92,,
47045, u1395 ," Where is he?,,,,,,,,,,,,,,,,,,,,,,,,,,,,,,,", u1399 ,m92,,
47046, u1399 ," Well, Bill... he's a good guy, he's been great help to me... a real blessing... I couldn't have asked for a better specimen. I mean you don't know what a dry spell I've had, total block...  ...total block... but Bill he's OK."",,,,,,,,,,,,,,,,,,,,,,,,,,,,,,,", u1395 ,m92,,
47047, u1395 ," Where's Bill?,,,,,,,,,,,,,,,,,,,,,,,,,,,,,,,", u1399 ,m92,,
47048, u1399 ," Doing what? Messy up your day? Well, fuck lady there are some bigger issues at hand... than your fucking have a nice fucking day bumper sticker shit!"",,,,,,,,,,,,,,,,,,,,,,,,,,,,,,,", u1395 ,m92,,
47049, u1395 ," Why? Why are you doing this?,,,,,,,,,,,,,,,,,,,,,,,,,,,,,,,", u1396 ,m92,,
47050, u1396 ," No, I can't say that I ever seen 'em before...  ...he looks familiar, is he on TV?"",,,,,,,,,,,,,,,,,,,,,,,,,,,,,,,", u1401 ,m92,,
47051, u1401 ," Think... do any of these kids look familiar in any way?,,,,,,,,,,,,,,,,,,,,,,,,,,,,,,,", u1396 ,m92,,
47052, u1396 ," Oh, you are very welcome... Lord knows how I love a man in uniform."",,,,,,,,,,,,,,,,,,,,,,,,,,,,,,,", u1401 ,m92,,
47053, u1401 ," Thank you.,,,,,,,,,,,,,,,,,,,,,,,,,,,,,,,", u1396 ,m92,,
47054, u1396 ," Oh, alright... I guess I can trust you... being a man of the law and all."",,,,,,,,,,,,,,,,,,,,,,,,,,,,,,,", u1401 ,m92,,
47055, u1401 ," Please, just a minute."",,,,,,,,,,,,,,,,,,,,,,,,,,,,,,,", u1396 ,m92,,
47056, u1396 ," I um... no, I don't think so..."",,,,,,,,,,,,,,,,,,,,,,,,,,,,,,,", u1401 ,m92,,
47057, u1401 ," Please, could I please come in and talk to you for a minute? Maybe you could take a better look at the picture... might stir up something."",,,,,,,,,,,,,,,,,,,,,,,,,,,,,,,", u1396 ,m92,,
47058, u1396 ," Well, I... mmmmm... no, I ain't seen her, sorry."",,,,,,,,,,,,,,,,,,,,,,,,,,,,,,,", u1401 ,m92,,
47059, u1401 ," I appreciate your cooperation. I'm looking for a missing girl...  ...this girl here, Denise Willis... have you seen her?"",,,,,,,,,,,,,,,,,,,,,,,,,,,,,,,", u1396 ,m92,,
47060, u1396 ," Questions? Well, heck, I'll tell you anything you want to know."",,,,,,,,,,,,,,,,,,,,,,,,,,,,,,,", u1401 ,m92,,
47061, u1401 ," My name is Lt. Wydell, I'd like to ask you a few questions."",,,,,,,,,,,,,,,,,,,,,,,,,,,,,,,", u1396 ,m92,,
47062, u1396 ," Aw, you ain't disturbing me, but it kind of looks like rain, don't ya think?"",,,,,,,,,,,,,,,,,,,,,,,,,,,,,,,", u1401 ,m92,,
47063, u1401 ," Excuse me, I'm sorry for disturbing you this fine afternoon."",,,,,,,,,,,,,,,,,,,,,,,,,,,,,,,", u1396 ,m92,,
47064, u1396 ," Well hello, officer."",,,,,,,,,,,,,,,,,,,,,,,,,,,,,,,", u1399 ,m92,,
47065, u1399 ," Well, go get her."",,,,,,,,,,,,,,,,,,,,,,,,,,,,,,,", u1396 ,m92,,
47066, u1396 ," That's true, Otis... not that we're having a bad time, but..."",,,,,,,,,,,,,,,,,,,,,,,,,,,,,,,", u1396 ,m92,,
47067, u1396 ," Wait, I want to say good-bye."",,,,,,,,,,,,,,,,,,,,,,,,,,,,,,,", u1399 ,m92,,
47068, u1399 ," Get in... now!,,,,,,,,,,,,,,,,,,,,,,,,,,,,,,,", u1399 ,m92,,
47069, u1399 ," Yes! I'm the one who beats you when you're bad...,,,,,,,,,,,,,,,,,,,,,,,,,,,,,,,", u1396 ,m92,,
47070, u1396 ," Who's your Daddy!,,,,,,,,,,,,,,,,,,,,,,,,,,,,,,,", u1399 ,m92,,
47071, u1399 ," I'm the one who brings the devil's brandy... ,,,,,,,,,,,,,,,,,,,,,,,,,,,,,,,", u1399 ,m92,,
47072, u1399 ," Go down stairs and play nice... I'm a gonna go 'round back and handle things like I always fucking do.,,,,,,,,,,,,,,,,,,,,,,,,,,,,,,,", u1396 ,m92,,
47073, u1396 ," What should I do?,,,,,,,,,,,,,,,,,,,,,,,,,,,,,,,", u1399 ,m92,,
47074, u1399 ," I'm sure there's more than that... fucking pigs always travel in packs...  ...here, take this."",,,,,,,,,,,,,,,,,,,,,,,,,,,,,,,", u1396 ,m92,,
47075, u1396 ," I don't know. I only saw one.,,,,,,,,,,,,,,,,,,,,,,,,,,,,,,,", u1399 ,m92,,
47076, u1399 ," What! God damn, how many?"",,,,,,,,,,,,,,,,,,,,,,,,,,,,,,,", u1396 ,m92,,
47077, u1396 ," Otis! Otis! Come quick, there's cops outside."",,,,,,,,,,,,,,,,,,,,,,,,,,,,,,,", u1399 ,m92,,
47078, u1399 ," I ain't sure that you really need to know. It's better you go home still dreaming about your kitty cats and puppy dogs.,,,,,,,,,,,,,,,,,,,,,,,,,,,,,,,", u1396 ,m92,,
47079, u1396 ," Grampa... watch the language.,,,,,,,,,,,,,,,,,,,,,,,,,,,,,,,", u1397 ,m92,,
47080, u1397 ," Right.,,,,,,,,,,,,,,,,,,,,,,,,,,,,,,,", u1398 ,m92,,
47081, u1398 ," Fuck, go to the car... call for backup. Tell 'em officer down."",,,,,,,,,,,,,,,,,,,,,,,,,,,,,,,", u1397 ,m92,,
47082, u1397 ," Call Wydell.,,,,,,,,,,,,,,,,,,,,,,,,,,,,,,,", u1398 ,m92,,
47083, u1398 ," Jesus Christ.,,,,,,,,,,,,,,,,,,,,,,,,,,,,,,,", u1398 ,m92,,
47084, u1398 ," Shit... fuck procedure.,,,,,,,,,,,,,,,,,,,,,,,,,,,,,,,", u1397 ,m92,,
47085, u1397 ," Tell it to my daughter.,,,,,,,,,,,,,,,,,,,,,,,,,,,,,,,", u1398 ,m92,,
47086, u1398 ," I ain't got a warrant.,,,,,,,,,,,,,,,,,,,,,,,,,,,,,,,", u1397 ,m92,,
47087, u1397 ," We gotta break it open.,,,,,,,,,,,,,,,,,,,,,,,,,,,,,,,", u1397 ,m92,,
47088, u1397 ," Over here, inside the smokehouse."",,,,,,,,,,,,,,,,,,,,,,,,,,,,,,,", u1398 ,m92,,
47089, u1398 ," Yeah, I hear it... where's it coming from?"",,,,,,,,,,,,,,,,,,,,,,,,,,,,,,,", u1397 ,m92,,
47090, u1397 ," Shhhh... you hear that?,,,,,,,,,,,,,,,,,,,,,,,,,,,,,,,", u1398 ,m92,,
47091, u1398 ," Shit, don't these packrat hillbillies throw anything away?"",,,,,,,,,,,,,,,,,,,,,,,,,,,,,,,", u1397 ,m92,,
47092, u1397 ," Where we headed?,,,,,,,,,,,,,,,,,,,,,,,,,,,,,,,", u1398 ,m92,,
47093, u1398 ," Turn up this road.,,,,,,,,,,,,,,,,,,,,,,,,,,,,,,,", u1397 ,m92,,
47094, u1397 ," My Denise is a smart girl, she wouldn't do anything stupid, and her boyfriend, he always seemed like a good kid."",,,,,,,,,,,,,,,,,,,,,,,,,,,,,,,", u1398 ,m92,,
47095, u1398 ," No they couldn't, somebody had to see something."",,,,,,,,,,,,,,,,,,,,,,,,,,,,,,,", u1397 ,m92,,
47096, u1397 ," Christ, four kids couldn't just disappear."",,,,,,,,,,,,,,,,,,,,,,,,,,,,,,,", u1398 ,m92,,
47097, u1398 ," No, not really. Good kid, never been in any trouble."",,,,,,,,,,,,,,,,,,,,,,,,,,,,,,,", u1397 ,m92,,
47098, u1397 ," Fit the profile?,,,,,,,,,,,,,,,,,,,,,,,,,,,,,,,", u1398 ,m92,,
47099, u1398 ," Local girl, Karen Murphy, been missing for a couple months, figured for a runaway."",,,,,,,,,,,,,,,,,,,,,,,,,,,,,,,", u1397 ,m92,,
47100, u1397 ," George Willis...  ...any leads?,,,,,,,,,,,,,,,,,,,,,,,,,,,,,,,", u1398 ,m92,,
47101, u1398 ," Hey.,,,,,,,,,,,,,,,,,,,,,,,,,,,,,,,", u1397 ,m92,,
47102, u1397 ," I pray to God there is.,,,,,,,,,,,,,,,,,,,,,,,,,,,,,,,", u1401 ,m92,,
47103, u1401 ," I'm sure there's a logical explanation.,,,,,,,,,,,,,,,,,,,,,,,,,,,,,,,", u1397 ,m92,,
47104, u1397 ," Christ, you know it's crazy...  I lived through so many other people's nightmares, you know. Always cool and calm, but... but I never thought I'd be the one needing help, ya know?"",,,,,,,,,,,,,,,,,,,,,,,,,,,,,,,", u1401 ,m92,,
47105, u1401 ," Her part in this I can't figure... but I will.,,,,,,,,,,,,,,,,,,,,,,,,,,,,,,,", u1401 ,m92,,
47106, u1401 ," Oh, yeah, you know about that? Hmmm, that's a strange one."",,,,,,,,,,,,,,,,,,,,,,,,,,,,,,,", u1397 ,m92,,
47107, u1397 ," What about the body you found?,,,,,,,,,,,,,,,,,,,,,,,,,,,,,,,", u1397 ,m92,,
47108, u1397 ," Dr. Satan?,,,,,,,,,,,,,,,,,,,,,,,,,,,,,,,", u1401 ,m92,,
47109, u1401 ," Well, all we know is the kids were headed out to a spot the locals call Deadwood to play Nancy Drew with some local legend about this character everybody calls Dr. Satan."",,,,,,,,,,,,,,,,,,,,,,,,,,,,,,,", u1397 ,m92,,
47110, u1397 ," That's it?,,,,,,,,,,,,,,,,,,,,,,,,,,,,,,,", u1401 ,m92,,
47111, u1401 ," Well, we were on our way out to run a check on a couple farmhouses out on the edge of town... closest thing we got to a lead at this point."",,,,,,,,,,,,,,,,,,,,,,,,,,,,,,,", u1401 ,m92,,
47112, u1401 ," I'm Wydell... this is Naish.,,,,,,,,,,,,,,,,,,,,,,,,,,,,,,,", u1397 ,m92,,
47113, u1397 ," Yes, sir."",,,,,,,,,,,,,,,,,,,,,,,,,,,,,,,", u1401 ,m92,,
47114, u1401 ," Mr. Willis?,,,,,,,,,,,,,,,,,,,,,,,,,,,,,,,", u1398 ,m92,,
47115, u1398 ," We found one.,,,,,,,,,,,,,,,,,,,,,,,,,,,,,,,", u1401 ,m92,,
47116, u1401 ," Over.,,,,,,,,,,,,,,,,,,,,,,,,,,,,,,,", u1401 ,m92,,
47117, u1401 ," Excuse me for a second.,,,,,,,,,,,,,,,,,,,,,,,,,,,,,,,", u1398 ,m92,,
47118, u1398 ," Wydell.,,,,,,,,,,,,,,,,,,,,,,,,,,,,,,,", u1398 ,m92,,
47119, u1398 ," Right...  ...come on.,,,,,,,,,,,,,,,,,,,,,,,,,,,,,,,", u1401 ,m92,,
47120, u1401 ," I'm gonna see if anybody's home. You and Mr. Willis take a look around the grounds for any sign of anything.,,,,,,,,,,,,,,,,,,,,,,,,,,,,,,,", u1401 ,m92,,
47121, u1401 ," Let's hit the road, sooner we get a move on sooner we'll find her."",,,,,,,,,,,,,,,,,,,,,,,,,,,,,,,", u1398 ,m92,,
47122, u1398 ," Don't worry, we'll find her."",,,,,,,,,,,,,,,,,,,,,,,,,,,,,,,", u1401 ,m92,,
47123, u1401 ," Anyway, there's not much else out that way... so, I figure maybe there's a chance the kids broke down and found their way over to one of the farms."",,,,,,,,,,,,,,,,,,,,,,,,,,,,,,,", u1398 ,m92,,
47124, u1398 ," Yeah it's horseshit, just some boogieman crap that the kids like to scare each other with."",,,,,,,,,,,,,,,,,,,,,,,,,,,,,,,", u1401 ,m92,,
47125, u1401 ," That must be him.,,,,,,,,,,,,,,,,,,,,,,,,,,,,,,,", u1398 ,m92,,
47126, u1398 ," I guess not.,,,,,,,,,,,,,,,,,,,,,,,,,,,,,,,", u1401 ,m92,,
47127, u1401 ," Yeah, well I guess it's tough to sit on the sidelines and wait when your own kid's missing... besides, ain't no such thing as an ex-cop."",,,,,,,,,,,,,,,,,,,,,,,,,,,,,,,", u1398 ,m92,,
47128, u1398 ," Sounds like a bad idea to me, probally just get in the way."",,,,,,,,,,,,,,,,,,,,,,,,,,,,,,,", u1401 ,m92,,
47129, u1401 ," Chief said pick him up and take him with us on our house to house. Guy's an ex-cop, thinks he can help."",,,,,,,,,,,,,,,,,,,,,,,,,,,,,,,", u1398 ,m92,,
47130, u1398 ," You sure this guy's supposed to ride with us? Seems kind of weird.,,,,,,,,,,,,,,,,,,,,,,,,,,,,,,,", u1401 ,m92,,
47131, u1401 ," Call the chief... We found 'em.,,,,,,,,,,,,,,,,,,,,,,,,,,,,,,,", u1398 ,m92,,
47132, u1398 ," Plates match.,,,,,,,,,,,,,,,,,,,,,,,,,,,,,,,", u1398 ,m92,,
47133, u1398 ," What.,,,,,,,,,,,,,,,,,,,,,,,,,,,,,,,", u1401 ,m92,,
47134, u1401 ," Aw, fuck."",,,,,,,,,,,,,,,,,,,,,,,,,,,,,,,", u1398 ,m92,,
47135, u1398 ," Hulk was dumb as shit.,,,,,,,,,,,,,,,,,,,,,,,,,,,,,,,", u1401 ,m92,,
47136, u1401 ," I always favored the Hulk.,,,,,,,,,,,,,,,,,,,,,,,,,,,,,,,", u1398 ,m92,,
47137, u1398 ," You know, his senses start tingling... when he was approaching danger and shit."",,,,,,,,,,,,,,,,,,,,,,,,,,,,,,,", u1401 ,m92,,
47138, u1401 ," How old do you think I am? I know who the fuck Spider-man is. Get to your point.,,,,,,,,,,,,,,,,,,,,,,,,,,,,,,,", u1398 ,m92,,
47139, u1398 ," You know, your hyper sensitive Spidey senses... like Spider-man...  ...you know, like in the comics."",,,,,,,,,,,,,,,,,,,,,,,,,,,,,,,", u1401 ,m92,,
47140, u1401 ," Yeah...  ...huh, what the hell are you talking about?"",,,,,,,,,,,,,,,,,,,,,,,,,,,,,,,", u1398 ,m92,,
47141, u1398 ," Your Spidey senses tingling.,,,,,,,,,,,,,,,,,,,,,,,,,,,,,,,", u1401 ,m92,,
47142, u1401 ," I hope you're right, but my guts are telling me different."",,,,,,,,,,,,,,,,,,,,,,,,,,,,,,,", u1398 ,m92,,
47143, u1398 ," Boss, the way I see it is these kids probally stop off somewhere, bought a bunch of booze and are off getting shitfaced."",,,,,,,,,,,,,,,,,,,,,,,,,,,,,,,", u1398 ,m92,,
47144, u1398 ," Right.,,,,,,,,,,,,,,,,,,,,,,,,,,,,,,,", u1401 ,m92,,
47145, u1401 ," Well, let's go see if the nut that runs this place can help us."",,,,,,,,,,,,,,,,,,,,,,,,,,,,,,,", u1398 ,m92,,
