,User_id,text,sec_user,movies_name,relationship,attachment
49432, u1461 ," As I said before, we'd be happy to escort you to Delhi."",,,,,,,,,,,,,,,,,,,,,,,,,,,,,,,", u1462 ,m99,,
49433, u1462 ," I'm sure that will please the Maharajah, Captain."",,,,,,,,,,,,,,,,,,,,,,,,,,,,,,,", u1461 ,m99,,
49434, u1461 ," Well, Mr. Prime Minister, my report will duly note that we found nothing unusual here in Pankot."",,,,,,,,,,,,,,,,,,,,,,,,,,,,,,,", u1461 ,m99,,
49435, u1461 ," Of course. The Thuggees were an obscenity that worshipped Kali with human sacrifices. The British Army wiped them out about the time of the Mutiny of 1857.,,,,,,,,,,,,,,,,,,,,,,,,,,,,,,,", u1462 ,m99,,
49436, u1462 ," Dr. Jones, you know very well that the Thuggee cult has been dead for nearly a century."",,,,,,,,,,,,,,,,,,,,,,,,,,,,,,,", u1462 ,m99,,
49437, u1462 ," The British worry so about their Empire -- it makes us feel like well- cared-for children.,,,,,,,,,,,,,,,,,,,,,,,,,,,,,,,", u1461 ,m99,,
49438, u1461 ," Just a routine inspection tour.,,,,,,,,,,,,,,,,,,,,,,,,,,,,,,,", u1462 ,m99,,
49439, u1462 ," Captain Blumburtt and his troops are here to check up on the """"natives""""."",,,,,,,,,,,,,,,,,,,,,,,,,,,,,,,", u1461 ,m99,,
49440, u1461 ," Did you discover anything in that tunnel, Dr. Jones?"",,,,,,,,,,,,,,,,,,,,,,,,,,,,,,,", u1463 ,m99,,
49441, u1463 ," Then she must have run out of the room and you found her.,,,,,,,,,,,,,,,,,,,,,,,,,,,,,,,", u1463 ,m99,,
49442, u1463 ," When she saw the insects she passed out cold. I carried her back to her room. She was sleeping when I re- entered the tunnel to look around.,,,,,,,,,,,,,,,,,,,,,,,,,,,,,,,", u1461 ,m99,,
49443, u1461 ," Miss Scott panicked?,,,,,,,,,,,,,,,,,,,,,,,,,,,,,,,", u1463 ,m99,,
49444, u1463 ," I've spent by life crawling around in caves and tunnels -- I shouldn't have let somebody like Willie go in there with me.,,,,,,,,,,,,,,,,,,,,,,,,,,,,,,,", u1463 ,m99,,
49445, u1463 ," Even if they were trying to scare us away, a devout Hindu would never touch meat.  Makes you wonder what these people are..."",,,,,,,,,,,,,,,,,,,,,,,,,,,,,,,", u1461 ,m99,,
49446, u1461 ," Rather bizarre menu, wouldn't you say?"",,,,,,,,,,,,,,,,,,,,,,,,,,,,,,,", u1463 ,m99,,
49447, u1463 ," Something magical. A sacred rock.,,,,,,,,,,,,,,,,,,,,,,,,,,,,,,,", u1461 ,m99,,
49448, u1461 ," I'm sure it's nothing. Just rumors.  What was it they claimed was stolen?,,,,,,,,,,,,,,,,,,,,,,,,,,,,,,,", u1461 ,m99,,
49449, u1461 ," No, he's a very shrewd old boy. Power behind the throne and all that. He actually runs this whole province."",,,,,,,,,,,,,,,,,,,,,,,,,,,,,,,", u1463 ,m99,,
49450, u1463 ," The Prime Minister doesn't seem that naive.,,,,,,,,,,,,,,,,,,,,,,,,,,,,,,,", u1461 ,m99,,
49451, u1461 ," This is a different situation, Dr. Jones. These people are like children. We have to lead them slowly into the twentieth century."",,,,,,,,,,,,,,,,,,,,,,,,,,,,,,,", u1463 ,m99,,
49452, u1463 ," You're hanging on better here than you did in America.,,,,,,,,,,,,,,,,,,,,,,,,,,,,,,,", u1461 ,m99,,
49453, u1461 ," Of course. Admittedly, it's taken time. Britain's controlled India for almost two hundred years now."",,,,,,,,,,,,,,,,,,,,,,,,,,,,,,,", u1463 ,m99,,
49454, u1463 ," You think so?,,,,,,,,,,,,,,,,,,,,,,,,,,,,,,,", u1461 ,m99,,
49455, u1461 ," Thank God all that mumbo jumbo rubbish is disappearing.,,,,,,,,,,,,,,,,,,,,,,,,,,,,,,,", u1463 ,m99,,
49456, u1463 ," It's like the voodoo dolls of West Africa. The kryta represents your enemy -- and gives you complete power over him.,,,,,,,,,,,,,,,,,,,,,,,,,,,,,,,", u1461 ,m99,,
49457, u1461 ," Charming.,,,,,,,,,,,,,,,,,,,,,,,,,,,,,,,", u1463 ,m99,,
49458, u1463 ," No. But I am interested in the occult. And this is a kryta.,,,,,,,,,,,,,,,,,,,,,,,,,,,,,,,", u1461 ,m99,,
49459, u1461 ," Interested in local curios?,,,,,,,,,,,,,,,,,,,,,,,,,,,,,,,", u1468 ,m99,,
49460, u1468 ," It's some kind of cult! And they've got the sacred stones that Indy was searching for.,,,,,,,,,,,,,,,,,,,,,,,,,,,,,,,", u1461 ,m99,,
49461, u1461 ," Who?,,,,,,,,,,,,,,,,,,,,,,,,,,,,,,,", u1468 ,m99,,
49462, u1468 ," We found a tunnel that leads to a temple below the palace! Please, come with me, I'll show you!"",,,,,,,,,,,,,,,,,,,,,,,,,,,,,,,", u1461 ,m99,,
49463, u1461 ," What?,,,,,,,,,,,,,,,,,,,,,,,,,,,,,,,", u1468 ,m99,,
49464, u1468 ," No -- you can't go! Something awful's happened. They've got Short Round and I think Indy's been --,,,,,,,,,,,,,,,,,,,,,,,,,,,,,,,", u1461 ,m99,,
49465, u1461 ," Jones isn't in his room. Miss Scott -- my troops are leaving at dawn if you want us to escort you to Delhi --,,,,,,,,,,,,,,,,,,,,,,,,,,,,,,,", u1468 ,m99,,
49466, u1468 ," Finally!,,,,,,,,,,,,,,,,,,,,,,,,,,,,,,,", u1461 ,m99,,
49467, u1461 ," I believe we're being called to dinner.,,,,,,,,,,,,,,,,,,,,,,,,,,,,,,,", u1468 ,m99,,
49468, u1468 ," What're you talking about -- I'm not a dope fiend! I saw it! I'll show you!,,,,,,,,,,,,,,,,,,,,,,,,,,,,,,,", u1462 ,m99,,
49469, u1462 ," I sense the fumes of opium in all this. Perhaps Miss Scott picked up the habit in Shanghai.,,,,,,,,,,,,,,,,,,,,,,,,,,,,,,,", u1468 ,m99,,
49470, u1468 ," I'm afraid they'll kill them! We saw horrible things down there -- they had a human sacrifice and they ripped a man's heart out!,,,,,,,,,,,,,,,,,,,,,,,,,,,,,,,", u1462 ,m99,,
49471, u1462 ," Miss Scott, you're not making any sense."",,,,,,,,,,,,,,,,,,,,,,,,,,,,,,,", u1468 ,m99,,
49472, u1468 ," No? Well, I guess he just hasn't met the right woman..."",,,,,,,,,,,,,,,,,,,,,,,,,,,,,,,", u1462 ,m99,,
49473, u1462 ," His Highness has not yet taken a wife.,,,,,,,,,,,,,,,,,,,,,,,,,,,,,,,", u1468 ,m99,,
49474, u1468 ," Listen, Mr. Lal, what do you call the Maharajah's wife?"",,,,,,,,,,,,,,,,,,,,,,,,,,,,,,,", u1468 ,m99,,
49475, u1468 ," Dinner? And with a prince?! My luck is changing. But look at me -- my god, I've to get ready!"",,,,,,,,,,,,,,,,,,,,,,,,,,,,,,,", u1462 ,m99,,
49476, u1462 ," They will escort you to your rooms now. You will be provided with fresh clothes. Tonight you will be dining with His Highness.,,,,,,,,,,,,,,,,,,,,,,,,,,,,,,,", u1468 ,m99,,
49477, u1468 ," Oh -- good. And maybe the present Maharajah is a little younger? And thinner?,,,,,,,,,,,,,,,,,,,,,,,,,,,,,,,", u1462 ,m99,,
49478, u1462 ," No, no, that is Uhmed Singh, the present Maharajah's late father."",,,,,,,,,,,,,,,,,,,,,,,,,,,,,,,", u1468 ,m99,,
49479, u1468 ," He's not exactly what we call """"a spring chicken""""."",,,,,,,,,,,,,,,,,,,,,,,,,,,,,,,", u1468 ,m99,,
49480, u1468 ," You should have been there...,,,,,,,,,,,,,,,,,,,,,,,,,,,,,,,", u1462 ,m99,,
49481, u1462 ," The plane crash and your journey here sound -- most incredible.,,,,,,,,,,,,,,,,,,,,,,,,,,,,,,,", u1462 ,m99,,
49482, u1462 ," I remember first hearing your name when I was studying at Oxford. I am Chattar Lal, Prime Minister for His Highness the Maharajah of Pankot."",,,,,,,,,,,,,,,,,,,,,,,,,,,,,,,", u1468 ,m99,,
49483, u1468 ," Hard to believe, isn't it...?"",,,,,,,,,,,,,,,,,,,,,,,,,,,,,,,", u1463 ,m99,,
49484, u1463 ," Kali Ma protects us now and for ever, and we must pledge our devotion by worshipping her with an offering of flesh and blood!"",,,,,,,,,,,,,,,,,,,,,,,,,,,,,,,", u1462 ,m99,,
49485, u1462 ," You understand what he tells us?,,,,,,,,,,,,,,,,,,,,,,,,,,,,,,,", u1463 ,m99,,
49486, u1463 ," Yes, I understand."",,,,,,,,,,,,,,,,,,,,,,,,,,,,,,,", u1462 ,m99,,
49487, u1462 ," Mola Ram is telling the faithful of out victory. He says the British have left the palace, which proves Kali Ma's new power."",,,,,,,,,,,,,,,,,,,,,,,,,,,,,,,", u1462 ,m99,,
49488, u1462 ," Exactly what we have here, Dr. Jones."",,,,,,,,,,,,,,,,,,,,,,,,,,,,,,,", u1463 ,m99,,
49489, u1463 ," That was a misunderstanding.,,,,,,,,,,,,,,,,,,,,,,,,,,,,,,,", u1462 ,m99,,
49490, u1462 ," And didn't the Sultan of Madagascar threaten to cut your head off if you ever returned to his country?,,,,,,,,,,,,,,,,,,,,,,,,,,,,,,,", u1463 ,m99,,
49491, u1463 ," The newspapers exaggerated the incident.,,,,,,,,,,,,,,,,,,,,,,,,,,,,,,,", u1462 ,m99,,
49492, u1462 ," Dr. Jones, we are all vulnerable to vicious rumors. I seem to remember that in Honduras you were accused of being a grave robber rather than a scientist."",,,,,,,,,,,,,,,,,,,,,,,,,,,,,,,", u1463 ,m99,,
49493, u1463 ," I was dubious myself at first. Then something connected -- the village's rock and the old legend of the Sankara Stones...,,,,,,,,,,,,,,,,,,,,,,,,,,,,,,,", u1462 ,m99,,
49494, u1462 ," I think that's enough of this nonsense, Dr. Jones..."",,,,,,,,,,,,,,,,,,,,,,,,,,,,,,,", u1463 ,m99,,
49495, u1463 ," When they lost this rock their fields and animals died. They also said their children were taken from them.,,,,,,,,,,,,,,,,,,,,,,,,,,,,,,,", u1462 ,m99,,
49496, u1462 ," There, you see, Captain. A rock!"",,,,,,,,,,,,,,,,,,,,,,,,,,,,,,,", u1463 ,m99,,
49497, u1463 ," Sorry, I thought we were just talking about folklore."",,,,,,,,,,,,,,,,,,,,,,,,,,,,,,,", u1462 ,m99,,
49498, u1462 ," Dr. Jones, in our country a guest does not usually insult his host."",,,,,,,,,,,,,,,,,,,,,,,,,,,,,,,", u1463 ,m99,,
49499, u1463 ," You know the villagers also claimed that this palace stole something from them.,,,,,,,,,,,,,,,,,,,,,,,,,,,,,,,", u1463 ,m99,,
49500, u1463 ," Maybe... but how do you explain The Thuggee shrine I saw right below the palace?,,,,,,,,,,,,,,,,,,,,,,,,,,,,,,,", u1462 ,m99,,
49501, u1462 ," Their stories are just fear and folklore.,,,,,,,,,,,,,,,,,,,,,,,,,,,,,,,", u1463 ,m99,,
49502, u1463 ," Well, I don't know... we came here from a small village and the peasants there told us that the Pankot Palace was growing powerful again -- because of some ancient evil."",,,,,,,,,,,,,,,,,,,,,,,,,,,,,,,", u1462 ,m99,,
49503, u1462 ," There are no stories anymore.,,,,,,,,,,,,,,,,,,,,,,,,,,,,,,,", u1463 ,m99,,
49504, u1463 ," I suppose stories of the Thuggees die hard.,,,,,,,,,,,,,,,,,,,,,,,,,,,,,,,", u1463 ,m99,,
49505, u1463 ," Yes, very fine. But not all of the pieces look old. Some were carved recently and look like images used by the Thuggees to worship the goddess Kali."",,,,,,,,,,,,,,,,,,,,,,,,,,,,,,,", u1462 ,m99,,
49506, u1462 ," A very fine collection of very old pieces, don't you think?"",,,,,,,,,,,,,,,,,,,,,,,,,,,,,,,", u1463 ,m99,,
49507, u1463 ," I had a question, Mr. Prime Minister. I was examining some of the Maharajah's artifacts."",,,,,,,,,,,,,,,,,,,,,,,,,,,,,,,", u1462 ,m99,,
49508, u1462 ," I am only his humble servant, but the Maharajah usually listens to my advice."",,,,,,,,,,,,,,,,,,,,,,,,,,,,,,,", u1463 ,m99,,
49509, u1463 ," We'd appreciate it if the Maharajah would let us stay tonight. We'll be on out way in the morning.,,,,,,,,,,,,,,,,,,,,,,,,,,,,,,,", u1462 ,m99,,
49510, u1462 ," Dr. Jones? The eminent archaeologist?,,,,,,,,,,,,,,,,,,,,,,,,,,,,,,,", u1463 ,m99,,
49511, u1463 ," Lost? No, we're not lost. We're on our way to Delhi. This is Miss Scott -- and Mr. Round. My name's Indiana Jones."",,,,,,,,,,,,,,,,,,,,,,,,,,,,,,,", u1462 ,m99,,
49512, u1462 ," I would say you look rather lost.  But then I cannot imagine where in the world the three of you would look at home...,,,,,,,,,,,,,,,,,,,,,,,,,,,,,,,", u1464 ,m99,,
49513, u1464 ," At last I have the ashes of my sacred ancestor!,,,,,,,,,,,,,,,,,,,,,,,,,,,,,,,", u1463 ,m99,,
49514, u1463 ," Now what about the antidote, Lao."",,,,,,,,,,,,,,,,,,,,,,,,,,,,,,,", u1464 ,m99,,
49515, u1464 ," A bonus, Dr. Jones. That is poison. You just drank the rest of it."",,,,,,,,,,,,,,,,,,,,,,,,,,,,,,,", u1463 ,m99,,
49516, u1463 ," What's that?,,,,,,,,,,,,,,,,,,,,,,,,,,,,,,,", u1464 ,m99,,
49517, u1464 ," Dr. Jones -- I want Nurhachi.,,,,,,,,,,,,,,,,,,,,,,,,,,,,,,,", u1463 ,m99,,
49518, u1463 ," Next time I'll cut off more than his finger.,,,,,,,,,,,,,,,,,,,,,,,,,,,,,,,", u1464 ,m99,,
49519, u1464 ," You have insulted my son.,,,,,,,,,,,,,,,,,,,,,,,,,,,,,,,", u1463 ,m99,,
49520, u1463 ," Sure, I found him. Then last night I had a little trouble. Somebody tried to slit my throat."",,,,,,,,,,,,,,,,,,,,,,,,,,,,,,,", u1464 ,m99,,
49521, u1464 ," So, it is true, Dr. Jones? You found Nurhachi?"",,,,,,,,,,,,,,,,,,,,,,,,,,,,,,,", u1463 ,m99,,
49522, u1463 ," I don't like to show off.,,,,,,,,,,,,,,,,,,,,,,,,,,,,,,,", u1464 ,m99,,
49523, u1464 ," You never told me you spoke my language, Dr. Jones."",,,,,,,,,,,,,,,,,,,,,,,,,,,,,,,", u1464 ,m99,,
49524, u1464 ," Nee chin lie how ma?,,,,,,,,,,,,,,,,,,,,,,,,,,,,,,,", u1463 ,m99,,
49525, u1463 ," Lao She.,,,,,,,,,,,,,,,,,,,,,,,,,,,,,,,", u1464 ,m99,,
49526, u1464 ," Dr. Jones.,,,,,,,,,,,,,,,,,,,,,,,,,,,,,,,", u1467 ,m99,,
49527, u1467 ," What?,,,,,,,,,,,,,,,,,,,,,,,,,,,,,,,", u1463 ,m99,,
49528, u1463 ," Let up on the brake!,,,,,,,,,,,,,,,,,,,,,,,,,,,,,,,", u1467 ,m99,,
49529, u1467 ," Read you loud and clear, Indy!"",,,,,,,,,,,,,,,,,,,,,,,,,,,,,,,", u1463 ,m99,,
49530, u1463 ," Slow on the curves or we'll fly off the tracks!,,,,,,,,,,,,,,,,,,,,,,,,,,,,,,,", u1467 ,m99,,
49531, u1467 ," Behind you!,,,,,,,,,,,,,,,,,,,,,,,,,,,,,,,", u1463 ,m99,,
49532, u1463 ," Come one, what's wrong?"",,,,,,,,,,,,,,,,,,,,,,,,,,,,,,,", u1463 ,m99,,
49533, u1463 ," Why?,,,,,,,,,,,,,,,,,,,,,,,,,,,,,,,", u1467 ,m99,,
49534, u1467 ," This is Nainsukh -- from the village. They bring him here to dig in the mines.,,,,,,,,,,,,,,,,,,,,,,,,,,,,,,,", u1463 ,m99,,
49535, u1463 ," Legend says that when the stones are brought together the diamonds inside of them will glow.,,,,,,,,,,,,,,,,,,,,,,,,,,,,,,,", u1467 ,m99,,
49536, u1467 ," Why they glow like that?,,,,,,,,,,,,,,,,,,,,,,,,,,,,,,,", u1463 ,m99,,
49537, u1463 ," The village knew their rock was magic -- but they didn't know it was one of the lost Sankara Stones...,,,,,,,,,,,,,,,,,,,,,,,,,,,,,,,", u1463 ,m99,,
49538, u1463 ," """"Follow in the footsteps of Shiva. Do not betray his truth."""""",,,,,,,,,,,,,,,,,,,,,,,,,,,,,,,", u1467 ,m99,,
49539, u1467 ," What does it mean, Indy?"",,,,,,,,,,,,,,,,,,,,,,,,,,,,,,,", u1463 ,m99,,
49540, u1463 ," Okay, Shorty... see you in the morning... I'm going to have a little -- word with Willie."",,,,,,,,,,,,,,,,,,,,,,,,,,,,,,,", u1467 ,m99,,
49541, u1467 ," Get to sleep Indy -- I stay up and keep eye on things...,,,,,,,,,,,,,,,,,,,,,,,,,,,,,,,", u1467 ,m99,,
49542, u1467 ," Yeah, that's what happened..."",,,,,,,,,,,,,,,,,,,,,,,,,,,,,,,", u1463 ,m99,,
49543, u1463 ," He was afraid of you. He knows a tough guy when he sees one.,,,,,,,,,,,,,,,,,,,,,,,,,,,,,,,", u1467 ,m99,,
49544, u1467 ," Indy, they glow like fire and get real crazy! Then he talk in this real scary voice!"",,,,,,,,,,,,,,,,,,,,,,,,,,,,,,,", u1463 ,m99,,
49545, u1463 ," No.,,,,,,,,,,,,,,,,,,,,,,,,,,,,,,,", u1467 ,m99,,
49546, u1467 ," Next time I flatten him! Did you see his eyes?,,,,,,,,,,,,,,,,,,,,,,,,,,,,,,,", u1463 ,m99,,
49547, u1463 ," You don't like him do you?,,,,,,,,,,,,,,,,,,,,,,,,,,,,,,,", u1467 ,m99,,
49548, u1467 ," That little Maharajah think he big stuff.,,,,,,,,,,,,,,,,,,,,,,,,,,,,,,,", u1463 ,m99,,
49549, u1463 ," Just a statue.,,,,,,,,,,,,,,,,,,,,,,,,,,,,,,,", u1467 ,m99,,
49550, u1467 ," What you look at, Indy?"",,,,,,,,,,,,,,,,,,,,,,,,,,,,,,,", u1463 ,m99,,
49551, u1463 ," That's it. Pankot Palace.,,,,,,,,,,,,,,,,,,,,,,,,,,,,,,,", u1467 ,m99,,
49552, u1467 ," Indy, look!"",,,,,,,,,,,,,,,,,,,,,,,,,,,,,,,", u1463 ,m99,,
49553, u1463 ," Nope, you got a little surprise over there, Shorty."",,,,,,,,,,,,,,,,,,,,,,,,,,,,,,,", u1467 ,m99,,
49554, u1467 ," I ride with you, Indy?"",,,,,,,,,,,,,,,,,,,,,,,,,,,,,,,", u1463 ,m99,,
49555, u1463 ," It's just superstition, Shorty. Like a ghost story."",,,,,,,,,,,,,,,,,,,,,,,,,,,,,,,", u1467 ,m99,,
49556, u1467 ," Indy, they make our plane crash? To get you here?"",,,,,,,,,,,,,,,,,,,,,,,,,,,,,,,", u1463 ,m99,,
49557, u1463 ," Okay, Shorty."",,,,,,,,,,,,,,,,,,,,,,,,,,,,,,,", u1467 ,m99,,
49558, u1467 ," Indy?,,,,,,,,,,,,,,,,,,,,,,,,,,,,,,,", u1467 ,m99,,
49559, u1467 ," Sure, Indy -- three tickets! You, me and Wu Han --"",,,,,,,,,,,,,,,,,,,,,,,,,,,,,,,", u1463 ,m99,,
49560, u1463 ," You got the tickets, Short Round?"",,,,,,,,,,,,,,,,,,,,,,,,,,,,,,,", u1467 ,m99,,
49561, u1467 ," Okey-doke, Indy! Hold onto your potatoes!"",,,,,,,,,,,,,,,,,,,,,,,,,,,,,,,", u1463 ,m99,,
49562, u1463 ," Step on it, Short Round!"",,,,,,,,,,,,,,,,,,,,,,,,,,,,,,,", u1467 ,m99,,
49563, u1467 ," Wow! Holy smoke! Crash landing!,,,,,,,,,,,,,,,,,,,,,,,,,,,,,,,", u1463 ,m99,,
49564, u1463 ," You're betrayed Shiva. ,,,,,,,,,,,,,,,,,,,,,,,,,,,,,,,", u1465 ,m99,,
49565, u1465 ," No, the stones are mine!"",,,,,,,,,,,,,,,,,,,,,,,,,,,,,,,", u1463 ,m99,,
49566, u1463 ," Mola Ram -- you're about to meet Kali -- in Hell!,,,,,,,,,,,,,,,,,,,,,,,,,,,,,,,", u1465 ,m99,,
49567, u1465 ," Give me the stones!,,,,,,,,,,,,,,,,,,,,,,,,,,,,,,,", u1465 ,m99,,
49568, u1465 ," You are in no position to give orders, Dr. Jones."",,,,,,,,,,,,,,,,,,,,,,,,,,,,,,,", u1463 ,m99,,
49569, u1463 ," That's far enough!,,,,,,,,,,,,,,,,,,,,,,,,,,,,,,,", u1465 ,m99,,
49570, u1465 ," You do not believe me? You will, Dr. Jones. You will become a true believer."",,,,,,,,,,,,,,,,,,,,,,,,,,,,,,,", u1463 ,m99,,
49571, u1463 ," Nobody can say you don't have a vivid imagination.,,,,,,,,,,,,,,,,,,,,,,,,,,,,,,,", u1465 ,m99,,
49572, u1465 ," They dig for the gems to support our cause. They also search for the last two stones. Soon we will have all five Sankara Stones and the Thuggees will be all powerful!,,,,,,,,,,,,,,,,,,,,,,,,,,,,,,,", u1463 ,m99,,
49573, u1463 ," That's what you've got these children -- these slaves digging for?,,,,,,,,,,,,,,,,,,,,,,,,,,,,,,,", u1465 ,m99,,
49574, u1465 ," No. They are here -- somewhere. A century ago when the British raided this temple and butchered my people, a loyal priest hid the last two stones down here in the catacombs."",,,,,,,,,,,,,,,,,,,,,,,,,,,,,,,", u1463 ,m99,,
49575, u1463 ," Two are still missing.,,,,,,,,,,,,,,,,,,,,,,,,,,,,,,,", u1465 ,m99,,
49576, u1465 ," There were five stones in the beginning. Over the centuries they were dispersed by wars, sold off by thieves like you..."",,,,,,,,,,,,,,,,,,,,,,,,,,,,,,,", u1463 ,m99,,
49577, u1463 ," Nobody's perfect. The way I heard it, you stole one of them from a small village."",,,,,,,,,,,,,,,,,,,,,,,,,,,,,,,", u1465 ,m99,,
49578, u1465 ," You were caught trying to steal the Sankara Stones.,,,,,,,,,,,,,,,,,,,,,,,,,,,,,,,", u1463 ,m99,,
49579, u1463 ," I'm sorry, I don't know how I can help you here."",,,,,,,,,,,,,,,,,,,,,,,,,,,,,,,", u1466 ,m99,,
49580, u1466 ," You will find them when you find sivlalinga.,,,,,,,,,,,,,,,,,,,,,,,,,,,,,,,", u1466 ,m99,,
49581, u1466 ," They say we must pray to their evil god. We say we will not.,,,,,,,,,,,,,,,,,,,,,,,,,,,,,,,", u1463 ,m99,,
49582, u1463 ," But why would the Maharajah take this sacred stone?,,,,,,,,,,,,,,,,,,,,,,,,,,,,,,,", u1463 ,m99,,
49583, u1463 ," And it had three lines painted across it?  The lines represent the three levels of the universe. I've seen stones like the one you lost.,,,,,,,,,,,,,,,,,,,,,,,,,,,,,,,", u1466 ,m99,,
49584, u1466 ," Long ago -- before my father's father.,,,,,,,,,,,,,,,,,,,,,,,,,,,,,,,", u1463 ,m99,,
49585, u1463 ," Was the stone very smooth?  It was probably brought here from a sacred river.,,,,,,,,,,,,,,,,,,,,,,,,,,,,,,,", u1466 ,m99,,
49586, u1466 ," No. We pray to Krishna to help us find the stone. It was Krishna who made you fall from sky -- so you can got to Pankot Palace. To find sivalinga -- and bring back to us.,,,,,,,,,,,,,,,,,,,,,,,,,,,,,,,", u1463 ,m99,,
49587, u1463 ," Nobody brought us here. Our plane crashed. We were shot down by --,,,,,,,,,,,,,,,,,,,,,,,,,,,,,,,", u1466 ,m99,,
49588, u1466 ," It is why Krishna brought you here.,,,,,,,,,,,,,,,,,,,,,,,,,,,,,,,", u1466 ,m99,,
49589, u1466 ," They came from Palace and took sivalinga from out village.,,,,,,,,,,,,,,,,,,,,,,,,,,,,,,,", u1463 ,m99,,
49590, u1463 ," What evil?,,,,,,,,,,,,,,,,,,,,,,,,,,,,,,,", u1466 ,m99,,
49591, u1466 ," The evil starts in Pankot. Then like monsoon, it moves darkness over all country."",,,,,,,,,,,,,,,,,,,,,,,,,,,,,,,", u1463 ,m99,,
49592, u1463 ," I don't understand. What's happened here?,,,,,,,,,,,,,,,,,,,,,,,,,,,,,,,", u1466 ,m99,,
49593, u1466 ," It is Pankot Palace that kills my village.,,,,,,,,,,,,,,,,,,,,,,,,,,,,,,,", u1466 ,m99,,
49594, u1466 ," No. Now there is new Maharajah -- and palace is powerful again.,,,,,,,,,,,,,,,,,,,,,,,,,,,,,,,", u1463 ,m99,,
49595, u1463 ," Hasn't the Pankot palace been deserted since the Mutiny of 1857?,,,,,,,,,,,,,,,,,,,,,,,,,,,,,,,", u1466 ,m99,,
49596, u1466 ," You will go to palace there.,,,,,,,,,,,,,,,,,,,,,,,,,,,,,,,", u1463 ,m99,,
49597, u1463 ," Pankot isn't on the way to Delhi.,,,,,,,,,,,,,,,,,,,,,,,,,,,,,,,", u1466 ,m99,,
49598, u1466 ," On the way to Delhi, you will stop at Pankot."",,,,,,,,,,,,,,,,,,,,,,,,,,,,,,,", u1463 ,m99,,
49599, u1463 ," It's still a long way to Delhi. Who knows what might happen.,,,,,,,,,,,,,,,,,,,,,,,,,,,,,,,", u1468 ,m99,,
49600, u1468 ," You didn't do so well yourself. Finding that stone could've gotten you all the fortune and glory you were talking about.,,,,,,,,,,,,,,,,,,,,,,,,,,,,,,,", u1463 ,m99,,
49601, u1463 ," Well, you didn't get your prince, and there goes your diamond."",,,,,,,,,,,,,,,,,,,,,,,,,,,,,,,", u1468 ,m99,,
49602, u1468 ," And they don't even know what it really is.,,,,,,,,,,,,,,,,,,,,,,,,,,,,,,,", u1463 ,m99,,
49603, u1463 ," The last Sankara Stone.,,,,,,,,,,,,,,,,,,,,,,,,,,,,,,,", u1463 ,m99,,
49604, u1463 ," Not quite.,,,,,,,,,,,,,,,,,,,,,,,,,,,,,,,", u1468 ,m99,,
49605, u1468 ," I guess Mola Ram got what he wanted.,,,,,,,,,,,,,,,,,,,,,,,,,,,,,,,", u1463 ,m99,,
49606, u1463 ," Yeah -- this time you're gonna help!,,,,,,,,,,,,,,,,,,,,,,,,,,,,,,,", u1468 ,m99,,
49607, u1468 ," Anymore ideas...?,,,,,,,,,,,,,,,,,,,,,,,,,,,,,,,", u1468 ,m99,,
49608, u1468 ," What above the curves?!,,,,,,,,,,,,,,,,,,,,,,,,,,,,,,,", u1463 ,m99,,
49609, u1463 ," Let her go! Our only chance is outrunning them!,,,,,,,,,,,,,,,,,,,,,,,,,,,,,,,", u1463 ,m99,,
49610, u1463 ," Go!,,,,,,,,,,,,,,,,,,,,,,,,,,,,,,,", u1468 ,m99,,
49611, u1468 ," I can't!,,,,,,,,,,,,,,,,,,,,,,,,,,,,,,,", u1463 ,m99,,
49612, u1463 ," There's got to be another way out.,,,,,,,,,,,,,,,,,,,,,,,,,,,,,,,", u1468 ,m99,,
49613, u1468 ," What're we going to do?!,,,,,,,,,,,,,,,,,,,,,,,,,,,,,,,", u1468 ,m99,,
49614, u1468 ," You know you've been nothing but trouble since I hooked up with you -- but I have to admit I'd miss you if I lost you...,,,,,,,,,,,,,,,,,,,,,,,,,,,,,,,", u1463 ,m99,,
49615, u1463 ," No... they won't kill me.,,,,,,,,,,,,,,,,,,,,,,,,,,,,,,,", u1468 ,m99,,
49616, u1468 ," I was scared to death last night when I thought they were going to kill you.,,,,,,,,,,,,,,,,,,,,,,,,,,,,,,,", u1463 ,m99,,
49617, u1463 ," Yes, they believe you."",,,,,,,,,,,,,,,,,,,,,,,,,,,,,,,", u1468 ,m99,,
49618, u1468 ," So now they believe me.,,,,,,,,,,,,,,,,,,,,,,,,,,,,,,,", u1463 ,m99,,
49619, u1463 ," Yes.,,,,,,,,,,,,,,,,,,,,,,,,,,,,,,,", u1468 ,m99,,
49620, u1468 ," Indy? Did you talk to them?,,,,,,,,,,,,,,,,,,,,,,,,,,,,,,,", u1463 ,m99,,
49621, u1463 ," I don't blame you... this hasn't been what you'd call a fun vacation...,,,,,,,,,,,,,,,,,,,,,,,,,,,,,,,", u1468 ,m99,,
49622, u1468 ," I want to go home...,,,,,,,,,,,,,,,,,,,,,,,,,,,,,,,", u1463 ,m99,,
49623, u1463 ," You've got to go to sleep now.,,,,,,,,,,,,,,,,,,,,,,,,,,,,,,,", u1468 ,m99,,
49624, u1468 ," What?,,,,,,,,,,,,,,,,,,,,,,,,,,,,,,,", u1468 ,m99,,
49625, u1468 ," They think I'm insane. Tell them I'm not, Indy. Please -- help me ..."",,,,,,,,,,,,,,,,,,,,,,,,,,,,,,,", u1463 ,m99,,
49626, u1463 ," It's okay. You're all right now.,,,,,,,,,,,,,,,,,,,,,,,,,,,,,,,", u1463 ,m99,,
49627, u1463 ," Maybe... someday.  Not today.,,,,,,,,,,,,,,,,,,,,,,,,,,,,,,,", u1468 ,m99,,
49628, u1468 ," You're gonna get killed chasing after your damn fortune and glory!,,,,,,,,,,,,,,,,,,,,,,,,,,,,,,,", u1463 ,m99,,
49629, u1463 ," I'm not leaving without those stones.,,,,,,,,,,,,,,,,,,,,,,,,,,,,,,,", u1468 ,m99,,
49630, u1468 ," Down? Down there?! Are you crazy!,,,,,,,,,,,,,,,,,,,,,,,,,,,,,,,", u1463 ,m99,,
49631, u1463 ," I'm going down.,,,,,,,,,,,,,,,,,,,,,,,,,,,,,,,", u1468 ,m99,,
49632, u1468 ," Wait -- what're you doing?,,,,,,,,,,,,,,,,,,,,,,,,,,,,,,,", u1463 ,m99,,
49633, u1463 ," Quiet!,,,,,,,,,,,,,,,,,,,,,,,,,,,,,,,", u1468 ,m99,,
49634, u1468 ," Let's go! Let's get out of here!,,,,,,,,,,,,,,,,,,,,,,,,,,,,,,,", u1463 ,m99,,
49635, u1463 ," No... the heart's still beating!,,,,,,,,,,,,,,,,,,,,,,,,,,,,,,,", u1468 ,m99,,
49636, u1468 ," Oh my God! He ripped out his -- he killed him!,,,,,,,,,,,,,,,,,,,,,,,,,,,,,,,", u1463 ,m99,,
49637, u1463 ," It's a Thuggee ceremony. They're worshipping Kali, the goddess of Death and Destruction."",,,,,,,,,,,,,,,,,,,,,,,,,,,,,,,", u1468 ,m99,,
49638, u1468 ," What is it...?,,,,,,,,,,,,,,,,,,,,,,,,,,,,,,,", u1463 ,m99,,
49639, u1463 ," Willie!,,,,,,,,,,,,,,,,,,,,,,,,,,,,,,,", u1468 ,m99,,
49640, u1468 ," Oh God, it's soft -- it's moving!"",,,,,,,,,,,,,,,,,,,,,,,,,,,,,,,", u1468 ,m99,,
49641, u1468 ," I am -- it looks horrible!,,,,,,,,,,,,,,,,,,,,,,,,,,,,,,,", u1463 ,m99,,
49642, u1463 ," That's it -- the release lever -- look inside!,,,,,,,,,,,,,,,,,,,,,,,,,,,,,,,", u1468 ,m99,,
49643, u1468 ," There's a hole! I found a square hole!,,,,,,,,,,,,,,,,,,,,,,,,,,,,,,,", u1468 ,m99,,
49644, u1468 ," I can't find any lever! Help me Indy!,,,,,,,,,,,,,,,,,,,,,,,,,,,,,,,", u1463 ,m99,,
49645, u1463 ," A fulcrum release lever!,,,,,,,,,,,,,,,,,,,,,,,,,,,,,,,", u1468 ,m99,,
49646, u1468 ," A what?!,,,,,,,,,,,,,,,,,,,,,,,,,,,,,,,", u1463 ,m99,,
49647, u1463 ," GET US OUT! Willie, shut up and listen! There's got to be a fulcrum release! Look around!"",,,,,,,,,,,,,,,,,,,,,,,,,,,,,,,", u1463 ,m99,,
49648, u1463 ," Willie, open the door! GET US OUT OF HERE!"",,,,,,,,,,,,,,,,,,,,,,,,,,,,,,,", u1468 ,m99,,
49649, u1468 ," There's bugs! Bugs all over! Help! Help me!,,,,,,,,,,,,,,,,,,,,,,,,,,,,,,,", u1468 ,m99,,
49650, u1468 ," I'm coming, what's the rush?! Ohh! What's that?! There's stuff all over the floor! I can't see a thing!"",,,,,,,,,,,,,,,,,,,,,,,,,,,,,,,", u1463 ,m99,,
49651, u1463 ," WILLIE?!,,,,,,,,,,,,,,,,,,,,,,,,,,,,,,,", u1463 ,m99,,
49652, u1463 ," Willie, come here! Hurry up, we're in trouble!!"",,,,,,,,,,,,,,,,,,,,,,,,,,,,,,,", u1468 ,m99,,
49653, u1468 ," What?!,,,,,,,,,,,,,,,,,,,,,,,,,,,,,,,", u1468 ,m99,,
49654, u1468 ," Please -- oh please, I'm going to die! Get it off!"",,,,,,,,,,,,,,,,,,,,,,,,,,,,,,,", u1463 ,m99,,
49655, u1463 ," You know, Willie, I'll bet he's mad because they were eating his friends for dinner."",,,,,,,,,,,,,,,,,,,,,,,,,,,,,,,", u1468 ,m99,,
49656, u1468 ," Oh no -- oh no!!,,,,,,,,,,,,,,,,,,,,,,,,,,,,,,,", u1463 ,m99,,
49657, u1463 ," Gee, I wouldn't want to touch an ugly critter like that!"",,,,,,,,,,,,,,,,,,,,,,,,,,,,,,,", u1468 ,m99,,
49658, u1468 ," Get -- the -- bug -- off!,,,,,,,,,,,,,,,,,,,,,,,,,,,,,,,", u1463 ,m99,,
49659, u1463 ," What -- the bug?,,,,,,,,,,,,,,,,,,,,,,,,,,,,,,,", u1468 ,m99,,
49660, u1468 ," No -- don't you see -- crawling --,,,,,,,,,,,,,,,,,,,,,,,,,,,,,,,", u1463 ,m99,,
49661, u1463 ," You're dreaming, Willie. You want to make it real, just knock on my door."",,,,,,,,,,,,,,,,,,,,,,,,,,,,,,,", u1468 ,m99,,
49662, u1468 ," Five minutes... you'll be back over here in five minutes...,,,,,,,,,,,,,,,,,,,,,,,,,,,,,,,", u1468 ,m99,,
49663, u1468 ," Dr. Jones?,,,,,,,,,,,,,,,,,,,,,,,,,,,,,,,", u1463 ,m99,,
49664, u1463 ," Don't catch cold.,,,,,,,,,,,,,,,,,,,,,,,,,,,,,,,", u1468 ,m99,,
49665, u1468 ," We'll see who gives in first -- I'll leave my door open.,,,,,,,,,,,,,,,,,,,,,,,,,,,,,,,", u1463 ,m99,,
49666, u1463 ," I think you're too used to getting you own way, Willie..."",,,,,,,,,,,,,,,,,,,,,,,,,,,,,,,", u1468 ,m99,,
49667, u1468 ," Too proud to admit you're crazy about me, Dr. Jones?"",,,,,,,,,,,,,,,,,,,,,,,,,,,,,,,", u1463 ,m99,,
49668, u1463 ," You want me so bad, why don't you invite me?"",,,,,,,,,,,,,,,,,,,,,,,,,,,,,,,", u1468 ,m99,,
49669, u1468 ," You're dying to come into my room, aren't you?"",,,,,,,,,,,,,,,,,,,,,,,,,,,,,,,", u1463 ,m99,,
49670, u1463 ," You're talking to an authority in that area.,,,,,,,,,,,,,,,,,,,,,,,,,,,,,,,", u1468 ,m99,,
49671, u1468 ," Primitive sexual practices?,,,,,,,,,,,,,,,,,,,,,,,,,,,,,,,", u1463 ,m99,,
49672, u1463 ," I'm a scientist. I like doing research on certain """"nocturnal activities"""" --"",,,,,,,,,,,,,,,,,,,,,,,,,,,,,,,", u1468 ,m99,,
49673, u1468 ," Yeah -- and nothing else.  That shock you?,,,,,,,,,,,,,,,,,,,,,,,,,,,,,,,", u1463 ,m99,,
49674, u1463 ," Wearing your jewels to bed, princess?"",,,,,,,,,,,,,,,,,,,,,,,,,,,,,,,", u1468 ,m99,,
49675, u1468 ," You're nice. Listen, I'm taking applications -- how'd you like to be my palace slave?"",,,,,,,,,,,,,,,,,,,,,,,,,,,,,,,", u1463 ,m99,,
49676, u1463 ," No -- real food.,,,,,,,,,,,,,,,,,,,,,,,,,,,,,,,", u1468 ,m99,,
49677, u1468 ," Not leftovers?,,,,,,,,,,,,,,,,,,,,,,,,,,,,,,,", u1468 ,m99,,
49678, u1468 ," I've never been so hungry in my life...,,,,,,,,,,,,,,,,,,,,,,,,,,,,,,,", u1463 ,m99,,
49679, u1463 ," Cheer up, you lost your prince, but dinner's on the way."",,,,,,,,,,,,,,,,,,,,,,,,,,,,,,,", u1463 ,m99,,
49680, u1463 ," Maybe he likes older women.,,,,,,,,,,,,,,,,,,,,,,,,,,,,,,,", u1468 ,m99,,
49681, u1468 ," That's the Maharajah -- that kid?!,,,,,,,,,,,,,,,,,,,,,,,,,,,,,,,", u1468 ,m99,,
49682, u1468 ," She might get away with that act here, but she'd never make it in a real nightclub."",,,,,,,,,,,,,,,,,,,,,,,,,,,,,,,", u1463 ,m99,,
49683, u1463 ," I've always had a weakness for folk dancing.,,,,,,,,,,,,,,,,,,,,,,,,,,,,,,,", u1468 ,m99,,
49684, u1468 ," Yeah, I wish you'd thought of this sooner..."",,,,,,,,,,,,,,,,,,,,,,,,,,,,,,,", u1463 ,m99,,
49685, u1463 ," Any more complaints?,,,,,,,,,,,,,,,,,,,,,,,,,,,,,,,", u1468 ,m99,,
49686, u1468 ," You mean we have to walk the rest of the way?,,,,,,,,,,,,,,,,,,,,,,,,,,,,,,,", u1463 ,m99,,
49687, u1463 ," He said he couldn't take us any farther. He has to go sell the elephants.,,,,,,,,,,,,,,,,,,,,,,,,,,,,,,,", u1468 ,m99,,
49688, u1468 ," He's afraid of something.,,,,,,,,,,,,,,,,,,,,,,,,,,,,,,,", u1468 ,m99,,
49689, u1468 ," Just try and control yourself.,,,,,,,,,,,,,,,,,,,,,,,,,,,,,,,", u1463 ,m99,,
49690, u1463 ," Couldn't keep away, huh?"",,,,,,,,,,,,,,,,,,,,,,,,,,,,,,,", u1468 ,m99,,
49691, u1468 ," I'd be safer sleeping with that snake.,,,,,,,,,,,,,,,,,,,,,,,,,,,,,,,", u1463 ,m99,,
49692, u1463 ," I think you should sleep closer.  I meant for safety.,,,,,,,,,,,,,,,,,,,,,,,,,,,,,,,", u1468 ,m99,,
49693, u1468 ," You mean magical like the rock that was stolen from that village?,,,,,,,,,,,,,,,,,,,,,,,,,,,,,,,", u1463 ,m99,,
49694, u1463 ," Legend says he told Sankara to go forth and combat evil. To do that he gave him five sacred stones that had magical powers.,,,,,,,,,,,,,,,,,,,,,,,,,,,,,,,", u1468 ,m99,,
49695, u1468 ," That's Shiva? What's he giving the Priest?,,,,,,,,,,,,,,,,,,,,,,,,,,,,,,,", u1463 ,m99,,
49696, u1463 ," It's Sanskrit. It tells the story of Sankara climbing Mt. Kalisa where he met the Hindu god Shiva.,,,,,,,,,,,,,,,,,,,,,,,,,,,,,,,", u1468 ,m99,,
49697, u1468 ," What does the writing say?,,,,,,,,,,,,,,,,,,,,,,,,,,,,,,,", u1463 ,m99,,
49698, u1463 ," The drawing shows a priest named Sankara who lived centuries ago.,,,,,,,,,,,,,,,,,,,,,,,,,,,,,,,", u1463 ,m99,,
49699, u1463 ," Maybe...,,,,,,,,,,,,,,,,,,,,,,,,,,,,,,,", u1468 ,m99,,
49700, u1468 ," Is that what you're hoping to find at this palace, Dr. Jones?"",,,,,,,,,,,,,,,,,,,,,,,,,,,,,,,", u1463 ,m99,,
49701, u1463 ," Yeah, but he's got to be dead and buried for a couple of thousand years.  Fortune and glory..."",,,,,,,,,,,,,,,,,,,,,,,,,,,,,,,", u1468 ,m99,,
49702, u1468 ," Oh really?,,,,,,,,,,,,,,,,,,,,,,,,,,,,,,,", u1463 ,m99,,
49703, u1463 ," I'd like to find one of those myself.,,,,,,,,,,,,,,,,,,,,,,,,,,,,,,,", u1468 ,m99,,
49704, u1468 ," Oh, that's easy -- I'm going to latch onto a good-looking, incredibly rich prince."",,,,,,,,,,,,,,,,,,,,,,,,,,,,,,,", u1463 ,m99,,
49705, u1463 ," What about the future?,,,,,,,,,,,,,,,,,,,,,,,,,,,,,,,", u1468 ,m99,,
49706, u1468 ," Well, when my nightclub career was run over by the Depression, some pinhead convinced me that """"a girl could go places in the Orient..."""" So, look where I got."",,,,,,,,,,,,,,,,,,,,,,,,,,,,,,,", u1463 ,m99,,
49707, u1463 ," By the way, how'd you end up in Shanghai?"",,,,,,,,,,,,,,,,,,,,,,,,,,,,,,,", u1468 ,m99,,
49708, u1468 ," He'll be okay. He's a good kid.,,,,,,,,,,,,,,,,,,,,,,,,,,,,,,,", u1463 ,m99,,
49709, u1463 ," Shorty's family was killed when they bombed Shanghai. He was living on the streets.,,,,,,,,,,,,,,,,,,,,,,,,,,,,,,,", u1463 ,m99,,
49710, u1463 ," I met Short Round when he tried to pick my pocket.,,,,,,,,,,,,,,,,,,,,,,,,,,,,,,,", u1468 ,m99,,
49711, u1468 ," Where'd you find your little bodyguard?,,,,,,,,,,,,,,,,,,,,,,,,,,,,,,,", u1463 ,m99,,
49712, u1463 ," I know the feeling...,,,,,,,,,,,,,,,,,,,,,,,,,,,,,,,", u1468 ,m99,,
49713, u1468 ," Thanks for nothing! I hate snakes!,,,,,,,,,,,,,,,,,,,,,,,,,,,,,,,", u1463 ,m99,,
49714, u1463 ," That's good -- you're doing fine.,,,,,,,,,,,,,,,,,,,,,,,,,,,,,,,", u1468 ,m99,,
49715, u1468 ," It's starting to let go!,,,,,,,,,,,,,,,,,,,,,,,,,,,,,,,", u1463 ,m99,,
49716, u1463 ," What's happening?,,,,,,,,,,,,,,,,,,,,,,,,,,,,,,,", u1463 ,m99,,
49717, u1463 ," Keep stroking it!,,,,,,,,,,,,,,,,,,,,,,,,,,,,,,,", u1468 ,m99,,
49718, u1468 ," Oh -- my -- god -- it's going to crush me!,,,,,,,,,,,,,,,,,,,,,,,,,,,,,,,", u1463 ,m99,,
49719, u1463 ," Pet it on the head! Go on, pet it!"",,,,,,,,,,,,,,,,,,,,,,,,,,,,,,,", u1468 ,m99,,
49720, u1468 ," THE WHAT?!,,,,,,,,,,,,,,,,,,,,,,,,,,,,,,,", u1463 ,m99,,
49721, u1463 ," Yes, stroke it right along the maxillary and precaudal vertebrae."",,,,,,,,,,,,,,,,,,,,,,,,,,,,,,,", u1468 ,m99,,
49722, u1468 ," PET IT??!!,,,,,,,,,,,,,,,,,,,,,,,,,,,,,,,", u1463 ,m99,,
49723, u1463 ," Okay, I want you to lift your hand -- and pet the snake."",,,,,,,,,,,,,,,,,,,,,,,,,,,,,,,", u1468 ,m99,,
49724, u1468 ," Just one arm!,,,,,,,,,,,,,,,,,,,,,,,,,,,,,,,", u1463 ,m99,,
49725, u1463 ," Can you move your arm?,,,,,,,,,,,,,,,,,,,,,,,,,,,,,,,", u1468 ,m99,,
49726, u1468 ," What?!,,,,,,,,,,,,,,,,,,,,,,,,,,,,,,,", u1463 ,m99,,
49727, u1463 ," Listen, Willie. Do exactly what I tell you now."",,,,,,,,,,,,,,,,,,,,,,,,,,,,,,,", u1468 ,m99,,
49728, u1468 ," It's curling around me! Damn it, stop talking and do something!"",,,,,,,,,,,,,,,,,,,,,,,,,,,,,,,", u1463 ,m99,,
49729, u1463 ," Don't let it curl around you!,,,,,,,,,,,,,,,,,,,,,,,,,,,,,,,", u1468 ,m99,,
49730, u1468 ," It's pulling me deeper!,,,,,,,,,,,,,,,,,,,,,,,,,,,,,,,", u1463 ,m99,,
49731, u1463 ," Don't let it pull you deeper!,,,,,,,,,,,,,,,,,,,,,,,,,,,,,,,", u1463 ,m99,,
49732, u1463 ," First of all -- don't panic!,,,,,,,,,,,,,,,,,,,,,,,,,,,,,,,", u1468 ,m99,,
49733, u1468 ," What?!,,,,,,,,,,,,,,,,,,,,,,,,,,,,,,,", u1463 ,m99,,
49734, u1463 ," Uh, listen -- Willie -- I got a better idea."",,,,,,,,,,,,,,,,,,,,,,,,,,,,,,,", u1468 ,m99,,
49735, u1468 ," Hurry, help me out of here! What're you waiting for?!"",,,,,,,,,,,,,,,,,,,,,,,,,,,,,,,", u1468 ,m99,,
49736, u1468 ," A SNAKE!!,,,,,,,,,,,,,,,,,,,,,,,,,,,,,,,", u1463 ,m99,,
49737, u1463 ," A what...?,,,,,,,,,,,,,,,,,,,,,,,,,,,,,,,", u1468 ,m99,,
49738, u1468 ," A snake!,,,,,,,,,,,,,,,,,,,,,,,,,,,,,,,", u1463 ,m99,,
49739, u1463 ," Don't worry, I'm coming in! What is it?"",,,,,,,,,,,,,,,,,,,,,,,,,,,,,,,", u1468 ,m99,,
49740, u1468 ," Indy! Help me!,,,,,,,,,,,,,,,,,,,,,,,,,,,,,,,", u1468 ,m99,,
49741, u1468 ," Somehow I feel safer in here.,,,,,,,,,,,,,,,,,,,,,,,,,,,,,,,", u1463 ,m99,,
49742, u1463 ," Me seduce you? Honey, you're the one who took your clothes off.  I just came over to remind you that you never know what else might be in the water."",,,,,,,,,,,,,,,,,,,,,,,,,,,,,,,", u1468 ,m99,,
49743, u1468 ," Stark naked? You wish... If you're trying to seduce me, Dr. Jones, this is a very primitive approach."",,,,,,,,,,,,,,,,,,,,,,,,,,,,,,,", u1463 ,m99,,
49744, u1463 ," Hey, Willie -- I think you better get out now."",,,,,,,,,,,,,,,,,,,,,,,,,,,,,,,", u1463 ,m99,,
49745, u1463 ," It was destined that I came here -- and the future cannot be changed...,,,,,,,,,,,,,,,,,,,,,,,,,,,,,,,", u1468 ,m99,,
49746, u1468 ," What'd he say now?,,,,,,,,,,,,,,,,,,,,,,,,,,,,,,,", u1468 ,m99,,
49747, u1468 ," Their children?,,,,,,,,,,,,,,,,,,,,,,,,,,,,,,,", u1463 ,m99,,
49748, u1463 ," And then they took their children.,,,,,,,,,,,,,,,,,,,,,,,,,,,,,,,", u1463 ,m99,,
49749, u1463 ," It's a sacred stone in a shine that's supposed to protect a village.,,,,,,,,,,,,,,,,,,,,,,,,,,,,,,,", u1468 ,m99,,
49750, u1468 ," Took what?,,,,,,,,,,,,,,,,,,,,,,,,,,,,,,,", u1463 ,m99,,
49751, u1463 ," That's more food than these people eat in a week.  They're starving, too..."",,,,,,,,,,,,,,,,,,,,,,,,,,,,,,,", u1468 ,m99,,
49752, u1468 ," God, I am starving, but I can't eat this..."",,,,,,,,,,,,,,,,,,,,,,,,,,,,,,,", u1463 ,m99,,
49753, u1463 ," He said that's whey they were at river -- they were waiting for the plane to fall down.,,,,,,,,,,,,,,,,,,,,,,,,,,,,,,,", u1468 ,m99,,
49754, u1468 ," Dream -- nightmare is more like it.,,,,,,,,,,,,,,,,,,,,,,,,,,,,,,,", u1463 ,m99,,
49755, u1463 ," The old man saw it in a dream.,,,,,,,,,,,,,,,,,,,,,,,,,,,,,,,", u1468 ,m99,,
49756, u1468 ," What do you mean -- how?,,,,,,,,,,,,,,,,,,,,,,,,,,,,,,,", u1463 ,m99,,
49757, u1463 ," He told me they knew I was coming here.,,,,,,,,,,,,,,,,,,,,,,,,,,,,,,,", u1468 ,m99,,
49758, u1468 ," What'd he say?,,,,,,,,,,,,,,,,,,,,,,,,,,,,,,,", u1468 ,m99,,
49759, u1468 ," Holy cow -- India? How do you know we're in --,,,,,,,,,,,,,,,,,,,,,,,,,,,,,,,", u1463 ,m99,,
49760, u1463 ," India...,,,,,,,,,,,,,,,,,,,,,,,,,,,,,,,", u1468 ,m99,,
49761, u1468 ," No... I'm not cut out for the kind of life you lead.  Oh no... I ripped my dress. Where are we anyway?,,,,,,,,,,,,,,,,,,,,,,,,,,,,,,,", u1463 ,m99,,
49762, u1463 ," You all right?,,,,,,,,,,,,,,,,,,,,,,,,,,,,,,,", u1463 ,m99,,
49763, u1463 ," Get over here, damn it! Short Round, come on, grab onto me tight!"",,,,,,,,,,,,,,,,,,,,,,,,,,,,,,,", u1468 ,m99,,
49764, u1468 ," Are you crazy, a lift raft?! We're not sinking, we're crashing!"",,,,,,,,,,,,,,,,,,,,,,,,,,,,,,,", u1463 ,m99,,
49765, u1463 ," Oh yeah?,,,,,,,,,,,,,,,,,,,,,,,,,,,,,,,", u1468 ,m99,,
49766, u1468 ," I'm freezing. What do you mean, tag along? From the minute you walked into that nightclub, you haven't been able to keep your eyes off me."",,,,,,,,,,,,,,,,,,,,,,,,,,,,,,,", u1463 ,m99,,
49767, u1463 ," Since I was nice enough to let you tag along, why don't you give your mouth a rest? Okay, doll?"",,,,,,,,,,,,,,,,,,,,,,,,,,,,,,,", u1468 ,m99,,
49768, u1468 ," So, what're you supposed to be, a lion tamer?"",,,,,,,,,,,,,,,,,,,,,,,,,,,,,,,", u1468 ,m99,,
49769, u1468 ," Siam? But I'm not dressed for Siam...,,,,,,,,,,,,,,,,,,,,,,,,,,,,,,,", u1463 ,m99,,
49770, u1463 ," Siam.,,,,,,,,,,,,,,,,,,,,,,,,,,,,,,,", u1468 ,m99,,
49771, u1468 ," I'll take the extra ticket.  Where's this plane going anyway?,,,,,,,,,,,,,,,,,,,,,,,,,,,,,,,", u1463 ,m99,,
49772, u1463 ," The airport... No, look out, Short Round! Left, left!"",,,,,,,,,,,,,,,,,,,,,,,,,,,,,,,", u1468 ,m99,,
49773, u1468 ," What're we going to do?! Where're we going?!,,,,,,,,,,,,,,,,,,,,,,,,,,,,,,,", u1463 ,m99,,
49774, u1463 ," Poison never agrees with me.  Pull a right, Short Round, and head for the Wang Poo bridge!"",,,,,,,,,,,,,,,,,,,,,,,,,,,,,,,", u1468 ,m99,,
49775, u1468 ," You don't look very good.,,,,,,,,,,,,,,,,,,,,,,,,,,,,,,,", u1463 ,m99,,
49776, u1463 ," Don't get your hopes up -- where's the antidote?,,,,,,,,,,,,,,,,,,,,,,,,,,,,,,,", u1468 ,m99,,
49777, u1468 ," Listen, we just met for crissake! I'm not that kind of girl!"",,,,,,,,,,,,,,,,,,,,,,,,,,,,,,,", u1463 ,m99,,
49778, u1463 ," Relax, I've been giving him lessons."",,,,,,,,,,,,,,,,,,,,,,,,,,,,,,,", u1468 ,m99,,
49779, u1468 ," For crying out loud, a kid's driving the car?!"",,,,,,,,,,,,,,,,,,,,,,,,,,,,,,,", u1468 ,m99,,
49780, u1468 ," Who cares? Where's that diamond!,,,,,,,,,,,,,,,,,,,,,,,,,,,,,,,", u1463 ,m99,,
49781, u1463 ," Look out, damn it, I need that antidote!"",,,,,,,,,,,,,,,,,,,,,,,,,,,,,,,", u1463 ,m99,,
49782, u1463 ," No, Wu Han's an old friend I brought along.  So, the game's not over. Put the antidote on the table, Lao."",,,,,,,,,,,,,,,,,,,,,,,,,,,,,,,", u1468 ,m99,,
49783, u1468 ," Hey, he's not a waiter..."",,,,,,,,,,,,,,,,,,,,,,,,,,,,,,,", u1463 ,m99,,
49784, u1463 ," I like the service here.,,,,,,,,,,,,,,,,,,,,,,,,,,,,,,,", u1467 ,m99,,
49785, u1467 ," Willie, come on!"",,,,,,,,,,,,,,,,,,,,,,,,,,,,,,,", u1468 ,m99,,
49786, u1468 ," I don't appreciate being cooked like a french fry!,,,,,,,,,,,,,,,,,,,,,,,,,,,,,,,", u1468 ,m99,,
49787, u1468 ," I'm going to puke in it...,,,,,,,,,,,,,,,,,,,,,,,,,,,,,,,", u1467 ,m99,,
49788, u1467 ," What for?,,,,,,,,,,,,,,,,,,,,,,,,,,,,,,,", u1468 ,m99,,
49789, u1468 ," Give me your hat...,,,,,,,,,,,,,,,,,,,,,,,,,,,,,,,", u1467 ,m99,,
49790, u1467 ," They got no food to feed them. So they taking the elephants away to sell them.,,,,,,,,,,,,,,,,,,,,,,,,,,,,,,,", u1468 ,m99,,
49791, u1468 ," Figures...,,,,,,,,,,,,,,,,,,,,,,,,,,,,,,,", u1467 ,m99,,
49792, u1467 ," They don't cry about you. They cry about the elephants leaving.,,,,,,,,,,,,,,,,,,,,,,,,,,,,,,,", u1468 ,m99,,
49793, u1468 ," This is the first time anybody ever cried when I left.,,,,,,,,,,,,,,,,,,,,,,,,,,,,,,,", u1468 ,m99,,
49794, u1468 ," You got it!,,,,,,,,,,,,,,,,,,,,,,,,,,,,,,,", u1467 ,m99,,
49795, u1467 ," I get it!,,,,,,,,,,,,,,,,,,,,,,,,,,,,,,,", u1468 ,m99,,
